Serial Number,Tender ID,Title,E-Published Date,Organisation,Closing Date,Link
1,2025_MES_731474_1,[CERTAIN MISC WORKS PERTAINING TO   POP UNDER AGE B/R-II AT IMA DEHRADUN.   ],18-Sep-2025 02:30 PM,E-IN-C BRANCH - MILITARY ENGINEER SERVICES||CE CC AND CE BAREILLY ZONE - MES||CWE DEHRADUN - MES||GE PREMNAGAR - MES,09-Oct-2025 06:00 PM,https://defproc.gov.in/nicgep/app?component=%24DirectLink&page=FrontEndLatestActiveCorrigendums&service=direct&session=T&sp=SD2U8BTJ0UcmNLR8WRwRY2Q%3D%3D
2,2025_MES_707196_2,"[PROVN OF BLAST PENS, TAXI TRACK AND ALLIED INFRASTRUCTURE AT TANDA]",14-Aug-2025 06:00 PM,E-IN-C BRANCH - MILITARY ENGINEER SERVICES||CE NC AND CE UDHAMPUR ZONE - MES,06-Oct-2025 06:00 PM,https://defproc.gov.in/nicgep/app?component=%24DirectLink&page=FrontEndLatestActiveCorrigendums&service=direct&session=T&sp=Sw66tLsESik5UAp7en5OXaA%3D%3D
3,2025_MES_729098_1,"[REPAIR/MAINT OF LT UG CABLE, LT PANEL/FPB, JUNCTION BOXES AND OTHER ALLIED WORKS AT LEBONG UNDER AGE(I) DARJEELING ]",03-Sep-2025 12:00 PM,E-IN-C BRANCH - MILITARY ENGINEER SERVICES||CE EC AND CE SILIGURI ZONE - MES||HQ 136 WORKS ENGINEERS - MES,03-Oct-2025 06:00 PM,https://defproc.gov.in/nicgep/app?component=%24DirectLink&page=FrontEndLatestActiveCorrigendums&service=direct&session=T&sp=S7vVxfVkWPZ%2B3BDfNj2AHoA%3D%3D
4,2025_MES_702842_2,[PERIODICAL SERVICES AND OTHER CERTAIN ITEMS IN KANJOLI LINES AND 39 FAD DEPOT AREA UNDER GE BHARATPUR],09-Sep-2025 06:00 PM,E-IN-C BRANCH - MILITARY ENGINEER SERVICES||CE SWC AND CE JAIPUR JAIPUR - MES||CWE Mathura - MES,30-Sep-2025 06:00 PM,https://defproc.gov.in/nicgep/app?component=%24DirectLink&page=FrontEndLatestActiveCorrigendums&service=direct&session=T&sp=SMDCbRqiT6Xi5UxMzOjA1Ig%3D%3D
5,2025_MES_720887_2,[TERM CONTRACT FOR ARTIFICERS WORKS AT ZONE I  AND II AT UMROI MIL STN UNDER GE UMROI],22-Sep-2025 05:45 PM,E-IN-C BRANCH - MILITARY ENGINEER SERVICES||CE EC AND CE SHILLONG ZONE - MES||CWE Shillong - MES||GE (P) SHILLONG  - MES,06-Oct-2025 06:00 PM,https://etender.up.nic.in/nicgep/app?component=%24DirectLink_0&page=FrontEndAdvancedSearchResult&service=direct&session=T&sp=S0kI%2Bv8NsmcasrUrccQmsaw%3D%3D
6,2025_MES_729114_1,[REPAIRS TO CERTAIN BR WORKS IN TYPE B AND C QUARTERS IN DOMESTIC AREA AT RCI HYDERABAD UNDER GEI RND RCI AT HYDERABAD],03-Sep-2025 05:00 PM,E-IN-C BRANCH - MILITARY ENGINEER SERVICES||ADG (OF and DRDO) AND CE (R and D) SECUNDERABAD - MES||GE (I) RND RCI HYDERABAD - MES,01-Oct-2025 06:00 PM,https://defproc.gov.in/nicgep/app?component=%24DirectLink&page=FrontEndLatestActiveCorrigendums&service=direct&session=T&sp=Swa0LB0e7%2FK0OmhVT2i2Y4g%3D%3D
7,2025_MES_731194_1,[SPECIAL REPAIR OF TOILETS BATHROOMS KITCHEN AT BLDG NO P 244 OR MD ACCN AT MIL STN GANDHINAGAR],16-Sep-2025 03:00 PM,E-IN-C BRANCH - MILITARY ENGINEER SERVICES||CESC AND CE JODHPUR ZONE - MES||CWE AHMEDABAD - MES||GE GANDHINAGAR - MES,06-Oct-2025 06:00 PM,https://defproc.gov.in/nicgep/app?component=%24DirectLink&page=FrontEndLatestActiveCorrigendums&service=direct&session=T&sp=SQy%2BlWe47tABD3XxI7WdGQg%3D%3D
8,2025_MES_729624_1,"[MAINT AND REPAIRS TO WINTER APPLICANCES SOLAR WATER HEATER, GEYSERS AND CONNECTED WORKS UNDER AGE E/M-I OF GE (NORTH) MEERUT CANTT]",06-Sep-2025 06:00 PM,E-IN-C BRANCH - MILITARY ENGINEER SERVICES||CE CC AND CE BAREILLY ZONE - MES||CWE MEERUT - MES||GE (N) MEERUT - MES,04-Oct-2025 06:00 PM,https://defproc.gov.in/nicgep/app?component=%24DirectLink&page=FrontEndLatestActiveCorrigendums&service=direct&session=T&sp=Sty%2Be%2FQWEa7vzoppspOlyNg%3D%3D
9,2025_MES_726367_1,[8852/E8],30-Aug-2025 06:00 PM,E-IN-C BRANCH - MILITARY ENGINEER SERVICES||CE EC AND CE KOLKATA ZONE - MES||CWE KOLKATA - MES||GE(CENTRAL) KOLKATA - MES,29-Sep-2025 06:00 PM,https://defproc.gov.in/nicgep/app?component=%24DirectLink&page=FrontEndLatestActiveCorrigendums&service=direct&session=T&sp=SxgeJlbMXomW9t7bcXtWYUA%3D%3D
10,2025_MES_729063_1,"[REPAIR/ REPLACEMENT AND CLEANING OF SEWAGE LINE, SEPTIC TANKS, PITS AND COVER SLAB/ MANHOLES COVERS IN MIRTHAL COMPLEX UNDER GE SOUTH PATHANKOT]",03-Sep-2025 02:30 PM,E-IN-C BRANCH - MILITARY ENGINEER SERVICES||CE WC AND CE PATHANKOT ZONE - MES||CWE PATHANKOT - MES||GE (SOUTH) PATHANKOT - MES,30-Sep-2025 06:00 PM,https://defproc.gov.in/nicgep/app?component=%24DirectLink&page=FrontEndLatestActiveCorrigendums&service=direct&session=T&sp=SynkY1tB6S042CCq6cEPS8g%3D%3D
11,2025_MES_728690_1,[SPECIAL REPAIR TO BLDG NO P-58 UNDER AGE B/R-I OF GE DEHRADUN],01-Sep-2025 11:30 AM,E-IN-C BRANCH - MILITARY ENGINEER SERVICES||CE CC AND CE BAREILLY ZONE - MES||CWE DEHRADUN - MES,29-Sep-2025 06:00 PM,https://defproc.gov.in/nicgep/app?component=%24DirectLink&page=FrontEndLatestActiveCorrigendums&service=direct&session=T&sp=SRUwAZzOeHsWxshhtEpjD0A%3D%3D
12,2025_MES_725954_1,[SPECIAL REPAIRS TO BLDG NO P-86 AT  DEPOT BN MEG AND C AND P-96 AT MT SQUARE UNDER GE (NORTH) BENGALURU],13-Aug-2025 01:00 PM,E-IN-C BRANCH - MILITARY ENGINEER SERVICES||CE SC AND CE CHENNAI ZONE  - MES||CWE (ARMY) BANGALORE - MES,09-Oct-2025 06:00 PM,https://defproc.gov.in/nicgep/app?component=%24DirectLink&page=FrontEndLatestActiveCorrigendums&service=direct&session=T&sp=Sg7Wg9Oyh3oztroN%2FK3oSqg%3D%3D
13,2025_MES_706366_1,[SPECIAL REPAIRS TO SQUASH COURT BUILDING NO P-10 AT NOM VARUNA UNDER GE NEW DELHI   ],02-May-2025 04:55 PM,E-IN-C BRANCH - MILITARY ENGINEER SERVICES||CE WC and CE DELHI ZONE-MES||CWE NEW DELHI-MES,08-Oct-2025 06:00 PM,https://defproc.gov.in/nicgep/app?component=%24DirectLink&page=FrontEndLatestActiveCorrigendums&service=direct&session=T&sp=SuB1d16jPUro41PoMvjcpew%3D%3D
14,2025_MES_728153_1,[ADDITION ALTERATION AND REPLACEMENT OF AC PLANT AT DINJAN UNDER GE DINJAN ],28-Aug-2025 02:00 PM,E-IN-C BRANCH - MILITARY ENGINEER SERVICES||CE EC AND CE SHILLONG ZONE - MES,18-Oct-2025 06:00 PM,https://defproc.gov.in/nicgep/app?component=%24DirectLink&page=FrontEndLatestActiveCorrigendums&service=direct&session=T&sp=SoOIrJaGKU7kY1W6SR6pjaw%3D%3D
15,2025_MES_731300_1,"[REPAIR / MAINT OF ROAD LIGHTS, HIGHT MASTS, POLES, CABLES AND OTHER ITEMS IN EASTERN AREA UNDER  GE HISAR AT HISAR MIL STN]",18-Sep-2025 06:00 PM,E-IN-C BRANCH - MILITARY ENGINEER SERVICES||CE SWC AND CE JAIPUR JAIPUR - MES||CWE HISAR - MES||GE HISAR - MES,11-Oct-2025 06:00 PM,https://defproc.gov.in/nicgep/app?component=%24DirectLink&page=FrontEndLatestActiveCorrigendums&service=direct&session=T&sp=S8QYrWRcBtbpX98outuFNrA%3D%3D
16,2025_MES_729150_1,[Special repair to bldg No. T-205A at Dholewal and Provn of certain sanctioned works at CG Complex under GE Ludhiana],04-Sep-2025 05:00 PM,E-IN-C BRANCH - MILITARY ENGINEER SERVICES||CE WC AND CE JALANDHAR ZONE - MES||CWE FEROZEPUR - MES||GE LUDHIANA - MES,02-Oct-2025 06:00 PM,https://defproc.gov.in/nicgep/app?component=%24DirectLink&page=FrontEndLatestActiveCorrigendums&service=direct&session=T&sp=SZztaHqYsDlDqdNE7e0wg%2Bg%3D%3D
17,2025_MES_730282_1,"[CERTAIN B/R AND E/M REPAIR IN VARIOUS UNITS AT GULPUR, SEKHLU  AND NATU IN THE AOR OF AGE B/R-II UNDER GE 881 EWS]",10-Sep-2025 06:10 PM,E-IN-C BRANCH - MILITARY ENGINEER SERVICES||CE NC AND CE UDHAMPUR ZONE - MES||CWE RAJOURI - MES||GE 881 EWS - MES,04-Oct-2025 06:00 PM,https://defproc.gov.in/nicgep/app?component=%24DirectLink&page=FrontEndLatestActiveCorrigendums&service=direct&session=T&sp=SdqSrU8OkIajluP06hCTvFA%3D%3D
18,2025_MES_727518_1,[REPAIR/MAINTENANCE/RESURFACING  OF EXISTING ROAD OF BOTH RESTRICTED AREA AND  UNRESTRICTED AREA OF COD AND 506 ABW UNDER AGE BR-II OF GE (EAST) JABALPUR ],27-Aug-2025 01:00 PM,E-IN-C BRANCH - MILITARY ENGINEER SERVICES||CE CC AND CE JABALPUR ZONE - MES||CWE JABALPUR - MES,02-Oct-2025 06:00 PM,https://defproc.gov.in/nicgep/app?component=%24DirectLink&page=FrontEndLatestActiveCorrigendums&service=direct&session=T&sp=SDetboNLBhXmctuiYr2OFGA%3D%3D
19,2025_MES_733040_1,"[COMPREHENSIVE MAINT CONTRACT BR REPAIR FOR OTMS, OFFICE COMPLEX, STORES AND OTHER BLDGS AT DAPPAR UNDER AGE(I) DAPPAR]",27-Sep-2025 03:00 PM,E-IN-C BRANCH - MILITARY ENGINEER SERVICES||CE WC AND CE CHANDIGARH ZONE - MES||CWE PATIALA - MES||GE (P) DAPPAR - MES,20-Oct-2025 06:00 PM,https://etender.up.nic.in/nicgep/app?component=%24DirectLink_0&page=FrontEndAdvancedSearchResult&service=direct&session=T&sp=SadfBtWscIGKNlcKjANUnRQ%3D%3D
20,2025_MES_733022_1,[RUNWAY REHABILITATION SCHEME AF STN DARBHANGA UNDER GE AF BIHTA],27-Sep-2025 03:00 PM,E-IN-C BRANCH - MILITARY ENGINEER SERVICES||CE CC AND CE (AF) ALLAHABAD - MES||CWE (AF) BAMRAULI ALLAHABAD - MES||GE (AF) BIHTA,17-Oct-2025 06:00 PM,https://etender.up.nic.in/nicgep/app?component=%24DirectLink_0&page=FrontEndAdvancedSearchResult&service=direct&session=T&sp=SbArn1OHUs%2BZKFHCQtcyzKg%3D%3D
21,2025_MES_729044_1,"[REPAIR/REPLACEMENT OF WOODEN JOINERY, ALUMINIUM JOINERY AND MISC REPAIR IN ZONE-II AT UMROI AND REPAIR TO CHAJJA, FACIA, EXTERNAL PLASTER, ROOF TREATMENT AND CERTAIN B/R REPAIRS IN ZONE I AND II AT UMROI MIL STN UNDER GE UMROI]",02-Sep-2025 06:30 PM,E-IN-C BRANCH - MILITARY ENGINEER SERVICES||CE EC AND CE SHILLONG ZONE - MES||CWE Shillong - MES||GE (P) SHILLONG  - MES,30-Sep-2025 06:00 PM,https://defproc.gov.in/nicgep/app?component=%24DirectLink&page=FrontEndLatestActiveCorrigendums&service=direct&session=T&sp=SBWjnH%2F0sagw0ntfrB8z4Mw%3D%3D
22,2025_MES_730127_1,[CONSTN OF STORAGE FOR AC TYRES AND RUBBERISED ITEMS AT AF STN AGRA],11-Sep-2025 02:25 PM,E-IN-C BRANCH - MILITARY ENGINEER SERVICES||CE CC AND CE (AF) ALLAHABAD - MES,10-Oct-2025 06:00 PM,https://etender.up.nic.in/nicgep/app?component=%24DirectLink_0&page=FrontEndAdvancedSearchResult&service=direct&session=T&sp=STl0PCLKoJLEIztrL5Z1TfQ%3D%3D
23,2025_MES_730572_1,"[REPAIR/REPLACEMENT AND POLISHING TO WOODEN AND STEEL FURNITURE, RECANNING OF CHAIRS, CONVERSION OF NEWAR INTO HARD TOP AND OTHER MISC WORKS AT AF STN MCC BASANT NAGAR, AT AF STN CHANDINAGAR AND AT AF STN NARAINA, NARAINA HILL TOP (AFND)  ]",12-Sep-2025 06:00 PM,E-IN-C BRANCH - MILITARY ENGINEER SERVICES||CE WC and CE(AF) WAC PALAM-MES||CWE (AF) GURGAON - MES||GE (AF) FARIDABAD - MES,03-Oct-2025 06:00 PM,https://defproc.gov.in/nicgep/app?component=%24DirectLink&page=FrontEndLatestActiveCorrigendums&service=direct&session=T&sp=SL1ofsM8YeNWQ%2FJDyHV46Xg%3D%3D
24,2025_MES_728488_1,[SPL REPAIRS TO ROADS AT VARIOUS LOCATIONS OF SOLMARA CANTT UNDER GE(N) TEZPUR],29-Aug-2025 06:20 PM,E-IN-C BRANCH - MILITARY ENGINEER SERVICES||CE EC AND CE SILIGURI ZONE - MES||CWE TEZPUR - MES,03-Oct-2025 06:00 PM,https://defproc.gov.in/nicgep/app?component=%24DirectLink&page=FrontEndLatestActiveCorrigendums&service=direct&session=T&sp=SxC0vmrSZwRV%2BtIa5e1Eklw%3D%3D
25,2025_MES_729460_1,"[REPAIR/REPLACEMENT AND MAINT OF LT UG CABLE, FPB, MCCBs AND ALLIED WORKS OF AF STN KURSEONG UNDER GE (AF) BAGDOGRA.]",04-Sep-2025 06:00 PM,E-IN-C BRANCH - MILITARY ENGINEER SERVICES||CE EC AND CE (AF) SHILLONG - MES||CWE (AF) BAGDOGRA - (AF) Shillong Zone- MES,03-Oct-2025 06:00 PM,https://defproc.gov.in/nicgep/app?component=%24DirectLink&page=FrontEndLatestActiveCorrigendums&service=direct&session=T&sp=S7XuTwQ%2FEsE6yWR7GAhqwIQ%3D%3D
26,2025_MES_731048_1,[PROVN OF RETAINING WALLS AND DRAINS AT SFTS BAKLOH ],16-Sep-2025 09:00 AM,E-IN-C BRANCH - MILITARY ENGINEER SERVICES||CE WC AND CE PATHANKOT ZONE - MES||CWE YOL - MES||GE DALHOUSIE - MES,07-Oct-2025 06:00 PM,https://defproc.gov.in/nicgep/app?component=%24DirectLink&page=FrontEndLatestActiveCorrigendums&service=direct&session=T&sp=SckkEWUh032ViqtO7PfsIXA%3D%3D
27,2025_MES_728847_1,[CA NO. CWE/HILLS/EWS/85 OF 2025-2026 PROVN OF PAVEMENT QUALITY CONCRETE ROAD FROM ROAD HEAD TO SUMNA POST UNDER GE 871 EWS],02-Sep-2025 09:00 AM,E-IN-C BRANCH - MILITARY ENGINEER SERVICES||CE CC AND CE BAREILLY ZONE - MES||CWE HILLS PITHORAGARH - MES,02-Oct-2025 06:00 PM,https://defproc.gov.in/nicgep/app?component=%24DirectLink&page=FrontEndLatestActiveCorrigendums&service=direct&session=T&sp=S3dvH%2BdZtMxPNztOhA9wlcw%3D%3D
28,2025_MES_728809_1,[REPAIR REPLACEMENT OF EXTERNAL WATER SUPPLY MAINTENANCE CLEANING BLOCKAGES AND CONNECTED WORK AT MD ACCN INCLUDING MISC WORK AT BAIRAGARH UNDER GE BHOPAL],01-Sep-2025 06:55 PM,E-IN-C BRANCH - MILITARY ENGINEER SERVICES||CESC AND CE BHOPAL ZONE  - MES||CWE BHOPAL - MES||GE BHOPAL - MES,02-Oct-2025 06:00 PM,https://defproc.gov.in/nicgep/app?component=%24DirectLink&page=FrontEndLatestActiveCorrigendums&service=direct&session=T&sp=SKreu2D61jzhaQ%2FSGytK1JQ%3D%3D
29,2025_MES_730486_1,[ADDN/ALTN/IMPROVEMENT TO FIRE SECTION AND ACRT BUILDING AT AIR FORCE STATION ARJANGARH UNDER GE (AF) GURGAON],12-Sep-2025 06:00 PM,E-IN-C BRANCH - MILITARY ENGINEER SERVICES||CE WC and CE(AF) WAC PALAM-MES||CWE (AF) GURGAON - MES||GE (AF) GURGAON - MES,03-Oct-2025 06:00 PM,https://etender.up.nic.in/nicgep/app?component=%24DirectLink_0&page=FrontEndAdvancedSearchResult&service=direct&session=T&sp=SSBCV7R%2BCpcYmPQ%2Be%2BYBVWA%3D%3D
30,2025_MES_731095_1,[PROVISION OF 3 NOs OF MT SHEDS AT MEDIUM REGIMENT AT NURLA MILITARY STATION UNDER AGE (I) NIMU],16-Sep-2025 12:00 PM,E-IN-C BRANCH - MILITARY ENGINEER SERVICES||CE NC AND CE LEH ZONE - MES||CWE KUMBATHANG - MES,04-Oct-2025 06:00 PM,https://defproc.gov.in/nicgep/app?component=%24DirectLink&page=FrontEndLatestActiveCorrigendums&service=direct&session=T&sp=S2aXdHvJMqi8xAPRDvEmOeQ%3D%3D
31,2025_MES_730991_1,[REPAIR TO TEMP ROOF SHEETS FALSE CEILING FLOORING AND ALLIED WKS UNDER GE HISAR AT HISAR MIL STN],15-Sep-2025 06:00 PM,E-IN-C BRANCH - MILITARY ENGINEER SERVICES||CE SWC AND CE JAIPUR JAIPUR - MES||CWE HISAR - MES,13-Oct-2025 06:00 PM,https://etender.up.nic.in/nicgep/app?component=%24DirectLink_0&page=FrontEndAdvancedSearchResult&service=direct&session=T&sp=StkCzYDgOa76PGDm7ttO5EQ%3D%3D
32,2025_IAF_731665_1,[PROCUREMENT OF SPARES FOR SU-30MKI AIRCRAFT],19-Sep-2025 05:00 PM,Indian Air Force,04-Dec-2025 03:00 PM,https://etender.up.nic.in/nicgep/app?component=%24DirectLink_0&page=FrontEndAdvancedSearchResult&service=direct&session=T&sp=SqSbM6edkkrqXSGKalAG9iw%3D%3D
33,2025_MES_728849_1,"[REPAIR / MAINT OF WATER SUPPLY DISTRIBUTION NETWORK ZONE-IVA , IVB AND ZONE-VI  AND FEEDER PILLAR BOX, PANELS AND ITS ALLIED SERVICES AT LEKHAPANI UNDER GE DINJAN NO 2   ]",02-Sep-2025 01:00 PM,E-IN-C BRANCH - MILITARY ENGINEER SERVICES||CE EC AND CE SHILLONG ZONE - MES||CWE Dinjan - MES||AGE (I) Lekhapani - MES,30-Sep-2025 06:00 PM,https://defproc.gov.in/nicgep/app?component=%24DirectLink&page=FrontEndLatestActiveCorrigendums&service=direct&session=T&sp=S9rFthde4fZZwtA%2FzWBf%2FWw%3D%3D
34,2025_ARMY_731516_1,[ SUPPLY AND CONSTRUCTION OF  AERIAL CABLE WAY],18-Sep-2025 05:50 PM,IHQ of MoD (Army)-(OSCC)||Eastern Comd-IHQ of MoD (Army)-(OSCC)||CORPS 4-IHQ of MoD (Army)-(OSCC)||ENGR UNIT 2-IHQ of MoD (Army),01-Oct-2025 06:00 PM,https://defproc.gov.in/nicgep/app?component=%24DirectLink&page=FrontEndLatestActiveCorrigendums&service=direct&session=T&sp=SYuNHtLolatbYekzqQw8Kcw%3D%3D
35,2025_MES_731552_1,[PROVN OF SHED AND ALLIED WORKS IN FURNITURE YARD IN SECTOR 47 AT CHANDIGARH UNDER GE (AF) CHANDIGRAH.],18-Sep-2025 06:00 PM,E-IN-C BRANCH - MILITARY ENGINEER SERVICES||CE WC and CE(AF) WAC PALAM-MES||CWE (AF) Chandigarh-MES||GE (AF) Chandigarh-MES,10-Oct-2025 06:00 PM,https://etender.up.nic.in/nicgep/app?component=%24DirectLink_0&page=FrontEndAdvancedSearchResult&service=direct&session=T&sp=SQtC%2F6xN0uZZXIb7WJQ7MQQ%3D%3D
36,2025_DGDE_728805_1,[LCB/11/Synthetic Turf Walking Track/2025],03-Sep-2025 12:00 PM,Directorate General Defence Estates||Principal Directorate Defence Estates- Central Command Lucknow||Cantonment Board Lucknow- CC Lucknow,30-Sep-2025 06:00 PM,https://defproc.gov.in/nicgep/app?component=%24DirectLink&page=FrontEndLatestActiveCorrigendums&service=direct&session=T&sp=SBBH1rjfrvTkncZrXfpS3eA%3D%3D
37,2025_MES_729408_1,"[REPAIR/MAINTENANCE OF INTERNAL ELECTRIFICATION AND  ELECTRIC GEYSER, SOLAR WATER HEATERS AND CONNECTED WORKS UNDER GE (EAST), MATHURA]",06-Sep-2025 04:00 PM,E-IN-C BRANCH - MILITARY ENGINEER SERVICES||CE SWC AND CE JAIPUR JAIPUR - MES||CWE Mathura - MES||GE (E) Mathura - MES,03-Oct-2025 06:00 PM,https://defproc.gov.in/nicgep/app?component=%24DirectLink&page=FrontEndLatestActiveCorrigendums&service=direct&session=T&sp=SSNP03VntRvBTtc4YaMG%2F9g%3D%3D
38,2025_MES_729353_1,[Provision of MT Shed with hard standing at Adhoc Stn HQ Wuzur under GE 861 EWS],04-Sep-2025 06:30 PM,E-IN-C BRANCH - MILITARY ENGINEER SERVICES||CE NC AND CE 31 ZONE - MES||134 WORKS ENGINEER - MES,09-Oct-2025 06:00 PM,https://defproc.gov.in/nicgep/app?component=%24DirectLink&page=FrontEndLatestActiveCorrigendums&service=direct&session=T&sp=SPGMdYKDqlFUL7LYuXPbMIg%3D%3D
39,2025_MES_709955_2,[PROVN OF MD ACCN (PHASE-II OF TWO PHASES) AT MISSAMARI UNDER GE MISSAMARI],23-Aug-2025 01:30 PM,E-IN-C BRANCH - MILITARY ENGINEER SERVICES||CE EC AND CE SILIGURI ZONE - MES,25-Oct-2025 06:00 PM,https://defproc.gov.in/nicgep/app?component=%24DirectLink&page=FrontEndLatestActiveCorrigendums&service=direct&session=T&sp=SytmuTBhkzqCnFSwTi0WpAQ%3D%3D
40,2025_MES_733106_1,[REPAIRS TO JOINERY AT CERTAIN OTM ACCN AT SOUTH OF RAILWAY LINE UNDER GE MISSAMARI],29-Sep-2025 09:00 AM,E-IN-C BRANCH - MILITARY ENGINEER SERVICES||CE EC AND CE SILIGURI ZONE - MES||CWE TENGA - MES||GE MISSAMARI - MES,20-Oct-2025 06:00 PM,https://etender.up.nic.in/nicgep/app?component=%24DirectLink_0&page=FrontEndAdvancedSearchResult&service=direct&session=T&sp=SW%2Bct9JAr1GtNNIrN9TFWew%3D%3D
41,2025_DRDO_728435_1,[In- Orbit Robotics for Space Applications],29-Aug-2025 05:15 PM,Department of Defence Research and Development||Defence Research and Development Organisation||DFMM||Office of DG R and D (R and M)||DMS,06-Oct-2025 10:00 AM,https://defproc.gov.in/nicgep/app?component=%24DirectLink&page=FrontEndLatestActiveCorrigendums&service=direct&session=T&sp=SlIpqeB%2BSafFqYCalnjntTw%3D%3D
42,2025_MES_730567_1,"[PROVISION OF MULTIPURPOSE SPORTS COMPLEX, HOUSING GYM (CLASS-III), BASKET BALL COURT AND BADMINTON COURT AT LEBONG MIL STATION UNDER AGE(I) DARJEELING]",12-Sep-2025 03:20 PM,E-IN-C BRANCH - MILITARY ENGINEER SERVICES||CE EC AND CE SILIGURI ZONE - MES,28-Oct-2025 06:00 PM,https://defproc.gov.in/nicgep/app?component=%24DirectLink&page=FrontEndLatestActiveCorrigendums&service=direct&session=T&sp=SB%2B0C7KRIg4%2FfyY6E61XpTA%3D%3D
43,2025_MES_728464_1,[Provision of 1 x 58.5 KVA Generator Set with automatic panel under revenue works at drang under GE 861 EWS],29-Aug-2025 06:00 PM,E-IN-C BRANCH - MILITARY ENGINEER SERVICES||CE NC AND CE 31 ZONE - MES||134 WORKS ENGINEER - MES,04-Oct-2025 06:00 PM,https://defproc.gov.in/nicgep/app?component=%24DirectLink&page=FrontEndLatestActiveCorrigendums&service=direct&session=T&sp=SROci5Qb5nCBuT1WEGQ%2FYnA%3D%3D
44,2025_MES_729806_1,[SPL REPAIR TO OTM BLDG NO T 03 OF FIRST FD REGT AND CERTAIN OTHER SANCTIONED WORK AT FARIDKOT MIL STN],08-Sep-2025 06:00 PM,E-IN-C BRANCH - MILITARY ENGINEER SERVICES||CE SWC AND CE BATHINDA ZONE - MES||CWE GANGANAGAR - MES||GE Faridkot - MES,04-Oct-2025 06:00 PM,https://defproc.gov.in/nicgep/app?component=%24DirectLink&page=FrontEndLatestActiveCorrigendums&service=direct&session=T&sp=SYgi7jO0ZK51NTY4r4HfC0g%3D%3D
45,2025_MES_729981_1,[PROVISION OF 02X DIESEL DRIVEN PUMP WITH TROLLY AND 01X SUBMERSIBLE MUD PUMP FOR ANTI FLOOD AT SECTOR A AND PROVN OF RWHP AT FIVE LOCATIONS AT VADODARA UNDER GE (A) VADODARA. ],09-Sep-2025 03:00 PM,E-IN-C BRANCH - MILITARY ENGINEER SERVICES||CESC AND CE JODHPUR ZONE - MES||CWE AHMEDABAD - MES||GE (ARMY ) BARODA - MES,29-Sep-2025 06:00 PM,https://defproc.gov.in/nicgep/app?component=%24DirectLink&page=FrontEndLatestActiveCorrigendums&service=direct&session=T&sp=St6WGR%2FWcvWvHVeKwv5enZg%3D%3D
46,2025_IAF_718474_1,[PROCUREMENT OF SPARES FOR MIG-29 UPG AIRCRAFT],04-Jul-2025 05:00 PM,Indian Air Force||AOM NEW DELHI - IAF||ACAS (Procurement) - IAF||D Procurement - IAF,17-Oct-2025 03:00 PM,https://defproc.gov.in/nicgep/app?component=%24DirectLink&page=FrontEndLatestActiveCorrigendums&service=direct&session=T&sp=Se5gn51e%2BneEMr6kXiigCJQ%3D%3D
47,2025_MES_728680_1,"[REPAIR AND PERIODICAL MAINTENANCE OF MAIN SUPPLY/DISTRIBUTION SYSTEM OF HT LINE, TRANSFORMER AND ALLIED WORKS OF EXTERNAL ELECRIFICATION NASIRABAD AND AJMER MIL STATION UNDER GE NAISRABAD]",01-Sep-2025 10:20 AM,E-IN-C BRANCH - MILITARY ENGINEER SERVICES||CESC AND CE BHOPAL ZONE  - MES||CWE BHOPAL - MES,02-Oct-2025 06:00 PM,https://defproc.gov.in/nicgep/app?component=%24DirectLink&page=FrontEndLatestActiveCorrigendums&service=direct&session=T&sp=Slkt2del2s3C3AZNb79aODQ%3D%3D
48,2025_MES_733057_1,[PERIODICAL SERVICES AND CERTAIN REPAIR AT ITARANA PALACE (MAHAL) AREA OF AGE BR-II UNDER GE ALWAR AT MIL STN ITARANA],27-Sep-2025 03:00 PM,E-IN-C BRANCH - MILITARY ENGINEER SERVICES||CE SWC AND CE JAIPUR JAIPUR - MES||CWE HISAR - MES||GE ALWAR - MES,13-Oct-2025 06:00 PM,https://etender.up.nic.in/nicgep/app?component=%24DirectLink_0&page=FrontEndAdvancedSearchResult&service=direct&session=T&sp=SSDzlSgvPFTpwSCRrueY60w%3D%3D
49,2025_MES_731149_1,[SPECIAL REPAIR TO BLDG NO T-11F AND T-11H AT AEC TRG COLLEGE AND CENTRE PACHMARHI],16-Sep-2025 01:10 PM,E-IN-C BRANCH - MILITARY ENGINEER SERVICES||CE CC AND CE JABALPUR ZONE - MES||CWE JABALPUR - MES||AGE (I) PACHMARHI - MES,07-Oct-2025 06:00 PM,https://etender.up.nic.in/nicgep/app?component=%24DirectLink_0&page=FrontEndAdvancedSearchResult&service=direct&session=T&sp=Sf9iNHtUVK3znF9bAYulW6A%3D%3D
50,2025_MES_730035_1,[REPAIRS/REPLACEMENT OF INTERNAL REWIRING OF BUILDINGS AND ALL ACCESSORIES PERTAINING TO  AREA-II UNDER GE SAUGOR],09-Sep-2025 06:00 PM,E-IN-C BRANCH - MILITARY ENGINEER SERVICES||CESC AND CE BHOPAL ZONE  - MES||CWE BHOPAL - MES||GE SAUGOR - MES,01-Oct-2025 06:00 PM,https://defproc.gov.in/nicgep/app?component=%24DirectLink&page=FrontEndLatestActiveCorrigendums&service=direct&session=T&sp=SYZ1wCiSHOIBVub6bDgtYTQ%3D%3D
51,2025_MES_731757_1,[REPAIR/REPLACEMENT OF LED STREET LIGHT AND LT DISTRIBUTION NET WORK AT MIRAN SAHIB MIL STN UNDER GE JAMMU   ],19-Sep-2025 06:00 PM,E-IN-C BRANCH - MILITARY ENGINEER SERVICES||CE WC AND CE PATHANKOT ZONE - MES||CWE JAMMU - MES||GE JAMMU - MES,10-Oct-2025 06:00 PM,https://defproc.gov.in/nicgep/app?component=%24DirectLink&page=FrontEndLatestActiveCorrigendums&service=direct&session=T&sp=SnYdB1SPrLpgfVLJxBNV9rA%3D%3D
52,2025_MES_731431_1,[REPAIR AND MAINTENANCE INCLUDING SERVICING OF VARIOUS LAUNDRY EQUIPMENTS AND BOILERS AND REPAIR OF STEAM DISTRIBUTION SYSTEM AT MH KHADKI UNDER GE MH AND RH KHADKI],18-Sep-2025 06:00 PM,E-IN-C BRANCH - MILITARY ENGINEER SERVICES||CE SC AND CE PUNE ZONE - MES||CWE KIRKEE - MES||GE MH AND RANGE HILLS - MES,09-Oct-2025 06:00 PM,https://etender.up.nic.in/nicgep/app?component=%24DirectLink_0&page=FrontEndAdvancedSearchResult&service=direct&session=T&sp=Sexkas5kto0TCeP7zlK%2BEOw%3D%3D
53,2025_MES_719622_2,[WELCOME MAINT SERVICES INCLUDING B/R AND E/M WORKS OF MD ACCN IN AREA OF AGE B/R-II UNDER GE SAUGOR],08-Sep-2025 06:30 PM,E-IN-C BRANCH - MILITARY ENGINEER SERVICES||CESC AND CE BHOPAL ZONE  - MES||CWE BHOPAL - MES||GE SAUGOR - MES,29-Sep-2025 06:00 PM,https://defproc.gov.in/nicgep/app?component=%24DirectLink&page=FrontEndLatestActiveCorrigendums&service=direct&session=T&sp=SA40C7cYG2dliQh%2BK5gSJAQ%3D%3D
54,2025_MES_727975_1,[REPAIR/MAINT/IMPV OF ES INSTALLATIONS AND BLDGS INCL ALL CONNECTED WORKS AT JALAPAHAR AND KATAPAHAR UNDER AGE (I) DARJEELING],26-Aug-2025 06:55 PM,E-IN-C BRANCH - MILITARY ENGINEER SERVICES||CE EC AND CE SILIGURI ZONE - MES||HQ 136 WORKS ENGINEERS - MES||AGE (I) DARJEELING - MES,29-Sep-2025 06:00 PM,https://defproc.gov.in/nicgep/app?component=%24DirectLink&page=FrontEndLatestActiveCorrigendums&service=direct&session=T&sp=SJNG4dK4L1DhLgFOL0mcR7A%3D%3D
55,2025_MES_726570_1,[REPAIR / MAINT OF INTERNAL ROAD IN AOR OF AGE B/R-II UNDER GE PANAGARH],19-Aug-2025 06:00 PM,E-IN-C BRANCH - MILITARY ENGINEER SERVICES||CE EC AND CE KOLKATA ZONE - MES||CWE PANAGARH - MES,29-Sep-2025 06:00 PM,https://defproc.gov.in/nicgep/app?component=%24DirectLink&page=FrontEndLatestActiveCorrigendums&service=direct&session=T&sp=St7K7zK%2BwpusvVTGN0dIs0w%3D%3D
56,2025_MES_730842_1,[CONSTRUCTION OF PM SHRI SINGLE VOCATION LAB OF  SIZE 7.00 X 10.60 MTR AT SAMANA],13-Sep-2025 05:00 PM,E-IN-C BRANCH - MILITARY ENGINEER SERVICES||CE SWC AND CE (AF) GANDHINAGAR - MES||CWE (AF) JAMNAGAR - MES,11-Oct-2025 06:00 PM,https://defproc.gov.in/nicgep/app?component=%24DirectLink&page=FrontEndLatestActiveCorrigendums&service=direct&session=T&sp=S8wVs2oPkY4FlwRBJtmv4aQ%3D%3D
57,2025_MES_730806_1,[CA NO GE(U)/CHM-55/2025-26 PERIODICAL SERVICES TO COMMAND HOSPITAL AND OTM/ MD ACCN UNDER AGE B/R (CH) OF GE (U) CHANDIMANDIR],13-Sep-2025 06:00 PM,E-IN-C BRANCH - MILITARY ENGINEER SERVICES||CE WC AND CE CHANDIGARH ZONE - MES||CWE CHANDIMANDIR - MES||GE (U) CHANDIMANDIR - MES,06-Oct-2025 06:00 PM,https://etender.up.nic.in/nicgep/app?component=%24DirectLink_0&page=FrontEndAdvancedSearchResult&service=direct&session=T&sp=SPdAO%2B7aD09wg%2FEvh3i%2Frwg%3D%3D
58,2025_MES_730822_1,[SPECIAL REPAIR TO BLDG NO T 18 AND T 19 AT OLD SUPPLY DEPOT DANAPUR UNDER GE DANAPUR CANTT ],13-Sep-2025 04:00 PM,E-IN-C BRANCH - MILITARY ENGINEER SERVICES||CE CC AND CE JABALPUR ZONE - MES||CWE RANCHI - MES||GE DANAPUR - MES,08-Oct-2025 06:00 PM,https://etender.up.nic.in/nicgep/app?component=%24DirectLink_0&page=FrontEndAdvancedSearchResult&service=direct&session=T&sp=S6yh2Ic3q28ZDdNTCOwbZPQ%3D%3D
59,2025_MES_715009_2,[801631 PROVISION OF AUDITORIUM FOR 600 CAPACITY AT ATS BELGAVI],04-Sep-2025 05:30 PM,E-IN-C BRANCH - MILITARY ENGINEER SERVICES||CESC AND CE (AF) BANGALORE - MES,02-Oct-2025 06:00 PM,https://defproc.gov.in/nicgep/app?component=%24DirectLink&page=FrontEndLatestActiveCorrigendums&service=direct&session=T&sp=Sw78A68mF7kP%2FRCzyhZrlOQ%3D%3D
60,2025_MES_733112_1,[REPAIR / MAINT OF CERTAIN EXTERNAL ELECTRIC SUPPLY WORKS AT OLD PROJECT AREA UNDER AGE (I) AF MANAURI],29-Sep-2025 09:00 AM,E-IN-C BRANCH - MILITARY ENGINEER SERVICES||CESC AND CE (AF) NAGPUR - MES||CWE (AF) CHAKERI - MES||AGE(I) MANAURI - MES,20-Oct-2025 06:00 PM,https://etender.up.nic.in/nicgep/app?component=%24DirectLink_0&page=FrontEndAdvancedSearchResult&service=direct&session=T&sp=Spgjj%2B3a%2BjxbQzAZ9gmE8Pg%3D%3D
61,2025_ARMY_730694_1,[STP (15 KLD)],13-Sep-2025 09:00 AM,IHQ of MoD (Army)-(OSCC)||Eastern Comd-IHQ of MoD (Army)-(OSCC)||CORPS 3-Eastern Comd-IHQ of MoD (Army)-(OSCC)||ENGR UNIT 5-IHQ of MoD (Army),30-Sep-2025 09:00 AM,https://defproc.gov.in/nicgep/app?component=%24DirectLink&page=FrontEndLatestActiveCorrigendums&service=direct&session=T&sp=SL8oYgcg91ygBlHOJUzuzJw%3D%3D
62,2025_MES_715233_3,[SPL REPAIR TO OTM BLDG NO P 10 OF MED REGT AND CERTAIN OTHER SANCTIONED WORK AT FARIDKOT MIL STN],16-Sep-2025 02:00 PM,E-IN-C BRANCH - MILITARY ENGINEER SERVICES||CE SWC AND CE BATHINDA ZONE - MES||CWE GANGANAGAR - MES||GE Faridkot - MES,04-Oct-2025 06:00 PM,https://defproc.gov.in/nicgep/app?component=%24DirectLink&page=FrontEndLatestActiveCorrigendums&service=direct&session=T&sp=SBIJAbY19LGy%2FBoANgLKNlQ%3D%3D
63,2025_MES_726226_1,[PROVISION OF 4x600 LT AIR CONDITIONED DOUBLE BUNKER MAGAZINE AT NAD SUNABEDA UNDER GE (P) NAVY VISAKHAPATNAM],14-Aug-2025 06:00 PM,E-IN-C BRANCH - MILITARY ENGINEER SERVICES||CE EC AND CE (NAVY) VIZAG - MES,07-Oct-2025 06:00 PM,https://defproc.gov.in/nicgep/app?component=%24DirectLink&page=FrontEndLatestActiveCorrigendums&service=direct&session=T&sp=SNMc3LjankxTozey25OQ9dQ%3D%3D
64,2025_MES_730435_1,[SPL REPAIRS AND ROOF TREATMENT OF BLDG NO P181 (TRINETRA AUDITORIUM) AND CERTAIN REVENUE WORKS AT NAMKUM AND KHOJATOLI UNDER GE RANCHI],11-Sep-2025 06:00 PM,E-IN-C BRANCH - MILITARY ENGINEER SERVICES||CE CC AND CE JABALPUR ZONE - MES||CWE RANCHI - MES||GE RANCHI - MES,02-Oct-2025 06:00 PM,https://defproc.gov.in/nicgep/app?component=%24DirectLink&page=FrontEndLatestActiveCorrigendums&service=direct&session=T&sp=SGHYuLw4ByzUnw%2B%2BJqxQyGw%3D%3D
65,2025_MES_730630_1,"[CERTAIN BR WKS TO VARIOUS BLDGS OF POCKET A AND REPAIR/REPLACEMENT OF LT DISTRIBUTION LINE, UG CABLES AND OTHER CONNECTED WORKS UNDER GE ARMY BHUJ]",13-Sep-2025 01:20 PM,E-IN-C BRANCH - MILITARY ENGINEER SERVICES||CESC AND CE JODHPUR ZONE - MES||CWE AHMEDABAD - MES||GE (ARMY)BHUJ - MES,04-Oct-2025 09:00 AM,https://defproc.gov.in/nicgep/app?component=%24DirectLink&page=FrontEndLatestActiveCorrigendums&service=direct&session=T&sp=Sp3aDKyS4nh5ISqYauF6wZg%3D%3D
66,2025_MES_731058_1,"[REPAIR/MAINT OF LT PANEL, CAPACITOR TANK INCLUDING CONTROL EQUPIPMENT AND OTHER WORK AT AF STN NAJAFGARH UNDER GE (AF) TUGHLAKABAD]",16-Sep-2025 05:00 PM,E-IN-C BRANCH - MILITARY ENGINEER SERVICES||CESC AND CE (AF) NAGPUR - MES||CWE (AF) TUGALAKABAD - MES||GE (AF) TUGHLAKABAD - MES,07-Oct-2025 06:00 PM,https://etender.up.nic.in/nicgep/app?component=%24DirectLink_0&page=FrontEndAdvancedSearchResult&service=direct&session=T&sp=SEOEA%2BbR8Jgw7umguOjGiZg%3D%3D
67,2025_IAF_730384_1,[PROCUREMENT OF CLOUD HARDWARE],11-Sep-2025 04:15 PM,Indian Air Force||VCAS NEW DELHI - IAF||ACAS (IT) - IAF||DTE OF IT - IAF,30-Sep-2025 11:00 AM,https://defproc.gov.in/nicgep/app?component=%24DirectLink&page=FrontEndLatestActiveCorrigendums&service=direct&session=T&sp=SktRjFsT3cx4gjQfkRQVlXA%3D%3D
68,2025_MES_731138_1,[CA NO. GE N AMB 57 2025 26  REPAIRS AND MAINTENANCE OF INTERNAL WIRING INCLUDING FITTING AND FIXTURES IN OTM ACCN AREA  II OF SECTOR B AGE EM N UNDER GE N AMBALA CANTT],16-Sep-2025 01:00 PM,E-IN-C BRANCH - MILITARY ENGINEER SERVICES||CE WC AND CE CHANDIGARH ZONE - MES||CWE AMBALA - MES||GE (N) AMBALA - MES,07-Oct-2025 06:00 PM,https://etender.up.nic.in/nicgep/app?component=%24DirectLink_0&page=FrontEndAdvancedSearchResult&service=direct&session=T&sp=SMv513p8L6BO%2BXv48W7vYOw%3D%3D
69,2025_MES_730793_1,[ADDN ALTN TO OTM ACCN BLDG NO T5 OLD JASWANT  AT PRC AND TOILET  BLOCK  BLDG NO T59 INT AT RAMGARH CANTT],13-Sep-2025 04:00 PM,E-IN-C BRANCH - MILITARY ENGINEER SERVICES||CE CC AND CE JABALPUR ZONE - MES||CWE RANCHI - MES||GE RAMGARH - MES,08-Oct-2025 06:00 PM,https://defproc.gov.in/nicgep/app?component=%24DirectLink&page=FrontEndLatestActiveCorrigendums&service=direct&session=T&sp=SBlvkCsxzfTnepkh60QjNvA%3D%3D
70,2025_MES_725585_1,[PROVN OF DEFICIENT MARRIED ACCN  AT AIR FORCE  STATION  PHALODI],11-Aug-2025 06:00 PM,E-IN-C BRANCH - MILITARY ENGINEER SERVICES||CE SWC AND CE (AF) GANDHINAGAR - MES,07-Oct-2025 06:00 PM,https://defproc.gov.in/nicgep/app?component=%24DirectLink&page=FrontEndLatestActiveCorrigendums&service=direct&session=T&sp=S3alQTw635jTOYPne6pwq%2Fw%3D%3D
71,2025_MES_731036_1,[SPL REPAIR TO BLDG NO T-79 (KOTE) OF 60 PARA FD HOSP],16-Sep-2025 11:00 AM,E-IN-C BRANCH - MILITARY ENGINEER SERVICES||CE CC AND CE LUCKNOW ZONE - MES||CWE AGRA - MES||GE (W) AGRA - MES,06-Oct-2025 06:00 PM,https://defproc.gov.in/nicgep/app?component=%24DirectLink&page=FrontEndLatestActiveCorrigendums&service=direct&session=T&sp=SbfSThGC0nH%2BCnRyysL6VIQ%3D%3D
72,2025_MES_724318_1,[REPAIR/MAINT/REPLACEMENT OF INTERNAL ELECTRIFICATION LED FITTINGS AND DB ALONGWITH DAY TO DAY COMPLIANT FOR OTM ACCN AND OTHER WORKS AT 223 ABOD MIL STN SURANUSSI UNDER AGE (I) SURANUSSI.],04-Aug-2025 11:40 AM,E-IN-C BRANCH - MILITARY ENGINEER SERVICES||CE WC AND CE JALANDHAR ZONE - MES||CWE JALANDHAR - MES||AGE (I) SURANUSSI - MES,30-Sep-2025 06:00 PM,https://defproc.gov.in/nicgep/app?component=%24DirectLink&page=FrontEndLatestActiveCorrigendums&service=direct&session=T&sp=SzwElu8piRBTTpfsrk434cQ%3D%3D
73,2025_MES_721861_2,[TERM CONTRACT FOR ARTIFICER WORK OF ZONE D AT LGJ MIL STN],09-Sep-2025 06:00 PM,E-IN-C BRANCH - MILITARY ENGINEER SERVICES||CE SWC AND CE BATHINDA ZONE - MES||CWE GANGANAGAR - MES||GE LALGARH JATTAN - MES,30-Sep-2025 06:00 PM,https://defproc.gov.in/nicgep/app?component=%24DirectLink&page=FrontEndLatestActiveCorrigendums&service=direct&session=T&sp=SnvZsTY%2F9tO%2Ba72Uxl26g%2FQ%3D%3D
74,2025_MES_729597_1,[REPAIR MAINTENANCE OF MAIN RISING OF HIGH RISING LOW RISE BLDGS AND ASSOCIATED WORKS AT RASHI COMPLEX AREA NEW AND OLD NAVY NAGAR UNDER GE NW NAVY NAGAR COLABA MUMBAI],06-Sep-2025 06:00 PM,E-IN-C BRANCH - MILITARY ENGINEER SERVICES||CESC AND CE( NAVY )MUMBAI - MES||CWE (NW) MUMBAI - MES||GE (NW) NAVY NAGAR - MES,04-Oct-2025 06:00 PM,https://defproc.gov.in/nicgep/app?component=%24DirectLink&page=FrontEndLatestActiveCorrigendums&service=direct&session=T&sp=SQyys4eQPNlGiYO8d%2BuSdLg%3D%3D
75,2025_MES_726798_1,[PROVN OF CERTAIN MAJOR REVENUE WORKS UNDER GE (AF) TECH AREA  AT AF STN AGRA],04-Sep-2025 04:00 PM,E-IN-C BRANCH - MILITARY ENGINEER SERVICES||CE CC AND CE (AF) ALLAHABAD - MES||CWE (AF) KHERIA - MES||GE (AF) TECH AREA KHERIA - MES,03-Oct-2025 06:00 PM,https://defproc.gov.in/nicgep/app?component=%24DirectLink&page=FrontEndLatestActiveCorrigendums&service=direct&session=T&sp=SUKNlqAS74K3CP5kIHc%2B7kg%3D%3D
76,2025_MES_711379_2,[ADDN/ALTN AND SPECIAL REPAIRS TO SAILORS MARRIED ACCOMMODATION AT SMA (NB)],12-Sep-2025 01:10 PM,E-IN-C BRANCH - MILITARY ENGINEER SERVICES||CESC AND CE (NAVY) KOCHI - MES||CWE NW KOCHI - MES,04-Oct-2025 06:00 PM,https://defproc.gov.in/nicgep/app?component=%24DirectLink&page=FrontEndLatestActiveCorrigendums&service=direct&session=T&sp=SdWlRV31BMJAXicXwR59X0g%3D%3D
77,2025_MES_717519_1,[SPECIAL REPAIR EAST BLOCK BUILDING NO 16 14  THE MALL UNDER GE (WEST) FEROZEPUR CANTT],12-Sep-2025 06:15 PM,E-IN-C BRANCH - MILITARY ENGINEER SERVICES||CE WC AND CE JALANDHAR ZONE - MES||CWE FEROZEPUR - MES||GE (WEST) FEROZEPUR - MES,02-Oct-2025 06:00 PM,https://etender.up.nic.in/nicgep/app?component=%24DirectLink_0&page=FrontEndAdvancedSearchResult&service=direct&session=T&sp=S0VlesHC1QzUYhc4y3WD86A%3D%3D
78,2025_MES_728034_1,"[SPL REPAIR TO BLDG NO. P-204, P-215 AND P-216 DOUBLE STOREY SINGLE LIVING BARRACKS AT COD UNDER GE NORTH DELHI CANTT-10]",27-Aug-2025 06:00 PM,E-IN-C BRANCH - MILITARY ENGINEER SERVICES||CE WC and CE DELHI ZONE-MES,11-Oct-2025 06:00 PM,https://defproc.gov.in/nicgep/app?component=%24DirectLink&page=FrontEndLatestActiveCorrigendums&service=direct&session=T&sp=S8gFeOFfYgFDUQ3D6H6WqyQ%3D%3D
79,2025_MES_731232_1,[SPECIAL REPAIR TO BLDG PN 60 A TO H MD ACCN AT WHITE KNIGHT ENCLAVE UNDER GE NAGROTA],16-Sep-2025 06:00 PM,E-IN-C BRANCH - MILITARY ENGINEER SERVICES||CE NC AND CE UDHAMPUR ZONE - MES||CWE NAGROTA - MES||GE NAGROTA - MES,06-Oct-2025 06:00 PM,https://defproc.gov.in/nicgep/app?component=%24DirectLink&page=FrontEndLatestActiveCorrigendums&service=direct&session=T&sp=SJVyYURTECQffMsvVIYLUMw%3D%3D
80,2025_MES_727960_1,"[REPAIRS AND RESURFACING OF ROAD INCLUDING ROAD MARKING, PAINTING, ROAD FURNITURE AND CONNECTED WORKS AT VARIOUS LOCATIONS UNDER GE I RND WEST BANGALORE]",26-Aug-2025 06:00 PM,E-IN-C BRANCH - MILITARY ENGINEER SERVICES||ADG (OF and DRDO) AND CE (R and D) SECUNDERABAD - MES,30-Sep-2025 06:00 PM,https://defproc.gov.in/nicgep/app?component=%24DirectLink&page=FrontEndLatestActiveCorrigendums&service=direct&session=T&sp=SThLb5U%2FwBzzsvYreFpv%2BGA%3D%3D
81,2025_MES_730983_1,"[REPAIR TO GI PIPES, PLUMBING AND SANITARY FITTINGS, TANK CLEANING AND MISC WORK AT ZONE C AND ZONE D UNDER AGE(I) AYODHYA CANTT]",15-Sep-2025 05:00 PM,E-IN-C BRANCH - MILITARY ENGINEER SERVICES||CE CC AND CE LUCKNOW ZONE - MES||CWE ALLAHABAD - MES||GE FAIZABAD - MES,06-Oct-2025 06:00 PM,https://defproc.gov.in/nicgep/app?component=%24DirectLink&page=FrontEndLatestActiveCorrigendums&service=direct&session=T&sp=SsHM5a3bsHJZdEMu7pHY6yw%3D%3D
82,2025_MES_729230_1,"[REPAIRS TO JOINERY, FLOORING ,PLUMBING ,SANITARY FITTING, SUNKEN FLOORING AND CERTAIN B/R WORKS IN SMQ MD ACCN AND MAP QTR OF CAMERO COMPLEX AT SUBROTO PARK]",03-Sep-2025 06:00 PM,E-IN-C BRANCH - MILITARY ENGINEER SERVICES||CE WC and CE(AF) WAC PALAM-MES||CWE (AF) Palam-MES||GE (AF) Subroto Park-MES,01-Oct-2025 06:00 PM,https://defproc.gov.in/nicgep/app?component=%24DirectLink&page=FrontEndLatestActiveCorrigendums&service=direct&session=T&sp=Sq4XwyYlHp1lLfGuOmQ9gAg%3D%3D
83,2025_MES_731544_1,[ADDN/ALTN TO CERTAIN SMQ IN SECTOR 31 AND 47 AT CHANDIGARH  UNDER GE (AF) CHANDIGARH],18-Sep-2025 06:00 PM,E-IN-C BRANCH - MILITARY ENGINEER SERVICES||CE WC and CE(AF) WAC PALAM-MES||CWE (AF) Chandigarh-MES||GE (AF) Chandigarh-MES,10-Oct-2025 06:00 PM,https://etender.up.nic.in/nicgep/app?component=%24DirectLink_0&page=FrontEndAdvancedSearchResult&service=direct&session=T&sp=SPoxVyEL2TZF57VmmjuEJtw%3D%3D
84,2025_MES_731346_1,[PERIODICAL MAINT TO OTM ACCN  IN THE AOR OF AGE B/R-II UNDER GE HISAR AT HISAR MIL STN],18-Sep-2025 06:00 PM,E-IN-C BRANCH - MILITARY ENGINEER SERVICES||CE SWC AND CE JAIPUR JAIPUR - MES||CWE HISAR - MES||GE HISAR - MES,11-Oct-2025 06:00 PM,https://etender.up.nic.in/nicgep/app?component=%24DirectLink_0&page=FrontEndAdvancedSearchResult&service=direct&session=T&sp=SybUqtpUH1SRLub%2FHc1CBwQ%3D%3D
85,2025_MES_730720_1,[GE/WS/Token No-37 OF 2025-26],13-Sep-2025 05:00 PM,E-IN-C BRANCH - MILITARY ENGINEER SERVICES||CE WC and CE DELHI ZONE-MES||CWE (U) DELHI CANTT-MES||GE(U)WATER SUPPLY DELHI CANTT-MES,04-Oct-2025 06:00 PM,https://etender.up.nic.in/nicgep/app?component=%24DirectLink_0&page=FrontEndAdvancedSearchResult&service=direct&session=T&sp=SNQ%2FfqO6YW8Owj7en1rbs2g%3D%3D
86,2025_MES_729642_1,"[CA NO. GE/K-67/2025-26 - SPL REPAIR OF CERTAIN ITEMS IN BLDG NOS T-47, T-56, T-36, T-45, T-52 AND T-48 OF 851 FD WKSP COY EME UNDER GE KARGIL]",06-Sep-2025 02:00 PM,E-IN-C BRANCH - MILITARY ENGINEER SERVICES||CE NC AND CE LEH ZONE - MES||CWE KUMBATHANG - MES||GE KARGIL - MES,04-Oct-2025 06:00 PM,https://defproc.gov.in/nicgep/app?component=%24DirectLink&page=FrontEndLatestActiveCorrigendums&service=direct&session=T&sp=SF%2BpFO%2FOVE7PPecTukNh5bQ%3D%3D
87,2025_MES_727321_1,"[REPAIR, MAINTENANCE AND OPERATION  OF SOLAR POWER PLANT OF DIFFERENT CAPACITY AT LOCATION CALEB VIHAR, TAGORE LINE, AAU AND NOWGONG UNDER AGE E/M AT GE JHANSI]",22-Aug-2025 06:00 PM,E-IN-C BRANCH - MILITARY ENGINEER SERVICES||CESC AND CE BHOPAL ZONE  - MES||CWE JHANSI - MES,14-Oct-2025 06:00 PM,https://defproc.gov.in/nicgep/app?component=%24DirectLink&page=FrontEndLatestActiveCorrigendums&service=direct&session=T&sp=SXOr2kwHZuJPVveL7L76jzg%3D%3D
88,2025_MES_728669_1,[REPAIR/REPLACEMENT AND MAINTENANCE OF STP AT ICGS VISAKHAPATNAM AND FIREM ALARM SYSTEM AI ICGS KAKINADA UNDER GE(I) CG VIZAG],01-Sep-2025 02:00 PM,E-IN-C BRANCH - MILITARY ENGINEER SERVICES||ADG (Projects) and CE (CG) Visakhapatnam - MES||AGE (I) (CG) Vizag - MES,29-Sep-2025 06:00 PM,https://defproc.gov.in/nicgep/app?component=%24DirectLink&page=FrontEndLatestActiveCorrigendums&service=direct&session=T&sp=SLll6%2FZbj29w8RpqHZMtinw%3D%3D
89,2025_IAF_720759_1,[PROCUREMENT OF SPARES FOR IL-78 AIRCRAFT],16-Jul-2025 05:00 PM,Indian Air Force||AOM NEW DELHI - IAF||ACAS (Procurement) - IAF||D Procurement - IAF,07-Oct-2025 03:00 PM,https://defproc.gov.in/nicgep/app?component=%24DirectLink&page=FrontEndLatestActiveCorrigendums&service=direct&session=T&sp=SruTi5fktOKmmDiHxf9LfIQ%3D%3D
90,2025_MES_728934_1,"[REPAIR, MAINTENANCE OF HT CABLES, JOINTS, HT SWITCH GEARS, MEASURING EQUIPMENTS, CONNECTED WORKS AT KALINA, 765 SU, SNCO MESS, COTTON GREEN AREA AT AFS MUMBAI UNDER GE AF THANE]",02-Sep-2025 02:00 PM,E-IN-C BRANCH - MILITARY ENGINEER SERVICES||CE SWC AND CE (AF) GANDHINAGAR - MES||CWE (AF) LOHOGAON - MES,29-Sep-2025 06:00 PM,https://defproc.gov.in/nicgep/app?component=%24DirectLink&page=FrontEndLatestActiveCorrigendums&service=direct&session=T&sp=Sw49jlHdRppCEZJKNPJzcRQ%3D%3D
91,2025_MES_731802_1,[SPL REP FOR REPLACEMENT OF HT DISTRIBUTION SYSTEM IN ELECTRIC SUPPLY AT ITW RMU AT INS SHIVAJI LONAVLA],19-Sep-2025 05:10 PM,E-IN-C BRANCH - MILITARY ENGINEER SERVICES||CESC AND CE (NAVY) KOCHI - MES||GE (I) NAVY LONAWALA - MES,11-Oct-2025 06:00 PM,https://etender.up.nic.in/nicgep/app?component=%24DirectLink_0&page=FrontEndAdvancedSearchResult&service=direct&session=T&sp=ST2218LG%2FahDkq1cMsvHKGA%3D%3D
92,2025_MES_731271_1,[CWEK/TOKEN-91/969 EWS/2025-26],17-Sep-2025 09:00 AM,E-IN-C BRANCH - MILITARY ENGINEER SERVICES||CE NC AND CE 31 ZONE - MES||133 WORKS ENGINEER - MES,14-Oct-2025 06:00 PM,https://etender.up.nic.in/nicgep/app?component=%24DirectLink_0&page=FrontEndAdvancedSearchResult&service=direct&session=T&sp=SnMqldKXzVAEIqzcwpHBCRg%3D%3D
93,2025_MES_731288_1,"[REPAIR/MAINT. TO JOINT FILLING OF RUNWAY/ TAXI TRACK, REPAIR TO CEMENT CONCRETE PAVEMENT AND OTHER ALLIED REPAIR WORK AT AF STN NALIYA]",17-Sep-2025 05:00 PM,E-IN-C BRANCH - MILITARY ENGINEER SERVICES||CE SWC AND CE (AF) GANDHINAGAR - MES||CWE (AF) BHUJ - MES,15-Oct-2025 06:00 PM,https://defproc.gov.in/nicgep/app?component=%24DirectLink&page=FrontEndLatestActiveCorrigendums&service=direct&session=T&sp=SESKZuSidCnE08ff5pq1s2Q%3D%3D
94,2025_MES_730542_1,[PERIODICAL SERVICES TO OTM  AND MD ACCN DAD LEKHA NAGAR AND REPAIRS TO WATER PROOFING SUNKEN FLOOR REPLACEMENT OF INTERNAL WATER SUPPLY PIPE LINE AND SANITARY FITTINGS IN MD ACCN AND OTM ACCN AT PRC  MES TEMPLE LANE AND MINOR UNITS AT RAMGARH CANTT],12-Sep-2025 05:45 PM,E-IN-C BRANCH - MILITARY ENGINEER SERVICES||CE CC AND CE JABALPUR ZONE - MES||CWE RANCHI - MES||GE RAMGARH - MES,03-Oct-2025 12:00 PM,https://defproc.gov.in/nicgep/app?component=%24DirectLink&page=FrontEndLatestActiveCorrigendums&service=direct&session=T&sp=SKuvhk2O0JevPU0fPB91VPQ%3D%3D
95,2025_MES_730539_1,[GE/863/EWS-T-51 OF 2025-26 SPL REPAIR TO BLDG NO T-119 AND PROVN OF 4 X TOILET CUM BATHROOM NEAR N],12-Sep-2025 06:00 PM,E-IN-C BRANCH - MILITARY ENGINEER SERVICES||CE CC AND CE BAREILLY ZONE - MES||CWE HILLS DEHRADUN -  MES||GE 863 EWS - MES,01-Oct-2025 06:00 PM,https://defproc.gov.in/nicgep/app?component=%24DirectLink&page=FrontEndLatestActiveCorrigendums&service=direct&session=T&sp=S6q7KETfzg18wbyKqsexUiw%3D%3D
96,2025_MES_724224_1,[ADDN/ALTN AND UPGRADATION OF SEWAGE SYSTEM AT BASE HOSPITAL UNDER GE EAST DELHI CANTT10 PARA 35 WORK],02-Aug-2025 06:00 PM,E-IN-C BRANCH - MILITARY ENGINEER SERVICES||CE WC and CE DELHI ZONE-MES,11-Oct-2025 06:00 PM,https://defproc.gov.in/nicgep/app?component=%24DirectLink&page=FrontEndLatestActiveCorrigendums&service=direct&session=T&sp=SiEHuAnV6h1QSZv8a2qU30w%3D%3D
97,2025_MES_717470_2,[PROVISION OF ROOF TOP SOLAR PLANTS AT VARIOUS LOCATION IN CERTAIN BUILDINGS UNDER GE EM LUCKNOW.],11-Sep-2025 06:55 PM,E-IN-C BRANCH - MILITARY ENGINEER SERVICES||CE CC AND CE LUCKNOW ZONE - MES||CWE LUCKNOW - MES,02-Oct-2025 06:00 PM,https://defproc.gov.in/nicgep/app?component=%24DirectLink&page=FrontEndLatestActiveCorrigendums&service=direct&session=T&sp=SpOHiixcjYIs%2BghTyaU7HpQ%3D%3D
98,2025_MES_730489_1,[SPECIAL REPAIR TO CONVERSION OF CI TO DI PIPE AND CONNECTED ITEMS  FROM  OVER HEAD RESERVOIR NO 1 AND 3  TO  ALL CONNECTED AREA AT GANDHINAGAR MIL STATION],12-Sep-2025 11:00 AM,E-IN-C BRANCH - MILITARY ENGINEER SERVICES||CESC AND CE JODHPUR ZONE - MES||CWE AHMEDABAD - MES||GE GANDHINAGAR - MES,02-Oct-2025 06:00 PM,https://defproc.gov.in/nicgep/app?component=%24DirectLink&page=FrontEndLatestActiveCorrigendums&service=direct&session=T&sp=S2yaASz%2FecUqeaqozdgogMA%3D%3D
99,2025_MES_728859_1,[SPL REPAIRS TO BLDG NO T 49 VEH REPAIR SHED OF 85 FD WKSP IN N ZONE AT RMS],02-Sep-2025 02:00 PM,E-IN-C BRANCH - MILITARY ENGINEER SERVICES||CE EC AND CE SHILLONG ZONE - MES||CWE HQ 137 WE - MES||GE 868 EWS - MES,02-Oct-2025 06:00 PM,https://defproc.gov.in/nicgep/app?component=%24DirectLink&page=FrontEndLatestActiveCorrigendums&service=direct&session=T&sp=SENI08oKYOJ38LC906gOgKA%3D%3D
100,2025_MES_729739_1,[TERM CONTRACT FOR ARTIFICER WORKS IN DOMESTIC AREA AT AF STN BKT],08-Sep-2025 09:00 AM,E-IN-C BRANCH - MILITARY ENGINEER SERVICES||CE CC AND CE (AF) ALLAHABAD - MES||CWE (AF) IZATNAGAR - MES||GE(AF) BKT - MES,06-Oct-2025 09:00 AM,https://defproc.gov.in/nicgep/app?component=%24DirectLink&page=FrontEndLatestActiveCorrigendums&service=direct&session=T&sp=SqBCH%2Fci2cqybZNHbuRvTyQ%3D%3D
101,2025_MES_729378_1,[86213 PERIODICAL MAINTENANCE AND CERTAIN REPAIRS TO LAUNDRY PLANT AND BOILERS AT AFMC PUNE UNDER GE (CENTRAL) PUNE],11-Sep-2025 04:00 PM,E-IN-C BRANCH - MILITARY ENGINEER SERVICES||CE SC AND CE PUNE ZONE - MES||CWE PUNE - MES,02-Oct-2025 06:00 PM,https://etender.up.nic.in/nicgep/app?component=%24DirectLink_0&page=FrontEndAdvancedSearchResult&service=direct&session=T&sp=Sc88jLS1Fy91cQpD0Om%2FmHg%3D%3D
102,2025_MES_729492_1,[SPL REPAIR OF OVERHEAD LT LINE INTO LT UG CABLE FROM GP NO12 TO GP NO15 OF SODIUM VAPOUR STREET LIGHT INTO LED STREET LIGHTS INCL ALLIED WORKS AT  AMN COY AND  OLD UNSV CEILING FANS AT DIFFERENT LOC AT  LANCERS GH AT MIL STN JASAI UNDER GE A BARMER],05-Sep-2025 09:00 AM,E-IN-C BRANCH - MILITARY ENGINEER SERVICES||CESC AND CE JODHPUR ZONE - MES||CWE JAISALMER - MES||GE (ARMY) BARMER - MES,29-Sep-2025 06:00 PM,https://defproc.gov.in/nicgep/app?component=%24DirectLink&page=FrontEndLatestActiveCorrigendums&service=direct&session=T&sp=SaQVFbxCVC4O2hkaNWVyZIw%3D%3D
103,2025_MES_729704_1,"[REPAIR TO CERTAIN ROADS AT DHOLEWAL, DORAHA AND CG COMPLEX UNDER AGE B/R LUDHIANA]",06-Sep-2025 03:30 PM,E-IN-C BRANCH - MILITARY ENGINEER SERVICES||CE WC AND CE JALANDHAR ZONE - MES||CWE FEROZEPUR - MES,02-Oct-2025 06:00 PM,https://defproc.gov.in/nicgep/app?component=%24DirectLink&page=FrontEndLatestActiveCorrigendums&service=direct&session=T&sp=SW3GqR718RH8NdJHO2ydiUA%3D%3D
104,2025_DRDO_729857_1,[Development of Digital Content Analytics Platform],08-Sep-2025 05:45 PM,Department of Defence Research and Development||Defence Research and Development Organisation||DFMM||Office of DG (MSS)||DYSL-AT,23-Oct-2025 04:00 PM,https://defproc.gov.in/nicgep/app?component=%24DirectLink&page=FrontEndLatestActiveCorrigendums&service=direct&session=T&sp=SyT3tK23fjF2NoseRPCm4wA%3D%3D
105,2025_MES_727955_1,[REPAIR REPLACEMENT AND MAINTENANCE OF 11 KV VCB RMU UG CABLES 4 POLE HT STRUCTURE CAPACITOR BANK MAINTENANCE OF TRANSFORMERS AND CONNECTED WORKS AT AF STN SALUA],26-Aug-2025 05:55 PM,E-IN-C BRANCH - MILITARY ENGINEER SERVICES||CE EC AND CE (AF) SHILLONG - MES||CWE (AF) KALAIKUNDA - MES,29-Sep-2025 06:00 PM,https://defproc.gov.in/nicgep/app?component=%24DirectLink&page=FrontEndLatestActiveCorrigendums&service=direct&session=T&sp=SRIX9UZP1m2LdUyYbprZPzA%3D%3D
106,2025_MES_732028_1,[SPECIAL REPAIRS TO BUILDING NO. P-70 AND PROVN OF CYCLE SHED FOR 1349 DSC PLATOON  ALONGWITH PROVN OF ANTI SUICIDE RODS FOR CEILING FANS IN LIVING ACCOMODATION AT AIR FORCE STATION UNDER GE AVADI.],22-Sep-2025 09:00 AM,E-IN-C BRANCH - MILITARY ENGINEER SERVICES||CE SC AND CE CHENNAI ZONE  - MES||CWE CHENNAI - MES||GE AVADI- MES,06-Oct-2025 06:00 PM,https://defproc.gov.in/nicgep/app?component=%24DirectLink&page=FrontEndLatestActiveCorrigendums&service=direct&session=T&sp=SM8E5N3%2B2ELNy2mJ9fyWKkQ%3D%3D
107,2025_MES_731117_1,[REPAIRS OVERHAULING SERVICING WORKS TO DG SETS OF VARIOUS CAPACITIES AND AMF PANELS INSTALLED AT VARIOUS INSTALLATION AND ALLIED WORKS UNDER GEM ARAKKONAM],22-Sep-2025 05:30 PM,E-IN-C BRANCH - MILITARY ENGINEER SERVICES||CE EC AND CE (NAVY) VIZAG - MES||CWE (Navy) Chennai - MES||GE(MAINT) ARAKKONAM - MES,13-Oct-2025 06:00 PM,https://etender.up.nic.in/nicgep/app?component=%24DirectLink_0&page=FrontEndAdvancedSearchResult&service=direct&session=T&sp=Swa8cEmmovXifAuB8tgKezg%3D%3D
108,2025_MES_729489_1,[PROVN OF  CERTAIN E/M AND B/R SERVICES AT MMPUs AND ASV AT AF STN GWALIOR.],04-Sep-2025 06:00 PM,E-IN-C BRANCH - MILITARY ENGINEER SERVICES||CE CC AND CE (AF) ALLAHABAD - MES||CWE (AF) MAHARAJPUR - MES,03-Oct-2025 06:00 PM,https://defproc.gov.in/nicgep/app?component=%24DirectLink&page=FrontEndLatestActiveCorrigendums&service=direct&session=T&sp=SJz41Sdws1t28%2FCzhbIpBjg%3D%3D
109,2025_MES_728773_1,[REPAIR TO STEEL FURNITURE ARTICLES OF VARIOUS UNITS AT LGJ MIL STN ],01-Sep-2025 06:00 PM,E-IN-C BRANCH - MILITARY ENGINEER SERVICES||CE SWC AND CE BATHINDA ZONE - MES||CWE GANGANAGAR - MES||GE LALGARH JATTAN - MES,29-Sep-2025 06:00 PM,https://defproc.gov.in/nicgep/app?component=%24DirectLink&page=FrontEndLatestActiveCorrigendums&service=direct&session=T&sp=S%2BoDboWcadGi3g47hDMDMbg%3D%3D
110,2025_MES_730300_1,[SPECIAL REPAIR REPLACEMENT OF DISTRIBUTION WATER PIPE LINE OF GOVIND NAGAR MD ACCN BLOCK NO 09 TO 33 AND 53 TO 57 AND SPECIAL REPAIRS OF BLDG NO P-2C1 AND P2G AT STORE COY OF OMC UNDER GE MISSAMARI],10-Sep-2025 06:45 PM,E-IN-C BRANCH - MILITARY ENGINEER SERVICES||CE EC AND CE SILIGURI ZONE - MES||CWE TENGA - MES||GE MISSAMARI - MES,01-Oct-2025 06:00 PM,https://defproc.gov.in/nicgep/app?component=%24DirectLink&page=FrontEndLatestActiveCorrigendums&service=direct&session=T&sp=SV4oLRLWNkzJEhFbsMECRmQ%3D%3D
111,2025_MES_722396_1,"[PROVN OF POWER SUPPLY TO ENGINE TEST BED, REPAIR WORKSHOP AND MISC WORK SERVICES FOR CERTAIN SQN AT AF STN NALIYA]",24-Jul-2025 06:00 PM,E-IN-C BRANCH - MILITARY ENGINEER SERVICES||CE SWC AND CE (AF) GANDHINAGAR - MES,06-Oct-2025 06:00 PM,https://defproc.gov.in/nicgep/app?component=%24DirectLink&page=FrontEndLatestActiveCorrigendums&service=direct&session=T&sp=ScPMty2KowYe037b6UOcXXA%3D%3D
112,2024_MES_672893_9,[PROVN OF PERMANENT STORAGE ACCN AT LEKHAPANI MIL STN UNDER GE LEKHAPANI],10-Sep-2025 02:00 PM,E-IN-C BRANCH - MILITARY ENGINEER SERVICES||CE EC AND CE SHILLONG ZONE - MES||CWE Dinjan - MES,29-Sep-2025 06:00 PM,https://defproc.gov.in/nicgep/app?component=%24DirectLink&page=FrontEndLatestActiveCorrigendums&service=direct&session=T&sp=SiySTdk6FwfzcKkhZvMhT7Q%3D%3D
113,2025_MES_724008_2,[SPECIAL REPAIR RENEWAL OF BER ELECTRICAL AND  COOLING APPLIANCES AT AF STATION SINGARSI UNDER AGE  I AF SINGARSI ],09-Sep-2025 01:00 PM,E-IN-C BRANCH - MILITARY ENGINEER SERVICES||CE EC AND CE (AF) SHILLONG - MES||CWE (AF) PANAGARH-MES,30-Sep-2025 06:00 PM,https://defproc.gov.in/nicgep/app?component=%24DirectLink&page=FrontEndLatestActiveCorrigendums&service=direct&session=T&sp=SConWRsXVztjzFKgkaK56yw%3D%3D
114,2025_MES_729070_1,[SPECIAL REPAIR FOR REPLACEMENT OF DG SETS (05 NOs) AGAINST DECLARED BER AT CHAFB UNDER GE (AF) BANGALORE],03-Sep-2025 09:00 AM,E-IN-C BRANCH - MILITARY ENGINEER SERVICES||CESC AND CE (AF) BANGALORE - MES||CWE (AF) (NORTH) BANGALORE - MES,01-Oct-2025 06:00 PM,https://defproc.gov.in/nicgep/app?component=%24DirectLink&page=FrontEndLatestActiveCorrigendums&service=direct&session=T&sp=SZWUJUex9jkkcTYR8l1F0zg%3D%3D
115,2025_MES_726530_1,[CWE/CHM-79/2025-26  INTERNAL PERIODICAL SERVICES INCLUDING CONNECTED REPAIRS IN JCO/ OR MARRIED ACCOMODATION IN SECTOR  C AND SECTOR  E UNDER AGE B/R-III OF GE CHANDIMANDIR AT CHANDIMANDIR MIL STN],19-Aug-2025 05:00 PM,E-IN-C BRANCH - MILITARY ENGINEER SERVICES||CE WC AND CE CHANDIGARH ZONE - MES||CWE CHANDIMANDIR - MES,29-Sep-2025 06:00 PM,https://defproc.gov.in/nicgep/app?component=%24DirectLink&page=FrontEndLatestActiveCorrigendums&service=direct&session=T&sp=SiIOQMiFGfimnTaBfmiiLRw%3D%3D
116,2025_MES_727295_1,"[REPAIR/MAINT OF HT 11 KV TRANSFORMER ,VCB ,   RMU,OVERHEAD LINE,UNDER GROUND CABLE AND OTHER CONNECTED WORKS AT AF STATION BIHTA]",22-Aug-2025 06:00 PM,E-IN-C BRANCH - MILITARY ENGINEER SERVICES||CE CC AND CE (AF) ALLAHABAD - MES||CWE (AF) BAMRAULI ALLAHABAD - MES,29-Sep-2025 06:00 PM,https://defproc.gov.in/nicgep/app?component=%24DirectLink&page=FrontEndLatestActiveCorrigendums&service=direct&session=T&sp=SJKhPjGrRTSIrz33g8bCz9A%3D%3D
117,2025_MES_727000_1,"[PROVN OF TWO BLOCK OF STORAGE ACCN AND TWO BLOCK OF TOILETS AT SHANKAR VIHAR AND OLD VRC UNDER GE SOUTH, DELHI CANTT-10]",21-Aug-2025 06:00 PM,E-IN-C BRANCH - MILITARY ENGINEER SERVICES||CE WC and CE DELHI ZONE-MES||CWE NEW DELHI-MES,09-Oct-2025 06:00 PM,https://defproc.gov.in/nicgep/app?component=%24DirectLink&page=FrontEndLatestActiveCorrigendums&service=direct&session=T&sp=S1BpX%2FJpBx%2B8BhYufn6432A%3D%3D
118,2025_MES_729105_1,[GE/WS/Token No-30 OF 2025-26],03-Sep-2025 05:00 PM,E-IN-C BRANCH - MILITARY ENGINEER SERVICES||CE WC and CE DELHI ZONE-MES||CWE (U) DELHI CANTT-MES||GE(U)WATER SUPPLY DELHI CANTT-MES,01-Oct-2025 06:00 PM,https://defproc.gov.in/nicgep/app?component=%24DirectLink&page=FrontEndLatestActiveCorrigendums&service=direct&session=T&sp=SpkcIoDETbCC7pet%2FfAO3MQ%3D%3D
119,2025_MES_729097_1,[DAY TO DAY MAINTENANCE AND PETTY REPAIR OF B/R COMPLAINTS OF AREA-I OF AGE B/R-II UNDER GE (WEST) JABALPUR],03-Sep-2025 12:00 PM,E-IN-C BRANCH - MILITARY ENGINEER SERVICES||CE CC AND CE JABALPUR ZONE - MES||CWE JABALPUR - MES||GE (W) JABALPUR - MES,01-Oct-2025 06:00 PM,https://defproc.gov.in/nicgep/app?component=%24DirectLink&page=FrontEndLatestActiveCorrigendums&service=direct&session=T&sp=ShLbOO9QxJo%2BjpxFzE2VknA%3D%3D
120,2025_MES_727563_1,[REPAIR/RESURFACING OF CERTAIN ROADS AND CONNECTED ITEMS AT RATNUCHAK MIL STN UNDER GE KALUCHAK],23-Aug-2025 06:00 PM,E-IN-C BRANCH - MILITARY ENGINEER SERVICES||CE WC AND CE PATHANKOT ZONE - MES||CWE JAMMU - MES,14-Oct-2025 06:00 PM,https://defproc.gov.in/nicgep/app?component=%24DirectLink&page=FrontEndLatestActiveCorrigendums&service=direct&session=T&sp=SgNvk%2FqvqfVKv3ssw%2FbIjMg%3D%3D
121,2025_MES_710626_2,[CA NO CE CHZ CHM T 04 2025 26 PROVN OF UG WATER STORAGE TANK WITH PUMP HOUSE AT SUBATHU MIL STN],27-Jun-2025 06:00 PM,E-IN-C BRANCH - MILITARY ENGINEER SERVICES||CE WC AND CE CHANDIGARH ZONE - MES,11-Oct-2025 06:00 PM,https://defproc.gov.in/nicgep/app?component=%24DirectLink&page=FrontEndLatestActiveCorrigendums&service=direct&session=T&sp=S%2F2BO%2BaknciQCSFdfyAuvqA%3D%3D
122,2025_MES_707294_2,[PROVISION OF SEWAGE TREATMENT PLANTS (STPs) AT KANDRORI AND AT MIRTHAL UNDER GE (SOUTH) PATHANKOT],11-Sep-2025 06:00 PM,E-IN-C BRANCH - MILITARY ENGINEER SERVICES||CE WC AND CE PATHANKOT ZONE - MES,15-Oct-2025 06:00 PM,https://defproc.gov.in/nicgep/app?component=%24DirectLink&page=FrontEndLatestActiveCorrigendums&service=direct&session=T&sp=SNirfP8HJL%2Bs28DL9j2WUGA%3D%3D
123,2025_MES_732664_1,[PROVN OF FOOTPATH AROUND PBOR MD ACCN AT MIL STN KATIHAR UNDER AGE (I) KATIHAR],25-Sep-2025 06:00 PM,E-IN-C BRANCH - MILITARY ENGINEER SERVICES||CE EC AND CE SILIGURI ZONE - MES||CWE BENGDUBI - MES||AGE (I) KATIHAR-MES,17-Oct-2025 06:00 PM,https://etender.up.nic.in/nicgep/app?component=%24DirectLink_0&page=FrontEndAdvancedSearchResult&service=direct&session=T&sp=SwtP3YjJP3YurFXEpzv0jQQ%3D%3D
124,2025_MES_731706_1,"[CONSULTANCY SERVICES FOR SOIL INVESTIGATION CONSTR OF OVERHEAD TANK AND WATER SUPPLY SYSTEM AT AVA HILL, MRC WELLINGTON UNDER GE WELLINGTON]",19-Sep-2025 06:00 PM,E-IN-C BRANCH - MILITARY ENGINEER SERVICES||CE SC AND CE CHENNAI ZONE  - MES||CWE WELLINGTON - MES||GE WELLINGTON - MES,01-Oct-2025 06:00 PM,https://etender.up.nic.in/nicgep/app?component=%24DirectLink_0&page=FrontEndAdvancedSearchResult&service=direct&session=T&sp=SZBezJmjSVxQrekQJgDvzGg%3D%3D
125,2025_MES_731141_1,[PERIODICAL SERVICES INTERNAL and EXTERNAL INCLUDING REPAIR TO PLASTERING FACIA-CHAJJA REPAIR ETC IN OTM ACCN IN NORTH ZONE UNDER GE NORTH BINNAGURI],16-Sep-2025 01:00 PM,E-IN-C BRANCH - MILITARY ENGINEER SERVICES||CE EC AND CE SILIGURI ZONE - MES||CWE BINNAGURI - MES||GE (N) BINNAGURI - MES,09-Oct-2025 06:00 PM,https://etender.up.nic.in/nicgep/app?component=%24DirectLink_0&page=FrontEndAdvancedSearchResult&service=direct&session=T&sp=SdPQPXsH58%2F48PcQkKaxHTw%3D%3D
126,2025_MES_729333_1,[AUGMENTATION OF WATER SUPPLY SCHEME FOR CERTAIN AREA IN  RLT VIHAR UNDER GE (N) AKHNOOR ],04-Sep-2025 12:40 PM,E-IN-C BRANCH - MILITARY ENGINEER SERVICES||CE NC AND CE UDHAMPUR ZONE - MES||135 WORKS ENGINEER - MES||GE (N) AKHNOOR - MES,02-Oct-2025 06:00 PM,https://defproc.gov.in/nicgep/app?component=%24DirectLink&page=FrontEndLatestActiveCorrigendums&service=direct&session=T&sp=SLtDnPkYerhk0d%2FLcnI40yw%3D%3D
127,2025_MES_730297_1,"[REPAIRS TO JOINERY, CUPBOARD AND CONNECTED WORKS  IN ZONE-II AREA AT INS CHILKA UNDER GE CHILKA ]",11-Sep-2025 11:30 AM,E-IN-C BRANCH - MILITARY ENGINEER SERVICES||CE EC AND CE (NAVY) VIZAG - MES||CWE (P) VISHAKHAPATNAM - MES||GE (P) CHILKA - MES,01-Oct-2025 06:00 PM,https://defproc.gov.in/nicgep/app?component=%24DirectLink&page=FrontEndLatestActiveCorrigendums&service=direct&session=T&sp=SxryqpjZV5FQnpzyhr7UL%2FQ%3D%3D
128,2025_MES_720317_2,[SPECIAL REPAIR TO INTERNAL ROADS OF ASC COY UNDER GE (WEST) FEROZEPUR CANTT],09-Sep-2025 11:35 AM,E-IN-C BRANCH - MILITARY ENGINEER SERVICES||CE WC AND CE JALANDHAR ZONE - MES||CWE FEROZEPUR - MES,29-Sep-2025 06:00 PM,https://defproc.gov.in/nicgep/app?component=%24DirectLink&page=FrontEndLatestActiveCorrigendums&service=direct&session=T&sp=Si4mrFqQbvRVmPUzICXny8A%3D%3D
129,2025_MES_718669_2,[COMPLETION OF BALANCE WORK FOR DEMOLITION AND RE-CONSTRUCTION OF FOUR NOS OF BLAST PENS AT GREENFIELD AREA AT AF STN AMBALA],17-Sep-2025 06:00 PM,E-IN-C BRANCH - MILITARY ENGINEER SERVICES||CE WC and CE(AF) WAC PALAM-MES,10-Oct-2025 06:00 PM,https://defproc.gov.in/nicgep/app?component=%24DirectLink&page=FrontEndLatestActiveCorrigendums&service=direct&session=T&sp=SiDCWVAMgDvMpucx7QqorAA%3D%3D
130,2025_MES_728755_1,[ADDN/ALTN OF CERTAIN OFFRS MD ACCN AT NAGROTA MIL STN UNDER GE  NAGROTA],01-Sep-2025 06:00 PM,E-IN-C BRANCH - MILITARY ENGINEER SERVICES||CE NC AND CE UDHAMPUR ZONE - MES||CWE NAGROTA - MES,29-Sep-2025 06:00 PM,https://defproc.gov.in/nicgep/app?component=%24DirectLink&page=FrontEndLatestActiveCorrigendums&service=direct&session=T&sp=So9IGU7Z01GS8HES%2BTI3azw%3D%3D
131,2025_MES_730547_1,[REPAIR AND MAINTENANCE OF FIRE ALARM SYSTEM AND SERVICING OF SOLAR WATER HEATER AT OLD E SECTOR AT DOLPHIN HILL UNDER GE(NB) VISAKHAPATNAM],12-Sep-2025 06:00 PM,E-IN-C BRANCH - MILITARY ENGINEER SERVICES||CE EC AND CE (NAVY) VIZAG - MES||CWE VISAKHAPATNAM - MES||GE NAVAL BASE VISAKHAPATNAM - MES,03-Oct-2025 06:00 PM,https://defproc.gov.in/nicgep/app?component=%24DirectLink&page=FrontEndLatestActiveCorrigendums&service=direct&session=T&sp=S1n5fWqwJTl0CcA8ENvhWdQ%3D%3D
132,2025_MES_729109_1,[WELCOME MAINT OF OFFRS MD ACCN UNDER AGE (I) FATEHGARH],03-Sep-2025 12:00 PM,E-IN-C BRANCH - MILITARY ENGINEER SERVICES||CE CC AND CE LUCKNOW ZONE - MES||CWE AGRA - MES,01-Oct-2025 06:00 PM,https://defproc.gov.in/nicgep/app?component=%24DirectLink&page=FrontEndLatestActiveCorrigendums&service=direct&session=T&sp=SDSqAazcvjpQp%2BtN20ZrUTw%3D%3D
133,2025_MES_728953_1,"[REPAIR/MAINTENANCE TO PUMP MOTORS, STARTERS , PANEL , WATER SPLY PIPE LINE, RAISING MAINS , DISTRIBUTION SYSTEM, SUPPLY OF DEFI PORTABLE WATER AND REPAIR TO SPLIT, WINDOW AC  , WATER COOLERS, REF  DEEP FREEZER AT AF STATION MADH ISLAND   UNDER GE(A]",02-Sep-2025 04:30 PM,E-IN-C BRANCH - MILITARY ENGINEER SERVICES||CE SWC AND CE (AF) GANDHINAGAR - MES||CWE (AF) LOHOGAON - MES||GE (AF) THANE - MES,29-Sep-2025 06:00 PM,https://defproc.gov.in/nicgep/app?component=%24DirectLink&page=FrontEndLatestActiveCorrigendums&service=direct&session=T&sp=SO6phOComqcSJBTSW2vdzaA%3D%3D
134,2025_MES_711418_1,[PROVISION OF STP AT MANAURI UNDER AGE I MANAURI],30-May-2025 06:00 PM,E-IN-C BRANCH - MILITARY ENGINEER SERVICES||CESC AND CE (AF) NAGPUR - MES,15-Oct-2025 06:00 PM,https://defproc.gov.in/nicgep/app?component=%24DirectLink&page=FrontEndLatestActiveCorrigendums&service=direct&session=T&sp=SgtS6GZadmREG4lVOWF5gXQ%3D%3D
135,2025_MES_731279_1,[COMPRENSIVE DAY TO DAY MAINTENANCE CONTRACT FOR COMPLAINTS OF ALL TYOES INCLUDING B/R AND E/M COMPLAINTS IN AOR OF AGE B/R-III OG GE (AWC) FOR KLP AND OTHER THAN KLP AREA OF HQ AWC MHOW. ],17-Sep-2025 11:00 AM,E-IN-C BRANCH - MILITARY ENGINEER SERVICES||CE CC AND CE JABALPUR ZONE - MES||CWE MHOW - MES||GE AWC - MES,08-Oct-2025 06:00 PM,https://etender.up.nic.in/nicgep/app?component=%24DirectLink_0&page=FrontEndAdvancedSearchResult&service=direct&session=T&sp=STPcRUavNsWPj5FWGWsy85Q%3D%3D
136,2025_MES_729836_1,[PROVN OF GEYSERS FOR JCOSOR MD ACCN ADDN ALTN TO BLDG NO P53 and T82 AND PROVN OF LED BOLLARD LIGHTS AT SUNDERBANI  UNDER GE NORTH AKHNOOR ],08-Sep-2025 05:40 PM,E-IN-C BRANCH - MILITARY ENGINEER SERVICES||CE NC AND CE UDHAMPUR ZONE - MES||135 WORKS ENGINEER - MES||GE (N) AKHNOOR - MES,29-Sep-2025 06:00 PM,https://defproc.gov.in/nicgep/app?component=%24DirectLink&page=FrontEndLatestActiveCorrigendums&service=direct&session=T&sp=SL46gbS0rM0DIQ6ajfzxpDA%3D%3D
137,2025_MES_701122_1,"[SPECIAL REPAIRS/REPLACEMENT OF OLD UNSERVICEABLE BER LIFT AT JHELUM P 175 ,MAHANADI P-174 ,BRAHAMAPUTRA P 141  AND GODAVARI P 142 BLDG INSIDE NAUSENA BAUGH UNDER GE  U-I, VISAKHAPATNAM]",29-May-2025 06:00 PM,E-IN-C BRANCH - MILITARY ENGINEER SERVICES||CE EC AND CE (NAVY) VIZAG - MES||CWE VISAKHAPATNAM - MES,04-Oct-2025 06:00 PM,https://defproc.gov.in/nicgep/app?component=%24DirectLink&page=FrontEndLatestActiveCorrigendums&service=direct&session=T&sp=STCh2iFPhhHZsNYn4hZiOWQ%3D%3D
138,2025_MES_728028_1,[ADDITION ALTERATION AND SPECIAL REPAIRS TO CERTAIN BUILDING AT VARIOUS LOCATIONS AT JHANSI MILITARY  STATION],27-Aug-2025 06:00 PM,E-IN-C BRANCH - MILITARY ENGINEER SERVICES||CESC AND CE BHOPAL ZONE  - MES,04-Oct-2025 06:00 PM,https://defproc.gov.in/nicgep/app?component=%24DirectLink&page=FrontEndLatestActiveCorrigendums&service=direct&session=T&sp=SmmY9KbqrULf384ohdYjXYw%3D%3D
139,2025_MES_729439_1,[SPL REPAIRS REPLACEMENT OF STUDY TABLES AT OTM KITCHEN CUPBOARD IN MD ACCN OFFR MESS AT KHOJATOLI AND UPGRADATION OF SEWAGE DISPOSAL FACILITY AT HUSSAINIWALA LINES AT RANCHI MIL STN UNDER GE RANCHI],04-Sep-2025 06:00 PM,E-IN-C BRANCH - MILITARY ENGINEER SERVICES||CE CC AND CE JABALPUR ZONE - MES||CWE RANCHI - MES||GE RANCHI - MES,02-Oct-2025 06:00 PM,https://defproc.gov.in/nicgep/app?component=%24DirectLink&page=FrontEndLatestActiveCorrigendums&service=direct&session=T&sp=S%2BUQdrcOl%2FvBWSwzhz5AkFA%3D%3D
140,2025_MES_732162_1,[REPAIR MAINTENANCE OF EXISTING EARTHING INFRASTRUCTURE LA SYSTEM SECURITY LIGHTS AND CONNECTED EM WORKS AT AF STN PURNEA UNDER AGE I AF PURNEA],22-Sep-2025 06:50 PM,E-IN-C BRANCH - MILITARY ENGINEER SERVICES||CE EC AND CE (AF) SHILLONG - MES||CWE (AF) PANAGARH-MES||GE (AF) PURNEA-MES,13-Oct-2025 06:00 PM,https://etender.up.nic.in/nicgep/app?component=%24DirectLink_0&page=FrontEndAdvancedSearchResult&service=direct&session=T&sp=SsiBfppY2wgj%2BzYErNPixyg%3D%3D
141,2025_MES_725211_2,"[REPAIR/MAINTENANCE AND REPLACEMENT OF LT CABLE, LT PANEL, LT BUSBAR, LT JOINT AND OTHER CONNECTED WORK AT SECTOR C UNDER GE (A) BARODA.]",12-Sep-2025 02:00 PM,E-IN-C BRANCH - MILITARY ENGINEER SERVICES||CESC AND CE JODHPUR ZONE - MES||CWE AHMEDABAD - MES||GE (ARMY ) BARODA - MES,02-Oct-2025 06:00 PM,https://defproc.gov.in/nicgep/app?component=%24DirectLink&page=FrontEndLatestActiveCorrigendums&service=direct&session=T&sp=Sc807agcZ6qsC9cb%2BAOXw1g%3D%3D
142,2025_MES_729514_1,[PERIODICAL SERVICES TO BUILDINGS IN MARRIED ACCN AT AFS KUMBHIRGRAM],04-Sep-2025 06:55 PM,E-IN-C BRANCH - MILITARY ENGINEER SERVICES||CE EC AND CE (AF) SHILLONG - MES||CWE (AF) BORJAR - MES,02-Oct-2025 06:00 PM,https://defproc.gov.in/nicgep/app?component=%24DirectLink&page=FrontEndLatestActiveCorrigendums&service=direct&session=T&sp=SD%2Bd6W2eI3sTkq18npSkpDw%3D%3D
143,2025_MES_731231_1,[REPAIR/ MAINTENANCE TO EXTERNAL WATER SUPPLY  SYSTEM AND CONNECTED WORK IN TECH AREA AT AF STN  PHALODI.],16-Sep-2025 06:55 PM,E-IN-C BRANCH - MILITARY ENGINEER SERVICES||CE SWC AND CE (AF) GANDHINAGAR - MES||CWE (AF) JODHPUR - MES||GE (AF) PHALODI - MES,07-Oct-2025 06:00 PM,https://defproc.gov.in/nicgep/app?component=%24DirectLink&page=FrontEndLatestActiveCorrigendums&service=direct&session=T&sp=SZScgDnGtwmYJImXq6b37vA%3D%3D
144,2025_DGDE_733051_1,[M and L preparing bituminous for surfaces of road ],29-Sep-2025 10:00 AM,Directorate General Defence Estates||Principal Directorate Defence Estates- Central Command Lucknow||Cantonment Board Roorkee- CC Lucknow,13-Oct-2025 04:00 PM,https://etender.up.nic.in/nicgep/app?component=%24DirectLink_0&page=FrontEndAdvancedSearchResult&service=direct&session=T&sp=Srkg0fHAf4Rimz3ionMFoHg%3D%3D
145,2025_MES_730121_1,"[REPAIR MAINT OF INTERNAL WIRING LIGHT FITTING/FIXTURES AT OTM ACCN ASC (SOUTH) TB II ,TB III, ADM BN, TRG WING AREA OTHER CONNECTED AREA UNDER GE (CENTRAL) BANGALORE]",10-Sep-2025 12:00 PM,E-IN-C BRANCH - MILITARY ENGINEER SERVICES||CE SC AND CE CHENNAI ZONE  - MES||CWE (ARMY) BANGALORE - MES,01-Oct-2025 06:00 PM,https://etender.up.nic.in/nicgep/app?component=%24DirectLink_0&page=FrontEndAdvancedSearchResult&service=direct&session=T&sp=S%2B181kAu9qzJLoWxS%2F2GzxA%3D%3D
146,2025_MES_727848_1,"[SPECIAL REPAIR TO CERTAIN BLDGS, PROVN OF URINAL AT ZANGLI UNDER THE AOR OF GE 874 EWS.]",26-Aug-2025 03:00 PM,E-IN-C BRANCH - MILITARY ENGINEER SERVICES||CE NC AND CE 31 ZONE - MES||133 WORKS ENGINEER - MES||GE 874 EWS - MES,02-Oct-2025 06:00 PM,https://defproc.gov.in/nicgep/app?component=%24DirectLink&page=FrontEndLatestActiveCorrigendums&service=direct&session=T&sp=S%2FSQApYqHxwn1nGNrfx5loA%3D%3D
147,2025_MES_720749_2,"[REPAIR TO BOUNDARY WALL, COMPOUND WALL AND FENCING INCLUDING PAINTING AT AIR FORCE STATION BARWALA UNDER AGE (I) HIGHGROUND CHANDIGARH]",16-Sep-2025 12:00 PM,E-IN-C BRANCH - MILITARY ENGINEER SERVICES||CE WC and CE(AF) WAC PALAM-MES||CWE (AF) Chandigarh-MES||AGE (I) Highground - MES,30-Sep-2025 06:00 PM,https://etender.up.nic.in/nicgep/app?component=%24DirectLink_0&page=FrontEndAdvancedSearchResult&service=direct&session=T&sp=SC7ZH12PR3sZtdyu8MyxppA%3D%3D
148,2025_MES_729022_1,"[Spl Repair to Old Water Supply Distribution System at Ashok Vihar Married Accn, Sub Area Officer Mess and 15 FAD Pump House under GE (Utilities) Udhampur.]",02-Sep-2025 06:55 PM,E-IN-C BRANCH - MILITARY ENGINEER SERVICES||CE NC AND CE UDHAMPUR ZONE - MES||CWE UDHAMPUR - MES||GE (U) UDHAMPUR - MES,30-Sep-2025 06:00 PM,https://defproc.gov.in/nicgep/app?component=%24DirectLink&page=FrontEndLatestActiveCorrigendums&service=direct&session=T&sp=SXYCFDdVd3%2BbcXY4gNIL62g%3D%3D
149,2025_MES_728242_1,[MAINT AND REPAIRS TO CHEMICAL DOSING SYSTEM INCLUDING CONSUMABLES FOR WATER SUPPLY INSTALLATIONS AT AFS BIDAR],28-Aug-2025 05:10 PM,E-IN-C BRANCH - MILITARY ENGINEER SERVICES||CESC AND CE (AF) BANGALORE - MES||CWE (AF) SECUNDERABAD - MES||GE(AF)BIDAR - MES,30-Sep-2025 06:00 PM,https://defproc.gov.in/nicgep/app?component=%24DirectLink&page=FrontEndLatestActiveCorrigendums&service=direct&session=T&sp=SBdnt%2BL04R2pN5B6dYFv7tQ%3D%3D
150,2025_MES_731206_1,[PROVISION OF TECHNICAL STORAGE ACCN AT MASIMPUR UNDER GE SILCHAR ],16-Sep-2025 05:00 PM,E-IN-C BRANCH - MILITARY ENGINEER SERVICES||CE EC AND CE SHILLONG ZONE - MES,21-Oct-2025 06:00 PM,https://etender.up.nic.in/nicgep/app?component=%24DirectLink_0&page=FrontEndAdvancedSearchResult&service=direct&session=T&sp=S2Mar8dCtbsvKJDZmgpUpUw%3D%3D
151,2025_MES_729399_1,[GE/P-01/2025-26],10-Sep-2025 11:00 AM,E-IN-C BRANCH - MILITARY ENGINEER SERVICES||CE WC and CE(AF) WAC PALAM-MES||CWE (AF) Palam-MES||GE (P) (AF) South Palam-MES,08-Oct-2025 06:00 PM,https://defproc.gov.in/nicgep/app?component=%24DirectLink&page=FrontEndLatestActiveCorrigendums&service=direct&session=T&sp=Sqqt7fQrHwFZGif0imWtevw%3D%3D
152,2025_MES_732071_1,[PROVN OF CERTAIN REVENUE WORKS AT LGJ MIL STN],22-Sep-2025 06:00 PM,E-IN-C BRANCH - MILITARY ENGINEER SERVICES||CE SWC AND CE BATHINDA ZONE - MES||CWE GANGANAGAR - MES||GE LALGARH JATTAN - MES,13-Oct-2025 06:00 PM,https://etender.up.nic.in/nicgep/app?component=%24DirectLink_0&page=FrontEndAdvancedSearchResult&service=direct&session=T&sp=SG5VUo53vA2KKHFcIt8TgAg%3D%3D
153,2025_MES_731975_1,[RECONSTRUCTION/IMPROVEMENT OF MONSOON DRAINS  ALONGWITH PROVISION OF WINDOW GRILL IN OFFICE OF D(T) HANGERS AT MTTI  AT AIR FORCE STATION UNDER GE AVADI.],20-Sep-2025 04:30 PM,E-IN-C BRANCH - MILITARY ENGINEER SERVICES||CE SC AND CE CHENNAI ZONE  - MES||CWE CHENNAI - MES||GE AVADI- MES,04-Oct-2025 06:00 PM,https://defproc.gov.in/nicgep/app?component=%24DirectLink&page=FrontEndLatestActiveCorrigendums&service=direct&session=T&sp=SoCImh3x0sE9vbP337QZtfA%3D%3D
154,2025_MES_728950_1,"[PROVISION OF REST ROOMS, WATCH TOWER AND ALLIED SERVICES FOR VARIOUS DSC POST AT ICGAS, DAMAN]",02-Sep-2025 03:40 PM,E-IN-C BRANCH - MILITARY ENGINEER SERVICES||ADG (CG AND PROJECT) CHENNAI AND CE (CG) GOA - MES,08-Oct-2025 06:00 PM,https://defproc.gov.in/nicgep/app?component=%24DirectLink&page=FrontEndLatestActiveCorrigendums&service=direct&session=T&sp=SbeakItDiQwyc4gzzX%2B9pSQ%3D%3D
155,2025_MES_729633_1,[REPAIR AND POLISHING OF WOODEN FURNITURE FD MAP OF OMQS SMQS SINGLE ACCN OFFICE FURNITURE AT AFSK CHAKERI KANPUR],06-Sep-2025 01:00 PM,E-IN-C BRANCH - MILITARY ENGINEER SERVICES||CESC AND CE (AF) NAGPUR - MES||CWE (AF) CHAKERI - MES||GE B/R AF CHAKERI - MES,04-Oct-2025 06:00 PM,https://defproc.gov.in/nicgep/app?component=%24DirectLink&page=FrontEndLatestActiveCorrigendums&service=direct&session=T&sp=SUSd1ygQkT3rlUA%2BIu%2Bpg4A%3D%3D
156,2025_MES_728789_1,[REPAIR OF FURNITURE AT MIL STN FAZILKA],01-Sep-2025 06:00 PM,E-IN-C BRANCH - MILITARY ENGINEER SERVICES||CE SWC AND CE BATHINDA ZONE - MES||CWE GANGANAGAR - MES,29-Sep-2025 06:00 PM,https://defproc.gov.in/nicgep/app?component=%24DirectLink&page=FrontEndLatestActiveCorrigendums&service=direct&session=T&sp=ScJVLcoZNa4LzrUctc2lCuA%3D%3D
157,2025_MES_731901_1,[ADDN/ALTN OF BLDG NO T14 COOK HOUSE AT RPA FIT IN U AREA UNDER GE SUKNA AND CERTAIN OTHER SANCTIONED WORKS IN SUKNA MIL STN UNDER GE SUKNA],22-Sep-2025 06:00 PM,E-IN-C BRANCH - MILITARY ENGINEER SERVICES||CE EC AND CE SILIGURI ZONE - MES||CWE BENGDUBI - MES||GE SUKNA - MES,16-Oct-2025 06:00 PM,https://defproc.gov.in/nicgep/app?component=%24DirectLink&page=FrontEndLatestActiveCorrigendums&service=direct&session=T&sp=SHqMX0FEQ1Vas9fTE1DpLyQ%3D%3D
158,2025_MES_723968_2,"[PERIODICAL SERVICES TO OTM, MD ACCN AND CERTAIN MISC BR WORKS AND REPAIRS TO BRICK  PCC  RCC DRAIN, COVER SLABS, MANHOLE CHAMBERS AT SPDC, WED, DSRV, NSD MANKHURD, TS MAHUL, NSD SEWRI UNDER GE (NW) MANKHURD]",16-Sep-2025 06:45 PM,E-IN-C BRANCH - MILITARY ENGINEER SERVICES||CESC AND CE( NAVY )MUMBAI - MES||CWE (SUBURB) MUMBAI - MES||GE (NW) MANKHURD - MES,29-Sep-2025 06:00 PM,https://defproc.gov.in/nicgep/app?component=%24DirectLink&page=FrontEndLatestActiveCorrigendums&service=direct&session=T&sp=S2wGi%2BiV4DdY31StzLw7oYQ%3D%3D
159,2025_MES_726800_1,[IMPROVEMENT OF LP SECTION AND RATION STORE AT  AF STATION AGRA UNDER GE (AF) TECH AREA AGRA],08-Sep-2025 06:00 PM,E-IN-C BRANCH - MILITARY ENGINEER SERVICES||CE CC AND CE (AF) ALLAHABAD - MES||CWE (AF) KHERIA - MES||GE (AF) TECH AREA KHERIA - MES,30-Sep-2025 06:00 PM,https://defproc.gov.in/nicgep/app?component=%24DirectLink&page=FrontEndLatestActiveCorrigendums&service=direct&session=T&sp=St6FfW8ebL0QGYzxsCWEkQQ%3D%3D
160,2025_MES_729793_1,[PROVN OF CERTAIN SANCTION WORKS AT AF STATION PALAM UNDER GE (AF) PALAM DELHI CANTT-10],08-Sep-2025 06:00 PM,E-IN-C BRANCH - MILITARY ENGINEER SERVICES||CE WC and CE(AF) WAC PALAM-MES||CWE (AF) Palam-MES||GE (AF) North Palam-MES,29-Sep-2025 06:00 PM,https://defproc.gov.in/nicgep/app?component=%24DirectLink&page=FrontEndLatestActiveCorrigendums&service=direct&session=T&sp=SURnJqUKsppnk0NG1z%2BHd4w%3D%3D
161,2025_MES_732445_1,[GE/WS/Token No-40 OF 2025-26	],24-Sep-2025 05:00 PM,E-IN-C BRANCH - MILITARY ENGINEER SERVICES||CE WC and CE DELHI ZONE-MES||CWE (U) DELHI CANTT-MES||GE(U)WATER SUPPLY DELHI CANTT-MES,15-Oct-2025 06:00 PM,https://etender.up.nic.in/nicgep/app?component=%24DirectLink_0&page=FrontEndAdvancedSearchResult&service=direct&session=T&sp=Sdx8awM8ASXkxQE9KDZTbCw%3D%3D
162,2025_ARMY_729102_1,"[Proc of Item Part No P1 155SW/W IPA 001CN, Integrated Barrel With Breech Ring, M E  155MM FH77 BO2 Gun system]",03-Sep-2025 11:00 AM,IHQ of MoD (Army)-(OSCC)||MGO BR-IHQ of MoD (Army)-(OSCC)||ADG PROC-MGO BR-IHQ of MoD (Army)-(OSCC)||PPO-ADG PROC-MGO BR-IHQ of MoD(Army),13-Oct-2025 05:00 PM,https://defproc.gov.in/nicgep/app?component=%24DirectLink&page=FrontEndLatestActiveCorrigendums&service=direct&session=T&sp=Soauw3JDOexgiRtJ%2FWCiFeg%3D%3D
163,2025_MES_730945_1,[REPAIR TO ROAD POT HOLES AND ROAD FURNITURES AT JORHAT MIL STN],15-Sep-2025 05:30 PM,E-IN-C BRANCH - MILITARY ENGINEER SERVICES||CE EC AND CE SHILLONG ZONE - MES||CWE Likabali - MES,10-Oct-2025 06:00 PM,https://defproc.gov.in/nicgep/app?component=%24DirectLink&page=FrontEndLatestActiveCorrigendums&service=direct&session=T&sp=SHPRb17JQLK4Ei1jl9c%2BZVA%3D%3D
164,2025_MES_722752_2,"[REPAIRS TO SEWAGE LINE, MH/GT, CULVERT, GARBAGE PIT AND CLEANING OF SEWAGE LINE, MG/GT, SPTIC TANK, STP, SEWAGE WELL AND OTHER MISC WORKS AT WEST SIDE OF LEHL MARG UNDER GE (S) BINNAGURI]",13-Sep-2025 01:00 PM,E-IN-C BRANCH - MILITARY ENGINEER SERVICES||CE EC AND CE SILIGURI ZONE - MES||CWE BINNAGURI - MES||GE (S) BINNAGURI - MES,04-Oct-2025 06:00 PM,https://defproc.gov.in/nicgep/app?component=%24DirectLink&page=FrontEndLatestActiveCorrigendums&service=direct&session=T&sp=SaWsxz3mIYbpBWcx6OXNFAw%3D%3D
165,2025_MES_728826_1,[PROVN OF TRAINING AND SPORTS/ GAMES INFRASTRUCTURE  AT MIC AND S UNDER GE (SOUTH) AHMEDNAGAR],03-Sep-2025 05:00 PM,E-IN-C BRANCH - MILITARY ENGINEER SERVICES||CE SC AND CE PUNE ZONE - MES,08-Oct-2025 06:00 PM,https://defproc.gov.in/nicgep/app?component=%24DirectLink&page=FrontEndLatestActiveCorrigendums&service=direct&session=T&sp=SLYzlbGF8gVR8aVe1MuEibA%3D%3D
166,2025_MES_715483_1,"[SPECIAL REPAIR TO OR LIVING ACCN BLDG NO T-1239, T-1241, T-1243, T-1248 AND T-1253 UNDER AGE B/R-V AND AGE E/M-V OF GE (N) BATHINDA AT BATHINDA MIL STN]",19-Jun-2025 06:00 PM,E-IN-C BRANCH - MILITARY ENGINEER SERVICES||CE SWC AND CE BATHINDA ZONE - MES||CWE BATHINDA - MES||GE (NORTH) BATHINDA - MES,06-Oct-2025 06:00 PM,https://defproc.gov.in/nicgep/app?component=%24DirectLink&page=FrontEndLatestActiveCorrigendums&service=direct&session=T&sp=SPuvYrhl8R0XuZcfR8i3M9g%3D%3D
167,2025_NAVY_731741_1,[REPAIR RATE CONTRACT TOWARDS OVERHAULING OF PNEUMATIC RAMs FOR A PERIOD OF 02 YEARS],19-Sep-2025 04:00 PM,IHQ of MOD (Navy)||WESTERN NAVAL COMMAND - NAVY||HQKNA - NAVY||WED(KAR) - NAVY,09-Oct-2025 10:00 AM,https://etender.up.nic.in/nicgep/app?component=%24DirectLink_0&page=FrontEndAdvancedSearchResult&service=direct&session=T&sp=SVk3DMO07%2BKTldUD375Wswg%3D%3D
168,2025_MES_725934_1,[CA NO CE CHZ AMB T 14 2025 26 RESTORATION OF MD ACCN TO ARREST IMMEDIATE LEAKAGE AND SEEPAGE WITH ASSOCIATED WKS AT AMBALA CANTT UNDER GE S AMBALA],13-Aug-2025 06:00 PM,E-IN-C BRANCH - MILITARY ENGINEER SERVICES||CE WC AND CE CHANDIGARH ZONE - MES,11-Oct-2025 06:00 PM,https://defproc.gov.in/nicgep/app?component=%24DirectLink&page=FrontEndLatestActiveCorrigendums&service=direct&session=T&sp=SgNHAjRqVbK33q86uI589gQ%3D%3D
169,2025_MES_725049_1,[PROVN OF WATER SUPPLY AND AUGMENTATION AT SUNJUWAN MIL STN UNDER GE JAMMU],07-Aug-2025 06:00 PM,E-IN-C BRANCH - MILITARY ENGINEER SERVICES||CE WC AND CE PATHANKOT ZONE - MES||CWE JAMMU - MES,11-Oct-2025 06:00 PM,https://defproc.gov.in/nicgep/app?component=%24DirectLink&page=FrontEndLatestActiveCorrigendums&service=direct&session=T&sp=SKEO72JoswwBla6hrpJ%2B1HA%3D%3D
170,2025_MES_728940_1,"[REPAIR AND CLEANING OF SEWAGE LINES, MANHOLES, SEPTIC TANKS SOAKWELL, HARDSTANDING, FENCING AND CONNECTED ITEMS AT BIRPUR AREA AT RATNUCHAK MIL STN UNDER GE KALUCHAK]",02-Sep-2025 06:00 PM,E-IN-C BRANCH - MILITARY ENGINEER SERVICES||CE WC AND CE PATHANKOT ZONE - MES||CWE JAMMU - MES||GE KALUCHAK - MES,01-Oct-2025 06:00 PM,https://defproc.gov.in/nicgep/app?component=%24DirectLink&page=FrontEndLatestActiveCorrigendums&service=direct&session=T&sp=SJYoZib%2FbgB5gFOAgX27XlQ%3D%3D
171,2025_MES_726839_2,"[REPAIR, MAINT AND IMPROVEMENT OF WATER SUPPLY, SEWAGE PUMP HOUSE, REPAIR AND DG SET REPAIR UNDER GE DRONACHAL]",16-Sep-2025 02:00 PM,E-IN-C BRANCH - MILITARY ENGINEER SERVICES||CESC AND CE BHOPAL ZONE  - MES||CWE BHOPAL - MES||GE DRONACHAL - MES,01-Oct-2025 06:00 PM,https://defproc.gov.in/nicgep/app?component=%24DirectLink&page=FrontEndLatestActiveCorrigendums&service=direct&session=T&sp=S8TDGlMHIroS8BD154ElPYA%3D%3D
172,2025_ARMY_714203_1,[10(25-26)],13-Jun-2025 12:00 PM,IHQ of MoD (Army)-(OSCC)||DGAFMS-IHQ of MoD (Army)-(OSCC)||DG 2 GROUP-IHQ of MoD (Army)-(OSCC)||AFMSD 4-IHQ of MoD (Army),15-Oct-2025 10:00 AM,https://defproc.gov.in/nicgep/app?component=%24DirectLink&page=FrontEndLatestActiveCorrigendums&service=direct&session=T&sp=SbWrRysdwssT0fkZ34XqSZA%3D%3D
173,2025_MES_731777_1,[CERTAIN SANCTIONED REVENUE AND MINOR WORKS AT SUNJUWAN UNDER GE JAMMU],19-Sep-2025 06:00 PM,E-IN-C BRANCH - MILITARY ENGINEER SERVICES||CE WC AND CE PATHANKOT ZONE - MES||CWE JAMMU - MES||GE JAMMU - MES,10-Oct-2025 06:00 PM,https://defproc.gov.in/nicgep/app?component=%24DirectLink&page=FrontEndLatestActiveCorrigendums&service=direct&session=T&sp=S1AQ6UnlqcmnTT6j0fq9JYQ%3D%3D
174,2025_MES_717463_3,[REPAIR/ REPLACEMENT OF CENTRAL HEATING PLANT AND UNIT AT AGE (I) R and D MANALI],15-Sep-2025 06:00 PM,E-IN-C BRANCH - MILITARY ENGINEER SERVICES||ADG (OF and DRDO)  AND CE (R and D) DELHI-  MES||AGE(I) R and D Manali - MES||AGE (I) R and D MANALI- MES,04-Oct-2025 06:00 PM,https://etender.up.nic.in/nicgep/app?component=%24DirectLink_0&page=FrontEndAdvancedSearchResult&service=direct&session=T&sp=ShCwFs0rKGNOT77x3zdwWVw%3D%3D
175,2025_MES_729750_1,[SPECIAL REPAIR/ REPLACEMENT OF TRANSFORMER AGAINST BER WITH ENHANCED CAPACITY AND CONNECTED ITEMS AT AFS JAIPUR],08-Sep-2025 10:00 AM,E-IN-C BRANCH - MILITARY ENGINEER SERVICES||CE SWC AND CE (AF) GANDHINAGAR - MES||CWE (AF) JODHPUR - MES,17-Oct-2025 06:00 PM,https://defproc.gov.in/nicgep/app?component=%24DirectLink&page=FrontEndLatestActiveCorrigendums&service=direct&session=T&sp=S%2BqjA23UwB%2BvBtu0lcy4i5g%3D%3D
176,2025_MES_731684_1,"[REPAIR /MAINT OF ROOFING, SUNKEN, PLASTERING,  INCLUDING PLUMBING WORK, PERIODICAL SERICES, JOINERY AND OTHER MISC WORKS IN CERTAIN JCOs/OR ACCN AT JS ENCLAVE AND MES COLONY INCL PRE MAP AND MAP MD ACCN  AT SRI GANGANAGAR MIL STN]",19-Sep-2025 06:00 PM,E-IN-C BRANCH - MILITARY ENGINEER SERVICES||CE SWC AND CE BATHINDA ZONE - MES||CWE GANGANAGAR - MES,11-Oct-2025 06:00 PM,https://etender.up.nic.in/nicgep/app?component=%24DirectLink_0&page=FrontEndAdvancedSearchResult&service=direct&session=T&sp=SNrz%2BjiSkdlsBwNJuQEaxHw%3D%3D
177,2025_BRO_725252_1,[Consultancy services for Authoritys Engineer for Supervision of Construction of Mipi Andrathang road from Km 20.000 to 50.000 Design Length 34.880 km Between km 20.000 to 54.880green field Alignment to NHSL Specifications in the AoR of Project Udayak],08-Aug-2025 05:00 PM,Dte General Border Roads Organisation||HQ CE(P) Udayak(Doom Dooma) - BRO,06-Oct-2025 11:00 AM,https://defproc.gov.in/nicgep/app?component=%24DirectLink&page=FrontEndLatestActiveCorrigendums&service=direct&session=T&sp=Stg9Fi2wqm8B4XLOIYu6RqQ%3D%3D
178,2025_MES_728403_1,[GE/863/EWS-T-46 OF 2025-26 SPL REPAIR TO BLDG NO HT-02 HT-03 P-83 OF GE 863 EWS AND PROVN OF COVE],01-Sep-2025 06:00 PM,E-IN-C BRANCH - MILITARY ENGINEER SERVICES||CE CC AND CE BAREILLY ZONE - MES||CWE HILLS DEHRADUN -  MES||GE 863 EWS - MES,02-Oct-2025 09:00 AM,https://defproc.gov.in/nicgep/app?component=%24DirectLink&page=FrontEndLatestActiveCorrigendums&service=direct&session=T&sp=S8IyrYIeUZb3xEykwuRSc4A%3D%3D
179,2025_MES_732649_1,[Addn/Altn to GE (P) Office and Provn of ladies toilet for office complex at Bikaner Mil Station under GE (P) Bikaner],25-Sep-2025 06:00 PM,E-IN-C BRANCH - MILITARY ENGINEER SERVICES||CE SWC AND CE BATHINDA ZONE - MES||CWE BIKANER - MES,16-Oct-2025 06:00 PM,https://etender.up.nic.in/nicgep/app?component=%24DirectLink_0&page=FrontEndAdvancedSearchResult&service=direct&session=T&sp=SPh65nrg3HItRDqFNOU9vJA%3D%3D
180,2025_MES_725970_1,[752986A PROVN OF SINGLE MEN BARRACKS INCLUDING COOK HOUSE IN EPC MODE FOR AGNIVEERS AT 1 STC JABALPUR],12-Sep-2025 06:00 PM,E-IN-C BRANCH - MILITARY ENGINEER SERVICES||CE CC AND CE JABALPUR ZONE - MES,17-Oct-2025 06:00 PM,https://etender.up.nic.in/nicgep/app?component=%24DirectLink_0&page=FrontEndAdvancedSearchResult&service=direct&session=T&sp=SdRvvoTdIc8seewiT2kkp5g%3D%3D
181,2025_MES_728163_1,[81804 EXTENSION OF MULTIPURPOSE TRAINING SHED AT NDA UNDER GE (P)(NDA) KHADAKWASLA.],28-Aug-2025 04:00 PM,E-IN-C BRANCH - MILITARY ENGINEER SERVICES||CE SC AND CE PUNE ZONE - MES||CWE PUNE - MES,02-Oct-2025 06:00 PM,https://defproc.gov.in/nicgep/app?component=%24DirectLink&page=FrontEndLatestActiveCorrigendums&service=direct&session=T&sp=SCf7mdtSXlhsqxEXsb9nWxg%3D%3D
182,2025_MES_727402_1,[PROVN OF OTM ACCN FOR ARMD REGT (PHASE-I OF TWO PHASES) AT BIKANER MIL STN (JOB NO SW/223)],23-Aug-2025 09:00 AM,E-IN-C BRANCH - MILITARY ENGINEER SERVICES||CE SWC AND CE BATHINDA ZONE - MES,13-Oct-2025 06:00 PM,https://defproc.gov.in/nicgep/app?component=%24DirectLink&page=FrontEndLatestActiveCorrigendums&service=direct&session=T&sp=SYxvEF%2BVTEYkEl9fy1OimTw%3D%3D
183,2025_MES_733177_1,[82688 PROVISION OF DEFICIENT FURNITURE FOR OFFICERS MARRIED ACCN AT SAIDAPET UNDER GE NAVY CHENNAI],29-Sep-2025 02:00 PM,E-IN-C BRANCH - MILITARY ENGINEER SERVICES||CE EC AND CE (NAVY) VIZAG - MES||CWE (Navy) Chennai - MES,20-Oct-2025 06:00 PM,https://etender.up.nic.in/nicgep/app?component=%24DirectLink_0&page=FrontEndAdvancedSearchResult&service=direct&session=T&sp=SLNQwcDxSsTis8%2BJhtH761A%3D%3D
184,2025_MES_716707_2,[RENOVATION OF ROLLER BARRIER GATE OF HELO HANGER AT CGAE KOCHI],28-Aug-2025 06:00 PM,E-IN-C BRANCH - MILITARY ENGINEER SERVICES||ADG (CG AND PROJECT) CHENNAI AND CE (CG) GOA - MES||GE (CG) KOCHI - MES,04-Oct-2025 06:00 PM,https://defproc.gov.in/nicgep/app?component=%24DirectLink&page=FrontEndLatestActiveCorrigendums&service=direct&session=T&sp=S3cJ9sm5udedDBh2EfluU5w%3D%3D
185,2025_MES_728641_1,[REPAIR OF WOODEN AND STEEL FURNITUR UNDER GE P NO 1 JABALPUR],30-Aug-2025 04:30 PM,E-IN-C BRANCH - MILITARY ENGINEER SERVICES||CE CC AND CE JABALPUR ZONE - MES||CWE JABALPUR - MES||GE (P) JABALPUR - MES,18-Oct-2025 06:00 PM,https://defproc.gov.in/nicgep/app?component=%24DirectLink&page=FrontEndLatestActiveCorrigendums&service=direct&session=T&sp=StzDvpgDt7IA%2BaDLr5Y7S4Q%3D%3D
186,2025_MES_705136_2,[PROVN OF SEWAGE TREATMENT PLANT ALONGWITH CONNECTED WORKS INCLUDING OUTSOURCING SERVICES AT BARAMULLA UNDER GE 969 EWS],10-Sep-2025 03:00 PM,E-IN-C BRANCH - MILITARY ENGINEER SERVICES||CE NC AND CE 31 ZONE - MES,07-Oct-2025 06:00 PM,https://defproc.gov.in/nicgep/app?component=%24DirectLink&page=FrontEndLatestActiveCorrigendums&service=direct&session=T&sp=SQkbHyeO0b2gA16j5tlG1HQ%3D%3D
187,2025_MES_730454_1,[PROVISION OF FENCING AROUND MPR RADAR SITE AT AFS THANJAVUR (PH-I).],11-Sep-2025 06:00 PM,E-IN-C BRANCH - MILITARY ENGINEER SERVICES||CESC AND CE (AF) BANGALORE - MES||CWE (AF) TRIVANDRUM - MES||GE (AF) TANJAVUR - MES,02-Oct-2025 06:00 PM,https://defproc.gov.in/nicgep/app?component=%24DirectLink&page=FrontEndLatestActiveCorrigendums&service=direct&session=T&sp=SoOUh8vIwZ1aJGcT3tJMXnQ%3D%3D
188,2025_MES_710770_2,"[GE (N) P/TOKEN- 19 OF 2025-2026 REPAIRS/MAINT SERVICE IN BLDG AT KAHUN ROAD,MAYO ROAD, CLIMO ROAD, COYAJI MARG AND MISC LOCATION UNDER  AOR OF  AGE B/R (CENTRAL) UNDER GE (N) PUNE. ]",12-Sep-2025 03:00 PM,E-IN-C BRANCH - MILITARY ENGINEER SERVICES||CE SC AND CE PUNE ZONE - MES||CWE PUNE - MES||GE (N) PUNE - MES,03-Oct-2025 06:00 PM,https://defproc.gov.in/nicgep/app?component=%24DirectLink&page=FrontEndLatestActiveCorrigendums&service=direct&session=T&sp=ShltlI9nIUl7ppENH9glpGQ%3D%3D
189,2025_MES_732053_1,"[CERTAIN REPAIR/MAINT SEWAGE LINES, SEPTIC TANKS, SOAKAGE WELL, MAN HOLES AND CI/PVC FITTINGS ETC AT BHALRA MIL STN UNDER AGE (I) BHALRA]",22-Sep-2025 06:00 PM,E-IN-C BRANCH - MILITARY ENGINEER SERVICES||CE NC AND CE UDHAMPUR ZONE - MES||CWE NAGROTA - MES,13-Oct-2025 06:00 PM,https://etender.up.nic.in/nicgep/app?component=%24DirectLink_0&page=FrontEndAdvancedSearchResult&service=direct&session=T&sp=SDfKMi83DhegkBRIQvO2TBg%3D%3D
190,2025_MES_728933_1,[SPL REPAIR OF ROOF TREATMENT TO BLDG NO P-7/83 (NOC)  AND PROVN OF COVERED PATHWAY (L SHAPED) TO PATIENTS TOILET AT MILITARY STATION JAMMU UNDER GE SATWARI],02-Sep-2025 06:00 PM,E-IN-C BRANCH - MILITARY ENGINEER SERVICES||CE WC AND CE PATHANKOT ZONE - MES||CWE JAMMU - MES||GE SATWARI - MES,01-Oct-2025 06:00 PM,https://defproc.gov.in/nicgep/app?component=%24DirectLink&page=FrontEndLatestActiveCorrigendums&service=direct&session=T&sp=S4F9dQDTrpoeujA5Fh7Q8aw%3D%3D
191,2025_MES_727056_1,"[PROVISION OF TABLE DRESSING GENTS IN CPO SAILLORS DUS AT DOLPHIN, SIDE BOARD and BIN LENIN AT D SECTOR OFFICER DUS AND TABLE DRESSING LADIES IN MCPO DUS AT DOLPHIN UNDER GE NB, VISAKHAPATNAM]",21-Aug-2025 06:00 PM,E-IN-C BRANCH - MILITARY ENGINEER SERVICES||CE EC AND CE (NAVY) VIZAG - MES||CWE VISAKHAPATNAM - MES,30-Sep-2025 06:00 PM,https://defproc.gov.in/nicgep/app?component=%24DirectLink&page=FrontEndLatestActiveCorrigendums&service=direct&session=T&sp=Sp20E%2F9lKcYcdtIfiE7ZM%2BQ%3D%3D
192,2025_MES_723021_1,[PROVN OF PI MESS FOR JCOs/OR AT NCC GP HQ GORAKHPUR],28-Jul-2025 04:00 PM,E-IN-C BRANCH - MILITARY ENGINEER SERVICES||CE CC AND CE (AF) ALLAHABAD - MES||CWE (AF) BAMRAULI ALLAHABAD - MES,10-Oct-2025 06:00 PM,https://defproc.gov.in/nicgep/app?component=%24DirectLink&page=FrontEndLatestActiveCorrigendums&service=direct&session=T&sp=SC1kRAhgChowltrv%2F17cj1A%3D%3D
193,2025_MES_731822_1,[GE/BAS-69/2025-26 Special repair to building No P-63 and P-114 at Janglote under GE Basoli],19-Sep-2025 05:50 PM,E-IN-C BRANCH - MILITARY ENGINEER SERVICES||CE WC AND CE PATHANKOT ZONE - MES||CWE PATHANKOT - MES||GE BASOLI - MES,10-Oct-2025 06:00 PM,https://etender.up.nic.in/nicgep/app?component=%24DirectLink_0&page=FrontEndAdvancedSearchResult&service=direct&session=T&sp=SMi2LRH%2FB%2BcKJlZIQ5dIg5A%3D%3D
194,2025_MES_726422_1,[PROVN OF CLASSROOMS AND AGNIVEER CELL OFFICES INCLUDING STORE ROOM AND TOILET BLOCK FOR AGNIVEERS AT GRC KAMPTEE],18-Aug-2025 06:00 PM,E-IN-C BRANCH - MILITARY ENGINEER SERVICES||CESC AND CE BHOPAL ZONE  - MES,01-Oct-2025 06:00 PM,https://defproc.gov.in/nicgep/app?component=%24DirectLink&page=FrontEndLatestActiveCorrigendums&service=direct&session=T&sp=SnEIbeS3qbV4wVmWMBZ0s2Q%3D%3D
195,2025_ARMY_730502_1,[RC/25-26/195],12-Sep-2025 06:00 PM,IHQ of MoD (Army)-(OSCC)||DGAFMS-IHQ of MoD (Army)-(OSCC)||DG 2 GROUP-IHQ of MoD (Army)-(OSCC)||AFMSD 4-IHQ of MoD (Army),14-Oct-2025 10:00 AM,https://etender.up.nic.in/nicgep/app?component=%24DirectLink_0&page=FrontEndAdvancedSearchResult&service=direct&session=T&sp=SnnYbommYa6wdTyf69snSag%3D%3D
196,2025_MES_731295_1,"[SPL REPAIR TO DAMAGED LT, UG CABLE, LT ELECTRIC PANEL TO MT AREA AND SECURITY LIGHT POLE IN HQ COSA NRMS UNDER AGE (I) NAYA RAIPUR]",17-Sep-2025 11:30 AM,E-IN-C BRANCH - MILITARY ENGINEER SERVICES||CE CC AND CE JABALPUR ZONE - MES||CWE JABALPUR - MES||AGE (I) RAIPUR - MES,01-Oct-2025 06:00 PM,https://defproc.gov.in/nicgep/app?component=%24DirectLink&page=FrontEndLatestActiveCorrigendums&service=direct&session=T&sp=SBjgniwBMt9zj594NBPg9yw%3D%3D
197,2025_MES_729794_1,"[SPL REPAIR TO BLDG NO T-05, T-51 (JCOs/OR LIVING ACCN), T-56 AND T-57 (JCOs/OR TOILET BATHROOM BLOCK) AT POONCH SPL REPAIR TO BLDG NOS P-50 AND T-09 AT FSD K NALLAH IN THE AOR OF AGE B/R-II AND AGE B/R-III UNDER GE 881 EWS]",08-Sep-2025 06:00 PM,E-IN-C BRANCH - MILITARY ENGINEER SERVICES||CE NC AND CE UDHAMPUR ZONE - MES||CWE RAJOURI - MES||GE 881 EWS - MES,04-Oct-2025 06:00 PM,https://defproc.gov.in/nicgep/app?component=%24DirectLink&page=FrontEndLatestActiveCorrigendums&service=direct&session=T&sp=S7380RbhPqQuz9Xd26MM9yA%3D%3D
198,2025_MES_719133_1,[SPECIAL REPAIRs TO CONVERSION OF LT OVERHEAD  LINE TO UG CABLE AND OTHER ALLIED WORKS IN MD  ACCN AND CERTAIN OTHER UNIT LOCATION AT NARANGI  MILITARY STATION UNDER GE NARANGI],08-Jul-2025 06:00 PM,E-IN-C BRANCH - MILITARY ENGINEER SERVICES||CE EC AND CE SHILLONG ZONE - MES,06-Oct-2025 06:00 PM,https://defproc.gov.in/nicgep/app?component=%24DirectLink&page=FrontEndLatestActiveCorrigendums&service=direct&session=T&sp=SXQUTQNHlxBu8RsnIpnwvfQ%3D%3D
199,2025_MES_729464_1,"[MAINT AND REPAIRS/REPLACEMENT OF UNSERVICEALE WIRING, MCBs, MCCBS, DBs, LIGHTS, SUMMER AND WINTER APPLIANCES INCL ATTENDING DAY TO DAY PETTY COMPLAINTS AT IHQ MoD CAMP, CAMS AND 5 RAJPUT UNDER AGE E/M OF GE (SOUTH) DELHI CANTT-10]",04-Sep-2025 06:00 PM,E-IN-C BRANCH - MILITARY ENGINEER SERVICES||CE WC and CE DELHI ZONE-MES||CWE NEW DELHI-MES||GE (S) NEW DELHI-MES,02-Oct-2025 06:00 PM,https://defproc.gov.in/nicgep/app?component=%24DirectLink&page=FrontEndLatestActiveCorrigendums&service=direct&session=T&sp=S9XbGaQcYIJxN9%2BW5dELIEw%3D%3D
200,2025_MES_729124_1,[GE (N) P/TOKEN- 34 OF 2025-2026 MAINT/REPAIR OF MISC WORK UNDER AGE B/R (CENTRAL) OF GE (NORTH) PUNE],03-Sep-2025 06:00 PM,E-IN-C BRANCH - MILITARY ENGINEER SERVICES||CE SC AND CE PUNE ZONE - MES||CWE PUNE - MES||GE (N) PUNE - MES,01-Oct-2025 06:00 PM,https://defproc.gov.in/nicgep/app?component=%24DirectLink&page=FrontEndLatestActiveCorrigendums&service=direct&session=T&sp=S7JVYXY5sDszga3C6vFBUvQ%3D%3D
201,2025_MES_710169_3,"[CLEANING OF SEWAGE LINES, MANHOLES REPAIR, GULLY TRAPS REPAIR AT SECTOR 28 AND 47 UNDER GE(AF) STATION CHANDIGARH.]",12-Sep-2025 06:00 PM,E-IN-C BRANCH - MILITARY ENGINEER SERVICES||CE WC and CE(AF) WAC PALAM-MES||CWE (AF) Chandigarh-MES||GE (AF) Chandigarh-MES,29-Sep-2025 06:00 PM,https://etender.up.nic.in/nicgep/app?component=%24DirectLink_0&page=FrontEndAdvancedSearchResult&service=direct&session=T&sp=S7m97HrtZOYy6VHYmZ%2BpWEA%3D%3D
202,2025_MES_719493_2,"[REPAIR TO D,E,F QTRS, SCIENTIST HOSTEL AND CONNECTED WORKS IN CERTAIN QTR AT IN ZONE B DRDO TOWNSHIP, MES QTRS, GE(I) OFFICE COMPLLEX AND CHESS COMPLEX, PCDA COMLEX AT KANCHANBAGH, HYDERABAD]",18-Sep-2025 06:00 PM,E-IN-C BRANCH - MILITARY ENGINEER SERVICES||ADG (OF and DRDO) AND CE (R and D) SECUNDERABAD - MES||GE (I) RND KANCHANBAGH - MES,01-Oct-2025 06:00 PM,https://etender.up.nic.in/nicgep/app?component=%24DirectLink_0&page=FrontEndAdvancedSearchResult&service=direct&session=T&sp=SgXQWrBwdLqDRAziyqdzzkQ%3D%3D
203,2025_MES_729687_1,[Day to day maint of services and cleaning and  repair to sewage line septic tanks soakage well and manholes at site 1A and 1B of SU at AF Stn Jodhpur],06-Sep-2025 06:00 PM,E-IN-C BRANCH - MILITARY ENGINEER SERVICES||CE SWC AND CE (AF) GANDHINAGAR - MES||CWE (AF) JODHPUR - MES||GE (AF) No. 2 JODHPUR - MES,04-Oct-2025 06:00 PM,https://defproc.gov.in/nicgep/app?component=%24DirectLink&page=FrontEndLatestActiveCorrigendums&service=direct&session=T&sp=SWoGEH2xsClU2T3Q6n4qw1A%3D%3D
204,2025_MES_726733_2,"[REPAIR/ REPLACEMENT OF JOINERY WORK, RAIN WATER PIPE, SANITARY FITTINGS, WATER SUPPLY FITTINGS AND ALLIED REPAIR WORKS IN C2A, C2B AND FAFA UNDER GE (EAST) MATHURA]",17-Sep-2025 12:00 PM,E-IN-C BRANCH - MILITARY ENGINEER SERVICES||CE SWC AND CE JAIPUR JAIPUR - MES||CWE Mathura - MES||GE (E) Mathura - MES,07-Oct-2025 06:00 PM,https://etender.up.nic.in/nicgep/app?component=%24DirectLink_0&page=FrontEndAdvancedSearchResult&service=direct&session=T&sp=SasOZYlHZvKBcFehNuWhXQg%3D%3D
205,2025_MES_730706_1,[PROVISION OF INTERLOCKING TILES AT INS DWEEPRAKSHAK AND ND ANDROTH UNDER GE NAVY LAKSHADWEEP ],13-Sep-2025 05:00 PM,E-IN-C BRANCH - MILITARY ENGINEER SERVICES||CESC AND CE (NAVY) KOCHI - MES||CWE (NB) KOCHI - MES||GE (NAVY) LAKSHADEEP - MES,04-Oct-2025 06:00 PM,https://defproc.gov.in/nicgep/app?component=%24DirectLink&page=FrontEndLatestActiveCorrigendums&service=direct&session=T&sp=SZQVSQZvS0l9xYoGSl2OwIg%3D%3D
206,2025_MES_730288_1,[SPL REPAIR TO BLDG NO T-197 AT 202 FD WKSP COY LOCATION THAKURBARI AND OTHER REV/MINOR WORKS AT AGE CHARDUAR UNDER GE (N) TEZPUR],10-Sep-2025 06:00 PM,E-IN-C BRANCH - MILITARY ENGINEER SERVICES||CE EC AND CE SILIGURI ZONE - MES||CWE TEZPUR - MES||GE (N) TEZPUR - MES,30-Sep-2025 06:00 PM,https://defproc.gov.in/nicgep/app?component=%24DirectLink&page=FrontEndLatestActiveCorrigendums&service=direct&session=T&sp=S5np%2FCT0ltMQAhC6tcx8bGQ%3D%3D
207,2025_MES_729181_1,[84164/E8 PROVISION OF 400 KVA TRANSFORMER IN SMQs AREA AT AF STN MOHANBARI UNDER GE (AF)  MOHANBARI],03-Sep-2025 04:45 PM,E-IN-C BRANCH - MILITARY ENGINEER SERVICES||CE EC AND CE (AF) SHILLONG - MES||CWE (AF) JORHAT - MES,30-Sep-2025 06:00 PM,https://defproc.gov.in/nicgep/app?component=%24DirectLink&page=FrontEndLatestActiveCorrigendums&service=direct&session=T&sp=SOTOOD8UwTbVqn36B%2FTuhjA%3D%3D
208,2025_MES_732096_1,[GE(A)/SOG-TOKEN-38/2025-26 REPAIR TO WATER PROOFING TREATMENT AND SUNKEN TREATMENT TO CERTAIN BLDGS INCLUDING REPAIR OF SERVICE WATER TANK IN OTM AND MD ACCN IN THE AOR OF AGE B/R-II UNDER GE (A) SURATGARH AT SURATGRH MIL STN],22-Sep-2025 06:00 PM,E-IN-C BRANCH - MILITARY ENGINEER SERVICES||CE SWC AND CE BATHINDA ZONE - MES||CWE BIKANER - MES||GE (ARMY) SURATGARH - MES,13-Oct-2025 06:00 PM,https://etender.up.nic.in/nicgep/app?component=%24DirectLink_0&page=FrontEndAdvancedSearchResult&service=direct&session=T&sp=SdEQgN92aZe1uYSkjpGhBzw%3D%3D
209,2025_MES_731742_1,[SPL REPAIR TO BLDG NO D 28 COOK HOUSE OF 18 MADRAS AT DALAPCHAND AND PROVN OF SEWAGE LINE AND SOAKAGE PIT FOR JCO MESS AND ORs COOK HOUSE OF 417 FD HOSP AT RHENOCK UNDER GE 867 EWS],19-Sep-2025 04:00 PM,E-IN-C BRANCH - MILITARY ENGINEER SERVICES||CE EC AND CE SILIGURI ZONE - MES||HQ 136 WORKS ENGINEERS - MES||GE 867 EWS - MES,10-Oct-2025 06:00 PM,https://defproc.gov.in/nicgep/app?component=%24DirectLink&page=FrontEndLatestActiveCorrigendums&service=direct&session=T&sp=SZgXbbaLQB16%2FZqlO7gzPnA%3D%3D
210,2025_MES_731225_1,"[REPAIR TO PLASTER, FLORING AND MISC B/R REPAIRS IN CERTAIN MD ACCN IN MES COLONY AT AF STN TUGHLAKABAD UNDER GE (AF) TUGHLAKABAD]",16-Sep-2025 05:00 PM,E-IN-C BRANCH - MILITARY ENGINEER SERVICES||CESC AND CE (AF) NAGPUR - MES||CWE (AF) TUGALAKABAD - MES||GE (AF) TUGHLAKABAD - MES,08-Oct-2025 06:00 PM,https://etender.up.nic.in/nicgep/app?component=%24DirectLink_0&page=FrontEndAdvancedSearchResult&service=direct&session=T&sp=SIWZEerGpCdzF7t6EQoWnNQ%3D%3D
211,2025_MES_732167_1,[REPAIR MAINT AND REPLACEMENT OF VARIOUS SPLIT AC AC PLANT AND OTHER COOLING APPLIANCES LIGHTING CONDUCTOR AND MISC ALLIED WORKS AT CQA A CAN AND  SQAE  UNDER AGE EM II CENTRAL OF GE CENTRAL KHADKI ],22-Sep-2025 06:55 PM,E-IN-C BRANCH - MILITARY ENGINEER SERVICES||CE SC AND CE PUNE ZONE - MES||CWE KIRKEE - MES,14-Oct-2025 06:00 PM,https://etender.up.nic.in/nicgep/app?component=%24DirectLink_0&page=FrontEndAdvancedSearchResult&service=direct&session=T&sp=S5nlmRoRN0NePUm%2BItQz7QQ%3D%3D
212,2025_MES_731407_1,[COMPREHESIVE MAINT OF INTERNAL ELECTRIFICATION INCLUDING FAN REPAIR OF DSTV NORTH UNDER GE HISAR AT MIL STN HISAR],18-Sep-2025 06:00 PM,E-IN-C BRANCH - MILITARY ENGINEER SERVICES||CE SWC AND CE JAIPUR JAIPUR - MES||CWE HISAR - MES||GE HISAR - MES,11-Oct-2025 06:00 PM,https://etender.up.nic.in/nicgep/app?component=%24DirectLink_0&page=FrontEndAdvancedSearchResult&service=direct&session=T&sp=SI0xdg4tykLFNeMpfGz5EyA%3D%3D
213,2025_MES_729223_1,"[REPAIR AND MAINTENANCE TO OTM ACCN IN MC GP, ENGR REGT, INT AND FS UNIT AND DET SLLU UNDER THE AREA OF AGE B/R-I OF GE (ARMY) No.1 JODHPUR]",03-Sep-2025 06:00 PM,E-IN-C BRANCH - MILITARY ENGINEER SERVICES||CESC AND CE JODHPUR ZONE - MES||CWE(ARMY) JODHPUR - MES||GE(A) CENTRAL JODHPUR - MES,01-Oct-2025 06:00 PM,https://defproc.gov.in/nicgep/app?component=%24DirectLink&page=FrontEndLatestActiveCorrigendums&service=direct&session=T&sp=SP6dicbv6BkRIJ1ILWrjbZg%3D%3D
214,2025_MES_729029_1,"[8638 REPAIRS AND REPLACEMENT TO BR NATURE WORK INCLUDING SANITARY, PLUMBING FITTINGS, MANGALORE TILES AND FALSE CEILING IN OTM ACCN, NURSING COLLEGE, OFFRS SERVANT QTRS AND SOUTH CAMPUS OF AFMC IN THE AOR OF AREA B AFMC UNDER GE C PUNE]",02-Sep-2025 06:00 PM,E-IN-C BRANCH - MILITARY ENGINEER SERVICES||CE SC AND CE PUNE ZONE - MES||CWE PUNE - MES||GE (C) PUNE - MES,30-Sep-2025 06:00 PM,https://defproc.gov.in/nicgep/app?component=%24DirectLink&page=FrontEndLatestActiveCorrigendums&service=direct&session=T&sp=SJy%2FrJwgA2L9haDTQUZkZuw%3D%3D
215,2025_MES_727977_2,[GE/SRA/T-45/2025-26],17-Sep-2025 02:00 PM,E-IN-C BRANCH - MILITARY ENGINEER SERVICES||CE WC and CE(AF) WAC PALAM-MES||CWE(AF) BHISIANA - MES||GE (AF) Sirsa-MES,29-Sep-2025 06:00 PM,https://defproc.gov.in/nicgep/app?component=%24DirectLink&page=FrontEndLatestActiveCorrigendums&service=direct&session=T&sp=S5VXCNm08wA8tAfqRqo6iug%3D%3D
216,2025_MES_716488_3,[REPAIR TO CERTAIN ROADS AT 2AFSB MYSORE UNDER AGE(I) CHIMNEY HILLS],17-Sep-2025 09:00 AM,E-IN-C BRANCH - MILITARY ENGINEER SERVICES||CESC AND CE (AF) BANGALORE - MES||CWE (AF) (SOUTH) BANGALORE - MES,01-Oct-2025 06:00 PM,https://etender.up.nic.in/nicgep/app?component=%24DirectLink_0&page=FrontEndAdvancedSearchResult&service=direct&session=T&sp=S%2Fp87ro%2BOyYaU8MampRsYcA%3D%3D
217,2025_MES_728857_1,"[8125/SAR-T-51/2025-26 REPAIR/MAINT TO LT OH LINES, UG CABLES, SERVO VOLTAGE STABILIZERS, ISOLATION TRANSFORMERS AND OTHER CONNECTED ITEMS AT AF STN SARSAWA UNDER GE (AF) SARSAWA]",02-Sep-2025 05:00 PM,E-IN-C BRANCH - MILITARY ENGINEER SERVICES||CE WC and CE(AF) WAC PALAM-MES||CWE (AF) Ambala-MES||GE (AF) Sarsawa-MES,30-Sep-2025 06:00 PM,https://defproc.gov.in/nicgep/app?component=%24DirectLink&page=FrontEndLatestActiveCorrigendums&service=direct&session=T&sp=StRCHRDsfv9hZf0AM9v91sw%3D%3D
218,2025_MES_724446_2,"[REPAIR/REPLACEMENT OF SEWAGE LINE, MANHOLES, CLEANING OF CHOKED LINE AND DESLUDGING OF MANHOLES, S.T. AND S.W AND OTHER MISC ITEMS IN OFFRs/JCOs/ORs MD ACCN UNDER AGE B/R-II OF GE GWALIOR]",05-Sep-2025 09:00 AM,E-IN-C BRANCH - MILITARY ENGINEER SERVICES||CESC AND CE BHOPAL ZONE  - MES||CWE JHANSI - MES||GE GWALIOR - MES,02-Oct-2025 06:00 PM,https://defproc.gov.in/nicgep/app?component=%24DirectLink&page=FrontEndLatestActiveCorrigendums&service=direct&session=T&sp=S9Vg9rGTW5QHUyGzfBn7VDg%3D%3D
219,2025_MES_720441_2,[PROVN OF SOLID WASTE  MANAGEMENT IN AOR GE CENTRAL GE SOUTH  AND GE NORTH BANGALORE  UNDER GE CENTRAL BANGALORE],01-Sep-2025 11:00 AM,E-IN-C BRANCH - MILITARY ENGINEER SERVICES||CE SC AND CE CHENNAI ZONE  - MES||CWE (ARMY) BANGALORE - MES||GE (CENTRAL) BANGALORE - MES,08-Oct-2025 06:00 PM,https://defproc.gov.in/nicgep/app?component=%24DirectLink&page=FrontEndLatestActiveCorrigendums&service=direct&session=T&sp=SFW%2BdjcXJlVZ30HAWrIiOjg%3D%3D
220,2025_MES_731050_1,"[REPAIR TO FENCING, HARD STANDING AND CERTAIN OTHER MISC WORK IN DOMESTIC AREA AND TECHNICAL AREA AT AF STATION PURNEA UNDER AGE (I) (AF) PURNEA]",15-Sep-2025 06:00 PM,E-IN-C BRANCH - MILITARY ENGINEER SERVICES||CE EC AND CE (AF) SHILLONG - MES||CWE (AF) PANAGARH-MES||GE (AF) PURNEA-MES,06-Oct-2025 06:00 PM,https://etender.up.nic.in/nicgep/app?component=%24DirectLink_0&page=FrontEndAdvancedSearchResult&service=direct&session=T&sp=SHor%2FR5Pa0ZaXRxyizZqqIA%3D%3D
221,2025_MES_728724_1,"[COMPREHENSIVE MAINTENANCE B/R REPAIRS, PERIODICAL SERVICES, COMPOUND WALL, AREA DRAINAGE, SEWAGE SYSTEM, INTERNAL ELECTRIFICATION AND OTHER ASSOCIATED WORKS IN NFG UNDER GE CHENNAI]",01-Sep-2025 03:00 PM,E-IN-C BRANCH - MILITARY ENGINEER SERVICES||CE SC AND CE CHENNAI ZONE  - MES||CWE CHENNAI - MES||GE CHENNAI - MES,29-Sep-2025 06:00 PM,https://defproc.gov.in/nicgep/app?component=%24DirectLink&page=FrontEndLatestActiveCorrigendums&service=direct&session=T&sp=SO6piAkjYASp8d%2BJNr17USQ%3D%3D
222,2025_MES_731032_1,[SPECIAL REPAIR TO FLOORING AND PANELLING OF BLDG NO KG-57 AT KELVIN GROVE UNDER GE (I) JUTOGH],15-Sep-2025 06:00 PM,E-IN-C BRANCH - MILITARY ENGINEER SERVICES||CE WC AND CE CHANDIGARH ZONE - MES||CWE SHIMLA HILLS - MES||GE JUTOGH - MES,06-Oct-2025 06:00 PM,https://defproc.gov.in/nicgep/app?component=%24DirectLink&page=FrontEndLatestActiveCorrigendums&service=direct&session=T&sp=S2WOmz2T7%2B%2F1jx4AuuudoSA%3D%3D
223,2025_MES_729706_1,"[SPECIAL REPAIR TO STORAGE SHELTER BLDG NO. OWT-276, OWT-277 AND OWT-281, SPECIAL REPAIR TO BLDG NO. OWT-230 (CHDH), SPECIAL REPAIR TO BLDG NO. OWT-23 (BATHROOM BLOCK) OF CERTAIN UNIT AND SPECIAL REPAIR TO BLDG NO. OWT-27, OWT-28, OWT-31 (BATHROOM BLO]",06-Sep-2025 04:00 PM,E-IN-C BRANCH - MILITARY ENGINEER SERVICES||CE EC AND CE SHILLONG ZONE - MES||CWE HQ 137 WE - MES||GE 872 EWS - MES,04-Oct-2025 06:00 PM,https://defproc.gov.in/nicgep/app?component=%24DirectLink&page=FrontEndLatestActiveCorrigendums&service=direct&session=T&sp=SEvm8OWBDwts6vItUum20eQ%3D%3D
224,2025_MES_731659_1,[PROVISION OF PERIMETER SECURITY FENCE AT KISHTWAR UNDER AGE (I) BHALRA],19-Sep-2025 06:00 PM,E-IN-C BRANCH - MILITARY ENGINEER SERVICES||CE NC AND CE UDHAMPUR ZONE - MES||CWE NAGROTA - MES,10-Oct-2025 06:00 PM,https://etender.up.nic.in/nicgep/app?component=%24DirectLink_0&page=FrontEndAdvancedSearchResult&service=direct&session=T&sp=S3sWp2IHKEWtZFL%2B0r5cO6A%3D%3D
225,2025_MES_729437_1,[REPAIR TO STEEL WOODEN AND TRADE PATTERN FURNITURES OF OTM AND MD ACCN AT PARADIP STATION],04-Sep-2025 05:00 PM,E-IN-C BRANCH - MILITARY ENGINEER SERVICES||ADG (Projects) and CE (CG) Visakhapatnam - MES||GE (I) (CG) Bhubaneshwar - MES,02-Oct-2025 06:00 PM,https://defproc.gov.in/nicgep/app?component=%24DirectLink&page=FrontEndLatestActiveCorrigendums&service=direct&session=T&sp=SPMiW1%2Ft6Qm2wQ7IRmKz9AQ%3D%3D
226,2025_ARMY_729734_1,[SUPPLY AND CONSTRUCTION OF FIELD TECHNICAL SHELTER],08-Sep-2025 09:00 AM,IHQ of MoD (Army)-(OSCC)||Eastern Comd-IHQ of MoD (Army)-(OSCC)||ENGR BR-Eastern Comd-IHQ of MoD (Army)-(OSCC),08-Oct-2025 06:00 PM,https://defproc.gov.in/nicgep/app?component=%24DirectLink&page=FrontEndLatestActiveCorrigendums&service=direct&session=T&sp=SN8CE%2FLmHQXP1ntVcAO0%2Bsg%3D%3D
227,2025_MES_729057_1,"[COMPREHENSIVE WELCOME MAINTENANCE FOR MD ACCN AT DAMTAL, KANDRORI, NANGAL BHUR, KAUNTERPUR AREA UNDER GE SOUTH PATHANKOT]",03-Sep-2025 02:30 PM,E-IN-C BRANCH - MILITARY ENGINEER SERVICES||CE WC AND CE PATHANKOT ZONE - MES||CWE PATHANKOT - MES||GE (SOUTH) PATHANKOT - MES,30-Sep-2025 06:00 PM,https://defproc.gov.in/nicgep/app?component=%24DirectLink&page=FrontEndLatestActiveCorrigendums&service=direct&session=T&sp=S3km4Ipb%2F5%2BkeaWIPW5FTtA%3D%3D
228,2025_MES_731500_1,[SPL REPAIR/ REPLACEMENT OF LT CABLE NETWORK FOR MAHAR OTM  AREA AND FD HOSP OTM AREA AT DIPATOLI MIL STN UNDER GE DIPATOLI],18-Sep-2025 06:00 PM,E-IN-C BRANCH - MILITARY ENGINEER SERVICES||CE CC AND CE JABALPUR ZONE - MES||CWE RANCHI - MES||GE DIPATOLI - MES,10-Oct-2025 06:00 PM,https://etender.up.nic.in/nicgep/app?component=%24DirectLink_0&page=FrontEndAdvancedSearchResult&service=direct&session=T&sp=SxjdiqP2XlLQawwRYephrpg%3D%3D
229,2025_MES_729099_1,"[REPAIR/ MAINTENANCE OF AIR CONDITIONING PLANT, WINDOW/SPLIT AC AT HEMRL SUTARWADI UNDER GE(I) RnD PASHAN]",03-Sep-2025 12:00 PM,E-IN-C BRANCH - MILITARY ENGINEER SERVICES||ADG (OF and DRDO) AND CE (R and D) SECUNDERABAD - MES||GE (I) RND PASHAN - MES,01-Oct-2025 06:00 PM,https://defproc.gov.in/nicgep/app?component=%24DirectLink&page=FrontEndLatestActiveCorrigendums&service=direct&session=T&sp=SpfTri0vXAHe%2ByI91P2P9xA%3D%3D
230,2025_MES_728613_1,"[SPL REPAIR TO ROOF OF BLDG NO P-84, P-284, P-1175, P-106, P-576A OF IBSC AND STN HQ AND SPL REPAIR TO BLDG NO P-337/01 TO 04 (CIVILIAN GOVT MD ACCN) OF GE ALWAR AT ITARANA MIL STN ALWAR]",30-Aug-2025 02:00 PM,E-IN-C BRANCH - MILITARY ENGINEER SERVICES||CE SWC AND CE JAIPUR JAIPUR - MES||CWE HISAR - MES||GE ALWAR - MES,29-Sep-2025 06:00 PM,https://defproc.gov.in/nicgep/app?component=%24DirectLink&page=FrontEndLatestActiveCorrigendums&service=direct&session=T&sp=S945QMbiNkuqg%2FZf6wtZn2Q%3D%3D
231,2025_MES_723307_2,[GE 861 EWS-41 (T)/2025-26],13-Sep-2025 01:00 PM,E-IN-C BRANCH - MILITARY ENGINEER SERVICES||CE NC AND CE 31 ZONE - MES||134 WORKS ENGINEER - MES||GE 861 EWS - MES,04-Oct-2025 06:00 PM,https://defproc.gov.in/nicgep/app?component=%24DirectLink&page=FrontEndLatestActiveCorrigendums&service=direct&session=T&sp=SoWyTzX%2BL6WQLyjgEFNh%2FZg%3D%3D
232,2025_MES_728779_1,"[REPAIR/REPLACEMENT OF WATER SUPPLY DISTRIBUTION PIPE, JOINTS, REPAIR TO INTERNAL WIRING, SUBMAIN WIRING, SECURITY LIGHT, CONTROL PANEL, HIGH MAST LIGHT AND OTHER CONNECTED ELECTRICAL WORKS AT VARIOUS POCKETS OF  AF STN MUMBAI  UNDER GE(AF)THANE]",01-Sep-2025 04:45 PM,E-IN-C BRANCH - MILITARY ENGINEER SERVICES||CE SWC AND CE (AF) GANDHINAGAR - MES||CWE (AF) LOHOGAON - MES||GE (AF) THANE - MES,29-Sep-2025 06:00 PM,https://defproc.gov.in/nicgep/app?component=%24DirectLink&page=FrontEndLatestActiveCorrigendums&service=direct&session=T&sp=SKDJjvOfSTOLucT6FjMTQ9g%3D%3D
233,2025_MES_729340_1,[Repair/replacement of sewage line from first to septic tank/trunk line repair of drain and boundary wall and fencing etc in OTM and MD Accn in the area of AGE B/R- III under GE West Delhi                    Cantt-10],04-Sep-2025 03:00 PM,E-IN-C BRANCH - MILITARY ENGINEER SERVICES||CE WC and CE DELHI ZONE-MES||CWE (P) DELHI CANTT-MES,02-Oct-2025 06:00 PM,https://defproc.gov.in/nicgep/app?component=%24DirectLink&page=FrontEndLatestActiveCorrigendums&service=direct&session=T&sp=SCetovrmmGb2%2BRIHICWUlLQ%3D%3D
234,2025_MES_731077_1,[REPAIRS TO APPROACH ROAD TO WAR MEMORIAL AT BEG AND CENTRE ROORKEE UNDER GE ROORKEE],16-Sep-2025 10:30 AM,E-IN-C BRANCH - MILITARY ENGINEER SERVICES||CE CC AND CE BAREILLY ZONE - MES||CWE No 2 MEERUT - MES,30-Sep-2025 06:00 PM,https://defproc.gov.in/nicgep/app?component=%24DirectLink&page=FrontEndLatestActiveCorrigendums&service=direct&session=T&sp=SbZewGsuZfA3Gf53%2F7MGvlQ%3D%3D
235,2025_MES_729036_1,"[REPAIR /MAINT OF LT PANELS ,DBS,MCB/MCCB AT AIRMEN MESS AND BILLETS,SNCOs MESS AND BILLETS,HQ WAC BLDG,HQ WAC(U) BLDG,GE OFFICE, FIRE SECTION AND SMQ AREA OF HQ WAC UNDER GE (AF) SUBROTO PARK]",02-Sep-2025 06:00 PM,E-IN-C BRANCH - MILITARY ENGINEER SERVICES||CE WC and CE(AF) WAC PALAM-MES||CWE (AF) Palam-MES||GE (AF) Subroto Park-MES,29-Sep-2025 06:00 PM,https://defproc.gov.in/nicgep/app?component=%24DirectLink&page=FrontEndLatestActiveCorrigendums&service=direct&session=T&sp=SPZFYxlUC5Aj1EChkBHWX9Q%3D%3D
236,2025_MES_729307_1,"[MAINT / REPAIR / REPLACEMENT OF STREET LIGHT, TIMER SWITCH CONNECTED CABLES AND OTHER WORKS AND DG SETS, SOLAR HOT WATER AT ASC CENTRE (SOUTH) AREA, PCTC AREA, GNC LINE, NP LINE, VNC AND VOC MD ACCN UNDER GE (CENTRAL) BANGALORE]",04-Sep-2025 12:00 PM,E-IN-C BRANCH - MILITARY ENGINEER SERVICES||CE SC AND CE CHENNAI ZONE  - MES||CWE (ARMY) BANGALORE - MES,02-Oct-2025 06:00 PM,https://defproc.gov.in/nicgep/app?component=%24DirectLink&page=FrontEndLatestActiveCorrigendums&service=direct&session=T&sp=SXAGVlYx1qZVTAIxkRF1CJA%3D%3D
237,2025_MES_730602_1,[8165/GE/SMB/T-68/2025-26 COMPREHENSIVE MAINT TO MD ACCN REPAIR REPLACEMENT OF PLUMBING WORK CLEANING OF WATER TANK IN ZONE II AND III AT MIL STN SAMBA UNDER GE SAMBA],12-Sep-2025 05:00 PM,E-IN-C BRANCH - MILITARY ENGINEER SERVICES||CE WC AND CE PATHANKOT ZONE - MES||CWE MAMUN - MES||GE SAMBA - MES,03-Oct-2025 06:00 PM,https://defproc.gov.in/nicgep/app?component=%24DirectLink&page=FrontEndLatestActiveCorrigendums&service=direct&session=T&sp=SWE07BYoHLNZhTw06WnP52w%3D%3D
238,2025_MES_729149_1,"[REPAIRING, PAINTING AND POLISHING TO CETAIN WOODEN AND STEEL FURNITURE AT BSO YARD UNDER GE (I) RnD PASHAN]",03-Sep-2025 02:00 PM,E-IN-C BRANCH - MILITARY ENGINEER SERVICES||ADG (OF and DRDO) AND CE (R and D) SECUNDERABAD - MES||GE (I) RND PASHAN - MES,01-Oct-2025 06:00 PM,https://defproc.gov.in/nicgep/app?component=%24DirectLink&page=FrontEndLatestActiveCorrigendums&service=direct&session=T&sp=S%2FOXRFl5IrN2O7pXJjNdxhQ%3D%3D
239,2025_MES_731503_1,"[MAINTENANCE AND UPKEEP OF HT DISTRIBUTION SYSTEM, TRANSFORMER AND ALLIED WORKS AT DGQA GHATKOPAR AND VIKHROLI UNDER GE (N) MUMBAI]",18-Sep-2025 06:00 PM,E-IN-C BRANCH - MILITARY ENGINEER SERVICES||CE SC AND CE PUNE ZONE - MES||CWE (ARMY) MUMBAI - MES,08-Oct-2025 03:00 PM,https://etender.up.nic.in/nicgep/app?component=%24DirectLink_0&page=FrontEndAdvancedSearchResult&service=direct&session=T&sp=S9VIRilRfRmpCGbE3UZIzfQ%3D%3D
240,2025_MES_722725_2,"[CA NO. CWE/HILLS/EWS/72 OF 2025-2026 COMPREHENSIVE MAINT OF EXTERNAL WATER SUPPLY SYSTEM INCLUDING REPLACEMENT OF RUSTED / UNSV GI PIPE LINE AT HARSHIL, SUKHI AND TEKLA UNDER GE 871 EWS]",10-Sep-2025 01:00 PM,E-IN-C BRANCH - MILITARY ENGINEER SERVICES||CE CC AND CE BAREILLY ZONE - MES||CWE HILLS PITHORAGARH - MES,29-Sep-2025 06:00 PM,https://defproc.gov.in/nicgep/app?component=%24DirectLink&page=FrontEndLatestActiveCorrigendums&service=direct&session=T&sp=SVzSYpE7%2FjYSA0oD6DHrU9g%3D%3D
241,2025_MES_727025_2,[PETTY REPAIR WORKS OF HAPPY HOME SNCOS MESS 820 SU 71 RMU 14 P AND SU BEGAM BAZAR AND NORTH CAMP UNDER AGE B/R-I AT GE (AF) BAMRAULI ],11-Sep-2025 06:20 PM,E-IN-C BRANCH - MILITARY ENGINEER SERVICES||CE CC AND CE (AF) ALLAHABAD - MES||CWE (AF) BAMRAULI ALLAHABAD - MES||GE (AF) BAMRAULI - MES,01-Oct-2025 06:00 PM,https://defproc.gov.in/nicgep/app?component=%24DirectLink&page=FrontEndLatestActiveCorrigendums&service=direct&session=T&sp=SmN8Yt0uyDqePiFmSjzXVQQ%3D%3D
242,2025_MES_727364_1,"[REPAIR AND MAINTENANCE OF EXTERNAL WATER PIPE LINES AND ALLIED WORKS AT 811 CETC NACHANA AND ASCON NODES (NACHANA, BADLOO AND BIKAMPUR) AREA UNDER AGE (I) POKARAN]",01-Sep-2025 09:00 AM,E-IN-C BRANCH - MILITARY ENGINEER SERVICES||CESC AND CE JODHPUR ZONE - MES||CWE JAISALMER - MES||AGE (I) Pokaran - MES,30-Sep-2025 06:00 PM,https://defproc.gov.in/nicgep/app?component=%24DirectLink&page=FrontEndLatestActiveCorrigendums&service=direct&session=T&sp=SS9ST2xYBX7d4aBBv7rNktA%3D%3D
243,2025_DRDO_732469_1,[SECTION LEVEL TEST JIG FOR SECTION-IV],24-Sep-2025 04:00 PM,Department of Defence Research and Development||Defence Research and Development Organisation||DFMM||Office of DG (MSS)||ASTRA,09-Oct-2025 11:00 AM,https://etender.up.nic.in/nicgep/app?component=%24DirectLink_0&page=FrontEndAdvancedSearchResult&service=direct&session=T&sp=SAHToPXCsmuQWNxqNvatPwg%3D%3D
244,2025_MES_730415_1,[SPECIAL REPAIR TO BLDG NO P 78 AND ROOF TREATMENT TO BLDG NO P 84 COOLER STAND IN CERTAIN OTM ACCN AT MIL STN GANDHINAGAR],11-Sep-2025 05:00 PM,E-IN-C BRANCH - MILITARY ENGINEER SERVICES||CESC AND CE JODHPUR ZONE - MES||CWE AHMEDABAD - MES||GE GANDHINAGAR - MES,01-Oct-2025 06:00 PM,https://defproc.gov.in/nicgep/app?component=%24DirectLink&page=FrontEndLatestActiveCorrigendums&service=direct&session=T&sp=SedxoxqgAPHBa%2FgwYGKNGIQ%3D%3D
245,2025_MES_730658_1,[COMPREHENSIVE DAY TO DAY MAINT FOR MD ACCN AT MIL STN UDAIPUR],12-Sep-2025 06:55 PM,E-IN-C BRANCH - MILITARY ENGINEER SERVICES||CESC AND CE JODHPUR ZONE - MES||CWE(ARMY) JODHPUR - MES||AGE(I) UDAIPUR - MES,02-Oct-2025 06:00 PM,https://defproc.gov.in/nicgep/app?component=%24DirectLink&page=FrontEndLatestActiveCorrigendums&service=direct&session=T&sp=SPXY06OTg2pxEJ8cLP55AdA%3D%3D
246,2025_MES_732464_1,[85957 SPL REPAIRS TO BLDG NO. PWD-09 OTM ACCN OF COMMAND HOSPITAL (SC) PUNE UNDER GE (SOUTH) PUNE],24-Sep-2025 04:00 PM,E-IN-C BRANCH - MILITARY ENGINEER SERVICES||CE SC AND CE PUNE ZONE - MES||CWE PUNE - MES,22-Oct-2025 06:00 PM,https://etender.up.nic.in/nicgep/app?component=%24DirectLink_0&page=FrontEndAdvancedSearchResult&service=direct&session=T&sp=SxuYxqo0YkUf2RcKBD%2BMevA%3D%3D
247,2025_NAVY_727993_1,[AMC OF ALOFAR SIMULATOR],27-Aug-2025 12:00 PM,IHQ of MOD (Navy)||SOUTHERN NAVAL COMMAND - NAVY||ASW SCHOOL (KOCHI) - NAVY,02-Oct-2025 09:00 AM,https://defproc.gov.in/nicgep/app?component=%24DirectLink&page=FrontEndLatestActiveCorrigendums&service=direct&session=T&sp=SY%2BbbpE4tj2peLMToNrWCXA%3D%3D
248,2025_MES_722874_1,[PROVISION OF  AUTOMTIC  FIRE FIGHTING SYSTEM AND FIRE MAIN SYSTEM IN HIGH HAZARD AND MEDIUM HAZARD BUILDINGS AT OKHA NAVAL STATION],26-Jul-2025 06:00 PM,E-IN-C BRANCH - MILITARY ENGINEER SERVICES||CESC AND CE( NAVY )MUMBAI - MES||CWE (SUBURB) MUMBAI - MES,29-Sep-2025 06:00 PM,https://defproc.gov.in/nicgep/app?component=%24DirectLink&page=FrontEndLatestActiveCorrigendums&service=direct&session=T&sp=SEW8lcHoy0E9HR6HjUe33cA%3D%3D
249,2025_MES_726556_2,"[REPAIR/MAINT OF LT DISTRIBUTION SYSTEM, UG CABLE, LT FEEDER PILLERS, APFC PANELS AND OTHER CONNECTED WORKS AT DSCC UNDER GE DRONACHAL]",16-Sep-2025 02:00 PM,E-IN-C BRANCH - MILITARY ENGINEER SERVICES||CESC AND CE BHOPAL ZONE  - MES||CWE BHOPAL - MES||GE DRONACHAL - MES,01-Oct-2025 06:00 PM,https://defproc.gov.in/nicgep/app?component=%24DirectLink&page=FrontEndLatestActiveCorrigendums&service=direct&session=T&sp=SUlg4Eo4vSsjD0SFEa37aHw%3D%3D
250,2025_MES_731068_1,[SPL REPAIR OF ANNEXE BLDG AND EXISTING DRAINS OF TETTRA HANGAR AND PROVN OF TILING AND KOTA STONE IN P- 64 COOK HOUSE AT  AF STN  GORAKHPUR. ],15-Sep-2025 06:50 PM,E-IN-C BRANCH - MILITARY ENGINEER SERVICES||CE CC AND CE (AF) ALLAHABAD - MES||CWE (AF) BAMRAULI ALLAHABAD - MES||GE (AF) GORAKHPUR,07-Oct-2025 06:00 PM,https://defproc.gov.in/nicgep/app?component=%24DirectLink&page=FrontEndLatestActiveCorrigendums&service=direct&session=T&sp=Shk3tHdLtqYs20gF%2FT%2BFJ4A%3D%3D
251,2025_MES_728643_1,[8861/E8],30-Aug-2025 06:00 PM,E-IN-C BRANCH - MILITARY ENGINEER SERVICES||CE EC AND CE KOLKATA ZONE - MES||CWE KOLKATA - MES||GE(CENTRAL) KOLKATA - MES,29-Sep-2025 06:00 PM,https://defproc.gov.in/nicgep/app?component=%24DirectLink&page=FrontEndLatestActiveCorrigendums&service=direct&session=T&sp=SEuaklb9m5%2BQnV5pbEIGq1g%3D%3D
252,2025_MES_728854_1,"[CLEANING INCLUDING REPAIR OF OVERHEAD TANK, REPAIRS TO PLASTER AND REPAIR/ REPLACEMENT OF ROOF SHEETS WITH GLAVAUME SHEET, FALSE CEILING, FLOORING AND CONNECTED ITEMS AT RATNUCHAK MIL STN UNDER GE KALUCHAK]",02-Sep-2025 12:00 PM,E-IN-C BRANCH - MILITARY ENGINEER SERVICES||CE WC AND CE PATHANKOT ZONE - MES||CWE JAMMU - MES||GE KALUCHAK - MES,30-Sep-2025 06:00 PM,https://defproc.gov.in/nicgep/app?component=%24DirectLink&page=FrontEndLatestActiveCorrigendums&service=direct&session=T&sp=SKhJTBXCCDX4LsocL7puSaQ%3D%3D
253,2025_MES_726480_1,"[PROVN OF RETAINING WALL, DRAIN ALONGWITH ALLIED INFRASTRUCTURE AT KG TOP UNDER UNDER GE 881 EWS]",18-Aug-2025 06:55 PM,E-IN-C BRANCH - MILITARY ENGINEER SERVICES||CE NC AND CE UDHAMPUR ZONE - MES,02-Oct-2025 06:00 PM,https://defproc.gov.in/nicgep/app?component=%24DirectLink&page=FrontEndLatestActiveCorrigendums&service=direct&session=T&sp=STwrOAbRlS%2BRxnqcX%2BqqyOQ%3D%3D
254,2025_MES_727961_1,[SPECIAL REPAIR / REPLACEMENT TO GUIDE RAIL AND MOTORIZATION OF HANGAR DOORS AT HANGER NO. 1 AT AFS BIDAR],26-Aug-2025 06:00 PM,E-IN-C BRANCH - MILITARY ENGINEER SERVICES||CESC AND CE (AF) BANGALORE - MES||CWE (AF) SECUNDERABAD - MES||GE(AF)BIDAR - MES,01-Oct-2025 06:00 PM,https://defproc.gov.in/nicgep/app?component=%24DirectLink&page=FrontEndLatestActiveCorrigendums&service=direct&session=T&sp=SJXsdjrVMnk%2BNJapZwq7PTw%3D%3D
255,2025_MES_723679_1,[DEMOLITION AND RECONSTRUCTION OF LIVING IN ACOMODATION FOR OFFICERS AT AFS CHABUA],31-Jul-2025 06:00 PM,E-IN-C BRANCH - MILITARY ENGINEER SERVICES||CE EC AND CE (AF) SHILLONG - MES,15-Oct-2025 06:00 PM,https://defproc.gov.in/nicgep/app?component=%24DirectLink&page=FrontEndLatestActiveCorrigendums&service=direct&session=T&sp=SaXWdAECuWUC6jZSVMhbHgA%3D%3D
256,2025_MES_728328_1,[REPAIR AND MAINT OF HT DISTRIBUTION NETWORKS OF TROPO/BASE OPS FEEDER UNDER AGE  E/M OF GE (AF) ADM AREA AT AF STN AGRA],29-Aug-2025 01:00 PM,E-IN-C BRANCH - MILITARY ENGINEER SERVICES||CE CC AND CE (AF) ALLAHABAD - MES||CWE (AF) KHERIA - MES,01-Oct-2025 06:00 PM,https://defproc.gov.in/nicgep/app?component=%24DirectLink&page=FrontEndLatestActiveCorrigendums&service=direct&session=T&sp=SnsG0dCeXVLE%2FJgRE5Y%2BPwg%3D%3D
257,2025_MES_731761_1,"[COMPLETION OF INCOMPLETE WORKS WITH RESPECT TO SPECIAL REPAIRS TO BLDG NO. P-53 (1ST FLOOR) AT OTA CHENNAI, SPECIAL REPAIRS TO BULLET CATCHER WOODEN PLANKS, FIRING TRENCHES AND AMN DISTRIBUTION POINTS AT BAFFLE RANGE IN MEENAMBAKKAM OF OTA CHENNAI AN]",19-Sep-2025 05:00 PM,E-IN-C BRANCH - MILITARY ENGINEER SERVICES||CE SC AND CE CHENNAI ZONE  - MES||CWE CHENNAI - MES||GE ST THOMAS MOUNT - MES,10-Oct-2025 06:00 PM,https://etender.up.nic.in/nicgep/app?component=%24DirectLink_0&page=FrontEndAdvancedSearchResult&service=direct&session=T&sp=SCNMjgRSHnQeZzeyEEcmCxg%3D%3D
258,2025_MES_729940_1,"[REPAIR / REPLACEMENT OF WATER SUPPLY LINE, PUMP AND MISC WORK AT SECTOR A (FATEHGANJ) UNDER GE (ARMY) BARODA.]",09-Sep-2025 01:00 PM,E-IN-C BRANCH - MILITARY ENGINEER SERVICES||CESC AND CE JODHPUR ZONE - MES||CWE AHMEDABAD - MES||GE (ARMY ) BARODA - MES,29-Sep-2025 06:00 PM,https://defproc.gov.in/nicgep/app?component=%24DirectLink&page=FrontEndLatestActiveCorrigendums&service=direct&session=T&sp=SKoHuj2Y8cGnSq%2BoC455wyQ%3D%3D
259,2025_MES_728735_1,[REPAIR/MAINT OF DG SETS AND ALLIED WORKS AT LGJ MIL STN],01-Sep-2025 06:00 PM,E-IN-C BRANCH - MILITARY ENGINEER SERVICES||CE SWC AND CE BATHINDA ZONE - MES||CWE GANGANAGAR - MES,29-Sep-2025 06:00 PM,https://defproc.gov.in/nicgep/app?component=%24DirectLink&page=FrontEndLatestActiveCorrigendums&service=direct&session=T&sp=SHdigTOso6kH%2BDhMahUibfA%3D%3D
260,2025_MES_729782_1,[SPECIAL REPAIR AND STRUCTURAL REHABILITATION OF BLDG NO T-3 (SNCOS BILLET) AT AFS JAIPUR],08-Sep-2025 02:00 PM,E-IN-C BRANCH - MILITARY ENGINEER SERVICES||CE SWC AND CE (AF) GANDHINAGAR - MES||CWE (AF) JODHPUR - MES,13-Oct-2025 06:00 PM,https://defproc.gov.in/nicgep/app?component=%24DirectLink&page=FrontEndLatestActiveCorrigendums&service=direct&session=T&sp=Sk0yPJzRG0KqCApOVe4bqLg%3D%3D
261,2025_MES_729319_1,"[PERIODICAL SERVICES AND MAINT ALONGWITH REPAIR AND REPLACEMENT OF THE VARIOUS UNSV, BURNT OUT PART OF THE CENTRAL AIR CONDITIONING PLANT OF VARIOUS CAPACITIES, COOLING TOWER, AHUs, DEHUMIDIFIER HOT WATER GENERATOR, AIR CURTAINS AND PACKAGE TYPE ]",04-Sep-2025 06:00 PM,E-IN-C BRANCH - MILITARY ENGINEER SERVICES||CE CC AND CE (AF) ALLAHABAD - MES||CWE (AF) IZATNAGAR - MES,30-Sep-2025 06:00 PM,https://defproc.gov.in/nicgep/app?component=%24DirectLink&page=FrontEndLatestActiveCorrigendums&service=direct&session=T&sp=SOvUOZMizQiFtwisIwZ%2BPgA%3D%3D
262,2025_MES_728085_1,[ADDL ALTERNATION OF BLDG NO P 1028 AND P 1031 OF ABOD IN A A BANAR UNDER GE BANAR],27-Aug-2025 06:00 PM,E-IN-C BRANCH - MILITARY ENGINEER SERVICES||CESC AND CE JODHPUR ZONE - MES||CWE(ARMY) JODHPUR - MES||GE BANAR - MES,01-Oct-2025 06:00 PM,https://defproc.gov.in/nicgep/app?component=%24DirectLink&page=FrontEndLatestActiveCorrigendums&service=direct&session=T&sp=SsHni0osJfegahoQrxGQqvA%3D%3D
263,2025_MES_728200_1,[REPAIR REPLACEMENT OF SANITARY AND PLUMBING FITTINGS INCL TILING WORK AND CERTAIN B/R WORK  AT PAO OR AND REPAIR MAINTENACE AND REPLACEMENT OF HT SWITCH GEARS POWER TRANSFORMERS AND CONNECTED ITEMS UNDER GE I GOS],28-Aug-2025 06:00 PM,E-IN-C BRANCH - MILITARY ENGINEER SERVICES||CE CC AND CE JABALPUR ZONE - MES||GE (I) GOS - MES||GE I GOPALPUR ON SEA - MES,29-Sep-2025 06:00 PM,https://defproc.gov.in/nicgep/app?component=%24DirectLink&page=FrontEndLatestActiveCorrigendums&service=direct&session=T&sp=SD9dB7ziGSiECzfl7V069vA%3D%3D
264,2025_MES_731383_1,[REPAIRS/ REPLACEMENT AND DAY TO DAY MAINTENANCE OF WATER SUPPLY DISTRIBUTION LINES/DI/GI AT DARJIPURA AT AFS BARODA],17-Sep-2025 05:00 PM,E-IN-C BRANCH - MILITARY ENGINEER SERVICES||CE SWC AND CE (AF) GANDHINAGAR - MES||CWE (AF) CHILODA - MES||GE (AF) BARODA - MES,08-Oct-2025 06:00 PM,https://defproc.gov.in/nicgep/app?component=%24DirectLink&page=FrontEndLatestActiveCorrigendums&service=direct&session=T&sp=SfrtcH5NE4MtGeSRTrEH1kQ%3D%3D
265,2025_MES_726356_1,[PROVN OF TRAINING SHEDS AND PT SHEDS AT BRC DANAPUR],27-Sep-2025 03:00 PM,E-IN-C BRANCH - MILITARY ENGINEER SERVICES||CE CC AND CE JABALPUR ZONE - MES,01-Nov-2025 06:00 PM,https://etender.up.nic.in/nicgep/app?component=%24DirectLink_0&page=FrontEndAdvancedSearchResult&service=direct&session=T&sp=S2KNipAJDm4uPqCyhtdVxfw%3D%3D
266,2025_MES_724651_1,[PROVISION OF RCC RADAR TOWER AT ND MINICOY UNDER GE (NAVY) LAKSHADWEEP],05-Aug-2025 05:30 PM,E-IN-C BRANCH - MILITARY ENGINEER SERVICES||CESC AND CE (NAVY) KOCHI - MES||CWE (NB) KOCHI - MES,13-Oct-2025 06:00 PM,https://defproc.gov.in/nicgep/app?component=%24DirectLink&page=FrontEndLatestActiveCorrigendums&service=direct&session=T&sp=SyMhJFebvteDqgbomZENWrw%3D%3D
267,2025_IAF_719680_1,[PROCUREMENT OF SPARES FOR IL-76/78 AIRCRAFT],10-Jul-2025 05:00 PM,Indian Air Force||AOM NEW DELHI - IAF||ACAS (Procurement) - IAF||D Procurement - IAF,14-Oct-2025 03:00 PM,https://defproc.gov.in/nicgep/app?component=%24DirectLink&page=FrontEndLatestActiveCorrigendums&service=direct&session=T&sp=SxnWYmpRZEkeNRo1m1HucYw%3D%3D
268,2025_MES_729513_1,[WELCOME MAINT OF OFFRS MD ACCN UNDER AGE B/R-II AND AGE E/M-I OF GE (NORTH) MEERUT CANTT],04-Sep-2025 06:10 PM,E-IN-C BRANCH - MILITARY ENGINEER SERVICES||CE CC AND CE BAREILLY ZONE - MES||CWE MEERUT - MES||GE (N) MEERUT - MES,03-Oct-2025 06:00 PM,https://defproc.gov.in/nicgep/app?component=%24DirectLink&page=FrontEndLatestActiveCorrigendums&service=direct&session=T&sp=SVSHlcjZSyXGJbuLHTc8JMw%3D%3D
269,2025_MES_731243_1,"[REPAIR / REPLACEMENT OF DG SETS OF AFCME, DIT, CSDO, AFRO AND REPAIR / MAINT OF SECURITY / STREET LIGHTS AND OTHER CONNECTED WORK OF OTM ACCN OF CAMERO AREA AND REPAIR/MAINT OF DG SETS OF FIRE FIGHTING AND WATER SUPPLY INSTALATIONS]",16-Sep-2025 06:00 PM,E-IN-C BRANCH - MILITARY ENGINEER SERVICES||CE WC and CE(AF) WAC PALAM-MES||CWE (AF) Palam-MES||GE (AF) Subroto Park-MES,06-Oct-2025 06:00 PM,https://defproc.gov.in/nicgep/app?component=%24DirectLink&page=FrontEndLatestActiveCorrigendums&service=direct&session=T&sp=SE0dX0903%2FSYdw4zx%2F61fkA%3D%3D
270,2025_MES_728027_1,[SPECIAL REPAIR TO EXISTING BLACK TOP ROAD INSIDE OFFICE COMPLEX AND DEPOT AREA AT NARANGI  UNDER GE NARANGI],27-Aug-2025 01:30 PM,E-IN-C BRANCH - MILITARY ENGINEER SERVICES||CE EC AND CE SHILLONG ZONE - MES||CWE Shillong - MES,01-Oct-2025 06:00 PM,https://defproc.gov.in/nicgep/app?component=%24DirectLink&page=FrontEndLatestActiveCorrigendums&service=direct&session=T&sp=SVHHb1I84qmhjVqQXWbjFyQ%3D%3D
271,2025_MES_729690_1,[REPAIRS/REPLACEMENT OF LT PANEL BOARDS / DISTRIBUTION FEEDER PILLAR BOXES AND CONTROL PANELS AT C AND E AREA UNDER GE CHENNAI],06-Sep-2025 03:00 PM,E-IN-C BRANCH - MILITARY ENGINEER SERVICES||CE SC AND CE CHENNAI ZONE  - MES||CWE CHENNAI - MES||GE CHENNAI - MES,04-Oct-2025 06:55 PM,https://defproc.gov.in/nicgep/app?component=%24DirectLink&page=FrontEndLatestActiveCorrigendums&service=direct&session=T&sp=SE86My6mXkEKbPkxRGg5w0A%3D%3D
272,2025_DRDO_732190_1,[Hot Pelican D F 5 point 5 XBn MWIR Detector and  Cooler Assembly with Proximity Electronics],24-Sep-2025 05:00 PM,Department of Defence Research and Development||Defence Research and Development Organisation||DFMM||Office of DG(ECS)||IRDE,06-Oct-2025 10:00 AM,https://etender.up.nic.in/nicgep/app?component=%24DirectLink_0&page=FrontEndAdvancedSearchResult&service=direct&session=T&sp=SsXmHtJaq1Udtu%2BZueTSLwg%3D%3D
273,2025_MES_729013_1,[SPECIAL REPAIR OF BLDG NO P-156 (GUARD ROOM) THE MALL JESSORE HOUSE UNDER GE (NORTH) MEERUT CANTT],02-Sep-2025 06:00 PM,E-IN-C BRANCH - MILITARY ENGINEER SERVICES||CE CC AND CE BAREILLY ZONE - MES||CWE MEERUT - MES,01-Oct-2025 06:00 PM,https://defproc.gov.in/nicgep/app?component=%24DirectLink&page=FrontEndLatestActiveCorrigendums&service=direct&session=T&sp=SUlMMiJJlnZNb4gSRnVGRXA%3D%3D
274,2025_NAVY_726563_1,[PROCUREMENT OF SPARES OF LM GT ENGINE INSTALLED ONBOARD P-17 CLASS OF SHIPS TOWARDS UNDERTAKING 1200 HOURLY ROUTINES],20-Aug-2025 05:15 PM,IHQ of MOD (Navy)||DIRECTORATE OF PROCUREMENT - NAVY,06-Oct-2025 03:00 PM,https://defproc.gov.in/nicgep/app?component=%24DirectLink&page=FrontEndLatestActiveCorrigendums&service=direct&session=T&sp=S%2BcwUd1rYbZ3lXGCihrmhZg%3D%3D
275,2025_MES_730669_1,"[SPL REPAIR TO 11 BATHROOMS TOILETS AND STORE BLOCK OF (BLDG NO P15, T26, P29L (A AND B), T32L, T35, T36, P60, T16                   (01 BATHROOM AND 01 STORE) AND T04 OF MH GAYA, PROVN OF 01  OPG ROOM (SIZE 6 MTR  3.50 MTR) AT MDC GAYA ]",12-Sep-2025 06:15 PM,E-IN-C BRANCH - MILITARY ENGINEER SERVICES||CE CC AND CE JABALPUR ZONE - MES||CWE RANCHI - MES||GE (P) GAYA - MES,04-Oct-2025 06:00 PM,https://defproc.gov.in/nicgep/app?component=%24DirectLink&page=FrontEndLatestActiveCorrigendums&service=direct&session=T&sp=SAs2EuBGgrGb9cH415UhHGw%3D%3D
276,2025_MES_729871_1,[REPAIRS TO CERTAIN INTERNAL ELECTRICAL WIRINGS FANS MCB DBs SUBMAIN WIRING RENEWAL MAITENANCE OF EARTHINGS HIGH BAY LIGHT FITTINGS AND OTHER ALLIED WORKS IN TECHNICAL AREAS AT LRDE UNDER GE I R AND D WEST BANGALORE],08-Sep-2025 06:15 PM,E-IN-C BRANCH - MILITARY ENGINEER SERVICES||ADG (OF and DRDO) AND CE (R and D) SECUNDERABAD - MES||GE (I) RND (W) BANGALORE - MES||GE (I) RND (W) BANGALORE - MES,08-Oct-2025 06:00 PM,https://defproc.gov.in/nicgep/app?component=%24DirectLink&page=FrontEndLatestActiveCorrigendums&service=direct&session=T&sp=S3dZU8mCReyecWDl0P1cWdg%3D%3D
277,2025_MES_730230_1,[REPAIR/MAINT OF HT/LT NETWORK AND ALLIED WORKS UNDER GE (A) JAISALMER AT MIL STN JAISALMER. (CPP SERIAL No. 69)],10-Sep-2025 06:00 PM,E-IN-C BRANCH - MILITARY ENGINEER SERVICES||CESC AND CE JODHPUR ZONE - MES||CWE JAISALMER - MES,06-Oct-2025 06:00 PM,https://defproc.gov.in/nicgep/app?component=%24DirectLink&page=FrontEndLatestActiveCorrigendums&service=direct&session=T&sp=S3jq0PkZs9LvKfuHr78Nlsg%3D%3D
278,2025_MES_729678_1,[REPLACEMENT OF BER EM APPLIANCES AT ATS  UNDER GE(AF) SAMBRA],06-Sep-2025 03:00 PM,E-IN-C BRANCH - MILITARY ENGINEER SERVICES||CESC AND CE (AF) BANGALORE - MES||CWE (AF) (SOUTH) BANGALORE - MES||GE (AF) SAMBRA - BELGAUM - MES,04-Oct-2025 06:00 PM,https://defproc.gov.in/nicgep/app?component=%24DirectLink&page=FrontEndLatestActiveCorrigendums&service=direct&session=T&sp=SFTJFC2rgUlZyh7z%2BuH9QkQ%3D%3D
279,2025_MES_730136_1,[SPECIAL REPAIR TO ROAD FROM A-5 TO A-6 INSIDE AD AT FAD UNDER GE PANAGARH],10-Sep-2025 02:00 PM,E-IN-C BRANCH - MILITARY ENGINEER SERVICES||CE EC AND CE KOLKATA ZONE - MES||CWE PANAGARH - MES,10-Oct-2025 06:00 PM,https://defproc.gov.in/nicgep/app?component=%24DirectLink&page=FrontEndLatestActiveCorrigendums&service=direct&session=T&sp=SBFc%2FYL%2BkJDOtkCf8vCKIlA%3D%3D
280,2025_MES_733181_1,[REPAIR MAINT OF JOINERY FITTINGS SANITARY FITTINGS PLUMBING TILING AND OTHER CONCERNED WORK AT TMQ AT 24 ED AF STN MANAURI],29-Sep-2025 03:00 PM,E-IN-C BRANCH - MILITARY ENGINEER SERVICES||CESC AND CE (AF) NAGPUR - MES||CWE (AF) CHAKERI - MES||AGE(I) MANAURI - MES,20-Oct-2025 06:00 PM,https://etender.up.nic.in/nicgep/app?component=%24DirectLink_0&page=FrontEndAdvancedSearchResult&service=direct&session=T&sp=S%2B1cboIPKeUkgciVkDSV42g%3D%3D
281,2025_MES_729506_1,[SPECIAL REPAIR TO BUILDING NO P 4 AND HELIPAD AND DEMOLITION  RECONSTRUCTION OF BUILDING NO P 19],04-Sep-2025 06:20 PM,E-IN-C BRANCH - MILITARY ENGINEER SERVICES||CESC AND CE( NAVY )MUMBAI - MES||GE (I) NAVY PORBANDAR - MES||GE (I) NAVY PORBANDAR - MES,03-Oct-2025 06:00 PM,https://defproc.gov.in/nicgep/app?component=%24DirectLink&page=FrontEndLatestActiveCorrigendums&service=direct&session=T&sp=SX23zCOIBqA6Z6oF0vD1a7Q%3D%3D
282,2025_DGDE_728820_1,"[Term Contract for maintenance of public roads along with repairs to footpath, Central verge, grills, traffic islands and other CF assets on Sadar Bazar, Kotwali, Cavalry, Tigris Road (Part) Gen. E Dsouza Marg Public Roads.]",01-Sep-2025 05:55 PM,Directorate General Defence Estates||Principal Directorate Defence Estates -Western Command Chandigarh||Cantonment Board Delhi -WC Chandigarh,23-Oct-2025 01:00 PM,https://defproc.gov.in/nicgep/app?component=%24DirectLink&page=FrontEndLatestActiveCorrigendums&service=direct&session=T&sp=Ssw2VcAfPZxaqNOwHTJWO0g%3D%3D
283,2025_MES_730001_1,[CERTAIN MISC E/M WORKS IN AOR OF AGE E/M NRC UNDER GE NASIK ROAD.],09-Sep-2025 06:00 PM,E-IN-C BRANCH - MILITARY ENGINEER SERVICES||CE SC AND CE PUNE ZONE - MES||CWE DEOLALI - MES||GE NASIK ROAD - MES,30-Sep-2025 06:00 PM,https://defproc.gov.in/nicgep/app?component=%24DirectLink&page=FrontEndLatestActiveCorrigendums&service=direct&session=T&sp=S9R32fnZz5IENYEwXzc70TQ%3D%3D
284,2025_MES_729453_1,"[CERTAIN REPAIR TO FLOOR, PLINTH,  JOINERY, FLOORING, MASONRY, PLUMBING/ SANITARY FITTINGS, CHAJJA AND OTHER B/R WORKS OF RESTRICTED AND UNRESTRICTED AREA OF COD UNDER AGE B/R-II OF GE (EAST) JABALPUR ]",04-Sep-2025 05:30 PM,E-IN-C BRANCH - MILITARY ENGINEER SERVICES||CE CC AND CE JABALPUR ZONE - MES||CWE JABALPUR - MES||GE (E) JABALPUR - MES,02-Oct-2025 06:00 PM,https://defproc.gov.in/nicgep/app?component=%24DirectLink&page=FrontEndLatestActiveCorrigendums&service=direct&session=T&sp=Sd0b1GM4wZXST6Z4RatenNg%3D%3D
285,2025_MES_731788_1,[SPECIAL REPAIR TO ROAD FROM GATE NO 1 TO AYUDH CHOWK UNDER GE PANAGARH],20-Sep-2025 06:00 PM,E-IN-C BRANCH - MILITARY ENGINEER SERVICES||CE EC AND CE KOLKATA ZONE - MES||CWE PANAGARH - MES,21-Oct-2025 06:00 PM,https://etender.up.nic.in/nicgep/app?component=%24DirectLink_0&page=FrontEndAdvancedSearchResult&service=direct&session=T&sp=SRd0LAU6dFW4cH5b7hEKf7A%3D%3D
286,2025_MES_729509_1,[REPAIRS/PAINTING/POLISHING TO FURNITURE IN PARENT SQNS AND OTHER  ALLIED UNITS UNDER  POP NOV 2025 AT NDA KHADAKWASLA],04-Sep-2025 06:45 PM,E-IN-C BRANCH - MILITARY ENGINEER SERVICES||CE SC AND CE PUNE ZONE - MES||CWE PUNE - MES||GE KHADAKVASLA - MES,30-Sep-2025 06:00 PM,https://defproc.gov.in/nicgep/app?component=%24DirectLink&page=FrontEndLatestActiveCorrigendums&service=direct&session=T&sp=SMdfQ84C6B6AuxtIhcyFvkw%3D%3D
287,2025_MES_719984_2,"[SPL REPAIR TO BLDG NOs T-02 (COOK HOUSE) AND T-59 AT POONCH, SPL REPAIR TO BLDG NO T-57 AT GULPUR AND SPL REPAIR TO BLDG NO P-19 AT INF BDE CAMP POONCH IN THE AOR OF AGE B/R-II UNDER GE 881 EWS]",13-Sep-2025 06:00 PM,E-IN-C BRANCH - MILITARY ENGINEER SERVICES||CE NC AND CE UDHAMPUR ZONE - MES||CWE RAJOURI - MES||GE 881 EWS - MES,02-Oct-2025 06:00 PM,https://defproc.gov.in/nicgep/app?component=%24DirectLink&page=FrontEndLatestActiveCorrigendums&service=direct&session=T&sp=S%2BDG8R7JZg%2BJqJFtqS72IGw%3D%3D
288,2025_MES_731699_1,[REPAIR / MAINT OF ES INSTALLATIONS AND BLDGS INCL CONNECTED WORKS AT LEBONG UNDER AGE(I) DARJEELING ],19-Sep-2025 02:00 PM,E-IN-C BRANCH - MILITARY ENGINEER SERVICES||CE EC AND CE SILIGURI ZONE - MES||HQ 136 WORKS ENGINEERS - MES,14-Oct-2025 06:00 PM,https://defproc.gov.in/nicgep/app?component=%24DirectLink&page=FrontEndLatestActiveCorrigendums&service=direct&session=T&sp=SZziyhz4KQLG%2BfBIVDSqbHg%3D%3D
289,2025_MES_731220_1,[UPGRADATION OF TRANSFORMER OFFICE COMPLEX UNDER GE(A) JAISALMER.                                                                     (JOB No. 0427/LBW/05/25-26).],16-Sep-2025 05:00 PM,E-IN-C BRANCH - MILITARY ENGINEER SERVICES||CESC AND CE JODHPUR ZONE - MES||CWE JAISALMER - MES,07-Oct-2025 06:00 PM,https://defproc.gov.in/nicgep/app?component=%24DirectLink&page=FrontEndLatestActiveCorrigendums&service=direct&session=T&sp=SEFsM0NMUjfJdcJpfpT%2Bucg%3D%3D
290,2025_MES_730099_1,[REPAIR AND MAINTENANCE WORK FOR VARIOUS BUILDINGS SINGLE LIVING ACCN AND MESSES AT AF STN ARJAN SINGH UNDER GE (AF) PANAGARH],10-Sep-2025 09:00 AM,E-IN-C BRANCH - MILITARY ENGINEER SERVICES||CE EC AND CE (AF) SHILLONG - MES||CWE (AF) PANAGARH-MES||GE (AF) PANAGARH-MES,06-Oct-2025 06:00 PM,https://defproc.gov.in/nicgep/app?component=%24DirectLink&page=FrontEndLatestActiveCorrigendums&service=direct&session=T&sp=S3iTPKbHTnMVywLCkiItQVg%3D%3D
291,2025_MES_729201_1,[SPECIAL REPAIRS TO ACS AND REPLACEMENT OF ACS AGAINST BER AND SPECIAL REPAIRS TO FIRE ALARM AND FIRE DETECTION SYSTEM AT AFA HYDERABAD],03-Sep-2025 03:30 PM,E-IN-C BRANCH - MILITARY ENGINEER SERVICES||CESC AND CE (AF) BANGALORE - MES||CWE (AF) SECUNDERABAD - MES||GE AFA HYDERABAD - MES,01-Oct-2025 06:00 PM,https://defproc.gov.in/nicgep/app?component=%24DirectLink&page=FrontEndLatestActiveCorrigendums&service=direct&session=T&sp=SLHlSpy%2BgTG65L2hZjE3P3w%3D%3D
292,2025_MES_730598_1,"[REPAIR /MAINT OF LT DISTRIBUTION SYSTEM LT PANELS, MCCBS, LT UG CABLES, CHANGE OVER SWITCHES AND CONNECTED WORKS AT INS UTKROSH UNDER AGE E/M NO-II OF GE MINNIEBAY, SRI VIJAYA PURAM]",13-Sep-2025 09:00 AM,E-IN-C BRANCH - MILITARY ENGINEER SERVICES||CE SC AND CE (A and N) ZONE - MES||CWE PORTBLAIR - MES||GE MINNIE BAY PORTBLAIR - MES,04-Oct-2025 06:00 PM,https://etender.up.nic.in/nicgep/app?component=%24DirectLink_0&page=FrontEndAdvancedSearchResult&service=direct&session=T&sp=Sc%2FkAq3Pur9mfbWiIIOt3tQ%3D%3D
293,2025_MES_729789_1,"[SPECIAL REPAIR TO BUILDING NO P-269 AND OR LINE  (T-350)   AT BB CANTT, SRINAGAR]",08-Sep-2025 01:30 PM,E-IN-C BRANCH - MILITARY ENGINEER SERVICES||CE NC AND CE 31 ZONE - MES||133 WORKS ENGINEER - MES||GE 864 EWS - MES,03-Oct-2025 06:00 PM,https://defproc.gov.in/nicgep/app?component=%24DirectLink&page=FrontEndLatestActiveCorrigendums&service=direct&session=T&sp=SzTDdEaK03fit7c%2F%2FyESryg%3D%3D
294,2025_MES_730092_1,[REPAIR MAINTENANCE IMPROVEMENT OF HT SYSTEM AND CONNECTED ALLIED WORKS IN AOR OF GE SAMBA UNDER MIL STN SAMBA],09-Sep-2025 06:30 PM,E-IN-C BRANCH - MILITARY ENGINEER SERVICES||CE WC AND CE PATHANKOT ZONE - MES||CWE MAMUN - MES,01-Oct-2025 06:00 PM,https://defproc.gov.in/nicgep/app?component=%24DirectLink&page=FrontEndLatestActiveCorrigendums&service=direct&session=T&sp=SeJ3i30RFwRAdbHqnNEonKg%3D%3D
295,2025_MES_730648_1,[REPAIRS TO COVER SLABS OF DRAIN CULVERT PARKING AREA SIGN BOARD AND OTHER RELATED WORKS AT VARIOUS LOCATIONS IN ZONE I AREA UNDER B R II OF DRDO TOWNSHIP PHASE I CV RAMAN NAGAR BANGALORE],12-Sep-2025 06:30 PM,E-IN-C BRANCH - MILITARY ENGINEER SERVICES||ADG (OF and DRDO) AND CE (R and D) SECUNDERABAD - MES||GE (I) RND (W) BANGALORE - MES||GE (I) RND (W) BANGALORE - MES,11-Oct-2025 06:00 PM,https://defproc.gov.in/nicgep/app?component=%24DirectLink&page=FrontEndLatestActiveCorrigendums&service=direct&session=T&sp=SdoWw9cSpQJs2CFb0dPLAoA%3D%3D
296,2025_MES_728774_1,[SPECIAL REPAIR OF BLDG No. P-201A AND OTHER SANCTION WORK UNDER THE AREA OF AGE B/R-II OF GE (ARMY) No. 1 JODHPUR],01-Sep-2025 06:00 PM,E-IN-C BRANCH - MILITARY ENGINEER SERVICES||CESC AND CE JODHPUR ZONE - MES||CWE(ARMY) JODHPUR - MES||GE(A) CENTRAL JODHPUR - MES,29-Sep-2025 06:00 PM,https://defproc.gov.in/nicgep/app?component=%24DirectLink&page=FrontEndLatestActiveCorrigendums&service=direct&session=T&sp=SjuGVnhwEvZ4BXJRWtZTP%2BA%3D%3D
297,2025_MES_731725_1,[REPAIR  MAINT OF DG SETs DG SET PANEL E M EQPT LIGHTENING CONDUCTOR AND ALLIED WORKS AT CHATTEN CHUNGTAHNG RANGMA RANGE AND THENG AND REPAIR  MAINT  REPLACEMENT OF INTERNAL WIRING SUB MAIN WIRING CONTROL DBs MCBs U S FITTING FIXTURES GEYSERS EXHAUST ],19-Sep-2025 02:00 PM,E-IN-C BRANCH - MILITARY ENGINEER SERVICES||CE EC AND CE SILIGURI ZONE - MES||HQ 136 WORKS ENGINEERS - MES||GE 867 EWS - MES,10-Oct-2025 06:00 PM,https://defproc.gov.in/nicgep/app?component=%24DirectLink&page=FrontEndLatestActiveCorrigendums&service=direct&session=T&sp=SdbKs2h0F7lB1x0IM5Q6DRg%3D%3D
298,2025_MES_729589_1,[REPAIR AND MAINTENANCE TO PARKING SHED INCLUDING ASSOCIATED B AND R WORKS AT AF STN CHIMNEY HILLS BANGALORE],06-Sep-2025 06:00 PM,E-IN-C BRANCH - MILITARY ENGINEER SERVICES||CESC AND CE (AF) BANGALORE - MES||CWE (AF) (SOUTH) BANGALORE - MES||AGE(I)(AF) CHIMNEY HILLS BANGALORE - MES,04-Oct-2025 06:00 PM,https://defproc.gov.in/nicgep/app?component=%24DirectLink&page=FrontEndLatestActiveCorrigendums&service=direct&session=T&sp=S0S6oNSArHOTnRXKwOLAOdA%3D%3D
299,2025_MES_731358_1,"[REPAIR /MAINT OF EOT, HOT CRANES AND ALLIED WORKS AT LGJ MIL STN]",17-Sep-2025 06:00 PM,E-IN-C BRANCH - MILITARY ENGINEER SERVICES||CE SWC AND CE BATHINDA ZONE - MES||CWE GANGANAGAR - MES,08-Oct-2025 06:00 PM,https://defproc.gov.in/nicgep/app?component=%24DirectLink&page=FrontEndLatestActiveCorrigendums&service=direct&session=T&sp=SH%2FPnrvpLsUiFCQmL28TiWA%3D%3D
300,2025_MES_732134_1,"[SPECIAL REPAIR TO BLDG NO P-29, P-45 , P-47 AND PROVN OF CHEQUERED TILES WITH WEATHER SHELTER BEHIND BLDG NO P-28 AT AF STN KANHERI HILLS UNDER GE(AF) THANE]",22-Sep-2025 05:30 PM,E-IN-C BRANCH - MILITARY ENGINEER SERVICES||CE SWC AND CE (AF) GANDHINAGAR - MES||CWE (AF) LOHOGAON - MES||GE (AF) THANE - MES,13-Oct-2025 06:00 PM,https://etender.up.nic.in/nicgep/app?component=%24DirectLink_0&page=FrontEndAdvancedSearchResult&service=direct&session=T&sp=So0tL5qKy1gDWIIDIFQgz0A%3D%3D
301,2025_MES_730501_1,[PROVN OF RETAINING WALL AND PATHWAY NEAR BLDG NO T 64 UNDER GE GANGTOK],12-Sep-2025 11:00 AM,E-IN-C BRANCH - MILITARY ENGINEER SERVICES||CE EC AND CE SILIGURI ZONE - MES||HQ 136 WORKS ENGINEERS - MES||GEGANGTOK - MES,03-Oct-2025 06:00 PM,https://defproc.gov.in/nicgep/app?component=%24DirectLink&page=FrontEndLatestActiveCorrigendums&service=direct&session=T&sp=Sia7nd5pXTVyaB14i%2BI91Lw%3D%3D
302,2025_MES_732360_1,[PERIODICAL SERVICES IN CERTAIN MD ACCN AT SOUTH OF RLY LINE UNDER GE MISSAMARI],24-Sep-2025 09:00 AM,E-IN-C BRANCH - MILITARY ENGINEER SERVICES||CE EC AND CE SILIGURI ZONE - MES||CWE TENGA - MES||GE MISSAMARI - MES,20-Oct-2025 06:00 PM,https://defproc.gov.in/nicgep/app?component=%24DirectLink&page=FrontEndLatestActiveCorrigendums&service=direct&session=T&sp=Sln0bCfERZbNE5bPjPcjVVA%3D%3D
303,2025_MES_717489_2,[SPL REPAIR TO STPs OF CENTRAL and NORTH ZONE AND PROVN OF SHED FOR PARKING OF 50 CAPACITY OF TWO WHEELER/ BICYCLE AND 02 X CAR FOR PATIENTS/ TROOPS AT KIRPAN DIV MI ROOM UNDER GE NORTH BINNAGURI],20-Sep-2025 11:00 AM,E-IN-C BRANCH - MILITARY ENGINEER SERVICES||CE EC AND CE SILIGURI ZONE - MES||CWE BINNAGURI - MES||GE (N) BINNAGURI - MES,14-Oct-2025 06:00 PM,https://defproc.gov.in/nicgep/app?component=%24DirectLink&page=FrontEndLatestActiveCorrigendums&service=direct&session=T&sp=Sy3m%2FkPzxzjaFyMZVGePSzw%3D%3D
304,2025_MES_708948_1,[PROVN OF 16 X MAJOR MD ACCN (GRIHA 3 STAR  RATING) AT TIBRI MIL STN. ],20-Jun-2025 06:00 PM,E-IN-C BRANCH - MILITARY ENGINEER SERVICES||CE WC AND CE JALANDHAR ZONE - MES,29-Sep-2025 06:00 PM,https://defproc.gov.in/nicgep/app?component=%24DirectLink&page=FrontEndLatestActiveCorrigendums&service=direct&session=T&sp=S8kcz3ImpMI4ZqndxRcIWWg%3D%3D
305,2025_MES_724556_1,[PROVISION OF EFFLUENT TREATMENT PLANT ALONGWITH ASSOCIATED WORKS AT 11 BRD AF STN OJHAR],05-Aug-2025 01:30 PM,E-IN-C BRANCH - MILITARY ENGINEER SERVICES||CESC AND CE (AF) NAGPUR - MES||CWE (AF) NAGPUR - MES,30-Sep-2025 06:00 PM,https://defproc.gov.in/nicgep/app?component=%24DirectLink&page=FrontEndLatestActiveCorrigendums&service=direct&session=T&sp=SvFuX8VtsppvOyllsk5n9ug%3D%3D
306,2025_MES_729211_1,"[REPAIR/ REPLACEMENT OF INTERNAL ELECTRIFICATION BY REPLACEMENT OF LED LIGHTS,  WALL/ CEILING FANS AND OTHER ALLIED  ITEMS  AND REPAIR/ MAINT OF  WATER SUPPLY INSTALLATION, PIPE LINE, PUMP/ MOTORS AND OTHER CONNECTED SERVICES AND COMPREHENSIVE AND]",15-Sep-2025 06:50 PM,E-IN-C BRANCH - MILITARY ENGINEER SERVICES||CE WC and CE DELHI ZONE-MES||CWE (P) DELHI CANTT-MES,06-Oct-2025 06:00 PM,https://etender.up.nic.in/nicgep/app?component=%24DirectLink_0&page=FrontEndAdvancedSearchResult&service=direct&session=T&sp=S5RvNmJJjYk0gc8NRUuhnow%3D%3D
307,2025_MES_733041_1,"[REPAIRS TO COMPOUND WALL, JAFFARY WALL, CATTLE FENCING, APPROACH PATH, STATIC WATER TANK AT OMQ/SMQ UNDER AOR OF AGE B/R-II UNDER GE (AF) BARRACKPORE]",27-Sep-2025 03:00 PM,E-IN-C BRANCH - MILITARY ENGINEER SERVICES||CE EC AND CE (AF) SHILLONG - MES||CWE (AF) KALAIKUNDA - MES||GE (AF) BARRACKPORE - MES,18-Oct-2025 06:00 PM,https://etender.up.nic.in/nicgep/app?component=%24DirectLink_0&page=FrontEndAdvancedSearchResult&service=direct&session=T&sp=Sx5Ewh7M7qpes%2BgBZcCR8GQ%3D%3D
308,2025_IAF_724331_1,[PROCUREMENT OF 13 LINES OF SPARES FOR LLTR RADAR],04-Aug-2025 05:30 PM,Indian Air Force,10-Oct-2025 11:00 AM,https://defproc.gov.in/nicgep/app?component=%24DirectLink&page=FrontEndLatestActiveCorrigendums&service=direct&session=T&sp=SLvyVK%2FUAguYHkx71fyAaeA%3D%3D
309,2025_MES_730752_1,"[CERTAIN REPAIRS TO WOODEN/ ALUMINIUM JOINERY, CUPBOARDS, ROLLING SHUTTER, ANTI TERMITE TREATMENT AND PLINTH PROTECTION OF MD/OTM ACCN OF ASC (SOUTH) - 2 ATC UNDER AGE B/R-II OF GE (CENTRAL) BANGALORE]",13-Sep-2025 01:00 PM,E-IN-C BRANCH - MILITARY ENGINEER SERVICES||CE SC AND CE CHENNAI ZONE  - MES||CWE (ARMY) BANGALORE - MES,04-Oct-2025 06:00 PM,https://defproc.gov.in/nicgep/app?component=%24DirectLink&page=FrontEndLatestActiveCorrigendums&service=direct&session=T&sp=SjqmzD2H3M22IJ6Rlnz623A%3D%3D
310,2025_MES_730748_1,[REPAIR AND REPLACEMENT OF LT PANELS CAPACITOR PANEL MCCB DBS ACBS AND ALLIED WORKS AT TECHNICAL AND RESDL AREA OF ALISDA MTRDC CEPTAM UNDER GE I R AND D WEST BENGALURU],13-Sep-2025 05:00 PM,E-IN-C BRANCH - MILITARY ENGINEER SERVICES||ADG (OF and DRDO) AND CE (R and D) SECUNDERABAD - MES||GE (I) RND (W) BANGALORE - MES||GE (I) RND (W) BANGALORE - MES,20-Oct-2025 06:00 PM,https://defproc.gov.in/nicgep/app?component=%24DirectLink&page=FrontEndLatestActiveCorrigendums&service=direct&session=T&sp=So9VVEGXOcb8q4KxSMsvm4Q%3D%3D
311,2025_MES_726038_1,"[PROVN OF EXTERNAL PROTECTION SHELTERS FOR  FALLING OF GRIT PANELS AROUND TOWERS OF G, H, K, M AND N PKTS (75 BLD) UNDER GE (EAST) JALANDHAR CANTT ]",11-Sep-2025 06:00 PM,E-IN-C BRANCH - MILITARY ENGINEER SERVICES||CE WC AND CE JALANDHAR ZONE - MES,02-Oct-2025 06:00 PM,https://defproc.gov.in/nicgep/app?component=%24DirectLink&page=FrontEndLatestActiveCorrigendums&service=direct&session=T&sp=SIRIVw4eecsOv15RpxAtK9w%3D%3D
312,2025_MES_732055_1,[GE/CHM-90/2025-2026 ADDN / ALTN TO BLDG NO P 29 (LEFT SIDE PORTION) AT CHANDIMANDIR MIL STN],22-Sep-2025 06:00 PM,E-IN-C BRANCH - MILITARY ENGINEER SERVICES||CE WC AND CE CHANDIGARH ZONE - MES||CWE CHANDIMANDIR - MES||GE CHANDIMANDIR - MES,14-Oct-2025 06:00 PM,https://etender.up.nic.in/nicgep/app?component=%24DirectLink_0&page=FrontEndAdvancedSearchResult&service=direct&session=T&sp=SGsLkX4UutgwLjK6pnKnhGw%3D%3D
313,2025_MES_733111_1,[REPAIR  MAINT OF APFC PANEL AND CONNECTED ITEMS IN VARIOUS LOCATION PAINTING OF POLES AND PANELS AT 24 ED UNDER AGE I AF MANAURI],29-Sep-2025 09:00 AM,E-IN-C BRANCH - MILITARY ENGINEER SERVICES||CESC AND CE (AF) NAGPUR - MES||CWE (AF) CHAKERI - MES||AGE(I) MANAURI - MES,20-Oct-2025 06:00 PM,https://etender.up.nic.in/nicgep/app?component=%24DirectLink_0&page=FrontEndAdvancedSearchResult&service=direct&session=T&sp=SIyihp848WpMIZjl0weOdlQ%3D%3D
314,2025_MES_729780_1,[PROVN OF CERTAIN SANCTION WORK AND ARBORICULTURE WORKS AT CERTAIN LOCATIONS AT AFS DARBHANGA UNDER GE AF BIHTA],08-Sep-2025 02:00 PM,E-IN-C BRANCH - MILITARY ENGINEER SERVICES||CE CC AND CE (AF) ALLAHABAD - MES||CWE (AF) BAMRAULI ALLAHABAD - MES||GE (AF) BIHTA,03-Oct-2025 06:00 PM,https://defproc.gov.in/nicgep/app?component=%24DirectLink&page=FrontEndLatestActiveCorrigendums&service=direct&session=T&sp=SwVFamWJX%2FeWP2%2BqFo32kKw%3D%3D
315,2025_MES_730538_1,"[COMPREHENSIVE MAINT AND REPAIR WORK OF CENTRAL AC PLANT, PACKAGE TYPE AC PLANT, SPLIT ACS WIDOW ACS AND ALLIED WORKS INCLUDING CONNECTED MISC ITEMS AT DEAL UNDER GE (I) RND DEHRADUN]",12-Sep-2025 06:00 PM,E-IN-C BRANCH - MILITARY ENGINEER SERVICES||ADG (OF and DRDO)  AND CE (R and D) DELHI-  MES||GE(I) R and D Dehradun - MES,03-Oct-2025 06:00 PM,https://defproc.gov.in/nicgep/app?component=%24DirectLink&page=FrontEndLatestActiveCorrigendums&service=direct&session=T&sp=SmmNIO0oGyQ9uMPBhiL5fkg%3D%3D
316,2025_MES_727826_1,[PROVN OF RCC SUMP IN REPLACEMENT OF EXISTING UG SUMP AT SHILLONG CANTT AND HAPPY VALLEY UNDER GE SHILLONG],26-Aug-2025 01:00 PM,E-IN-C BRANCH - MILITARY ENGINEER SERVICES||CE EC AND CE SHILLONG ZONE - MES||CWE Shillong - MES,30-Sep-2025 06:00 PM,https://defproc.gov.in/nicgep/app?component=%24DirectLink&page=FrontEndLatestActiveCorrigendums&service=direct&session=T&sp=SKvVOqEcUtd2xafNCtPViOg%3D%3D
317,2025_MES_729726_1,[REPAIRS TO ROOF TREATMENT STAIR CASE FLOORING PLASTERING CEILINGS AND CONNECTED WORKS AT TECHNICAL INSTALLATIONS UNDER AGE B R I OF GE I R AND D WEST BENGALURU],06-Sep-2025 06:15 PM,E-IN-C BRANCH - MILITARY ENGINEER SERVICES||ADG (OF and DRDO) AND CE (R and D) SECUNDERABAD - MES||GE (I) RND (W) BANGALORE - MES||GE (I) RND (W) BANGALORE - MES,04-Oct-2025 06:00 PM,https://defproc.gov.in/nicgep/app?component=%24DirectLink&page=FrontEndLatestActiveCorrigendums&service=direct&session=T&sp=SxFs8Ok7%2FVu6UAIZvo7SnQg%3D%3D
318,2025_MES_730568_1,"[PROVISION OF DEFICIENT MARRIED ACCOMODATION AND ALLIED FACILITIES AT NEDUMBASERY, KOCHI]",12-Sep-2025 04:00 PM,E-IN-C BRANCH - MILITARY ENGINEER SERVICES||ADG (CG AND PROJECT) CHENNAI AND CE (CG) GOA - MES,27-Oct-2025 06:00 PM,https://defproc.gov.in/nicgep/app?component=%24DirectLink&page=FrontEndLatestActiveCorrigendums&service=direct&session=T&sp=SwEFF33nJZREPDycOK4IUnA%3D%3D
319,2025_MES_729529_1,[EXTERNAL PERIODICAL SERVICES FOR NOV 2025 POP IN ZONE A AREA AT NDA KHADAKWASLA],04-Sep-2025 06:45 PM,E-IN-C BRANCH - MILITARY ENGINEER SERVICES||CE SC AND CE PUNE ZONE - MES||CWE PUNE - MES||GE KHADAKVASLA - MES,02-Oct-2025 06:00 PM,https://defproc.gov.in/nicgep/app?component=%24DirectLink&page=FrontEndLatestActiveCorrigendums&service=direct&session=T&sp=SU9LbYMoUc%2FPWMJWJNkon4A%3D%3D
320,2025_MES_729234_1,"[CA NO. GE (AF)/SGR-50/2025-26 CLEANING / MAINTENANCE OF OVERHEAD RESERVOIR, UG SUMP, RISING MAIN DISTRIBUTION, FILTERATION PLANT AND OTHER CONNECTED WORKS UNDER AOR OF GE (AF) SRINAGAR]",03-Sep-2025 06:00 PM,E-IN-C BRANCH - MILITARY ENGINEER SERVICES||CE NC AND CE (AF) UDHAMPUR - MES||CWE (AF) SRINAGAR - MES||GE(AF)SRINAGAR - MES,01-Oct-2025 06:00 PM,https://defproc.gov.in/nicgep/app?component=%24DirectLink&page=FrontEndLatestActiveCorrigendums&service=direct&session=T&sp=SZRZPXBpB8KqpKfHvnCFKzQ%3D%3D
321,2025_MES_731052_1,"[REPAIR/MAINT OF SECURITY LIGHTS,JUNCTION BOX, BRACKETS,CABLES  AND CONNECTED WORKS AT OAF UNDER GE 970 EWS]",15-Sep-2025 06:00 PM,E-IN-C BRANCH - MILITARY ENGINEER SERVICES||CE NC AND CE 31 ZONE - MES||134 WORKS ENGINEER - MES||GE 970 EWS - MES,06-Oct-2025 06:00 PM,https://defproc.gov.in/nicgep/app?component=%24DirectLink&page=FrontEndLatestActiveCorrigendums&service=direct&session=T&sp=SpF%2F0rirV436IokcKG6peiQ%3D%3D
322,2025_MES_719972_2,[PROVN OF OTM ACCN PH-I OF TWO PHS FOR CORPS ENGR REGT AT PATHANKOT UNDER GE WEST PATHANKOT],13-Sep-2025 06:00 PM,E-IN-C BRANCH - MILITARY ENGINEER SERVICES||CE WC AND CE PATHANKOT ZONE - MES,03-Oct-2025 06:00 PM,https://defproc.gov.in/nicgep/app?component=%24DirectLink&page=FrontEndLatestActiveCorrigendums&service=direct&session=T&sp=S6zaAR7KcOZaO%2BglTE87GyA%3D%3D
323,2025_MES_728481_1,[SPECIAL REPAIR TO RCC DISTRESSED PORTION AND RENOVATION OF TOILET BATHROOM AND KITCHEN AT P-220 01 TO 12 ORS MD ACCN AT MIL STN GANDHINAGAR],29-Aug-2025 06:30 PM,E-IN-C BRANCH - MILITARY ENGINEER SERVICES||CESC AND CE JODHPUR ZONE - MES||CWE AHMEDABAD - MES||GE GANDHINAGAR - MES,30-Sep-2025 06:00 PM,https://defproc.gov.in/nicgep/app?component=%24DirectLink&page=FrontEndLatestActiveCorrigendums&service=direct&session=T&sp=SgBVVqFICrBJxmk9rCLjfhQ%3D%3D
324,2025_IAF_725577_1,[PROCUREMENT OF 10 LINES OF LLTR RADAR SPARES  ],11-Aug-2025 05:00 PM,Indian Air Force||AOM NEW DELHI - IAF||ACAS (Procurement) - IAF||D Procurement - IAF,10-Oct-2025 11:00 AM,https://defproc.gov.in/nicgep/app?component=%24DirectLink&page=FrontEndLatestActiveCorrigendums&service=direct&session=T&sp=S9sw74SfTebQvzAauFP3b5g%3D%3D
325,2025_MES_727896_1,[REPAIR TO ROADS AND ROAD FURNITURE AT SITE R UNDER GE AF THANE],26-Aug-2025 04:00 PM,E-IN-C BRANCH - MILITARY ENGINEER SERVICES||CE SWC AND CE (AF) GANDHINAGAR - MES||CWE (AF) LOHOGAON - MES,02-Oct-2025 06:00 PM,https://etender.up.nic.in/nicgep/app?component=%24DirectLink_0&page=FrontEndAdvancedSearchResult&service=direct&session=T&sp=SxRzWViFb8WoqqG%2FVCSeIQQ%3D%3D
326,2025_DRDO_727863_1,[Development and Testing of Satellite Terminals for GSAT 32/N3],26-Aug-2025 05:00 PM,Department of Defence Research and Development||Defence Research and Development Organisation||DFMM||Office of DG(ECS)||DEAL,10-Nov-2025 02:00 PM,https://defproc.gov.in/nicgep/app?component=%24DirectLink&page=FrontEndLatestActiveCorrigendums&service=direct&session=T&sp=SmTg6FUqfLLALecxswo97gQ%3D%3D
327,2025_MES_729369_1,[PERIODICAL SERVICES FOR VARIOUS OTM ACCN AT AIR FORCE STATION AMRITSAR ],04-Sep-2025 02:00 PM,E-IN-C BRANCH - MILITARY ENGINEER SERVICES||CE WC and CE(AF) WAC PALAM-MES||CWE (AF) Chandigarh-MES||AGE (I) (AF) AMRITSAR - MES,02-Oct-2025 06:00 PM,https://defproc.gov.in/nicgep/app?component=%24DirectLink&page=FrontEndLatestActiveCorrigendums&service=direct&session=T&sp=Sjqc5D7R3T289fColPOW1%2Bw%3D%3D
328,2025_IAF_715741_1,[PROCUREMENT OF SPARES FOR SU-30 MKI AIRCRAFT],20-Jun-2025 05:00 PM,Indian Air Force||AOM NEW DELHI - IAF||ACAS (Procurement) - IAF||D Procurement - IAF,31-Oct-2025 03:00 PM,https://defproc.gov.in/nicgep/app?component=%24DirectLink&page=FrontEndLatestActiveCorrigendums&service=direct&session=T&sp=SGDsmxrmNEC64g4eh9YRjQQ%3D%3D
329,2025_NAVY_728712_1,[MO(V)/CPRO/N1/25VBLC006],02-Sep-2025 03:30 PM,IHQ of MOD (Navy)||EASTERN NAVAL COMMAND - NAVY||MO(VZG) - NAVY,02-Oct-2025 10:00 AM,https://defproc.gov.in/nicgep/app?component=%24DirectLink&page=FrontEndLatestActiveCorrigendums&service=direct&session=T&sp=S3zGHy8b3zoGfwHn4Q18%2Fuw%3D%3D
330,2025_MES_730065_1,"[REPAIR/ REPLACEMENT/ MAINT OF LT POLES, PANELS, JUNCTION BOX, SHIFTING OF POLES, POLE PAINTING AND ALLIED WORKS IN DOMESTIC AREA AT  AFS KUMBHIRGRAM]",10-Sep-2025 10:00 AM,E-IN-C BRANCH - MILITARY ENGINEER SERVICES||CE EC AND CE (AF) SHILLONG - MES||CWE (AF) BORJAR - MES||AGE (I) KUMBHIRGRAM - MES,02-Oct-2025 06:00 PM,https://defproc.gov.in/nicgep/app?component=%24DirectLink&page=FrontEndLatestActiveCorrigendums&service=direct&session=T&sp=Sdrrld8U%2FZEdRbYVtTjJVCA%3D%3D
331,2025_MES_727873_1,[REPAIRS TO VEHICLES AT GE (I) (CG) RATNAGIRI],26-Aug-2025 03:30 PM,E-IN-C BRANCH - MILITARY ENGINEER SERVICES||ADG (CG AND PROJECT) CHENNAI AND CE (CG) GOA - MES||GE (I) (P) RATNAGIRI - MES,29-Sep-2025 06:00 PM,https://defproc.gov.in/nicgep/app?component=%24DirectLink&page=FrontEndLatestActiveCorrigendums&service=direct&session=T&sp=SOR%2BOyos66Dcq%2BmhrCuENfw%3D%3D
332,2025_MES_719582_2,"[SPECIAL REPAIR TO CERTAIN TOILETS AT KLP, LIBRARY, FCTS AND ADDN/ALTN TO TOILET OF DSC GUARD ROOM INCLUDING PROVN OF LADIES TOILET AT MCTE UNDER AGE B/R-IV OF GE MCTE MHOW]",30-Aug-2025 01:00 PM,E-IN-C BRANCH - MILITARY ENGINEER SERVICES||CE CC AND CE JABALPUR ZONE - MES||CWE MHOW - MES||GE MCTE - MES,29-Sep-2025 06:00 PM,https://defproc.gov.in/nicgep/app?component=%24DirectLink&page=FrontEndLatestActiveCorrigendums&service=direct&session=T&sp=SXjrgL84ILIKYnvpmSLsqXg%3D%3D
333,2025_MES_729381_1,[REPAIRS/ MAINTENANCE/ RE-CANNING/PAINTING AND RENEWAL OF STEEL FURNITURE ITEMS AT AF STN YELAHANKA],04-Sep-2025 06:00 PM,E-IN-C BRANCH - MILITARY ENGINEER SERVICES||CESC AND CE (AF) BANGALORE - MES||CWE (AF) (SOUTH) BANGALORE - MES||GE(AF) Yelehanka - MES,02-Oct-2025 06:00 PM,https://defproc.gov.in/nicgep/app?component=%24DirectLink&page=FrontEndLatestActiveCorrigendums&service=direct&session=T&sp=SfxWyjyEMhUntRZE3xNK7QA%3D%3D
334,2025_ARMY_731096_1,[Sup and Constr of Fd Amn Bunker],16-Sep-2025 09:00 AM,IHQ of MoD (Army)-(OSCC)||South Western Comd-IHQ of MoD (Army)-(OSCC)||CORPS 1-South Western Comd-IHQ of MoD(Army)-(OSCC)||ENGR UNIT 1-IHQ OF MOD(Army),29-Sep-2025 06:00 PM,https://defproc.gov.in/nicgep/app?component=%24DirectLink&page=FrontEndLatestActiveCorrigendums&service=direct&session=T&sp=S%2B5JGVjGOXUyk7BuJWaktBA%3D%3D
335,2025_MES_726473_1,[PROVN OF AIR CONDITIONING FOR INFRASTRUCTURE AT AF STN HALWARA],18-Aug-2025 06:40 PM,E-IN-C BRANCH - MILITARY ENGINEER SERVICES||CE WC and CE(AF) WAC PALAM-MES,10-Oct-2025 06:40 PM,https://defproc.gov.in/nicgep/app?component=%24DirectLink&page=FrontEndLatestActiveCorrigendums&service=direct&session=T&sp=Suo8UJfd8sufOiBa%2Bmf6RXg%3D%3D
336,2025_MES_731734_1,"[SPECIAL REPAIR TO ROAD/PATH OF OFFRS ACCN IN LANE NO. 01 TO 05 HASTING ROAD, CHURCH TO SARVATRA DWAR AND INNER PERIMETER ROAD AT CANNON OFFRS MESS ARTY BDE AT NEW CANTT UNDER  GE (WEST) PRAYAGRAJ.]",19-Sep-2025 04:00 PM,E-IN-C BRANCH - MILITARY ENGINEER SERVICES||CE CC AND CE LUCKNOW ZONE - MES||CWE ALLAHABAD - MES,17-Oct-2025 06:00 PM,https://etender.up.nic.in/nicgep/app?component=%24DirectLink_0&page=FrontEndAdvancedSearchResult&service=direct&session=T&sp=S4NL9bLd7gZ%2FCpu4FADjSBg%3D%3D
337,2025_MES_729654_1,[PERIODICAL SERVICES INCLUDING MISCELLANEOUS REPAIR WORK AT RESIDENTIAL AREA IN 7 AF HOSPITAL ],06-Sep-2025 02:00 PM,E-IN-C BRANCH - MILITARY ENGINEER SERVICES||CESC AND CE (AF) NAGPUR - MES||CWE (AF) CHAKERI - MES||GE B/R AF CHAKERI - MES,04-Oct-2025 06:00 PM,https://defproc.gov.in/nicgep/app?component=%24DirectLink&page=FrontEndLatestActiveCorrigendums&service=direct&session=T&sp=S53a%2BL99sxDMPDZh0oQl2CQ%3D%3D
338,2025_MES_729163_1,"[REPAIR/ MAINTENANCE AND REPLACEMENT OF OLD UNSERVICEABLE/ DAMAGED RCC POLES, PAINTING OF POLES, REPLACEMENT OF JUNCTION BOXES AND CONNECTED WORKS AT INS MANDOVI UNDER GE (P) NAVY MANDOVI]",03-Sep-2025 02:00 PM,E-IN-C BRANCH - MILITARY ENGINEER SERVICES||CESC AND CE( NAVY )MUMBAI - MES||CWE NAVY VASCO - MES||GE (P) (NAVY) MANDOVI - MES,02-Oct-2025 06:00 PM,https://defproc.gov.in/nicgep/app?component=%24DirectLink&page=FrontEndLatestActiveCorrigendums&service=direct&session=T&sp=SV5aapQLN1%2BZzS%2BSegrKl0A%3D%3D
339,2025_MES_728974_1,"[REPAIR AND MAINTENANCE OF SUBMERSIBLE PUMPSETS, CENTRIFUGAL PUMPSETS AND ALLIED WORKS UNDER AGE (I) POKARAN]",02-Sep-2025 04:00 PM,E-IN-C BRANCH - MILITARY ENGINEER SERVICES||CESC AND CE JODHPUR ZONE - MES||CWE JAISALMER - MES||AGE (I) Pokaran - MES,30-Sep-2025 06:00 PM,https://defproc.gov.in/nicgep/app?component=%24DirectLink&page=FrontEndLatestActiveCorrigendums&service=direct&session=T&sp=SFlFqHfIuQNjYvg4GASpDBg%3D%3D
340,2025_MES_730593_1,"[SPECIAL REPAIRS / REPLACEMENT OF ROOF SHEET OF GARRAGES, PROVN OF CABLE TRAYS AND AREA LIGHTINGS AND ADDN/ ALTN OF  ORs TOILET AT INSIDE VIJAY DURG  UNDER GE (FW) KOLKATA ]",12-Sep-2025 06:00 PM,E-IN-C BRANCH - MILITARY ENGINEER SERVICES||CE EC AND CE KOLKATA ZONE - MES||CWE KOLKATA - MES||GE FORT WILLIAM KOLKATA - MES,03-Oct-2025 06:00 PM,https://defproc.gov.in/nicgep/app?component=%24DirectLink&page=FrontEndLatestActiveCorrigendums&service=direct&session=T&sp=SrNuWq9r4%2FQ6hoHnu4F7FEw%3D%3D
341,2025_MES_729655_1,[PETTY REPAIRS AND DAY TO DAY MAINTENANCE AND MISC B/R WORK AT CGDHQ-15 OKHA UNDER GE (I) CG PORBANDAR],06-Sep-2025 04:00 PM,E-IN-C BRANCH - MILITARY ENGINEER SERVICES||ADG (CG AND PROJECT) CHENNAI AND CE (CG) GOA - MES||GE (CG) PORBANDAR - MES,02-Oct-2025 06:00 PM,https://defproc.gov.in/nicgep/app?component=%24DirectLink&page=FrontEndLatestActiveCorrigendums&service=direct&session=T&sp=SxHQ%2BJ%2BHFB%2FUXgI6lrWVd1w%3D%3D
342,2025_MES_731441_1,[PROVN OF RAIN WATER HARVESTING FOR KALIMATA AREA OF MAHAR AT LEBONG UNDER AGE (I) DARJEELING ],18-Sep-2025 12:00 PM,E-IN-C BRANCH - MILITARY ENGINEER SERVICES||CE EC AND CE SILIGURI ZONE - MES||HQ 136 WORKS ENGINEERS - MES,13-Oct-2025 06:00 PM,https://defproc.gov.in/nicgep/app?component=%24DirectLink&page=FrontEndLatestActiveCorrigendums&service=direct&session=T&sp=SZWSNRpns7i1KAsfhLHiGLw%3D%3D
343,2025_MES_730056_1,"[SPECIAL REPAIR TO BLDG NO. P-37 CAMP 21/1 (TCP LINE) AT 2 PARA (SF) BN AND PROVN OF THREE PHASE CONNECTION IN THE BLDG NO P-275 (RS AUDITORIUM CUM LACTURAL HALL) AT CLEMENT TOWN, DEHRADUN]",09-Sep-2025 05:30 PM,E-IN-C BRANCH - MILITARY ENGINEER SERVICES||CE CC AND CE BAREILLY ZONE - MES||CWE HILLS DEHRADUN -  MES||GE (MES) Clement Town - MES,01-Oct-2025 06:00 PM,https://defproc.gov.in/nicgep/app?component=%24DirectLink&page=FrontEndLatestActiveCorrigendums&service=direct&session=T&sp=SLhp50yNaWxEolTjoqMrV0A%3D%3D
344,2025_MES_723339_1,[TERM CONTRACT FOR MD AND OTM ACCN AT HQ SUB AREA AND ADJOINING AREA UNDER AGE B/R-I OF GE (NORTH) UDHAMPUR.],30-Jul-2025 12:00 PM,E-IN-C BRANCH - MILITARY ENGINEER SERVICES||CE NC AND CE UDHAMPUR ZONE - MES||CWE UDHAMPUR - MES||GE(NORTH) UDHAMPUR - MES,29-Sep-2025 06:00 PM,https://defproc.gov.in/nicgep/app?component=%24DirectLink&page=FrontEndLatestActiveCorrigendums&service=direct&session=T&sp=S0rp3owqQuAPhnUyfJ03mnQ%3D%3D
345,2025_MES_731760_1,"[SPECIAL REPAIR OF BLDG NO. P-139, P-140, P-141, AND P-142 (24 X OR MD ACCN) AT New CANTT UNDER GE WEST) PRAYAGRAJ.]",19-Sep-2025 04:00 PM,E-IN-C BRANCH - MILITARY ENGINEER SERVICES||CE CC AND CE LUCKNOW ZONE - MES||CWE ALLAHABAD - MES,10-Oct-2025 06:00 PM,https://etender.up.nic.in/nicgep/app?component=%24DirectLink_0&page=FrontEndAdvancedSearchResult&service=direct&session=T&sp=S5TWjnENdlbHuFSNc5MAQfQ%3D%3D
346,2025_MES_730639_1,[TERM CONTRACT FOR ARTIFICER WORK OF RAJPUT REGT CENTRE AT FATEHGARH CANTT],12-Sep-2025 06:00 PM,E-IN-C BRANCH - MILITARY ENGINEER SERVICES||CE CC AND CE LUCKNOW ZONE - MES||CWE AGRA - MES,03-Oct-2025 06:00 PM,https://etender.up.nic.in/nicgep/app?component=%24DirectLink_0&page=FrontEndAdvancedSearchResult&service=direct&session=T&sp=S21j0l3ShBtOI7tBfnbDZPQ%3D%3D
347,2025_ARMY_731744_1,[RC/25-26/172],19-Sep-2025 06:00 PM,IHQ of MoD (Army)-(OSCC)||DGAFMS-IHQ of MoD (Army)-(OSCC)||DG 2 GROUP-IHQ of MoD (Army)-(OSCC)||AFMSD 4-IHQ of MoD (Army),21-Oct-2025 10:00 AM,https://etender.up.nic.in/nicgep/app?component=%24DirectLink_0&page=FrontEndAdvancedSearchResult&service=direct&session=T&sp=SDEH%2FMQDyYVg5aAkkNAT7Gg%3D%3D
348,2025_MES_729061_1,"[GE(A)/SOG-TOKEN-33/2025-26 ADDN/ALTN TO BLDG NO P-14, P-15 , P-18 AND P-2 AND PROVN OF BOUNDARY WALL , HARDSTANDING ,TOE WALL AND HIGH MAST LIGHT AT SURATGARH MIL STN UNDER GE (A) SURATGARH]",03-Sep-2025 09:00 AM,E-IN-C BRANCH - MILITARY ENGINEER SERVICES||CE SWC AND CE BATHINDA ZONE - MES||CWE BIKANER - MES||GE (ARMY) SURATGARH - MES,30-Sep-2025 06:00 PM,https://defproc.gov.in/nicgep/app?component=%24DirectLink&page=FrontEndLatestActiveCorrigendums&service=direct&session=T&sp=S4H8fOoYM82kqZartkTgn4A%3D%3D
349,2025_MES_716977_1,[ADDN ALTN TO MARRIED ACCN AT AF STN CHABUA],26-Jun-2025 06:00 PM,E-IN-C BRANCH - MILITARY ENGINEER SERVICES||CE EC AND CE (AF) SHILLONG - MES,13-Oct-2025 06:00 PM,https://defproc.gov.in/nicgep/app?component=%24DirectLink&page=FrontEndLatestActiveCorrigendums&service=direct&session=T&sp=SGqRbZsHCZHvH1oxmAsBWGA%3D%3D
350,2025_MES_728428_1,[PROVISION OF TOILET BLOCK NEAR BLDG NOP52 AT LICHUBARI PROVISION OF RAINWATER HARVESTING STRUCTURE AND RECHARGE WELL NEW APS LOC AT ROWRIAH PROVISION OF RAINWATER HARVESTING STRUCTURE AND RECHARGE WELL AT LICHUBARI AND PROVISION OF WATER FILTRATION],29-Aug-2025 04:40 PM,E-IN-C BRANCH - MILITARY ENGINEER SERVICES||CE EC AND CE SHILLONG ZONE - MES||CWE Dinjan - MES||GE Jorhat - MES,30-Sep-2025 06:00 PM,https://defproc.gov.in/nicgep/app?component=%24DirectLink&page=FrontEndLatestActiveCorrigendums&service=direct&session=T&sp=SHsK5vXVV%2F%2FlhMqebNykwEg%3D%3D
351,2025_MES_730403_1,[SPECIAL REPAIR TO BLDG NO P-124 (COOK HOUSE AND DINING HALL) UNDER GE DEHRADUN],11-Sep-2025 05:00 PM,E-IN-C BRANCH - MILITARY ENGINEER SERVICES||CE CC AND CE BAREILLY ZONE - MES||CWE DEHRADUN - MES,03-Oct-2025 06:00 PM,https://defproc.gov.in/nicgep/app?component=%24DirectLink&page=FrontEndLatestActiveCorrigendums&service=direct&session=T&sp=S3Y%2BiEoEfOZAuRmROW2%2Bp4A%3D%3D
352,2025_MES_728598_1,"[8452/E8 REPAIR AND MAINT OF SWIMMING POOL INSTALLATION, REPLACEMENT OF PARTS AND ALLIED WKS AND REPAIR AND MAINT OF MES INSTALLATION AT BAREILLY STN  UNDER GE (EAST) BAREILLY]",30-Aug-2025 01:30 PM,E-IN-C BRANCH - MILITARY ENGINEER SERVICES||CE CC AND CE BAREILLY ZONE - MES||CWE BAREILLY - MES||GE(EAST) BAREILLY - MES,02-Oct-2025 06:00 PM,https://defproc.gov.in/nicgep/app?component=%24DirectLink&page=FrontEndLatestActiveCorrigendums&service=direct&session=T&sp=SY1jC4bEiaD9%2Fy9wljcNmPg%3D%3D
353,2025_MES_730214_1,"[CLEANING OF SEWAGE LINES ,SEPTIC TANKS, MANHOLES IN THE AREA UNDER AGE B/R-I OF GE (AF) SUBROTO PARK]",10-Sep-2025 05:00 PM,E-IN-C BRANCH - MILITARY ENGINEER SERVICES||CE WC and CE(AF) WAC PALAM-MES||CWE (AF) Palam-MES||GE (AF) Subroto Park-MES,30-Sep-2025 06:00 PM,https://defproc.gov.in/nicgep/app?component=%24DirectLink&page=FrontEndLatestActiveCorrigendums&service=direct&session=T&sp=Se3O6UfKZ4jpk2Bwb9%2FExQQ%3D%3D
354,2025_MES_723145_1,[CA NO  CE CHZ SHJ T 18 2024 25   PROVISION OF PREPAID ENERGY METERS AT KALKA UNDER GE I JUTOGH],29-Jul-2025 06:00 PM,E-IN-C BRANCH - MILITARY ENGINEER SERVICES||CE WC AND CE CHANDIGARH ZONE - MES,11-Oct-2025 06:00 PM,https://defproc.gov.in/nicgep/app?component=%24DirectLink&page=FrontEndLatestActiveCorrigendums&service=direct&session=T&sp=S%2FExO0WZipEdgf1%2B57abAow%3D%3D
355,2025_MES_731071_1,"[REPAIRS TO VARIOUS APPROACH ROADS, INTERNAL ROADS, MAIN ROADS AND ROAD FURNITURE AT ARTY CENTRE UNDER GE NASIK ROAD CAMP]",15-Sep-2025 06:30 PM,E-IN-C BRANCH - MILITARY ENGINEER SERVICES||CE SC AND CE PUNE ZONE - MES||CWE DEOLALI - MES,13-Oct-2025 06:00 PM,https://etender.up.nic.in/nicgep/app?component=%24DirectLink_0&page=FrontEndAdvancedSearchResult&service=direct&session=T&sp=Sna4N%2B6bdUo7yheZVUsi2DA%3D%3D
356,2025_MES_729409_1,[REPAIR/ RECTIFICATION OF DAY TO DAY COMPLAINT AND WELCOME MAINT OF MD/ SINGLE ACCN IN OTHER THAN MH AREA UNDER GE(U) E/M MEERUT CANTT.],04-Sep-2025 04:00 PM,E-IN-C BRANCH - MILITARY ENGINEER SERVICES||CE CC AND CE BAREILLY ZONE - MES||CWE MEERUT - MES||GE (U) EM Meerut - MES,02-Oct-2025 06:00 PM,https://defproc.gov.in/nicgep/app?component=%24DirectLink&page=FrontEndLatestActiveCorrigendums&service=direct&session=T&sp=SJEWzqO6VxXTcxx%2BNxz8Vcw%3D%3D
357,2025_MES_729213_1,[WELCOME MAINT TO OFFICERS MD ACCN AT SI LINES UNDER GE BHOPAL],03-Sep-2025 06:00 PM,E-IN-C BRANCH - MILITARY ENGINEER SERVICES||CESC AND CE BHOPAL ZONE  - MES||CWE BHOPAL - MES||GE BHOPAL - MES,29-Sep-2025 06:00 PM,https://defproc.gov.in/nicgep/app?component=%24DirectLink&page=FrontEndLatestActiveCorrigendums&service=direct&session=T&sp=Sj9Eb6PkLIzVRWYX3FEdKKA%3D%3D
358,2025_MES_731807_1,[GE/BAS-67/2025-26 Addition/alteration to building No P-154 at Janglote under GE Basoli],19-Sep-2025 05:30 PM,E-IN-C BRANCH - MILITARY ENGINEER SERVICES||CE WC AND CE PATHANKOT ZONE - MES||CWE PATHANKOT - MES||GE BASOLI - MES,10-Oct-2025 06:00 PM,https://etender.up.nic.in/nicgep/app?component=%24DirectLink_0&page=FrontEndAdvancedSearchResult&service=direct&session=T&sp=SKStIODry2fRGXJ1A6r0H2A%3D%3D
359,2025_MES_731940_1,[REPAIR AND MAINTENANCE OD MT VEHICLES UNDER GE I CG BHUBANESWAR],22-Sep-2025 11:00 AM,E-IN-C BRANCH - MILITARY ENGINEER SERVICES||ADG (Projects) and CE (CG) Visakhapatnam - MES||GE (I) (CG) Bhubaneshwar - MES,04-Oct-2025 06:00 PM,https://defproc.gov.in/nicgep/app?component=%24DirectLink&page=FrontEndLatestActiveCorrigendums&service=direct&session=T&sp=SMR0TMPLAwAfU6dM9eugxWA%3D%3D
360,2025_MES_728463_1,"[REPAIR/MAINT, POLISHING AND PAINTING OF STEEL AND WOODEN FURNITURE AT JALIPA MIL STN UNDER GE (A) BARMER.]",30-Aug-2025 09:00 AM,E-IN-C BRANCH - MILITARY ENGINEER SERVICES||CESC AND CE JODHPUR ZONE - MES||CWE JAISALMER - MES||GE (ARMY) BARMER - MES,29-Sep-2025 06:00 PM,https://etender.up.nic.in/nicgep/app?component=%24DirectLink_0&page=FrontEndAdvancedSearchResult&service=direct&session=T&sp=S%2BxpERndhMe8%2BZZIUDdccyA%3D%3D
361,2025_MES_728987_1,"[MISC REPAIR/ REPLACEMENT OF UNSV ITEMS PERTAINING TO DESERT COOLER, WATER COOLER, REFRIGERATOR, DEEP FREEZER, WATER DISPENSER, AIR CURTAIN AND OTHER CONNECTED MISC E/M WORKS OF BASE HOSP AND OTHER UNITS UNDER GE (EAST) DELHI CANTT-10]",02-Sep-2025 06:00 PM,E-IN-C BRANCH - MILITARY ENGINEER SERVICES||CE WC and CE DELHI ZONE-MES||CWE DELHI CANTT-MES||GE (EAST) DELHI CANTT-MES,30-Sep-2025 06:00 PM,https://defproc.gov.in/nicgep/app?component=%24DirectLink&page=FrontEndLatestActiveCorrigendums&service=direct&session=T&sp=SOKk7edGv7tMgU6eT%2Bxt6Cw%3D%3D
362,2025_MES_730174_1,"[PROVISION OF RCC CULVERT 8 by 1 MTR NEAR OMQ AREA, PROVISION OF SHED NEAR COOK HOUSE ENTRANCE, ADDN AND ALTN OF BLDG NO P-24 AND PROVISION OF MISC E AND M WORKS AT 2AFSB MYSORE]",10-Sep-2025 06:00 PM,E-IN-C BRANCH - MILITARY ENGINEER SERVICES||CESC AND CE (AF) BANGALORE - MES||CWE (AF) (SOUTH) BANGALORE - MES||AGE(I)(AF) CHIMNEY HILLS BANGALORE - MES,01-Oct-2025 06:00 PM,https://defproc.gov.in/nicgep/app?component=%24DirectLink&page=FrontEndLatestActiveCorrigendums&service=direct&session=T&sp=SkoX%2FGQqkP%2FcUlfcse2M%2BXw%3D%3D
363,2025_MES_729041_1,"[REPAIRS/ REPLACEMENT OF INTERNAL ELECT, DB, SUBMAIN WIRING, FLAME PROOF LIGHT/ FLAME PROOF SWITCH, EARTHINGS AND PETTY/ DAY TO DAY MAINT AT OTM AND TECHNICAL ACCOMMODATION AT AFS MAKARPURA VADODARA]",02-Sep-2025 06:55 PM,E-IN-C BRANCH - MILITARY ENGINEER SERVICES||CE SWC AND CE (AF) GANDHINAGAR - MES||CWE (AF) CHILODA - MES||GE (AF) BARODA - MES,30-Sep-2025 06:00 PM,https://defproc.gov.in/nicgep/app?component=%24DirectLink&page=FrontEndLatestActiveCorrigendums&service=direct&session=T&sp=SFF9E54brIfZOoQazIbvVlQ%3D%3D
364,2025_MES_732166_1,[REPAIR TO FLOOR ROOF CEILING ETC IN CERTAIN OTM MD ACCN AND MAINT OF AIRFIELD AT AF STN MISSAMARI],22-Sep-2025 06:45 PM,E-IN-C BRANCH - MILITARY ENGINEER SERVICES||CE EC AND CE SILIGURI ZONE - MES||CWE TENGA - MES||GE MISSAMARI - MES,20-Oct-2025 06:00 PM,https://defproc.gov.in/nicgep/app?component=%24DirectLink&page=FrontEndLatestActiveCorrigendums&service=direct&session=T&sp=SZ8cNqMt%2FPk10VJAupdqbiA%3D%3D
365,2025_MES_730642_1,[PROVISION EXPANSION OF STORAGE ACCN BY ADDN / ALTN IN P-1 BLDG AND CERTAIN MINOR WORKS AT UNDER GE (I) RND KANCHANBAGH],12-Sep-2025 06:00 PM,E-IN-C BRANCH - MILITARY ENGINEER SERVICES||ADG (OF and DRDO) AND CE (R and D) SECUNDERABAD - MES||GE (I) RND KANCHANBAGH - MES,01-Oct-2025 06:00 PM,https://defproc.gov.in/nicgep/app?component=%24DirectLink&page=FrontEndLatestActiveCorrigendums&service=direct&session=T&sp=StATO0DCNSn4DSBsh6n8NFg%3D%3D
366,2025_MES_729158_1,[SPL REPAIR TO P-40 HANGER AT 660 ARMY AVN SQN (R AND O) AND CERTAIN REVENUE AND MINOR WORKS UNDER GE(N) PATIALA ],03-Sep-2025 03:00 PM,E-IN-C BRANCH - MILITARY ENGINEER SERVICES||CE WC AND CE CHANDIGARH ZONE - MES||CWE PATIALA - MES||GE (N) PATIALA - MES,04-Oct-2025 06:00 PM,https://defproc.gov.in/nicgep/app?component=%24DirectLink&page=FrontEndLatestActiveCorrigendums&service=direct&session=T&sp=SWQSav8G5bSzgS42zMhIs0g%3D%3D
367,2025_MES_717942_3,[PERIODICAL SERVICES TO MD ACCN OFFRS) UNDER AGE B/R-II  OF GE (N) MAMUN],13-Sep-2025 06:00 PM,E-IN-C BRANCH - MILITARY ENGINEER SERVICES||CE WC AND CE PATHANKOT ZONE - MES||CWE MAMUN - MES||GE(NORTH) MAMUN - MES,04-Oct-2025 06:00 PM,https://defproc.gov.in/nicgep/app?component=%24DirectLink&page=FrontEndLatestActiveCorrigendums&service=direct&session=T&sp=S%2F6eP3uFSwnoD7OR8OGR5rQ%3D%3D
368,2025_MES_730443_1,[REPAIR TO WATER PROOFING TREATMENT OF ROOF AND OTHER CONNECTED REPAIRING WORKS IN TECH AREA AT AF STN NALIYA],11-Sep-2025 06:55 PM,E-IN-C BRANCH - MILITARY ENGINEER SERVICES||CE SWC AND CE (AF) GANDHINAGAR - MES||CWE (AF) BHUJ - MES||GE(AF) NALIYA NO.1 - MES,02-Oct-2025 06:00 PM,https://defproc.gov.in/nicgep/app?component=%24DirectLink&page=FrontEndLatestActiveCorrigendums&service=direct&session=T&sp=S6RTgpOm9L0bPv4iYcFtqtg%3D%3D
369,2025_MES_730940_1,"[Provision of Retaining Wall at certain locations at INS Valsura, Jamnagar]",15-Sep-2025 01:00 PM,E-IN-C BRANCH - MILITARY ENGINEER SERVICES||CESC AND CE (NAVY) KOCHI - MES||GE (I) NAVY JAMNAGAR - MES,09-Oct-2025 06:00 PM,https://defproc.gov.in/nicgep/app?component=%24DirectLink&page=FrontEndLatestActiveCorrigendums&service=direct&session=T&sp=SYwxrXW9qfY13w3m6VUV0Zg%3D%3D
370,2025_MES_729575_1,"[PROVN OF TOILET AND BATHROOM FACILITY AT 281 FD REGT AND ADDN/ALTN TO TOILET BLOCK FOR OFFRS, JCOs AND OR  OF 14 EW BN UNDER GE(WEST)PATHANKOT]",06-Sep-2025 09:00 AM,E-IN-C BRANCH - MILITARY ENGINEER SERVICES||CE WC AND CE PATHANKOT ZONE - MES||CWE PATHANKOT - MES||GE (WEST) PATHANKOT - MES,04-Oct-2025 06:00 PM,https://defproc.gov.in/nicgep/app?component=%24DirectLink&page=FrontEndLatestActiveCorrigendums&service=direct&session=T&sp=S8u0%2BEs%2BGbYJwElxXxKGaOQ%3D%3D
371,2025_MES_730186_1,[SPECIAL REPAIR AND CERTAIN SANCTION WORK OF E/M ITEMS AT MIL STN BHUJ UNDER GE ARMY BHUJ],11-Sep-2025 11:35 AM,E-IN-C BRANCH - MILITARY ENGINEER SERVICES||CESC AND CE JODHPUR ZONE - MES||CWE AHMEDABAD - MES||GE (ARMY)BHUJ - MES,03-Oct-2025 06:00 PM,https://defproc.gov.in/nicgep/app?component=%24DirectLink&page=FrontEndLatestActiveCorrigendums&service=direct&session=T&sp=SCBPwxJfyduox9wuUoSIXcg%3D%3D
372,2025_MES_731496_1,[PROVISION OF CERTAIN MAJOR REVENUE AND MINOR WORKS AT AFS HAKIMPET UNDER GE (AF) HAKIMPET],18-Sep-2025 06:00 PM,E-IN-C BRANCH - MILITARY ENGINEER SERVICES||CESC AND CE (AF) BANGALORE - MES||CWE (AF) SECUNDERABAD - MES||GE(AF)HAKIMPET HYDERABAD - MES,09-Oct-2025 06:00 PM,https://etender.up.nic.in/nicgep/app?component=%24DirectLink_0&page=FrontEndAdvancedSearchResult&service=direct&session=T&sp=SrnXxWnBfIrpZa2CBhCC%2Btw%3D%3D
373,2025_MES_731657_1,[REPAIR /MAINT OF STP AND ALLIED WORKS AT LGJ MIL STN],19-Sep-2025 06:00 PM,E-IN-C BRANCH - MILITARY ENGINEER SERVICES||CE SWC AND CE BATHINDA ZONE - MES||CWE GANGANAGAR - MES,11-Oct-2025 06:00 PM,https://etender.up.nic.in/nicgep/app?component=%24DirectLink_0&page=FrontEndAdvancedSearchResult&service=direct&session=T&sp=SrfJQO%2BDPp%2BqGIspf0Cz5Cg%3D%3D
374,2025_MES_729905_1,[SPL REPAIR TO BLDG NO P-57/01 TO 57/04 (04 QTRS) CAPT MD ACCN AT HATHIKHANA UNDER GE GWALIOR],09-Sep-2025 11:00 AM,E-IN-C BRANCH - MILITARY ENGINEER SERVICES||CESC AND CE BHOPAL ZONE  - MES||CWE JHANSI - MES||GE GWALIOR - MES,10-Oct-2025 06:00 PM,https://defproc.gov.in/nicgep/app?component=%24DirectLink&page=FrontEndLatestActiveCorrigendums&service=direct&session=T&sp=S8pQTjfXrNUGUgpiMkRhrug%3D%3D
375,2025_MES_729730_1,[PROVN OF ENTRY GATE AT THIMMAYA MARG AND PROVN OF TOILETS NEAR MANDIR COMPLEX BLDG NO P-150 OF CENTRAL COMMAND SIGNAL REGIMENT NDER GE (WEST) LUCKNOW],06-Sep-2025 06:50 PM,E-IN-C BRANCH - MILITARY ENGINEER SERVICES||CE CC AND CE LUCKNOW ZONE - MES||CWE LUCKNOW - MES||GE(WEST)LUCKNOW - MES,04-Oct-2025 06:00 PM,https://defproc.gov.in/nicgep/app?component=%24DirectLink&page=FrontEndLatestActiveCorrigendums&service=direct&session=T&sp=SRkBDTHBdzU9c3eMft4CVuA%3D%3D
376,2025_MES_731189_1,[SPECIAL REPAIR OF TOILETS BATHROOMS KITCHEN INCL ROOF TREATMENT AT BLDG NO P 427 AT MIL STN GANDHINAGAR],16-Sep-2025 03:00 PM,E-IN-C BRANCH - MILITARY ENGINEER SERVICES||CESC AND CE JODHPUR ZONE - MES||CWE AHMEDABAD - MES||GE GANDHINAGAR - MES,06-Oct-2025 06:00 PM,https://defproc.gov.in/nicgep/app?component=%24DirectLink&page=FrontEndLatestActiveCorrigendums&service=direct&session=T&sp=S%2FzbUJJT66BdxCV9bgfjFvw%3D%3D
377,2025_MES_730145_1,"[REPAIR / MAINT OF INTERNAL ELECTRIFICATION WITH CONNECTED WORK AT BASE HOSP, CMDC, ECHS, COLLEGE OF NURSING, SURYA AUDITORIUM, PUNNIT DUTT AUDITIORIUM AND OTHER AREA OF AGE E/M (HOSP) UNDER GE E/M LUCKNOW]",10-Sep-2025 01:00 PM,E-IN-C BRANCH - MILITARY ENGINEER SERVICES||CE CC AND CE LUCKNOW ZONE - MES||CWE LUCKNOW - MES||GE(E/M)LUCKNOW - MES,01-Oct-2025 06:00 PM,https://etender.up.nic.in/nicgep/app?component=%24DirectLink_0&page=FrontEndAdvancedSearchResult&service=direct&session=T&sp=SuCdaPPVI54n4n5xGReH3gA%3D%3D
378,2025_MES_716507_1,[PROVISION OF CERTAIN NEW IGLOO SHEDS PHASE-VI AT AF STATION AMLA],24-Jun-2025 06:00 PM,E-IN-C BRANCH - MILITARY ENGINEER SERVICES||CESC AND CE (AF) NAGPUR - MES,03-Oct-2025 06:00 PM,https://defproc.gov.in/nicgep/app?component=%24DirectLink&page=FrontEndLatestActiveCorrigendums&service=direct&session=T&sp=SbINzXQnj3lAveovtMmfMxQ%3D%3D
379,2025_MES_730345_1,[REPAIR   MAINTAINANCE OF HT EXTERNAL ELECTRIC INSTALLATION DISTRIBUTION TRANSFORMERS HT VCBs OVERHEAD CONDUCTORS INSULATORS AB SWITCHES AND OTHER CONNECTED WORKS AT RAYANG MIL STN ],11-Sep-2025 01:00 PM,E-IN-C BRANCH - MILITARY ENGINEER SERVICES||CE EC AND CE SHILLONG ZONE - MES||CWE Likabali - MES,03-Oct-2025 06:00 PM,https://defproc.gov.in/nicgep/app?component=%24DirectLink&page=FrontEndLatestActiveCorrigendums&service=direct&session=T&sp=S3TSFxPlsEHlrE8e7D5iJ5g%3D%3D
380,2025_MES_728503_1,[REPAIR / RESURFACING OF ROADS INCLUDING ROAD FURNITURE AT AFS YELAHANKA],30-Aug-2025 10:00 AM,E-IN-C BRANCH - MILITARY ENGINEER SERVICES||CESC AND CE (AF) BANGALORE - MES||CWE (AF) (SOUTH) BANGALORE - MES,01-Oct-2025 06:00 PM,https://defproc.gov.in/nicgep/app?component=%24DirectLink&page=FrontEndLatestActiveCorrigendums&service=direct&session=T&sp=SauOyyJs00bDmmjvNNrsLZA%3D%3D
381,2025_MES_729146_1,"[SPL REPAIR TO ROADS AND HARDSTANDING AT VARIOUS LOCATIONS IN THE AOR OF AGE B/R-I UNDER GE 864 EWS,JOB NO (i) W/SR (ROAD)-01/BB CANTT/2025-26, (ii) W/SR (ROAD)-02/BB CANTT/2025-26, (iii) W/SR (ROAD)-03/BB CANTT/2025-26]",04-Sep-2025 06:00 PM,E-IN-C BRANCH - MILITARY ENGINEER SERVICES||CE NC AND CE 31 ZONE - MES||133 WORKS ENGINEER - MES,03-Oct-2025 06:00 PM,https://etender.up.nic.in/nicgep/app?component=%24DirectLink_0&page=FrontEndAdvancedSearchResult&service=direct&session=T&sp=Sg%2FTzWsjA8UoopqOZ4gzzfw%3D%3D
382,2025_MES_728406_1,"[PROVISION OF BUILDING FOR KG SECTIONS OF CHILDREN SCHOOL AT NPOL, KOCHI]",29-Aug-2025 06:00 PM,E-IN-C BRANCH - MILITARY ENGINEER SERVICES||ADG (OF and DRDO) AND CE (R and D) SECUNDERABAD - MES,08-Oct-2025 06:00 PM,https://defproc.gov.in/nicgep/app?component=%24DirectLink&page=FrontEndLatestActiveCorrigendums&service=direct&session=T&sp=SdAnwN%2FuBg1UwNb1i6FsSgw%3D%3D
383,2025_MES_721792_2,[138WE/L-151/2025-26],02-Sep-2025 11:00 AM,E-IN-C BRANCH - MILITARY ENGINEER SERVICES||CE NC AND CE LEH ZONE - MES||HQ 138 WORKS ENGR - MES,29-Sep-2025 06:00 PM,https://defproc.gov.in/nicgep/app?component=%24DirectLink&page=FrontEndLatestActiveCorrigendums&service=direct&session=T&sp=Sll4nkVP7g5pPtwT%2FMeOp%2FQ%3D%3D
384,2025_MES_732668_1,"[Repair/maintenance of Central AC Plants at MSL 1, 2, 3 and 4 at Military Station Kanasar under GE(N) Bikaner]",25-Sep-2025 06:00 PM,E-IN-C BRANCH - MILITARY ENGINEER SERVICES||CE SWC AND CE BATHINDA ZONE - MES||CWE BIKANER - MES,16-Oct-2025 06:00 PM,https://etender.up.nic.in/nicgep/app?component=%24DirectLink_0&page=FrontEndAdvancedSearchResult&service=direct&session=T&sp=SnnNc5QWL0ZaaYB3bc6ixUQ%3D%3D
385,2025_MES_729769_1,[PROVNOF DD VEHICLE PARKING AT MISSAMARI MIL STATION UNDER GE MISSAMARI],08-Sep-2025 12:05 PM,E-IN-C BRANCH - MILITARY ENGINEER SERVICES||CE EC AND CE SILIGURI ZONE - MES,23-Oct-2025 06:00 PM,https://defproc.gov.in/nicgep/app?component=%24DirectLink&page=FrontEndLatestActiveCorrigendums&service=direct&session=T&sp=SDxo9kS6xNkokOQa0ZjGWKw%3D%3D
386,2025_DRDO_725801_1,[Launch Gas Generator (K328-0100-0)],12-Aug-2025 04:15 PM,Department of Defence Research and Development||Defence Research and Development Organisation||DFMM||Office of DG (MSS)||PJ-10,06-Oct-2025 11:00 AM,https://defproc.gov.in/nicgep/app?component=%24DirectLink&page=FrontEndLatestActiveCorrigendums&service=direct&session=T&sp=SuLDpVp0pd%2FxC6qLqhHlsMA%3D%3D
387,2025_MES_731103_1,[REPAIR MAINT TO FENCING DRAIN COMPOUND WALL RETAINING WALL AND PATH AT MES ELECTRIC SUPPLY INSTALLATION AT MASIMPUR UNDER GE SILCHAR],16-Sep-2025 11:00 AM,E-IN-C BRANCH - MILITARY ENGINEER SERVICES||CE EC AND CE SHILLONG ZONE - MES||CWE HQ 137 WE - MES||GE SILCHAR - MES,07-Oct-2025 06:00 PM,https://defproc.gov.in/nicgep/app?component=%24DirectLink&page=FrontEndLatestActiveCorrigendums&service=direct&session=T&sp=Sk03RJ9RlrzXK7Hc50BV8Bw%3D%3D
388,2025_MES_728863_1,[SPECIAL REPAIR OF BLDG NO AC-1 (SINGLE JCOs LIVING) OF  92 MED REGT AT SRC LINES UNDER GE (NORTH) MEERUT CANTT],02-Sep-2025 12:00 PM,E-IN-C BRANCH - MILITARY ENGINEER SERVICES||CE CC AND CE BAREILLY ZONE - MES||CWE MEERUT - MES,01-Oct-2025 06:00 PM,https://defproc.gov.in/nicgep/app?component=%24DirectLink&page=FrontEndLatestActiveCorrigendums&service=direct&session=T&sp=SwyV%2BYA6LSdWOFnmI4egeUA%3D%3D
389,2025_MES_727903_1,[PROVN OF MECHANICAL LAUNDRY AT COLLEGE OF NURSING AND PROVN OF FLOOD LIGHTS AT CERTAIN LOCATION AT CHAFB],26-Aug-2025 04:30 PM,E-IN-C BRANCH - MILITARY ENGINEER SERVICES||CESC AND CE (AF) BANGALORE - MES||CWE (AF) (NORTH) BANGALORE - MES||GE(AF) BANGALORE - MES,29-Sep-2025 06:00 PM,https://defproc.gov.in/nicgep/app?component=%24DirectLink&page=FrontEndLatestActiveCorrigendums&service=direct&session=T&sp=SXmxB0qdvrMXXz7UUxnePHQ%3D%3D
390,2025_MES_725513_1,"[SPECIAL REPAIRS TO BUILDING NO P/179 SEMINAR CUM MODEL ROOM AUDITORIUM AT RNDE ENGRS DIGHI PUNE UNDER GE I RND GIRINAGAR , PUNE]",11-Aug-2025 06:00 PM,E-IN-C BRANCH - MILITARY ENGINEER SERVICES||ADG (OF and DRDO) AND CE (R and D) SECUNDERABAD - MES,10-Oct-2025 06:00 PM,https://defproc.gov.in/nicgep/app?component=%24DirectLink&page=FrontEndLatestActiveCorrigendums&service=direct&session=T&sp=SEJke9HiV9Ud%2B2f135lPnAQ%3D%3D
391,2025_MES_729816_1,"[REPAIRS TO WALL,  RCC ROOF, MANGALORE TILES, FALSE CEILING, PVC WATER TANK AND CONNECTED B/R ASSOCIATED WORKS AT GANESHKHIND AREA UNDER GE(I) RnD PASHAN, PUNE]",08-Sep-2025 04:00 PM,E-IN-C BRANCH - MILITARY ENGINEER SERVICES||ADG (OF and DRDO) AND CE (R and D) SECUNDERABAD - MES||GE (I) RND PASHAN - MES,29-Sep-2025 06:00 PM,https://defproc.gov.in/nicgep/app?component=%24DirectLink&page=FrontEndLatestActiveCorrigendums&service=direct&session=T&sp=SG3m%2Bl2%2BVc4FB2kTANMFPqA%3D%3D
392,2025_MES_727983_1,[REPAIR MAINT TO FURNITURE OF WOODEN AND STEEL UNDER GE 859 EWS ],27-Aug-2025 09:00 AM,E-IN-C BRANCH - MILITARY ENGINEER SERVICES||CE EC AND CE SILIGURI ZONE - MES||CWE TENGA - MES||GE 859 EWS - MES,29-Sep-2025 06:30 PM,https://defproc.gov.in/nicgep/app?component=%24DirectLink&page=FrontEndLatestActiveCorrigendums&service=direct&session=T&sp=SJAgPGknCNAmPoWZjcw%2BAuQ%3D%3D
393,2025_MES_729301_1,"[REPAIR/ REPLACEMENT OF INTERNAL ELECTRIFICATION AND CONNECTED WORKS IN OTM AND MD ACCN OF ZONE-I, II AND III UNDER AGE E/M-II OF GE (SOUTH) MEERUT]",04-Sep-2025 12:00 PM,E-IN-C BRANCH - MILITARY ENGINEER SERVICES||CE CC AND CE BAREILLY ZONE - MES||CWE No 2 MEERUT - MES,02-Oct-2025 06:00 PM,https://defproc.gov.in/nicgep/app?component=%24DirectLink&page=FrontEndLatestActiveCorrigendums&service=direct&session=T&sp=SJXI3k48XNjcuyqUq6lRrjQ%3D%3D
394,2025_MES_731129_1,"[REPAIRS TO FENCING, COMPOUND WALL AND CONNECTED ITEMS AT INS CHILKA UNDER GE CHILKA]",16-Sep-2025 12:10 PM,E-IN-C BRANCH - MILITARY ENGINEER SERVICES||CE EC AND CE (NAVY) VIZAG - MES||CWE (P) VISHAKHAPATNAM - MES||GE (P) CHILKA - MES,06-Oct-2025 06:00 PM,https://defproc.gov.in/nicgep/app?component=%24DirectLink&page=FrontEndLatestActiveCorrigendums&service=direct&session=T&sp=Sk5TNIbLN8PEwbn6HrDW66w%3D%3D
395,2025_MES_728840_1,"[REPAIR / MAINT OF BLDG SECURITY LIGHT FITTINGS, LIGHTENING CONDUCTORS, EARTHING AND MISC CONNECTED WORKS AND REPAIR /MAINT OF SUMMER/ WINTER APPLIANCES LIKE, REFRIGERATORS, VOLTAGE STABLIZERS AND GEYSERS AND CONNECTED WORKS OF JAK LI RC UNDER GE 970 ]",02-Sep-2025 10:00 AM,E-IN-C BRANCH - MILITARY ENGINEER SERVICES||CE NC AND CE 31 ZONE - MES||134 WORKS ENGINEER - MES||GE 970 EWS - MES,30-Sep-2025 06:00 PM,https://defproc.gov.in/nicgep/app?component=%24DirectLink&page=FrontEndLatestActiveCorrigendums&service=direct&session=T&sp=Svo4%2Bvc%2FaUmD74N3AmRnkLg%3D%3D
396,2025_MES_721957_2,[addn/alt to blast pens at AF stn udhampur],04-Sep-2025 06:00 PM,E-IN-C BRANCH - MILITARY ENGINEER SERVICES||CE NC AND CE (AF) UDHAMPUR - MES,30-Sep-2025 06:00 PM,https://defproc.gov.in/nicgep/app?component=%24DirectLink&page=FrontEndLatestActiveCorrigendums&service=direct&session=T&sp=Ss55xmaQaBKqkIYsz90YBxQ%3D%3D
397,2025_MES_728835_1,[SPECIAL REPAIRS TO LIFT AT MAP PKT-II (PHASE-III) AT HQTC (U) UNDER GE (AF) BANGALORE],01-Sep-2025 06:55 PM,E-IN-C BRANCH - MILITARY ENGINEER SERVICES||CESC AND CE (AF) BANGALORE - MES||CWE (AF) (NORTH) BANGALORE - MES,10-Oct-2025 06:00 PM,https://defproc.gov.in/nicgep/app?component=%24DirectLink&page=FrontEndLatestActiveCorrigendums&service=direct&session=T&sp=S8TOROKdYySoocRb6CJHZNQ%3D%3D
398,2025_MES_731283_1,[REPAIR / MAINT TO ROOF AND OTHER CONNECTED ITEMS AT AOR  OF AGE  B/R-I UNDER GE (EAST) AGRA],17-Sep-2025 11:00 AM,E-IN-C BRANCH - MILITARY ENGINEER SERVICES||CE CC AND CE LUCKNOW ZONE - MES||CWE AGRA - MES||GE (E) AGRA - MES,08-Oct-2025 06:00 PM,https://etender.up.nic.in/nicgep/app?component=%24DirectLink_0&page=FrontEndAdvancedSearchResult&service=direct&session=T&sp=SJDd5wLsOX7AxQ5SxU3EmFw%3D%3D
399,2025_MES_731774_1,"[REPAIR TO EXISTING PCC JALI JAFRI, PCC, RCC CHATRI, EXISTING COMPOUND WALL AND VARIOUS COLUMN PILLARS AS FACADE IN POCKET NO. 01 TO 22 UNDER MIL STN JAISALMER]",19-Sep-2025 05:00 PM,E-IN-C BRANCH - MILITARY ENGINEER SERVICES||CESC AND CE JODHPUR ZONE - MES||CWE JAISALMER - MES||GE (ARMY) JAISALMER - MES,17-Oct-2025 06:00 PM,https://etender.up.nic.in/nicgep/app?component=%24DirectLink_0&page=FrontEndAdvancedSearchResult&service=direct&session=T&sp=SXsv%2Feyb3QiT7%2BqVylHXpPA%3D%3D
400,2025_MES_731062_1,"[ADDN/ ALTN TO BLDG NO NP-3, P-2, P-37 AT 203 CEDU UNDER GE (SOUTH) UDHAMPUR]",15-Sep-2025 06:30 PM,E-IN-C BRANCH - MILITARY ENGINEER SERVICES||CE NC AND CE UDHAMPUR ZONE - MES||CWE UDHAMPUR - MES,06-Oct-2025 06:00 PM,https://etender.up.nic.in/nicgep/app?component=%24DirectLink_0&page=FrontEndAdvancedSearchResult&service=direct&session=T&sp=SjqxPRdkZgsWEro%2BjnS0llw%3D%3D
401,2025_MES_731275_1,[SPL REPAIR TO BLDG NO T 117 AT MIL STN GAYA],17-Sep-2025 09:30 AM,E-IN-C BRANCH - MILITARY ENGINEER SERVICES||CE CC AND CE JABALPUR ZONE - MES||CWE RANCHI - MES||GE (P) GAYA - MES,07-Oct-2025 06:00 PM,https://defproc.gov.in/nicgep/app?component=%24DirectLink&page=FrontEndLatestActiveCorrigendums&service=direct&session=T&sp=SD7YfY%2FA3oIz9QUxgSvoYUg%3D%3D
402,2025_MES_730350_1,[PROVN OF OTM ACCN FOR EME BN AT MAMUN  MILITARY STATION ],11-Sep-2025 03:00 PM,E-IN-C BRANCH - MILITARY ENGINEER SERVICES||CE WC AND CE PATHANKOT ZONE - MES,16-Oct-2025 06:00 PM,https://etender.up.nic.in/nicgep/app?component=%24DirectLink_0&page=FrontEndAdvancedSearchResult&service=direct&session=T&sp=S7G1%2FY4i7S3ylUiruZ3BqIg%3D%3D
403,2025_MES_729363_1,[PROVISION OF COOK HOUSE AND DINING HALL NEAR BLDG NO P 539 UNDER GE CME KHADKI],04-Sep-2025 06:00 PM,E-IN-C BRANCH - MILITARY ENGINEER SERVICES||CE SC AND CE PUNE ZONE - MES||CWE KIRKEE - MES,13-Oct-2025 06:00 PM,https://defproc.gov.in/nicgep/app?component=%24DirectLink&page=FrontEndLatestActiveCorrigendums&service=direct&session=T&sp=Sb%2FFPbhEqv3A5nqTdfLMnww%3D%3D
404,2025_MES_728702_1,[CWE/GGN/FT-31/2025-26  CONSTRUCTION OF SITE OFFICE AT HQ CWE (AF) GURGAON UNDER GE (AF) FARIDABAD],01-Sep-2025 12:00 PM,E-IN-C BRANCH - MILITARY ENGINEER SERVICES||CE WC and CE(AF) WAC PALAM-MES||CWE (AF) GURGAON - MES,29-Sep-2025 06:00 PM,https://defproc.gov.in/nicgep/app?component=%24DirectLink&page=FrontEndLatestActiveCorrigendums&service=direct&session=T&sp=Slf2npVJcQPa6Mo%2BIQzLlwA%3D%3D
405,2025_MES_733173_1,[SPECIAL REPAIR TO ROAD(PCC) /CULVERT / RETAINING WALL AT K TOP ROAD AT AF STN KANHERI HILLS UNDER GE (AF) THANE],29-Sep-2025 03:00 PM,E-IN-C BRANCH - MILITARY ENGINEER SERVICES||CE SWC AND CE (AF) GANDHINAGAR - MES||CWE (AF) LOHOGAON - MES||GE (AF) THANE - MES,20-Oct-2025 06:00 PM,https://etender.up.nic.in/nicgep/app?component=%24DirectLink_0&page=FrontEndAdvancedSearchResult&service=direct&session=T&sp=Sb6J3rS6YOdGfPEx9UlDOqQ%3D%3D
406,2025_MES_729700_1,"[COMPREHENSIVE MAINTENANCE FOR B/R NATURE WORK I E SUNKEN TREATMENT SANITARY FITTINGS ATT PLASTERING PERIODICAL SERVICES, JOINERY PARAPET REPAIR AT  ZONE B RESIDENTIAL AREA AND DAY TO DAY MAINTENANCE TO BR NATURE OF WORKS FLOORING PLASTERING PERIODICA]",06-Sep-2025 06:55 PM,E-IN-C BRANCH - MILITARY ENGINEER SERVICES||ADG (OF and DRDO)  AND CE (R and D) DELHI-  MES||AGE (I) RND DELHI - MES||AGE (I) R and D DELHI - MES,04-Oct-2025 06:00 PM,https://defproc.gov.in/nicgep/app?component=%24DirectLink&page=FrontEndLatestActiveCorrigendums&service=direct&session=T&sp=SDOHwevg4tqP4TYmTxqF2nw%3D%3D
407,2025_MES_717095_3,[138WE/L-117/2025-26],09-Sep-2025 03:30 PM,E-IN-C BRANCH - MILITARY ENGINEER SERVICES||CE NC AND CE LEH ZONE - MES||HQ 138 WORKS ENGR - MES,30-Sep-2025 06:00 PM,https://defproc.gov.in/nicgep/app?component=%24DirectLink&page=FrontEndLatestActiveCorrigendums&service=direct&session=T&sp=SqjNtsK%2BJpPhaU3AnGccr2Q%3D%3D
408,2025_MES_729317_1,"[MAINT/REPAIR/REPLACEMENT OF STREET LT,TIMER SWITCH, CONNECTED CABLES AND OTHER WKS AND REPAIR/MAINT OF DG SETS, SOLAR HOT WATER AT MAP, IBLUR, NGV, ASC COLLEGE AREA, EME WKSP, 100 MAP, DOMLUR MD ACCN,  598 MD ACCN  AND  ASC (N) UNDER GE (C) BANGALORE]",04-Sep-2025 01:00 PM,E-IN-C BRANCH - MILITARY ENGINEER SERVICES||CE SC AND CE CHENNAI ZONE  - MES||CWE (ARMY) BANGALORE - MES,02-Oct-2025 06:00 PM,https://defproc.gov.in/nicgep/app?component=%24DirectLink&page=FrontEndLatestActiveCorrigendums&service=direct&session=T&sp=SFwAciUNMvaDdwwYJk3RDgg%3D%3D
409,2025_MES_729856_1,[PROVN OF AREA DRAINAGE ALONGWITH RECHARGE PITS AT GANDHINAGAR UNDER GE (AF) CHILODA],08-Sep-2025 06:00 PM,E-IN-C BRANCH - MILITARY ENGINEER SERVICES||CE SWC AND CE (AF) GANDHINAGAR - MES||CWE (AF) CHILODA - MES||GE (AF) CHILODA - MES,29-Sep-2025 06:00 PM,https://defproc.gov.in/nicgep/app?component=%24DirectLink&page=FrontEndLatestActiveCorrigendums&service=direct&session=T&sp=SC7z6tAeKTh4PClqi0RbpYQ%3D%3D
410,2025_MES_709312_4,[SPECIAL REPAIR TO ROAD AND ALLIED SERVICES  AT MIL STATION DHARAMSHALA UNDER GE PALAMPUR  	],08-Sep-2025 05:00 PM,E-IN-C BRANCH - MILITARY ENGINEER SERVICES||CE WC AND CE PATHANKOT ZONE - MES||CWE YOL - MES,30-Sep-2025 06:00 PM,https://defproc.gov.in/nicgep/app?component=%24DirectLink&page=FrontEndLatestActiveCorrigendums&service=direct&session=T&sp=SAmQswJKM4wL92sn9x0AZkA%3D%3D
411,2025_MES_729647_1,[PROVN OF AC SOCKET AT AF STATION KALAIKUNDA],06-Sep-2025 02:00 PM,E-IN-C BRANCH - MILITARY ENGINEER SERVICES||CE EC AND CE (AF) SHILLONG - MES||CWE (AF) KALAIKUNDA - MES||GE (AF) KALAIKUNDA - MES,03-Oct-2025 06:00 PM,https://defproc.gov.in/nicgep/app?component=%24DirectLink&page=FrontEndLatestActiveCorrigendums&service=direct&session=T&sp=SxDFJKmEP0ics7S4lRIxCNg%3D%3D
412,2025_MES_729505_1,[TERM CONTRACT FOR ARTIFICER WORKS TO CERTAIN COAST GUARD BUILDINGS IN ZONE A AND ZONE B AREA CHENNAI UNDER AGE B/R (CG) CHENNAI],04-Sep-2025 06:55 PM,E-IN-C BRANCH - MILITARY ENGINEER SERVICES||ADG (PROJECTS) CHENNAI AND CE (CG) VISAKHAPATNAM - MES||GE (I) CG CHENNAI - MES,30-Sep-2025 06:55 PM,https://defproc.gov.in/nicgep/app?component=%24DirectLink&page=FrontEndLatestActiveCorrigendums&service=direct&session=T&sp=SgwN2xOpVYi04WSFpNX2p%2Bw%3D%3D
413,2025_MES_727860_1,"[SPECIAL REPAIR TO CERTAIN BLDGS AT CHOWKIBAL, TREHGAM AND BAGHBELA UNDER THE AOR OF                         GE 874 EWS.]",26-Aug-2025 03:00 PM,E-IN-C BRANCH - MILITARY ENGINEER SERVICES||CE NC AND CE 31 ZONE - MES||133 WORKS ENGINEER - MES||GE 874 EWS - MES,02-Oct-2025 06:00 PM,https://defproc.gov.in/nicgep/app?component=%24DirectLink&page=FrontEndLatestActiveCorrigendums&service=direct&session=T&sp=S1Hy%2BBEUBAgPcN9liwOUYVA%3D%3D
414,2025_MES_731550_1,"[REPAIR TO JOINERY, PLASTER WORK, TILING, PLUMBING, FLOORING, PLINTH PROTECTION WORKS AT SECTOR 31 CHANDIGARH UNDER GE (AF) CHANDIGARH.]",18-Sep-2025 06:00 PM,E-IN-C BRANCH - MILITARY ENGINEER SERVICES||CE WC and CE(AF) WAC PALAM-MES||CWE (AF) Chandigarh-MES||GE (AF) Chandigarh-MES,10-Oct-2025 06:00 PM,https://etender.up.nic.in/nicgep/app?component=%24DirectLink_0&page=FrontEndAdvancedSearchResult&service=direct&session=T&sp=SGbgjCVLAPR0ZRx1ybDY4fg%3D%3D
415,2025_IAF_709419_1,[PROCUREMENT OF SPARES FOR IL-78 AIRCRAFT],21-May-2025 05:00 PM,Indian Air Force||AOM NEW DELHI - IAF||ACAS (Procurement) - IAF||D Procurement - IAF,03-Oct-2025 03:00 PM,https://defproc.gov.in/nicgep/app?component=%24DirectLink&page=FrontEndLatestActiveCorrigendums&service=direct&session=T&sp=SRThJGMHB3PBEW7a10eO9kg%3D%3D
416,2025_MES_728885_1,[COMPREHENSIVE MAINT WORK AND ATT IN ZONE - A IN TECH AREA AT AF STN SURATGARH ],02-Sep-2025 12:00 PM,E-IN-C BRANCH - MILITARY ENGINEER SERVICES||CE WC and CE(AF) WAC PALAM-MES||CWE (AF) Bikaner-MES||GE (AF) Suratgarh-MES,01-Oct-2025 06:00 PM,https://defproc.gov.in/nicgep/app?component=%24DirectLink&page=FrontEndLatestActiveCorrigendums&service=direct&session=T&sp=SwlrtpvTdQeEEGkIutdClQA%3D%3D
417,2025_MES_719341_2,[PROVN OF CERTAIN SPL RAPAIR AND MINOR WORK UNDER AGE B/R-III AND AGE E/M-II OF GE (SOUTH) MEERUT CANTT],02-Sep-2025 06:00 PM,E-IN-C BRANCH - MILITARY ENGINEER SERVICES||CE CC AND CE BAREILLY ZONE - MES||CWE No 2 MEERUT - MES||GE (SOUTH) MEERUT - MES,29-Sep-2025 06:00 PM,https://defproc.gov.in/nicgep/app?component=%24DirectLink&page=FrontEndLatestActiveCorrigendums&service=direct&session=T&sp=SGA5dAFu5KtHAFL4PSroIRg%3D%3D
418,2025_MES_729174_1,[SPL REPAIR TO BLDG NO T 01 OF ADM BN AND PROVN OF MOSQUITO PROOFING WINDOW GLASS WITH WINDOW FRAME OF LIVING BARRACK IN BLDG NO DS 30 AND DS 31 (DOUBLE STOREY) AT NO 2 TRG BN OF AOC CENTRE UNDER AGE BR (S) NO II / AGE EM (S) OF GE (S) SECUNDERABAD],03-Sep-2025 03:00 PM,E-IN-C BRANCH - MILITARY ENGINEER SERVICES||CE SC AND CE CHENNAI ZONE  - MES||CWE SECUNDERABAD - MES||GE (SOUTH) SECUNDERABAD - MES,30-Sep-2025 06:00 PM,https://defproc.gov.in/nicgep/app?component=%24DirectLink&page=FrontEndLatestActiveCorrigendums&service=direct&session=T&sp=S%2FppdsHy5i%2B9i%2Fw6Gc8jYiA%3D%3D
419,2025_MES_729438_1,[Provn of certain sanctioned works at Dholewal and CG Complex and Special repairs at Dholewal under GE Ludhiana],04-Sep-2025 06:00 PM,E-IN-C BRANCH - MILITARY ENGINEER SERVICES||CE WC AND CE JALANDHAR ZONE - MES||CWE FEROZEPUR - MES||GE LUDHIANA - MES,02-Oct-2025 06:00 PM,https://defproc.gov.in/nicgep/app?component=%24DirectLink&page=FrontEndLatestActiveCorrigendums&service=direct&session=T&sp=SSwjA3KP8kuWx6y5npi7vIA%3D%3D
420,2025_MES_724211_1,[Repair and Maint of Power Distribution Transformer CSS Dehydration and Rationalization of Transformers Renewal of earthling and Certain EM works under GE East JRC ],22-Sep-2025 06:00 PM,E-IN-C BRANCH - MILITARY ENGINEER SERVICES||CE WC AND CE JALANDHAR ZONE - MES||CWE JALANDHAR - MES,13-Oct-2025 06:00 PM,https://etender.up.nic.in/nicgep/app?component=%24DirectLink_0&page=FrontEndAdvancedSearchResult&service=direct&session=T&sp=SN1lYAMd5uW80veIm3ceSKw%3D%3D
421,2025_ARMY_733061_1,[EP/DGLP/382/2025-26],27-Sep-2025 03:00 PM,IHQ of MoD (Army)-(OSCC)||Eastern Comd-IHQ of MoD (Army)-(OSCC)||MED BR-Eastern Comd-IHQ of MoD (Army)-(OSCC)||HOSP 1-IHQ of MoD (Army),01-Oct-2025 09:00 AM,https://etender.up.nic.in/nicgep/app?component=%24DirectLink_0&page=FrontEndAdvancedSearchResult&service=direct&session=T&sp=SrQuWQIU30NNfTjIEsMcIEg%3D%3D
422,2025_MES_730388_1,[REPAIR / MAINT/ PAINTING OF ALL TYPES OF STEEL FURNITURE UNDER BSO (EAST) OF  GE (EAST) JABALPUR ],11-Sep-2025 04:30 PM,E-IN-C BRANCH - MILITARY ENGINEER SERVICES||CE CC AND CE JABALPUR ZONE - MES||CWE JABALPUR - MES||GE (E) JABALPUR - MES,01-Oct-2025 06:00 PM,https://defproc.gov.in/nicgep/app?component=%24DirectLink&page=FrontEndLatestActiveCorrigendums&service=direct&session=T&sp=SjWJIDe9cTIvEwncIGgovMA%3D%3D
423,2025_MES_722775_2,[PERODICAL SERVICES TO CERTAIN BLDG OF OLD CANTT SWASTIK PENANGLA AND MS02 TO MS13 UNDER GE GANGTOK],08-Sep-2025 06:55 PM,E-IN-C BRANCH - MILITARY ENGINEER SERVICES||CE EC AND CE SILIGURI ZONE - MES||HQ 136 WORKS ENGINEERS - MES||GEGANGTOK - MES,29-Sep-2025 06:00 PM,https://defproc.gov.in/nicgep/app?component=%24DirectLink&page=FrontEndLatestActiveCorrigendums&service=direct&session=T&sp=S95AMAduvQf2v4yhkXjcuZQ%3D%3D
424,2025_DRDO_727270_1,[Range Telemetry System for MTRN],22-Aug-2025 03:30 PM,Department of Defence Research and Development||Defence Research and Development Organisation||DFMM||Office of DG (MSS)||ITR,13-Oct-2025 01:00 PM,https://defproc.gov.in/nicgep/app?component=%24DirectLink&page=FrontEndLatestActiveCorrigendums&service=direct&session=T&sp=SaH6O8calxNohCamH9sRY%2FA%3D%3D
425,2025_MES_731662_1,"[SPL REPAIR TO BLDG NO T-7/8A, T-2/3A AND T-12/13A, CONSTR OF 01  GUARD ROOM WITH TOILET AT MAIN GATE AT ASC BN AND PROVN OF SHED OVER DIESEL CURB SIDE PUMP OF LGS SECTION AT AF STN MOHANBARI UNDER GE (AF) MOHANBARI]",19-Sep-2025 12:00 PM,E-IN-C BRANCH - MILITARY ENGINEER SERVICES||CE EC AND CE (AF) SHILLONG - MES||CWE (AF) JORHAT - MES||GE (AF) MOHANBARI - MES,20-Oct-2025 06:00 PM,https://defproc.gov.in/nicgep/app?component=%24DirectLink&page=FrontEndLatestActiveCorrigendums&service=direct&session=T&sp=SOx7T1HBPtkjCmbtebXNqzg%3D%3D
426,2025_MES_731787_1,"[MAINT OF ROAD SIDE FURNITURE OF CERTAIN ROADS, PATHWAY IN AREA OF AGE B/R-II UNDER GE SAUGOR]",19-Sep-2025 04:45 PM,E-IN-C BRANCH - MILITARY ENGINEER SERVICES||CESC AND CE BHOPAL ZONE  - MES||CWE BHOPAL - MES,08-Oct-2025 06:00 PM,https://etender.up.nic.in/nicgep/app?component=%24DirectLink_0&page=FrontEndAdvancedSearchResult&service=direct&session=T&sp=SVzBXxGwekqdPlIrWaJUPxg%3D%3D
427,2025_MES_729434_1,[SPL REPAIR LT PANEL AND LT UNDERGROUND CABLE AT 4 AFSB VARANASI UNDER GE AF GORAKHPUR.],04-Sep-2025 05:00 PM,E-IN-C BRANCH - MILITARY ENGINEER SERVICES||CE CC AND CE (AF) ALLAHABAD - MES||CWE (AF) BAMRAULI ALLAHABAD - MES||GE (AF) GORAKHPUR,01-Oct-2025 06:00 PM,https://etender.up.nic.in/nicgep/app?component=%24DirectLink_0&page=FrontEndAdvancedSearchResult&service=direct&session=T&sp=SNDcHUZAypcXQI66WIKxNYg%3D%3D
428,2025_MES_727128_1,"[REPAIR/MAINT OF ELECTRIC OPERATED LIFT/ELEVATOR AT CHNC NEW COMPLEX,  ASHOK VIHAR, TUSHAR VIHAR, ANANT RAM,  SANSAR CHAND VIHAR, OLD MEDICAL COMPLEX NAUBAT RAM  VIHAR AND ALBERT EKKA ENCLAVE UNDER  GE (UTILITIES) UDHAMPUR]",21-Aug-2025 06:00 PM,E-IN-C BRANCH - MILITARY ENGINEER SERVICES||CE NC AND CE UDHAMPUR ZONE - MES||CWE UDHAMPUR - MES,29-Sep-2025 06:00 PM,https://defproc.gov.in/nicgep/app?component=%24DirectLink&page=FrontEndLatestActiveCorrigendums&service=direct&session=T&sp=STcjre2NrMfgwt%2Fv3u6JcQA%3D%3D
429,2025_MES_729579_1,[COMPREHENSIVE REPAIR OF B/R WORKS TO CERTAIN OTM/MD ACCN AT DAD COMPLEX AND REPAIRS TO ROOF TREATMENT AND SUNKEN TREATMENT TO CERTAIN BLDGS AT CQA(V)AND DAD COMPLEX UNDER GE(S) AHILYANAGAR],06-Sep-2025 10:00 AM,E-IN-C BRANCH - MILITARY ENGINEER SERVICES||CE SC AND CE PUNE ZONE - MES||CWE DEOLALI - MES||GE (S) AHMEDNAGAR - MES,04-Oct-2025 06:00 PM,https://defproc.gov.in/nicgep/app?component=%24DirectLink&page=FrontEndLatestActiveCorrigendums&service=direct&session=T&sp=SCbRr4r%2BX%2B7ZzKd2xLOm7Zg%3D%3D
430,2025_MES_729362_1,[REPAIR/ MAINT OF PIPE LINES AND OTHER CONNECTED WORKS AND ESSENTIAL REPAIR TO WATER SUPPLY SERVICES AT AF STN MEMAURA],04-Sep-2025 06:00 PM,E-IN-C BRANCH - MILITARY ENGINEER SERVICES||CE CC AND CE (AF) ALLAHABAD - MES||CWE (AF) IZATNAGAR - MES,30-Sep-2025 06:00 PM,https://defproc.gov.in/nicgep/app?component=%24DirectLink&page=FrontEndLatestActiveCorrigendums&service=direct&session=T&sp=SPZSa8ZJNFWh5nzt6QP5VQw%3D%3D
431,2025_MES_729355_1,[Repair/Maintenance and cushioning of furniture under GE (West) Delhi Cantt-10],04-Sep-2025 03:00 PM,E-IN-C BRANCH - MILITARY ENGINEER SERVICES||CE WC and CE DELHI ZONE-MES||CWE (P) DELHI CANTT-MES,02-Oct-2025 06:00 PM,https://defproc.gov.in/nicgep/app?component=%24DirectLink&page=FrontEndLatestActiveCorrigendums&service=direct&session=T&sp=S5X4HvsS99kvIu%2BvER9dgJA%3D%3D
432,2025_ARMY_730692_1,[Supply and Construction of Under Ground Communication Centre],22-Sep-2025 06:00 PM,IHQ of MoD (Army)-(OSCC)||Southern Comd-IHQ of MoD (Army)-(OSCC)||MISC-Southern Comd-IHQ of MoD (Army)-(OSCC)||UNIT 1-IHQ of MoD (Army),07-Oct-2025 06:00 PM,https://etender.up.nic.in/nicgep/app?component=%24DirectLink_0&page=FrontEndAdvancedSearchResult&service=direct&session=T&sp=SXueEAl4Jsoq%2Fcy%2FHhFSY7Q%3D%3D
433,2025_MES_732023_1,"[REPAIR MAINT OF STREET LIGHTS ,SECURITY LIGHTS , HIGH MAST LIGHTS/FACADE LIGHTS,GARDEN LIGHTS, POST TOP LANTERN AND ALLIED WORKS ZONE B  AT NDA KHADAKWASLA..]",22-Sep-2025 09:00 AM,E-IN-C BRANCH - MILITARY ENGINEER SERVICES||CE SC AND CE PUNE ZONE - MES||CWE PUNE - MES||GE KHADAKVASLA - MES,10-Oct-2025 06:00 PM,https://defproc.gov.in/nicgep/app?component=%24DirectLink&page=FrontEndLatestActiveCorrigendums&service=direct&session=T&sp=SRBLHTxcSauEpn871TspzrA%3D%3D
434,2025_MES_723107_2,[PROVN OF SEWAGE ASSOCIATED WORKS FROM SMQ AND OTM TO NEAREST BMC DRAINAGE LINES AT KALINA AT AIRFORCE STATION MUMBAI UNDER GE AF THANE],09-Sep-2025 12:30 PM,E-IN-C BRANCH - MILITARY ENGINEER SERVICES||CE SWC AND CE (AF) GANDHINAGAR - MES||CWE (AF) LOHOGAON - MES,29-Sep-2025 06:00 PM,https://defproc.gov.in/nicgep/app?component=%24DirectLink&page=FrontEndLatestActiveCorrigendums&service=direct&session=T&sp=S7U6mMWJiV9qiSkcVEG7fVQ%3D%3D
435,2025_IAF_723600_1,[PROCUREMENT OF SPARES FOR MIRAGE AIRCRAFT],31-Jul-2025 05:00 PM,Indian Air Force||AOM NEW DELHI - IAF||ACAS (Procurement) - IAF||D Procurement - IAF,21-Oct-2025 03:00 PM,https://defproc.gov.in/nicgep/app?component=%24DirectLink&page=FrontEndLatestActiveCorrigendums&service=direct&session=T&sp=SfaJuh2dtGr1HoIl3wQc0vg%3D%3D
436,2025_MES_728926_1,[SPL REPAIR TO BLDG NO NP-1 (OFFR MESS) OF ASC BN AND PROVN OF 02 X ELEVATED WATCH TOWER AT UHQ OF NETWORK SIG REGT AT MILITARY STATION JAMMU UNDER GE SATWARI],02-Sep-2025 06:00 PM,E-IN-C BRANCH - MILITARY ENGINEER SERVICES||CE WC AND CE PATHANKOT ZONE - MES||CWE JAMMU - MES||GE SATWARI - MES,01-Oct-2025 06:00 PM,https://defproc.gov.in/nicgep/app?component=%24DirectLink&page=FrontEndLatestActiveCorrigendums&service=direct&session=T&sp=SwXUyH4aDaZqoyfkiIvBAXQ%3D%3D
437,2025_MES_730076_1,"[REPAIR/ MAINTENANCE OF EARTHING INFRASTRUCURE, CABLES, PANELS ETC AT MAFI INSTALLATIONS AT AF STN CHANDIGARH.]",09-Sep-2025 06:00 PM,E-IN-C BRANCH - MILITARY ENGINEER SERVICES||CE WC and CE(AF) WAC PALAM-MES||CWE (AF) Chandigarh-MES||GE (AF) Chandigarh-MES,30-Sep-2025 06:00 PM,https://defproc.gov.in/nicgep/app?component=%24DirectLink&page=FrontEndLatestActiveCorrigendums&service=direct&session=T&sp=SMecrQmPgTigY5PlgUC6kzw%3D%3D
438,2025_MES_730474_1,[SPECIAL REPAIR TO OFFICERS MD ACCN NO P13 COMMA AND 13 COMMA 04 AT ROWRIAH IN JORHAT MILITARY STATION UNDER GE JORHAT],12-Sep-2025 09:00 AM,E-IN-C BRANCH - MILITARY ENGINEER SERVICES||CE EC AND CE SHILLONG ZONE - MES||CWE Dinjan - MES||GE Jorhat - MES,02-Oct-2025 06:00 PM,https://defproc.gov.in/nicgep/app?component=%24DirectLink&page=FrontEndLatestActiveCorrigendums&service=direct&session=T&sp=Smg2VQba9XU5WFkFedNmdqA%3D%3D
439,2025_MES_721729_1,[REPLACEMENT OF OVERHEAD TANK NEAR MT SECTION AT 9 BRD AF STN PUNE],21-Jul-2025 04:40 PM,E-IN-C BRANCH - MILITARY ENGINEER SERVICES||CE SWC AND CE (AF) GANDHINAGAR - MES||CWE (AF) LOHOGAON - MES,03-Oct-2025 06:00 PM,https://defproc.gov.in/nicgep/app?component=%24DirectLink&page=FrontEndLatestActiveCorrigendums&service=direct&session=T&sp=Sg7JCt9Q%2FpovtKKwpH2EPGg%3D%3D
440,2025_MES_728800_1,[SPL REPAIR TO BLDG NO  P 69  M 2 3 AT PALAMPUR MIL  STN],01-Sep-2025 06:00 PM,E-IN-C BRANCH - MILITARY ENGINEER SERVICES||CE WC AND CE PATHANKOT ZONE - MES||CWE YOL - MES||GE PALAMPUR - MES,29-Sep-2025 06:00 PM,https://defproc.gov.in/nicgep/app?component=%24DirectLink&page=FrontEndLatestActiveCorrigendums&service=direct&session=T&sp=S0%2BtOrTihcDt%2BkyYSSJhcNA%3D%3D
441,2025_MES_731616_1,[SPECIAL REPAIR TO A AND B SUB DEPOT CDR OFFICE AND OFFICE COMPLEX AT CAD PULGAON],18-Sep-2025 06:00 PM,E-IN-C BRANCH - MILITARY ENGINEER SERVICES||CESC AND CE BHOPAL ZONE  - MES||CWE NAGPUR - MES||GE PULGAON - MES,08-Oct-2025 06:00 PM,https://etender.up.nic.in/nicgep/app?component=%24DirectLink_0&page=FrontEndAdvancedSearchResult&service=direct&session=T&sp=SDs5mWQlPaXLJxPnN2dysQA%3D%3D
442,2025_MES_730391_1,[REPAIR/MAINT OF OLD GI/CI/DI/MS/HDPE/PPR PIPE LINE INCLUDING VALVES OF VARIOUS SIZE OF EXTERNAL WATER SUPPLY IN ZONE A UNDER AGE E/M-I OF GE DEHRADUN],11-Sep-2025 04:40 PM,E-IN-C BRANCH - MILITARY ENGINEER SERVICES||CE CC AND CE BAREILLY ZONE - MES||CWE DEHRADUN - MES,03-Oct-2025 06:00 PM,https://defproc.gov.in/nicgep/app?component=%24DirectLink&page=FrontEndLatestActiveCorrigendums&service=direct&session=T&sp=SpIty87hneSorx9UtoINA%2Bw%3D%3D
443,2025_MES_729300_1,"[PROVN OF GUARD ROOM AND SENTRY POST WITH ATTACHED TOILET NEAR GATE NO 2, 375 COMP ARTY BDE AND OTHER REV WORKS AT NAA UNDER GE (N) TEZPUR]",04-Sep-2025 11:00 AM,E-IN-C BRANCH - MILITARY ENGINEER SERVICES||CE EC AND CE SILIGURI ZONE - MES||CWE TEZPUR - MES||GE (N) TEZPUR - MES,04-Oct-2025 06:00 PM,https://defproc.gov.in/nicgep/app?component=%24DirectLink&page=FrontEndLatestActiveCorrigendums&service=direct&session=T&sp=SjMQ%2FsK4lChmTXbaSNUFQxQ%3D%3D
444,2025_MES_718359_1,"[Day to day maintenance of internal electrification in MD Accn of Salaria Officers Enclave under GE (West), Delhi Cantt-10]",03-Jul-2025 05:00 PM,E-IN-C BRANCH - MILITARY ENGINEER SERVICES||CE WC and CE DELHI ZONE-MES||CWE (P) DELHI CANTT-MES,23-Oct-2025 06:00 PM,https://defproc.gov.in/nicgep/app?component=%24DirectLink&page=FrontEndLatestActiveCorrigendums&service=direct&session=T&sp=SnzjJOpHN34jTcBATBrDtHg%3D%3D
445,2025_MES_729697_1,"[PETTY REPAIRS TO CERTAIN MD / OTM ACCN OF PINTO PARK AND CAMP AREA UNDER AGE B/R-II AT AF STN PALAM UNDER GE AF PALAM, DELHI CANTT-10]",06-Sep-2025 06:00 PM,E-IN-C BRANCH - MILITARY ENGINEER SERVICES||CE WC and CE(AF) WAC PALAM-MES||CWE (AF) Palam-MES||GE (AF) North Palam-MES,04-Oct-2025 06:00 PM,https://defproc.gov.in/nicgep/app?component=%24DirectLink&page=FrontEndLatestActiveCorrigendums&service=direct&session=T&sp=SvzaLKslN7Hk9xHQsRmNpKw%3D%3D
446,2025_ARMY_731671_1,[RC/25-26/117],19-Sep-2025 06:00 PM,IHQ of MoD (Army)-(OSCC)||DGAFMS-IHQ of MoD (Army)-(OSCC)||DG 2 GROUP-IHQ of MoD (Army)-(OSCC)||AFMSD 4-IHQ of MoD (Army),21-Oct-2025 10:00 AM,https://etender.up.nic.in/nicgep/app?component=%24DirectLink_0&page=FrontEndAdvancedSearchResult&service=direct&session=T&sp=SN896YUvK5KywdHQzsFMc8Q%3D%3D
447,2025_MES_731436_1,[CLEANING AND REPAIRS OF SEWAGE LINE MANHOLE SEPTIC TANKS AND SOKAGE WELLS OF DGQA AUNDH COMPLEX UNDER GE MH AND RH KHADKI],18-Sep-2025 06:00 PM,E-IN-C BRANCH - MILITARY ENGINEER SERVICES||CE SC AND CE PUNE ZONE - MES||CWE KIRKEE - MES||GE MH AND RANGE HILLS - MES,09-Oct-2025 06:00 PM,https://etender.up.nic.in/nicgep/app?component=%24DirectLink_0&page=FrontEndAdvancedSearchResult&service=direct&session=T&sp=S%2FTvh2DOKdAYeeXj%2F8Q1syA%3D%3D
448,2025_MES_711424_4,[PROVISION OF CERTAINS REVENUE WORK MINOR WORK AND SPECIAL REPAIRS IN THE AOR OF AGE BRI  BRII EMI  EMII UNDER GE 865 EWS],29-Sep-2025 02:00 PM,E-IN-C BRANCH - MILITARY ENGINEER SERVICES||CE NC AND CE LEH ZONE - MES||HQ 138 WORKS ENGR - MES||GE 865 EWS - MES,13-Oct-2025 06:00 PM,https://etender.up.nic.in/nicgep/app?component=%24DirectLink_0&page=FrontEndAdvancedSearchResult&service=direct&session=T&sp=SjNinEuqcV0SuKcQ5j3m46w%3D%3D
449,2025_MES_730117_1,"[COMPREHENSIVE REPAIR IN MD ACCN OF JCO/OR, MES COLONY AND SUPPLY DEPOT AND REPAIR TO JOINERY, ROOF AND FALSE CEILING IN THE AOR OF AGE B/R-II UNDER GE (W) JABALPUR]",10-Sep-2025 02:00 PM,E-IN-C BRANCH - MILITARY ENGINEER SERVICES||CE CC AND CE JABALPUR ZONE - MES||CWE JABALPUR - MES,09-Oct-2025 06:00 PM,https://etender.up.nic.in/nicgep/app?component=%24DirectLink_0&page=FrontEndAdvancedSearchResult&service=direct&session=T&sp=SD%2BO%2BaysS9HVifEVUbXoGKw%3D%3D
450,2025_MES_730757_1,"[PROVISION OF GREASE TRAP AT OFFICERS MESS AND  DSC MESS, PROVISION OF QTY  03 CHEMICAL EARTHING PITS AT VARIOUS LOCATION  AT AF STN CHIMNEY HILLS]",13-Sep-2025 06:00 PM,E-IN-C BRANCH - MILITARY ENGINEER SERVICES||CESC AND CE (AF) BANGALORE - MES||CWE (AF) (SOUTH) BANGALORE - MES||AGE(I)(AF) CHIMNEY HILLS BANGALORE - MES,04-Oct-2025 06:00 PM,https://defproc.gov.in/nicgep/app?component=%24DirectLink&page=FrontEndLatestActiveCorrigendums&service=direct&session=T&sp=SwcWUpGgPsezNL%2BzUmJnCqA%3D%3D
451,2025_MES_728638_1,[8859/E8],30-Aug-2025 06:00 PM,E-IN-C BRANCH - MILITARY ENGINEER SERVICES||CE EC AND CE KOLKATA ZONE - MES||CWE KOLKATA - MES||GE(CENTRAL) KOLKATA - MES,29-Sep-2025 06:00 PM,https://defproc.gov.in/nicgep/app?component=%24DirectLink&page=FrontEndLatestActiveCorrigendums&service=direct&session=T&sp=S8FRmh%2BQGOTvF8fGHFHV4Ug%3D%3D
452,2025_BRO_725658_1,[CONY SERS FOR CARRYING OUT FEASIBILITY STUDY A PREP OF DPR FOR CONST IMPVT OF EX CL 9 TO NHSL SPES OF RD BARIPATTAN-JHALAS F KM 97.0 TO 231.0 (P-V) (ACT L 120.3 KMS F KM 97.0 TO 217.3) INCLD MIN BR LA FC A SHIFTG UTILIT IN 31 TF U PRO SPK IN J K UT],12-Aug-2025 05:50 PM,Dte General Border Roads Organisation||HQ CE(P) Sampark(Jammu) - BRO,06-Oct-2025 11:00 AM,https://defproc.gov.in/nicgep/app?component=%24DirectLink&page=FrontEndLatestActiveCorrigendums&service=direct&session=T&sp=S3hWwrYIgAI7OU2PjpA5gfA%3D%3D
453,2025_MES_721642_2,[PROVN OF FURNITURE FOR OTM AND TECH INFRA FOR PH-I  AT LIKABALI MIL STN UNDER GE 872 EWS],02-Sep-2025 12:00 PM,E-IN-C BRANCH - MILITARY ENGINEER SERVICES||CE EC AND CE SHILLONG ZONE - MES||CWE Likabali - MES,29-Sep-2025 06:00 PM,https://defproc.gov.in/nicgep/app?component=%24DirectLink&page=FrontEndLatestActiveCorrigendums&service=direct&session=T&sp=Sjmu3caIx6VAuq265xL3RLA%3D%3D
454,2025_MES_729989_1,[REPAIR MAINTENANCE OF OF WINTER APPLIANCES GEYSERS SOLAR WATER HEATER AT  AF STN JAMMU AND KALUCHAK UNDER GE AF JAMMU],09-Sep-2025 06:00 PM,E-IN-C BRANCH - MILITARY ENGINEER SERVICES||CE NC AND CE (AF) UDHAMPUR - MES||CWE (AF) JAMMU - MES||GE (AF) JAMMU - MES,30-Sep-2025 06:00 PM,https://defproc.gov.in/nicgep/app?component=%24DirectLink&page=FrontEndLatestActiveCorrigendums&service=direct&session=T&sp=SjJVU1qd6pczwIILZ8a62Yw%3D%3D
455,2025_MES_730465_1,"[PROVN OF SEPTIC TANK WITH SOAKAGE WELL FOR 02 X 100 USERS IN THE AOR OF AGE BR-II UNDER GE 969 EWS,JOB NO-10/SPORE/REV WK/2025-26]",12-Sep-2025 09:00 AM,E-IN-C BRANCH - MILITARY ENGINEER SERVICES||CE NC AND CE 31 ZONE - MES||133 WORKS ENGINEER - MES,08-Oct-2025 06:00 PM,https://defproc.gov.in/nicgep/app?component=%24DirectLink&page=FrontEndLatestActiveCorrigendums&service=direct&session=T&sp=Sch5WllvD4bq%2BgADOZ%2B4gfg%3D%3D
456,2025_MES_726694_1,"[REPAIR/MAINTENANCE JOINT FILLING AND EPOXY/DELPATCH INCLUDING REPAIR TO PQC SLABS, POT HOLES AT DISPERSALS IN AIRFIELD AND GRASS CUTTING WORK AND REPAIR TO RUNWAY SHOULDERS AND REPAIR TO PQC, SURFACE CRACKS IN AIRFIELD AT TECH AREA, AF STN GWALIOR.]",19-Aug-2025 06:00 PM,E-IN-C BRANCH - MILITARY ENGINEER SERVICES||CE CC AND CE (AF) ALLAHABAD - MES||CWE (AF) MAHARAJPUR - MES,30-Sep-2025 06:00 PM,https://defproc.gov.in/nicgep/app?component=%24DirectLink&page=FrontEndLatestActiveCorrigendums&service=direct&session=T&sp=SR4FxKmBlGb9if%2FAiNYxNUQ%3D%3D
457,2025_MES_712945_2,"[REPAIR/ MAINT OF HEATING APPLIANCES, SOLAR WATER HEATER, EXHAUST FAN INCLUDING CONNECTED ITEMS AT CLEMENT TOWN]",16-Sep-2025 06:30 PM,E-IN-C BRANCH - MILITARY ENGINEER SERVICES||CE CC AND CE BAREILLY ZONE - MES||CWE HILLS DEHRADUN -  MES||GE (MES) Clement Town - MES,04-Oct-2025 06:00 PM,https://defproc.gov.in/nicgep/app?component=%24DirectLink&page=FrontEndLatestActiveCorrigendums&service=direct&session=T&sp=StgVS8nxUnW1EZEZd6L0rHA%3D%3D
458,2025_MES_730745_1,"[Repair/Maint of B/R and E/M works of 21 Raj Rif, Asha School, TVAPPS and APS Birpur  at Birpur under AGE B/R-II of GE Dehradun.]",13-Sep-2025 06:00 PM,E-IN-C BRANCH - MILITARY ENGINEER SERVICES||CE CC AND CE BAREILLY ZONE - MES||CWE DEHRADUN - MES||GE DEHRADUN - MES,04-Oct-2025 06:00 PM,https://etender.up.nic.in/nicgep/app?component=%24DirectLink_0&page=FrontEndAdvancedSearchResult&service=direct&session=T&sp=SYksPQMrdQIZ%2BDkSl4X7BdA%3D%3D
459,2025_MES_731984_1,[REPAIR REP OF SEWAGE LINE COMD WALL HRDSTG AND FEN AND WELCOME MAINT TO OFFRS MD ACCN AND PERIODICAL SERVICES TO CERTAIN MD OTM ACCN AND REPAIR REP OF ELECT FTG AND FIX INCL REWIRING TO CERTAIN OTM MD ACCN AT ARMY CAMP JSR MIL STN UNDER GE RANCHI],20-Sep-2025 05:00 PM,E-IN-C BRANCH - MILITARY ENGINEER SERVICES||CE CC AND CE JABALPUR ZONE - MES||CWE RANCHI - MES||GE RANCHI - MES,11-Oct-2025 06:00 PM,https://etender.up.nic.in/nicgep/app?component=%24DirectLink_0&page=FrontEndAdvancedSearchResult&service=direct&session=T&sp=SYaCoNqQ6sq8yvBZ0hrBSRw%3D%3D
460,2025_MES_731105_1,[PROVN OF FURNITURE FOR CENTRAL AIR CONDITIONING HANGER FOR HELICOPTER AT AF STATION LEH],16-Sep-2025 12:00 PM,E-IN-C BRANCH - MILITARY ENGINEER SERVICES||CE NC AND CE (AF) UDHAMPUR - MES||CWE (AF) Leh - MES,07-Oct-2025 06:00 PM,https://etender.up.nic.in/nicgep/app?component=%24DirectLink_0&page=FrontEndAdvancedSearchResult&service=direct&session=T&sp=S%2B1e8Xh0uIJ%2F4ssgdvGduCw%3D%3D
461,2025_IAF_718112_1,[PROCUREMENT OF SPARES FOR IL-78 AIRCRAFT],02-Jul-2025 05:00 PM,Indian Air Force||AOM NEW DELHI - IAF||ACAS (Procurement) - IAF||D Procurement - IAF,11-Nov-2025 03:00 PM,https://defproc.gov.in/nicgep/app?component=%24DirectLink&page=FrontEndLatestActiveCorrigendums&service=direct&session=T&sp=Sd1QJErhtlBxlK1mlZMvBYQ%3D%3D
462,2025_MES_725519_1,"[SPECIAL REPAIR TO RESIDENTIAL BLDG No. P-51, P-55, P-129, P-130, P-132, P-133 AND P-211 AT PXE COLONY, BALASORE UNDER GE (I) RnD CHANDIPUR]",11-Aug-2025 01:30 PM,E-IN-C BRANCH - MILITARY ENGINEER SERVICES||ADG (OF and DRDO)  AND CE (R and D) DELHI-  MES,06-Oct-2025 06:00 PM,https://defproc.gov.in/nicgep/app?component=%24DirectLink&page=FrontEndLatestActiveCorrigendums&service=direct&session=T&sp=SMijOftzH%2BOWmYt8BIdCXQA%3D%3D
463,2025_MES_724775_1,[PERIODICAL SERVICES TO INTERNAL AND  EXTERNAL SURFACES ALONG WITH CERTAIN REPAIR WORKS CHAJJA REPAIRS SAINATRY FITTINGS FLOOR WALL TILES FALSE CEILING ROOF SHEETS STRUCTURAL STEEL FRAME WORK AND REPAIR REPLACEMENT OF ALUMINIUM DOORS WINDOWS PARTITION],06-Sep-2025 01:00 PM,E-IN-C BRANCH - MILITARY ENGINEER SERVICES||ADG (OF and DRDO) AND CE (R and D) SECUNDERABAD - MES||GE (I) RND (E) BANGALORE - MES,01-Oct-2025 06:00 PM,https://defproc.gov.in/nicgep/app?component=%24DirectLink&page=FrontEndLatestActiveCorrigendums&service=direct&session=T&sp=SRGZwS0fmbcdbRhrp0TRjQA%3D%3D
464,2025_MES_721408_2,[REPAIR MAINT TO EXTERNAL ELECTRIC SUPPLY LT PANELS MCCBs EARTHING CABLES AND THEIR CONNECTED ITEM AT MS10 TO MS13 AND CONNECTED UNIT UNDER GE GANGTOK],09-Sep-2025 02:00 PM,E-IN-C BRANCH - MILITARY ENGINEER SERVICES||CE EC AND CE SILIGURI ZONE - MES||HQ 136 WORKS ENGINEERS - MES||GEGANGTOK - MES,30-Sep-2025 06:00 PM,https://defproc.gov.in/nicgep/app?component=%24DirectLink&page=FrontEndLatestActiveCorrigendums&service=direct&session=T&sp=SfJmF%2BGNzisyYMKZEfZOREA%3D%3D
465,2025_BRO_727835_1,[Consultancy Services for AE for supervision of construction of road Malinye-Balua-Kapuda from km 0.000 to km 56.000 (Design length 56.00 kms) under Project Udayak in Upper Dibang Valley District of Arunachal Pradesh state on EPC Mode],26-Aug-2025 05:00 PM,Dte General Border Roads Organisation||HQ CE(P) Udayak(Doom Dooma) - BRO,11-Oct-2025 11:00 AM,https://etender.up.nic.in/nicgep/app?component=%24DirectLink_0&page=FrontEndAdvancedSearchResult&service=direct&session=T&sp=SsUU6qGCVJJDSn3jyO4QS%2Fg%3D%3D
466,2025_MES_721742_2,[138WE/L-150/2025-26],04-Sep-2025 04:00 PM,E-IN-C BRANCH - MILITARY ENGINEER SERVICES||CE NC AND CE LEH ZONE - MES||HQ 138 WORKS ENGR - MES,30-Sep-2025 06:00 PM,https://defproc.gov.in/nicgep/app?component=%24DirectLink&page=FrontEndLatestActiveCorrigendums&service=direct&session=T&sp=SsIsCQk27taMTqZvwPbXWYg%3D%3D
467,2025_MES_728577_1,[CLEANING REPAIR REPLACEMENT OF SEWAGE LINE DRAIN  MANHOLE DRAIN COVER ETC TO RESIDENTIAL AREA A KWC AREA UNDER GE I RnD DELHI],30-Aug-2025 06:55 PM,E-IN-C BRANCH - MILITARY ENGINEER SERVICES||ADG (OF and DRDO)  AND CE (R and D) DELHI-  MES||AGE (I) RND DELHI - MES||AGE (I) R and D DELHI - MES,02-Oct-2025 06:00 PM,https://defproc.gov.in/nicgep/app?component=%24DirectLink&page=FrontEndLatestActiveCorrigendums&service=direct&session=T&sp=SYAbzC3rUjs3ozzEHR63jfw%3D%3D
468,2025_MES_728836_1,[Provn of 100 KVA Genr set and diesel pump for STP under GE (West) Mathura],01-Sep-2025 06:55 PM,E-IN-C BRANCH - MILITARY ENGINEER SERVICES||CE SWC AND CE JAIPUR JAIPUR - MES||CWE Mathura - MES,29-Sep-2025 06:00 PM,https://defproc.gov.in/nicgep/app?component=%24DirectLink&page=FrontEndLatestActiveCorrigendums&service=direct&session=T&sp=SiblxfhYEQ97ZwQ5B%2Be2X4A%3D%3D
469,2025_MES_699496_3,[PROVN OF SEWAGE TREATMENT PLANT (STP) AT SAMBA],18-Sep-2025 06:00 PM,E-IN-C BRANCH - MILITARY ENGINEER SERVICES||CE WC AND CE PATHANKOT ZONE - MES,10-Oct-2025 06:00 PM,https://etender.up.nic.in/nicgep/app?component=%24DirectLink_0&page=FrontEndAdvancedSearchResult&service=direct&session=T&sp=S1Ot8fSEJqFGEGAicR1rY%2Bw%3D%3D
470,2025_MES_729080_1,"[ROUTINE MAINT AND REPAIRS TO ELECTRICALLY OPERARTED SERVICES LIFTS OF MONARCH MAKE INSTALLED AT P-98, P-104, P-105, P-106 AND TILOTTAMA AT ARMY AREA UNDER GE (W) MUMBAI]",08-Sep-2025 06:00 PM,E-IN-C BRANCH - MILITARY ENGINEER SERVICES||CE SC AND CE PUNE ZONE - MES||CWE (ARMY) MUMBAI - MES,04-Oct-2025 06:00 PM,https://defproc.gov.in/nicgep/app?component=%24DirectLink&page=FrontEndLatestActiveCorrigendums&service=direct&session=T&sp=Sj3SqrmwYsQZ5CNt69aa%2Blw%3D%3D
471,2025_IAF_733077_5,"[SUPPLY OF MEDICINE UNDER PRICE AGREEMENT TO AFS PALAM, MCC BASANT NAGAR]",29-Sep-2025 09:30 AM,Indian Air Force||HQ  WAC NEW DELHI - IAF||COMMAND UNIT WAC  NEW DELHI - IAF,07-Oct-2025 06:00 PM,https://etender.up.nic.in/nicgep/app?component=%24DirectLink_0&page=FrontEndAdvancedSearchResult&service=direct&session=T&sp=Sh%2FIjFtUZZs25vp5MYGIneA%3D%3D
472,2025_MES_729064_1,"[WELCOME MAINT AND CLEANING OF OHT INCL REPAIRS TO SANITATION AREA, TOILET AND BATH FITTING INCL OTHER MISC B/R ITEMS IN MOORA AND NSV AND MHADA AREA AT MO (MB) GHATKOPAR UNDER GE (NW) BHANDUP]",03-Sep-2025 09:00 AM,E-IN-C BRANCH - MILITARY ENGINEER SERVICES||CESC AND CE( NAVY )MUMBAI - MES||CWE (SUBURB) MUMBAI - MES||GE (NW) BHANDUP - MES,01-Oct-2025 06:00 PM,https://defproc.gov.in/nicgep/app?component=%24DirectLink&page=FrontEndLatestActiveCorrigendums&service=direct&session=T&sp=SqFufN8%2BtA4b5hBD%2B4r6GtA%3D%3D
473,2025_MES_733117_1,[REPAIR TO FENCING POST CONCERTINA COIL ETC AT SOUTH OF RLY LINE UNDER GE MISSAMARI],29-Sep-2025 09:00 AM,E-IN-C BRANCH - MILITARY ENGINEER SERVICES||CE EC AND CE SILIGURI ZONE - MES||CWE TENGA - MES||GE MISSAMARI - MES,20-Oct-2025 06:00 PM,https://etender.up.nic.in/nicgep/app?component=%24DirectLink_0&page=FrontEndAdvancedSearchResult&service=direct&session=T&sp=SX6QHkGi0FcGpntXoyU1IIA%3D%3D
474,2025_MES_731752_1,[REPAIR TO ROOF TREATMENT OF WATER SUPPLY INSTALLATIONS AND SUB STN UNDER AGE(I) (U) B/R DELHI CANTT-10],19-Sep-2025 04:00 PM,E-IN-C BRANCH - MILITARY ENGINEER SERVICES||CE WC and CE DELHI ZONE-MES||CWE (U) DELHI CANTT-MES||AGE (I)(U) B and R DELHI CNATT-MES,11-Oct-2025 06:00 PM,https://etender.up.nic.in/nicgep/app?component=%24DirectLink_0&page=FrontEndAdvancedSearchResult&service=direct&session=T&sp=SIJteIArLTjFxGB9pyg1oGw%3D%3D
475,2025_MES_731736_1,"[REPAIR/ REPLACEMENT OF PAVER BLOCK, KERB STONE, FLOORING, PLASTERING, DRAIN, HARDSTANDING AND INTERLOCKING TILES AOR OF AGE SLDC E/S AREA UNDER AGE(I)(U) B/R DELHI CANTT-10]",19-Sep-2025 04:00 PM,E-IN-C BRANCH - MILITARY ENGINEER SERVICES||CE WC and CE DELHI ZONE-MES||CWE (U) DELHI CANTT-MES||AGE (I)(U) B and R DELHI CNATT-MES,10-Oct-2025 06:00 PM,https://etender.up.nic.in/nicgep/app?component=%24DirectLink_0&page=FrontEndAdvancedSearchResult&service=direct&session=T&sp=SI5YPTWNB0ltdiMk93eBp8A%3D%3D
476,2025_MES_720337_1,[PROVISION OF DEFICIENT SMQs AT NAJAFGARH UNDER GE AF TUGHLAKABAD ],15-Jul-2025 06:00 PM,E-IN-C BRANCH - MILITARY ENGINEER SERVICES||CESC AND CE (AF) NAGPUR - MES,17-Oct-2025 06:00 PM,https://defproc.gov.in/nicgep/app?component=%24DirectLink&page=FrontEndLatestActiveCorrigendums&service=direct&session=T&sp=SFPu%2FREP5mImj%2FXHdaBdL7A%3D%3D
477,2025_MES_728344_1,[CA NO GE N AMB 45 2025 26 REWIRING OF INTERNAL ELECTRIFICATION INCLUDING ALLIED WORKS IN OTM ACCN AND OTHER AREA I OF SECTOR A AGE EM N UNDER GE N AMBALA],29-Aug-2025 01:00 PM,E-IN-C BRANCH - MILITARY ENGINEER SERVICES||CE WC AND CE CHANDIGARH ZONE - MES||CWE AMBALA - MES||GE (N) AMBALA - MES,30-Sep-2025 06:00 PM,https://defproc.gov.in/nicgep/app?component=%24DirectLink&page=FrontEndLatestActiveCorrigendums&service=direct&session=T&sp=SRx%2BXXae93lrsOh8RLMgn7A%3D%3D
478,2025_MES_732682_1,[PROVN OF CC ROAD NEAR LIQUEFIED PETROLEUM GAS GODOWNS (BUILDING NO T-55 AND T-698) IN 297 COY ASC (SUP) TYPE C UNDER GE ROORKEE],25-Sep-2025 06:00 PM,E-IN-C BRANCH - MILITARY ENGINEER SERVICES||CE CC AND CE BAREILLY ZONE - MES||CWE No 2 MEERUT - MES,16-Oct-2025 06:00 PM,https://etender.up.nic.in/nicgep/app?component=%24DirectLink_0&page=FrontEndAdvancedSearchResult&service=direct&session=T&sp=S%2FgFRZ1mZJLFpNLajVbfTkw%3D%3D
479,2025_MES_730684_1,[CLEANING REPAIR AND REPLACEMENT OF SEWAGE LINE SEPTIC TANK AND SOAKAGE WELL DRAINS AND REPAIR OF PLASTERING JOINERY SANITARY FITTING PLUMBING AND PERIODICAL SERVICES TO CERTAIN OTM ACCN AND CERTAIN MISC WORKS AT CHATTEN CHUNGTHANG RANGMA RANGE AND TH],13-Sep-2025 09:00 AM,E-IN-C BRANCH - MILITARY ENGINEER SERVICES||CE EC AND CE SILIGURI ZONE - MES||HQ 136 WORKS ENGINEERS - MES||GE 867 EWS - MES,04-Oct-2025 06:00 PM,https://defproc.gov.in/nicgep/app?component=%24DirectLink&page=FrontEndLatestActiveCorrigendums&service=direct&session=T&sp=Sq9qMez%2BHKGRBAj5FoCXLCg%3D%3D
480,2025_MES_731689_1,"[8491 REPAIR/ MAINTENANCE TO SEWAGE SYSTEM COMPRISING OF SEWAGE LINES,MANHOLES, SEPTIC TANK AT KATTABOMMAN  UNDER GE TIRUNELVELI ]",19-Sep-2025 02:00 PM,E-IN-C BRANCH - MILITARY ENGINEER SERVICES||CE EC AND CE (NAVY) VIZAG - MES||CWE (Navy) Chennai - MES||GETHIRUNALVELI - MES,10-Oct-2025 06:00 PM,https://defproc.gov.in/nicgep/app?component=%24DirectLink&page=FrontEndLatestActiveCorrigendums&service=direct&session=T&sp=Snp5zl6S9GCFiI1ZBBUhXrA%3D%3D
481,2025_MES_728752_1,[REPAIR/ MAINTENANCE OF INTERNAL ELECTRIFICATION SUMMER APPLIANCES CONNECTED WORK LT CABLE EXTERNAL WATER SUPPLY DG SET AND ALLIED WORKS AT AF STN ABOHAR UNDER GE (AF) BHISIANA],01-Sep-2025 06:00 PM,E-IN-C BRANCH - MILITARY ENGINEER SERVICES||CE WC and CE(AF) WAC PALAM-MES||CWE(AF) BHISIANA - MES||GE(AF) BHISIANA - MES,30-Sep-2025 06:00 PM,https://defproc.gov.in/nicgep/app?component=%24DirectLink&page=FrontEndLatestActiveCorrigendums&service=direct&session=T&sp=S1Wlq2LuY0%2FFMGl5rg3mRhw%3D%3D
482,2025_MES_731805_1,[SPECIAL REPAIR TO ROAD FROM DIV HQ TO BLDG NO A/4/129 UNDER GE PANAGARH],20-Sep-2025 06:00 PM,E-IN-C BRANCH - MILITARY ENGINEER SERVICES||CE EC AND CE KOLKATA ZONE - MES||CWE PANAGARH - MES,21-Oct-2025 06:00 PM,https://etender.up.nic.in/nicgep/app?component=%24DirectLink_0&page=FrontEndAdvancedSearchResult&service=direct&session=T&sp=SjOAR9mvG1g6gGMCdk1rZYw%3D%3D
483,2025_MES_731261_1,[REPAIR TO DESERT COOLERS AND SUMMER COOLING  APPLIANCES AT AF STN PHALODI ],16-Sep-2025 06:55 PM,E-IN-C BRANCH - MILITARY ENGINEER SERVICES||CE SWC AND CE (AF) GANDHINAGAR - MES||CWE (AF) JODHPUR - MES||GE (AF) PHALODI - MES,07-Oct-2025 06:00 PM,https://defproc.gov.in/nicgep/app?component=%24DirectLink&page=FrontEndLatestActiveCorrigendums&service=direct&session=T&sp=SVIOr1TjJSNik2T9%2F%2BPLY7g%3D%3D
484,2025_MES_730645_1,[PROVN OF PERIMETER LIGHTS FOR ROAD AT DEMO BN PATIENTS CALLING BELL SYSTEM AT MH 03 X GEYSERS IN BLDG NO TML 13 AT SARAGARAHI COMPLEX AND SPL REPAIR TO LT POLES PANEL AND CEILING FANS AGAINST BER AT INF SCHOOL MHOW UNDER GE MIS MHOW],12-Sep-2025 05:45 PM,E-IN-C BRANCH - MILITARY ENGINEER SERVICES||CE CC AND CE JABALPUR ZONE - MES||CWE MHOW - MES||GE (Maint) Inf School - MES,04-Oct-2025 06:00 PM,https://defproc.gov.in/nicgep/app?component=%24DirectLink&page=FrontEndLatestActiveCorrigendums&service=direct&session=T&sp=S%2Fis1z%2FcbXqmckiY4xHaWLA%3D%3D
485,2025_MES_731687_1,[CA NO GE N AMB 60 2025 26 REPAIR REPLACEMENT OF DISTRIBUTION BOARD SUBMAIN WIRING INTERNAL WIRING AND CONNECTED ITEMS IN AREA II OF  SECTOR A OF AGE EM NORTH UNDER GE NORTH AMBALA CANTT],19-Sep-2025 12:00 PM,E-IN-C BRANCH - MILITARY ENGINEER SERVICES||CE WC AND CE CHANDIGARH ZONE - MES||CWE AMBALA - MES||GE (N) AMBALA - MES,10-Oct-2025 06:00 PM,https://defproc.gov.in/nicgep/app?component=%24DirectLink&page=FrontEndLatestActiveCorrigendums&service=direct&session=T&sp=SdZXSFOp7EIou%2BeCtEHXjcg%3D%3D
486,2025_MES_731241_1,[CONVERSION OF OH HT LINE TO UG HT LINE AND SPL REPAIR REPLACEMENT OF TRANSFORMER AND CONNECTED ITEMS UNDER GE WEST HISAR],16-Sep-2025 06:00 PM,E-IN-C BRANCH - MILITARY ENGINEER SERVICES||CE SWC AND CE JAIPUR JAIPUR - MES||CWE HISAR - MES,14-Oct-2025 06:00 PM,https://defproc.gov.in/nicgep/app?component=%24DirectLink&page=FrontEndLatestActiveCorrigendums&service=direct&session=T&sp=Sfe9%2FnR7KfKUBWNXuByRO%2Bw%3D%3D
487,2025_DRDO_726164_1,[X-Band Multi Frequency Tracking Radar System],14-Aug-2025 04:00 PM,Department of Defence Research and Development||Defence Research and Development Organisation||DFMM||Office of DG (MSS)||ITR,13-Oct-2025 01:00 PM,https://defproc.gov.in/nicgep/app?component=%24DirectLink&page=FrontEndLatestActiveCorrigendums&service=direct&session=T&sp=SIWW5P5%2FkRCM8JOmh65qltg%3D%3D
488,2025_MES_729914_1,"[CA NO GE(U)/CHM-45/2025-26 PROVN OF CABINETS, SLABS, TILES AT DENTAL LAB, CHAIN LINK FENCING AT BACK SIDE OF CMDC (WC) AND EXTERNAL ELECTRIC SUPPLY TO CHAKRA SHOOTING RANGE AT CHANDIMANDIR]",12-Sep-2025 06:00 PM,E-IN-C BRANCH - MILITARY ENGINEER SERVICES||CE WC AND CE CHANDIGARH ZONE - MES||CWE CHANDIMANDIR - MES||GE (U) CHANDIMANDIR - MES,04-Oct-2025 06:00 PM,https://defproc.gov.in/nicgep/app?component=%24DirectLink&page=FrontEndLatestActiveCorrigendums&service=direct&session=T&sp=Sdw9zwlpZgehCznbRrV80vg%3D%3D
489,2025_DGDE_728815_1,"[Term Contract for maintenance of public roads along with repairs to footpath, Central verge, grills, traffic islands and other CF assets on Maude, Pehladpur, Gen B. C. Joshi, Parade, Church Public Roads.]",01-Sep-2025 05:55 PM,Directorate General Defence Estates||Principal Directorate Defence Estates -Western Command Chandigarh||Cantonment Board Delhi -WC Chandigarh,23-Oct-2025 01:00 PM,https://defproc.gov.in/nicgep/app?component=%24DirectLink&page=FrontEndLatestActiveCorrigendums&service=direct&session=T&sp=ScCZ2JYedDuGB4cTP9qN5%2Bg%3D%3D
490,2025_MES_730018_1,[SPL REPAIR TO BLDG NO P 111 P 222 P 384 AT VARIOUS LOCATIONS AT MIL STN GANDHINAGAR],09-Sep-2025 05:00 PM,E-IN-C BRANCH - MILITARY ENGINEER SERVICES||CESC AND CE JODHPUR ZONE - MES||CWE AHMEDABAD - MES||GE GANDHINAGAR - MES,29-Sep-2025 06:00 PM,https://defproc.gov.in/nicgep/app?component=%24DirectLink&page=FrontEndLatestActiveCorrigendums&service=direct&session=T&sp=SJzjbWioibll4gE8VCeDi3g%3D%3D
491,2025_MES_727349_1,[PROVN OF INVERTER /UPS AND CONNECTED ACCESSORIES (CAPACITY-100 KVA) FOR OT AND ICU OF 178 MH AT NEW MIL STN GANGTOK UNDER GE GANGTOK ],22-Aug-2025 06:00 PM,E-IN-C BRANCH - MILITARY ENGINEER SERVICES||CE EC AND CE SILIGURI ZONE - MES||HQ 136 WORKS ENGINEERS - MES,29-Sep-2025 06:00 PM,https://defproc.gov.in/nicgep/app?component=%24DirectLink&page=FrontEndLatestActiveCorrigendums&service=direct&session=T&sp=S3IzDzFGxvWCQv28Vwpf%2Fcw%3D%3D
492,2025_MES_730413_1,"[COMPREHENSIVE MAINT TO CERTAIN MD ACCN, MESSES, BILLETS, REPAIR TO DRAIN, PATH, CULVERT, FENCING, MES INSTALLATION AND OTHER ALLIED WORKS AT AF STN 5 AFLU,   AASTHA COMPLEX  UNDER AOR OF GE (AF)  FARIDABAD]",12-Sep-2025 06:00 PM,E-IN-C BRANCH - MILITARY ENGINEER SERVICES||CE WC and CE(AF) WAC PALAM-MES||CWE (AF) GURGAON - MES||GE (AF) FARIDABAD - MES,03-Oct-2025 06:00 PM,https://defproc.gov.in/nicgep/app?component=%24DirectLink&page=FrontEndLatestActiveCorrigendums&service=direct&session=T&sp=Snjva16yBFvnb7n93hQnQNg%3D%3D
493,2025_MES_730176_1,[REPLACEMENT OF CI PIPELINE AT ABOHAR MIL STN],10-Sep-2025 02:00 PM,E-IN-C BRANCH - MILITARY ENGINEER SERVICES||CE SWC AND CE BATHINDA ZONE - MES,08-Oct-2025 06:00 PM,https://defproc.gov.in/nicgep/app?component=%24DirectLink&page=FrontEndLatestActiveCorrigendums&service=direct&session=T&sp=Sja1CdXpilwJ8gsirDQzpQQ%3D%3D
494,2025_MES_731429_1,"[PROVN OF ONE GUARD ROOM ALONGWITH ATTACHED TOILET AND BATHROOM AT KLP OF WADGAON SHERI, PROVN OF LADIES TOILET AT KLP HQ 41 ARTY DIV AT WADGAON SHERI, PROVN OF MOSQUITO PROOFING  TO THE DOORS AND WINDOWS OF ALL OFFICES AND CONTROL ROOM OF 41 ARTY DIV]",18-Sep-2025 06:00 PM,E-IN-C BRANCH - MILITARY ENGINEER SERVICES||CE SC AND CE PUNE ZONE - MES||CWE KIRKEE - MES||GE MH AND RANGE HILLS - MES,09-Oct-2025 06:00 PM,https://etender.up.nic.in/nicgep/app?component=%24DirectLink_0&page=FrontEndAdvancedSearchResult&service=direct&session=T&sp=SeLfjUz2cdWjXj9WJsvgfng%3D%3D
495,2025_BRO_729860_1,"[DESIGN AND CONSTRUCTION INCLUDING SSI, PROOF CHECKING FROM IIT FOR 55 MTR SPAN PSC BOX GIRDER BRIDGE EXCLUDING APPROACHES OVER GAGRIAN NALLAH AT KM 0.300 ON ROAD GALI-ANGANPATHRI UNDER 79 RCC/31 BRTF PROJECT SAMPARK IN JK UT 3rd Call]",08-Sep-2025 06:00 PM,Dte General Border Roads Organisation||HQ CE(P) Sampark(Jammu) - BRO,08-Oct-2025 12:00 PM,https://defproc.gov.in/nicgep/app?component=%24DirectLink&page=FrontEndLatestActiveCorrigendums&service=direct&session=T&sp=ShR7Cv%2FOahtQcSQI6Mkwc6w%3D%3D
496,2025_MES_728679_1,"[REPAIR AND MAINT OF HT OVER HEAD, UG CABLES TRANSFORMERS VCBS AND CONNECTED WORKS NASIRABAD AND AJMER MIL STATION UNDER GE NAISRABAD]",01-Sep-2025 10:05 AM,E-IN-C BRANCH - MILITARY ENGINEER SERVICES||CESC AND CE BHOPAL ZONE  - MES||CWE BHOPAL - MES,02-Oct-2025 06:00 PM,https://defproc.gov.in/nicgep/app?component=%24DirectLink&page=FrontEndLatestActiveCorrigendums&service=direct&session=T&sp=SoXclEfBSW%2BSK95U2BlgS0Q%3D%3D
497,2025_MES_722130_2,[REPAIR MAINT OF EXTERNAL ELECTRIC SUPPLY LT PANELS MCCBs EARTHING CABLES AND THEIR CONNECTED ITEM AT UPPER SWASTIK HANUMAN TOK AND GANESH TOK UNDER GE GANGTOK],30-Aug-2025 03:00 PM,E-IN-C BRANCH - MILITARY ENGINEER SERVICES||CE EC AND CE SILIGURI ZONE - MES||HQ 136 WORKS ENGINEERS - MES||GEGANGTOK - MES,29-Sep-2025 06:00 PM,https://defproc.gov.in/nicgep/app?component=%24DirectLink&page=FrontEndLatestActiveCorrigendums&service=direct&session=T&sp=SB7HC18q5xY66X1DghIGgWA%3D%3D
498,2025_MES_731472_1,"[REPAIR/MAINT OF TRANSFORMERS, HT PANEL/GOD/VCB AND HT  CABLE AT LKT AND ADMIN SITE AF STN BHOWALI ]",18-Sep-2025 06:00 PM,E-IN-C BRANCH - MILITARY ENGINEER SERVICES||CE CC AND CE (AF) ALLAHABAD - MES||CWE (AF) IZATNAGAR - MES,07-Oct-2025 06:00 PM,https://etender.up.nic.in/nicgep/app?component=%24DirectLink_0&page=FrontEndAdvancedSearchResult&service=direct&session=T&sp=SgEAMb5TZ4CH8h%2FvVV%2BqG5A%3D%3D
499,2025_MES_730714_1,[REPAIR AND REPLACEMENT OF SECURITY LIGHTS AND ALLIED WORKS AT PHASE 1 UNDER GE I R AND D WEST BENGALURU],13-Sep-2025 05:00 PM,E-IN-C BRANCH - MILITARY ENGINEER SERVICES||ADG (OF and DRDO) AND CE (R and D) SECUNDERABAD - MES||GE (I) RND (W) BANGALORE - MES||GE (I) RND (W) BANGALORE - MES,20-Oct-2025 06:00 PM,https://defproc.gov.in/nicgep/app?component=%24DirectLink&page=FrontEndLatestActiveCorrigendums&service=direct&session=T&sp=SC6AvjGAaX3b%2BAPn%2Bx0BrMg%3D%3D
500,2025_MES_726754_1,[8735 PREVENTIVE MAINTENANCE REPLACEMENT REPAIR OF EXTERNAL WATER SUPPLY SYSTEM PUMP MOTOR AND ALLIED WORKS  AT MINTSD EME WORKSHOP SHO CARRIAPPA ENCLAVE STAVELY ROAD VIKRAM BATRA MAP DCA AND OTHER CONNECTED AREA UNDER AGE EM I OF  GE S PUNE],20-Aug-2025 06:00 PM,E-IN-C BRANCH - MILITARY ENGINEER SERVICES||CE SC AND CE PUNE ZONE - MES||CWE PUNE - MES||GE (S) PUNE - MES,01-Oct-2025 06:00 PM,https://defproc.gov.in/nicgep/app?component=%24DirectLink&page=FrontEndLatestActiveCorrigendums&service=direct&session=T&sp=SNxYKlhzZMDvK6IxewgxjJw%3D%3D
501,2024_MES_690164_1,[CONSTRUCTION OF TECHNICAL BUILDINGS AND ALLIED INFRASTRUCTURE UNDER GE (P) NAGROTA   ],24-Dec-2024 11:00 AM,E-IN-C BRANCH - MILITARY ENGINEER SERVICES||CE NC AND CE UDHAMPUR ZONE - MES,25-Nov-2025 06:00 PM,https://defproc.gov.in/nicgep/app?component=%24DirectLink&page=FrontEndLatestActiveCorrigendums&service=direct&session=T&sp=SZ3Yhy1v%2BnEhkFtYhY8%2F4Zg%3D%3D
502,2025_MES_729783_1,[PROVN OF LIGHTING AND SUB STN INCL LAND DEVP FOR INSTALLATION OF DVOR AND TACAN AT INS BAAZ],08-Sep-2025 03:00 PM,E-IN-C BRANCH - MILITARY ENGINEER SERVICES||CE SC AND CE (A and N) ZONE - MES,13-Oct-2025 06:00 PM,https://defproc.gov.in/nicgep/app?component=%24DirectLink&page=FrontEndLatestActiveCorrigendums&service=direct&session=T&sp=SjYlJbIjO5SWfYo8TSFFkAA%3D%3D
503,2025_MES_701490_3,"[	MAINTENANCE / REPAIR / REPLACEMENT OF STREET AND SOLAR LIGHTS, LIGHT POLES, UG CABLE LINKS, FEEDER PILLAR BOXES, APFC PANELS INCLUDING PREVENTIVE MAINT AND ALLIED WORKS AT NAE, NOFRA, NAUSENA BAGH, MES COMPLEX AND INS SARDAR PATEL]",18-Sep-2025 11:00 AM,E-IN-C BRANCH - MILITARY ENGINEER SERVICES||CESC AND CE( NAVY )MUMBAI - MES||GE (I) NAVY PORBANDAR - MES||GE (I) NAVY PORBANDAR - MES,09-Oct-2025 06:00 PM,https://defproc.gov.in/nicgep/app?component=%24DirectLink&page=FrontEndLatestActiveCorrigendums&service=direct&session=T&sp=SnhfF4t1nvA6QGu0Bwd%2Btkw%3D%3D
504,2025_MES_701549_3,[PROVN OF CENTRAL MI ROOM AT NIMU ],01-Sep-2025 02:00 PM,E-IN-C BRANCH - MILITARY ENGINEER SERVICES||CE NC AND CE LEH ZONE - MES,30-Sep-2025 06:00 PM,https://defproc.gov.in/nicgep/app?component=%24DirectLink&page=FrontEndLatestActiveCorrigendums&service=direct&session=T&sp=Sn8SgQwSG2KtD9Ppm9CXVLg%3D%3D
505,2025_MES_718756_1,[CA NO CE CHZ PAT T 02 2025 26  PROVN  OF DEFI SINGLE JCOs  ACCN AT DAPPAR ],05-Jul-2025 06:00 PM,E-IN-C BRANCH - MILITARY ENGINEER SERVICES||CE WC AND CE CHANDIGARH ZONE - MES,14-Oct-2025 06:00 PM,https://defproc.gov.in/nicgep/app?component=%24DirectLink&page=FrontEndLatestActiveCorrigendums&service=direct&session=T&sp=SIyFwmrbrn9YR1sDUni1KDg%3D%3D
506,2025_MES_729971_1,[MAINT OF DG SET OF VARIOUS CAPACITY  AND REPAIR/ MAINT OF UPS SYSTEM OF CAPACITY 300KVA  AT NBC  (RESTRICTED AREA) UNDER GE SOUTH WEST NEW DELHI-03],22-Sep-2025 06:50 PM,E-IN-C BRANCH - MILITARY ENGINEER SERVICES||CE WC and CE DELHI ZONE-MES||CWE (P) DELHI CANTT-MES,13-Oct-2025 06:00 PM,https://etender.up.nic.in/nicgep/app?component=%24DirectLink_0&page=FrontEndAdvancedSearchResult&service=direct&session=T&sp=S0sy9qGfi4QthpjPA9P06EQ%3D%3D
507,2025_MES_725074_2,[REPAIR MAINT OF ROLLING SHUTTER  ALUMINIUM DOOR WINDOW FALSE CELLING AND MISC BR WORKS AT AF STN PURNEA UNDER AGE I AF PURNEA 2ND CALL],23-Sep-2025 09:00 AM,E-IN-C BRANCH - MILITARY ENGINEER SERVICES||CE EC AND CE (AF) SHILLONG - MES||CWE (AF) PANAGARH-MES||GE (AF) PURNEA-MES,06-Oct-2025 06:00 PM,https://etender.up.nic.in/nicgep/app?component=%24DirectLink_0&page=FrontEndAdvancedSearchResult&service=direct&session=T&sp=SLW1ZHRAwGxINYo%2FTKGMlkw%3D%3D
508,2025_MES_727382_1,"[PROVISION OF STORAGE SHED, AUDITORIUM CHAIR, ACOUSTIC SOUND PROOFING AND OTHER MISC WORKS AT PCDA COMPLEX AT MIRAN SAHIB UNDER GE JAMMU]",23-Aug-2025 06:00 PM,E-IN-C BRANCH - MILITARY ENGINEER SERVICES||CE WC AND CE PATHANKOT ZONE - MES||CWE JAMMU - MES||GE JAMMU - MES,11-Oct-2025 06:00 PM,https://defproc.gov.in/nicgep/app?component=%24DirectLink&page=FrontEndLatestActiveCorrigendums&service=direct&session=T&sp=SlUDM%2F7B7EmykqUYdoYUIWQ%3D%3D
509,2025_MES_729571_1,"[PROVN OF PATHWAY, SPL REPAIR TO OTM ACCN BLDG No. NP-6, PROVN OF SOAKWELL CUM SEPTIC TANK, AND PROVN OF 50 NOS WIREMESH DOOR IN AOR OF AGE BR-II IN DIFFERENT LOCATIONS UNDER GE(WEST)PATHANKOT]",06-Sep-2025 09:00 AM,E-IN-C BRANCH - MILITARY ENGINEER SERVICES||CE WC AND CE PATHANKOT ZONE - MES||CWE PATHANKOT - MES||GE (WEST) PATHANKOT - MES,04-Oct-2025 06:00 PM,https://defproc.gov.in/nicgep/app?component=%24DirectLink&page=FrontEndLatestActiveCorrigendums&service=direct&session=T&sp=SDtUp%2FaRR%2Bw2%2F1%2BK82%2B6lMg%3D%3D
510,2025_MES_729030_1,[REPAIR/ MAINTENANCE IMPROVEMENT OF  EXTERNAL ELECTRICAL NETWORKS  FEEDER PILLARS LT SWITCH GEARS AT  SECTOR I AND II AT GE DEOLALI],02-Sep-2025 06:00 PM,E-IN-C BRANCH - MILITARY ENGINEER SERVICES||CE SC AND CE PUNE ZONE - MES||CWE DEOLALI - MES||GE DEOLALI - MES,30-Sep-2025 06:00 PM,https://defproc.gov.in/nicgep/app?component=%24DirectLink&page=FrontEndLatestActiveCorrigendums&service=direct&session=T&sp=SzRg4Y8J5TgJEdWDrrWD%2Brw%3D%3D
511,2025_MES_730082_1,[REPAIR REWINDING MAINTENANCE OF DIFFERENT CAPACITIES OF TRANSFORMER AND  CONNECTED HT ALLIED WORKS UNDER GE SAMBA],09-Sep-2025 06:15 PM,E-IN-C BRANCH - MILITARY ENGINEER SERVICES||CE WC AND CE PATHANKOT ZONE - MES||CWE MAMUN - MES,01-Oct-2025 06:00 PM,https://defproc.gov.in/nicgep/app?component=%24DirectLink&page=FrontEndLatestActiveCorrigendums&service=direct&session=T&sp=SH3Fv4X2o03lpxpo3cQ%2B3Dw%3D%3D
512,2024_MES_682751_1,[ADDN ALTN AND UPGRADATION TO BLDG NEW NPG LINE ORS QTRS JCOS QTRS AT OLD NPG LINE AND CIV QTRS JCOS QTRS AT HAZIPIR LINE QTRS UNDER GE WEST DELHI CANTT 10],07-Nov-2024 12:00 PM,E-IN-C BRANCH - MILITARY ENGINEER SERVICES||CE WC and CE DELHI ZONE-MES,08-Oct-2025 06:00 PM,https://defproc.gov.in/nicgep/app?component=%24DirectLink&page=FrontEndLatestActiveCorrigendums&service=direct&session=T&sp=S6PG47%2F4EPNQr5DbWzUqBlQ%3D%3D
513,2025_MES_726805_1,"[REPAIR OR MAINTENANCE OF CENTRAL HEATING SYSTEM AND MAINTAINING THE EQUAL AIR PRESSURE INSIDE THE COMMAND BUILDING AND REPAIR OR REPLACEMENT OF STREET LIGHTS, POST TOP LANTERN LIGHTS, GARDEN LIGHTS, ALLIED WORK FOR CANTT-19 AT HQ EAC (U) AF UNDER GE ]",28-Aug-2025 06:00 PM,E-IN-C BRANCH - MILITARY ENGINEER SERVICES||CE EC AND CE (AF) SHILLONG - MES||GE (I)(AF) SHILLONG - MES,30-Sep-2025 06:00 PM,https://defproc.gov.in/nicgep/app?component=%24DirectLink&page=FrontEndLatestActiveCorrigendums&service=direct&session=T&sp=SR70M8A9y1VV7Mf10YsYmpg%3D%3D
514,2025_MES_731316_1,"[REPAIR / REWINDING OF CEILING  FANS, EXHAUST FANS AND OTHER ITEMS  IN  OTM ACCN UNDER GE HISAR AT  MIL STN HISAR]",18-Sep-2025 06:00 PM,E-IN-C BRANCH - MILITARY ENGINEER SERVICES||CE SWC AND CE JAIPUR JAIPUR - MES||CWE HISAR - MES||GE HISAR - MES,11-Oct-2025 06:00 PM,https://defproc.gov.in/nicgep/app?component=%24DirectLink&page=FrontEndLatestActiveCorrigendums&service=direct&session=T&sp=SMBFft0ClUedksjrGQIgyYw%3D%3D
515,2025_MES_728660_1,"[ANNUAL REPAIR AND MAINT OF ARC BUILDING AT  SULIDUNGAR, JAISALMER UNDER GE (AF) JAISALMER]",30-Aug-2025 06:55 PM,E-IN-C BRANCH - MILITARY ENGINEER SERVICES||CE SWC AND CE (AF) GANDHINAGAR - MES||CWE (AF) Jaisalmer - MES||GE (AF) Jaisalmer - MES,29-Sep-2025 06:00 PM,https://defproc.gov.in/nicgep/app?component=%24DirectLink&page=FrontEndLatestActiveCorrigendums&service=direct&session=T&sp=SGrDuoLWHYTF4gKOhgUAOXg%3D%3D
516,2025_MES_726387_1,[SPECIAL REPAIR GAUSHALA ROAD ADJACENT TO BOUNDARY WALL OF 5 JAK RIF UNDER GE MIS  MHOW],18-Aug-2025 05:00 PM,E-IN-C BRANCH - MILITARY ENGINEER SERVICES||CE CC AND CE JABALPUR ZONE - MES||CWE MHOW - MES,30-Sep-2025 06:00 PM,https://defproc.gov.in/nicgep/app?component=%24DirectLink&page=FrontEndLatestActiveCorrigendums&service=direct&session=T&sp=SEcowG1CsYNj7L1MfM9tNbg%3D%3D
517,2025_MES_729056_1,[REPAIR TO JOINERY OF VARIOUS MD ACCN AT NORTH OF RAILWAY LINE UNDER GE MISSAMARI],02-Sep-2025 06:45 PM,E-IN-C BRANCH - MILITARY ENGINEER SERVICES||CE EC AND CE SILIGURI ZONE - MES||CWE TENGA - MES||GE MISSAMARI - MES,04-Oct-2025 06:00 PM,https://defproc.gov.in/nicgep/app?component=%24DirectLink&page=FrontEndLatestActiveCorrigendums&service=direct&session=T&sp=SOm%2FqEwcTJZqMqxCP1k7pWw%3D%3D
518,2025_DRDO_727263_1,[Procurement of Ready to Fit Low Pressure Turbine Rotor Blades and Vane Sub Assemblies],22-Aug-2025 05:00 PM,Department of Defence Research and Development||Defence Research and Development Organisation||DFMM||Office of DG(Aero)||GTRE,14-Oct-2025 12:30 PM,https://defproc.gov.in/nicgep/app?component=%24DirectLink&page=FrontEndLatestActiveCorrigendums&service=direct&session=T&sp=SPn9j2VU5ooxNk44pwGnjsg%3D%3D
519,2025_ARMY_733186_1,[PROCUREMENT OF HOSPITAL MEDICINE],29-Sep-2025 01:45 PM,IHQ of MoD (Army)-(OSCC)||Central Comd-IHQ of MoD (Army)-(OSCC)||CORPS 1-Central Comd-IHQ of MoD (Army)-(OSCC)||EME UNIT 5-IHQ of MoD (Army),04-Oct-2025 09:00 AM,https://etender.up.nic.in/nicgep/app?component=%24DirectLink_0&page=FrontEndAdvancedSearchResult&service=direct&session=T&sp=SXSwfDug21UCx8I7dAIS4wA%3D%3D
520,2025_MES_731735_1,"[Certain repair to flooring, wall, chajja, facia, plumbing and sanitary fittings under the AOR of AGE W/S-I and AGE E/S-I under AGE (I) (U) B/R, Delhi Cantt-10]",19-Sep-2025 04:00 PM,E-IN-C BRANCH - MILITARY ENGINEER SERVICES||CE WC and CE DELHI ZONE-MES||CWE (U) DELHI CANTT-MES||AGE (I)(U) B and R DELHI CNATT-MES,10-Oct-2025 06:00 PM,https://etender.up.nic.in/nicgep/app?component=%24DirectLink_0&page=FrontEndAdvancedSearchResult&service=direct&session=T&sp=S2k8%2BOKVDHGie%2BUL%2BD1L2Cg%3D%3D
521,2025_MES_731465_1,"[RENEWAL/REPLACEMENT OF FURNITURE AGAINST SURVEYED OFF WOODEN FURNITURE UNDER GE BRICHGUNJ, SRI VIJAYA PURAM FOR THE QE MAR 2025]",18-Sep-2025 06:00 PM,E-IN-C BRANCH - MILITARY ENGINEER SERVICES||CE SC AND CE (A and N) ZONE - MES||CWE No. 2 PORT BLAIR - MES,09-Oct-2025 06:00 PM,https://etender.up.nic.in/nicgep/app?component=%24DirectLink_0&page=FrontEndAdvancedSearchResult&service=direct&session=T&sp=Sh8gGEc%2FFAi3au1kP3D5%2Fpg%3D%3D
522,2025_MES_732144_1,[REPAIR/MAINT OF OVER HEAD LT LINES TO UG CABLE AT GURDEEP ENCLAVE AND NEARBY OFFICERS QUARTERS AREA  AT FARIDKOT MIL STN  ],22-Sep-2025 06:00 PM,E-IN-C BRANCH - MILITARY ENGINEER SERVICES||CE SWC AND CE BATHINDA ZONE - MES||CWE GANGANAGAR - MES,13-Oct-2025 06:00 PM,https://etender.up.nic.in/nicgep/app?component=%24DirectLink_0&page=FrontEndAdvancedSearchResult&service=direct&session=T&sp=Sws4qUxoQf66iDfjKx33VVQ%3D%3D
523,2025_MES_729454_1,[Provn of Solar Security lights at Dholewal and Special repair of Lightning Conductor and allied E/M work at Baddowal under GE Ludhiana],04-Sep-2025 06:00 PM,E-IN-C BRANCH - MILITARY ENGINEER SERVICES||CE WC AND CE JALANDHAR ZONE - MES||CWE FEROZEPUR - MES||GE LUDHIANA - MES,04-Oct-2025 06:00 PM,https://defproc.gov.in/nicgep/app?component=%24DirectLink&page=FrontEndLatestActiveCorrigendums&service=direct&session=T&sp=SkqocHzP6AtwuwWAcjQU4nQ%3D%3D
524,2025_MES_729215_1,[COMPREHENSIVE REPAIRS TO SQN BLDGS AND SMART PERIODICAL SERVICES DURING EOT NOV 2025 UNDER GE KHADAKWASLA],03-Sep-2025 05:00 PM,E-IN-C BRANCH - MILITARY ENGINEER SERVICES||CE SC AND CE PUNE ZONE - MES||CWE PUNE - MES||GE KHADAKVASLA - MES,29-Sep-2025 06:00 PM,https://defproc.gov.in/nicgep/app?component=%24DirectLink&page=FrontEndLatestActiveCorrigendums&service=direct&session=T&sp=SQqzn8EORv4NYiOSooMfOlA%3D%3D
525,2025_MES_732454_1,[ADDN/ALTN TO ROAD AND AREA DRAINAGE AT AF STN BHUJ],24-Sep-2025 05:00 PM,E-IN-C BRANCH - MILITARY ENGINEER SERVICES||CE SWC AND CE (AF) GANDHINAGAR - MES||CWE (AF) BHUJ - MES,15-Oct-2025 06:00 PM,https://etender.up.nic.in/nicgep/app?component=%24DirectLink_0&page=FrontEndAdvancedSearchResult&service=direct&session=T&sp=SstdSEIwq%2Fm%2BmB5AfEMOF5g%3D%3D
526,2025_MES_732654_1,"[COMPREHENSIVE MAINTENANCE TO HIGH RISE BUILDINGS IN NEW NSB UNDER AGE B R-II OF GE NB, VISAKHAPATNAM]",25-Sep-2025 06:00 PM,E-IN-C BRANCH - MILITARY ENGINEER SERVICES||CE EC AND CE (NAVY) VIZAG - MES||CWE VISAKHAPATNAM - MES,23-Oct-2025 06:00 PM,https://etender.up.nic.in/nicgep/app?component=%24DirectLink_0&page=FrontEndAdvancedSearchResult&service=direct&session=T&sp=SRn7LYTTnj%2ByA5faJqytE2w%3D%3D
527,2025_MES_732004_1,"[8455/E8 MAINT AND REPAIR OF LT DISTRIBUTION SYSTEM,  LT CABLE AND MISC WORK AND REPLACEMENT OF PARTS, LT PANEL AND ALLIED WORKS INCL IMPROVEMENT TO  MES INSTALLATION AT RTS DEPOT HEMPUR UNDER GE (EAST) BAREILLY]",20-Sep-2025 05:55 PM,E-IN-C BRANCH - MILITARY ENGINEER SERVICES||CE CC AND CE BAREILLY ZONE - MES||CWE BAREILLY - MES||GE(EAST) BAREILLY - MES,11-Oct-2025 06:00 PM,https://etender.up.nic.in/nicgep/app?component=%24DirectLink_0&page=FrontEndAdvancedSearchResult&service=direct&session=T&sp=SbdJ9BIkSUSONfSwFz%2F7x5Q%3D%3D
528,2025_MES_730663_1,[SPL REPAIR TO BER DG SET AND PUMP SET AT SRIGANGANAGAR MIL STN],12-Sep-2025 06:10 PM,E-IN-C BRANCH - MILITARY ENGINEER SERVICES||CE SWC AND CE BATHINDA ZONE - MES||CWE GANGANAGAR - MES,10-Oct-2025 06:00 PM,https://defproc.gov.in/nicgep/app?component=%24DirectLink&page=FrontEndLatestActiveCorrigendums&service=direct&session=T&sp=SsRcBYO%2FrUdTZ2R1jqXPTyA%3D%3D
529,2025_NAVY_728311_1,"[SUPPLY, INSTALLATION, TESTING AND COMMISSIONING OF MARINE FUEL INJECTOR TEST STAND ALONGWITH ACCESSORIES FOR AUG OF ENGG REPAIR FACILITY WITH ASSOCIATED WORKFLOW IMPROVEMENT MEASURES AT PGS DEPT ND(V)]",29-Aug-2025 06:00 PM,IHQ of MOD (Navy)||EASTERN NAVAL COMMAND - NAVY||DGNP (V) - NAVY,14-Oct-2025 10:00 AM,https://defproc.gov.in/nicgep/app?component=%24DirectLink&page=FrontEndLatestActiveCorrigendums&service=direct&session=T&sp=Sf5Gimwn3WgFrino3KkWbxQ%3D%3D
530,2025_MES_729779_1,"[CA NO. CWE/HILLS/RKT/59 OF 2025-2026 REPAIR/REPLACEMENT OF STREET LIGHT FITTING, MCCB, LT OVER HEAD/ UNDER GROUND LINE INCL EXTERNAL WATER SUPPLY FITTING AND PIPE LINE AND REPAIR TO HT OVERHEAD VCB, ACB, GOD ETC. AT HALDWANI, RANIBAGH AND KATHGODAM A]",08-Sep-2025 12:50 PM,E-IN-C BRANCH - MILITARY ENGINEER SERVICES||CE CC AND CE BAREILLY ZONE - MES||CWE HILLS PITHORAGARH - MES,29-Sep-2025 06:00 PM,https://defproc.gov.in/nicgep/app?component=%24DirectLink&page=FrontEndLatestActiveCorrigendums&service=direct&session=T&sp=SW%2BpkwppUAUX%2BwkaDHUQIRg%3D%3D
531,2025_MES_728000_1,[PROVN OF OTM ACCN (PHASE -I) AT BAGRAKOTE UNDER GE SEVOKE],27-Aug-2025 02:05 PM,E-IN-C BRANCH - MILITARY ENGINEER SERVICES||CE EC AND CE SILIGURI ZONE - MES,23-Oct-2025 06:00 PM,https://defproc.gov.in/nicgep/app?component=%24DirectLink&page=FrontEndLatestActiveCorrigendums&service=direct&session=T&sp=SUjypSX6sjGVPr2JmBD%2Baaw%3D%3D
532,2025_MES_727658_1,[SPECIAL REPAIR FOR REPLACEMENT OF HT DISTRIBUTION NETWORK AT NEW CANTT UNDER GE (WEST) PRAYAGRAJ.],25-Aug-2025 04:00 PM,E-IN-C BRANCH - MILITARY ENGINEER SERVICES||CE CC AND CE LUCKNOW ZONE - MES||CWE ALLAHABAD - MES,29-Sep-2025 06:00 PM,https://defproc.gov.in/nicgep/app?component=%24DirectLink&page=FrontEndLatestActiveCorrigendums&service=direct&session=T&sp=Syg7cGaeUDxNqOohqzqd0IQ%3D%3D
533,2025_MES_731495_1,"[REPAIR/ REPLACEMENT OF UNSV SPARES OF COOLING TOWERS, AHUS, PUMPS AND REWINDING OF ITS MOTORS AND REPAIRING AND CONNECTED MISC E/M WORKS AT BHDC UNDER GE (EAST) DELHI CANTT-10]",18-Sep-2025 06:00 PM,E-IN-C BRANCH - MILITARY ENGINEER SERVICES||CE WC and CE DELHI ZONE-MES||CWE DELHI CANTT-MES||GE (EAST) DELHI CANTT-MES,09-Oct-2025 06:00 PM,https://etender.up.nic.in/nicgep/app?component=%24DirectLink_0&page=FrontEndAdvancedSearchResult&service=direct&session=T&sp=SxJ1q%2F4qORrtXcdW3BpakIw%3D%3D
534,2025_MES_724777_1,[PROVISION OF CERTAIN MINOR WORKS INCLUDING INTERNAL AND EXTERNAL WALL PAINTING AT GTRE CASDIC CEMILAC ADE AND DEBEL UNDER GE I R AND D EAST BANGALORE],06-Sep-2025 02:00 PM,E-IN-C BRANCH - MILITARY ENGINEER SERVICES||ADG (OF and DRDO) AND CE (R and D) SECUNDERABAD - MES||GE (I) RND (E) BANGALORE - MES,02-Oct-2025 06:00 PM,https://defproc.gov.in/nicgep/app?component=%24DirectLink&page=FrontEndLatestActiveCorrigendums&service=direct&session=T&sp=S19pYYQfQtD04fJt1w1FbGA%3D%3D
535,2025_MES_729085_1,[ROUTINE MAINT AND REPAIRS TO ELECTRICALLY OPERARTED SERVICES LIFTS OF MONARCH AND THYSSENKRUP MAKE INSTALLED AT CHITRALEKHA BHIM BLOCK AND CHANAKYA BLOCK P92 P93 P96 P41 P05 AND TILOTTAMA AT ARMY AREA UNDER GE (WEST) MUMBAI],08-Sep-2025 06:00 PM,E-IN-C BRANCH - MILITARY ENGINEER SERVICES||CE SC AND CE PUNE ZONE - MES||CWE (ARMY) MUMBAI - MES,04-Oct-2025 06:00 PM,https://defproc.gov.in/nicgep/app?component=%24DirectLink&page=FrontEndLatestActiveCorrigendums&service=direct&session=T&sp=SWooliXzHLo8QGNxKjhMRgg%3D%3D
536,2025_MES_730029_1,"[ADDN ALTN TO WATCH TOWERS, PROVN OF ADDL SECURITY LIGHTS AND CERTAIN OTHER MISC WORKS AT AF STN NAL]",09-Sep-2025 04:30 PM,E-IN-C BRANCH - MILITARY ENGINEER SERVICES||CE WC and CE(AF) WAC PALAM-MES||CWE (AF) Bikaner-MES||GE (AF) Nal-MES,29-Sep-2025 06:00 PM,https://defproc.gov.in/nicgep/app?component=%24DirectLink&page=FrontEndLatestActiveCorrigendums&service=direct&session=T&sp=ShgDcSQBHeYpvx2hx0HbRnQ%3D%3D
537,2025_MES_731253_1,[GEAFU-46/2025-26],16-Sep-2025 06:00 PM,E-IN-C BRANCH - MILITARY ENGINEER SERVICES||CE NC AND CE (AF) UDHAMPUR - MES||CWE (AF) JAMMU - MES||GE (AF) UDHAMPUR - MES,07-Oct-2025 06:00 PM,https://defproc.gov.in/nicgep/app?component=%24DirectLink&page=FrontEndLatestActiveCorrigendums&service=direct&session=T&sp=SarM0ktH0aZqxc1txr%2FLSlg%3D%3D
538,2025_MES_727897_1,[REPAIR/ MAINT OF CERTAIN ROADS/FOOTPATH IN THE AREA OF AGE B/R- I UNDER GE (WEST) LUCKNOW.],26-Aug-2025 06:00 PM,E-IN-C BRANCH - MILITARY ENGINEER SERVICES||CE CC AND CE LUCKNOW ZONE - MES||CWE LUCKNOW - MES,01-Oct-2025 06:00 PM,https://etender.up.nic.in/nicgep/app?component=%24DirectLink_0&page=FrontEndAdvancedSearchResult&service=direct&session=T&sp=SXiKps7IfAHIYqr%2Bq9BcbQg%3D%3D
539,2025_ARMY_731668_1,[RC/25-26/199],19-Sep-2025 06:00 PM,IHQ of MoD (Army)-(OSCC)||DGAFMS-IHQ of MoD (Army)-(OSCC)||DG 2 GROUP-IHQ of MoD (Army)-(OSCC)||AFMSD 4-IHQ of MoD (Army),30-Sep-2025 10:00 AM,https://etender.up.nic.in/nicgep/app?component=%24DirectLink_0&page=FrontEndAdvancedSearchResult&service=direct&session=T&sp=SsKW5OG8sPxJs8dvn9XuOgA%3D%3D
540,2025_MES_730439_1,[PROVISION OF TOILET AND BATH ROOMS ALONGWITH BIO SEPTIC TANK FOR 825 ASC BN AM AND PROVISION OF SEPTIC TANK WITH SOAK PIT AT BLDG NO T 44 OF 825 ASC BN AT ROWRIAH UNDER GE JOUHAT],11-Sep-2025 06:25 PM,E-IN-C BRANCH - MILITARY ENGINEER SERVICES||CE EC AND CE SHILLONG ZONE - MES||CWE Dinjan - MES||GE Jorhat - MES,01-Oct-2025 06:00 PM,https://defproc.gov.in/nicgep/app?component=%24DirectLink&page=FrontEndLatestActiveCorrigendums&service=direct&session=T&sp=SzlzjYLAdOsUN0gJKvky03g%3D%3D
541,2025_MES_729116_1,[REPAIR MAINTENANCE OF INTERNAL WIRING DBs SUBMAIN WIRING FITTINGS AND FIXTURES AT INS DEGA DEGA VIHAR AND INS EKSILA UNDER AGE EM AT GE ND VISAKAHAPTNAM],04-Sep-2025 04:00 PM,E-IN-C BRANCH - MILITARY ENGINEER SERVICES||CE EC AND CE (NAVY) VIZAG - MES||CWE VISAKHAPATNAM - MES||GE NAVAL DEPOT VISAKHAPATNAM - MES,29-Sep-2025 06:00 PM,https://defproc.gov.in/nicgep/app?component=%24DirectLink&page=FrontEndLatestActiveCorrigendums&service=direct&session=T&sp=SOyBq0Oagn9fNgUbdNH7w0A%3D%3D
542,2025_MES_728782_1,[REPAIR OF FURNITURE AT MIL STN ABOHAR],01-Sep-2025 06:00 PM,E-IN-C BRANCH - MILITARY ENGINEER SERVICES||CE SWC AND CE BATHINDA ZONE - MES||CWE GANGANAGAR - MES,29-Sep-2025 06:00 PM,https://defproc.gov.in/nicgep/app?component=%24DirectLink&page=FrontEndLatestActiveCorrigendums&service=direct&session=T&sp=SX8HK0vCtSxfd8siLfb8S8Q%3D%3D
543,2025_MES_709418_2,"[GE (N) P/TOKEN-16 OF 2025-2026REPAIR/REPLACEMENT /MAINT OF SPLIT TYPE AC, PACKAGE TYPE AC SYSTEM, COOLING TOWERS AND REPAIR TO ELECTRIC CONTROL PANEL AND OTHER CONNECTED WORKS IN AOR AGE E/M (N) PUNE ]",12-Sep-2025 03:00 PM,E-IN-C BRANCH - MILITARY ENGINEER SERVICES||CE SC AND CE PUNE ZONE - MES||CWE PUNE - MES||GE (N) PUNE - MES,03-Oct-2025 06:00 PM,https://defproc.gov.in/nicgep/app?component=%24DirectLink&page=FrontEndLatestActiveCorrigendums&service=direct&session=T&sp=SYw9VEnVQeTHFPkMRzx%2B%2BlA%3D%3D
544,2025_MES_731575_1,"[Addn/Altn for Roof Treatment and connected BR Works in OTM Bldg of 60 Inf Bde, Provn of cover shed for Badminton Court  and Provn of four wheeler parking shed at DCN Sub Group Palam under AGE B/R-I of GE (West) Delhi Cantt-10]",18-Sep-2025 05:00 PM,E-IN-C BRANCH - MILITARY ENGINEER SERVICES||CE WC and CE DELHI ZONE-MES||CWE (P) DELHI CANTT-MES,09-Oct-2025 06:00 PM,https://defproc.gov.in/nicgep/app?component=%24DirectLink&page=FrontEndLatestActiveCorrigendums&service=direct&session=T&sp=SnQGyAoDpZxR7KZIQhrjGfw%3D%3D
545,2025_MES_726364_1,[PROVN OF RETAINING WALL AND INTERNAL ROADS  ALONGWITH ALLIED INFRA UNDER GE 881 EWS ],18-Aug-2025 03:55 PM,E-IN-C BRANCH - MILITARY ENGINEER SERVICES||CE NC AND CE UDHAMPUR ZONE - MES,04-Oct-2025 06:00 PM,https://defproc.gov.in/nicgep/app?component=%24DirectLink&page=FrontEndLatestActiveCorrigendums&service=direct&session=T&sp=SvX%2BWCEpPFAWyNaYXO2Hh5g%3D%3D
546,2025_MES_730612_1,"[SPECIAL REPAIR FOR REPLACEMENT OF OLD RUSTED POLES / DEFECTIVE RCC / PCC POLES OF ILLUMINATION SYSTEM WITH CONNECTED ACCESSORIES AT AJAY BAUGH AREA, JAYANT PARK, ASHWINI NAGAR AND OTHER OFFICERS MD ACCN AREA AND PROVN OF SPLIT AC FOR NCN SWITHCES]",13-Sep-2025 09:00 AM,E-IN-C BRANCH - MILITARY ENGINEER SERVICES||CE SC AND CE (A and N) ZONE - MES||CWE PORTBLAIR - MES||GE MINNIE BAY PORTBLAIR - MES,04-Oct-2025 06:00 PM,https://defproc.gov.in/nicgep/app?component=%24DirectLink&page=FrontEndLatestActiveCorrigendums&service=direct&session=T&sp=SsjG6sbiVJuHztPqCONpm4g%3D%3D
547,2025_MES_730978_1,[REPAIR MAINT SERVICING OF B VEHICLE AND  REPAIR REPLACEMENT OF STREET SECURITY LIGHT LED STREET LIGHT  FITTINGS ROADWAY LUMINARIES TIMER PANELS HIGHMAST LIGHTS AND OTHER CONNECTED  MISC WORKS UNDER GE I GOS],15-Sep-2025 06:00 PM,E-IN-C BRANCH - MILITARY ENGINEER SERVICES||CE CC AND CE JABALPUR ZONE - MES||GE (I) GOS - MES||GE I GOPALPUR ON SEA - MES,07-Oct-2025 06:00 PM,https://defproc.gov.in/nicgep/app?component=%24DirectLink&page=FrontEndLatestActiveCorrigendums&service=direct&session=T&sp=S61sd44sKU%2B1PvKXJM0wn6w%3D%3D
548,2025_MES_724118_2,"[PROVN OF 04 X SOLAR WATER HEATER (1000 LTR) FOR BLDG            NO P-320 AND P-534 (OR LIVING BK) OF 2 TTR, 1STC AND CERTAIN REV AND MINOR WORKS IN AOR OF AGE B/R-III, AGE E/M E/S AND AGE E/M W/S UNDER GE (WEST) JABALPUR ]",02-Sep-2025 05:00 PM,E-IN-C BRANCH - MILITARY ENGINEER SERVICES||CE CC AND CE JABALPUR ZONE - MES||CWE JABALPUR - MES||GE (W) JABALPUR - MES,30-Sep-2025 06:00 PM,https://defproc.gov.in/nicgep/app?component=%24DirectLink&page=FrontEndLatestActiveCorrigendums&service=direct&session=T&sp=SzyBUbCTilq10vl2aVMtVMw%3D%3D
549,2025_ARMY_731847_1,[SUPPLY AND CONSTRUCTION OF AERIAL CABLE WAY UNDER THE AOR OF 56 INF DIV ],20-Sep-2025 06:00 PM,IHQ of MoD (Army)-(OSCC)||Eastern Comd-IHQ of MoD (Army)-(OSCC)||CORPS 3-Eastern Comd-IHQ of MoD (Army)-(OSCC)||ENGR UNIT 3-IHQ of MoD (Army),30-Sep-2025 06:00 PM,https://defproc.gov.in/nicgep/app?component=%24DirectLink&page=FrontEndLatestActiveCorrigendums&service=direct&session=T&sp=ST5UvW6lNQ5RaH1ikFKL6LA%3D%3D
550,2025_MES_730523_1,[SPL REPAIR TO OH LINE WITH OLD POLE WITH UG CABLE AND NEW STEEL POLE AT 11 RAJ RIF AREA AT NAMKUM UNDER GE RANCHI ],12-Sep-2025 12:00 PM,E-IN-C BRANCH - MILITARY ENGINEER SERVICES||CE CC AND CE JABALPUR ZONE - MES||CWE RANCHI - MES||GE RANCHI - MES,03-Oct-2025 06:00 PM,https://defproc.gov.in/nicgep/app?component=%24DirectLink&page=FrontEndLatestActiveCorrigendums&service=direct&session=T&sp=SFRVy9gvC2FUd8v5Ry4jHXQ%3D%3D
551,2025_MES_729192_1,[138WE/L-179/2025-26],03-Sep-2025 03:00 PM,E-IN-C BRANCH - MILITARY ENGINEER SERVICES||CE NC AND CE LEH ZONE - MES||HQ 138 WORKS ENGR - MES,01-Oct-2025 06:00 PM,https://defproc.gov.in/nicgep/app?component=%24DirectLink&page=FrontEndLatestActiveCorrigendums&service=direct&session=T&sp=SF4zqRI8G%2BPc58TvsVICJRw%3D%3D
552,2025_MES_729660_1,[PROVN SOLAR WATER HEATER/PLANT/TREE AT BLDG NO. P-59 AT UDHAMUR UNDER GE (UTILITY) UDHAMPUR],06-Sep-2025 02:00 PM,E-IN-C BRANCH - MILITARY ENGINEER SERVICES||CE NC AND CE UDHAMPUR ZONE - MES||CWE UDHAMPUR - MES,03-Oct-2025 06:00 PM,https://defproc.gov.in/nicgep/app?component=%24DirectLink&page=FrontEndLatestActiveCorrigendums&service=direct&session=T&sp=SNAShw56vIkY4PUVFx8GclQ%3D%3D
553,2025_MES_719206_2,"[REPAIR/REPLACEMENT/MAINT OF TRANSFORMER, 33 KV MRS YARD, HT SWITCHGEARS, AIR BRAKE SWITCH, GOD, VCB, RING MAIN UNIT AND ALLIED WORKS AT AYODHYA CANTT UNDER AGE (I) AYODHYA CANTT.]",09-Sep-2025 04:00 PM,E-IN-C BRANCH - MILITARY ENGINEER SERVICES||CE CC AND CE LUCKNOW ZONE - MES||CWE ALLAHABAD - MES,30-Sep-2025 06:00 PM,https://defproc.gov.in/nicgep/app?component=%24DirectLink&page=FrontEndLatestActiveCorrigendums&service=direct&session=T&sp=SF%2BFceWgQaTOOlY64bZQfCg%3D%3D
554,2025_ARMY_730496_1,[RC/25-26/126],12-Sep-2025 06:00 PM,IHQ of MoD (Army)-(OSCC)||DGAFMS-IHQ of MoD (Army)-(OSCC)||DG 2 GROUP-IHQ of MoD (Army)-(OSCC)||AFMSD 4-IHQ of MoD (Army),14-Oct-2025 10:00 AM,https://etender.up.nic.in/nicgep/app?component=%24DirectLink_0&page=FrontEndAdvancedSearchResult&service=direct&session=T&sp=Sd7s%2Fg0eAeyHblbEiSfdlDA%3D%3D
555,2025_MES_724830_2,[GE/863/EWS-T-36 OF 2025-26 SPL REPAIR TO BLDG NO T-182 AND T-183 STORE SHELTER AT SUMDO],29-Aug-2025 06:00 PM,E-IN-C BRANCH - MILITARY ENGINEER SERVICES||CE CC AND CE BAREILLY ZONE - MES||CWE HILLS DEHRADUN -  MES||GE 863 EWS - MES,29-Sep-2025 06:00 PM,https://defproc.gov.in/nicgep/app?component=%24DirectLink&page=FrontEndLatestActiveCorrigendums&service=direct&session=T&sp=SRf%2BhAxqrlr4OqVytaRfFww%3D%3D
556,2025_MES_729538_1,[REPAIRS AND ROUTINE MAINTENANCE OF ELECTRICAL LIFTS INSTALLED AT CGRA TUTICORIN AND OUTSOURCING OF SERVICES FOR MANNING AND OPERATORS OF LIFTS AT AGE B/R TUTICORIN UNDER GE (I) (CG) CHENNAI],05-Sep-2025 05:00 PM,E-IN-C BRANCH - MILITARY ENGINEER SERVICES||ADG (PROJECTS) CHENNAI AND CE (CG) VISAKHAPATNAM - MES||GE (I) CG CHENNAI - MES,29-Sep-2025 06:55 PM,https://defproc.gov.in/nicgep/app?component=%24DirectLink&page=FrontEndLatestActiveCorrigendums&service=direct&session=T&sp=S84vWYS%2B%2FeAgSD3cYXeH8Rw%3D%3D
557,2025_MES_724776_1,[REPAIRS REPLACEMENT AND MAINTENANCE OF STREET LIGHTS PERIMETER LIGHTS GARDEN LIGHTS FLOOD LIGHTS STREET LIGHT TIMERS LT CABLES AND CONNECTED WORKS AT ADE DEBEL CABS STIR AND CEMILAC UNDER GE I R AND D EAST BANGALORE],06-Sep-2025 01:00 PM,E-IN-C BRANCH - MILITARY ENGINEER SERVICES||ADG (OF and DRDO) AND CE (R and D) SECUNDERABAD - MES||GE (I) RND (E) BANGALORE - MES,02-Oct-2025 06:00 PM,https://defproc.gov.in/nicgep/app?component=%24DirectLink&page=FrontEndLatestActiveCorrigendums&service=direct&session=T&sp=S0cJPnPtSXR3DRuVfVBJyIw%3D%3D
558,2025_MES_728619_1,[COMPREHENSIVE MAINTENANCE INCLUDING PERIODICAL SERVICES REPAIRS TO JOINERY WALL FLOORING AND REPAIRS MAINT OF ROAD INCLUDIONG FOOT PATH AND OTHER CONNECTED WORKS AT TRICHY AREA UNDER GE WELLINGTON],30-Aug-2025 06:00 PM,E-IN-C BRANCH - MILITARY ENGINEER SERVICES||CE SC AND CE CHENNAI ZONE  - MES||CWE WELLINGTON - MES||GE WELLINGTON - MES,29-Sep-2025 06:00 PM,https://defproc.gov.in/nicgep/app?component=%24DirectLink&page=FrontEndLatestActiveCorrigendums&service=direct&session=T&sp=Si0JUoI8WPjZzEloIGXCwpA%3D%3D
559,2025_MES_730522_1,"[PROVISION OF FALSE CEILING AT CERTAIN PLACES, PROVISION OF BELL, FLAG POST AND RELOCATION OF AERODROME BEACON AND PROVISION OF ON LOAD CHANGEOVER SWITCHES AND ALLIED WORKS TO RUNWAY LIGHTNING  AT ICGAS RATNAGIRI.]",12-Sep-2025 12:05 PM,E-IN-C BRANCH - MILITARY ENGINEER SERVICES||ADG (CG AND PROJECT) CHENNAI AND CE (CG) GOA - MES||GE (I) (P) RATNAGIRI - MES,04-Oct-2025 06:00 PM,https://defproc.gov.in/nicgep/app?component=%24DirectLink&page=FrontEndLatestActiveCorrigendums&service=direct&session=T&sp=SjKo7jP3G8DhaM2HYOLVXyA%3D%3D
560,2025_MES_725893_1,[PROVISION OF PERMANENT BUILDING FOR URC AND ASSOCIATED FACILITIES AT HQTC BANGALORE],13-Aug-2025 10:30 AM,E-IN-C BRANCH - MILITARY ENGINEER SERVICES||CESC AND CE (AF) BANGALORE - MES||CWE (AF) (NORTH) BANGALORE - MES,02-Oct-2025 06:00 PM,https://defproc.gov.in/nicgep/app?component=%24DirectLink&page=FrontEndLatestActiveCorrigendums&service=direct&session=T&sp=SNVdzSoJAlMywGkOE%2BDWFjw%3D%3D
561,2025_MES_732660_1,"[PROVN OF TWO ADDITIONAL ROOM SIZE 12 X 15 ALONG WITH ATTACHED LATRINE/ BATHROOM IN LOCAL AUDIT OFFICE (ARMY), GWALIOR UNDER GE GWALIOR]",25-Sep-2025 06:00 PM,E-IN-C BRANCH - MILITARY ENGINEER SERVICES||CESC AND CE BHOPAL ZONE  - MES||CWE JHANSI - MES,18-Oct-2025 06:00 PM,https://etender.up.nic.in/nicgep/app?component=%24DirectLink_0&page=FrontEndAdvancedSearchResult&service=direct&session=T&sp=S3B616WtqnvTKI%2B2JjWFGNg%3D%3D
562,2025_MES_730128_1,[COMPREHENSIVE REPAIR TO B/R WORK AT DHQ-1 AND CG JETTY UNDER GE (I) CG PORBANDAR],10-Sep-2025 04:00 PM,E-IN-C BRANCH - MILITARY ENGINEER SERVICES||ADG (CG AND PROJECT) CHENNAI AND CE (CG) GOA - MES||GE (CG) PORBANDAR - MES,29-Sep-2025 06:00 PM,https://defproc.gov.in/nicgep/app?component=%24DirectLink&page=FrontEndLatestActiveCorrigendums&service=direct&session=T&sp=STsxw757urw8CcHXssb8nGA%3D%3D
563,2025_MES_722998_2,[REPAIR MAINT OF SECURITY LIGHTS STREET LIGHTS PERIMETER LIGHTS HIGMAST LIGHTS SOLAR LIGHTS AND THEIR CONNECTED ITEMS AT MP GOLAI AND BURDONG AREA UNDER GE GANGTOK],02-Sep-2025 11:00 AM,E-IN-C BRANCH - MILITARY ENGINEER SERVICES||CE EC AND CE SILIGURI ZONE - MES||HQ 136 WORKS ENGINEERS - MES||GEGANGTOK - MES,29-Sep-2025 06:00 PM,https://defproc.gov.in/nicgep/app?component=%24DirectLink&page=FrontEndLatestActiveCorrigendums&service=direct&session=T&sp=SzlZG6sb3Cq90yEcnDxRGSQ%3D%3D
564,2025_MES_729482_1,"[MAINT/ REPAIRS TO CERTAIN B/R WORK AT HANGERS, RUNWAY, ATC AND OTHER BLDGS OF AAU AREA UNDER AGE B/R-II AT GE JHANSI]",04-Sep-2025 06:00 PM,E-IN-C BRANCH - MILITARY ENGINEER SERVICES||CESC AND CE BHOPAL ZONE  - MES||CWE JHANSI - MES||GE JHANSI - MES,02-Oct-2025 06:00 PM,https://defproc.gov.in/nicgep/app?component=%24DirectLink&page=FrontEndLatestActiveCorrigendums&service=direct&session=T&sp=SlRQT2sU9p%2B29N3c6zsOEYQ%3D%3D
565,2025_IAF_730371_1,[PROCUREMENT OF HYPER AUTOMATED AI PLATFORM],11-Sep-2025 04:00 PM,Indian Air Force||VCAS NEW DELHI - IAF||ACAS (IT) - IAF||DTE OF IT - IAF,30-Sep-2025 11:00 AM,https://defproc.gov.in/nicgep/app?component=%24DirectLink&page=FrontEndLatestActiveCorrigendums&service=direct&session=T&sp=S3ysQJIM%2Bz3pryXv6Ibdyww%3D%3D
566,2025_MES_732849_1,"[CA NO GE(U)/CHM-58/2025-26 PROVN OF WATER PIPE LINE FROM WATER SOURCE I.E. VATIKA TANK TO RAINA STADIUM TO TFR TREATED WATER SPRINKLER SYSTEM AT RAINA STADIUM INCL STANDBY SUBMERSIBLE/ CENTRIFUGAL PUMPING SETS AT VEER SMRITI, VATIKA PUMP HOUSE ]",29-Sep-2025 10:00 AM,E-IN-C BRANCH - MILITARY ENGINEER SERVICES||CE WC AND CE CHANDIGARH ZONE - MES||CWE CHANDIMANDIR - MES||GE (U) CHANDIMANDIR - MES,21-Oct-2025 06:00 PM,https://etender.up.nic.in/nicgep/app?component=%24DirectLink_0&page=FrontEndAdvancedSearchResult&service=direct&session=T&sp=SC5eyD%2FhuVbPIp%2FqPPou4Dw%3D%3D
567,2025_ARMY_730926_1,[Purchase of Condiments through Price Agreement ],17-Sep-2025 12:00 PM,IHQ of MoD (Army)-(OSCC)||ARTRAC-IHQ of MoD (Army)-(OSCC)||AMC C and C-ARTRAC-IHQ of MoD (Army)-(OSCC),03-Oct-2025 12:00 PM,https://etender.up.nic.in/nicgep/app?component=%24DirectLink_0&page=FrontEndAdvancedSearchResult&service=direct&session=T&sp=SJjokAkyci31xdO2SMw5R%2Bw%3D%3D
568,2025_MES_727867_1,[138WE/L-164/2025-26],26-Aug-2025 03:00 PM,E-IN-C BRANCH - MILITARY ENGINEER SERVICES||CE NC AND CE LEH ZONE - MES||HQ 138 WORKS ENGR - MES,30-Sep-2025 06:00 PM,https://defproc.gov.in/nicgep/app?component=%24DirectLink&page=FrontEndLatestActiveCorrigendums&service=direct&session=T&sp=S9D5qCMr2jzIYEcN8KY9D6g%3D%3D
569,2025_MES_728318_1,"[REPAIRS AND ATTEND DAY TO DAY COMPLAINTS IN PAPNASH AND ANAND NAGAR MARRIED ACCN AND MAINTENANCE AND REPAIR TO INTERNAL ELECTRIFICATION, FITTING AND FIXTURES IN TECH AREA AT AFS BIDAR]",01-Sep-2025 06:30 PM,E-IN-C BRANCH - MILITARY ENGINEER SERVICES||CESC AND CE (AF) BANGALORE - MES||CWE (AF) SECUNDERABAD - MES||GE(AF)BIDAR - MES,29-Sep-2025 06:00 PM,https://defproc.gov.in/nicgep/app?component=%24DirectLink&page=FrontEndLatestActiveCorrigendums&service=direct&session=T&sp=StZPXkhr5du3DLsEsS%2Ft3KQ%3D%3D
570,2025_MES_730098_1,"[REPAIRS TO JOINERY, ROLLING SHUTTER AND CONNECTED WORKS  IN ZONE-I AREA AT INS CHILKA UNDER GE CHILKA ]",10-Sep-2025 09:00 AM,E-IN-C BRANCH - MILITARY ENGINEER SERVICES||CE EC AND CE (NAVY) VIZAG - MES||CWE (P) VISHAKHAPATNAM - MES||GE (P) CHILKA - MES,01-Oct-2025 06:00 PM,https://defproc.gov.in/nicgep/app?component=%24DirectLink&page=FrontEndLatestActiveCorrigendums&service=direct&session=T&sp=Sr3h1Ln8STKyQFv9WjRkiKQ%3D%3D
571,2025_MES_731625_1,"[GE/863/EWS-T-52 OF 2025-26 SPL REPAIR TO BLDG NO T-81(OTM)INCL TOILET, T-106 OF HQ 136(I) INF BDE C]",19-Sep-2025 05:00 PM,E-IN-C BRANCH - MILITARY ENGINEER SERVICES||CE CC AND CE BAREILLY ZONE - MES||CWE HILLS DEHRADUN -  MES||GE 863 EWS - MES,08-Oct-2025 06:00 PM,https://etender.up.nic.in/nicgep/app?component=%24DirectLink_0&page=FrontEndAdvancedSearchResult&service=direct&session=T&sp=SL7D%2FKpWHQyRPgCggj2DZjw%3D%3D
572,2025_MES_731453_1,[RENEWAL REPLACEMENT OF FURNITURE AGAINST SURVEYED OFF STEEL FURNITURE UNDER GE BRICHGUNJ SRI VIJAYA PURAM FOR THE QE MAR 2025],18-Sep-2025 06:00 PM,E-IN-C BRANCH - MILITARY ENGINEER SERVICES||CE SC AND CE (A and N) ZONE - MES||CWE No. 2 PORT BLAIR - MES,09-Oct-2025 06:00 PM,https://etender.up.nic.in/nicgep/app?component=%24DirectLink_0&page=FrontEndAdvancedSearchResult&service=direct&session=T&sp=SuEkW%2BvxioolU0WW9C%2Br%2BHg%3D%3D
573,2025_MES_729667_1,[REPAIR MAINTENANCE OF AREA DRAINAGE FOOTPATHS HARDSTANDING ETC AND MISC BR WORKS IN TECH AND RESIDENTIAL ACCN AT R AND DE E DIGHI PUNE 15],06-Sep-2025 03:00 PM,E-IN-C BRANCH - MILITARY ENGINEER SERVICES||ADG (OF and DRDO) AND CE (R and D) SECUNDERABAD - MES||GE (I) RND GIRINAGAR - MES,29-Sep-2025 06:00 PM,https://defproc.gov.in/nicgep/app?component=%24DirectLink&page=FrontEndLatestActiveCorrigendums&service=direct&session=T&sp=Sp%2FmRNixC%2BhbohH7s4RZj8g%3D%3D
574,2025_MES_722190_1,[RENEWAL OF STEEL FURNITURE ITEMS AGAINST SURVEYED OFF OUT OF MAINT GRANT FOR THE YEAR 2025-26 UNDER GE(AF) BAMRAULI],23-Jul-2025 06:00 PM,E-IN-C BRANCH - MILITARY ENGINEER SERVICES||CE CC AND CE (AF) ALLAHABAD - MES||CWE (AF) BAMRAULI ALLAHABAD - MES,03-Oct-2025 06:00 PM,https://defproc.gov.in/nicgep/app?component=%24DirectLink&page=FrontEndLatestActiveCorrigendums&service=direct&session=T&sp=SUNAZ%2B3OJ5DZLB%2Bny8zOzWw%3D%3D
575,2025_MES_731895_1,[SPL REPAIR OF BLDG NO PH 226 AT VIKRAM BATRA VIHAR AND CERTAIN OTHER SANCTIONED WORKS IN SUKNA MIL STN UNDER GE SUKNA],22-Sep-2025 06:00 PM,E-IN-C BRANCH - MILITARY ENGINEER SERVICES||CE EC AND CE SILIGURI ZONE - MES||CWE BENGDUBI - MES||GE SUKNA - MES,16-Oct-2025 06:00 PM,https://defproc.gov.in/nicgep/app?component=%24DirectLink&page=FrontEndLatestActiveCorrigendums&service=direct&session=T&sp=SgD4It%2Bp6H3FNaI0l2tJijQ%3D%3D
576,2025_MES_728742_1,[DAY TO DAY MAINTENANCE AND CERTAIN PETTY REPAIRS FOR OFFICERS MD ACCN AT ICGS VISAKHAPATNAM UNDER GE(I)(CG) VIZAG],01-Sep-2025 02:00 PM,E-IN-C BRANCH - MILITARY ENGINEER SERVICES||ADG (Projects) and CE (CG) Visakhapatnam - MES||AGE (I) (CG) Vizag - MES,29-Sep-2025 06:00 PM,https://defproc.gov.in/nicgep/app?component=%24DirectLink&page=FrontEndLatestActiveCorrigendums&service=direct&session=T&sp=SVMbL%2BxR3xh50tWJQCH67NA%3D%3D
577,2025_MES_716024_2,[REPAIR REPLACEMENT TO PIPELINES PUMPSETS PANELS DEVELOPMENT OF BOREWELLS CLEANING OF TANKS AND EARTHING AT WATER SUPPLY INSTALLATIONS AT PXE TECH AREA AND RESIDENTIAL AREA CHANDIPUR],06-Sep-2025 01:00 PM,E-IN-C BRANCH - MILITARY ENGINEER SERVICES||ADG (OF and DRDO)  AND CE (R and D) DELHI-  MES||GE(I) R and D Chandipur - MES,07-Oct-2025 06:00 PM,https://defproc.gov.in/nicgep/app?component=%24DirectLink&page=FrontEndLatestActiveCorrigendums&service=direct&session=T&sp=Swr0ZIUl89CdfwGkPIcuH4Q%3D%3D
578,2025_MES_726361_1,"[REPAIR TO COMPOUND WALL, FENCING, BARBED WIRE, GATE, GATE PILLARS, FOOTPATH, HARD STANDING AND MISC REPAIR WORK IN THE AREA OF          AGE B/R-III UNDER GE (WEST) JABALPUR]",18-Aug-2025 02:00 PM,E-IN-C BRANCH - MILITARY ENGINEER SERVICES||CE CC AND CE JABALPUR ZONE - MES||CWE JABALPUR - MES||GE (W) JABALPUR - MES,08-Oct-2025 06:00 PM,https://defproc.gov.in/nicgep/app?component=%24DirectLink&page=FrontEndLatestActiveCorrigendums&service=direct&session=T&sp=SEPXRdWCJtEtGJHvI3OfRpQ%3D%3D
579,2025_MES_726899_1,[REPAIRS OF ROAD AT INS DEGA UNDER AGE B/R-II OF GE (ND) VISAKHAPATNAM],20-Aug-2025 06:00 PM,E-IN-C BRANCH - MILITARY ENGINEER SERVICES||CE EC AND CE (NAVY) VIZAG - MES||CWE VISAKHAPATNAM - MES,29-Sep-2025 06:00 PM,https://defproc.gov.in/nicgep/app?component=%24DirectLink&page=FrontEndLatestActiveCorrigendums&service=direct&session=T&sp=So6UbehB1NTAj3i8PwfXpZw%3D%3D
580,2025_MES_729652_1,[AUGMENTATION OF 04 POLE 11 KV POWER SYSTEM INTO RMU FOR GOLF VIEW ENCLAVE AND SPL REPAIR/ REPLACEMENT OF HT  OVERHEAD CONDUCTOR INTO UG CABLES FROM MPH TO 9  PARA (SF) UNDER GE (UTILITIES) UDHAMPUR],06-Sep-2025 01:30 PM,E-IN-C BRANCH - MILITARY ENGINEER SERVICES||CE NC AND CE UDHAMPUR ZONE - MES||CWE UDHAMPUR - MES,06-Oct-2025 06:00 PM,https://defproc.gov.in/nicgep/app?component=%24DirectLink&page=FrontEndLatestActiveCorrigendums&service=direct&session=T&sp=S48jmfNgQ9Oz91vFNqGJBEQ%3D%3D
581,2025_MES_731197_1,[ADDITION AND ALTERATION OF RCMA (N) OFFICE BUILDING INCLUDING PROVISION OF STAND BY POWER SUPPLY SYSTEM RCMA (NASIK)],16-Sep-2025 03:30 PM,E-IN-C BRANCH - MILITARY ENGINEER SERVICES||CESC AND CE (AF) NAGPUR - MES||CWE (AF) NAGPUR - MES,14-Oct-2025 06:00 PM,https://etender.up.nic.in/nicgep/app?component=%24DirectLink_0&page=FrontEndAdvancedSearchResult&service=direct&session=T&sp=SX7c0DdaOR8ZrBRcyUs1A%2BQ%3D%3D
582,2025_MES_725558_2,[Repair/Maint of external water supply and allied works at Misa Camp under GE (S) Tezpur],11-Sep-2025 06:55 PM,E-IN-C BRANCH - MILITARY ENGINEER SERVICES||CE EC AND CE SILIGURI ZONE - MES||CWE TEZPUR - MES||GE (S) TEZPUR - MES,01-Oct-2025 06:00 PM,https://defproc.gov.in/nicgep/app?component=%24DirectLink&page=FrontEndLatestActiveCorrigendums&service=direct&session=T&sp=Sh2hBn0IK3kBkoYPUsNwbIg%3D%3D
583,2025_MES_731281_1,[PROVN OF HARDSTANDING FOR PARADE GRND AT 1 UP  GIRLS BN NCC AND SPECIAL REPAIR TO MAIN GATE AT AATS  UNDER GE (EAST) AGRA],17-Sep-2025 10:30 AM,E-IN-C BRANCH - MILITARY ENGINEER SERVICES||CE CC AND CE LUCKNOW ZONE - MES||CWE AGRA - MES||GE (E) AGRA - MES,08-Oct-2025 06:00 PM,https://etender.up.nic.in/nicgep/app?component=%24DirectLink_0&page=FrontEndAdvancedSearchResult&service=direct&session=T&sp=SJkuoq9KiuDp9%2FAtK7E5DyQ%3D%3D
584,2025_MES_727070_1,"[COMPREHENSIVE REPAIR/ MAINT OF BLDGS, CONNECTED PATH, TILING, FLOORING, PLINTH PROTECTION AND CERTAIN OTHER MISC REPAIR OF WORKS IN ABHM, ABHM ANNEXE, MD OFFRS ACCN AT SP MARG AND IHQ OF MOD TPT UNIT ASC UNDER GE NEW DELHI]",21-Aug-2025 06:00 PM,E-IN-C BRANCH - MILITARY ENGINEER SERVICES||CE WC and CE DELHI ZONE-MES||CWE NEW DELHI-MES,08-Oct-2025 06:00 PM,https://defproc.gov.in/nicgep/app?component=%24DirectLink&page=FrontEndLatestActiveCorrigendums&service=direct&session=T&sp=SAwzeSVgu5RTUWo%2F8gVcxLQ%3D%3D
585,2025_MES_730424_1,[SPECIAL REPAIR TO CONVERSION OF CI TO DI PIPE AND CONNECTED ITEM  FROM OVER HEAD RESERVOIR NO 2  TO  ALL CONNECTED AREA AT GANDHINAGAR MIL STATION],11-Sep-2025 06:00 PM,E-IN-C BRANCH - MILITARY ENGINEER SERVICES||CESC AND CE JODHPUR ZONE - MES||CWE AHMEDABAD - MES||GE GANDHINAGAR - MES,01-Oct-2025 06:00 PM,https://defproc.gov.in/nicgep/app?component=%24DirectLink&page=FrontEndLatestActiveCorrigendums&service=direct&session=T&sp=SUVFr9ukhzIJCrtljcX1oyA%3D%3D
586,2025_MES_729015_1,"[REPIARS TO ROADS ,BERMS AND ROAD FURNITURE WORKS UNDER  GE CHENNAI]",02-Sep-2025 05:25 PM,E-IN-C BRANCH - MILITARY ENGINEER SERVICES||CE SC AND CE CHENNAI ZONE  - MES||CWE CHENNAI - MES,30-Sep-2025 06:00 PM,https://defproc.gov.in/nicgep/app?component=%24DirectLink&page=FrontEndLatestActiveCorrigendums&service=direct&session=T&sp=S3G5EkDeQtwlyl82QD12xiw%3D%3D
587,2025_MES_732455_1,"[REPAIR/REPLACEMENT/MAINT OF STREET LIGHTS, FLOOD LIGHTS, TIMER SWITCHES, JUNCTION BOXES AND ITS ALLIED WORKS AT CHAKABAMA MIL STN UNDER AGE (I) ZAKHAMA]",24-Sep-2025 05:00 PM,E-IN-C BRANCH - MILITARY ENGINEER SERVICES||CE EC AND CE SHILLONG ZONE - MES||CWE HQ 137 WE - MES||AGE (I) Zakhama - MES,15-Oct-2025 06:55 PM,https://etender.up.nic.in/nicgep/app?component=%24DirectLink_0&page=FrontEndAdvancedSearchResult&service=direct&session=T&sp=SWloxuzpvxHzwyCUe6MUWmQ%3D%3D
588,2025_MES_731192_1,[SPECIAL REPAIRS REPLACEMENT OF CHEMICAL AND CONVENTIONAL EARTHING AT OTM ACCN AND CERTAIN OTHER REVENUE MINOR WORKS AT AFS TAMBARAM],16-Sep-2025 04:00 PM,E-IN-C BRANCH - MILITARY ENGINEER SERVICES||CESC AND CE (AF) BANGALORE - MES||CWE (AF) (NORTH) BANGALORE - MES||GE (AF) TAMBARAM - MES,07-Oct-2025 06:00 PM,https://etender.up.nic.in/nicgep/app?component=%24DirectLink_0&page=FrontEndAdvancedSearchResult&service=direct&session=T&sp=SU4suPpgwhOWRAcRyZEUaew%3D%3D
589,2025_MES_730618_1,"[SPECIAL REPAIR FOR REPLACEMENT OF OLD DEFECTIVE / LOW INSULATION PEELED OFF INTERNAL ELECTRICAL WIRING AT CERTAIN MD ACCN, CONNECTED DBS, CABLES AND EARTH PITS AND SPECIAL REPAIR FOR REPLACEMENT OF OLD VINTAGE CEILING FANS / VENTILATION FANS, WATER H]",13-Sep-2025 09:00 AM,E-IN-C BRANCH - MILITARY ENGINEER SERVICES||CE SC AND CE (A and N) ZONE - MES||CWE PORTBLAIR - MES||GE MINNIE BAY PORTBLAIR - MES,04-Oct-2025 06:00 PM,https://etender.up.nic.in/nicgep/app?component=%24DirectLink_0&page=FrontEndAdvancedSearchResult&service=direct&session=T&sp=SZO9w7ZEulHLcGpGhPQ9eiQ%3D%3D
590,2025_MES_714159_2,[PROVISION OF RAIN WATER HARVESTING PROJECT NEAR OTHER THAN MARRIED ACCOMODATION AND PROVN OF 04X500 LTR AND 06X200 LTR SOLAR OPERATED GEYSERS FOR OTM ACCN AT MIL STN JAISALMER],09-Sep-2025 12:00 PM,E-IN-C BRANCH - MILITARY ENGINEER SERVICES||CESC AND CE JODHPUR ZONE - MES||CWE JAISALMER - MES||GE (ARMY) JAISALMER - MES,01-Oct-2025 06:00 PM,https://defproc.gov.in/nicgep/app?component=%24DirectLink&page=FrontEndLatestActiveCorrigendums&service=direct&session=T&sp=S8Tc7kJ5BwN0DG6pBi%2FJTjg%3D%3D
591,2025_MES_730302_1,[CA NO. CWE/HILLS/RKT/82 OF 2025-2026 PROVN OF MULTI ACTIVITY CENTRE FOR JCOs/ OR AT CHAUBATIA],10-Sep-2025 06:45 PM,E-IN-C BRANCH - MILITARY ENGINEER SERVICES||CE CC AND CE BAREILLY ZONE - MES||CWE HILLS PITHORAGARH - MES,01-Oct-2025 06:00 PM,https://defproc.gov.in/nicgep/app?component=%24DirectLink&page=FrontEndLatestActiveCorrigendums&service=direct&session=T&sp=SW%2FzT6YlfmQw2omiBCj8oUg%3D%3D
592,2025_MES_730270_1,[REPAIR AND REPLACEMENT OF HT SWITCH GEAR SYSTEM  TWO   FOUR POLE STRUCTURE AND CONNECTED EXTERNAL ELECTRIFICATION NETWORK SYSTEM AT AIR FORCE AREA UNDER GE AVADI],10-Sep-2025 05:20 PM,E-IN-C BRANCH - MILITARY ENGINEER SERVICES||CE SC AND CE CHENNAI ZONE  - MES||CWE CHENNAI - MES,01-Oct-2025 06:00 PM,https://defproc.gov.in/nicgep/app?component=%24DirectLink&page=FrontEndLatestActiveCorrigendums&service=direct&session=T&sp=SXP6b%2BjEadRS9n6AMFC6cXw%3D%3D
593,2025_MES_731223_1,[PROVN OF UPGRADATION OF 01 X 250 KVA DISTRIBUTION TRANSFORMER AND ALLIED WORKS AT HSI UNDER GE(A) JAISALMER.                                                      (JOB No. 0427/LBW/08/25-26).],16-Sep-2025 06:00 PM,E-IN-C BRANCH - MILITARY ENGINEER SERVICES||CESC AND CE JODHPUR ZONE - MES||CWE JAISALMER - MES,07-Oct-2025 06:00 PM,https://defproc.gov.in/nicgep/app?component=%24DirectLink&page=FrontEndLatestActiveCorrigendums&service=direct&session=T&sp=SfjlTTJSt47UMKlhR6CLDeA%3D%3D
594,2025_MES_728720_1,"[SPECIAL REPAIRS TO BLDG NO VII , PORTION OF EMB HQ SINGLE LIVINGACCN INCLUDING ROOF TREATMENT, REPAIR OF TOILET WITH ALLIEDFACILITIES AND REPLACEMENT OF TIN SHEET AND PROVN OF VEHICLEPARKING SPACE GARAGES  SHED AT BLDG NO. P-57 AT SOL UNDER GE]",01-Sep-2025 03:00 PM,E-IN-C BRANCH - MILITARY ENGINEER SERVICES||CE SC AND CE CHENNAI ZONE  - MES||CWE CHENNAI - MES||GE CHENNAI - MES,29-Sep-2025 06:55 PM,https://defproc.gov.in/nicgep/app?component=%24DirectLink&page=FrontEndLatestActiveCorrigendums&service=direct&session=T&sp=SRYO%2FmS%2BnKc2yHbESrZ69Yw%3D%3D
595,2025_MES_727724_1,[IMPROVEMENT TO ELECTRICAL SYATEM AT AF STN GWALIOR],25-Aug-2025 06:00 PM,E-IN-C BRANCH - MILITARY ENGINEER SERVICES||CE CC AND CE (AF) ALLAHABAD - MES||CWE (AF) MAHARAJPUR - MES,30-Sep-2025 06:00 PM,https://defproc.gov.in/nicgep/app?component=%24DirectLink&page=FrontEndLatestActiveCorrigendums&service=direct&session=T&sp=SnoE6WL0b4i1UaQaLAE2hIw%3D%3D
596,2025_MES_727670_1,[REPAIRS TO EXISTING BITUMINOUS ROADS ALONG WITH ROAD FURNITURE IN THE AREA OF AGE B/R II UNDER GE (N) AHILYANAGAR],25-Aug-2025 06:00 PM,E-IN-C BRANCH - MILITARY ENGINEER SERVICES||CE SC AND CE PUNE ZONE - MES||CWE DEOLALI - MES,29-Sep-2025 06:00 PM,https://defproc.gov.in/nicgep/app?component=%24DirectLink&page=FrontEndLatestActiveCorrigendums&service=direct&session=T&sp=SVd%2BKzAq1cIm8hIp%2BhKQE1Q%3D%3D
597,2025_MES_722296_1,[PROVN OF ELECTRICAL INFRASTRUCTURE AT MCC AT AF STN BASANT NAGAR],22-Aug-2025 06:00 PM,E-IN-C BRANCH - MILITARY ENGINEER SERVICES||CE WC and CE(AF) WAC PALAM-MES,03-Oct-2025 06:00 PM,https://defproc.gov.in/nicgep/app?component=%24DirectLink&page=FrontEndLatestActiveCorrigendums&service=direct&session=T&sp=Sgd4%2FZdGW3TjeCrrLQ%2BYmaw%3D%3D
598,2025_MES_732076_1,[PERIODICAL SERVICES INCLUDING CAMOUFLAGE PAINTING TO CERTAIN BLDG AT AF STATION AND REPAIR TO JOINERY SANITARY FITTINGS PLUMBING ETC IN CERTAIN MD OTM ACCN AT AF STATION MISSAMARI UNDER GE MISSAMARI],22-Sep-2025 02:00 PM,E-IN-C BRANCH - MILITARY ENGINEER SERVICES||CE EC AND CE SILIGURI ZONE - MES||CWE TENGA - MES||GE MISSAMARI - MES,20-Oct-2025 06:00 PM,https://defproc.gov.in/nicgep/app?component=%24DirectLink&page=FrontEndLatestActiveCorrigendums&service=direct&session=T&sp=SH45n2NG7zhAeG25fJ6u8ag%3D%3D
599,2025_MES_720353_2,[CERTAIN B R REPAIR TO BLDG OF RESTRICTED AND UNRESTRICTED AREA OF SQAE A AND LPR QAE ME AND AQAW A OF DGQA UNITS UNDER GE P NO 1 JABALPUR],11-Sep-2025 06:00 PM,E-IN-C BRANCH - MILITARY ENGINEER SERVICES||CE CC AND CE JABALPUR ZONE - MES||CWE JABALPUR - MES||GE (P) JABALPUR - MES,03-Oct-2025 09:00 AM,https://defproc.gov.in/nicgep/app?component=%24DirectLink&page=FrontEndLatestActiveCorrigendums&service=direct&session=T&sp=SM8Td7tK%2BRmHkCJfRkoO5CA%3D%3D
600,2025_MES_719173_1,[PROVN OF 16 ORS LIVING ACCN ALONGWITH VERANDA NEAR HQ BTY AT GRTE  MIL STN UNDER GE BENGDUBI],08-Jul-2025 03:00 PM,E-IN-C BRANCH - MILITARY ENGINEER SERVICES||CE EC AND CE SILIGURI ZONE - MES||CWE BENGDUBI - MES,08-Oct-2025 06:00 PM,https://defproc.gov.in/nicgep/app?component=%24DirectLink&page=FrontEndLatestActiveCorrigendums&service=direct&session=T&sp=Sd14rE45txJ0NfxqFh0oupg%3D%3D
601,2025_MES_728839_1,[CWE/CHM-89/2025-26  SPECIAL REPAIR TO ROAD AT APS AT CHANDIMANDIR MIL STN],02-Sep-2025 03:00 PM,E-IN-C BRANCH - MILITARY ENGINEER SERVICES||CE WC AND CE CHANDIGARH ZONE - MES||CWE CHANDIMANDIR - MES,30-Sep-2025 06:00 PM,https://defproc.gov.in/nicgep/app?component=%24DirectLink&page=FrontEndLatestActiveCorrigendums&service=direct&session=T&sp=S7Alo1vsuoOPH3I%2BPsPNM5A%3D%3D
602,2025_MES_731018_1,[REPAIR MAINTENANCE OF CENTRAL AC PLANTS OF CAP 3 X 30 TR AT NBC LAB             3 X 11 TR AT LOGISTIC SECTION 2X25 TR AT  ARD 3 ETH 2X24 TR AT  ERG 3 ETH 2X7.5 TR AT  RECOIL SECTION AND 2X7.5 TR AT FVGCE  IN 505 ABW UNDER GE (U) PM DELHI CANTT-10],16-Sep-2025 01:00 PM,E-IN-C BRANCH - MILITARY ENGINEER SERVICES||CE WC and CE DELHI ZONE-MES||CWE (U) DELHI CANTT-MES||GE(U) P and M DELHI CNATT-MES,07-Oct-2025 06:00 PM,https://etender.up.nic.in/nicgep/app?component=%24DirectLink_0&page=FrontEndAdvancedSearchResult&service=direct&session=T&sp=SS8lcCyzZE2MwEaqphIkMkg%3D%3D
603,2025_MES_723954_2,[TERM CONTRACT FOR ARTIFICER WORKS IN AREA OF POCKET B INCLUDING MD ACCNS ON EAST SIDE OF LEHL MARG OF BR I SUB DIVN UNDER GE SOUTH BINNAGURI],17-Sep-2025 12:00 PM,E-IN-C BRANCH - MILITARY ENGINEER SERVICES||CE EC AND CE SILIGURI ZONE - MES||CWE BINNAGURI - MES||GE (S) BINNAGURI - MES,01-Oct-2025 06:00 PM,https://etender.up.nic.in/nicgep/app?component=%24DirectLink_0&page=FrontEndAdvancedSearchResult&service=direct&session=T&sp=S4yp16%2BALPkjdeOudJpy9kw%3D%3D
604,2025_MES_733095_1,"[REPAIR  MAINTENANCE AND RESTRINGING OF LT DISTRIBUTION OVER HEAD LINES, REPLACEMENT OF UNSERVICEABLE ACSR CONDUCTOR UNSV POLES, LT FEEDER PILLAR BOX, APFC PANEL VOLTAGE STABILIZERS, UG CABLE, EARTHINGS AND OTHER ALLIED MISC CONNECTED WORKS AT ASCONE ]",29-Sep-2025 09:00 AM,E-IN-C BRANCH - MILITARY ENGINEER SERVICES||CESC AND CE JODHPUR ZONE - MES||CWE JAISALMER - MES||GE (ARMY) BARMER - MES,20-Oct-2025 06:00 PM,https://etender.up.nic.in/nicgep/app?component=%24DirectLink_0&page=FrontEndAdvancedSearchResult&service=direct&session=T&sp=S4LD4OYxX38KfpWvMFgXEfA%3D%3D
605,2025_MES_729475_1,[TERM CONTRACT FOR ARTIFICERS WORK UNDER AGE BR II AT INS SHIVAJI LONAVLA],04-Sep-2025 05:45 PM,E-IN-C BRANCH - MILITARY ENGINEER SERVICES||CESC AND CE (NAVY) KOCHI - MES||GE (I) NAVY LONAWALA - MES,03-Oct-2025 06:00 PM,https://defproc.gov.in/nicgep/app?component=%24DirectLink&page=FrontEndLatestActiveCorrigendums&service=direct&session=T&sp=SCRHBATzgsFDBwerijR8Rag%3D%3D
606,2025_MES_730903_1,"[SPECIAL REPAIRS TO EXISTING DRAINAGE AND SEWAGE LINES WITH MANHOLE COVER SLAB AT RMS BANGALORE AND SPECIAL  REPAIR/ REPLACEMENT OF  MOTOR WITH PUMP SET  AGAINST BER AND CERTAIN PIPE LINES, LT PANELS AND OTHER CONNECTED ITEMS UNDER  GE (SOUTH) BANGALO]",15-Sep-2025 11:00 AM,E-IN-C BRANCH - MILITARY ENGINEER SERVICES||CE SC AND CE CHENNAI ZONE  - MES||CWE (ARMY) BANGALORE - MES||GE (SOUTH) BANGALORE - MES,08-Oct-2025 06:00 PM,https://defproc.gov.in/nicgep/app?component=%24DirectLink&page=FrontEndLatestActiveCorrigendums&service=direct&session=T&sp=S%2Bx0t2bVRcTaRAPiQXv9vRQ%3D%3D
607,2025_MES_730170_1,[SPECIAL REPAIR TO BLDG NO T 08 P 554 AND REPAIR TO ASBESTOS SHEET TO BLDG NO P 09 TO P 11 P 355 AND P 359 AT MIL STN GANDHINAGAR],10-Sep-2025 02:00 PM,E-IN-C BRANCH - MILITARY ENGINEER SERVICES||CESC AND CE JODHPUR ZONE - MES||CWE AHMEDABAD - MES||GE GANDHINAGAR - MES,30-Sep-2025 06:00 PM,https://etender.up.nic.in/nicgep/app?component=%24DirectLink_0&page=FrontEndAdvancedSearchResult&service=direct&session=T&sp=SAHLXajctDM4esYITccZymg%3D%3D
608,2025_MES_722724_2,"[CA NO. CWE/HILLS/EWS/69 OF 2025-2026 COMPREHENSIVE MAINT OF EXTERNAL WATER SUPPLY SYSTEM INCLUDING REPLACEMENT OF RUSTED/UNSERVICEABLE GI PIPE LINE AT RUDRA PRAYAG, GAUCHER AND NARENDRA NAGAR UNDER GE 871 EWS]",10-Sep-2025 12:50 PM,E-IN-C BRANCH - MILITARY ENGINEER SERVICES||CE CC AND CE BAREILLY ZONE - MES||CWE HILLS PITHORAGARH - MES,29-Sep-2025 06:00 PM,https://defproc.gov.in/nicgep/app?component=%24DirectLink&page=FrontEndLatestActiveCorrigendums&service=direct&session=T&sp=S5oxDIwJ5znRdrOTxbmRnUg%3D%3D
609,2025_MES_733192_1,"[SPL REPAIR TO BLDG NO GP-6,7,8,9,18,19,22,23,33,35 AND GP SECURITY AREA AND SPL REPAIR TO CONVERSION OF LT OVERHEAD LINE WITH  CABLE / FPB AND EARTHING AT DEPOT  AREA AT BENGDUBI MIL STN UNDER GE BENGDUBI]",29-Sep-2025 03:00 PM,E-IN-C BRANCH - MILITARY ENGINEER SERVICES||CE EC AND CE SILIGURI ZONE - MES||CWE BENGDUBI - MES,27-Oct-2025 06:00 PM,https://etender.up.nic.in/nicgep/app?component=%24DirectLink_0&page=FrontEndAdvancedSearchResult&service=direct&session=T&sp=SNyMAqiG2vnHDCPNRECJvVw%3D%3D
610,2025_MES_720296_1,[PROVN OF STANDBY TRANSFORMER OF CAPACITY 500 KVA AND ALLIED WORK SERVICES AT 7 AFH UNDER GE AF EM KANPUR],14-Jul-2025 05:00 PM,E-IN-C BRANCH - MILITARY ENGINEER SERVICES||CESC AND CE (AF) NAGPUR - MES||CWE (AF) CHAKERI - MES,01-Oct-2025 06:00 PM,https://defproc.gov.in/nicgep/app?component=%24DirectLink&page=FrontEndLatestActiveCorrigendums&service=direct&session=T&sp=Sq79z8yQxeqZBcS4WGQ4Dqw%3D%3D
611,2025_MES_730690_1,[REPAIR AND MAINT OF SEWAGE LINE IN NORTH ZONE AREA UNDER GE (NORTH) BINNAGURI],13-Sep-2025 09:00 AM,E-IN-C BRANCH - MILITARY ENGINEER SERVICES||CE EC AND CE SILIGURI ZONE - MES||CWE BINNAGURI - MES||GE (N) BINNAGURI - MES,06-Oct-2025 06:00 PM,https://etender.up.nic.in/nicgep/app?component=%24DirectLink_0&page=FrontEndAdvancedSearchResult&service=direct&session=T&sp=SHPx4krhes9nM2ZkJs4aryw%3D%3D
612,2025_MES_726269_2,"[SPECIAL REPAIR TO BLDG NO-522 STN MEDICARE CENTRE, PROVN OF LIGHTING AT AB POINT OF 16 SQN, TOWER AIR CONDITIONERS FOR ATC TOWER FLAME PROOF LIGHTS FOR WSA AND DSAs ALONGWITH ACS OF 2 TR CAPACITY FOR EQPT STORE AT AF STN BHUJ]",10-Sep-2025 06:40 PM,E-IN-C BRANCH - MILITARY ENGINEER SERVICES||CE SWC AND CE (AF) GANDHINAGAR - MES||CWE (AF) BHUJ - MES||GE(AF) BHUJ - MES,04-Oct-2025 06:00 PM,https://defproc.gov.in/nicgep/app?component=%24DirectLink&page=FrontEndLatestActiveCorrigendums&service=direct&session=T&sp=SNoA6XwH3bXbEGV%2B5DsJGJA%3D%3D
613,2025_MES_725946_1,[CONSTRUCTION OF ONE END RAMP  AT CLP],18-Aug-2025 12:00 PM,E-IN-C BRANCH - MILITARY ENGINEER SERVICES||CESC AND CE BHOPAL ZONE  - MES||CWE NAGPUR - MES||GE PULGAON - MES,08-Oct-2025 06:00 PM,https://defproc.gov.in/nicgep/app?component=%24DirectLink&page=FrontEndLatestActiveCorrigendums&service=direct&session=T&sp=Sr%2F1%2Bc1nksx7Korr%2FMq1sTA%3D%3D
614,2025_MES_728244_1,[REPAIR/ MAINT OF VARIOUS TYPES OF CHARPOY AND OTHER ASSOCIATED WORKS UNDER BSO IN GE (CENTRAL) KHADKI],28-Aug-2025 06:00 PM,E-IN-C BRANCH - MILITARY ENGINEER SERVICES||CE SC AND CE PUNE ZONE - MES||CWE KIRKEE - MES||GE (CENTRAL) KIRKEE - MES,29-Sep-2025 06:00 PM,https://defproc.gov.in/nicgep/app?component=%24DirectLink&page=FrontEndLatestActiveCorrigendums&service=direct&session=T&sp=SFZbXJvJkch1YCftOdbU8Jw%3D%3D
615,2025_MES_731708_1,"[REPAIR AND MAINTENANCE OF THE VARIOUS UNSV SPARE PARTS OF THE EOT CRANE, ALONGWITH LOAD TESTING OF THE CRANES AT AF STN BAREILLY]",19-Sep-2025 06:00 PM,E-IN-C BRANCH - MILITARY ENGINEER SERVICES||CE CC AND CE (AF) ALLAHABAD - MES||CWE (AF) IZATNAGAR - MES,08-Oct-2025 06:00 PM,https://etender.up.nic.in/nicgep/app?component=%24DirectLink_0&page=FrontEndAdvancedSearchResult&service=direct&session=T&sp=S2XG0TCv5Azvv1eceUeV4dQ%3D%3D
616,2025_MES_729710_1,"[PROVN OF VEHICLE PARKING SHED, CONVOY GROUND SHED INCLUDING ALLIED INFRA, VEHICLE PARKING SHED FOR 5/7.5 TON ALS AND RE-SURFACING OF HARDSTANDING IN THE AOR OF AGE B/R-III UNDER GE 969 EWS]",06-Sep-2025 06:00 PM,E-IN-C BRANCH - MILITARY ENGINEER SERVICES||CE NC AND CE 31 ZONE - MES||133 WORKS ENGINEER - MES,06-Oct-2025 06:00 PM,https://defproc.gov.in/nicgep/app?component=%24DirectLink&page=FrontEndLatestActiveCorrigendums&service=direct&session=T&sp=Svwv9muC3yCfWRRm%2FpyxSYA%3D%3D
617,2025_MES_721346_2,"[PERIODICAL SERVICES TO OTM BUILDINGS  AT AFS PUKPUI, LUNGLEI UNDER AGE (I) (AF) KUMBHIRGRAM]",10-Sep-2025 10:00 AM,E-IN-C BRANCH - MILITARY ENGINEER SERVICES||CE EC AND CE (AF) SHILLONG - MES||CWE (AF) BORJAR - MES||AGE (I) KUMBHIRGRAM - MES,02-Oct-2025 06:00 PM,https://defproc.gov.in/nicgep/app?component=%24DirectLink&page=FrontEndLatestActiveCorrigendums&service=direct&session=T&sp=SErqPd%2F2P%2FOlZOfE9bc50Uw%3D%3D
618,2025_MES_730531_1,"[GE/863/EWS-T-50 OF 2025-26 CERTAIN REPAIR TO DRAIN, FENCING, GATE, RETAINING WALL, COMPOUND WALL, T]",12-Sep-2025 06:00 PM,E-IN-C BRANCH - MILITARY ENGINEER SERVICES||CE CC AND CE BAREILLY ZONE - MES||CWE HILLS DEHRADUN -  MES||GE 863 EWS - MES,01-Oct-2025 06:00 PM,https://defproc.gov.in/nicgep/app?component=%24DirectLink&page=FrontEndLatestActiveCorrigendums&service=direct&session=T&sp=Sb%2F1ZyVx9Wl2QZ%2BuysCME3Q%3D%3D
619,2025_MES_729479_1,[ENGINEERING PROCUREMENT AND CONSTRUCTION EPC OF PROVN OF TECHNICAL BLDG AW SERVICES AT SHESHARTHANG LEH],04-Sep-2025 06:55 PM,E-IN-C BRANCH - MILITARY ENGINEER SERVICES||CE NC AND CE LEH ZONE - MES,03-Nov-2025 06:00 PM,https://defproc.gov.in/nicgep/app?component=%24DirectLink&page=FrontEndLatestActiveCorrigendums&service=direct&session=T&sp=Swz%2B70ZfFGJO54XqBjB04hg%3D%3D
620,2025_MES_728688_1,"[REPAIRS REWEAVING REPLACING OF UNSV NYLON NEWAR WITH PLYTOP OF CHARPOYS BEDS AT VAYUSENA NAGAR, NAGPUR]",01-Sep-2025 11:30 AM,E-IN-C BRANCH - MILITARY ENGINEER SERVICES||CESC AND CE (AF) NAGPUR - MES||CWE (AF) NAGPUR - MES||GE (AF) NAGPUR - MES,29-Sep-2025 06:00 PM,https://defproc.gov.in/nicgep/app?component=%24DirectLink&page=FrontEndLatestActiveCorrigendums&service=direct&session=T&sp=S71zx4ikaDFWHLaMX06kASQ%3D%3D
621,2025_MES_730812_1,[PROVN OF AIR CONDITIONING SYSTEM AT AF STN AGRA],13-Sep-2025 03:30 PM,E-IN-C BRANCH - MILITARY ENGINEER SERVICES||CE CC AND CE (AF) ALLAHABAD - MES||CWE (AF) KHERIA - MES,18-Oct-2025 06:00 PM,https://defproc.gov.in/nicgep/app?component=%24DirectLink&page=FrontEndLatestActiveCorrigendums&service=direct&session=T&sp=S1UrccwaUh8xouwtvWtbAUw%3D%3D
622,2025_MES_729657_1,"[PROVN OF MOVABLE BRIDGE ON RAILWAY TRACKES AT NAD (T), 50KVA DG SET AT NAVAL DET KALYAN AND SPECIAL REPAIR TO VALLEY GUTTER WITH CERTAIN MISC ITEMS IN SH 07, SH 08 FALSE CEILING IN SH 09 AT WED, MKD UNDER GE (NW) MANKHURD]",06-Sep-2025 02:00 PM,E-IN-C BRANCH - MILITARY ENGINEER SERVICES||CESC AND CE( NAVY )MUMBAI - MES||CWE (SUBURB) MUMBAI - MES||GE (NW) MANKHURD - MES,04-Oct-2025 06:00 PM,https://defproc.gov.in/nicgep/app?component=%24DirectLink&page=FrontEndLatestActiveCorrigendums&service=direct&session=T&sp=SGg0blk6HHBnBPRMtOu09UA%3D%3D
623,2025_MES_715071_2,"[REPAIRS TO ASHLAR MASONARY/ BASALT WALL CLADDING INCLUDING WATER PROOFING TREATMENT, PLUMBING ITEMS IN OTM ACCN AT ZONE C AREA AT NDA KHADAKWASLA]",10-Sep-2025 06:45 PM,E-IN-C BRANCH - MILITARY ENGINEER SERVICES||CE SC AND CE PUNE ZONE - MES||CWE PUNE - MES||GE KHADAKVASLA - MES,29-Sep-2025 06:00 PM,https://defproc.gov.in/nicgep/app?component=%24DirectLink&page=FrontEndLatestActiveCorrigendums&service=direct&session=T&sp=SezS2whenyJe7lVheccV1ow%3D%3D
624,2025_MES_730968_1,[PROVISION OF VOCATIONAL  LAB AT PM SHRI KENDRIYA VIDAYALAYA AYODHYA CANTT],15-Sep-2025 05:00 PM,E-IN-C BRANCH - MILITARY ENGINEER SERVICES||CE CC AND CE LUCKNOW ZONE - MES||CWE ALLAHABAD - MES||GE FAIZABAD - MES,06-Oct-2025 06:00 PM,https://defproc.gov.in/nicgep/app?component=%24DirectLink&page=FrontEndLatestActiveCorrigendums&service=direct&session=T&sp=ST4Vh8omATszeOwLXGk8sNw%3D%3D
625,2025_MES_729645_1,"[REPAIR/ MAINT TO FLOORING, PLUMBING, ROOF REPAIR IN TECH AREA AT AF STN PALAM UNDER GE (AF) PALAM, DELHI CANTT-10]",06-Sep-2025 06:00 PM,E-IN-C BRANCH - MILITARY ENGINEER SERVICES||CE WC and CE(AF) WAC PALAM-MES||CWE (AF) Palam-MES||GE (AF) North Palam-MES,04-Oct-2025 06:00 PM,https://defproc.gov.in/nicgep/app?component=%24DirectLink&page=FrontEndLatestActiveCorrigendums&service=direct&session=T&sp=SLB5UTltWIrAKU9M6Ugb0UQ%3D%3D
626,2025_MES_729078_1,[REPAIR AND RESURFACING TO CERTAIN ROAD AT 29 FAD AND ASHOKNAGAR MD ACCN UNDER GE DEHU RAOD ],08-Sep-2025 06:00 PM,E-IN-C BRANCH - MILITARY ENGINEER SERVICES||CE SC AND CE PUNE ZONE - MES||CWE (ARMY) MUMBAI - MES,04-Oct-2025 06:00 PM,https://defproc.gov.in/nicgep/app?component=%24DirectLink&page=FrontEndLatestActiveCorrigendums&service=direct&session=T&sp=S4uFsivIE6x25247FyrTvmg%3D%3D
627,2025_MES_729666_1,[REPAIR REPLACEMENT OF ROOF TREATMENT OF PMT BLDGS OF DOMESTIC AREA AT AF STN CHAKERI KANPUR],06-Sep-2025 03:00 PM,E-IN-C BRANCH - MILITARY ENGINEER SERVICES||CESC AND CE (AF) NAGPUR - MES||CWE (AF) CHAKERI - MES||GE B/R AF CHAKERI - MES,04-Oct-2025 06:00 PM,https://defproc.gov.in/nicgep/app?component=%24DirectLink&page=FrontEndLatestActiveCorrigendums&service=direct&session=T&sp=S122cUVHsBQMzis6H5YTIew%3D%3D
628,2025_MES_729925_1,[SPL REPAIR/MAINT TO JOINERY AND MISXC BR WORKS AT DOMESTIC AREA AND BILLETS AT 4 AFSB VARANASI UNDER GE AF GORAKHPUR],15-Sep-2025 06:00 PM,E-IN-C BRANCH - MILITARY ENGINEER SERVICES||CE CC AND CE (AF) ALLAHABAD - MES||CWE (AF) BAMRAULI ALLAHABAD - MES||GE (AF) GORAKHPUR,07-Oct-2025 06:00 PM,https://etender.up.nic.in/nicgep/app?component=%24DirectLink_0&page=FrontEndAdvancedSearchResult&service=direct&session=T&sp=SlEiZjDxmFwUnrphsthceSQ%3D%3D
629,2025_MES_725112_1,[PROVN OF MISCELLANEOUS WORKS FOR FIRING POINT II AT PXE CHANDIPUR UNDER GE (I) RnD CHANDIPUR],08-Aug-2025 05:00 PM,E-IN-C BRANCH - MILITARY ENGINEER SERVICES||ADG (OF and DRDO)  AND CE (R and D) DELHI-  MES,29-Sep-2025 06:00 PM,https://defproc.gov.in/nicgep/app?component=%24DirectLink&page=FrontEndLatestActiveCorrigendums&service=direct&session=T&sp=S5AZ7HOkEw1i%2FapmZRbRPoQ%3D%3D
630,2025_MES_731185_1,[SPECIAL REPAIR TO SEWAGE LINE AT MH PACHMARHI],16-Sep-2025 02:20 PM,E-IN-C BRANCH - MILITARY ENGINEER SERVICES||CE CC AND CE JABALPUR ZONE - MES||CWE JABALPUR - MES||AGE (I) PACHMARHI - MES,07-Oct-2025 06:00 PM,https://defproc.gov.in/nicgep/app?component=%24DirectLink&page=FrontEndLatestActiveCorrigendums&service=direct&session=T&sp=SreixrrN22lN6JboxFx4Z%2Fw%3D%3D
631,2025_MES_730943_1,[REPAIR/ SERVICING OF HOT WATER APPLIANCES INCLUDING CONNECTED WORKS UNDER AGE E/M-II UNDER GE(SOUTH) MEERUT CANTT],15-Sep-2025 06:00 PM,E-IN-C BRANCH - MILITARY ENGINEER SERVICES||CE CC AND CE BAREILLY ZONE - MES||CWE No 2 MEERUT - MES||GE (SOUTH) MEERUT - MES,06-Oct-2025 06:00 PM,https://defproc.gov.in/nicgep/app?component=%24DirectLink&page=FrontEndLatestActiveCorrigendums&service=direct&session=T&sp=SowBf0zaHgWysVgpLqVLPSA%3D%3D
632,2025_MES_731540_1,[SPL REPAIR TO BLDG NO P-01 AND P-01F AT NAA  UNDER GE (N) TEZPUR],18-Sep-2025 06:00 PM,E-IN-C BRANCH - MILITARY ENGINEER SERVICES||CE EC AND CE SILIGURI ZONE - MES||CWE TEZPUR - MES,09-Oct-2025 06:00 PM,https://etender.up.nic.in/nicgep/app?component=%24DirectLink_0&page=FrontEndAdvancedSearchResult&service=direct&session=T&sp=S%2BAebFILxzHYyrOWorXPRrg%3D%3D
633,2025_MES_729889_1,[SPECIAL REPAIRS TO ROAD FROM M-12 TO M-6 INSIDE AD AT FAD UNDER GE PANAGARH],09-Sep-2025 06:00 PM,E-IN-C BRANCH - MILITARY ENGINEER SERVICES||CE EC AND CE KOLKATA ZONE - MES||CWE PANAGARH - MES,08-Oct-2025 06:00 PM,https://defproc.gov.in/nicgep/app?component=%24DirectLink&page=FrontEndLatestActiveCorrigendums&service=direct&session=T&sp=SSC0b1xRZ%2Bn5TApppUfECnw%3D%3D
634,2025_MES_731131_1,[WELCOME MAINT MD ACCN PERIODICAL SERVICES AND PETTY REPAIR AND CERTAIN INTERNAL EM WORKS AT MD AND OTM ACCN AT R AND DE E DIGHI PUNE],16-Sep-2025 01:00 PM,E-IN-C BRANCH - MILITARY ENGINEER SERVICES||ADG (OF and DRDO) AND CE (R and D) SECUNDERABAD - MES||GE (I) RND GIRINAGAR - MES,09-Oct-2025 06:00 PM,https://etender.up.nic.in/nicgep/app?component=%24DirectLink_0&page=FrontEndAdvancedSearchResult&service=direct&session=T&sp=STnFcRQuZe1yJQc2m23jLsg%3D%3D
635,2025_MES_729306_1,[REPAIR/ REPLACEMENT OF UNSV SUMMER/ WINTER APPLIANCES AND OLD VINTAGE WIRING AND CONNETED WKS AT MIL STN KALUHAK UNDER GE KALUCHAK],04-Sep-2025 06:00 PM,E-IN-C BRANCH - MILITARY ENGINEER SERVICES||CE WC AND CE PATHANKOT ZONE - MES||CWE JAMMU - MES||GE KALUCHAK - MES,16-Oct-2025 06:00 PM,https://defproc.gov.in/nicgep/app?component=%24DirectLink&page=FrontEndLatestActiveCorrigendums&service=direct&session=T&sp=SaadXAm9mCe9%2FFKXBBewGVw%3D%3D
636,2025_MES_715341_2,[PROVN OF MISC B/R AND E/M WORKS AT CERTAIN UNIT OF KHASA AT AF STATION AMRITSAR],08-Sep-2025 02:00 PM,E-IN-C BRANCH - MILITARY ENGINEER SERVICES||CE WC and CE(AF) WAC PALAM-MES||CWE (AF) Chandigarh-MES,03-Oct-2025 06:00 PM,https://defproc.gov.in/nicgep/app?component=%24DirectLink&page=FrontEndLatestActiveCorrigendums&service=direct&session=T&sp=SfNXu2mJOSDtfbOmcqQ8gEA%3D%3D
637,2025_IAF_723156_1,[PROCUREMENT OF SPARES FOR MIRAGE AIRCRAFT],29-Jul-2025 05:00 PM,Indian Air Force||AOM NEW DELHI - IAF||ACAS (Procurement) - IAF||D Procurement - IAF,16-Oct-2025 03:00 PM,https://defproc.gov.in/nicgep/app?component=%24DirectLink&page=FrontEndLatestActiveCorrigendums&service=direct&session=T&sp=Sf0JnYzTPLvcRwoY0w5qaig%3D%3D
638,2025_MES_729616_1,"[CERTAIN B AND R REPAIR WORKS TO MD AND OTM ACCN AND RENEWAL AND CLEANING TO SEWAGE LINE, MANHOLE, REPAIR TO DRAIN, CULVERTS, FENCING AND MAINT OF FIRING RANGE AT AF STN SAMANA UNDER GE AF JAMNAGAR NO 1]",06-Sep-2025 06:00 PM,E-IN-C BRANCH - MILITARY ENGINEER SERVICES||CE SWC AND CE (AF) GANDHINAGAR - MES||CWE (AF) BHUJ - MES||GE (AF) JAMNAGAR - MES,04-Oct-2025 06:00 PM,https://defproc.gov.in/nicgep/app?component=%24DirectLink&page=FrontEndLatestActiveCorrigendums&service=direct&session=T&sp=SNgIJTX0vIriXOT3y4Z%2F0Lw%3D%3D
639,2025_MES_728829_1,[PROVN OF DRAINAGE SYSTEM AT BARRACKPORE MIL STN UNDER GE BARRACKPORE UNDER PARA 35 AND 38 OF DWP 2020],02-Sep-2025 09:00 AM,E-IN-C BRANCH - MILITARY ENGINEER SERVICES||CE EC AND CE KOLKATA ZONE - MES,17-Oct-2025 06:00 PM,https://defproc.gov.in/nicgep/app?component=%24DirectLink&page=FrontEndLatestActiveCorrigendums&service=direct&session=T&sp=S0FaRGrCO8eZsJttLZyokRA%3D%3D
640,2025_MES_732169_1,[REPAIRS TO INTERNAL WIRING INCLUDING FITTINGS FIXTURES LT LINE LT PANEL AND SECURITY LIGHT AT AF STN UNDER GE MISSAMARI],23-Sep-2025 09:00 AM,E-IN-C BRANCH - MILITARY ENGINEER SERVICES||CE EC AND CE SILIGURI ZONE - MES||CWE TENGA - MES||GE MISSAMARI - MES,20-Oct-2025 06:00 PM,https://defproc.gov.in/nicgep/app?component=%24DirectLink&page=FrontEndLatestActiveCorrigendums&service=direct&session=T&sp=SK%2F5ZBtpvhDCDNhNoe0Us%2Fg%3D%3D
641,2025_MES_730759_1,[REPAIR AND MAINTENANCE OF RAW WATER CHANNEL AND AVIATION LIGHTS/ LADDER ON OHTs WORK  CENTRIFUGAL/ MONOBLOCK/ SUBMERSIBLE AND ALLIED WATER SUPPLY WORK IN DOMESTIC SMQ AREA AT AF STN BHISIANA ],13-Sep-2025 06:00 PM,E-IN-C BRANCH - MILITARY ENGINEER SERVICES||CE WC and CE(AF) WAC PALAM-MES||CWE(AF) BHISIANA - MES||GE(AF) BHISIANA - MES,06-Oct-2025 06:00 PM,https://etender.up.nic.in/nicgep/app?component=%24DirectLink_0&page=FrontEndAdvancedSearchResult&service=direct&session=T&sp=SsfubncLMSnPg2LZpUlEIvg%3D%3D
642,2025_MES_728977_1,"[COMPREHENSIVE MAINT OF INTERNAL E/M ITEMS AT MD OFFR ACCN BAIRD PLACE, KOTWALI ROAD, CC HUT AND OTHER CONNECTED AREAS UNDER BAIRD PLACE SERVICE CENTRE UNDER GE (EAST) DELHI CANTT-10]",02-Sep-2025 06:00 PM,E-IN-C BRANCH - MILITARY ENGINEER SERVICES||CE WC and CE DELHI ZONE-MES||CWE DELHI CANTT-MES||GE (EAST) DELHI CANTT-MES,30-Sep-2025 06:00 PM,https://defproc.gov.in/nicgep/app?component=%24DirectLink&page=FrontEndLatestActiveCorrigendums&service=direct&session=T&sp=SwkGHjjg%2FbsPpzT1JZK23Iw%3D%3D
643,2025_MES_723151_2,[COMPREHENSIVE MAINTENANCE OF 2 MW SOLAR POWER PLANT AT NEW MIL STN KAPURTHALA UNDER GE KAPURTHALA],18-Sep-2025 06:00 PM,E-IN-C BRANCH - MILITARY ENGINEER SERVICES||CE WC AND CE JALANDHAR ZONE - MES||CWE JALANDHAR - MES,02-Oct-2025 06:00 PM,https://etender.up.nic.in/nicgep/app?component=%24DirectLink_0&page=FrontEndAdvancedSearchResult&service=direct&session=T&sp=SjbP4TLK5SLi2v%2Fm76fS6TQ%3D%3D
644,2025_MES_731674_1,[PROVN OF DEFICIENT CHEMICAL EARTHING PITS INCLUDING GEL BASED RECHARGER AND TOMOGRAPHIC SURVEY FOR HIGHLY SENSITIVE EQUIPMENT / PLANTS AT AF STN MOHANBARI],19-Sep-2025 12:00 PM,E-IN-C BRANCH - MILITARY ENGINEER SERVICES||CE EC AND CE (AF) SHILLONG - MES||CWE (AF) JORHAT - MES||GE (AF) MOHANBARI - MES,20-Oct-2025 06:00 PM,https://defproc.gov.in/nicgep/app?component=%24DirectLink&page=FrontEndLatestActiveCorrigendums&service=direct&session=T&sp=SsRnOB1e8hHaRT77%2FARcyTw%3D%3D
645,2025_MES_731442_1,[ADDN/ ALTN/ OF TOILETS AT WORK PLACES FOR AGNIVEER VAYU (WOMEN) AT AF STN MEMAURA],18-Sep-2025 06:00 PM,E-IN-C BRANCH - MILITARY ENGINEER SERVICES||CE CC AND CE (AF) ALLAHABAD - MES||CWE (AF) IZATNAGAR - MES,07-Oct-2025 06:00 PM,https://etender.up.nic.in/nicgep/app?component=%24DirectLink_0&page=FrontEndAdvancedSearchResult&service=direct&session=T&sp=Sf72REglUwKz8WAQhVcH2OQ%3D%3D
646,2025_MES_731972_1,"[PROVN OF DEFICIENT INFRASTRUCTURE FOR COMMISSIONING OF AWS AT AFS PUNE AND SPECIAL REPAIRS TO INTERNAL WIRING, REPLACEMENT OF FITTING,FIXTURE AND CABLES AT KV-01 AFS PUNE ]",20-Sep-2025 05:30 PM,E-IN-C BRANCH - MILITARY ENGINEER SERVICES||CE SWC AND CE (AF) GANDHINAGAR - MES||CWE (AF) LOHOGAON - MES||GE (AF) LOHOGAON - MES,09-Oct-2025 06:00 PM,https://etender.up.nic.in/nicgep/app?component=%24DirectLink_0&page=FrontEndAdvancedSearchResult&service=direct&session=T&sp=SMvN%2BwZOqcsoAq14JUKKOuQ%3D%3D
647,2025_MES_731239_1,"[REAPIR/MAINT OF INCINETORS, FIRE FIGHTING SYS, FIRE  ALARM SYS AND CONNECTED ITEMS AT AFS PHALODI.]",16-Sep-2025 06:55 PM,E-IN-C BRANCH - MILITARY ENGINEER SERVICES||CE SWC AND CE (AF) GANDHINAGAR - MES||CWE (AF) JODHPUR - MES||GE (AF) PHALODI - MES,07-Oct-2025 06:00 PM,https://etender.up.nic.in/nicgep/app?component=%24DirectLink_0&page=FrontEndAdvancedSearchResult&service=direct&session=T&sp=SXPtQgtirdhAM%2B94JbwsTrg%3D%3D
648,2025_MES_731814_1,"[GE/BAS-68/2025-26 Special Repair to Building No P-45 and Provn of Path, Security Light and Desert Cooler at Basoli under GE Basoli]",19-Sep-2025 05:40 PM,E-IN-C BRANCH - MILITARY ENGINEER SERVICES||CE WC AND CE PATHANKOT ZONE - MES||CWE PATHANKOT - MES||GE BASOLI - MES,10-Oct-2025 06:00 PM,https://etender.up.nic.in/nicgep/app?component=%24DirectLink_0&page=FrontEndAdvancedSearchResult&service=direct&session=T&sp=SSiS7wjL2oaP8t3%2FknWImSA%3D%3D
649,2025_MES_697855_3,[CA NO CE CHZ/AMB/T-17/2024-25 PROVN OF KLP ACCN PH-II AT AMBALA CANTT 	],11-Jun-2025 06:00 PM,E-IN-C BRANCH - MILITARY ENGINEER SERVICES||CE WC AND CE CHANDIGARH ZONE - MES,11-Oct-2025 06:00 PM,https://defproc.gov.in/nicgep/app?component=%24DirectLink&page=FrontEndLatestActiveCorrigendums&service=direct&session=T&sp=SJAd47zNwj6UUIgy9Xl3RYw%3D%3D
650,2025_MES_729525_1,"[REPAIR TO FENCING, COMPOUND WALL, PATHS, HARD STANDING AND CONNECTED B/R WORK IN THE AOR OF AGE B/R-I UNDER GE (A) SURATGARH AT SURATGARH MIL STN]",04-Sep-2025 06:55 PM,E-IN-C BRANCH - MILITARY ENGINEER SERVICES||CE SWC AND CE BATHINDA ZONE - MES||CWE BIKANER - MES||GE (ARMY) SURATGARH - MES,04-Oct-2025 06:00 PM,https://defproc.gov.in/nicgep/app?component=%24DirectLink&page=FrontEndLatestActiveCorrigendums&service=direct&session=T&sp=S%2FsV6spUVV9P2zQ%2FoXuj%2FQw%3D%3D
651,2025_MES_730571_1,[REPAIR TO ROOF AND OTHER B/R WORKS AND INTERNAL WIRING IN VAYU VIHAR AT AF STN ADAMPUR],12-Sep-2025 04:00 PM,E-IN-C BRANCH - MILITARY ENGINEER SERVICES||CE WC and CE(AF) WAC PALAM-MES||CWE (AF) Chandigarh-MES||GE (AF) Adampur-MES,02-Oct-2025 06:00 PM,https://defproc.gov.in/nicgep/app?component=%24DirectLink&page=FrontEndLatestActiveCorrigendums&service=direct&session=T&sp=SsowdsmAlT%2B0PMg%2FZa1%2BKnQ%3D%3D
652,2025_MES_726796_1,"[REPAIR/MAINT OF LT PANELS, FEEDER PILLAR BOXES, JUNCTION BOXED, MCCBs TO BUILDINGS AND CONNECTED ITEMS IN ZONE A, B AND C TECH AREA UNDER GE (AF) TECH AREA AGRA]",04-Sep-2025 04:00 PM,E-IN-C BRANCH - MILITARY ENGINEER SERVICES||CE CC AND CE (AF) ALLAHABAD - MES||CWE (AF) KHERIA - MES||GE (AF) TECH AREA KHERIA - MES,03-Oct-2025 06:00 PM,https://defproc.gov.in/nicgep/app?component=%24DirectLink&page=FrontEndLatestActiveCorrigendums&service=direct&session=T&sp=ShUpTwRWTZbW9JZ1c2fcQ%2FQ%3D%3D
653,2025_MES_721175_1,[Provn of Mechanical Laundary Plant with Allied Works at MH Ranikhet],19-Jul-2025 01:00 PM,E-IN-C BRANCH - MILITARY ENGINEER SERVICES||CE CC AND CE BAREILLY ZONE - MES,30-Sep-2025 06:00 PM,https://defproc.gov.in/nicgep/app?component=%24DirectLink&page=FrontEndLatestActiveCorrigendums&service=direct&session=T&sp=SweMixm6gA3rfAEGLJ7rLNw%3D%3D
654,2025_MES_728903_1,[REPAIR MAINTENANCE OF CENTRAL HEATING PLANTS AND CONNECTED ITEMS AT 21 WING AF STN LEH],02-Sep-2025 01:00 PM,E-IN-C BRANCH - MILITARY ENGINEER SERVICES||CE NC AND CE (AF) UDHAMPUR - MES||CWE (AF) Leh - MES||GE (AF) Leh- CWE (AF) Leh - MES,30-Sep-2025 06:00 PM,https://defproc.gov.in/nicgep/app?component=%24DirectLink&page=FrontEndLatestActiveCorrigendums&service=direct&session=T&sp=SvdMqHCYHsdp1GAqC7G6VFQ%3D%3D
655,2025_MES_708416_2,"[REPAIR/MAINT TO PU FLOORING, BIRD PROOFING, MONKEY PROOFING AND OTHER ALLIED SERVICES TO HANGERS OF AF STATION UNDER AGE B/R OF GE (AF) TECH AREA AGRA]",10-Sep-2025 09:00 AM,E-IN-C BRANCH - MILITARY ENGINEER SERVICES||CE CC AND CE (AF) ALLAHABAD - MES||CWE (AF) KHERIA - MES||GE (AF) TECH AREA KHERIA - MES,01-Oct-2025 06:00 PM,https://defproc.gov.in/nicgep/app?component=%24DirectLink&page=FrontEndLatestActiveCorrigendums&service=direct&session=T&sp=SXljQVF%2BgKjKD7zwZV21LhA%3D%3D
656,2025_IAF_727997_1,[PROCUREMENT OF SPARES FOR RAFALE AIRCRAFT],27-Aug-2025 05:00 PM,Indian Air Force||AOM NEW DELHI - IAF||ACAS (Procurement) - IAF||D Procurement - IAF,21-Oct-2025 03:00 PM,https://defproc.gov.in/nicgep/app?component=%24DirectLink&page=FrontEndLatestActiveCorrigendums&service=direct&session=T&sp=SXbQQqjVhaLm98AkKYGQ6PQ%3D%3D
657,2025_MES_728696_1,[PROVN OF GUARD ROOM AT BHOSARI MAIN PUMP HOUSE AT CME],01-Sep-2025 11:25 AM,E-IN-C BRANCH - MILITARY ENGINEER SERVICES||CE SC AND CE PUNE ZONE - MES||CWE KIRKEE - MES||GE (CME) KIRKEE - MES,29-Sep-2025 06:00 PM,https://defproc.gov.in/nicgep/app?component=%24DirectLink&page=FrontEndLatestActiveCorrigendums&service=direct&session=T&sp=SZ5LSvYTkKttjBL2ieMUdEw%3D%3D
658,2025_MES_729596_1,"[LOWERING, LIFTING AND REPAIRING OF PUMPING SETS, MOTOR STARTER PANEL AND CONNECTED WORKS AND MAINTENANCE OF UNSERVICEABLE DISTRIBUTION WATER SUPPLY PIPE LINES, SLUICE VALVE, GATE VALVE, CHAMBERS IN SOUTHERN SECTOR AND ABHERA AT MIL STN KOTA]",06-Sep-2025 01:00 PM,E-IN-C BRANCH - MILITARY ENGINEER SERVICES||CE SWC AND CE JAIPUR JAIPUR - MES||CWE KOTA - MES||GE KOTA - MES,03-Oct-2025 06:00 PM,https://defproc.gov.in/nicgep/app?component=%24DirectLink&page=FrontEndLatestActiveCorrigendums&service=direct&session=T&sp=SeK9G%2BNGt0BHNJOtzsJ2VHw%3D%3D
659,2025_MES_730337_1,[REPAIR TO ROOF CEILING JOINERY AND SANITARY FITTING IN DEFENCE CIVILIAN MD ACCN UNDER AGE BR II UNDER GE DINJAN],11-Sep-2025 01:00 PM,E-IN-C BRANCH - MILITARY ENGINEER SERVICES||CE EC AND CE SHILLONG ZONE - MES||CWE Dinjan - MES,04-Oct-2025 06:00 PM,https://defproc.gov.in/nicgep/app?component=%24DirectLink&page=FrontEndLatestActiveCorrigendums&service=direct&session=T&sp=ShfOnu580YWK2%2Bw63PDqoOw%3D%3D
660,2025_MES_730591_1,[ADDN/ALTN AND SPL REPAIRS TO  DUTY STAFF QUARTERS AT AT DMDE OFFICERS MESS],12-Sep-2025 06:00 PM,E-IN-C BRANCH - MILITARY ENGINEER SERVICES||ADG (OF and DRDO) AND CE (R and D) SECUNDERABAD - MES||GE (I) RND KANCHANBAGH - MES,01-Oct-2025 06:00 PM,https://etender.up.nic.in/nicgep/app?component=%24DirectLink_0&page=FrontEndAdvancedSearchResult&service=direct&session=T&sp=SNWzylyp1TgF%2FIUKmHb2Lnw%3D%3D
661,2025_MES_727610_1,"[REPAIR/MAINT/IMPV OF WATER SUPPLY INSTALLATIONS, BLDG, STORAGE TANKS, DISTRIBUTION MAINS AND ALLIED WORK AT JALAPAHAR, TA, BOGRA AREA UNDER AGE (I) DARJEELING]",25-Aug-2025 09:00 AM,E-IN-C BRANCH - MILITARY ENGINEER SERVICES||CE EC AND CE SILIGURI ZONE - MES||HQ 136 WORKS ENGINEERS - MES||AGE (I) DARJEELING - MES,30-Sep-2025 06:00 PM,https://defproc.gov.in/nicgep/app?component=%24DirectLink&page=FrontEndLatestActiveCorrigendums&service=direct&session=T&sp=S%2FOv4ZoP4bMSc9QnPYSgXBw%3D%3D
662,2025_MES_723941_2,[PROVN OF JCOs LIVING WITH ATT BATHROOM INB 330 FD REGT UNDER GE DINJAN],09-Sep-2025 12:00 PM,E-IN-C BRANCH - MILITARY ENGINEER SERVICES||CE EC AND CE SHILLONG ZONE - MES||CWE Dinjan - MES,29-Sep-2025 06:00 PM,https://defproc.gov.in/nicgep/app?component=%24DirectLink&page=FrontEndLatestActiveCorrigendums&service=direct&session=T&sp=So6Xcw9vWIiGrsWI8BSDJzQ%3D%3D
663,2025_MES_722377_2,[REPAIR / REPLACEMENT OF CORRODED WATER PIPE LINE ALONGWITH ALLIED WORKS AT EAST AREA OF GARRISON UNDER AGE E/M OF  GE (WEST) AGRA.],16-Sep-2025 12:00 PM,E-IN-C BRANCH - MILITARY ENGINEER SERVICES||CE CC AND CE LUCKNOW ZONE - MES||CWE AGRA - MES||GE (W) AGRA - MES,06-Oct-2025 06:00 PM,https://etender.up.nic.in/nicgep/app?component=%24DirectLink_0&page=FrontEndAdvancedSearchResult&service=direct&session=T&sp=Shr6BA8Z1of1gdZVPhrQzwA%3D%3D
664,2025_MES_729722_1,[SPECIAL REPAIR TO MD ACCN NO. P-25 AND P-27 (12 x QTRS EACH ) AT RWA RANJIT ENCLAVE AGAINST JOB NO. 81SA/BTD/SR(BLDG)-02/2025-2026 UNDER GE (SOUTH) BATHINDA AT BATHINDA MIL STN],06-Sep-2025 06:00 PM,E-IN-C BRANCH - MILITARY ENGINEER SERVICES||CE SWC AND CE BATHINDA ZONE - MES||CWE BATHINDA - MES,11-Oct-2025 06:00 PM,https://defproc.gov.in/nicgep/app?component=%24DirectLink&page=FrontEndLatestActiveCorrigendums&service=direct&session=T&sp=SAzVcspp%2Fq%2BNxbm7eAZZqLA%3D%3D
665,2025_MES_715091_2,[SPL REPAIR TO KITCHEN NO 1 AT CADETS MESS AT NDA KHADAKWASLA],10-Sep-2025 06:50 PM,E-IN-C BRANCH - MILITARY ENGINEER SERVICES||CE SC AND CE PUNE ZONE - MES||CWE PUNE - MES||GE KHADAKVASLA - MES,01-Oct-2025 06:00 PM,https://defproc.gov.in/nicgep/app?component=%24DirectLink&page=FrontEndLatestActiveCorrigendums&service=direct&session=T&sp=S5haYIvNK15eZ0wVnIVqx6A%3D%3D
666,2025_MES_728709_1,[PROVISION OF 30 KVA INDEPENDENT POWER SUPPLY FROM KSEB AT KASARGOD AT AF STN CHIMNEY HILLS SPL WORK UNDER GE AF TRIVANDRUM],01-Sep-2025 12:30 PM,E-IN-C BRANCH - MILITARY ENGINEER SERVICES||CESC AND CE (AF) BANGALORE - MES||CWE (AF) TRIVANDRUM - MES||GE(AF)TRIVANDRUM - MES,29-Sep-2025 06:00 PM,https://defproc.gov.in/nicgep/app?component=%24DirectLink&page=FrontEndLatestActiveCorrigendums&service=direct&session=T&sp=SFKV6Zd%2FEKXzmdZFAJ8wHYg%3D%3D
667,2025_MES_719471_1,"[PROVISION OF SINGLE LIVING ACCOMODATION, COOK HOUSE, DINING HALL AND SCOOTER SHED FOR AIRMEN AT AFS PANAGARH]",09-Jul-2025 04:15 PM,E-IN-C BRANCH - MILITARY ENGINEER SERVICES||CE EC AND CE (AF) SHILLONG - MES,13-Oct-2025 06:00 PM,https://defproc.gov.in/nicgep/app?component=%24DirectLink&page=FrontEndLatestActiveCorrigendums&service=direct&session=T&sp=S2svRTHeQqq9xvqHu4Ey1kg%3D%3D
668,2025_MES_729212_1,"[REPAIR/ MAINTENANCE OF EXTERNAL WATER SUPPLY, SEWAGE, INCINERATOR INSTALLATIONS, FORCED VENTILATION, AIR WASHERS, RO PLANT OF CAPACITY 3000 LPH AND OTHER ALLIED WORKS AT MBC (RESTRICTED AREA) UNDER GE (SOUTH WEST) NEW DELHI-03]",15-Sep-2025 06:50 PM,E-IN-C BRANCH - MILITARY ENGINEER SERVICES||CE WC and CE DELHI ZONE-MES||CWE (P) DELHI CANTT-MES,06-Oct-2025 06:00 PM,https://etender.up.nic.in/nicgep/app?component=%24DirectLink_0&page=FrontEndAdvancedSearchResult&service=direct&session=T&sp=SR6bwYtZXjaahQtEJSsHCAA%3D%3D
669,2025_MES_730389_1,[REPAIR / MAINT/ PAINTING OF ALL TYPES OF MAP FURNITURE UNDER BSO (EAST) OF  GE (EAST) JABALPUR ],11-Sep-2025 05:00 PM,E-IN-C BRANCH - MILITARY ENGINEER SERVICES||CE CC AND CE JABALPUR ZONE - MES||CWE JABALPUR - MES||GE (E) JABALPUR - MES,01-Oct-2025 06:00 PM,https://defproc.gov.in/nicgep/app?component=%24DirectLink&page=FrontEndLatestActiveCorrigendums&service=direct&session=T&sp=SXYDnoNmPrrBBtfUEvsx8fg%3D%3D
670,2025_MES_729045_1,[CLEANING AND REPAIR OF WATER STORAGE TANKS IN MD AND OTM ACCN AT NORTH OF RAILWAY LINE UNDER GE MISSAMARI],02-Sep-2025 06:30 PM,E-IN-C BRANCH - MILITARY ENGINEER SERVICES||CE EC AND CE SILIGURI ZONE - MES||CWE TENGA - MES||GE MISSAMARI - MES,30-Sep-2025 06:00 PM,https://defproc.gov.in/nicgep/app?component=%24DirectLink&page=FrontEndLatestActiveCorrigendums&service=direct&session=T&sp=SIKOhlu0IeU4PZCCXyB6KaA%3D%3D
671,2025_BRO_726239_1,"[SSI, Design, Drawing, Supply and Erection of 01x Prefabricated shed for Multipurpose Hall AndSSI, Design,Drawing and Construction of 01 x Pre Engineered Double Storied Building under 24 BRTF at HQ CE(P) Pushpak in Aizawl]",15-Aug-2025 10:00 AM,Dte General Border Roads Organisation||HQ CE(P) Phuspak(Aizawal) - BRO,15-Oct-2025 06:00 PM,https://defproc.gov.in/nicgep/app?component=%24DirectLink&page=FrontEndLatestActiveCorrigendums&service=direct&session=T&sp=SgVVTOlXrira0XxZhw9MTsA%3D%3D
672,2025_MES_732100_1,"[SPL REPAIR/ REPLACEMENT OF UG LT CABLE AND CONNETED MISC WORK ALONGWITH OUTER FENCNG, GD POSTS AND PROVN OF 36 X FLOOD FIGHTS UNDER GE KALUCHAK]",22-Sep-2025 06:00 PM,E-IN-C BRANCH - MILITARY ENGINEER SERVICES||CE WC AND CE PATHANKOT ZONE - MES||CWE JAMMU - MES||GE KALUCHAK - MES,14-Oct-2025 06:00 PM,https://etender.up.nic.in/nicgep/app?component=%24DirectLink_0&page=FrontEndAdvancedSearchResult&service=direct&session=T&sp=SCWYy7hACCe8TQArnHGvVgA%3D%3D
673,2025_MES_731029_1,[SPL REPAIR TO BLOCK NO 30 (08 X QTRS) OF DEF CIV MD ACCN AT RP COLONY UNDER GE (W) AGRA],16-Sep-2025 12:30 PM,E-IN-C BRANCH - MILITARY ENGINEER SERVICES||CE CC AND CE LUCKNOW ZONE - MES||CWE AGRA - MES||GE (W) AGRA - MES,06-Oct-2025 06:00 PM,https://etender.up.nic.in/nicgep/app?component=%24DirectLink_0&page=FrontEndAdvancedSearchResult&service=direct&session=T&sp=SQC8xBsrzRcGBxu2BRozL%2Bw%3D%3D
674,2025_MES_731134_1,[REPAIR TO INTERNAL ROAD INCLUDING ROAD FURNITURE  IN THE AREA OF AGE B/R-III  UNDER  GE (WEST) JABALPUR],16-Sep-2025 05:00 PM,E-IN-C BRANCH - MILITARY ENGINEER SERVICES||CE CC AND CE JABALPUR ZONE - MES||CWE JABALPUR - MES,15-Oct-2025 06:00 PM,https://etender.up.nic.in/nicgep/app?component=%24DirectLink_0&page=FrontEndAdvancedSearchResult&service=direct&session=T&sp=SQYrQfjkDEQBXf7C2FLW7vA%3D%3D
675,2025_MES_729225_1,[PERIODICAL SERVICES TO CERTAIN BUILDINGS OF AREA D AT NAVAL DOCKYARD VISAKHAPATNAM UNDER GE(I) DM VISAKHAPATNAM],03-Sep-2025 06:00 PM,E-IN-C BRANCH - MILITARY ENGINEER SERVICES||CE EC AND CE (NAVY) VIZAG - MES||GE (I) (DM) VISAKHAPATNAM - MES||GE I DM VIZAG - MES,01-Oct-2025 06:00 PM,https://defproc.gov.in/nicgep/app?component=%24DirectLink&page=FrontEndLatestActiveCorrigendums&service=direct&session=T&sp=STZWbHtOEbHOLFyKDBL%2BrFw%3D%3D
676,2025_MES_732062_1,[CA NO. GE/CHM-91/2025-2026  PROVN OF TOILET BLOCK AT INFANTRY BN AT CHANDIMANDIR MIL STN],22-Sep-2025 06:00 PM,E-IN-C BRANCH - MILITARY ENGINEER SERVICES||CE WC AND CE CHANDIGARH ZONE - MES||CWE CHANDIMANDIR - MES||GE CHANDIMANDIR - MES,14-Oct-2025 06:00 PM,https://etender.up.nic.in/nicgep/app?component=%24DirectLink_0&page=FrontEndAdvancedSearchResult&service=direct&session=T&sp=SZ6vGJyDQ3m3%2BWn%2F3aW1Jsw%3D%3D
677,2025_MES_728818_1,[IN HOUSE SITE DEVELOPMENT FOR PRECISION LABORATORY AT P 170 FUTURISTIC TECHNOLOGY CENTER RPL COMPLEX NEMELY DESIGN AND DEVELOPMENT OF ULTRAFAST FIBER LASER FOR THZ GENERATION AND DETECTION DIAT DU GIRINAGAR PUNE],01-Sep-2025 06:00 PM,E-IN-C BRANCH - MILITARY ENGINEER SERVICES||ADG (OF and DRDO) AND CE (R and D) SECUNDERABAD - MES||GE (I) RND GIRINAGAR - MES,30-Sep-2025 06:00 PM,https://defproc.gov.in/nicgep/app?component=%24DirectLink&page=FrontEndLatestActiveCorrigendums&service=direct&session=T&sp=SU%2BZcrWbsl9kbKmTo6g45rA%3D%3D
678,2025_MES_729347_1,"[Repair/Maintenance and Replacement of DI, GI, PPR Pipe lines, Centrifugal, Submersible Pumps, RO Plant and its connected items of Salaria Officers Enclave under GE (West) Delhi Cantt-10]",04-Sep-2025 03:00 PM,E-IN-C BRANCH - MILITARY ENGINEER SERVICES||CE WC and CE DELHI ZONE-MES||CWE (P) DELHI CANTT-MES,02-Oct-2025 06:00 PM,https://defproc.gov.in/nicgep/app?component=%24DirectLink&page=FrontEndLatestActiveCorrigendums&service=direct&session=T&sp=SlO8%2BlsKC%2B3mnmsW9J5nRoQ%3D%3D
679,2025_MES_724190_2,"[SPL REPAIR TO INTERNAL BITUMINOUS ROAD AT 4021 FD HOSP, BAIRAGARH UNDER GE BHOPAL]",11-Sep-2025 01:15 PM,E-IN-C BRANCH - MILITARY ENGINEER SERVICES||CESC AND CE BHOPAL ZONE  - MES||CWE BHOPAL - MES,30-Sep-2025 06:00 PM,https://defproc.gov.in/nicgep/app?component=%24DirectLink&page=FrontEndLatestActiveCorrigendums&service=direct&session=T&sp=Sif9xxRi6jIXuRIwDd2lYAA%3D%3D
680,2025_MES_729528_1,[SPECIAL REPAIR TO OFFRS QTR NO P 10 OF 1 AND P 10 OF 4 AT SHIVAJI PARK AND OTHER SANCTIONED WORKS UNDER GE WEST MATHURA],04-Sep-2025 06:50 PM,E-IN-C BRANCH - MILITARY ENGINEER SERVICES||CE SWC AND CE JAIPUR JAIPUR - MES||CWE Mathura - MES||GE (W) Mathura - MES,02-Oct-2025 06:00 PM,https://defproc.gov.in/nicgep/app?component=%24DirectLink&page=FrontEndLatestActiveCorrigendums&service=direct&session=T&sp=StY33AyQVb6CGSf3YpJsiTw%3D%3D
681,2025_MES_730750_1,[COMPREHENSIVE MAINTENANCE OF OTM ACCN OF RIMC UNDER AGE B/R-II OF GE DEHRADUN.],13-Sep-2025 06:00 PM,E-IN-C BRANCH - MILITARY ENGINEER SERVICES||CE CC AND CE BAREILLY ZONE - MES||CWE DEHRADUN - MES||GE DEHRADUN - MES,04-Oct-2025 06:00 PM,https://etender.up.nic.in/nicgep/app?component=%24DirectLink_0&page=FrontEndAdvancedSearchResult&service=direct&session=T&sp=SGgDa6UeDR%2Fez0FdQfb%2BcpQ%3D%3D
682,2025_MES_730590_1,[REPAIR TO LEAKAGE SEEPAGE SUNKEN PLUMBING SANITARY FITMENTS FLOORINGS AND PLASTERING INCLUDING PETTY REPAIRS OF INTERNAL B/R WORKS TO CERTAIN BUILDINGS IN DOMESTIC AREA AT AF STN ARJANGARH UNDER GE (AF) GURGAON],12-Sep-2025 06:00 PM,E-IN-C BRANCH - MILITARY ENGINEER SERVICES||CE WC and CE(AF) WAC PALAM-MES||CWE (AF) GURGAON - MES||GE (AF) GURGAON - MES,06-Oct-2025 06:00 PM,https://defproc.gov.in/nicgep/app?component=%24DirectLink&page=FrontEndLatestActiveCorrigendums&service=direct&session=T&sp=SCyZgNNSWf1P6RXJdmwMz9Q%3D%3D
683,2025_MES_731633_1,"[REPAIR  MAINT OF STREET LIGHTS, POLES, STREET LIGHT FITTINGS AND FIXTURES CONNECTED LT CABLES AND OTHER ALLIED WORKS AT NTS MAHUL, NRS, 31 WEU THANE SEWRI  AND OTHER ELECTRICAL MAINT WORKS IN THE AOR OF AGE EM MKD UNDER GE (NW) MANKHURD]",18-Sep-2025 06:55 PM,E-IN-C BRANCH - MILITARY ENGINEER SERVICES||CESC AND CE( NAVY )MUMBAI - MES||CWE (SUBURB) MUMBAI - MES||GE (NW) MANKHURD - MES,11-Oct-2025 06:00 PM,https://defproc.gov.in/nicgep/app?component=%24DirectLink&page=FrontEndLatestActiveCorrigendums&service=direct&session=T&sp=SLLwYAjsKoh9fai1PtENb%2BQ%3D%3D
684,2025_MES_729258_1,[PROVISION OF CONCRETE PLINTHS FOR INSTALATION OF RHAG TYPE AREESTER BARRIER AT AF STN GWALIOR.],04-Sep-2025 09:00 AM,E-IN-C BRANCH - MILITARY ENGINEER SERVICES||CE CC AND CE (AF) ALLAHABAD - MES||CWE (AF) MAHARAJPUR - MES,03-Oct-2025 06:00 PM,https://defproc.gov.in/nicgep/app?component=%24DirectLink&page=FrontEndLatestActiveCorrigendums&service=direct&session=T&sp=SI56%2BLkigRisc%2Bt5RhEQm1A%3D%3D
685,2025_MES_730032_1,[PROVISION OF CERTAIN REVENUE AND MINOR WORK UNDER GE (P) LOHITPUR],09-Sep-2025 05:30 PM,E-IN-C BRANCH - MILITARY ENGINEER SERVICES||CE EC AND CE SHILLONG ZONE - MES||CWE Dinjan - MES||GE (P) Lohitpur - MES,10-Oct-2025 06:00 PM,https://defproc.gov.in/nicgep/app?component=%24DirectLink&page=FrontEndLatestActiveCorrigendums&service=direct&session=T&sp=SaR0XkRDFzrEPolOCsE3s%2Bw%3D%3D
686,2025_MES_729628_1,[COMPREHENSIVE MAINT AND REPAIR TO OFFICER MD ACCN OF  TARAPORE ENCLAVE UNDER GE SOUTH DELHI CANTT ],06-Sep-2025 06:00 PM,E-IN-C BRANCH - MILITARY ENGINEER SERVICES||CE WC and CE DELHI ZONE-MES||CWE NEW DELHI-MES,11-Oct-2025 06:00 PM,https://defproc.gov.in/nicgep/app?component=%24DirectLink&page=FrontEndLatestActiveCorrigendums&service=direct&session=T&sp=Sq0qzOpsZdOLsjjIyKWS1UA%3D%3D
687,2025_MES_728066_1,"[8446/E8 REPAIR AND MAINT OF WATER TREATMENT SYSTEM, LT PANELS, XLPE UG/SUBMERSIBLE CABLE, EARTHING AND ALLIED WORKS OF WATER SUPPLY AT GARUD  GARRISON UNDER GE (EAST) BAREILLY]",27-Aug-2025 04:45 PM,E-IN-C BRANCH - MILITARY ENGINEER SERVICES||CE CC AND CE BAREILLY ZONE - MES||CWE BAREILLY - MES||GE(EAST) BAREILLY - MES,29-Sep-2025 06:00 PM,https://defproc.gov.in/nicgep/app?component=%24DirectLink&page=FrontEndLatestActiveCorrigendums&service=direct&session=T&sp=SQFh1Gryz4wN%2BY3%2BeksxYDg%3D%3D
688,2025_MES_726519_1,[PROVISION OF SOLID WASTE MANAGEMENT PLANT AT LEIMAKHONG UNDER GE 869 EWS],19-Aug-2025 12:00 PM,E-IN-C BRANCH - MILITARY ENGINEER SERVICES||CE EC AND CE SHILLONG ZONE - MES,20-Oct-2025 06:00 PM,https://defproc.gov.in/nicgep/app?component=%24DirectLink&page=FrontEndLatestActiveCorrigendums&service=direct&session=T&sp=SQWmfst%2FCAUzqSRK6%2BKibNw%3D%3D
689,2025_MES_728900_1,"[REPAIR AND MAINTS OF LT OH/ OG CONDUCTOR/ CABLE, PANELS AND ASSOCIATED WKS SERVICES AT MIL STN BD BARI UNDER GE KALUCHAK]",02-Sep-2025 06:00 PM,E-IN-C BRANCH - MILITARY ENGINEER SERVICES||CE WC AND CE PATHANKOT ZONE - MES||CWE JAMMU - MES||GE KALUCHAK - MES,13-Oct-2025 06:00 PM,https://defproc.gov.in/nicgep/app?component=%24DirectLink&page=FrontEndLatestActiveCorrigendums&service=direct&session=T&sp=S9uEHsn0VYshyh3dJRUFE1g%3D%3D
690,2025_MES_732097_1,[SPECIAL REPAIR TO ROAD FROM PUMP HOUSE NO 19 TO APS SCHOOL UNDER GE PANAGARH],22-Sep-2025 06:00 PM,E-IN-C BRANCH - MILITARY ENGINEER SERVICES||CE EC AND CE KOLKATA ZONE - MES||CWE PANAGARH - MES,21-Oct-2025 06:00 PM,https://etender.up.nic.in/nicgep/app?component=%24DirectLink_0&page=FrontEndAdvancedSearchResult&service=direct&session=T&sp=SomuH9JlPh%2BslVPJXUDCdyA%3D%3D
691,2025_MES_731073_1,"[REPAIR/MAINTENANCE OF WATER SUPPLY DISTRIBUTION LINES, SUBMERSIBLE PUMPS, MONOBLOCK PUMPS AND CONTROL PANELS AND OTHER CONNECTED WORKS AT DRDL/ASL AREA UNDER GE(I) RND KANCHANBAGH, HYDERABAD]",15-Sep-2025 06:45 PM,E-IN-C BRANCH - MILITARY ENGINEER SERVICES||ADG (OF and DRDO) AND CE (R and D) SECUNDERABAD - MES||GE (I) RND KANCHANBAGH - MES,06-Oct-2025 06:00 PM,https://etender.up.nic.in/nicgep/app?component=%24DirectLink_0&page=FrontEndAdvancedSearchResult&service=direct&session=T&sp=SlUD29TV0H6cU4x%2BLeyNpKQ%3D%3D
692,2025_MES_724936_2,[CA NO GE(W)/HSR-22/2025-26 PROVN OF GASEOUS TYPE GRAVITY FEED CHLORINATORS FOR FILTRATION PLANTS AND VARIOUS PUMP HOUSE AT HISAR MIL STN UNDER GE (W) HISAR],09-Sep-2025 06:00 PM,E-IN-C BRANCH - MILITARY ENGINEER SERVICES||CE SWC AND CE JAIPUR JAIPUR - MES||CWE Mathura - MES||GE (W) HISAR - MES,30-Sep-2025 06:00 PM,https://defproc.gov.in/nicgep/app?component=%24DirectLink&page=FrontEndLatestActiveCorrigendums&service=direct&session=T&sp=STzjqjJ7NZzlCczK%2B7ONx9w%3D%3D
693,2025_MES_729257_1,"[AUGMENTATION AND SPECIAL REPAIR OF FRESH WATER PIPE LINE (KWA MARADU LINE) FROM SOUTH JETTY TO NORTH JETTY NSRY KOCHI AND SPECIAL REPAIR TO OLD FRESH WATER PUMPING LINE AT NORTH JETTY, NAVAL BASE]",03-Sep-2025 06:55 PM,E-IN-C BRANCH - MILITARY ENGINEER SERVICES||CESC AND CE (NAVY) KOCHI - MES||CWE NW KOCHI - MES,01-Oct-2025 06:00 PM,https://defproc.gov.in/nicgep/app?component=%24DirectLink&page=FrontEndLatestActiveCorrigendums&service=direct&session=T&sp=Sx0wbnuE6rUznpDUVsXXpRg%3D%3D
694,2025_MES_718708_2,[Repairs to roads and repair replacement of road furniture at new and old Mil station Kapurthala under GE Kapurthala],11-Sep-2025 05:00 PM,E-IN-C BRANCH - MILITARY ENGINEER SERVICES||CE WC AND CE JALANDHAR ZONE - MES||CWE JALANDHAR - MES,30-Sep-2025 06:00 PM,https://defproc.gov.in/nicgep/app?component=%24DirectLink&page=FrontEndLatestActiveCorrigendums&service=direct&session=T&sp=Skb7QqtvkuB5WMajpYTrbjg%3D%3D
695,2025_IAF_731127_1,[PROCUREMENT OF SPARES FOR MIG-29 UPG AIRCRAFT],16-Sep-2025 05:00 PM,Indian Air Force,25-Nov-2025 03:00 PM,https://etender.up.nic.in/nicgep/app?component=%24DirectLink_0&page=FrontEndAdvancedSearchResult&service=direct&session=T&sp=SOjR0cYlQGPbQaGvBHdfG%2BA%3D%3D
696,2025_MES_728341_1,[SPECIAL REPAIR TO BLDG NO. T-187 AND SPL REPAIR FOR REPLACEMENT OF 01X 125 KVA DG SET AT SHESHARTHANG AND 02X 62.5 KVA DG SETS AT SIGNAL CENTRE AGAINST BER AT KARU AREA UNDER GE 860 EWS],29-Aug-2025 12:30 PM,E-IN-C BRANCH - MILITARY ENGINEER SERVICES||CE NC AND CE LEH ZONE - MES||HQ 138 WORKS ENGR - MES||GE 860 EWS - MES,30-Sep-2025 06:00 PM,https://defproc.gov.in/nicgep/app?component=%24DirectLink&page=FrontEndLatestActiveCorrigendums&service=direct&session=T&sp=SjUXMXZArx6HSxvPXvMKk7w%3D%3D
697,2025_MES_731212_1,[TRIAL],16-Sep-2025 03:50 PM,E-IN-C BRANCH - MILITARY ENGINEER SERVICES||CE SC AND CE CHENNAI ZONE  - MES||CWE CHENNAI - MES||GE CHENNAI - MES,30-Sep-2025 06:00 PM,https://defproc.gov.in/nicgep/app?component=%24DirectLink&page=FrontEndLatestActiveCorrigendums&service=direct&session=T&sp=S7y5dgiyygNGSeLxsZOZ1AQ%3D%3D
698,2025_MES_731509_1,[CA NO.CWE BLY/GE (E)/31  OF 2025- 2026SPECIAL REPAIR TO BLDG NO. P-21 (08X OR MD ACCN) OF MTTC AREA UNDER GE (EAST) BAREILLY],18-Sep-2025 06:00 PM,E-IN-C BRANCH - MILITARY ENGINEER SERVICES||CE CC AND CE BAREILLY ZONE - MES||CWE BAREILLY - MES,16-Oct-2025 06:00 PM,https://etender.up.nic.in/nicgep/app?component=%24DirectLink_0&page=FrontEndAdvancedSearchResult&service=direct&session=T&sp=S%2Bf0RleKHzsXJDUYhI3Cfgw%3D%3D
699,2025_MES_728980_1,"[ADDN/ ALTN TO RESPIRATORY DEPT  INCLUDING ROOM NO. 0035, 0036, 0037, 0043 AT CTVS BLDG NO P-125 AND ADDN/ ALTN OF DRAIN NEAR BLDG NO P-105 OF ADC AND REPLACEMENT OF LEAD FREE TILES IN RADIOLOGY DEPT OF ADC AND PROVN OF ELECTRICAL INFRASTRUCTURE FOR]",02-Sep-2025 06:00 PM,E-IN-C BRANCH - MILITARY ENGINEER SERVICES||CE WC and CE DELHI ZONE-MES||CWE NEW DELHI-MES||GE E/M (RR) HOSPITAL DELHI CNATT-MES,30-Sep-2025 06:00 PM,https://defproc.gov.in/nicgep/app?component=%24DirectLink&page=FrontEndLatestActiveCorrigendums&service=direct&session=T&sp=SxXCTWL6gXPVcPZm1KExVjw%3D%3D
700,2025_MES_730635_1,[TERM CONTRACT FOR ARTIFICER WORK IN TECH AREA AT AF STN AMBALA UNDER GE (AF) AMBALA ],12-Sep-2025 06:00 PM,E-IN-C BRANCH - MILITARY ENGINEER SERVICES||CE WC and CE(AF) WAC PALAM-MES||CWE (AF) Ambala-MES||GE (AF) Ambala-MES,03-Oct-2025 06:00 PM,https://etender.up.nic.in/nicgep/app?component=%24DirectLink_0&page=FrontEndAdvancedSearchResult&service=direct&session=T&sp=Swl5SGmvMO%2BB4IFvUXfSygw%3D%3D
701,2025_MES_727834_1,[SPL REPAIRS TO BLDG NO. A/8/27 AND A/8/28 (10 x BAYS EACH) IN RESPECT OF TVDP AND RVDP PANAGARH UNDER GE PANAGARH],28-Aug-2025 01:00 PM,E-IN-C BRANCH - MILITARY ENGINEER SERVICES||CE EC AND CE KOLKATA ZONE - MES||CWE PANAGARH - MES,03-Oct-2025 06:00 PM,https://defproc.gov.in/nicgep/app?component=%24DirectLink&page=FrontEndLatestActiveCorrigendums&service=direct&session=T&sp=SYDkbFPrYUe0Slh3UIXdARQ%3D%3D
702,2025_MES_730361_1,[CA NO GE(U)/CHM-29/2025-26 PROVN OF FIRE EXIT RAMP FROM ICU AT SECOND FLOOR OF MAIN HOSPITAL BLDG AT COMMAND HOSPITAL (WC) CHANDIMANDIR],11-Sep-2025 06:00 PM,E-IN-C BRANCH - MILITARY ENGINEER SERVICES||CE WC AND CE CHANDIGARH ZONE - MES||CWE CHANDIMANDIR - MES||GE (U) CHANDIMANDIR - MES,03-Oct-2025 06:00 PM,https://defproc.gov.in/nicgep/app?component=%24DirectLink&page=FrontEndLatestActiveCorrigendums&service=direct&session=T&sp=Sbpa3YjSE2BnXAiAXqg90jw%3D%3D
703,2025_MES_729372_1,[TERM CONTRACT FOR ARTIFICERs WORK AT AF STN PATIALA AND KALPI UNDER GE (AF) AMBALA ],04-Sep-2025 03:00 PM,E-IN-C BRANCH - MILITARY ENGINEER SERVICES||CE WC and CE(AF) WAC PALAM-MES||CWE (AF) Ambala-MES||GE (AF) Ambala-MES,02-Oct-2025 06:00 PM,https://defproc.gov.in/nicgep/app?component=%24DirectLink&page=FrontEndLatestActiveCorrigendums&service=direct&session=T&sp=ST2H7Aux2vmZf8f%2B1Qn8kNg%3D%3D
704,2025_MES_731114_1,[SPL REPAIRS TO BLDG NO T-09 IN P ZONE AND PROVN OF COVERED SHED IN BLDG NO T-18-24A (OR MESS) IN P ZONE AT RMS],16-Sep-2025 12:00 PM,E-IN-C BRANCH - MILITARY ENGINEER SERVICES||CE EC AND CE SHILLONG ZONE - MES||CWE HQ 137 WE - MES||GE 868 EWS - MES,11-Oct-2025 06:00 PM,https://defproc.gov.in/nicgep/app?component=%24DirectLink&page=FrontEndLatestActiveCorrigendums&service=direct&session=T&sp=S8YeXYlDDBY7T3M0BgRq8uA%3D%3D
705,2025_MES_729335_1,[GE/Token-50/2025-26 ],04-Sep-2025 06:00 PM,E-IN-C BRANCH - MILITARY ENGINEER SERVICES||CE WC and CE DELHI ZONE-MES||CWE DELHI CANTT-MES||GE (CENTRAL) DELHI CANTT-MES,02-Oct-2025 06:00 PM,https://etender.up.nic.in/nicgep/app?component=%24DirectLink_0&page=FrontEndAdvancedSearchResult&service=direct&session=T&sp=S3By7adHYFKNvxs2xDhH2%2FQ%3D%3D
706,2025_MES_731529_1,"[Repair/Comprehensive maint to LT electric supply, Panels, capacitor bank and allied E/M works at Baddowal and Moga under GE Ludhiana]",18-Sep-2025 06:00 PM,E-IN-C BRANCH - MILITARY ENGINEER SERVICES||CE WC AND CE JALANDHAR ZONE - MES||CWE FEROZEPUR - MES||GE LUDHIANA - MES,16-Oct-2025 06:00 PM,https://etender.up.nic.in/nicgep/app?component=%24DirectLink_0&page=FrontEndAdvancedSearchResult&service=direct&session=T&sp=S5Fk6F1DMjVGKPNFAl2kthg%3D%3D
707,2025_MES_709989_2,[PROVN OF HT AND LT RING MAIN UNIT (RMU) AT 7 AFH KANPUR  ],10-Sep-2025 05:30 PM,E-IN-C BRANCH - MILITARY ENGINEER SERVICES||CESC AND CE (AF) NAGPUR - MES||CWE (AF) CHAKERI - MES,03-Oct-2025 06:00 PM,https://defproc.gov.in/nicgep/app?component=%24DirectLink&page=FrontEndLatestActiveCorrigendums&service=direct&session=T&sp=SIWoZumHDA3AJ%2F9JFhVX3Cw%3D%3D
708,2025_MES_722601_1,[PROVN OF OTM ACCN FOR GD COY AT OTA CHENNAI],25-Jul-2025 06:50 PM,E-IN-C BRANCH - MILITARY ENGINEER SERVICES||CE SC AND CE CHENNAI ZONE  - MES,07-Oct-2025 06:00 PM,https://defproc.gov.in/nicgep/app?component=%24DirectLink&page=FrontEndLatestActiveCorrigendums&service=direct&session=T&sp=Sj1y9f5Drul59NI1hNvO%2FkQ%3D%3D
709,2025_MES_730654_1,[REPAIR REPLACEMENT OF INTERNAL WIRING ELECTRICAL FITTINGS FIXTURES RENEWAL OF BLDG EARTHING OTHER CONNECTED ITEMS IN RO OF OTM ACCN AT PRTC 106 TA INF BN AND REPAIR REPLACEMENT OF US RUSTED AC CI GI PIPE LINE INCLUDING CONNECTED ],12-Sep-2025 06:00 PM,E-IN-C BRANCH - MILITARY ENGINEER SERVICES||CE SC AND CE CHENNAI ZONE  - MES||CWE (ARMY) BANGALORE - MES||GE(NORTH) BANGALORE - MES,03-Oct-2025 06:00 PM,https://defproc.gov.in/nicgep/app?component=%24DirectLink&page=FrontEndLatestActiveCorrigendums&service=direct&session=T&sp=Sldao0YY3KRDpreMjVDKK%2BQ%3D%3D
710,2025_MES_730167_1,"[CERTAIN REPAIRS TO OTM ACCN IN ZONE D UNDER GE CLEMENT TOWN, DEHRADUN]",10-Sep-2025 02:00 PM,E-IN-C BRANCH - MILITARY ENGINEER SERVICES||CE CC AND CE BAREILLY ZONE - MES||CWE HILLS DEHRADUN -  MES||GE (MES) Clement Town - MES,03-Oct-2025 06:00 PM,https://etender.up.nic.in/nicgep/app?component=%24DirectLink_0&page=FrontEndAdvancedSearchResult&service=direct&session=T&sp=SBLZ9FCpjworq5CMKj0Zgrw%3D%3D
711,2025_MES_719159_1,[80236  PROVN OF HIGH SECURITY BOUNDARY WALL OF HEIGHT 05 MTR WITH MAIN ENTRANCE GATE AND 01 NO SECURITY WATCH TOWER WITH REST ROOM AT 01 ACRE OF LAND AT RADAR STATION ARAKHAKUDA SITE PURI (ODISHA) UNDER GE (I) (CG) BHUBANESWAR],08-Jul-2025 03:00 PM,E-IN-C BRANCH - MILITARY ENGINEER SERVICES||ADG (Projects) and CE (CG) Visakhapatnam - MES,11-Nov-2025 06:00 PM,https://defproc.gov.in/nicgep/app?component=%24DirectLink&page=FrontEndLatestActiveCorrigendums&service=direct&session=T&sp=SSApuRPw7CdWYNsk1mLBdJg%3D%3D
712,2025_MES_730863_1,[PROVISION OF THREE PHASE SUPPLY FOR 11 X SIMULATOR AT DM  REGT AND PROVN OF 03 X MINOR WORKS (E/M) UNDER GE(N) AHILYANAGAR],15-Sep-2025 10:00 AM,E-IN-C BRANCH - MILITARY ENGINEER SERVICES||CE SC AND CE PUNE ZONE - MES||CWE DEOLALI - MES||GE (N) AHMEDNAGAR - MES,06-Oct-2025 06:00 PM,https://defproc.gov.in/nicgep/app?component=%24DirectLink&page=FrontEndLatestActiveCorrigendums&service=direct&session=T&sp=SQ4rkdRuVxmHhNgqGTfP3sQ%3D%3D
713,2025_MES_731204_1,[CERTAIN REPAIR/MAINT TO MD/FAFA ACCN IN AREA A-2 OF AGE B/R-I UNDER GE (W) JALANDHAR CANTT],16-Sep-2025 04:00 PM,E-IN-C BRANCH - MILITARY ENGINEER SERVICES||CE WC AND CE JALANDHAR ZONE - MES||CWE JALANDHAR - MES||GE (WEST) JALANDHAR CANTT - MES,06-Oct-2025 06:00 PM,https://etender.up.nic.in/nicgep/app?component=%24DirectLink_0&page=FrontEndAdvancedSearchResult&service=direct&session=T&sp=S%2F2Ua%2FfKPFaKOZ3S53fG6lg%3D%3D
714,2025_MES_730619_1,[ADDITION / ALTERATION AND RENOVATION WORKS TO BULDG NO P-02 ( DRDO HOSPITAL KANCHANBAGH ) HYDERABAD],12-Sep-2025 06:00 PM,E-IN-C BRANCH - MILITARY ENGINEER SERVICES||ADG (OF and DRDO) AND CE (R and D) SECUNDERABAD - MES||GE (I) RND KANCHANBAGH - MES,01-Oct-2025 06:00 PM,https://etender.up.nic.in/nicgep/app?component=%24DirectLink_0&page=FrontEndAdvancedSearchResult&service=direct&session=T&sp=Sy4%2F2R0HKWeGJ0BClK%2FbynA%3D%3D
715,2025_MES_728983_1,"[SPECIAL REPAIR TO BLDG NO RHA-16 AT WET CANTEEN, WASHER MAN SHOP, CANTEEN SUB DEPOT OF 56 FD REGT UNDER GE (NORTH)  MEERUT CANTT]",02-Sep-2025 05:00 PM,E-IN-C BRANCH - MILITARY ENGINEER SERVICES||CE CC AND CE BAREILLY ZONE - MES||CWE MEERUT - MES,01-Oct-2025 06:00 PM,https://defproc.gov.in/nicgep/app?component=%24DirectLink&page=FrontEndLatestActiveCorrigendums&service=direct&session=T&sp=SMBBfr4wzUI24sbuEPGXVUA%3D%3D
716,2025_MES_729775_1,[PROVN OF ALL-WEATHER SHED AT MAIN ENTRANCE GATES AT AFS JAIPUR],08-Sep-2025 12:00 PM,E-IN-C BRANCH - MILITARY ENGINEER SERVICES||CE SWC AND CE (AF) GANDHINAGAR - MES||CWE (AF) JODHPUR - MES,22-Oct-2025 06:00 PM,https://defproc.gov.in/nicgep/app?component=%24DirectLink&page=FrontEndLatestActiveCorrigendums&service=direct&session=T&sp=ST5GZhqQwvOGE9FTpMOwI%2BQ%3D%3D
717,2025_MES_730989_1,[PROVN OF DEFI TRG AND SINGLE LIVING ACCN AND 36 NOS OF NON MES CIV MD ACCN AT CME PUNE],15-Sep-2025 04:00 PM,E-IN-C BRANCH - MILITARY ENGINEER SERVICES||CE SC AND CE PUNE ZONE - MES||CWE KIRKEE - MES||GE (CME) KIRKEE - MES,23-Oct-2025 06:00 PM,https://defproc.gov.in/nicgep/app?component=%24DirectLink&page=FrontEndLatestActiveCorrigendums&service=direct&session=T&sp=S12BYHiy%2Ft%2BZzDTH%2FEe8dzg%3D%3D
718,2025_MES_726462_1,[PROVN OF SECURITY WALL ALONGWITH ALLIED INFRASTRUCTURE AT MENDHAR UNDER GE 881 EWS],18-Aug-2025 06:55 PM,E-IN-C BRANCH - MILITARY ENGINEER SERVICES||CE NC AND CE UDHAMPUR ZONE - MES,06-Oct-2025 06:00 PM,https://defproc.gov.in/nicgep/app?component=%24DirectLink&page=FrontEndLatestActiveCorrigendums&service=direct&session=T&sp=S72oMmb2Iy89RRMYiFeEOyw%3D%3D
719,2025_IAF_709941_1,[PROCUREMENT OF SPARES FOR MIG-29 UPG AIRCRAFT],23-May-2025 05:00 PM,Indian Air Force||AOM NEW DELHI - IAF||ACAS (Procurement) - IAF||D Procurement - IAF,30-Sep-2025 03:00 PM,https://defproc.gov.in/nicgep/app?component=%24DirectLink&page=FrontEndLatestActiveCorrigendums&service=direct&session=T&sp=S9LbqShqOcSSi1Cj1x%2B0ldA%3D%3D
720,2025_MES_733118_1,[REPAIR / MAINT OF FIRING RANGE AND FILLING OF SAW DUST AND SAND MIX AND ALLIED WORKS AT 24 ED AF STN MANAURI],29-Sep-2025 09:00 AM,E-IN-C BRANCH - MILITARY ENGINEER SERVICES||CESC AND CE (AF) NAGPUR - MES||CWE (AF) CHAKERI - MES||AGE(I) MANAURI - MES,20-Oct-2025 06:00 PM,https://etender.up.nic.in/nicgep/app?component=%24DirectLink_0&page=FrontEndAdvancedSearchResult&service=direct&session=T&sp=S7vUGSqr4GcbKygwwmmT2%2Fw%3D%3D
721,2025_MES_716568_3,[SPL REPAIR TO CONVERSION OF OLD RUSTED CI PIPELINE TO DI PIPELINE AT CHOTAPANI TO OH TANK B AND DISTRIBUTION LINE AND ALLIED WORKS AT UMROI MIL STN UNDER GE UMROI],15-Sep-2025 06:30 PM,E-IN-C BRANCH - MILITARY ENGINEER SERVICES||CE EC AND CE SHILLONG ZONE - MES||CWE Shillong - MES||GE (P) SHILLONG  - MES,29-Sep-2025 06:00 PM,https://defproc.gov.in/nicgep/app?component=%24DirectLink&page=FrontEndLatestActiveCorrigendums&service=direct&session=T&sp=SsbDoVraBq5foea0Byg3msg%3D%3D
722,2025_ARMY_733120_1,[Supply and construction of under ground Bde Ops Room],29-Sep-2025 09:00 AM,IHQ of MoD (Army)-(OSCC)||Western Comd-IHQ of MoD (Army)-(OSCC)||CORPS 1-Western Comd-IHQ of MoD (Army)-(OSCC)||ENGR UNIT 1-IHQ of MoD (Army),08-Oct-2025 06:00 PM,https://etender.up.nic.in/nicgep/app?component=%24DirectLink_0&page=FrontEndAdvancedSearchResult&service=direct&session=T&sp=Su%2FeiaGAKOz1ArLryXIOCxg%3D%3D
723,2025_MES_730346_1,[PROVISION OF AUGMENTATION OF WATER SUPPLY AT ARYABHATTA WASHING RAMP AT MT SECTION DSP AND SUBMERSIBLE PUMP SET FOR FOUNTAIN AT MISSILE PARK  UNDER GEI RND RCI HYDERABAD],11-Sep-2025 04:00 PM,E-IN-C BRANCH - MILITARY ENGINEER SERVICES||ADG (OF and DRDO) AND CE (R and D) SECUNDERABAD - MES||GE (I) RND RCI HYDERABAD - MES,03-Oct-2025 06:00 PM,https://defproc.gov.in/nicgep/app?component=%24DirectLink&page=FrontEndLatestActiveCorrigendums&service=direct&session=T&sp=S0fC2Nt8qXGkqjFnM21jn8A%3D%3D
724,2025_MES_730519_1,"[REPAIRS / MAINT TO COMPOUND WALL, SECURITY WALL, FENCING, GATES, PATH AND OTHER MISC WORKS AT MIL STN BHUSAWAL UNDER GE (S) AHILYANAGAR]",12-Sep-2025 12:00 PM,E-IN-C BRANCH - MILITARY ENGINEER SERVICES||CE SC AND CE PUNE ZONE - MES||CWE DEOLALI - MES||GE (S) AHMEDNAGAR - MES,02-Oct-2025 06:00 PM,https://defproc.gov.in/nicgep/app?component=%24DirectLink&page=FrontEndLatestActiveCorrigendums&service=direct&session=T&sp=SvsDPdWmw8Z%2FhHMCwWza3ug%3D%3D
725,2025_MES_729090_1,[Special Repair /Replacement of HT UG Cable from Tropo to  Old WSA under GE (AF) Jamnagar No 1 ],03-Sep-2025 11:00 AM,E-IN-C BRANCH - MILITARY ENGINEER SERVICES||CE SWC AND CE (AF) GANDHINAGAR - MES||CWE (AF) JAMNAGAR - MES,01-Oct-2025 06:00 PM,https://defproc.gov.in/nicgep/app?component=%24DirectLink&page=FrontEndLatestActiveCorrigendums&service=direct&session=T&sp=SkIz1qgZ0ZWVNDgzDcPvz8Q%3D%3D
726,2025_MES_731487_1,[Provn of certain Minor and Revenue works under GE Dehradun],18-Sep-2025 06:00 PM,E-IN-C BRANCH - MILITARY ENGINEER SERVICES||CE CC AND CE BAREILLY ZONE - MES||CWE DEHRADUN - MES||GE DEHRADUN - MES,09-Oct-2025 06:00 PM,https://etender.up.nic.in/nicgep/app?component=%24DirectLink_0&page=FrontEndAdvancedSearchResult&service=direct&session=T&sp=SEXeYS%2FHCzEQCrePBJP4fqg%3D%3D
727,2025_MES_730843_1,[SPECIAL REPAIR TO PLASTERING ROOF TREATMENT  JOINERY  TILING  PLUMBING AND INTERNAL WIRING OF BLDG NO P33 OF 151 INF BN TA JAT OFFRS MESS AT MUZAFFARPUR UNDER GE DANAPUR CANTT],13-Sep-2025 05:00 PM,E-IN-C BRANCH - MILITARY ENGINEER SERVICES||CE CC AND CE JABALPUR ZONE - MES||CWE RANCHI - MES||GE DANAPUR - MES,06-Oct-2025 06:00 PM,https://etender.up.nic.in/nicgep/app?component=%24DirectLink_0&page=FrontEndAdvancedSearchResult&service=direct&session=T&sp=SV8qbB7TVjfaop0qsYey8%2Fw%3D%3D
728,2025_MES_730477_1,[SPL REPAIR/REPLACEMENT OF LT OVERHEAD LINE TO UNDERGROUND CABLES FOR OR MD ACCN AND SPL REPAIR TO BLDG NO T-265 AT MISA CAMP  UNDER GE (S) TEZPUR],12-Sep-2025 06:00 PM,E-IN-C BRANCH - MILITARY ENGINEER SERVICES||CE EC AND CE SILIGURI ZONE - MES||CWE TEZPUR - MES,03-Oct-2025 06:00 PM,https://etender.up.nic.in/nicgep/app?component=%24DirectLink_0&page=FrontEndAdvancedSearchResult&service=direct&session=T&sp=SbQT5w9AdBC1EkrIbQwCF7Q%3D%3D
729,2025_MES_727743_1,[SPECIAL REPAIRS TO BUILDING NO. 76 AND 78 SINGLE OFFRS ACCN OF 3 TTR AT BAMBOLIM GOA],25-Aug-2025 06:00 PM,E-IN-C BRANCH - MILITARY ENGINEER SERVICES||CE SC AND CE PUNE ZONE - MES||CWE (ARMY) MUMBAI - MES,29-Sep-2025 06:00 PM,https://defproc.gov.in/nicgep/app?component=%24DirectLink&page=FrontEndLatestActiveCorrigendums&service=direct&session=T&sp=SD0zRHm1cC3U2FcutfnW3XQ%3D%3D
730,2025_MES_730611_1,"[REPAIR, REPLACEMENT OF UNSV HIGH MAST LIGHTS, STREET LIGHTS, CABLES, TIMERS, PANELS AND ASSOCIATED WORKS AT  NAVAL DOCKYARD, VISAKHAPATNAM UNDER GE (I) DM VISAKHAPATNAM]",12-Sep-2025 06:00 PM,E-IN-C BRANCH - MILITARY ENGINEER SERVICES||CE EC AND CE (NAVY) VIZAG - MES||GE (I) (DM) VISAKHAPATNAM - MES||GE I DM VIZAG - MES,03-Oct-2025 06:00 PM,https://etender.up.nic.in/nicgep/app?component=%24DirectLink_0&page=FrontEndAdvancedSearchResult&service=direct&session=T&sp=SzHNq5ttgebyL2dGq18bxcg%3D%3D
731,2025_MES_729237_1,[ADDN/ALTN TO SURFACE DRAIN NEAR BLDNO NO (P-104 TO P-82) OF BLDG (F-52 TO G-58) AND GOL MARKET TO P-67 OF GANESHKHIND AREA AT DRDO ESTATE UNDER GE(I) RnD PASHAN ],03-Sep-2025 06:00 PM,E-IN-C BRANCH - MILITARY ENGINEER SERVICES||ADG (OF and DRDO) AND CE (R and D) SECUNDERABAD - MES||GE (I) RND PASHAN - MES,01-Oct-2025 06:00 PM,https://defproc.gov.in/nicgep/app?component=%24DirectLink&page=FrontEndLatestActiveCorrigendums&service=direct&session=T&sp=SHY1Tz%2Fhedj%2FyijFwr%2BG7WQ%3D%3D
732,2025_MES_724981_2,"[CERTAIN REPAIR, REPLACMENT OF SANITARY ANCILLARIES OF OTM ACCN AND CERTAIN REPAIR TO PMS-I, PMS-II, ARMOURY AND OTHER ACCN AT AF STN CHANDIGARH UNDER GE (AF) CHNADIGARH.]",12-Sep-2025 06:00 PM,E-IN-C BRANCH - MILITARY ENGINEER SERVICES||CE WC and CE(AF) WAC PALAM-MES||CWE (AF) Chandigarh-MES||GE (AF) Chandigarh-MES,29-Sep-2025 06:00 PM,https://etender.up.nic.in/nicgep/app?component=%24DirectLink_0&page=FrontEndAdvancedSearchResult&service=direct&session=T&sp=SzIOK5X5GAIilBfkCfhtbyg%3D%3D
733,2025_MES_729932_1,[REPAIR REPLACEMENT OF CEILING  ROOF PLUMBONG SANITARY FITTINGS FLOORING MASONARY AND REPAIR  REPLACEMENT OF CORRUGATED GI LINES TO PPR PIPELINES GATE VALVE CONSTRUCTION OF VALVE PIT CHAMBER UNDER GE I GOS],09-Sep-2025 06:00 PM,E-IN-C BRANCH - MILITARY ENGINEER SERVICES||CE CC AND CE JABALPUR ZONE - MES||GE (I) GOS - MES||GE I GOPALPUR ON SEA - MES,06-Oct-2025 06:00 PM,https://defproc.gov.in/nicgep/app?component=%24DirectLink&page=FrontEndLatestActiveCorrigendums&service=direct&session=T&sp=Sef31iVx%2BfSre9dUzhCE1yA%3D%3D
734,2025_MES_728788_1,"[REPAIR / MAINT OF BOREWELL, PUMP, MOTORS, DOZER, IN AF STN, GRD AND STP PLANT AT GRD UNDER GE AF GORAKHPUR  ]",01-Sep-2025 06:15 PM,E-IN-C BRANCH - MILITARY ENGINEER SERVICES||CE CC AND CE (AF) ALLAHABAD - MES||CWE (AF) BAMRAULI ALLAHABAD - MES||GE (AF) GORAKHPUR,29-Sep-2025 06:00 PM,https://defproc.gov.in/nicgep/app?component=%24DirectLink&page=FrontEndLatestActiveCorrigendums&service=direct&session=T&sp=S%2FL46r4x6ak6XWKHKIgXyCQ%3D%3D
735,2025_MES_725690_1,[PROVISION OF OTM ACCN FOR NURSING OFFR MESS AT MH GWALIOR UNDER GE GWALIOR],12-Aug-2025 01:00 PM,E-IN-C BRANCH - MILITARY ENGINEER SERVICES||CESC AND CE BHOPAL ZONE  - MES||CWE JHANSI - MES,16-Oct-2025 06:00 PM,https://defproc.gov.in/nicgep/app?component=%24DirectLink&page=FrontEndLatestActiveCorrigendums&service=direct&session=T&sp=SiDdvTwa05u1chtW%2B%2Boy9%2Fg%3D%3D
736,2025_MES_731534_1,[PROVISION OF URP BASED TECHNICAL BUILDING AT HEMRL UNDER GE I RND PASHAN PUNE],18-Sep-2025 06:00 PM,E-IN-C BRANCH - MILITARY ENGINEER SERVICES||ADG (OF and DRDO) AND CE (R and D) SECUNDERABAD - MES,23-Oct-2025 06:00 PM,https://etender.up.nic.in/nicgep/app?component=%24DirectLink_0&page=FrontEndAdvancedSearchResult&service=direct&session=T&sp=SJ%2Bm%2F5bHs6E1CNf7Nq2PREw%3D%3D
737,2025_MES_729872_1,[SPECIAL REPAIRS TO BLDG NO P 152 AT MNS OFFRS MESS AT CHAFB UNDER GE (AF) BANGALORE],08-Sep-2025 06:00 PM,E-IN-C BRANCH - MILITARY ENGINEER SERVICES||CESC AND CE (AF) BANGALORE - MES||CWE (AF) (NORTH) BANGALORE - MES,14-Oct-2025 06:00 PM,https://defproc.gov.in/nicgep/app?component=%24DirectLink&page=FrontEndLatestActiveCorrigendums&service=direct&session=T&sp=SryRml9%2FpJ5mtzfxhsbaXwg%3D%3D
738,2025_MES_722399_1,[ADDN / ALTN CUM SPECIAL REPAIR OF OTM ACCOMMODATION AT GOPALPUR MIL STN],21-Aug-2025 12:00 PM,E-IN-C BRANCH - MILITARY ENGINEER SERVICES||CE CC AND CE JABALPUR ZONE - MES,02-Oct-2025 06:00 PM,https://defproc.gov.in/nicgep/app?component=%24DirectLink&page=FrontEndLatestActiveCorrigendums&service=direct&session=T&sp=Szeo7K2KmTK2UPin%2BTZPTSA%3D%3D
739,2025_MES_728968_1,"[REPAIR TO COMPOUND WALL, HARD STANDING AND PATHWAY IN VARIOUS LOCATION IN THE AREA OF AGE B/R-II UNDER GE (EAST) DELHI CANTT-10]",02-Sep-2025 06:00 PM,E-IN-C BRANCH - MILITARY ENGINEER SERVICES||CE WC and CE DELHI ZONE-MES||CWE DELHI CANTT-MES||GE (EAST) DELHI CANTT-MES,30-Sep-2025 06:00 PM,https://defproc.gov.in/nicgep/app?component=%24DirectLink&page=FrontEndLatestActiveCorrigendums&service=direct&session=T&sp=SrnRyt%2F4x7UYZkJRSPa6Njw%3D%3D
740,2025_MES_733169_1,[3006/B/69/E3],29-Sep-2025 02:00 PM,E-IN-C BRANCH - MILITARY ENGINEER SERVICES||CE WC and CE DELHI ZONE-MES||CWE (U) DELHI CANTT-MES||GE(U)ELECTRIC SUPPLY DELHI CANTT-MES,06-Oct-2025 10:00 AM,https://etender.up.nic.in/nicgep/app?component=%24DirectLink_0&page=FrontEndAdvancedSearchResult&service=direct&session=T&sp=SOGMUbUWGl2T6zpiZ8LjUZg%3D%3D
741,2025_DGDE_728825_1,"[Term Contract for repair to CF buildings and boundary walls including internal water supply and electrification in all 8 wards, Delhi Cantt.]",01-Sep-2025 06:10 PM,Directorate General Defence Estates||Principal Directorate Defence Estates -Western Command Chandigarh||Cantonment Board Delhi -WC Chandigarh,23-Oct-2025 01:00 PM,https://defproc.gov.in/nicgep/app?component=%24DirectLink&page=FrontEndLatestActiveCorrigendums&service=direct&session=T&sp=SXKWlMEdHAvX7UfaG3zoihA%3D%3D
742,2025_MES_729574_1,[ADDN ALTN AND STRENGTHENING OF STRUCTURE AGAINST EXISTING DISTRESSESS OF BLDG NO E 08 AT DRDO TOWNSHIP PHASE 1 CV RAMAN NAGAR BENGALURU],05-Sep-2025 02:00 PM,E-IN-C BRANCH - MILITARY ENGINEER SERVICES||ADG (OF and DRDO) AND CE (R and D) SECUNDERABAD - MES||GE (I) RND (W) BANGALORE - MES||GE (I) RND (W) BANGALORE - MES,29-Sep-2025 06:00 PM,https://defproc.gov.in/nicgep/app?component=%24DirectLink&page=FrontEndLatestActiveCorrigendums&service=direct&session=T&sp=SVAZcAXmWRWB7LCLiTDh%2BLQ%3D%3D
743,2025_ICG_733191_1,[344/156/16/25-26],29-Sep-2025 03:00 PM,Indian Coast Guard||CG Commander Western SeaBoard||RHQs (NW)||CG DHQ-1 PORBANDAR,06-Oct-2025 10:00 AM,https://etender.up.nic.in/nicgep/app?component=%24DirectLink_0&page=FrontEndAdvancedSearchResult&service=direct&session=T&sp=SgDDkZ%2B8Mj4j669oZKVa3jQ%3D%3D
744,2025_MES_729148_1,"[CA NO CWE/AMB/NORTH-39 OF 2025-26 REPAIRS TO JOINERY, PLUMBING, SANITARY, ROOF PLASTERING AND OTHER CONNECTED BLDG REPAIR WORKS IN OTM-VII ACCN OF AGE B/R-I(N) UNDER GE(NORTH) AMBALA CANTT]",06-Sep-2025 02:30 PM,E-IN-C BRANCH - MILITARY ENGINEER SERVICES||CE WC AND CE CHANDIGARH ZONE - MES||CWE AMBALA - MES,02-Oct-2025 06:00 PM,https://defproc.gov.in/nicgep/app?component=%24DirectLink&page=FrontEndLatestActiveCorrigendums&service=direct&session=T&sp=S%2B0%2F0U06gRn%2F0CJq2gsMpVQ%3D%3D
745,2025_MES_722923_2,"[CAMOUFLAGE PAINTING AND CERTAIN MISC B/R AND E/M WORKS IN WSA IN TECH AREA AT 20 WING, AF STN BAGDOGRA UNDER GE (AF) BAGDOGRA]",18-Sep-2025 02:00 PM,E-IN-C BRANCH - MILITARY ENGINEER SERVICES||CE EC AND CE (AF) SHILLONG - MES||CWE (AF) BAGDOGRA - (AF) Shillong Zone- MES||GE (AF) BAGDOGRA - (AF) Shillong Zone- MES,03-Oct-2025 06:00 PM,https://defproc.gov.in/nicgep/app?component=%24DirectLink&page=FrontEndLatestActiveCorrigendums&service=direct&session=T&sp=SoeRrjpzW3h0H20XghLOQVQ%3D%3D
746,2025_MES_730626_1,"[REPAIR/REPLACEMENT OF FRESH WATER DISTRIBUTION PIPELINES OF VARIOUS SIZES 25MM/40MM/50MM AND DAY TO DAY MAINTENANCE ATTENDING COMPLAINTS/BREAKDOWNS/CALL ON REPAIRS INCLUDING ALLIED WORKS AT  NAVAL DOCKYARD, VISAKHAPATNAM UNDER GE(I) DM VISAKHAPATNAM]",12-Sep-2025 06:00 PM,E-IN-C BRANCH - MILITARY ENGINEER SERVICES||CE EC AND CE (NAVY) VIZAG - MES||GE (I) (DM) VISAKHAPATNAM - MES||GE I DM VIZAG - MES,03-Oct-2025 06:00 PM,https://defproc.gov.in/nicgep/app?component=%24DirectLink&page=FrontEndLatestActiveCorrigendums&service=direct&session=T&sp=SP3zip%2BEStknbS5qHjaBs9Q%3D%3D
747,2025_MES_731340_1,[REPAIR REPLACEMENTS TO ROOF TREATMENT SUNKEN TREATMENT ROOF SHEET SEEPAGE CHAJJAS WATER TANK TILLING PLUMBING AND OTHER MISC WORK AT ARUN KHETRAPAL ENCLAVE AND CORPS COMPLEX AREA UNDER AGE BR II AT SUKNA MIL STN],18-Sep-2025 06:00 PM,E-IN-C BRANCH - MILITARY ENGINEER SERVICES||CE EC AND CE SILIGURI ZONE - MES||CWE BENGDUBI - MES||GE SUKNA - MES,09-Oct-2025 06:00 PM,https://etender.up.nic.in/nicgep/app?component=%24DirectLink_0&page=FrontEndAdvancedSearchResult&service=direct&session=T&sp=SPx0GQ9UwlnhuYtkQO%2Bg08A%3D%3D
748,2025_MES_721501_1,"[PROVN OF TRAINING INFRASTRUCTURE TO INCLUDE  COURTS FOR VOLLEYBALL, BADMINTON AND  BASKETBALL COURT ETC AT ARC UNDER GE SHILLONG]",19-Jul-2025 06:00 PM,E-IN-C BRANCH - MILITARY ENGINEER SERVICES||CE EC AND CE SHILLONG ZONE - MES,16-Oct-2025 06:00 PM,https://defproc.gov.in/nicgep/app?component=%24DirectLink&page=FrontEndLatestActiveCorrigendums&service=direct&session=T&sp=STb31LzqRPcUITOYk9KGs9g%3D%3D
749,2025_MES_729176_1,[138WE/L-176/2025-26],03-Sep-2025 03:00 PM,E-IN-C BRANCH - MILITARY ENGINEER SERVICES||CE NC AND CE LEH ZONE - MES||HQ 138 WORKS ENGR - MES,01-Oct-2025 06:00 PM,https://defproc.gov.in/nicgep/app?component=%24DirectLink&page=FrontEndLatestActiveCorrigendums&service=direct&session=T&sp=SIqHxzeIDcsxm6ww0kk8erg%3D%3D
750,2025_MES_728799_1,[PROVISION OF PQC PCC ROAD AT VARIOUS LOCATIONS UNDER  CGDHQ 3 NEW MANGALORE ],01-Sep-2025 05:10 PM,E-IN-C BRANCH - MILITARY ENGINEER SERVICES||ADG (CG AND PROJECT) CHENNAI AND CE (CG) GOA - MES,29-Sep-2025 06:00 PM,https://defproc.gov.in/nicgep/app?component=%24DirectLink&page=FrontEndLatestActiveCorrigendums&service=direct&session=T&sp=SMA7rKtu0m8t2HT%2BZkzpl3Q%3D%3D
751,2025_MES_728813_1,"[PROVISION OF RETAINING WALL NEAR POWER DISTRIBUTION ROOM AND CONNECTING ROAD AT PANCHWATI, RANGAT UNDER GE (S) DIGLIPUR]",01-Sep-2025 06:00 PM,E-IN-C BRANCH - MILITARY ENGINEER SERVICES||CE SC AND CE (A and N) ZONE - MES||CWE No. 2 PORT BLAIR - MES||GE (SOUTH) DIGLIPUR - MES,29-Sep-2025 06:00 PM,https://defproc.gov.in/nicgep/app?component=%24DirectLink&page=FrontEndLatestActiveCorrigendums&service=direct&session=T&sp=SyyclZP38hZnhnONf2t4lgg%3D%3D
752,2025_MES_711591_1,[PROVISION OF DEFICIENT MD ACCN FOR SGT AND BELOW AT AF STATION NAJAFGARH UNDER GE AF TUGHLAKABAD ],30-May-2025 06:30 PM,E-IN-C BRANCH - MILITARY ENGINEER SERVICES||CESC AND CE (AF) NAGPUR - MES,17-Oct-2025 06:00 PM,https://defproc.gov.in/nicgep/app?component=%24DirectLink&page=FrontEndLatestActiveCorrigendums&service=direct&session=T&sp=SNtO2N2Yr2YtftFRiQou3yg%3D%3D
753,2025_MES_731139_1,[SPL REPAIR OF GUIDE RAILS AND ELECTRIFICATION OF HANGER DOORS OF BLDG NO P-254 AND P-255 OF 14 FLT OF 661 AAS AND OTHER SANCTIONED WORKS UNDER GE (WEST) JRC],16-Sep-2025 01:00 PM,E-IN-C BRANCH - MILITARY ENGINEER SERVICES||CE WC AND CE JALANDHAR ZONE - MES||CWE JALANDHAR - MES||GE (WEST) JALANDHAR CANTT - MES,06-Oct-2025 06:00 PM,https://etender.up.nic.in/nicgep/app?component=%24DirectLink_0&page=FrontEndAdvancedSearchResult&service=direct&session=T&sp=SFyoxu4zakO5oXCHpDaPoIg%3D%3D
754,2025_MES_729127_1,[PROVN OF RETAINING WALL CHAIN LINK FENCING AT VARIOUS LOCATIONS INSIDE COLLEGE AREA AT DSSC WELLINGTON],03-Sep-2025 01:00 PM,E-IN-C BRANCH - MILITARY ENGINEER SERVICES||CE SC AND CE CHENNAI ZONE  - MES||CWE WELLINGTON - MES||GE DSSC WELLINGTON -MES,01-Oct-2025 06:00 PM,https://defproc.gov.in/nicgep/app?component=%24DirectLink&page=FrontEndLatestActiveCorrigendums&service=direct&session=T&sp=ScMiUIZPcoSbPK41%2Fm%2Bak%2BQ%3D%3D
755,2025_MES_729273_1,[REPAIR MAINT OF RAISING LINES AND CONNECTED WORKS UNDER GE NARANGI],04-Sep-2025 09:00 AM,E-IN-C BRANCH - MILITARY ENGINEER SERVICES||CE EC AND CE SHILLONG ZONE - MES||CWE Shillong - MES||GE NARANGI - MES,01-Oct-2025 06:00 PM,https://defproc.gov.in/nicgep/app?component=%24DirectLink&page=FrontEndLatestActiveCorrigendums&service=direct&session=T&sp=S5qItwyAcNZ0nF1t8o9KLWw%3D%3D
756,2025_MES_729473_1,[ANNUNAL MAINTENANCE TO WALL TOILET KITCHEN PLASTERING ROOF TREATMENT FLOORING BATHROOM SAINATRY FITTING AND OTHER MISC REPAIR IN MD ACCN IN ZONE- I II  AREA  UNDER AGE B/R-1 OF GE (NORTH) MEERUT CANTT],04-Sep-2025 06:00 PM,E-IN-C BRANCH - MILITARY ENGINEER SERVICES||CE CC AND CE BAREILLY ZONE - MES||CWE MEERUT - MES||GE (N) MEERUT - MES,03-Oct-2025 06:00 PM,https://defproc.gov.in/nicgep/app?component=%24DirectLink&page=FrontEndLatestActiveCorrigendums&service=direct&session=T&sp=Sw1DofQQLDBjxM964j22sXw%3D%3D
757,2025_MES_732502_1,"[REPAIR TO PARAPET, CHAJJA, FACIA AND EXPOSED SURFACES OF STRUCTURE UNDER AGE BR III OF GE (A) JAISALMER]",24-Sep-2025 05:00 PM,E-IN-C BRANCH - MILITARY ENGINEER SERVICES||CESC AND CE JODHPUR ZONE - MES||CWE JAISALMER - MES||GE (ARMY) JAISALMER - MES,15-Oct-2025 06:00 PM,https://etender.up.nic.in/nicgep/app?component=%24DirectLink_0&page=FrontEndAdvancedSearchResult&service=direct&session=T&sp=SIzfKHzPuJKBdoILHNgahqg%3D%3D
758,2025_MES_732661_1,[SPECIAL REPAIR TO BLDG NO P 777 AT SARVATRA HABITAT SCHOOL OF ARTY UNDER THE AOR OF GE DEVLALI],25-Sep-2025 06:00 PM,E-IN-C BRANCH - MILITARY ENGINEER SERVICES||CE SC AND CE PUNE ZONE - MES||CWE DEOLALI - MES||GE DEOLALI - MES,16-Oct-2025 06:00 PM,https://etender.up.nic.in/nicgep/app?component=%24DirectLink_0&page=FrontEndAdvancedSearchResult&service=direct&session=T&sp=Sx46DriwoHzub%2FJtHVtu0Tg%3D%3D
759,2025_MES_716936_2,"[SPECIAL REPAIR/REPLACEMENT OF BER TRANSFORMER,WATER COOLERS, CEILING FANS, GEYSERS AND REFRIGERATORS UNDER GE (A) AHMEDABAD ]",09-Sep-2025 11:00 AM,E-IN-C BRANCH - MILITARY ENGINEER SERVICES||CESC AND CE JODHPUR ZONE - MES||CWE AHMEDABAD - MES,29-Sep-2025 06:00 PM,https://defproc.gov.in/nicgep/app?component=%24DirectLink&page=FrontEndLatestActiveCorrigendums&service=direct&session=T&sp=Sd5FQL%2FgLrfYEV0UDcFK%2BPA%3D%3D
760,2025_MES_731143_1,[COMPLETION OF INCOMPLETE WORKS FOR PROVN OF EXTERNAL POWER SUPPLY TO CENTRAL AIR CONDITIONING PLANT OF CERTAIN BLDGS  UNDER GE P AF TEZPUR],16-Sep-2025 05:00 PM,E-IN-C BRANCH - MILITARY ENGINEER SERVICES||CE EC AND CE (AF) SHILLONG - MES||GE (I) (P) (AF) TEZPUR - MES,09-Oct-2025 06:00 PM,https://defproc.gov.in/nicgep/app?component=%24DirectLink&page=FrontEndLatestActiveCorrigendums&service=direct&session=T&sp=Sq2vxlX2ClwYOzZWNxBHb%2Fg%3D%3D
761,2025_MES_731705_1,[PROVN OF UG SUMP AT SGNR MIL STN (AMWP FY 2024-25)],19-Sep-2025 06:00 PM,E-IN-C BRANCH - MILITARY ENGINEER SERVICES||CE SWC AND CE BATHINDA ZONE - MES||CWE GANGANAGAR - MES,11-Oct-2025 06:00 PM,https://etender.up.nic.in/nicgep/app?component=%24DirectLink_0&page=FrontEndAdvancedSearchResult&service=direct&session=T&sp=SrF74UAN%2BVvKeH2i5BFFULw%3D%3D
762,2025_IAF_720278_1,[PROCUREMENT OF SPARES FOR IL-78 AIRCRAFT],14-Jul-2025 05:00 PM,Indian Air Force||AOM NEW DELHI - IAF||ACAS (Procurement) - IAF||D Procurement - IAF,07-Oct-2025 03:00 PM,https://defproc.gov.in/nicgep/app?component=%24DirectLink&page=FrontEndLatestActiveCorrigendums&service=direct&session=T&sp=Sf2EFyaNencWIZMD0Wl7%2FJg%3D%3D
763,2025_MES_715216_1,[PROVN  OF 21 X TYPE-II GOVT MD ACCN FOR DEFENCE CIVILIANS AGAINST EXISTING DEFI AT  LUCKNOW],18-Jun-2025 11:00 AM,E-IN-C BRANCH - MILITARY ENGINEER SERVICES||CE CC AND CE LUCKNOW ZONE - MES,04-Oct-2025 06:00 PM,https://defproc.gov.in/nicgep/app?component=%24DirectLink&page=FrontEndLatestActiveCorrigendums&service=direct&session=T&sp=SbUimLD8FdxotntVlPM4oog%3D%3D
764,2025_MES_733038_1,[REPAIR REPLACEMENT TO CERTAIN MISC BR WORK IN MARRIED ACCN IN DOMESTIC AREA UNDER GE AF JAMMU],27-Sep-2025 03:00 PM,E-IN-C BRANCH - MILITARY ENGINEER SERVICES||CE NC AND CE (AF) UDHAMPUR - MES||CWE (AF) JAMMU - MES||GE (AF) JAMMU - MES,18-Oct-2025 06:00 PM,https://etender.up.nic.in/nicgep/app?component=%24DirectLink_0&page=FrontEndAdvancedSearchResult&service=direct&session=T&sp=SRc3vXxXwSgEinYv21tnJcA%3D%3D
765,2025_MES_731955_1,[REPAIR MAINT CUM COMPREHENSIVE MAINT OF LIFT AT NOM VARUNA UNDER GE NEW DELHI],22-Sep-2025 06:00 PM,E-IN-C BRANCH - MILITARY ENGINEER SERVICES||CE WC and CE DELHI ZONE-MES||CWE NEW DELHI-MES,11-Oct-2025 06:00 PM,https://etender.up.nic.in/nicgep/app?component=%24DirectLink_0&page=FrontEndAdvancedSearchResult&service=direct&session=T&sp=S%2B9EW7PaQtJjqTyOv7a8ScQ%3D%3D
766,2025_MES_733045_1,"[8125/SAR-T-57/2025-26 REPAIR/ MAINT OF PERIMETER SECURITY LIGHTS, FLOOD LIGHTS AND CONNECTED ITEMS AND REPAIR/ MAINT OF EARTHING PITS, LIGHTING ARRESTER, POWER SUPPLY EARTHING AND EARTH TESTING AND CONNECTED ITEMS AT AF STN SARSAWA UNDER GE (AF) SARS]",27-Sep-2025 05:00 PM,E-IN-C BRANCH - MILITARY ENGINEER SERVICES||CE WC and CE(AF) WAC PALAM-MES||CWE (AF) Ambala-MES||GE (AF) Sarsawa-MES,18-Oct-2025 06:00 PM,https://etender.up.nic.in/nicgep/app?component=%24DirectLink_0&page=FrontEndAdvancedSearchResult&service=direct&session=T&sp=Sr7ivoFhqXfjrMBEzN8%2BzaA%3D%3D
767,2025_MES_731478_1,[CA NO CWEAFJ-24/2025-26  REPAIR / RESURFACING OF ROADS IN TECHNICAL AREA AND DOMESTIC AREA AT AF STATION JAMMU AND KALUCHAK AREA  UNDER GE (AF)  JAMMU],18-Sep-2025 06:00 PM,E-IN-C BRANCH - MILITARY ENGINEER SERVICES||CE NC AND CE (AF) UDHAMPUR - MES||CWE (AF) JAMMU - MES,16-Oct-2025 06:00 PM,https://etender.up.nic.in/nicgep/app?component=%24DirectLink_0&page=FrontEndAdvancedSearchResult&service=direct&session=T&sp=SzyhLyzjdZ64X6Zr3P%2BVpjA%3D%3D
768,2025_DGDE_727691_2,"[Comprehensive contract for Supply, Plantation and Maintenance of Imported Tulip Bulbs ]",17-Sep-2025 09:00 AM,Directorate General Defence Estates||Principal Directorate Defence Estates -Western Command Chandigarh||Cantonment Board Delhi -WC Chandigarh,08-Oct-2025 03:00 PM,https://etender.up.nic.in/nicgep/app?component=%24DirectLink_0&page=FrontEndAdvancedSearchResult&service=direct&session=T&sp=SbqeUIv4p39bCVzp82xAJlA%3D%3D
769,2025_MES_730712_1,[GE/WS/Token No-34 OF 2025-26],13-Sep-2025 05:00 PM,E-IN-C BRANCH - MILITARY ENGINEER SERVICES||CE WC and CE DELHI ZONE-MES||CWE (U) DELHI CANTT-MES||GE(U)WATER SUPPLY DELHI CANTT-MES,04-Oct-2025 06:00 PM,https://etender.up.nic.in/nicgep/app?component=%24DirectLink_0&page=FrontEndAdvancedSearchResult&service=direct&session=T&sp=SOQlM%2FgTSg5NVY5e149ijWw%3D%3D
770,2025_MES_731512_1,[Special repair to hangers of 5 ASC at AfS jodhpur Provn of cooling tower at WSA and 23 MMPU at AFS Jodhpur  ad Provn of Misc EM wks at certain locations at AF Stn Jodhpur],18-Sep-2025 06:00 PM,E-IN-C BRANCH - MILITARY ENGINEER SERVICES||CE SWC AND CE (AF) GANDHINAGAR - MES||CWE (AF) JODHPUR - MES||GE (AF) No. 2 JODHPUR - MES,08-Oct-2025 06:00 PM,https://defproc.gov.in/nicgep/app?component=%24DirectLink&page=FrontEndLatestActiveCorrigendums&service=direct&session=T&sp=St1kvJ5cvEBnjnzn3SHyo7w%3D%3D
771,2025_MES_729583_1,[REPAIR MAINT OF CEILING FAN EXHAUST FAN WITH CONNECTED ACCESSORIES INCLUDING SAFETEY CHECKING OF CEILING FAN AND OTHER MISC E M FITTINGS AND FIXTURE IN HIGH RISE BUILDING AT RS COLABA NAVY  NAGAR COLABA MUMBAI],05-Sep-2025 06:00 PM,E-IN-C BRANCH - MILITARY ENGINEER SERVICES||CESC AND CE( NAVY )MUMBAI - MES||CWE (NW) MUMBAI - MES||GE (NW) NAVY NAGAR - MES,03-Oct-2025 06:00 PM,https://defproc.gov.in/nicgep/app?component=%24DirectLink&page=FrontEndLatestActiveCorrigendums&service=direct&session=T&sp=S6qI8ckg1DwfMrkw3oVJO6w%3D%3D
772,2025_MES_729674_1,[WELCOME MAINTENANCE AND PERIODICAL SERVICES INCLUDING CERTAIN B/R WORK TO MARRIED AND OTM ACCN AT DHARAMPUR UNDER GE (I) CG PORBANDAR],06-Sep-2025 04:00 PM,E-IN-C BRANCH - MILITARY ENGINEER SERVICES||ADG (CG AND PROJECT) CHENNAI AND CE (CG) GOA - MES||GE (CG) PORBANDAR - MES,02-Oct-2025 06:00 PM,https://defproc.gov.in/nicgep/app?component=%24DirectLink&page=FrontEndLatestActiveCorrigendums&service=direct&session=T&sp=SaUziRFIgscPTTNkp0S6wTA%3D%3D
773,2025_MES_730662_1,[SPECIAL REPAIR TO ROAD AT 41 SUB AREA AND SARAIBAHI IN JORHAT MIL STN],12-Sep-2025 06:30 PM,E-IN-C BRANCH - MILITARY ENGINEER SERVICES||CE EC AND CE SHILLONG ZONE - MES||CWE Likabali - MES,10-Oct-2025 06:00 PM,https://defproc.gov.in/nicgep/app?component=%24DirectLink&page=FrontEndLatestActiveCorrigendums&service=direct&session=T&sp=SrvYV2ahW61vMvsUgh3lyew%3D%3D
774,2025_MES_728544_1,[PROVN OF 03 PHASE POWER SUPPLY TO CERTAIN KITCHEN EQUIPMENT AND PROVN OF STANDBY CENTRALISED RO PLANT AT ICGS JAKHAU UNDER AGE (I) (CG) JAKHAU],30-Aug-2025 06:00 PM,E-IN-C BRANCH - MILITARY ENGINEER SERVICES||ADG (CG AND PROJECT) CHENNAI AND CE (CG) GOA - MES||AGE (I) CG JAKHAU - MES,29-Sep-2025 06:00 PM,https://defproc.gov.in/nicgep/app?component=%24DirectLink&page=FrontEndLatestActiveCorrigendums&service=direct&session=T&sp=SnIg9S7NobWk8AaHM1yw5IA%3D%3D
775,2025_MES_731289_1,"[REPAIR/MAINT OF CENTRAL HEATING PLANT, STAND ALONE CHS AND ELECT CHS AND OTHER CONNECTED WORKS AT NIMU/NURLA UNDER AGE (I) NIMU]",17-Sep-2025 12:00 PM,E-IN-C BRANCH - MILITARY ENGINEER SERVICES||CE NC AND CE LEH ZONE - MES||CWE KUMBATHANG - MES,08-Oct-2025 12:00 PM,https://etender.up.nic.in/nicgep/app?component=%24DirectLink_0&page=FrontEndAdvancedSearchResult&service=direct&session=T&sp=SnYERE2Ry9WdZVLCaVV7oeg%3D%3D
776,2025_MES_731108_1,[PROVN OF RAIN WATER HARVESTING PROJECT IN KALIMPONG MIL STN UNDER GE 867 EWS],16-Sep-2025 11:00 AM,E-IN-C BRANCH - MILITARY ENGINEER SERVICES||CE EC AND CE SILIGURI ZONE - MES||HQ 136 WORKS ENGINEERS - MES||GE 867 EWS - MES,07-Oct-2025 06:00 PM,https://defproc.gov.in/nicgep/app?component=%24DirectLink&page=FrontEndLatestActiveCorrigendums&service=direct&session=T&sp=SkXqlH7tlLFJwIfbeOXUZ1Q%3D%3D
777,2025_MES_730938_1,"[SPECIAL REAIR REPLACEMENT OF LIGHTNING CONDUCTORS VARIOUS WATCH TOWERS WITH CONNECTED ITEMS, PROVN OF LIGHTNING CONDUCTORS WITH CONNECTED ACCESSORIES AT VARIOUS LOCATIONS, PROVN OF ELECTRIC CHIMNEY IN BLDG NO P-609, P-610 (OR COOK HOUSE) AND OP T-235]",15-Sep-2025 02:00 PM,E-IN-C BRANCH - MILITARY ENGINEER SERVICES||CE EC AND CE SHILLONG ZONE - MES||CWE HQ 137 WE - MES||GE 868 EWS - MES,04-Oct-2025 06:00 PM,https://defproc.gov.in/nicgep/app?component=%24DirectLink&page=FrontEndLatestActiveCorrigendums&service=direct&session=T&sp=SbxqzCyuB4Rh7ZI4L%2BHS5cg%3D%3D
778,2025_MES_707063_2,[SPECIAL REPAIR TO REPLACEMENT OF BER HT EQPTS AT WELLINGTON STN UNDER GE WELLINGTON],04-Sep-2025 06:00 PM,E-IN-C BRANCH - MILITARY ENGINEER SERVICES||CE SC AND CE CHENNAI ZONE  - MES||CWE WELLINGTON - MES,29-Sep-2025 06:00 PM,https://defproc.gov.in/nicgep/app?component=%24DirectLink&page=FrontEndLatestActiveCorrigendums&service=direct&session=T&sp=SYBfxkLDdUfz%2F8swkhkKcTA%3D%3D
779,2025_MES_729315_1,[SMART PERIODICAL SERVICES AT ZONE C AND D AT LGJ MIL STN],04-Sep-2025 06:00 PM,E-IN-C BRANCH - MILITARY ENGINEER SERVICES||CE SWC AND CE BATHINDA ZONE - MES||CWE GANGANAGAR - MES||GE LALGARH JATTAN - MES,02-Oct-2025 06:00 PM,https://etender.up.nic.in/nicgep/app?component=%24DirectLink_0&page=FrontEndAdvancedSearchResult&service=direct&session=T&sp=StCFwStL49gQfzFKHx9c80A%3D%3D
780,2025_MES_730298_1,"[PROVISION OF YOGA CENTRE AT CIVILLIAN DEFENCE COLONY (SAGAR) GARHI CANTT, PARKING SHED AT 14 LEADING QUARTER AND ADDITION/ ALTERATION OF CONFERENCE HALL IN BLDG NO. P-41 AT NHO, DEHRADUN]",10-Sep-2025 06:50 PM,E-IN-C BRANCH - MILITARY ENGINEER SERVICES||CE CC AND CE BAREILLY ZONE - MES||CWE HILLS DEHRADUN -  MES||GE (MES) Clement Town - MES,03-Oct-2025 06:00 PM,https://defproc.gov.in/nicgep/app?component=%24DirectLink&page=FrontEndLatestActiveCorrigendums&service=direct&session=T&sp=Soks7Xi5gaOz9PpmzbHLBjw%3D%3D
781,2025_MES_733054_1,"[8125/SAR-T-59/2025-26 REPAIR/ MAINT OF PLASTERING, TILING, PLUMBING, JOINERY, STEEL WORK, SHEETING, ROOF TREATMENT AND CERTAIN MISC ITEMS AT RESTRICTED AREA AT SG AND PTS (VIKAS) SARSAWA UNDER GE (AF) SARSAWA]",27-Sep-2025 05:00 PM,E-IN-C BRANCH - MILITARY ENGINEER SERVICES||CE WC and CE(AF) WAC PALAM-MES||CWE (AF) Ambala-MES||GE (AF) Sarsawa-MES,18-Oct-2025 06:00 PM,https://etender.up.nic.in/nicgep/app?component=%24DirectLink_0&page=FrontEndAdvancedSearchResult&service=direct&session=T&sp=SvDhQIzNSG4h%2FzpLLrmHYdg%3D%3D
782,2025_IAF_722954_1,[PROCUREMENT OF SPARES FOR MIRAGE AIRCRAFT],28-Jul-2025 05:00 PM,Indian Air Force||AOM NEW DELHI - IAF||ACAS (Procurement) - IAF||D Procurement - IAF,16-Oct-2025 03:00 PM,https://defproc.gov.in/nicgep/app?component=%24DirectLink&page=FrontEndLatestActiveCorrigendums&service=direct&session=T&sp=SdhwWpgtbkItXEuWj1jRK%2Fg%3D%3D
783,2025_IAF_718453_1,[PROCUREMENT OF SPARES FOR SU-30 MKI AIRCRAFT],04-Jul-2025 05:00 PM,Indian Air Force||AOM NEW DELHI - IAF||ACAS (Procurement) - IAF||D Procurement - IAF,31-Oct-2025 03:00 PM,https://defproc.gov.in/nicgep/app?component=%24DirectLink&page=FrontEndLatestActiveCorrigendums&service=direct&session=T&sp=SeU8nVqJtZ5sXDgQD0sicPw%3D%3D
784,2025_MES_733125_1,[REPAIR MAINTENANCE AND RESTRINGING OF LT DISTRIBUTION OVER HEAD LINES REPLACEMENT OF UNSERVICEABLE ACSR CONDUCTOR UNSV POLES LT FEEDER PILLAR BOX APFC PANELVOLTAGE STABILIZERS UG CABLES EARTHINGS AT ZONE A JALIPA MIL STN GE A BARMER],29-Sep-2025 09:00 AM,E-IN-C BRANCH - MILITARY ENGINEER SERVICES||CESC AND CE JODHPUR ZONE - MES||CWE JAISALMER - MES||GE (ARMY) BARMER - MES,20-Oct-2025 06:00 PM,https://etender.up.nic.in/nicgep/app?component=%24DirectLink_0&page=FrontEndAdvancedSearchResult&service=direct&session=T&sp=SdLLtQ2pUG55kSMyoQz9yXg%3D%3D
785,2025_MES_727872_1,[138WE/L-169/2025-26],26-Aug-2025 04:00 PM,E-IN-C BRANCH - MILITARY ENGINEER SERVICES||CE NC AND CE LEH ZONE - MES||HQ 138 WORKS ENGR - MES,29-Sep-2025 06:00 PM,https://defproc.gov.in/nicgep/app?component=%24DirectLink&page=FrontEndLatestActiveCorrigendums&service=direct&session=T&sp=Sq5onhB48sucqBtKX7CQE8Q%3D%3D
786,2025_MES_729620_1,"[MAINT AND REPAIR/REPLACEMENT OF UNSERVICEABLE WIRING, MCBs, MCCBs, DBs, LIGHTS SUMMER AND WINTER APPLIANCES INCL ATTENDING DAY TO DAY PETTY COMPLAINTS AT OTM ACCN 35 INF BDE, 16 KUMAON, 18 GRENADIERS, 227 WKSHOP AND OTHER OTM LOCATIONS ]",06-Sep-2025 01:00 PM,E-IN-C BRANCH - MILITARY ENGINEER SERVICES||CE WC and CE DELHI ZONE-MES||CWE NEW DELHI-MES||GE (S) NEW DELHI-MES,04-Oct-2025 06:00 PM,https://defproc.gov.in/nicgep/app?component=%24DirectLink&page=FrontEndLatestActiveCorrigendums&service=direct&session=T&sp=S%2FSgAoRmf9gXfdWHoZJhA0Q%3D%3D
787,2025_MES_729612_1,[SPL REPAIR TO UPS AGAINST BER INSTALLED AT AHRR UNDER GE E/M RR DELHI CANTT-10],06-Sep-2025 06:00 PM,E-IN-C BRANCH - MILITARY ENGINEER SERVICES||CE WC and CE DELHI ZONE-MES,14-Oct-2025 06:00 PM,https://defproc.gov.in/nicgep/app?component=%24DirectLink&page=FrontEndLatestActiveCorrigendums&service=direct&session=T&sp=SJTFy8JA9xKO2VYFLdjA2QA%3D%3D
788,2025_MES_729412_1,[Repair/Maintenance of Misc Articles of furniture under GE (West) Delhi Cantt-10],04-Sep-2025 05:00 PM,E-IN-C BRANCH - MILITARY ENGINEER SERVICES||CE WC and CE DELHI ZONE-MES||CWE (P) DELHI CANTT-MES,02-Oct-2025 06:00 PM,https://defproc.gov.in/nicgep/app?component=%24DirectLink&page=FrontEndLatestActiveCorrigendums&service=direct&session=T&sp=S%2FujCpo5wm9GsHmjNXko3UQ%3D%3D
789,2025_BRO_700678_1,[Construction of road from Cheema to Leechi Nallah Km 16.950 to Km 56.200 to NHSL with paved shoulder specifications and connecting road to Gurdaligali Post length 3.170 and Sarson Post length 1.310 Km to NHSL specification 99 RCC 760 TF P BCN],08-Mar-2025 09:00 AM,Dte General Border Roads Organisation||HQ CE(P) Beacon(Srinagar) - BRO,29-Nov-2025 12:00 PM,https://defproc.gov.in/nicgep/app?component=%24DirectLink&page=FrontEndLatestActiveCorrigendums&service=direct&session=T&sp=S42NVBq3DEThTBrrQt%2BfrNQ%3D%3D
790,2025_MES_731201_1,"[Term Contract for artificer work for office complex HQ CWE (U), GE (U) W/S, GE (U) E/S , AGE (I) (U) B/R and JCO/OR Single living accn/mess of HQ CEDZ area under AGE (I)(U) B/R, Delhi Cantt-10]",16-Sep-2025 04:00 PM,E-IN-C BRANCH - MILITARY ENGINEER SERVICES||CE WC and CE DELHI ZONE-MES||CWE (U) DELHI CANTT-MES||AGE (I)(U) B and R DELHI CNATT-MES,08-Oct-2025 06:00 PM,https://etender.up.nic.in/nicgep/app?component=%24DirectLink_0&page=FrontEndAdvancedSearchResult&service=direct&session=T&sp=SV6rlHfQBJbdOOvPRbaR50w%3D%3D
791,2025_DGDE_730839_1,"[Arrangement of Light, Generator, Mike, Chair and Control Room at Ganga Ghats Danapur Cantt.]",13-Sep-2025 05:00 PM,Directorate General Defence Estates||Principal Directorate Defence Estates- Central Command Lucknow||Cantonment Board Danapur- CC Lucknow,01-Oct-2025 03:00 PM,https://etender.up.nic.in/nicgep/app?component=%24DirectLink_0&page=FrontEndAdvancedSearchResult&service=direct&session=T&sp=S19rpkH1zLpjvQBRU6BrEbw%3D%3D
792,2025_MES_731696_1,"[REPAIR TO BOUNDARY WALL, GATES, FENCING, DRAIN, CULVERT AND CONNECTED WORK UNDER AGE B/R -II AT GE JHANSI]",19-Sep-2025 01:00 PM,E-IN-C BRANCH - MILITARY ENGINEER SERVICES||CESC AND CE BHOPAL ZONE  - MES||CWE JHANSI - MES,13-Oct-2025 06:00 PM,https://defproc.gov.in/nicgep/app?component=%24DirectLink&page=FrontEndLatestActiveCorrigendums&service=direct&session=T&sp=S5KLuF2DKuERSLTQSxh5XaA%3D%3D
793,2025_MES_728112_1,[PROVN OF ADDN TOILET WITH BATH IN CERTAIN SMQS AT AF STN JAIPUR],28-Aug-2025 06:00 PM,E-IN-C BRANCH - MILITARY ENGINEER SERVICES||CE SWC AND CE (AF) GANDHINAGAR - MES||CWE (AF) JODHPUR - MES,22-Oct-2025 06:00 PM,https://defproc.gov.in/nicgep/app?component=%24DirectLink&page=FrontEndLatestActiveCorrigendums&service=direct&session=T&sp=SQLJhlHvlYX%2BBm5GpRWAvSA%3D%3D
794,2025_MES_727843_1,"[CWE/CHM-82/2025-26  REPAIR TO COMPOUND WALL, FENCING, DRAIN, PATHS, CULVERTS ETC IN OTM ACCN UNDER AGE B/R-II OF GE CHANDIMANDIR AT CHANDIMANDIR MIL STN ]",26-Aug-2025 05:00 PM,E-IN-C BRANCH - MILITARY ENGINEER SERVICES||CE WC AND CE CHANDIGARH ZONE - MES||CWE CHANDIMANDIR - MES,30-Sep-2025 06:00 PM,https://defproc.gov.in/nicgep/app?component=%24DirectLink&page=FrontEndLatestActiveCorrigendums&service=direct&session=T&sp=SyOmwiC%2F6t3FjxNq0p%2BVc2Q%3D%3D
795,2025_MES_731748_1,[SPECIAL REPAIR OF BLDG NO. P-138 AND P-143 (12 X OR MD ACCN) AT CANTT UNDER GE (WEST) PRAYAGRAJ.],19-Sep-2025 04:00 PM,E-IN-C BRANCH - MILITARY ENGINEER SERVICES||CE CC AND CE LUCKNOW ZONE - MES||CWE ALLAHABAD - MES,10-Oct-2025 06:00 PM,https://etender.up.nic.in/nicgep/app?component=%24DirectLink_0&page=FrontEndAdvancedSearchResult&service=direct&session=T&sp=SQA7twCxxJJbfZi8cBINY5Q%3D%3D
796,2025_MES_728173_1,[PROVN OF SOLID WASTE MANAGEMENT AT JAISALMERMIL STATION UNDER GE (A) JAISALMER. (JOB No. 01/AMWP/2024-25/Q)],28-Aug-2025 06:00 PM,E-IN-C BRANCH - MILITARY ENGINEER SERVICES||CESC AND CE JODHPUR ZONE - MES||CWE JAISALMER - MES,11-Oct-2025 06:00 PM,https://defproc.gov.in/nicgep/app?component=%24DirectLink&page=FrontEndLatestActiveCorrigendums&service=direct&session=T&sp=SHMSRBfxetYjYrVhWJFDD7A%3D%3D
797,2025_MES_728738_1,[REPAIR/MAINT OF LT CABLE DISTRIBUTION NETWORK ALONGWITH  ALLIED WORK AT CANTT AREA UNDER GE (I) KANPUR],01-Sep-2025 02:00 PM,E-IN-C BRANCH - MILITARY ENGINEER SERVICES||CE CC AND CE LUCKNOW ZONE - MES||CWE KANPUR - MES||GE MES KANPUR - MES,29-Sep-2025 06:00 PM,https://defproc.gov.in/nicgep/app?component=%24DirectLink&page=FrontEndLatestActiveCorrigendums&service=direct&session=T&sp=S%2F0AHswfr6fq%2BYEKhN0dPZA%3D%3D
798,2025_MES_731245_1,[TERM CONTRACT FOR ARTIFICER WORKS AT LACHUNG LANKA BITCHU AND CHATTEN CHUNGTHANG RANGMA RANGE AND THENG UNDER GE 867 EWS],17-Sep-2025 09:00 AM,E-IN-C BRANCH - MILITARY ENGINEER SERVICES||CE EC AND CE SILIGURI ZONE - MES||HQ 136 WORKS ENGINEERS - MES||GE 867 EWS - MES,08-Oct-2025 06:00 PM,https://defproc.gov.in/nicgep/app?component=%24DirectLink&page=FrontEndLatestActiveCorrigendums&service=direct&session=T&sp=SwGGjqsVrzjev%2FjSMK41IKA%3D%3D
799,2025_MES_731722_1,"[REPAIRS, CLEANING AND DAILY MAINT OF SEWAGE LINES, SEPTIC TANKS, UG SUMP AND REPAIRS TO COMPOUND WALL, FENCING, PATHWAY, DRAIN AND HARDSTANDING AT NP, BILLET AND TECH AREA UNDER AGE B/R -I AT GE AF LOHEGAON]",19-Sep-2025 04:00 PM,E-IN-C BRANCH - MILITARY ENGINEER SERVICES||CE SWC AND CE (AF) GANDHINAGAR - MES||CWE (AF) LOHOGAON - MES||GE (AF) LOHOGAON - MES,08-Oct-2025 06:00 PM,https://etender.up.nic.in/nicgep/app?component=%24DirectLink_0&page=FrontEndAdvancedSearchResult&service=direct&session=T&sp=S3CCgUkNzb9IGP4YFD%2FUi9Q%3D%3D
800,2025_MES_725793_2,[TERM CONTRACT FOR ARTIFICER WORK OF ZONE B AT LGJ MIL STN],09-Sep-2025 06:00 PM,E-IN-C BRANCH - MILITARY ENGINEER SERVICES||CE SWC AND CE BATHINDA ZONE - MES||CWE GANGANAGAR - MES||GE LALGARH JATTAN - MES,30-Sep-2025 06:00 PM,https://defproc.gov.in/nicgep/app?component=%24DirectLink&page=FrontEndLatestActiveCorrigendums&service=direct&session=T&sp=S%2FY8IrJbsQe6rX%2FBPKRvynQ%3D%3D
801,2025_MES_729763_1,[ADDN/ ALTN TO BLDG NO T-24 FOR PROVN OF STANDBY STN ARMORY AT AFS JAIPUR],08-Sep-2025 11:30 AM,E-IN-C BRANCH - MILITARY ENGINEER SERVICES||CE SWC AND CE (AF) GANDHINAGAR - MES||CWE (AF) JODHPUR - MES,17-Oct-2025 06:00 PM,https://defproc.gov.in/nicgep/app?component=%24DirectLink&page=FrontEndLatestActiveCorrigendums&service=direct&session=T&sp=SL5CZuGKC88ECdy%2BFg3hAAA%3D%3D
802,2025_MES_730680_1,[REPAIR AND MAINTENANCE WORK FOR VARIOUS BUILDINGS AT RAMPURHAT STATION UNDER GE (AF) PANAGARH],13-Sep-2025 11:00 AM,E-IN-C BRANCH - MILITARY ENGINEER SERVICES||CE EC AND CE (AF) SHILLONG - MES||CWE (AF) PANAGARH-MES||GE (AF) PANAGARH-MES,04-Oct-2025 06:00 PM,https://defproc.gov.in/nicgep/app?component=%24DirectLink&page=FrontEndLatestActiveCorrigendums&service=direct&session=T&sp=SSxnpoaE3pIKNCauBFcP5hw%3D%3D
803,2025_MES_732646_1,[SPECIAL REPAIR TO BOUNDARY  WALL S N PARK AND ADDN/ALTN TO 02 X BATHROOM AT FIRST FLOOR OF DSOI BLDG (PRESENTLY OFFR MESS OF 43 FD REGT) UNDER AGE B/R-I AND AGE E/M-I OF GE (NORTH ) MEERUT CANTT],25-Sep-2025 06:00 PM,E-IN-C BRANCH - MILITARY ENGINEER SERVICES||CE CC AND CE BAREILLY ZONE - MES||CWE MEERUT - MES||GE (N) MEERUT - MES,17-Oct-2025 06:00 PM,https://etender.up.nic.in/nicgep/app?component=%24DirectLink_0&page=FrontEndAdvancedSearchResult&service=direct&session=T&sp=SQ8d2SOzgq92UdYNo42lEYg%3D%3D
804,2025_MES_727323_1,"[REPAIR / MAINTENANCE OF EXTERNAL HT ELECTRIFICATION INCL TRNASFORMERS , GOD SWITCHES, HT CABLES AND HT OVERHEAD LINES WITH CONNECTED WORKS AT HQ CIF (R) AND SIGNAL REGT UNDER AGE (I) CIF (R)]",22-Aug-2025 06:00 PM,E-IN-C BRANCH - MILITARY ENGINEER SERVICES||CE NC AND CE UDHAMPUR ZONE - MES||CWE RAJOURI - MES,29-Sep-2025 06:00 PM,https://defproc.gov.in/nicgep/app?component=%24DirectLink&page=FrontEndLatestActiveCorrigendums&service=direct&session=T&sp=StKRweRgd1tv8za5c688fTg%3D%3D
805,2025_MES_730217_1,[REPAIR/MAINT OF HT/LT NETWORK AND ALLIED WORKS UNDER GE (A) JAISALMER AT MIL STN JAISALMER. (CPP SERIAL No. 71)],10-Sep-2025 06:00 PM,E-IN-C BRANCH - MILITARY ENGINEER SERVICES||CESC AND CE JODHPUR ZONE - MES||CWE JAISALMER - MES,06-Oct-2025 06:00 PM,https://defproc.gov.in/nicgep/app?component=%24DirectLink&page=FrontEndLatestActiveCorrigendums&service=direct&session=T&sp=SZFKDkNFjVjK6ZqyOpXEefg%3D%3D
806,2025_MES_731069_1,[SPL REPAIRS TO BLDG NO P-3 AT JNE  AND ARBORICULTURE WORKS IN RESIDENTIAL AND OFFICIAL ACCOMODATION FOR DEO AND DAD AT UDHAMPUR UNDER GE (NORTH) UDHAMPUR],15-Sep-2025 06:30 PM,E-IN-C BRANCH - MILITARY ENGINEER SERVICES||CE NC AND CE UDHAMPUR ZONE - MES||CWE UDHAMPUR - MES,13-Oct-2025 06:00 PM,https://etender.up.nic.in/nicgep/app?component=%24DirectLink_0&page=FrontEndAdvancedSearchResult&service=direct&session=T&sp=SGCm4Az5uCIcDJrgGhaSM7A%3D%3D
807,2025_MES_729663_1,[WELCOME MAINTENANCE AND PERIODICAL SERVICES INCLUDING CERTAIN B/R WORK TO MD AND OTM ACCN AT ICGS VADINAR UNDER GE (I) CG PORBANDAR],06-Sep-2025 04:00 PM,E-IN-C BRANCH - MILITARY ENGINEER SERVICES||ADG (CG AND PROJECT) CHENNAI AND CE (CG) GOA - MES||GE (CG) PORBANDAR - MES,02-Oct-2025 06:00 PM,https://defproc.gov.in/nicgep/app?component=%24DirectLink&page=FrontEndLatestActiveCorrigendums&service=direct&session=T&sp=SYRvIsEDg3u5KGE0bYfDyIA%3D%3D
808,2025_MES_728041_1,[REPAIR/ MAINT TO ROAD AND ROAD FURNITURE AT CERTAIN LOCATIONS AT UMROI UNDER GE UMROI],27-Aug-2025 02:30 PM,E-IN-C BRANCH - MILITARY ENGINEER SERVICES||CE EC AND CE SHILLONG ZONE - MES||CWE Shillong - MES,02-Oct-2025 06:00 PM,https://defproc.gov.in/nicgep/app?component=%24DirectLink&page=FrontEndLatestActiveCorrigendums&service=direct&session=T&sp=S6yxVzeO4reYALbXH8%2Fvu2A%3D%3D
809,2025_ARMY_731627_1,[SUPPLY AND CONSTRUCTION OF UNDERGROUND FIELD AMMUNITION STORAGE FOR AVN SQN AT FCAB SOUTH MFFR],19-Sep-2025 09:00 AM,IHQ of MoD (Army)-(OSCC)||Eastern Comd-IHQ of MoD (Army)-(OSCC)||CORPS 1-Eastern Comd-IHQ of MoD (Army)-(OSCC)||ENGR UNIT 1-IHQ of MoD (Army),09-Oct-2025 06:00 PM,https://defproc.gov.in/nicgep/app?component=%24DirectLink&page=FrontEndLatestActiveCorrigendums&service=direct&session=T&sp=S8w4TxvKQIW8WgXuMM2PX5w%3D%3D
810,2025_MES_727010_2,"[PROVN OF RETAINING WALL, HARD STANDING FOOT PATH INTERLOCKING TILE AND DRAIN WORKS AND SPL REPAIR TO BUILDING NO TOP/21/134 OF AGE B/R AND AGE E/M UNDER GE TENGA]",18-Sep-2025 06:00 PM,E-IN-C BRANCH - MILITARY ENGINEER SERVICES||CE EC AND CE SILIGURI ZONE - MES||CWE TENGA - MES||GE TENGA-MEA,07-Oct-2025 09:00 AM,https://defproc.gov.in/nicgep/app?component=%24DirectLink&page=FrontEndLatestActiveCorrigendums&service=direct&session=T&sp=Sc7AqsuJHUdy9isyWBmhYoQ%3D%3D
811,2025_IAF_718871_1,[PROCUREMENT OF SPARES FOR AEROSTAT RADAR],07-Jul-2025 05:00 PM,Indian Air Force||AOM NEW DELHI - IAF||ACAS (Procurement) - IAF||D Procurement - IAF,30-Sep-2025 03:00 PM,https://defproc.gov.in/nicgep/app?component=%24DirectLink&page=FrontEndLatestActiveCorrigendums&service=direct&session=T&sp=SR8aQPHPyP5TlPHvvZlbpuQ%3D%3D
812,2025_MES_729081_1,"[ROUTINE MAINT AND REPAIRS OF ELECTRICALLY OPERATED SERVICES LIFTS OF ESCON MAKE INSTALLED AT P-120 AND P-121 AT ARMY AREA UNDER GE (WEST) COLABA, MUMBAI]",08-Sep-2025 06:00 PM,E-IN-C BRANCH - MILITARY ENGINEER SERVICES||CE SC AND CE PUNE ZONE - MES||CWE (ARMY) MUMBAI - MES,04-Oct-2025 06:00 PM,https://defproc.gov.in/nicgep/app?component=%24DirectLink&page=FrontEndLatestActiveCorrigendums&service=direct&session=T&sp=SU3jpLIt0y%2Bq2Cu4WBtbN%2Bg%3D%3D
813,2025_MES_726237_1,[PROVN OF SECURITY WALL AND SENTRY POSTS  AT MANKOTE UNDER GE 881 EWS],15-Aug-2025 09:00 AM,E-IN-C BRANCH - MILITARY ENGINEER SERVICES||CE NC AND CE UDHAMPUR ZONE - MES,06-Oct-2025 06:00 PM,https://defproc.gov.in/nicgep/app?component=%24DirectLink&page=FrontEndLatestActiveCorrigendums&service=direct&session=T&sp=SV7VNBboO8Xj6y9nGioztug%3D%3D
814,2025_MES_728475_1,[SPECIAL REPAIR TO BLDG NO EB-29 (JCO MD ACCN) ],01-Sep-2025 01:00 PM,E-IN-C BRANCH - MILITARY ENGINEER SERVICES||CE CC AND CE JABALPUR ZONE - MES||CWE MHOW - MES||GE MCTE - MES,11-Oct-2025 06:00 PM,https://defproc.gov.in/nicgep/app?component=%24DirectLink&page=FrontEndLatestActiveCorrigendums&service=direct&session=T&sp=SA%2FiDuJ6%2FfJPBDTHSlpG5MQ%3D%3D
815,2025_MES_728868_1,"[WELCOME MAINTENANCE/ REPAIRS/ IMPROVEMENT TO ELECTRICAL WIRING ,FITTING/ FIXTURES IN OFFRS MD ACCN UNDER THE AOR OF GE DEOLALI]",02-Sep-2025 11:00 AM,E-IN-C BRANCH - MILITARY ENGINEER SERVICES||CE SC AND CE PUNE ZONE - MES||CWE DEOLALI - MES||GE DEOLALI - MES,30-Sep-2025 06:00 PM,https://defproc.gov.in/nicgep/app?component=%24DirectLink&page=FrontEndLatestActiveCorrigendums&service=direct&session=T&sp=SQv8ZAgsDkJEdNAA2LZHYbA%3D%3D
816,2025_MES_729000_1,[COMPREHENSIVE ANNUAL MAINTENANCE OF LIFTS AT MH  AND DGQA  CHENNAI  UNDER GE STM CHENNAI],02-Sep-2025 05:10 PM,E-IN-C BRANCH - MILITARY ENGINEER SERVICES||CE SC AND CE CHENNAI ZONE  - MES||CWE CHENNAI - MES,30-Sep-2025 06:00 PM,https://defproc.gov.in/nicgep/app?component=%24DirectLink&page=FrontEndLatestActiveCorrigendums&service=direct&session=T&sp=SkWc3SQRynTY3j7q51wJNaA%3D%3D
817,2025_MES_716920_2,[138WE/L-99/2025-26],10-Sep-2025 10:00 AM,E-IN-C BRANCH - MILITARY ENGINEER SERVICES||CE NC AND CE LEH ZONE - MES||HQ 138 WORKS ENGR - MES,01-Oct-2025 06:00 PM,https://defproc.gov.in/nicgep/app?component=%24DirectLink&page=FrontEndLatestActiveCorrigendums&service=direct&session=T&sp=SFIPYFZOr3sYg85UXRwxFDA%3D%3D
818,2025_MES_728114_1,"[REPAIRS  REPLACEMENT TO EXTERNAL WATER SUPPLY PIPELINE, PUMP SET AND CLEANING OF BORE WELL, WELL ETC INCLUDING MAINTENANCE OF SWIMMING POOL AT PTC (K)  UNDER AGE(I) NAVY CHENNAI]",28-Aug-2025 06:00 PM,E-IN-C BRANCH - MILITARY ENGINEER SERVICES||CE EC AND CE (NAVY) VIZAG - MES||CWE (Navy) Chennai - MES||AGE (I) Navy Chennai - MES,29-Sep-2025 06:00 PM,https://defproc.gov.in/nicgep/app?component=%24DirectLink&page=FrontEndLatestActiveCorrigendums&service=direct&session=T&sp=STSiv6ofRSr%2Bd5NRBR7xGuQ%3D%3D
819,2025_MES_716074_2,[CWE/P-38/2025-26],13-Sep-2025 12:30 PM,E-IN-C BRANCH - MILITARY ENGINEER SERVICES||CE WC AND CE PATHANKOT ZONE - MES||CWE PATHANKOT - MES,04-Oct-2025 06:00 PM,https://defproc.gov.in/nicgep/app?component=%24DirectLink&page=FrontEndLatestActiveCorrigendums&service=direct&session=T&sp=ScBpymi7C7pVRqRx%2BVTXBQQ%3D%3D
820,2025_MES_719878_2,[SPL REPAIR TO BLDG NO T-5 T-28 AND T-29 OF RESERVE SUPPLY DEPOT AND SPL REPAIRS/REPLACEMENT OF WASTE PIPELINES AT SAL BAHADUR VIHAR (OR MD ACCN) AND OTHER SANCTIONED WORK UNDER GE WEST LUCKNOW],12-Sep-2025 09:00 AM,E-IN-C BRANCH - MILITARY ENGINEER SERVICES||CE CC AND CE LUCKNOW ZONE - MES||CWE LUCKNOW - MES,03-Oct-2025 06:00 PM,https://defproc.gov.in/nicgep/app?component=%24DirectLink&page=FrontEndLatestActiveCorrigendums&service=direct&session=T&sp=Steao9Yfsi%2F3LnFTpdsQgjQ%3D%3D
821,2025_NAVY_730585_1,[K/2025/MOG/MIG/O/29],12-Sep-2025 05:00 PM,IHQ of MOD (Navy)||WESTERN NAVAL COMMAND - NAVY||MO (MBI) - NAVY,01-Oct-2025 11:00 AM,https://defproc.gov.in/nicgep/app?component=%24DirectLink&page=FrontEndLatestActiveCorrigendums&service=direct&session=T&sp=SwrE9vecejcPoJjH%2FNVlHLQ%3D%3D
822,2025_MES_728550_1,[PROVISION OF SIMULATOR ROOM FOR AGNIVEERS TRAING AT THE SIKH LI REGT CENTRE AT FATEHGARH],30-Aug-2025 12:00 PM,E-IN-C BRANCH - MILITARY ENGINEER SERVICES||CE CC AND CE LUCKNOW ZONE - MES||CWE AGRA - MES,04-Oct-2025 06:00 PM,https://defproc.gov.in/nicgep/app?component=%24DirectLink&page=FrontEndLatestActiveCorrigendums&service=direct&session=T&sp=SNX6tUZtS0TsA1LuftCfiyw%3D%3D
823,2025_MES_730732_1,[GE/WS/Token No-39 OF 2025-26],13-Sep-2025 05:00 PM,E-IN-C BRANCH - MILITARY ENGINEER SERVICES||CE WC and CE DELHI ZONE-MES||CWE (U) DELHI CANTT-MES||GE(U)WATER SUPPLY DELHI CANTT-MES,04-Oct-2025 06:00 PM,https://etender.up.nic.in/nicgep/app?component=%24DirectLink_0&page=FrontEndAdvancedSearchResult&service=direct&session=T&sp=S8%2F%2BF7tCFXs3KfhdXtx%2Fyhw%3D%3D
824,2025_DGDE_729634_1,[UPGRADATION OF STREET LIGHTING ON DHARAMPUR ROAD FROM HOUSE NO. 459-C TOWARDS RAIN SHELTER],06-Sep-2025 05:00 PM,Directorate General Defence Estates||Principal Directorate Defence Estates -Western Command Chandigarh||Cantonment Board Dagshai -WC Chandigarh,02-Oct-2025 12:00 PM,https://defproc.gov.in/nicgep/app?component=%24DirectLink&page=FrontEndLatestActiveCorrigendums&service=direct&session=T&sp=SOeSA1C7%2BTIO9YZj8MDLzFg%3D%3D
825,2025_MES_729606_1,[SPL REPAIRS TO BLDG NO P-17 AND P-20 AT ASRI  BAMBOLIM CAMP GOA UNDER GE PANAJI	],06-Sep-2025 11:35 AM,E-IN-C BRANCH - MILITARY ENGINEER SERVICES||CE SC AND CE PUNE ZONE - MES||CWE (ARMY) MUMBAI - MES||GE PANAJI - MES,04-Oct-2025 06:00 PM,https://defproc.gov.in/nicgep/app?component=%24DirectLink&page=FrontEndLatestActiveCorrigendums&service=direct&session=T&sp=SbQXNWQDb45Z5TyVgi8op7w%3D%3D
826,2025_MES_729573_1,"[REPAIR/MAINT OF ROOF TREATMENT (INCL LEAKAGE AND SEEPAGE RECTIFICATION), CHAJJAS, FACIA AND MISC WORK IN MD ACCN IN AOR OF AGE BR-II UNDER GE(WEST)PATHANKOT]",06-Sep-2025 09:00 AM,E-IN-C BRANCH - MILITARY ENGINEER SERVICES||CE WC AND CE PATHANKOT ZONE - MES||CWE PATHANKOT - MES||GE (WEST) PATHANKOT - MES,04-Oct-2025 06:00 PM,https://defproc.gov.in/nicgep/app?component=%24DirectLink&page=FrontEndLatestActiveCorrigendums&service=direct&session=T&sp=SV4TF5n3JKtOpTr7Jazxcig%3D%3D
827,2025_MES_720297_2,[REPAIR TO PATH DRAIN CULVERT COMPOUND WALL GATE JAFRI WALL AND REPAIR REPLACEMENT OF SEWAGE LINE SEPTIC TANK ETC OF RESTRICTED AREA OF SQAE A AND LPR QAE ME AQAW A UNIT UNDER GE P NO 1 JABALPUR],11-Sep-2025 06:30 PM,E-IN-C BRANCH - MILITARY ENGINEER SERVICES||CE CC AND CE JABALPUR ZONE - MES||CWE JABALPUR - MES||GE (P) JABALPUR - MES,03-Oct-2025 09:00 AM,https://defproc.gov.in/nicgep/app?component=%24DirectLink&page=FrontEndLatestActiveCorrigendums&service=direct&session=T&sp=SXwumb7ZJhM%2BVU9iBIVUj%2FA%3D%3D
828,2025_MES_728924_1,"[Repairs to Roa, culver, foot path and road side furniture at AF Stn under GE Brichgunj, Sri Vijaya Puram]",02-Sep-2025 06:00 PM,E-IN-C BRANCH - MILITARY ENGINEER SERVICES||CE SC AND CE (A and N) ZONE - MES||CWE No. 2 PORT BLAIR - MES,30-Sep-2025 06:00 PM,https://defproc.gov.in/nicgep/app?component=%24DirectLink&page=FrontEndLatestActiveCorrigendums&service=direct&session=T&sp=SpzRHsDi6Nppej2MntCtZLA%3D%3D
829,2025_MES_732153_1,[SPECIAL REPAIRS TO BLDG NO. P-62 OF MTI AT AFS TAMBARAM],22-Sep-2025 06:30 PM,E-IN-C BRANCH - MILITARY ENGINEER SERVICES||CESC AND CE (AF) BANGALORE - MES||CWE (AF) (NORTH) BANGALORE - MES,20-Oct-2025 06:00 PM,https://etender.up.nic.in/nicgep/app?component=%24DirectLink_0&page=FrontEndAdvancedSearchResult&service=direct&session=T&sp=S7b%2BzPhApMWypUREUuw6%2Faw%3D%3D
830,2025_MES_732663_1,[SPECIAL REPAIR FOR REPLACEMENT OF DG SETS AT VARIOUS LOCATIONS AGAINST BER ITEMS UNDER GE(A) SURATGARH AT SURATGARH MIL STN],25-Sep-2025 06:00 PM,E-IN-C BRANCH - MILITARY ENGINEER SERVICES||CE SWC AND CE BATHINDA ZONE - MES||CWE BIKANER - MES,23-Oct-2025 06:00 PM,https://etender.up.nic.in/nicgep/app?component=%24DirectLink_0&page=FrontEndAdvancedSearchResult&service=direct&session=T&sp=SM2X5IAcz%2BEXSgYx2N31Gxw%3D%3D
831,2025_MES_729320_1,"[SPL REPAIR TO BLDG NO P-219, P-95 (COOK HOUSE MED REGT) PARKING SHED FOR 02 AND 04 WHEELER NEAR BLDG P-05 AND HARD STANDING AT KR VIHAR (E) AT RATNUCHAK MIL STATION UNDER GE KALUCHAK]",04-Sep-2025 06:00 PM,E-IN-C BRANCH - MILITARY ENGINEER SERVICES||CE WC AND CE PATHANKOT ZONE - MES||CWE JAMMU - MES||GE KALUCHAK - MES,03-Oct-2025 06:00 PM,https://etender.up.nic.in/nicgep/app?component=%24DirectLink_0&page=FrontEndAdvancedSearchResult&service=direct&session=T&sp=SALB0afwoB2p8QGowBPgF2A%3D%3D
832,2025_MES_722310_1,[COMPLETION OF INCOMPLETE WORKS FOR PROVISION OF CERTAIN TECHNICAL WORK SERVICES UNDER GE AF AMLA],24-Jul-2025 06:00 PM,E-IN-C BRANCH - MILITARY ENGINEER SERVICES||CESC AND CE (AF) NAGPUR - MES,14-Oct-2025 06:00 PM,https://defproc.gov.in/nicgep/app?component=%24DirectLink&page=FrontEndLatestActiveCorrigendums&service=direct&session=T&sp=Sa2XVex1NtN9wecl0JaUZLQ%3D%3D
833,2025_MES_729850_1,[SPL REPAIR OF PRS BLDG NO 6A AT 9 IDSR AND SPL REPAIR TO BLDG NO E-15 (MT PL) AT 309 FD HOSP UNDER AGE B/R-III AND AGE E/M-II OF GE (SOUTH) MEERUT CANTT],08-Sep-2025 06:10 PM,E-IN-C BRANCH - MILITARY ENGINEER SERVICES||CE CC AND CE BAREILLY ZONE - MES||CWE No 2 MEERUT - MES||GE (SOUTH) MEERUT - MES,02-Oct-2025 06:00 PM,https://defproc.gov.in/nicgep/app?component=%24DirectLink&page=FrontEndLatestActiveCorrigendums&service=direct&session=T&sp=SGPh%2FpT6OwiVQG99Z47JLHA%3D%3D
834,2025_MES_724747_1,[CWE/P-48/2025-26],06-Aug-2025 12:00 PM,E-IN-C BRANCH - MILITARY ENGINEER SERVICES||CE WC AND CE PATHANKOT ZONE - MES||CWE PATHANKOT - MES,29-Sep-2025 06:00 PM,https://defproc.gov.in/nicgep/app?component=%24DirectLink&page=FrontEndLatestActiveCorrigendums&service=direct&session=T&sp=SAOKrO8i7CAaEdzjbteC5AA%3D%3D
835,2025_MES_724834_2,[GE/863/EWS-T-37 OF 2025-26 SPECIAL REPAIR TO ROAD FURNITURE UNDER AOR OF AGE BR-I POOH],13-Sep-2025 05:00 PM,E-IN-C BRANCH - MILITARY ENGINEER SERVICES||CE CC AND CE BAREILLY ZONE - MES||CWE HILLS DEHRADUN -  MES||GE 863 EWS - MES,02-Oct-2025 06:00 PM,https://defproc.gov.in/nicgep/app?component=%24DirectLink&page=FrontEndLatestActiveCorrigendums&service=direct&session=T&sp=SPQDqppx3E0fl6LSAM4G63Q%3D%3D
836,2025_MES_729532_1,[PROVN OF AERIAL CABLE TO WATER PIPE LINE AT SOURCE UNDER GE GANGTOK],04-Sep-2025 06:55 PM,E-IN-C BRANCH - MILITARY ENGINEER SERVICES||CE EC AND CE SILIGURI ZONE - MES||HQ 136 WORKS ENGINEERS - MES||GEGANGTOK - MES,30-Sep-2025 06:00 PM,https://defproc.gov.in/nicgep/app?component=%24DirectLink&page=FrontEndLatestActiveCorrigendums&service=direct&session=T&sp=SF3cW%2Fz6gM%2F83n74k25Yryg%3D%3D
837,2025_MES_728664_1,[PROVN OF WATER TREATMENT PLANT FOR  WALFORD TRANSIT CAMP AND PROVN OF FLOAT CUM BOOST CHARGER FOR BATTERY BANK IN MAIN RECEIVING STATION AT RMS],30-Aug-2025 06:55 PM,E-IN-C BRANCH - MILITARY ENGINEER SERVICES||CE EC AND CE SHILLONG ZONE - MES||CWE HQ 137 WE - MES||GE 868 EWS - MES,30-Sep-2025 06:00 PM,https://defproc.gov.in/nicgep/app?component=%24DirectLink&page=FrontEndLatestActiveCorrigendums&service=direct&session=T&sp=S5CfWszRJN43jp9asI0jZdQ%3D%3D
838,2025_ARMY_731054_1,[Sup and constr of MMG Bunker],15-Sep-2025 06:00 PM,IHQ of MoD (Army)-(OSCC)||South Western Comd-IHQ of MoD (Army)-(OSCC)||CORPS 1-South Western Comd-IHQ of MoD(Army)-(OSCC)||ENGR UNIT 1-IHQ OF MOD(Army),29-Sep-2025 06:00 PM,https://defproc.gov.in/nicgep/app?component=%24DirectLink&page=FrontEndLatestActiveCorrigendums&service=direct&session=T&sp=SVXZVzv7jXR45KcYbsIpNVg%3D%3D
839,2025_MES_729921_1,[SPECIAL REPAIR TO ROAD FROM M-1 TO M-21 INSIDE AD AT FAD UNDER GE PANAGARH],09-Sep-2025 06:00 PM,E-IN-C BRANCH - MILITARY ENGINEER SERVICES||CE EC AND CE KOLKATA ZONE - MES||CWE PANAGARH - MES,08-Oct-2025 06:00 PM,https://defproc.gov.in/nicgep/app?component=%24DirectLink&page=FrontEndLatestActiveCorrigendums&service=direct&session=T&sp=SUx%2FcS7C%2FTHA1OiTZ05JKFA%3D%3D
840,2025_MES_729638_1,[WELCOME MAINTENANCE AND PERIODICAL SERVICES INCLUDING CERTAIN B/R REPAIR WORK TO MARRIED AND OTM ACCN AT DHQ 01 UNDER GE (I) CG PORBANDAR],06-Sep-2025 04:00 PM,E-IN-C BRANCH - MILITARY ENGINEER SERVICES||ADG (CG AND PROJECT) CHENNAI AND CE (CG) GOA - MES||GE (CG) PORBANDAR - MES,02-Oct-2025 06:00 PM,https://defproc.gov.in/nicgep/app?component=%24DirectLink&page=FrontEndLatestActiveCorrigendums&service=direct&session=T&sp=SFPjRYuStpPh%2BwvObH%2FnObA%3D%3D
841,2025_MES_729524_1,"[REPAIR AND PAINTING TO GI CHARPOYS, FOLDING CHARPOY, TABLES AND CERTAIN BEDS UNDER GE (A) SURATGARH AT SURATGARH MIL STN ]",04-Sep-2025 06:55 PM,E-IN-C BRANCH - MILITARY ENGINEER SERVICES||CE SWC AND CE BATHINDA ZONE - MES||CWE BIKANER - MES||GE (ARMY) SURATGARH - MES,04-Oct-2025 06:00 PM,https://defproc.gov.in/nicgep/app?component=%24DirectLink&page=FrontEndLatestActiveCorrigendums&service=direct&session=T&sp=Sm%2BU%2Fas%2BArstz3xo1eYiVKQ%3D%3D
842,2025_MES_729054_1,"[8224 REPAIR/MAINT OF CHLORINE DOSING PLANT, RO PLANTS INCLUDING CONNECTED WORK FOR WATER SUPPLY INSTALLATIONS AND BLDGS OF HQ WNC AND MNA UNDER  GE (NW) KUNJALI]",03-Sep-2025 06:00 PM,E-IN-C BRANCH - MILITARY ENGINEER SERVICES||CESC AND CE( NAVY )MUMBAI - MES||CWE (NW) MUMBAI - MES||GE (NW) KUNJALI - MES,30-Sep-2025 06:55 PM,https://defproc.gov.in/nicgep/app?component=%24DirectLink&page=FrontEndLatestActiveCorrigendums&service=direct&session=T&sp=SQHZgCWTTFkIgjDA30pf5qQ%3D%3D
843,2025_MES_729327_1,"[ADDN ALTN/ SPECIAL REPAIR TO TOILET AND KITCHENS TO CERTAN MD ACCN AT OCV TIPU VIHAR, KP VIHAR AND WATER TANKS PIPELINES AT CERTAIN OTM ACCN OF MED REGT AT MIL STN KALUCHAK UNDER GE KALUCHAK. ]",04-Sep-2025 06:00 PM,E-IN-C BRANCH - MILITARY ENGINEER SERVICES||CE WC AND CE PATHANKOT ZONE - MES||CWE JAMMU - MES||GE KALUCHAK - MES,03-Oct-2025 06:00 PM,https://etender.up.nic.in/nicgep/app?component=%24DirectLink_0&page=FrontEndAdvancedSearchResult&service=direct&session=T&sp=S6H30f5fCMbloZod98mNaBw%3D%3D
844,2025_MES_728812_1,[PROVISION OF ROAD FURNITURE AT NAVAL DOCKYARD VISAKHAPATNAM UNDER GE(I) DM VISAKHAPATNAM ],01-Sep-2025 06:00 PM,E-IN-C BRANCH - MILITARY ENGINEER SERVICES||CE EC AND CE (NAVY) VIZAG - MES||GE (I) (DM) VISAKHAPATNAM - MES||GE I DM VIZAG - MES,29-Sep-2025 06:00 PM,https://defproc.gov.in/nicgep/app?component=%24DirectLink&page=FrontEndLatestActiveCorrigendums&service=direct&session=T&sp=SsJFa1nuzsqG7KMQxXTy9Ew%3D%3D
845,2025_MES_731647_1,[JOB WORK],19-Sep-2025 06:00 PM,E-IN-C BRANCH - MILITARY ENGINEER SERVICES||CE EC AND CE SILIGURI ZONE - MES||CWE BINNAGURI - MES,02-Oct-2025 06:00 PM,https://etender.up.nic.in/nicgep/app?component=%24DirectLink_0&page=FrontEndAdvancedSearchResult&service=direct&session=T&sp=SU8qH9kMMt5Q7sy5%2B5QiJqg%3D%3D
846,2025_IAF_730315_1,[PROCUREMENT OF SPARES FOR MIRAGE AIRCRAFT],11-Sep-2025 05:00 PM,Indian Air Force||AOM NEW DELHI - IAF||ACAS (Procurement) - IAF||D Procurement - IAF,30-Oct-2025 03:00 PM,https://etender.up.nic.in/nicgep/app?component=%24DirectLink_0&page=FrontEndAdvancedSearchResult&service=direct&session=T&sp=SkmGhyE0mkY0Y1A4055pOug%3D%3D
847,2025_MES_730580_1,[REPAIR AND MAINT GANTRIES AND LIGHTNING CONDUCTOR AND CERTAIN WORKS AT TECH AREA AT  AF STN UTARLAI ],12-Sep-2025 06:00 PM,E-IN-C BRANCH - MILITARY ENGINEER SERVICES||CE SWC AND CE (AF) GANDHINAGAR - MES||CWE (AF) Jaisalmer - MES||GE (AF) UTTERLAI - MES,03-Oct-2025 06:00 PM,https://etender.up.nic.in/nicgep/app?component=%24DirectLink_0&page=FrontEndAdvancedSearchResult&service=direct&session=T&sp=SfrWQnH7yBnQOiJIYD6%2Fo1A%3D%3D
848,2025_MES_723589_1,[MAINTENANCE WORK IN DAD RESIDENTIAL ACCOMODATION AT AWAS VIKAS FARRUKHABAD],29-Aug-2025 06:00 PM,E-IN-C BRANCH - MILITARY ENGINEER SERVICES||CE CC AND CE LUCKNOW ZONE - MES||CWE KANPUR - MES||GE FATEHGARH - MES,30-Sep-2025 06:00 PM,https://defproc.gov.in/nicgep/app?component=%24DirectLink&page=FrontEndLatestActiveCorrigendums&service=direct&session=T&sp=SQw%2F0eeEXU6JQ3wBnwcQFSA%3D%3D
849,2025_MES_729398_1,"[SPL REPAIR TO WIRING IN OTM ACCN, EXTERNAL LIGHTS AND LT POLE AT 4 AFSB VARANASI UNDER GE AF GORAKHPUR]",04-Sep-2025 05:00 PM,E-IN-C BRANCH - MILITARY ENGINEER SERVICES||CE CC AND CE (AF) ALLAHABAD - MES||CWE (AF) BAMRAULI ALLAHABAD - MES||GE (AF) GORAKHPUR,02-Oct-2025 06:00 PM,https://defproc.gov.in/nicgep/app?component=%24DirectLink&page=FrontEndLatestActiveCorrigendums&service=direct&session=T&sp=SPSAbpzsFEnHZGkULnZojvQ%3D%3D
850,2025_MES_729280_1,"[SPL REPAIR TO PUF SHELTER NO 726, 727, 737, 72 AND 51 AT PMS UNDER GE PANAGARH]",04-Sep-2025 09:00 AM,E-IN-C BRANCH - MILITARY ENGINEER SERVICES||CE EC AND CE KOLKATA ZONE - MES||CWE PANAGARH - MES||GE PANAGARH - MES,02-Oct-2025 03:00 PM,https://defproc.gov.in/nicgep/app?component=%24DirectLink&page=FrontEndLatestActiveCorrigendums&service=direct&session=T&sp=SCRc6JP3Bv0i1Pk7XWow7kw%3D%3D
851,2025_MES_729585_1,[REPAIR MAINT AND REPLACEMENT OF  LIGHTINING CONDUCTOR EARTHINGS SERVICE CABLE AND OTHER EXTERNAL ELECTRICIFICATION REPAIR WORKS OF LOW RISE BUILDING AT OLD and NEW NAVY NAGAR UNDER GE NW NAVY NAGAR],05-Sep-2025 06:45 PM,E-IN-C BRANCH - MILITARY ENGINEER SERVICES||CESC AND CE( NAVY )MUMBAI - MES||CWE (NW) MUMBAI - MES||GE (NW) NAVY NAGAR - MES,03-Oct-2025 06:45 PM,https://defproc.gov.in/nicgep/app?component=%24DirectLink&page=FrontEndLatestActiveCorrigendums&service=direct&session=T&sp=SgdXmLcKgFkRUBfJldK5SwQ%3D%3D
852,2025_MES_728477_1,"[PROVISION OF SPORTS COMPLEX WITH BADMINTON AND BASKET BALL COURTS WITH ALLIED ACCESSORIES AT GIRINAGAR, PUNE]",29-Aug-2025 06:55 PM,E-IN-C BRANCH - MILITARY ENGINEER SERVICES||ADG (OF and DRDO) AND CE (R and D) SECUNDERABAD - MES,13-Oct-2025 06:00 PM,https://defproc.gov.in/nicgep/app?component=%24DirectLink&page=FrontEndLatestActiveCorrigendums&service=direct&session=T&sp=SyYH%2FfyQPJ03l0HvDnpU9VA%3D%3D
853,2025_MES_732422_1,[PROVN OF GREASE TRAP ELECTRIC CHIMNEY AT SNCOS MESS COOK HOUSE ADDITIONAL STREET LIGHT AND PROVN OF EXHAUST FAN AND CEILING FAN AT AF STN MOUNT ABU AND GURUSHIKHAR],24-Sep-2025 01:00 PM,E-IN-C BRANCH - MILITARY ENGINEER SERVICES||CE SWC AND CE (AF) GANDHINAGAR - MES||CWE (AF) Jaisalmer - MES||AGE (I) MOUNT ABU - MES,13-Oct-2025 06:00 PM,https://defproc.gov.in/nicgep/app?component=%24DirectLink&page=FrontEndLatestActiveCorrigendums&service=direct&session=T&sp=SnIvwAQQON3GSsTLXL0w50w%3D%3D
854,2025_MES_729716_1,[REPAIRS TO TOILET AND BATH STAIR CASE PLINTH PROTECTION ENTRANCE LOBBY ETC IN CERTAIN BLDGS UNDER ARMY AVN BDE UNDER GE MISSAMARI],06-Sep-2025 05:00 PM,E-IN-C BRANCH - MILITARY ENGINEER SERVICES||CE EC AND CE SILIGURI ZONE - MES||CWE TENGA - MES||GE MISSAMARI - MES,04-Oct-2025 06:00 PM,https://defproc.gov.in/nicgep/app?component=%24DirectLink&page=FrontEndLatestActiveCorrigendums&service=direct&session=T&sp=S8ei%2FmHYvVrtCRKoHUCJU8A%3D%3D
855,2025_MES_726595_1,"[CA NO GE(U)/CHM-47/2025-26 REPAIRS TO COMPOUND WALL, FENCING, DRAINS, STORM DRAINS CULVERT AND FOOTPATH ETC UNDER AGE B/R (CH) OF GE (U) CHANDIMANDIR]",30-Aug-2025 06:00 PM,E-IN-C BRANCH - MILITARY ENGINEER SERVICES||CE WC AND CE CHANDIGARH ZONE - MES||CWE CHANDIMANDIR - MES||GE (U) CHANDIMANDIR - MES,29-Sep-2025 06:00 PM,https://defproc.gov.in/nicgep/app?component=%24DirectLink&page=FrontEndLatestActiveCorrigendums&service=direct&session=T&sp=SqG2814wj%2BvMzd%2BkMgwLI5A%3D%3D
856,2025_MES_715359_4,[GE/KHU-51/2025-26 REPAIR/ REPLACEMENT OF MISC ITEMS OF VARIOUS E/M ITEMS IN THE AOR E/M UNDER GE KHUMBATHANG],16-Sep-2025 12:00 PM,E-IN-C BRANCH - MILITARY ENGINEER SERVICES||CE NC AND CE LEH ZONE - MES||CWE KUMBATHANG - MES||GE KHUMBATHNG - MES,29-Sep-2025 06:00 PM,https://etender.up.nic.in/nicgep/app?component=%24DirectLink_0&page=FrontEndAdvancedSearchResult&service=direct&session=T&sp=SkOyFoElUEWfuEIhcgB%2FMhQ%3D%3D
857,2025_MES_731255_1,[SPL REPAIRS TO BLDG NO P-68 (1 TO 8) OR MD ACCN (SF) UNDER  GE DIPATOLI],16-Sep-2025 06:00 PM,E-IN-C BRANCH - MILITARY ENGINEER SERVICES||CE CC AND CE JABALPUR ZONE - MES||CWE RANCHI - MES||GE DIPATOLI - MES,17-Oct-2025 06:00 PM,https://defproc.gov.in/nicgep/app?component=%24DirectLink&page=FrontEndLatestActiveCorrigendums&service=direct&session=T&sp=S7EmeZVFYrKtULncNOSqq6g%3D%3D
858,2025_MES_720262_2,[SPECIAL REPAIR TO AVIATION LIGHT REPLACEMENT OF EXISTING PCC LT POLE AND PANEL FOR MONOCONE ANTENAE INCLUDING ALLIED WORKS AT NTS SPL REP/REPLACEMENT OF OLD ALUMINIUM BUS BAR STRIP AT TEJAS ENCLAVE AND PROVN OF FIRE FIGHTING SYSTEM OF COMSEC BLDG AT ],10-Sep-2025 06:00 PM,E-IN-C BRANCH - MILITARY ENGINEER SERVICES||CE WC and CE(AF) WAC PALAM-MES||CWE (AF) GURGAON - MES||GE (AF) GURGAON - MES,01-Oct-2025 06:00 PM,https://defproc.gov.in/nicgep/app?component=%24DirectLink&page=FrontEndLatestActiveCorrigendums&service=direct&session=T&sp=S28xDRvSTpVB0fKcH8atAYA%3D%3D
859,2025_MES_728055_1,"[REPAIR/REPLACEMENT OF RUSTED CI/GI PIPES AND ITS CONNECTED ITEMS IN AGV COMPLEX,CHARARI,N-2 ROAD AT AFS CHAKERI KANPUR]",27-Aug-2025 04:00 PM,E-IN-C BRANCH - MILITARY ENGINEER SERVICES||CESC AND CE (AF) NAGPUR - MES||CWE (AF) CHAKERI - MES||GE B/R AF CHAKERI - MES,29-Sep-2025 06:00 PM,https://defproc.gov.in/nicgep/app?component=%24DirectLink&page=FrontEndLatestActiveCorrigendums&service=direct&session=T&sp=S2lhThz9lR7q9nKn%2F1zshaQ%3D%3D
860,2025_MES_720265_2,[SPL REPAIR OF GI EARTHING TO CHEMICAL EARTHING FOR MES INSTALLATIONS AND PROVN OF HIGH MAST LIGHT AT CHILDREN PARK OF ZONE 7A AT NAA UNDER GE (N) TEZPUR],26-Sep-2025 01:00 PM,E-IN-C BRANCH - MILITARY ENGINEER SERVICES||CE EC AND CE SILIGURI ZONE - MES||CWE TEZPUR - MES||GE (N) TEZPUR - MES,09-Oct-2025 06:00 PM,https://defproc.gov.in/nicgep/app?component=%24DirectLink&page=FrontEndLatestActiveCorrigendums&service=direct&session=T&sp=SZEIBcxxxeg6RqBzzo6Vu6A%3D%3D
861,2025_MES_730213_1,"[REPAIR/MAINT/SERVICING OF TRANSFORMER 33/11 KV, VCBS, CALIBRATION, UG CABLE, INVERTERS, POLES AND CONNECTED HT WORKS AT PH-III (UL, DAHUNG, DUM DUM NALLA, MH, MES OFFICES AND MESSES) AT GE TENGA]",10-Sep-2025 06:00 PM,E-IN-C BRANCH - MILITARY ENGINEER SERVICES||CE EC AND CE SILIGURI ZONE - MES||CWE TENGA - MES,01-Oct-2025 06:00 PM,https://defproc.gov.in/nicgep/app?component=%24DirectLink&page=FrontEndLatestActiveCorrigendums&service=direct&session=T&sp=S523HA9jjn%2FPy6hRBAN3TPQ%3D%3D
862,2025_MES_730838_1,[WELCOME MAINT TO CERTAIN BLDGS AND MISC OF DGQA AUNDH COMPLEX UNDER GE MH AND RH KHADKI],13-Sep-2025 06:00 PM,E-IN-C BRANCH - MILITARY ENGINEER SERVICES||CE SC AND CE PUNE ZONE - MES||CWE KIRKEE - MES||GE MH AND RANGE HILLS - MES,04-Oct-2025 06:00 PM,https://etender.up.nic.in/nicgep/app?component=%24DirectLink_0&page=FrontEndAdvancedSearchResult&service=direct&session=T&sp=SJA7SjEbcsZJCyUk3ZOsW2w%3D%3D
863,2025_MES_725932_1,[CA NO CE CHZ AMB T 13 2025 26  RESTORATION OF MD ACCN TO ARREST IMMEDIATE LEAKAGE AND SEEPAGE WITH ASSOCIATED WKS AT AMBALA CANTT UNDER GE N AMBALA],13-Aug-2025 06:00 PM,E-IN-C BRANCH - MILITARY ENGINEER SERVICES||CE WC AND CE CHANDIGARH ZONE - MES,11-Oct-2025 06:00 PM,https://defproc.gov.in/nicgep/app?component=%24DirectLink&page=FrontEndLatestActiveCorrigendums&service=direct&session=T&sp=SntyGy1GHjj4b7iU%2B%2Bq2%2F8Q%3D%3D
864,2025_MES_729138_1,[REPAIR/ MAINTENANCE OF STREET LIGHT AT PERIMETER ROAD AND INTERNAL ROADS GATE LIGHT AND SOLAR LIGHTS ND AREA LIGHTING AND CONNECTED WORKS AT INS MANDOVI UNDER GE (P) NAVY MANDOVI],03-Sep-2025 02:00 PM,E-IN-C BRANCH - MILITARY ENGINEER SERVICES||CESC AND CE( NAVY )MUMBAI - MES||CWE NAVY VASCO - MES||GE (P) (NAVY) MANDOVI - MES,02-Oct-2025 06:00 PM,https://defproc.gov.in/nicgep/app?component=%24DirectLink&page=FrontEndLatestActiveCorrigendums&service=direct&session=T&sp=SNd0t9kPu5CgqWJeYMCCDAw%3D%3D
865,2025_MES_719591_2,"[PROVN OF 2 X 5 KVA SOLAR CONTROLLER UNITS WITH ACCESSORIES FOR P-19 (ADM BLOCK) AND P-26 (OFFR MESS) AND 3 X 2 KVA POWER CONTROLLER UNITS WITH ACCESSORIES FOR SECURITY POST NO. 6,7 AND 8 OF SECTOR 7, ZONE 3 AT 2AHQSR UNDER GE(U) MEERUT CANTT.]",09-Sep-2025 12:00 PM,E-IN-C BRANCH - MILITARY ENGINEER SERVICES||CE CC AND CE BAREILLY ZONE - MES||CWE MEERUT - MES||GE (U) EM Meerut - MES,03-Oct-2025 06:00 PM,https://defproc.gov.in/nicgep/app?component=%24DirectLink&page=FrontEndLatestActiveCorrigendums&service=direct&session=T&sp=Sbmry5Aot%2BcTEZkuPTiFpsA%3D%3D
866,2025_MES_722760_1,[SPL REPAIR TO BLDG NO. P-367 AND P-364 AT BHOPAL MIL STN UNDER GE BHOPAL],26-Jul-2025 12:05 PM,E-IN-C BRANCH - MILITARY ENGINEER SERVICES||CESC AND CE BHOPAL ZONE  - MES||CWE BHOPAL - MES,06-Oct-2025 06:00 PM,https://defproc.gov.in/nicgep/app?component=%24DirectLink&page=FrontEndLatestActiveCorrigendums&service=direct&session=T&sp=S48CykKyMoRmxnXQH2LnSEg%3D%3D
867,2025_MES_729906_1,"[SPECIAL REPAIR TO BLDG NO P-32, P-3, P-215 AND P-216  AT VARIOUS LOCATIONS UNDER AGE B/R-II OF GE (EAST) AGRA]",09-Sep-2025 10:30 AM,E-IN-C BRANCH - MILITARY ENGINEER SERVICES||CE CC AND CE LUCKNOW ZONE - MES||CWE AGRA - MES||GE (E) AGRA - MES,30-Sep-2025 06:00 PM,https://defproc.gov.in/nicgep/app?component=%24DirectLink&page=FrontEndLatestActiveCorrigendums&service=direct&session=T&sp=Sh6%2BzxCmOc9LWeIO17TcFVw%3D%3D
868,2025_MES_724057_2,[REPAIR MAINT OF SEWAGE LINE SEPTIC TANK MANHOLE AND CLEANING WORK INCL REPAIR TO DRAIN PROTECTIVE WORK ETC IN OLD CANTT UPTO 02 MILE UNDER GE GANGTOK],10-Sep-2025 02:00 PM,E-IN-C BRANCH - MILITARY ENGINEER SERVICES||CE EC AND CE SILIGURI ZONE - MES||HQ 136 WORKS ENGINEERS - MES||GEGANGTOK - MES,01-Oct-2025 06:00 PM,https://etender.up.nic.in/nicgep/app?component=%24DirectLink_0&page=FrontEndAdvancedSearchResult&service=direct&session=T&sp=SNMHwEUMhNR0rFkCFoYkuzg%3D%3D
869,2025_MES_729469_1,[REPAIR AND MAINTENANCE OF EXTERNAL WATER PIPE LINES PUMP SETS AND MOTORS GATE VALVES PNEUMATIC VALVES FIRE FIGHTING PIPE LINES AND HYDRANTS CONTROL CABLE AND CLEANING OF WATER SUMPS AT CGRA AND CGAE  BHUBANESWAR],04-Sep-2025 05:00 PM,E-IN-C BRANCH - MILITARY ENGINEER SERVICES||ADG (Projects) and CE (CG) Visakhapatnam - MES||GE (I) (CG) Bhubaneshwar - MES,02-Oct-2025 06:00 PM,https://defproc.gov.in/nicgep/app?component=%24DirectLink&page=FrontEndLatestActiveCorrigendums&service=direct&session=T&sp=SyOd4pwwJYbo79dxW7lmi5w%3D%3D
870,2025_MES_729228_1,"[REPAIR/ MAINT/ SERVICING OF DG SETS FOR EXTERNAL WATER SUPPLY FIRE HYDRANTS FIRE ALARM SYS, FORCED CIRCULATION HOT WATER SUPPLY AND MECHANICAL LAUNDRY AT MH WITH OTHER CONNECTED WORKS AT NDA KHADAKWASLA]",03-Sep-2025 05:30 PM,E-IN-C BRANCH - MILITARY ENGINEER SERVICES||CE SC AND CE PUNE ZONE - MES||CWE PUNE - MES||GE KHADAKVASLA - MES,02-Oct-2025 06:00 PM,https://defproc.gov.in/nicgep/app?component=%24DirectLink&page=FrontEndLatestActiveCorrigendums&service=direct&session=T&sp=SVmv%2Fr3S4qM5Dr1mQd19j%2Fg%3D%3D
871,2025_MES_731555_1,"[REPAIR TO WATER SUPPLY DISTRIBUTION NETWORK INCLUDING DISINFECTION OF WATER SUPPLY AT VARIOUS PUMP HOUSE AND REPAIR TO VARIOUS SUBMERSIBLE PUMP, BOOSTER AND ELECTRIC CONTROL SYSTEM AT AF STATION CHANDIGARH UNDER GE (AF) CHANDIGARH ]",18-Sep-2025 06:00 PM,E-IN-C BRANCH - MILITARY ENGINEER SERVICES||CE WC and CE(AF) WAC PALAM-MES||CWE (AF) Chandigarh-MES||GE (AF) Chandigarh-MES,10-Oct-2025 06:00 PM,https://defproc.gov.in/nicgep/app?component=%24DirectLink&page=FrontEndLatestActiveCorrigendums&service=direct&session=T&sp=SGBRO7K5ZatqSru8XcH5wdQ%3D%3D
872,2025_MES_729948_1,"[REPAIRS/REPLACEMENT OF WATER SUPPLY LINES, PUMP AND OTHER CONNECTED WORK AT SECTOR C (MAKARPURA) UNDER GE (ARMY) BARODA.]",09-Sep-2025 01:00 PM,E-IN-C BRANCH - MILITARY ENGINEER SERVICES||CESC AND CE JODHPUR ZONE - MES||CWE AHMEDABAD - MES||GE (ARMY ) BARODA - MES,29-Sep-2025 06:00 PM,https://defproc.gov.in/nicgep/app?component=%24DirectLink&page=FrontEndLatestActiveCorrigendums&service=direct&session=T&sp=SJiXmWr8PQFf7tJqlTYy0pw%3D%3D
873,2025_MES_730135_1,"[REPAIR AND MAINTENANCE TO JUNCTION BOXES, DISTRIBUTION BOXES, MCBs, SUBMAIN WIRING AND ASSOCIATED E AND M WORKS AT AF STN CHIMNEY HILLS]",10-Sep-2025 06:00 PM,E-IN-C BRANCH - MILITARY ENGINEER SERVICES||CESC AND CE (AF) BANGALORE - MES||CWE (AF) (SOUTH) BANGALORE - MES||AGE(I)(AF) CHIMNEY HILLS BANGALORE - MES,30-Sep-2025 06:00 PM,https://defproc.gov.in/nicgep/app?component=%24DirectLink&page=FrontEndLatestActiveCorrigendums&service=direct&session=T&sp=SMsnyDgSC41Vks0mRJ%2BVgDA%3D%3D
874,2025_MES_732138_1,"[REPAIR/MAINT OF CI/ DI /GI  PIPE LINES, BOREWELL, UG SUMP CLEANING, PUMP, MOTOR  AND OTHER CONNECTED WORKS AT ASC CENTRE SOUTH, PCTC AREA, VOC, VNC AND GNC LINE AREA UNDER GE (CENTRAL) BANGLORE]",22-Sep-2025 06:00 PM,E-IN-C BRANCH - MILITARY ENGINEER SERVICES||CE SC AND CE CHENNAI ZONE  - MES||CWE (ARMY) BANGALORE - MES,13-Oct-2025 06:00 PM,https://etender.up.nic.in/nicgep/app?component=%24DirectLink_0&page=FrontEndAdvancedSearchResult&service=direct&session=T&sp=S5OPSY62uqZmCG%2BEF1KmMaw%3D%3D
875,2025_MES_730627_1,[CONSTRUCTION OF ROAD AND PATH NEAR DRILL GROUND TO PT GATE TO SWIMMING POOL AT 3 MTR UNDER 2 STC MADGAON UNDER  GE PANAJI GOA],12-Sep-2025 06:00 PM,E-IN-C BRANCH - MILITARY ENGINEER SERVICES||CE SC AND CE PUNE ZONE - MES||CWE (ARMY) MUMBAI - MES,02-Oct-2025 04:00 PM,https://etender.up.nic.in/nicgep/app?component=%24DirectLink_0&page=FrontEndAdvancedSearchResult&service=direct&session=T&sp=SiQun8s%2B8u5ju3%2F11m%2B5ILA%3D%3D
876,2025_MES_730574_1,"[REPAIRS TO DOORS WINDOW, VENTILATOR, JOINERY WORKS AND OTHER CONNECTED WORKS IN CERTAIN BUILDINGS OF ZONE A IN DRDO TOWNSHIP, UNDER AGE B/R-I, KANCHANBAGH]",12-Sep-2025 06:00 PM,E-IN-C BRANCH - MILITARY ENGINEER SERVICES||ADG (OF and DRDO) AND CE (R and D) SECUNDERABAD - MES||GE (I) RND KANCHANBAGH - MES,01-Oct-2025 06:00 PM,https://etender.up.nic.in/nicgep/app?component=%24DirectLink_0&page=FrontEndAdvancedSearchResult&service=direct&session=T&sp=SXHfS3S2XKzj0k0oud8D0vg%3D%3D
877,2025_MES_728272_1,"[REPAIR TO  FLOORING, TILING AND PLASTERING WORKS INCLUDING PLUMBING AND PETTY REPAIR OF WATER LEAKAGE IN THE AREA OF  AGE BR-I UNDER GE (WEST) JABALPUR ]",29-Aug-2025 10:00 AM,E-IN-C BRANCH - MILITARY ENGINEER SERVICES||CE CC AND CE JABALPUR ZONE - MES||CWE JABALPUR - MES,04-Oct-2025 06:00 PM,https://defproc.gov.in/nicgep/app?component=%24DirectLink&page=FrontEndLatestActiveCorrigendums&service=direct&session=T&sp=ShCCTFtezmifDLhNdqFMotg%3D%3D
878,2025_MES_706276_2,[SPECIAL REPAIR OF UNSV FOUR POLE STRUCTURE WITH RING MAIN UNIT WITH CONNECTED ITEMS  AT 39 FAD AREA MIL STN BHARATPUR.],08-Sep-2025 06:55 PM,E-IN-C BRANCH - MILITARY ENGINEER SERVICES||CE SWC AND CE JAIPUR JAIPUR - MES||CWE Mathura - MES,29-Sep-2025 06:00 PM,https://defproc.gov.in/nicgep/app?component=%24DirectLink&page=FrontEndLatestActiveCorrigendums&service=direct&session=T&sp=SubLxDXSiBfnpKlQncjhTQA%3D%3D
879,2025_MES_730303_1,"[PROVN OF HARD STANDING FOR VEHICLE PARKING NEAR TCP-2, PROVN OF SEPTIC TANK AND ALTERATION OF SEWER LINES IN H ZONE, PROVN OF 01 X TEMP TOILET NEAR BLDG NO P-105 AT UMED VIHAR, PROVN OF VEH SHED IN P ZONE AND ADDN ALTN TO BLDG NO T-05 WALFORD AT RMS ]",11-Sep-2025 09:00 AM,E-IN-C BRANCH - MILITARY ENGINEER SERVICES||CE EC AND CE SHILLONG ZONE - MES||CWE HQ 137 WE - MES||GE 868 EWS - MES,01-Oct-2025 06:00 PM,https://defproc.gov.in/nicgep/app?component=%24DirectLink&page=FrontEndLatestActiveCorrigendums&service=direct&session=T&sp=SJnOp%2F%2FZOBY3wZxEgUDUIXQ%3D%3D
880,2025_MES_722763_2,[GE/PNH-32/2025-26],11-Sep-2025 06:05 PM,E-IN-C BRANCH - MILITARY ENGINEER SERVICES||CE NC AND CE UDHAMPUR ZONE - MES||CWE RAJOURI - MES||GE 881 EWS - MES,30-Sep-2025 06:00 PM,https://defproc.gov.in/nicgep/app?component=%24DirectLink&page=FrontEndLatestActiveCorrigendums&service=direct&session=T&sp=SL35YtgThCS2D2dHNUzoslg%3D%3D
881,2025_MES_732658_1,[Spl repair surveyed furniture items for steel furniture of various units under  GE (N) Bikaner at Bikaner Mil Stn ],25-Sep-2025 06:00 PM,E-IN-C BRANCH - MILITARY ENGINEER SERVICES||CE SWC AND CE BATHINDA ZONE - MES||CWE BIKANER - MES,23-Oct-2025 06:00 PM,https://etender.up.nic.in/nicgep/app?component=%24DirectLink_0&page=FrontEndAdvancedSearchResult&service=direct&session=T&sp=SsyXyEQ666O6XF0Ghpe4tqw%3D%3D
882,2025_MES_732136_1,"[Maint of footpath, road side furniture, drains, interlocking paths except resurfacing in MD Accn area in Fort Cantt Prayagraj.]",22-Sep-2025 06:00 PM,E-IN-C BRANCH - MILITARY ENGINEER SERVICES||CE CC AND CE LUCKNOW ZONE - MES||CWE ALLAHABAD - MES||GE (E) ALLAHABAD - MES,13-Oct-2025 06:00 PM,https://etender.up.nic.in/nicgep/app?component=%24DirectLink_0&page=FrontEndAdvancedSearchResult&service=direct&session=T&sp=S3kOcUuIdKy4v0KAmuFdsEw%3D%3D
883,2025_MES_728587_2,"[REPAIR, REPLACEMENT AND CLEANING TO SEWAGE LINES, SEPTIC TANKS, MANHOLES AND SOAK WELL ETC AT DRONACHAL BASE UNDER GE DRONACHAL]",16-Sep-2025 02:00 PM,E-IN-C BRANCH - MILITARY ENGINEER SERVICES||CESC AND CE BHOPAL ZONE  - MES||CWE BHOPAL - MES||GE DRONACHAL - MES,01-Oct-2025 06:00 PM,https://defproc.gov.in/nicgep/app?component=%24DirectLink&page=FrontEndLatestActiveCorrigendums&service=direct&session=T&sp=SFoXq5KPmduEUCXtzuHWSoQ%3D%3D
884,2025_MES_728088_1,[PROVN OF CERTAIN SANCTION WORK OF ABOD IN A A BANAR UNDER GE BANAR],27-Aug-2025 06:00 PM,E-IN-C BRANCH - MILITARY ENGINEER SERVICES||CESC AND CE JODHPUR ZONE - MES||CWE(ARMY) JODHPUR - MES||GE BANAR - MES,29-Sep-2025 06:00 PM,https://defproc.gov.in/nicgep/app?component=%24DirectLink&page=FrontEndLatestActiveCorrigendums&service=direct&session=T&sp=SiV5gcxuu%2BS9V1TnTv4FGKQ%3D%3D
885,2025_MES_729471_1,"[REPAIR, RETAPING OF CHARPOY GI OTM AND MD ACCN UNDER GE (AF) ADM AREA AT AF STATION AGRA.]",04-Sep-2025 06:00 PM,E-IN-C BRANCH - MILITARY ENGINEER SERVICES||CE CC AND CE (AF) ALLAHABAD - MES||CWE (AF) KHERIA - MES||GE (AF) ADM AREA KHERIA - MES,30-Sep-2025 06:00 PM,https://defproc.gov.in/nicgep/app?component=%24DirectLink&page=FrontEndLatestActiveCorrigendums&service=direct&session=T&sp=Sx3s86moUPJcDRIfBtUv9ow%3D%3D
886,2025_ARMY_731656_1,[RC/25-26/136],19-Sep-2025 06:00 PM,IHQ of MoD (Army)-(OSCC)||DGAFMS-IHQ of MoD (Army)-(OSCC)||DG 2 GROUP-IHQ of MoD (Army)-(OSCC)||AFMSD 4-IHQ of MoD (Army),14-Oct-2025 10:00 AM,https://defproc.gov.in/nicgep/app?component=%24DirectLink&page=FrontEndLatestActiveCorrigendums&service=direct&session=T&sp=S1%2BRZh09%2FNqC4%2Fc6KISiTOw%3D%3D
887,2025_MES_731648_1,[REPAIRS AND SERVICING TO COOLING APPLIANCES AND REPAIRS AND MAINTAINANCE TO VEHICLES UNDR GE NASIK ROAD],19-Sep-2025 06:00 PM,E-IN-C BRANCH - MILITARY ENGINEER SERVICES||CE SC AND CE PUNE ZONE - MES||CWE DEOLALI - MES||GE NASIK ROAD - MES,10-Oct-2025 06:00 PM,https://etender.up.nic.in/nicgep/app?component=%24DirectLink_0&page=FrontEndAdvancedSearchResult&service=direct&session=T&sp=SzXdWQ1kXZACqfCuLpa9Q1g%3D%3D
888,2025_MES_732140_1,[WELCOME MAINTENANCE AND CERTAIN REPAIR TO POCKET 7 AND 8 UNDER GE ROORKEE],22-Sep-2025 06:55 PM,E-IN-C BRANCH - MILITARY ENGINEER SERVICES||CE CC AND CE BAREILLY ZONE - MES||CWE No 2 MEERUT - MES||GE ROORKEE - MES,13-Oct-2025 06:00 PM,https://etender.up.nic.in/nicgep/app?component=%24DirectLink_0&page=FrontEndAdvancedSearchResult&service=direct&session=T&sp=SAThLPxL7dq8YpWBAVegdJw%3D%3D
889,2025_IAF_728982_1,[PROCUREMENT OF CARTRIDGE FIRE EXTINGUISHER],02-Sep-2025 05:00 PM,Indian Air Force||HQ MC NAGPUR - IAF||ASP AF GURGAON - IAF,30-Sep-2025 06:00 PM,https://defproc.gov.in/nicgep/app?component=%24DirectLink&page=FrontEndLatestActiveCorrigendums&service=direct&session=T&sp=SDgSyTPpmdzUUkKB1h4SNKA%3D%3D
890,2025_MES_731558_1,[JOB ORDER FOR REPAIR OF 2MW SOLAR INVERTER AT AGE E/M (CME) UNDER GE (CME) KHADKI AT CME PUNE],18-Sep-2025 03:35 PM,E-IN-C BRANCH - MILITARY ENGINEER SERVICES||CE SC AND CE PUNE ZONE - MES||CWE KIRKEE - MES||GE (CME) KIRKEE - MES,03-Oct-2025 06:00 PM,https://defproc.gov.in/nicgep/app?component=%24DirectLink&page=FrontEndLatestActiveCorrigendums&service=direct&session=T&sp=SX6RrL11%2BgaK1HywDAar%2BwA%3D%3D
891,2025_DGDE_731617_1,[Auction of Cantt Garage Line Shop No. 12 for 05 years],18-Sep-2025 06:00 PM,Directorate General Defence Estates||Principal Directorate Defence Estates- Central Command Lucknow||Cantonment Board Pachmarhi- CC Lucknow,08-Oct-2025 05:00 PM,https://etender.up.nic.in/nicgep/app?component=%24DirectLink_0&page=FrontEndAdvancedSearchResult&service=direct&session=T&sp=SC2dTnqvucxJnb2MrdXgE2w%3D%3D
892,2025_MES_729183_1,[CERTAIN REPAIRS TO E/M INSTALLATION IN TECH AND DOMESTIC AREA AT 3 BRD AF STN UNDER GE (AF) MC CHANDIGARH],03-Sep-2025 03:00 PM,E-IN-C BRANCH - MILITARY ENGINEER SERVICES||CESC AND CE (AF) NAGPUR - MES||CWE (AF) TUGALAKABAD - MES||GE (AF) MC Chandigarh - MES,01-Oct-2025 06:00 PM,https://defproc.gov.in/nicgep/app?component=%24DirectLink&page=FrontEndLatestActiveCorrigendums&service=direct&session=T&sp=SD1nUhr8t7v%2F3hFk3%2B2lyeA%3D%3D
893,2025_MES_730343_1,"[ADDN / ALTN AND SPECIAL REPAIR TO OFFICERS, JCOs / ORs MD ACCNAT SUKNA MIL STATION UNDER GE SUKNA]",11-Sep-2025 12:40 PM,E-IN-C BRANCH - MILITARY ENGINEER SERVICES||CE EC AND CE SILIGURI ZONE - MES,21-Oct-2025 06:00 PM,https://defproc.gov.in/nicgep/app?component=%24DirectLink&page=FrontEndLatestActiveCorrigendums&service=direct&session=T&sp=SBdWsFuh0ezhUnX3qlMc3SA%3D%3D
894,2025_MES_729691_1,[TERM CONTRACT TO ARTIFICER WORKS IN OFFRS MD ACCN AND LIVING IN ACCN UNDER AGE B/R I AT AF STN PALAM UNDER GE (AF) PALAM DELHI CANTT-10],06-Sep-2025 06:00 PM,E-IN-C BRANCH - MILITARY ENGINEER SERVICES||CE WC and CE(AF) WAC PALAM-MES||CWE (AF) Palam-MES||GE (AF) North Palam-MES,04-Oct-2025 06:00 PM,https://defproc.gov.in/nicgep/app?component=%24DirectLink&page=FrontEndLatestActiveCorrigendums&service=direct&session=T&sp=SoGyBnTH7v44zFx0dBLKjMQ%3D%3D
895,2025_MES_725059_2,[PROVN OF BLACK TOP ROAD AT BUILDING NO T-44 TO BUILDING NO T-92 AND POST NO 16 TO MAIN GATE AND GARAGE AND COOK HOUSE UNDER GE SATWARI],16-Sep-2025 06:00 PM,E-IN-C BRANCH - MILITARY ENGINEER SERVICES||CE WC AND CE PATHANKOT ZONE - MES||CWE JAMMU - MES,30-Sep-2025 06:00 PM,https://defproc.gov.in/nicgep/app?component=%24DirectLink&page=FrontEndLatestActiveCorrigendums&service=direct&session=T&sp=S3GLmVNZlQeJy0P5bI8tX7w%3D%3D
896,2025_ARMY_733052_1,[PROCUREMENT OF HOSPITAL MEDICINE],29-Sep-2025 01:30 PM,IHQ of MoD (Army)-(OSCC)||Central Comd-IHQ of MoD (Army)-(OSCC)||CORPS 1-Central Comd-IHQ of MoD (Army)-(OSCC)||EME UNIT 5-IHQ of MoD (Army),04-Oct-2025 09:00 AM,https://etender.up.nic.in/nicgep/app?component=%24DirectLink_0&page=FrontEndAdvancedSearchResult&service=direct&session=T&sp=Sno%2FbWWlQEbqlquOjm8i%2BsQ%3D%3D
897,2025_MES_729452_1,"[CERTAIN REPAIR TO FLOOR, PLUMBING/SANITARY FITTINGS, CHAJJA, JOINERY, FLOORING, MASONRY AND OTHER B/R WORKS OF JCOS/ORS MARRIED AND OTM ACCN OF UNRESTRICTED AREA OF COD UNDER AGE B/R-II OF GE (EAST) JABALPUR  ]",04-Sep-2025 05:30 PM,E-IN-C BRANCH - MILITARY ENGINEER SERVICES||CE CC AND CE JABALPUR ZONE - MES||CWE JABALPUR - MES||GE (E) JABALPUR - MES,02-Oct-2025 06:00 PM,https://defproc.gov.in/nicgep/app?component=%24DirectLink&page=FrontEndLatestActiveCorrigendums&service=direct&session=T&sp=SacC%2FVEKqFIpBED%2FZgkiWtw%3D%3D
898,2025_MES_728988_1,[8487 REPAIR/MAINTENANCE OF SUMMER COOLING APPLIANCES AT PARUNDU AND 7N DET AND INTERNAL ELECTRIIFCATION AT 7N DET  UNDER GE TIRUNELVELI ],02-Sep-2025 06:00 PM,E-IN-C BRANCH - MILITARY ENGINEER SERVICES||CE EC AND CE (NAVY) VIZAG - MES||CWE (Navy) Chennai - MES||GETHIRUNALVELI - MES,30-Sep-2025 06:00 PM,https://defproc.gov.in/nicgep/app?component=%24DirectLink&page=FrontEndLatestActiveCorrigendums&service=direct&session=T&sp=SX6RmmXlISC6nEZUcSvXBkg%3D%3D
899,2025_MES_727719_2,[COMPREHENSIVE MAINTENANCE OF OTM ACCN AT DSCC UNDER GE DRONACHAL],16-Sep-2025 06:00 PM,E-IN-C BRANCH - MILITARY ENGINEER SERVICES||CESC AND CE BHOPAL ZONE  - MES||CWE BHOPAL - MES||GE DRONACHAL - MES,01-Oct-2025 06:00 PM,https://defproc.gov.in/nicgep/app?component=%24DirectLink&page=FrontEndLatestActiveCorrigendums&service=direct&session=T&sp=SDeuYlwDmNOgyng0iyY3TOQ%3D%3D
900,2025_MES_729519_1,"[REPAIR/MAINT OF UG CABLES, LT PANELS, SECURITY LIGHTS, GARDEN LIGHTS AND CONNECTED ACCESSORIES AT MANESAR ARMY CAMP, DUNDAHERA MIL STN AND INDUBINOLA UNIVERSITY UNDER AGE E/M OF GE(SOUTH) DELHI CANTT-10]",04-Sep-2025 06:30 PM,E-IN-C BRANCH - MILITARY ENGINEER SERVICES||CE WC and CE DELHI ZONE-MES||CWE NEW DELHI-MES||GE (S) NEW DELHI-MES,02-Oct-2025 06:00 PM,https://defproc.gov.in/nicgep/app?component=%24DirectLink&page=FrontEndLatestActiveCorrigendums&service=direct&session=T&sp=SAMg4vY81n40yIFWu93MQmA%3D%3D
901,2025_MES_729009_1,"[PROVN OF RAIN WATER HARVESTING AND VALLEY GUTTERS AT BUILDING NO P-106, 107 AND P-108 AT VIJAY BAUGH UNDER GE HADDO, SRI VIJAYA PURAM.]",02-Sep-2025 06:55 PM,E-IN-C BRANCH - MILITARY ENGINEER SERVICES||CE SC AND CE (A and N) ZONE - MES||CWE PORTBLAIR - MES||GE HADDO - MES,30-Sep-2025 06:00 PM,https://defproc.gov.in/nicgep/app?component=%24DirectLink&page=FrontEndLatestActiveCorrigendums&service=direct&session=T&sp=Sa5wsiARQGBru2fPSNLIVTg%3D%3D
902,2025_MES_729017_1,[REPAIR TO VARIOUS STEEL FURNITURE ITEMS AND REPAIR AND REWEAVING/CONVERSION INTO PLYTOP OF CHARPOY GI PIPE UNDER THE AOR OF GE DEOLALI],02-Sep-2025 06:00 PM,E-IN-C BRANCH - MILITARY ENGINEER SERVICES||CE SC AND CE PUNE ZONE - MES||CWE DEOLALI - MES||GE DEOLALI - MES,30-Sep-2025 06:00 PM,https://defproc.gov.in/nicgep/app?component=%24DirectLink&page=FrontEndLatestActiveCorrigendums&service=direct&session=T&sp=SNYQiHV1TP1UJcTJj5PBFbA%3D%3D
903,2025_MES_727659_1,[CERTAIN REPAIR TO SECURITY FENCE INTERNAL BOUNDARY WALL DRAIN CULVERTS AND HARDSTANDING UNDER AGE BRI AT AMRITSAR CANTT],25-Aug-2025 05:00 PM,E-IN-C BRANCH - MILITARY ENGINEER SERVICES||CE WC AND CE JALANDHAR ZONE - MES||CWE AMRITSAR - MES,06-Oct-2025 06:00 PM,https://defproc.gov.in/nicgep/app?component=%24DirectLink&page=FrontEndLatestActiveCorrigendums&service=direct&session=T&sp=SFrKrTfVpyst43ZBbnEIrHg%3D%3D
904,2025_MES_718028_2,"[GE I R AND D/CHD-35/2025-26 CERTAIN REPAIRS TO JOINERY, ALUMINIUM PARTITIONING AND OTHER ALLIED WORKS IN ZONE-II, III, IV, V, VI, VII, VIII AND RTRS AT TBRL RANGE RAMGARH]",15-Sep-2025 04:00 PM,E-IN-C BRANCH - MILITARY ENGINEER SERVICES||ADG (OF and DRDO)  AND CE (R and D) DELHI-  MES||GE(I) R and D Chandigarh - MES,04-Oct-2025 06:00 PM,https://defproc.gov.in/nicgep/app?component=%24DirectLink&page=FrontEndLatestActiveCorrigendums&service=direct&session=T&sp=SJYZzIcgvzhIw8HoewgQi4Q%3D%3D
905,2024_MES_649471_5,[PROVN OF CENTRAL SEWAGE TREATMENT PLANT AT AF STN SALUA],27-Aug-2025 09:00 AM,E-IN-C BRANCH - MILITARY ENGINEER SERVICES||CE EC AND CE (AF) SHILLONG - MES,01-Oct-2025 06:00 PM,https://defproc.gov.in/nicgep/app?component=%24DirectLink&page=FrontEndLatestActiveCorrigendums&service=direct&session=T&sp=Sv5GrmlyO%2FX0275TUctB5HA%3D%3D
906,2025_MES_720670_3,[REPAIR MAINT OF LT PANELS MCCBs EARTHING CABLES AND THEIR CONNECTED ITEM AT NEW CANTT UNDER GE GANGTOK],29-Sep-2025 02:00 PM,E-IN-C BRANCH - MILITARY ENGINEER SERVICES||CE EC AND CE SILIGURI ZONE - MES||HQ 136 WORKS ENGINEERS - MES||GEGANGTOK - MES,13-Oct-2025 06:00 PM,https://etender.up.nic.in/nicgep/app?component=%24DirectLink_0&page=FrontEndAdvancedSearchResult&service=direct&session=T&sp=SfIFZ3viR%2FCve4OANKGOe%2FA%3D%3D
907,2025_MES_726039_1,[AUGMENTATION OF POWER SUPPLY AT NAVAL AREA VISAKHAPATNAM],13-Aug-2025 06:00 PM,E-IN-C BRANCH - MILITARY ENGINEER SERVICES||CE EC AND CE (NAVY) VIZAG - MES,09-Oct-2025 06:00 PM,https://defproc.gov.in/nicgep/app?component=%24DirectLink&page=FrontEndLatestActiveCorrigendums&service=direct&session=T&sp=S1vWRYq5zIYxNveIQ1Z1feQ%3D%3D
908,2025_MES_730576_1,"[8489 REPAIR/ MAINTENANCE OF LT PANEL, LT UG CABLE AND CONNECTED WORKS AT PARUNDU  UNDER GE TIRUNELVELI ]",12-Sep-2025 06:00 PM,E-IN-C BRANCH - MILITARY ENGINEER SERVICES||CE EC AND CE (NAVY) VIZAG - MES||CWE (Navy) Chennai - MES||GETHIRUNALVELI - MES,03-Oct-2025 06:00 PM,https://etender.up.nic.in/nicgep/app?component=%24DirectLink_0&page=FrontEndAdvancedSearchResult&service=direct&session=T&sp=SdQnEquS%2Fa8%2BllEFiP6VSvQ%3D%3D
909,2025_ARMY_732487_1,[81203/ARV WZT3/MT/0637	],24-Sep-2025 04:05 PM,IHQ of MoD (Army)-(OSCC)||MGO BR-IHQ of MoD (Army)-(OSCC)||ARMY BASE WORKSHOPS-MGO BR-IHQ of MoD(Army)-(OSCC)||507 ABW-IHQ of MoD (Army),30-Sep-2025 09:00 AM,https://etender.up.nic.in/nicgep/app?component=%24DirectLink_0&page=FrontEndAdvancedSearchResult&service=direct&session=T&sp=SuF%2BP7YGfcKGi4wjfBqTaKg%3D%3D
910,2025_MES_731962_1,[SPECIAL REPAIR TO ROAD AND ROAD FURNITURE AT MOUNT CAMPUS AT AF STN MOUNT ABU],20-Sep-2025 03:00 PM,E-IN-C BRANCH - MILITARY ENGINEER SERVICES||CE SWC AND CE (AF) GANDHINAGAR - MES||CWE (AF) CHILODA - MES,11-Oct-2025 06:00 PM,https://etender.up.nic.in/nicgep/app?component=%24DirectLink_0&page=FrontEndAdvancedSearchResult&service=direct&session=T&sp=Su6ey1bAvXYVA3RWsyDdHeA%3D%3D
911,2025_MES_729605_1,[MAINT OF PUMPS MOTORS INCLUDING CONTROL UNITS AND CONNECTED WATER SUPPLY PLANTS AT MASIMPUR MIL STATION],06-Sep-2025 11:20 AM,E-IN-C BRANCH - MILITARY ENGINEER SERVICES||CE EC AND CE SHILLONG ZONE - MES||CWE HQ 137 WE - MES||GE SILCHAR - MES,04-Oct-2025 06:00 PM,https://defproc.gov.in/nicgep/app?component=%24DirectLink&page=FrontEndLatestActiveCorrigendums&service=direct&session=T&sp=SCLpp9%2B27%2B2qqnI3rwCf%2B3g%3D%3D
912,2025_MES_730715_1,[PROVN OF ONE TOILET BLOCK  FOR AGNIVEER CONSISTING 10 X IWC 04 X BATHROOM 04 X URINAL AND 04 X WHB AT PRC  AND REAPPROPRIATION OF ENTRANCE MAIN GATE AND LIGHTENING FACILITIES IN EXIT GATE OF DENTAL CENTRE AT RAMGARH CANTT],13-Sep-2025 12:30 PM,E-IN-C BRANCH - MILITARY ENGINEER SERVICES||CE CC AND CE JABALPUR ZONE - MES||CWE RANCHI - MES||GE RAMGARH - MES,07-Oct-2025 06:00 PM,https://defproc.gov.in/nicgep/app?component=%24DirectLink&page=FrontEndLatestActiveCorrigendums&service=direct&session=T&sp=SMJhLB3PQfxVpwSSvfTWdBg%3D%3D
913,2025_MES_721302_2,[ADDN/ALTN OF BLDG NO P-34 OFFICE COMPLEX OF STN HQ RAIPUR AT NAYA RAIPUR MIL STN],17-Sep-2025 11:00 AM,E-IN-C BRANCH - MILITARY ENGINEER SERVICES||CE CC AND CE JABALPUR ZONE - MES||CWE JABALPUR - MES||AGE (I) RAIPUR - MES,01-Oct-2025 06:00 PM,https://defproc.gov.in/nicgep/app?component=%24DirectLink&page=FrontEndLatestActiveCorrigendums&service=direct&session=T&sp=S1YDzh29%2FMsHOxJFMPITFow%3D%3D
914,2025_IAF_731743_1,[PROCUREMENT OF EAX AND POWER CARTS],19-Sep-2025 05:00 PM,Indian Air Force,04-Dec-2025 03:00 PM,https://etender.up.nic.in/nicgep/app?component=%24DirectLink_0&page=FrontEndAdvancedSearchResult&service=direct&session=T&sp=S%2FQWP1ezFRNJykgqQ%2Feo67g%3D%3D
915,2025_MES_731047_1,[CERTAIN REPAIRS TO STEEL FURNITURE UNDER GE(EAST) FEROZEPUR CANTT.],17-Sep-2025 12:45 PM,E-IN-C BRANCH - MILITARY ENGINEER SERVICES||CE WC AND CE JALANDHAR ZONE - MES||CWE FEROZEPUR - MES,06-Oct-2025 06:00 PM,https://etender.up.nic.in/nicgep/app?component=%24DirectLink_0&page=FrontEndAdvancedSearchResult&service=direct&session=T&sp=SZaDVM8S5NfUOf5W6fIkCpg%3D%3D
916,2025_MES_730452_1,"[COMPREHENSIVE MAINTENANCE OF LIFTS INSTALLED AT P-404, KIRTI ENCLAVE AND VAT SITE SMA VARUNAPURI  UNDER GE (NW) VASCO]",12-Sep-2025 06:55 PM,E-IN-C BRANCH - MILITARY ENGINEER SERVICES||CESC AND CE( NAVY )MUMBAI - MES||CWE NAVY VASCO - MES,11-Oct-2025 06:00 PM,https://defproc.gov.in/nicgep/app?component=%24DirectLink&page=FrontEndLatestActiveCorrigendums&service=direct&session=T&sp=SQknt1TZSbXviX4ROAA2RYA%3D%3D
917,2025_MES_728964_1,"[CA NO.CWE BLY/GE (E)/67 OF 2025- 2026REPAIR/REPLACEMENT AND MAINT OF EXTERNAL ELECTRIFICATION, REPAIR OF TRANSFORMER ALONGWITH ALLIED SERVICES FOR HT DISTRIBUTION SYSTEM AT MIL STATION SHAJAHANPUR UNDER GE (EAST)   BAREILLY]",02-Sep-2025 06:00 PM,E-IN-C BRANCH - MILITARY ENGINEER SERVICES||CE CC AND CE BAREILLY ZONE - MES||CWE BAREILLY - MES,30-Sep-2025 06:00 PM,https://defproc.gov.in/nicgep/app?component=%24DirectLink&page=FrontEndLatestActiveCorrigendums&service=direct&session=T&sp=SLe%2FLAbLQL5P%2F25grL9lU1g%3D%3D
918,2025_MES_730617_1,"[REPAIR, MAINTENANCE OF UNSV PERIMETER LIGHTS, TOWER LIGHTS LT PANELS TIMERS AND ALLIED WORKS  AT NAVAL DOCKYARD VISAKHAPATNAM UNDER GE (I) DM VISAKHAPATNAM. ]",12-Sep-2025 06:00 PM,E-IN-C BRANCH - MILITARY ENGINEER SERVICES||CE EC AND CE (NAVY) VIZAG - MES||GE (I) (DM) VISAKHAPATNAM - MES||GE I DM VIZAG - MES,03-Oct-2025 06:00 PM,https://defproc.gov.in/nicgep/app?component=%24DirectLink&page=FrontEndLatestActiveCorrigendums&service=direct&session=T&sp=SloRRiDSiHZZwvXO%2BJWZ4kw%3D%3D
919,2025_MES_728677_1,[PROVN OF CERTAIN SANCTIONED WORKS AT MURADPUR AND AMRITSAR],01-Sep-2025 11:00 AM,E-IN-C BRANCH - MILITARY ENGINEER SERVICES||CE WC and CE(AF) WAC PALAM-MES||CWE (AF) Chandigarh-MES||AGE (I) (AF) AMRITSAR - MES,29-Sep-2025 06:00 PM,https://defproc.gov.in/nicgep/app?component=%24DirectLink&page=FrontEndLatestActiveCorrigendums&service=direct&session=T&sp=SWifUe9tUI%2FIRIsmonDU0kg%3D%3D
920,2025_MES_724536_1,[REPAIRS TO ROOF LEAKAGE SEEPAGE and SUNKEN PORTION AND CERTAIN BR  AND EM REPAIRS IN BLDGS AT  NEW MILITARY STATION KAPURTHALA],18-Sep-2025 06:00 PM,E-IN-C BRANCH - MILITARY ENGINEER SERVICES||CE WC AND CE JALANDHAR ZONE - MES||CWE JALANDHAR - MES,16-Oct-2025 06:00 PM,https://etender.up.nic.in/nicgep/app?component=%24DirectLink_0&page=FrontEndAdvancedSearchResult&service=direct&session=T&sp=STYV2d3oULNCHYPj1qmVY%2Fg%3D%3D
921,2025_ARMY_731740_1,[RC/25-26/150],19-Sep-2025 06:00 PM,IHQ of MoD (Army)-(OSCC)||DGAFMS-IHQ of MoD (Army)-(OSCC)||DG 2 GROUP-IHQ of MoD (Army)-(OSCC)||AFMSD 4-IHQ of MoD (Army),21-Oct-2025 10:00 AM,https://etender.up.nic.in/nicgep/app?component=%24DirectLink_0&page=FrontEndAdvancedSearchResult&service=direct&session=T&sp=SQblPJ94X4LUV9IdfWfn7rw%3D%3D
922,2025_MES_730679_1,[REPAIR / REPLACEMENT OF ROOF SHEET FALSE CEILING AND FLOORING AND REPAIR OF PLASTERING JOINERY SANITARY FITTING PLASTERING AND OTHER MISC WORKS AND PERIODICAL SERVICES TO CERTAIN OTM ACCN AND CERTAIN MISC WORKS AT LACHUNG LANKA AND BITCHU UNDER GE],13-Sep-2025 09:00 AM,E-IN-C BRANCH - MILITARY ENGINEER SERVICES||CE EC AND CE SILIGURI ZONE - MES||HQ 136 WORKS ENGINEERS - MES||GE 867 EWS - MES,04-Oct-2025 06:00 PM,https://etender.up.nic.in/nicgep/app?component=%24DirectLink_0&page=FrontEndAdvancedSearchResult&service=direct&session=T&sp=SxBw%2BSbcANzbrH8EQqjLofw%3D%3D
923,2025_MES_730691_1,[SPL REP REPLACEMENT OF CABLES AND WIRING WITH XLPE UG CABLE AND CONNECTED ITEMS OF VARIOUS BLDG AT HQ 46 INF BDE CAMP NA D PROVN OF  STORE SHELTER WITH VARANDAH NEAR OFFRS GUEST ROOM BLDG NO BTS 77 OF 223 FD REGT UNDER GE 859 EWS],13-Sep-2025 09:00 AM,E-IN-C BRANCH - MILITARY ENGINEER SERVICES||CE EC AND CE SILIGURI ZONE - MES||CWE TENGA - MES||GE 859 EWS - MES,04-Oct-2025 06:00 PM,https://etender.up.nic.in/nicgep/app?component=%24DirectLink_0&page=FrontEndAdvancedSearchResult&service=direct&session=T&sp=S3L%2FqJYguTN0gCFJMbOnvpw%3D%3D
924,2025_MES_730683_1,[REPAIR TO SECURITY FENCING GATE PATHWAY/HARDSTANDING RETAINING WALLS AND ALLIED WORKS AT CHATTEN CHUNGTHANG RANGMA RANGE THENG LACHUNG LANKA AND BITCHU  AND CLEANING /REPAIR AND REPLACEMENT OF SEWAGE LINE SWPTIC TANK AND SOAKAGE WELL DRAINS AND OTHER],13-Sep-2025 09:00 AM,E-IN-C BRANCH - MILITARY ENGINEER SERVICES||CE EC AND CE SILIGURI ZONE - MES||HQ 136 WORKS ENGINEERS - MES||GE 867 EWS - MES,04-Oct-2025 06:00 PM,https://defproc.gov.in/nicgep/app?component=%24DirectLink&page=FrontEndLatestActiveCorrigendums&service=direct&session=T&sp=SjIrrrV3lm5fXEeDTeOt5nw%3D%3D
925,2025_MES_730735_1,[GE/ALP (8523) KOLKATA OF 2025-26],13-Sep-2025 11:40 AM,E-IN-C BRANCH - MILITARY ENGINEER SERVICES||CE EC AND CE KOLKATA ZONE - MES||CWE KOLKATA - MES||GE ALIPORE - MES,07-Oct-2025 06:00 PM,https://defproc.gov.in/nicgep/app?component=%24DirectLink&page=FrontEndLatestActiveCorrigendums&service=direct&session=T&sp=SKU2LvNXyCDfDCnIffuHLHw%3D%3D
926,2025_MES_727622_1,[PROVN OF TOILET BLOCKS AT VARIOUS WORK AREAS LOC AT JAIPUR MIL STN],25-Aug-2025 06:45 PM,E-IN-C BRANCH - MILITARY ENGINEER SERVICES||CE SWC AND CE JAIPUR JAIPUR - MES||CWE JAIPUR - MES,29-Sep-2025 06:00 PM,https://etender.up.nic.in/nicgep/app?component=%24DirectLink_0&page=FrontEndAdvancedSearchResult&service=direct&session=T&sp=SsvWi3aQOK1jRGXJpa12v7A%3D%3D
927,2025_MES_729927_1,[SPECIAL REPAIRS TO ROAD FROM BLDG NO. A/6/133 (PROOF YARD) TO ATA INSIDE AD AT FAD UNDER GE PANAGARH],09-Sep-2025 06:00 PM,E-IN-C BRANCH - MILITARY ENGINEER SERVICES||CE EC AND CE KOLKATA ZONE - MES||CWE PANAGARH - MES,08-Oct-2025 06:00 PM,https://defproc.gov.in/nicgep/app?component=%24DirectLink&page=FrontEndLatestActiveCorrigendums&service=direct&session=T&sp=S6WdvYn6GUucAeN1kl%2BWG9Q%3D%3D
928,2025_MES_731604_1,"[REPAIR/REPLACEMENT AND MAINT OF STREET LIGHT, POLE GARDEN LIGHT AND CONNECTED ACCESSORIES FOR AREA LIGHTING IN ROAD NETWORK AT CERTAIN FACULTIES AND LIVING AREA INCLUDING 269 KLP AND ARN  AT CME UNDER GE(CME) KHADKI]",18-Sep-2025 05:30 PM,E-IN-C BRANCH - MILITARY ENGINEER SERVICES||CE SC AND CE PUNE ZONE - MES||CWE KIRKEE - MES||GE (CME) KIRKEE - MES,16-Oct-2025 06:00 PM,https://defproc.gov.in/nicgep/app?component=%24DirectLink&page=FrontEndLatestActiveCorrigendums&service=direct&session=T&sp=SKShqXQ3E9T9zG0H7lBXaaA%3D%3D
929,2025_MES_729621_1,[SPECIAL REPAIR TO EXISTING CHAIN LINK FENCE OF 148 LT AD REGT (COMP) AND PROVN OF AREA DRAINAGE LINE FOR 148 LT AD REGT (COMP) UNDER AGE B/R-I OF GE (NORTH) MEERUT CANTT],06-Sep-2025 06:00 PM,E-IN-C BRANCH - MILITARY ENGINEER SERVICES||CE CC AND CE BAREILLY ZONE - MES||CWE MEERUT - MES||GE (N) MEERUT - MES,04-Oct-2025 06:00 PM,https://defproc.gov.in/nicgep/app?component=%24DirectLink&page=FrontEndLatestActiveCorrigendums&service=direct&session=T&sp=SofktMbPSZoiGJVxHgBUexg%3D%3D
930,2025_MES_731532_1,"[REPAIR/ MAINT OF DRAINS, FENCING, RETAINING WALL and OTHER MISC WORK AT MIL STN KASAULI UNDER GE KASAULI]",18-Sep-2025 06:00 PM,E-IN-C BRANCH - MILITARY ENGINEER SERVICES||CE WC AND CE CHANDIGARH ZONE - MES||CWE CHANDIMANDIR - MES||GE KASAULI-MES,10-Oct-2025 06:00 PM,https://etender.up.nic.in/nicgep/app?component=%24DirectLink_0&page=FrontEndAdvancedSearchResult&service=direct&session=T&sp=S4sRWbJVkQJHyV0wUl9DQ%2FQ%3D%3D
931,2025_MES_729445_1,"[SPL REPAIR/ RELACEMENT OF OH TO UG LT CABLE AT  CORS PRO UNIT, SIGNAL CENTRE AND CONNECTED AREA UNDER GE(EAST) MATHURA MIL STN]",04-Sep-2025 06:55 PM,E-IN-C BRANCH - MILITARY ENGINEER SERVICES||CE SWC AND CE JAIPUR JAIPUR - MES||CWE Mathura - MES||GE (E) Mathura - MES,01-Oct-2025 06:00 PM,https://defproc.gov.in/nicgep/app?component=%24DirectLink&page=FrontEndLatestActiveCorrigendums&service=direct&session=T&sp=SFWDdcf3fD3LoUyXoAZ2XgA%3D%3D
932,2025_MES_730687_1,[PROVN OF 04 x REVENUE WORKS AT CERTAIN LOCATION  AND 01 X MINOR WORK UNDER GE (NORTH) BINNAGURI],13-Sep-2025 09:00 AM,E-IN-C BRANCH - MILITARY ENGINEER SERVICES||CE EC AND CE SILIGURI ZONE - MES||CWE BINNAGURI - MES||GE (N) BINNAGURI - MES,06-Oct-2025 06:00 PM,https://defproc.gov.in/nicgep/app?component=%24DirectLink&page=FrontEndLatestActiveCorrigendums&service=direct&session=T&sp=SoxOrQpufDHUBEIeh5f4yXA%3D%3D
933,2025_MES_733048_1,[IN HOUSE SITE DEVELOPMENT FOR PRECISION EQUIPMENT IN ROOM NO P 170 A COATING LAB AND 3D PRINTING LAB AND WORKSHOP OF DEPT OF MECHANICAL ENGINEERING AND SOME MINOR AND REVENUE WORK AT DIAT DU MILIT GIRINAGAR PUNE 25],27-Sep-2025 04:00 PM,E-IN-C BRANCH - MILITARY ENGINEER SERVICES||ADG (OF and DRDO) AND CE (R and D) SECUNDERABAD - MES||GE (I) RND GIRINAGAR - MES,20-Oct-2025 06:00 PM,https://etender.up.nic.in/nicgep/app?component=%24DirectLink_0&page=FrontEndAdvancedSearchResult&service=direct&session=T&sp=S5WVu%2Fa4dnZH3a1AbpyrtSA%3D%3D
934,2025_MES_730283_1,[PROVN OF STORE ROOM FOR SINGLE OFFRS LIVING ACCN OF 19 WEU AND OTHER SPL REPAIR/MINOR WORKS AT AGE CHARDUAR UNDER GE (N) TEZPUR],10-Sep-2025 06:00 PM,E-IN-C BRANCH - MILITARY ENGINEER SERVICES||CE EC AND CE SILIGURI ZONE - MES||CWE TEZPUR - MES||GE (N) TEZPUR - MES,30-Sep-2025 06:00 PM,https://defproc.gov.in/nicgep/app?component=%24DirectLink&page=FrontEndLatestActiveCorrigendums&service=direct&session=T&sp=SlOtycr62IpQK2OMnSFAdmA%3D%3D
935,2025_MES_729540_1,[RUNWAY REHABILITION SCHEME (RRS) AND CERTAIN MISC WORKS AT AFS KUMBHIRGRAM],06-Sep-2025 10:00 AM,E-IN-C BRANCH - MILITARY ENGINEER SERVICES||CE EC AND CE (AF) SHILLONG - MES||CWE (AF) BORJAR - MES||AGE (I) KUMBHIRGRAM - MES,02-Oct-2025 06:00 PM,https://defproc.gov.in/nicgep/app?component=%24DirectLink&page=FrontEndLatestActiveCorrigendums&service=direct&session=T&sp=SqbNSJ2E2RcA7t3XQXiltrg%3D%3D
936,2025_BRO_732858_1,"[SS OF S/AGG 40,20,10 MM AND C/SAND (DRY) FOR PMT WKS FOR SRMD 2025-26 B/W KM 0.000 TO KM 0.124 ON D- R RD WKS UDR 87 RCC/ 764 BRTF(P) SWTK IN SIKKIM STATE, JOB NO.314/221.]",27-Sep-2025 04:00 PM,Dte General Border Roads Organisation||HQ CE(P) Swastik (Gangtok) - BRO||764TF - Swastik (Gangtok) - BRO,21-Oct-2025 03:00 PM,https://etender.up.nic.in/nicgep/app?component=%24DirectLink_0&page=FrontEndAdvancedSearchResult&service=direct&session=T&sp=Sy1M4cIL2cWJ70xnp0clEMQ%3D%3D
937,2025_MES_731056_1,[COMPREHENSIVE MAINT AND OTHER ALLIED WORKS OF DG SETS AT CME UNDER GE (CME) KHADKI],15-Sep-2025 06:00 PM,E-IN-C BRANCH - MILITARY ENGINEER SERVICES||CE SC AND CE PUNE ZONE - MES||CWE KIRKEE - MES||GE (CME) KIRKEE - MES,13-Oct-2025 06:00 PM,https://defproc.gov.in/nicgep/app?component=%24DirectLink&page=FrontEndLatestActiveCorrigendums&service=direct&session=T&sp=SMfX9VOGoU6hj5bWnInifSQ%3D%3D
938,2025_MES_729264_1,"[REPAIR TO SEWAGE LINE INCL CLEANING OF SEPTIC TANK AND SEWAGE LINE,MANHOLES,REPAIR TO DRAIN, HARDSTANDING, PLINTH PROTECTION AND REPAIR /MAINTENANCE WORK OF BOUNDARY WALL FENCING PATH AND EXTERNAL PERIODICAL SERVICES IN EANDJ AREA AT NAVAL BASE KOCHI]",03-Sep-2025 06:55 PM,E-IN-C BRANCH - MILITARY ENGINEER SERVICES||CESC AND CE (NAVY) KOCHI - MES||CWE NW KOCHI - MES,01-Oct-2025 06:00 PM,https://defproc.gov.in/nicgep/app?component=%24DirectLink&page=FrontEndLatestActiveCorrigendums&service=direct&session=T&sp=SrwEj8urYYdHJTcQfFIea3A%3D%3D
939,2025_MES_729294_1,[WIDENING OF TURNING RADIUS AT CERTAIN LOCATIONS AT AFS  UNDER GE (AF) SAMBRA],04-Sep-2025 03:00 PM,E-IN-C BRANCH - MILITARY ENGINEER SERVICES||CESC AND CE (AF) BANGALORE - MES||CWE (AF) (SOUTH) BANGALORE - MES||GE (AF) SAMBRA - BELGAUM - MES,02-Oct-2025 06:00 PM,https://defproc.gov.in/nicgep/app?component=%24DirectLink&page=FrontEndLatestActiveCorrigendums&service=direct&session=T&sp=StK6Mx0nrjPNT3NP4ayE2ZA%3D%3D
940,2025_MES_724617_1,[801679 CONSTRUCTION OF BASE OPERATION CONTROL CENTRE (BOCC) AT AF STN THANJAVUR],05-Aug-2025 05:00 PM,E-IN-C BRANCH - MILITARY ENGINEER SERVICES||CESC AND CE (AF) BANGALORE - MES,03-Oct-2025 06:00 PM,https://defproc.gov.in/nicgep/app?component=%24DirectLink&page=FrontEndLatestActiveCorrigendums&service=direct&session=T&sp=S4bisP0WdMwlQhKvPCP%2BMYg%3D%3D
941,2025_MES_732364_1,[PERIODICAL SERVICES TO VARIOUS OTM ACCN AT NORTH OF RLY LINE UNDER GE MISSAMARI],24-Sep-2025 09:00 AM,E-IN-C BRANCH - MILITARY ENGINEER SERVICES||CE EC AND CE SILIGURI ZONE - MES||CWE TENGA - MES||GE MISSAMARI - MES,20-Oct-2025 06:00 PM,https://defproc.gov.in/nicgep/app?component=%24DirectLink&page=FrontEndLatestActiveCorrigendums&service=direct&session=T&sp=SGVsywpzxknvyWl5sEw06YQ%3D%3D
942,2025_MES_728814_1,"[REPAIR /MAINTENANCE OF WATER SUPPLY INSTALLATION INCLUDING PUMPS, STARTER, PANEL DISTRIBUTION AT ICGS KAKINADA, MALKAPURAM, JETTY COMPLEX AND FIRE ALARM SYSTEM AND FIRE FIGHTING SYSTEM INCLUDING ALLIED WORKS AT ICGS MALKAPURAM UNDER GE(I)(CG)VIZAG]",01-Sep-2025 06:00 PM,E-IN-C BRANCH - MILITARY ENGINEER SERVICES||ADG (Projects) and CE (CG) Visakhapatnam - MES||AGE (I) (CG) Vizag - MES,30-Sep-2025 06:00 PM,https://defproc.gov.in/nicgep/app?component=%24DirectLink&page=FrontEndLatestActiveCorrigendums&service=direct&session=T&sp=SnqXAepp2ER1PMMOWtMrBAw%3D%3D
943,2025_MES_729435_1,[REPAIR/MAINTANANCE OF DG SET OF VARIOUS CAPACITIES IN AOR OF GE (EAST) UNDER GE (EAST) MATHURA],06-Sep-2025 05:00 PM,E-IN-C BRANCH - MILITARY ENGINEER SERVICES||CE SWC AND CE JAIPUR JAIPUR - MES||CWE Mathura - MES||GE (E) Mathura - MES,03-Oct-2025 06:00 PM,https://defproc.gov.in/nicgep/app?component=%24DirectLink&page=FrontEndLatestActiveCorrigendums&service=direct&session=T&sp=SHB9mm4YWE3NDmXJcK5SigA%3D%3D
944,2025_BRO_723293_1,"[IMPROVEMENT OF CURVE, GRADIENT AND ADDITIONAL PMT WORKS BETWEEN KM 15.00 and KM 35.356 (NET LENGTH 20.356 KMS) ON ROAD BHIMBAT-ADM BASE-LC UNDER PROJECT VIJAYAK, IN LADAKH (UT)]",29-Jul-2025 06:30 PM,Dte General Border Roads Organisation||HQ CE(P) Vijayak(Kargil) - BRO,30-Sep-2025 03:00 PM,https://defproc.gov.in/nicgep/app?component=%24DirectLink&page=FrontEndLatestActiveCorrigendums&service=direct&session=T&sp=S5GG156ibeYwbgRC3B1smIA%3D%3D
945,2025_MES_729641_1,"[SPL REPAIR/ REPLACEMENT OF CONVENTIONAL EARTHING WITH MAINT FREE EARTHING FOR VARIOUS TRANSFORMER/RMU/HT PANELS INSTALLED AT E/M INSTALLATIONS,CONCEALMENT OF ELECTRICITY LINES, AFNET CABLES AND POWER SOCKETS WITHIN WALL AND CERTAIN MINOR WORKS AT AFS]",06-Sep-2025 02:00 PM,E-IN-C BRANCH - MILITARY ENGINEER SERVICES||CESC AND CE (AF) BANGALORE - MES||CWE (AF) (SOUTH) BANGALORE - MES||GE(AF) Yelehanka - MES,04-Oct-2025 06:00 PM,https://defproc.gov.in/nicgep/app?component=%24DirectLink&page=FrontEndLatestActiveCorrigendums&service=direct&session=T&sp=S1oJayj%2F1gL2IhJ012bwmTQ%3D%3D
946,2025_MES_705485_2,"[REPAIRS  TO WALLS, FLOOR, JOINERY, PLUMBING , ROOF AND CONNECTED WORKS AT MUTAGA CAMP ATS BELAGAVI UNDER GE (AF) SAMBRA]",17-Sep-2025 12:00 PM,E-IN-C BRANCH - MILITARY ENGINEER SERVICES||CESC AND CE (AF) BANGALORE - MES||CWE (AF) (SOUTH) BANGALORE - MES||GE (AF) SAMBRA - BELGAUM - MES,29-Sep-2025 06:00 PM,https://etender.up.nic.in/nicgep/app?component=%24DirectLink_0&page=FrontEndAdvancedSearchResult&service=direct&session=T&sp=SwkuLNq7quIkgegwWLpelJg%3D%3D
947,2025_MES_722517_2,[REPAIR TO BLDG NO E4 (COOK HOUSE) PROVN OF 04 NOS TOILET AT MAMDOT HALL AND REPLACEMENT OF WATER LEVEL INDICATOR AT WATER SUPPLY INSTALLATIONS UNDER GE (WEST) FEROZEPUR CANTT],08-Sep-2025 09:00 AM,E-IN-C BRANCH - MILITARY ENGINEER SERVICES||CE WC AND CE JALANDHAR ZONE - MES||CWE FEROZEPUR - MES||GE (WEST) FEROZEPUR - MES,29-Sep-2025 06:00 PM,https://defproc.gov.in/nicgep/app?component=%24DirectLink&page=FrontEndLatestActiveCorrigendums&service=direct&session=T&sp=SEZ0PW08TNe8uQ6z9kuPTQw%3D%3D
948,2025_MES_728257_1,[REPAIR MAINTENANCE OF CONTROL PANEL AND ATTENDING DAY TO DAY WATER SUPPLY COMPLAINT INCLUDING CONNECTING ITEMS  UNDER GE I GOS],28-Aug-2025 06:00 PM,E-IN-C BRANCH - MILITARY ENGINEER SERVICES||CE CC AND CE JABALPUR ZONE - MES||GE (I) GOS - MES||GE I GOPALPUR ON SEA - MES,29-Sep-2025 06:00 PM,https://defproc.gov.in/nicgep/app?component=%24DirectLink&page=FrontEndLatestActiveCorrigendums&service=direct&session=T&sp=SX1EMOSgAMlpSH2lckaBWjg%3D%3D
949,2025_MES_730794_1,[PROVN OF CERTAIN SANCTIONED WORKS AT PATIALA UNDER GE(SOUTH) PATIALA],13-Sep-2025 04:00 PM,E-IN-C BRANCH - MILITARY ENGINEER SERVICES||CE WC AND CE CHANDIGARH ZONE - MES||CWE PATIALA - MES||GE (S) PATIALA - MES,21-Oct-2025 06:00 PM,https://defproc.gov.in/nicgep/app?component=%24DirectLink&page=FrontEndLatestActiveCorrigendums&service=direct&session=T&sp=SFijG6O6C9KhMOa1AZekBsw%3D%3D
950,2025_MES_728655_1,"[CA NO. GE/K-66/2025-26 - SPL REPAIR OF ORs LINE T-21 AND T-22 AT 508 ASC BN (MARATHA HIGH GROUND) AND SPECIAL REPAIR OF CERTAIN ITEMS IN BLDG NO. T-122 AT MH KARGIL, BLDG NO. T-68, T-33, T-75, T-43 AND T-50B AT 30 RAJPUT UNDER GE KARGIL]",30-Aug-2025 06:00 PM,E-IN-C BRANCH - MILITARY ENGINEER SERVICES||CE NC AND CE LEH ZONE - MES||CWE KUMBATHANG - MES||GE KARGIL - MES,29-Sep-2025 06:00 PM,https://defproc.gov.in/nicgep/app?component=%24DirectLink&page=FrontEndLatestActiveCorrigendums&service=direct&session=T&sp=S0lv3zQ7KEjZWbAhCNK8jkg%3D%3D
951,2025_MES_727895_1,"[CA NO.CWE BLY/GE (E)/59 OF 2025- 2026SPECIAL REPAIR TO BUILDING NO P-269, P-160 AND P-64  AND LABORATORY AT RTS AND DEPOT HEMPUR UNDER GE (EAST) BAREILLY	]",26-Aug-2025 06:00 PM,E-IN-C BRANCH - MILITARY ENGINEER SERVICES||CE CC AND CE BAREILLY ZONE - MES||CWE BAREILLY - MES,30-Sep-2025 06:00 PM,https://defproc.gov.in/nicgep/app?component=%24DirectLink&page=FrontEndLatestActiveCorrigendums&service=direct&session=T&sp=SvP3n5fOFpH3urPzCKn2uWA%3D%3D
952,2025_MES_728466_1,"[REPAIR TO DRAIN, PATH, EMERGENCY LINK AND OTHER MISCELLANEOUS B/R  WORKS AT  AIRFIELD AT INS HANSA UNDER GE NW VASCO]",29-Aug-2025 06:00 PM,E-IN-C BRANCH - MILITARY ENGINEER SERVICES||CESC AND CE( NAVY )MUMBAI - MES||CWE NAVY VASCO - MES,04-Oct-2025 06:00 PM,https://defproc.gov.in/nicgep/app?component=%24DirectLink&page=FrontEndLatestActiveCorrigendums&service=direct&session=T&sp=SbSj29GCdY%2F7wwBcUrDfC3w%3D%3D
953,2025_MES_731479_1,[SPECIAL REPAIR TO OTM ACCN BLDG NO IVH-9 OF 947 LT  AD REGT (COMP) WKSP UNDER GE (NORTH) MEERUT CANTT],18-Sep-2025 01:00 PM,E-IN-C BRANCH - MILITARY ENGINEER SERVICES||CE CC AND CE BAREILLY ZONE - MES||CWE MEERUT - MES,10-Oct-2025 06:00 PM,https://defproc.gov.in/nicgep/app?component=%24DirectLink&page=FrontEndLatestActiveCorrigendums&service=direct&session=T&sp=SMgmPH793p68RSW06ARhGtQ%3D%3D
954,2025_MES_731755_1,"[SPECIAL REPAIR OF BLDG NO. P-134, P-135, P-136, AND P-137 (24 X OR MD ACCN) AT NEW CANTT UNDER GE WEST PRAYAGRAJ.]",19-Sep-2025 04:00 PM,E-IN-C BRANCH - MILITARY ENGINEER SERVICES||CE CC AND CE LUCKNOW ZONE - MES||CWE ALLAHABAD - MES,10-Oct-2025 06:00 PM,https://etender.up.nic.in/nicgep/app?component=%24DirectLink_0&page=FrontEndAdvancedSearchResult&service=direct&session=T&sp=S%2BKTDF7xSzIBLmudE98Lrfw%3D%3D
955,2025_MES_731785_1,"[REPAIR/MAINTENANCE AND IMPROVEMENT OF LT NETWORK, UG CABLES, OH LINES, LT PANELS AND OTHER CONNECTED ITEMS AT BIRPUR, GHANGHORA AND ANARWALA UNDER AGE E/M-II OF GE DEHRADUN]",19-Sep-2025 04:50 PM,E-IN-C BRANCH - MILITARY ENGINEER SERVICES||CE CC AND CE BAREILLY ZONE - MES||CWE DEHRADUN - MES,10-Oct-2025 06:00 PM,https://etender.up.nic.in/nicgep/app?component=%24DirectLink_0&page=FrontEndAdvancedSearchResult&service=direct&session=T&sp=SFmAf9hFrLFYzFLu74qoGpw%3D%3D
956,2025_MES_728659_1,[COMPREHENSIVE MAINT AND REPAIR TO MD ACCN IN BANA ENCLAVE UNDER AGE B/R-II OF GE (SOUTH) MAMUN],31-Aug-2025 09:00 AM,E-IN-C BRANCH - MILITARY ENGINEER SERVICES||CE WC AND CE PATHANKOT ZONE - MES||CWE MAMUN - MES||GE(SOUTH) MAMUN - MES,04-Oct-2025 06:00 PM,https://defproc.gov.in/nicgep/app?component=%24DirectLink&page=FrontEndLatestActiveCorrigendums&service=direct&session=T&sp=SsGXhuk0YZdF%2FSIcumqPTrQ%3D%3D
957,2025_MES_722387_2,"[REPAIR TO FLOORING, TILLING SANITARY FITTINGS, PLUMBING, JOINERY AND OTHER ASSOCIATED WORKS IN BUILDINGS OF CERTAIN UNIT UNDER GE KAMPTEE.]",09-Sep-2025 06:00 PM,E-IN-C BRANCH - MILITARY ENGINEER SERVICES||CESC AND CE BHOPAL ZONE  - MES||CWE NAGPUR - MES||GE KAMPTEE - MES,01-Oct-2025 06:00 PM,https://defproc.gov.in/nicgep/app?component=%24DirectLink&page=FrontEndLatestActiveCorrigendums&service=direct&session=T&sp=SDwT8C%2Bz5v29KR%2BUbaNvuSA%3D%3D
958,2025_MES_730233_1,[SPECIAL REPAIRS TO CERTAIN OMQs AT AFS HAKIMPET ],10-Sep-2025 05:00 PM,E-IN-C BRANCH - MILITARY ENGINEER SERVICES||CESC AND CE (AF) BANGALORE - MES||CWE (AF) SECUNDERABAD - MES,08-Oct-2025 06:00 PM,https://defproc.gov.in/nicgep/app?component=%24DirectLink&page=FrontEndLatestActiveCorrigendums&service=direct&session=T&sp=SgDii%2FnsS3vtQeZjU2hDp9A%3D%3D
959,2025_MES_728646_1,[8848/E8],30-Aug-2025 06:00 PM,E-IN-C BRANCH - MILITARY ENGINEER SERVICES||CE EC AND CE KOLKATA ZONE - MES||CWE KOLKATA - MES||GE(CENTRAL) KOLKATA - MES,29-Sep-2025 06:00 PM,https://defproc.gov.in/nicgep/app?component=%24DirectLink&page=FrontEndLatestActiveCorrigendums&service=direct&session=T&sp=SnTEGRS1m13GGrbwF8x2vWg%3D%3D
960,2025_MES_725529_2,"[PROVN OF MECHANICAL LAUNDARY ALONG WITH REQUIRED INFRA, CONNECTED ELECTRIC AND PLUMBING ITEMS AT TANGTSE UNDER GE 860 EWS]",17-Sep-2025 11:00 AM,E-IN-C BRANCH - MILITARY ENGINEER SERVICES||CE NC AND CE LEH ZONE - MES||HQ 138 WORKS ENGR - MES||GE 860 EWS - MES,29-Sep-2025 06:00 PM,https://etender.up.nic.in/nicgep/app?component=%24DirectLink_0&page=FrontEndAdvancedSearchResult&service=direct&session=T&sp=SUREE1S6cKxXwkPycBgNX3Q%3D%3D
961,2025_MES_729668_1,[CERTAIN SANCTIONED WORK UNDER AGE B/R-II AREA AT MIL STN KOTA],06-Sep-2025 03:00 PM,E-IN-C BRANCH - MILITARY ENGINEER SERVICES||CE SWC AND CE JAIPUR JAIPUR - MES||CWE KOTA - MES||GE KOTA - MES,03-Oct-2025 06:00 PM,https://defproc.gov.in/nicgep/app?component=%24DirectLink&page=FrontEndLatestActiveCorrigendums&service=direct&session=T&sp=SxdrNAMwnPvuX818AinwqzA%3D%3D
962,2025_DRDO_728989_1,[DESIGN AND DEVELOPMENT OF ALL IN ONE NYQUIST SAMPLING FREQUENCY RECEIVER A TO J BAND],02-Sep-2025 05:30 PM,Department of Defence Research and Development||Defence Research and Development Organisation||DFMM||Office of DG(ECS)||DLRL,09-Oct-2025 11:00 AM,https://defproc.gov.in/nicgep/app?component=%24DirectLink&page=FrontEndLatestActiveCorrigendums&service=direct&session=T&sp=SbA8JCvFDAorPfEIjJ%2B0UrA%3D%3D
963,2025_MES_728729_1,"[REINSTATEMENT OF THE DAMAGED ROAD DUE TO LAYING OF PNG PIPELINE AT NOFRA, COLABA UNDER GE (NW) NOFRA]",01-Sep-2025 03:00 PM,E-IN-C BRANCH - MILITARY ENGINEER SERVICES||CESC AND CE( NAVY )MUMBAI - MES||CWE (NW) MUMBAI - MES,04-Oct-2025 06:00 PM,https://defproc.gov.in/nicgep/app?component=%24DirectLink&page=FrontEndLatestActiveCorrigendums&service=direct&session=T&sp=SuQ1HsCHwILXDCuiUetQufg%3D%3D
964,2025_MES_708858_3,[CERTAIN B R REPAIRS TO ARRESTOR BUTT INCLUDING SAND FILLING AT SQAE A AND LPR OF DGQA UNITS UNDER GE NO 1 JABALPUR],11-Sep-2025 05:00 PM,E-IN-C BRANCH - MILITARY ENGINEER SERVICES||CE CC AND CE JABALPUR ZONE - MES||CWE JABALPUR - MES||GE (P) JABALPUR - MES,03-Oct-2025 06:00 PM,https://defproc.gov.in/nicgep/app?component=%24DirectLink&page=FrontEndLatestActiveCorrigendums&service=direct&session=T&sp=SrqZOSwmkivZmgbFWFzHRMg%3D%3D
965,2025_MES_718533_1,[PROVISION OF LEAN TO HANGAR ARM TO ACCOMMODATE TECHNICAL FACILITY AT ICGAS CHENNAI],04-Jul-2025 06:00 PM,E-IN-C BRANCH - MILITARY ENGINEER SERVICES||ADG (Projects) and CE (CG) Visakhapatnam - MES,06-Oct-2025 06:00 PM,https://defproc.gov.in/nicgep/app?component=%24DirectLink&page=FrontEndLatestActiveCorrigendums&service=direct&session=T&sp=StVEQ13spV8jSt3Vs8gZaXg%3D%3D
966,2025_MES_729119_1,[IMPROVEMENT TO CERTAIN SMQS IN N-4 AREA UNDER GE AF BR CHAKERI KANPUR],03-Sep-2025 06:00 PM,E-IN-C BRANCH - MILITARY ENGINEER SERVICES||CESC AND CE (AF) NAGPUR - MES,15-Oct-2025 06:00 PM,https://defproc.gov.in/nicgep/app?component=%24DirectLink&page=FrontEndLatestActiveCorrigendums&service=direct&session=T&sp=SDWWxS2rs8VSNJ1qOBC0Bag%3D%3D
967,2025_MES_729705_1,[DAY TO DAY MAINTAINANCE TO BR NATURE WORKS IE PLASTERING BRICK WORK SUNKEN TREATMENT PLUMBING  SANITARY FITTINGS PERIODICAL SERVICES ETC TO VARIOUS LABS AREA AT KWC UNDER GE I RnD DELHI],06-Sep-2025 06:55 PM,E-IN-C BRANCH - MILITARY ENGINEER SERVICES||ADG (OF and DRDO)  AND CE (R and D) DELHI-  MES||AGE (I) RND DELHI - MES||AGE (I) R and D DELHI - MES,04-Oct-2025 06:00 PM,https://defproc.gov.in/nicgep/app?component=%24DirectLink&page=FrontEndLatestActiveCorrigendums&service=direct&session=T&sp=SsHARRxMTLJ%2FDvIe0rC6Rbg%3D%3D
968,2025_MES_731125_1,[PERIODICAL SERVICES INTERNAL and EXTERNAL INCLUDING REPAIR TO PLASTERING FACIA-CHAJJA REPAIR ETC IN MD ACCN AT NON MAP QTRS IN NORTH ZONE UNDER GE NORTH BINNAGURI],16-Sep-2025 01:00 PM,E-IN-C BRANCH - MILITARY ENGINEER SERVICES||CE EC AND CE SILIGURI ZONE - MES||CWE BINNAGURI - MES||GE (N) BINNAGURI - MES,09-Oct-2025 06:00 PM,https://etender.up.nic.in/nicgep/app?component=%24DirectLink_0&page=FrontEndAdvancedSearchResult&service=direct&session=T&sp=SkzG02poaRdOnLnHArQ2Mcw%3D%3D
969,2025_MES_718842_2,"[SPECIAL REPAIRS TO BLDG NO. P-78, T-48 AND PROVISION OF SPLIT AC AT CHH SAMBHAJINAGAR MIL STATION UNDER GE(SOUTH) AHILYANAGAR]",16-Sep-2025 12:15 PM,E-IN-C BRANCH - MILITARY ENGINEER SERVICES||CE SC AND CE PUNE ZONE - MES||CWE DEOLALI - MES||GE (S) AHMEDNAGAR - MES,29-Sep-2025 06:00 PM,https://etender.up.nic.in/nicgep/app?component=%24DirectLink_0&page=FrontEndAdvancedSearchResult&service=direct&session=T&sp=SFWv%2BKjwm3rgV5Ko0Xq2dpA%3D%3D
970,2025_ARMY_731688_1,[RC/25-26/135],19-Sep-2025 06:00 PM,IHQ of MoD (Army)-(OSCC)||DGAFMS-IHQ of MoD (Army)-(OSCC)||DG 2 GROUP-IHQ of MoD (Army)-(OSCC)||AFMSD 4-IHQ of MoD (Army),21-Oct-2025 10:00 AM,https://etender.up.nic.in/nicgep/app?component=%24DirectLink_0&page=FrontEndAdvancedSearchResult&service=direct&session=T&sp=SnRskQEduydyQNEycXzG6OQ%3D%3D
971,2025_MES_727982_1,[SPECIAL REPAIR TO CERTAIN MD ACCNS AT AFS JORHAT],26-Aug-2025 06:55 PM,E-IN-C BRANCH - MILITARY ENGINEER SERVICES||CE EC AND CE (AF) SHILLONG - MES,07-Oct-2025 06:00 PM,https://defproc.gov.in/nicgep/app?component=%24DirectLink&page=FrontEndLatestActiveCorrigendums&service=direct&session=T&sp=SwW3noHgPUfXl2c20mtLvrw%3D%3D
972,2025_MES_720614_1,[PROVISION OF OTM INFRASTRUCTURE AND MD ACCN AT AF STATION DEESA (PH II) DESIGNATED AS GP1],15-Jul-2025 06:00 PM,E-IN-C BRANCH - MILITARY ENGINEER SERVICES||CE SWC AND CE (AF) GANDHINAGAR - MES,08-Oct-2025 06:00 PM,https://defproc.gov.in/nicgep/app?component=%24DirectLink&page=FrontEndLatestActiveCorrigendums&service=direct&session=T&sp=SPi08spHS%2F1uq2JCaCpeAKw%3D%3D
973,2025_MES_701126_1,"[SPECIAL REPAIRS REPLACEMENT OF OLD UNSERVICEABLE BER LIFT AT KUTHAR BLOCK P-19 HQ EF BUILDING P-56 INSIDE ND V UNDER GE U-I, VISAKHAPATNAM]",12-Jun-2025 06:00 PM,E-IN-C BRANCH - MILITARY ENGINEER SERVICES||CE EC AND CE (NAVY) VIZAG - MES||CWE VISAKHAPATNAM - MES,04-Oct-2025 06:00 PM,https://defproc.gov.in/nicgep/app?component=%24DirectLink&page=FrontEndLatestActiveCorrigendums&service=direct&session=T&sp=SCTGc%2FrY4pAS%2BiQCRVYYf%2FA%3D%3D
974,2025_MES_733171_1,[REPAIR  MAINT  PERIODICAL SERVICES PLUMBING SANITARY FITTINGS AND MISC BR WORK SERVICES OF EM INSTALATION AT AF STN 24 ED MANAURI],29-Sep-2025 02:00 PM,E-IN-C BRANCH - MILITARY ENGINEER SERVICES||CESC AND CE (AF) NAGPUR - MES||CWE (AF) CHAKERI - MES||AGE(I) MANAURI - MES,20-Oct-2025 06:00 PM,https://etender.up.nic.in/nicgep/app?component=%24DirectLink_0&page=FrontEndAdvancedSearchResult&service=direct&session=T&sp=SdyDaZtc13FTBOp9Zw1bxuw%3D%3D
975,2025_MES_730848_1,[SPECIAL REPAIR TO ROOF SHEET AT BLDG NO VIC 05 OR LIVING PROVN OF 01 TOILET BLOCK 05 WC 03 URINAL PT  02 WASH BASIN AND 02 BATHROOM AT BLDG NO VIC 03 OLD RECORDS LOCATION AT BRC DANAPUR AND PROVN OF COMPLETE REWIRING OF OR COOK HOUSE AT HQ J AND B SU],13-Sep-2025 05:00 PM,E-IN-C BRANCH - MILITARY ENGINEER SERVICES||CE CC AND CE JABALPUR ZONE - MES||CWE RANCHI - MES||GE DANAPUR - MES,06-Oct-2025 06:00 PM,https://etender.up.nic.in/nicgep/app?component=%24DirectLink_0&page=FrontEndAdvancedSearchResult&service=direct&session=T&sp=S6DS6Er98q1hezhQrVDTGcA%3D%3D
976,2025_MES_731249_1,[SPL REPAIRS TO BLDG NO MD ACCN BUILDING NO PN 152  UNDER AGE BR I AT NAGROTA UNDER GE NAGROTA],17-Sep-2025 12:00 PM,E-IN-C BRANCH - MILITARY ENGINEER SERVICES||CE NC AND CE UDHAMPUR ZONE - MES||CWE NAGROTA - MES||GE NAGROTA - MES,06-Oct-2025 06:00 PM,https://defproc.gov.in/nicgep/app?component=%24DirectLink&page=FrontEndLatestActiveCorrigendums&service=direct&session=T&sp=SBMUWDUOoniYSkt7DKQ1%2BuQ%3D%3D
977,2025_MES_729442_1,[GE/Token-53/2025-26 ],04-Sep-2025 06:00 PM,E-IN-C BRANCH - MILITARY ENGINEER SERVICES||CE WC and CE DELHI ZONE-MES||CWE DELHI CANTT-MES||GE (CENTRAL) DELHI CANTT-MES,02-Oct-2025 06:00 PM,https://defproc.gov.in/nicgep/app?component=%24DirectLink&page=FrontEndLatestActiveCorrigendums&service=direct&session=T&sp=Sg2lwqtmG6FaanqtQ0YY0Hw%3D%3D
978,2025_MES_706808_4,[SPECIAL REPAIR AND IMPROVEMENT TO BUILDING NO P 353 AT AIR FORCE STATION JAISALMER],01-Sep-2025 12:00 PM,E-IN-C BRANCH - MILITARY ENGINEER SERVICES||CE SWC AND CE (AF) GANDHINAGAR - MES||CWE (AF) Jaisalmer - MES,29-Sep-2025 06:00 PM,https://defproc.gov.in/nicgep/app?component=%24DirectLink&page=FrontEndLatestActiveCorrigendums&service=direct&session=T&sp=SmRz2F1cp48%2BMv6V%2BFrrV9Q%3D%3D
979,2025_MES_729708_1,[SPECIAL REPAIR TO ROADS AT ASCON NODE HARIKE UNDER GE(WEST) FEROZEPUR CANTT],06-Sep-2025 03:55 PM,E-IN-C BRANCH - MILITARY ENGINEER SERVICES||CE WC AND CE JALANDHAR ZONE - MES||CWE FEROZEPUR - MES,04-Oct-2025 06:00 PM,https://defproc.gov.in/nicgep/app?component=%24DirectLink&page=FrontEndLatestActiveCorrigendums&service=direct&session=T&sp=SOZXW5GhVfZVbzMTXgdPbcA%3D%3D
980,2025_MES_730529_1,"[REPAIR/MAINT OF SUBMERSIBLE AND CENTRIFUGAL PUMP MOTORS AND SUBMERSIBLE CABLE, MS COLUMN PIPE, STARTER, LT PANEL BOARDS, ITEMS INCL CI PIPE LINE AND WATER RESERVE TANK PUMP HOUSE AT TECH AND RESIDENTIAL AREA AT DEAL UNDER GE (I) RND DEHRADUN]",12-Sep-2025 06:00 PM,E-IN-C BRANCH - MILITARY ENGINEER SERVICES||ADG (OF and DRDO)  AND CE (R and D) DELHI-  MES||GE(I) R and D Dehradun - MES,03-Oct-2025 06:00 PM,https://defproc.gov.in/nicgep/app?component=%24DirectLink&page=FrontEndLatestActiveCorrigendums&service=direct&session=T&sp=SL4rQ80zt7stxnh20nOl%2B5w%3D%3D
981,2025_NAVY_729383_1,[WED/25-26/CR/TE/71],04-Sep-2025 03:00 PM,IHQ of MOD (Navy)||WESTERN NAVAL COMMAND - NAVY||BLO (MB) - NAVY||WEAPON EQUIPMENT DEPOT (MBI) - NAVY,02-Oct-2025 02:30 PM,https://defproc.gov.in/nicgep/app?component=%24DirectLink&page=FrontEndLatestActiveCorrigendums&service=direct&session=T&sp=SzIli3nv1bSLTAHj5PkVtQA%3D%3D
982,2025_MES_731307_1,[SPECIAL REPAIR TO UG SUMP AND OHT AT LAXMITEK PUMP HOUSE AND PARADE PUMP HOUSE UNDER GE BELGAUM],17-Sep-2025 12:00 PM,E-IN-C BRANCH - MILITARY ENGINEER SERVICES||ADG (PROJECTS) CHENNAI AND CE CHENNAI ZONE  - MES||CWE SECUNDERABAD No 2 - MES||GE BELGAUM - MES,09-Oct-2025 06:00 PM,https://etender.up.nic.in/nicgep/app?component=%24DirectLink_0&page=FrontEndAdvancedSearchResult&service=direct&session=T&sp=Sxw3AJqETKj0t3FR2mJy%2F%2FQ%3D%3D
983,2025_MES_731423_1,"[REPAIR TO FOOTPATH, CULVERTS, DRAIN/DRAIN COVER, HUME PIPES AND SEWAGE LINE IN ZONE A IN THE AOR OF AGE B/R-I AND COMPREHENSIVE MAINTENANCE OF B/R WORK  IN THE AOR OF  AGE-III, UNDER GE 864 EWS]",18-Sep-2025 06:00 PM,E-IN-C BRANCH - MILITARY ENGINEER SERVICES||CE NC AND CE 31 ZONE - MES||133 WORKS ENGINEER - MES,15-Oct-2025 09:00 AM,https://etender.up.nic.in/nicgep/app?component=%24DirectLink_0&page=FrontEndAdvancedSearchResult&service=direct&session=T&sp=SZrtIu3eW66j7jDdZkGbSLA%3D%3D
984,2025_MES_730636_1,[REPAIR MAINTENANCE OF ARBORICULTURE PIPELINES SAFETY RELATED WORKS AND REPLACEMENT OF UNSV DISPLAY BOARDS DISTRIBUTION DIAGRAMS AND ALLIED WORKS AT  NAVAL DOCKYARD VISAKHAPATNAM UNDER GE(I) DM VISAKHAPATNAM],12-Sep-2025 06:00 PM,E-IN-C BRANCH - MILITARY ENGINEER SERVICES||CE EC AND CE (NAVY) VIZAG - MES||GE (I) (DM) VISAKHAPATNAM - MES||GE I DM VIZAG - MES,03-Oct-2025 06:00 PM,https://defproc.gov.in/nicgep/app?component=%24DirectLink&page=FrontEndLatestActiveCorrigendums&service=direct&session=T&sp=StlwleKVcOxYxQD3ZZf0Dfw%3D%3D
985,2025_MES_728494_1,[COMPREHENSIVE MAINTENANCE OF HT EQUIPMENTS AND REPAIR OF HT NETWORKS AT BAIRAGARH BHOPAL UNDER GE BHOPAL],29-Aug-2025 06:45 PM,E-IN-C BRANCH - MILITARY ENGINEER SERVICES||CESC AND CE BHOPAL ZONE  - MES||CWE BHOPAL - MES,29-Sep-2025 06:00 PM,https://defproc.gov.in/nicgep/app?component=%24DirectLink&page=FrontEndLatestActiveCorrigendums&service=direct&session=T&sp=SttE6a7dSmUZ7dCIEjMs0pQ%3D%3D
986,2025_MES_731824_1,[PROVN OF TENSILE FABRIC SHED AND ALLIED WORKS IN AOI UNDER  GE (FW) KOLKATA],19-Sep-2025 06:00 PM,E-IN-C BRANCH - MILITARY ENGINEER SERVICES||CE EC AND CE KOLKATA ZONE - MES||CWE KOLKATA - MES||GE FORT WILLIAM KOLKATA - MES,10-Oct-2025 06:00 PM,https://defproc.gov.in/nicgep/app?component=%24DirectLink&page=FrontEndLatestActiveCorrigendums&service=direct&session=T&sp=SgHgKFocj03%2F0fOQC9b42jg%3D%3D
987,2025_MES_730368_1,"[REPAIRS / MAINT TO FLOORING, ROOF TREATMENT, FALSE CEILING, JOINERY, PLUMBING, SANITARY FITTINGS AND OTHER ALLIED WORKS TO MD / OTM ACCN AT CHH SAMBHAJINAGAR MIL STATION UNDER GE (S) AHILYANAGAR]",11-Sep-2025 04:00 PM,E-IN-C BRANCH - MILITARY ENGINEER SERVICES||CE SC AND CE PUNE ZONE - MES||CWE DEOLALI - MES||GE (S) AHMEDNAGAR - MES,01-Oct-2025 06:00 PM,https://etender.up.nic.in/nicgep/app?component=%24DirectLink_0&page=FrontEndAdvancedSearchResult&service=direct&session=T&sp=Sn7wdPDDNS4Yd0XrnbsrR9Q%3D%3D
988,2025_IAF_723852_1,[PROCUREMENT OF SPARES FOR MIRAGE AIRCRAFT],01-Aug-2025 05:00 PM,Indian Air Force,21-Oct-2025 03:00 PM,https://defproc.gov.in/nicgep/app?component=%24DirectLink&page=FrontEndLatestActiveCorrigendums&service=direct&session=T&sp=SjY8JIPanr6%2FeM2KJDZ5%2BsQ%3D%3D
989,2025_MES_717644_1,[PROVN OF 02 X DOUBLE ATT ROOM WITH BATHROOM AND TOILETS FACILITY FOR SINGLE OFFRS SUKNA MIL STN UNDER GE SUKNA],30-Jun-2025 06:55 PM,E-IN-C BRANCH - MILITARY ENGINEER SERVICES||CE EC AND CE SILIGURI ZONE - MES||CWE BENGDUBI - MES,08-Oct-2025 06:00 PM,https://defproc.gov.in/nicgep/app?component=%24DirectLink&page=FrontEndLatestActiveCorrigendums&service=direct&session=T&sp=Sc8bwxNODP1RC%2F6HVeVtMJA%3D%3D
990,2025_MES_729656_1,[8165/GE/SMB/T-67/2025-26 SPECIAL REPAIRS TO BUILDING P32 BLOCK OF 04 OR MD ACCN AT KOHIMA LINES AND BLDG NO P44 JCOS OR MD ACCN AT CHOPRA LINES SAMBA UNDER GE SAMBA],06-Sep-2025 05:00 PM,E-IN-C BRANCH - MILITARY ENGINEER SERVICES||CE WC AND CE PATHANKOT ZONE - MES||CWE MAMUN - MES||GE SAMBA - MES,03-Oct-2025 06:00 PM,https://defproc.gov.in/nicgep/app?component=%24DirectLink&page=FrontEndLatestActiveCorrigendums&service=direct&session=T&sp=SfPFnbkmkjGtDaYVJfdbVGg%3D%3D
991,2025_MES_729852_1,"[SPECIAL REPAIR TO TOILET BLOCKS, PROVN OF SENTRY POST AND REV WORKS IN CERTAIN UNITS AT MIL STN JAISALMER]",08-Sep-2025 06:00 PM,E-IN-C BRANCH - MILITARY ENGINEER SERVICES||CESC AND CE JODHPUR ZONE - MES||CWE JAISALMER - MES||GE (ARMY) JAISALMER - MES,30-Sep-2025 06:00 PM,https://defproc.gov.in/nicgep/app?component=%24DirectLink&page=FrontEndLatestActiveCorrigendums&service=direct&session=T&sp=STo6PHDYBBC%2BaS4%2B1RFURxw%3D%3D
992,2025_MES_729002_1,"[REPAIR TO JOINERY, FLOORING, PLASTERING, AND SANITARY FITTINGS IN MAP LINE AREA UNDER AGE B/R-I OF GE JAIPUR]",02-Sep-2025 05:05 PM,E-IN-C BRANCH - MILITARY ENGINEER SERVICES||CE SWC AND CE JAIPUR JAIPUR - MES||CWE JAIPUR - MES||GE JAIPUR - MES,30-Sep-2025 06:00 PM,https://defproc.gov.in/nicgep/app?component=%24DirectLink&page=FrontEndLatestActiveCorrigendums&service=direct&session=T&sp=SYMAoQyOM7uoidC0HQqKt7g%3D%3D
993,2025_MES_726272_2,"[SPECIAL REPAIR TO REFUELER BAY OF REFUELING SECTION AND PROVN OF FENCING AROUND SMALL ARMS RANGE, SHED FOR MAFI ASSETS ALONGWITH TOILET FACILITY NEAR SAFETY BAY AT AF STN BHUJ]",10-Sep-2025 06:40 PM,E-IN-C BRANCH - MILITARY ENGINEER SERVICES||CE SWC AND CE (AF) GANDHINAGAR - MES||CWE (AF) BHUJ - MES||GE(AF) BHUJ - MES,01-Oct-2025 06:00 PM,https://defproc.gov.in/nicgep/app?component=%24DirectLink&page=FrontEndLatestActiveCorrigendums&service=direct&session=T&sp=SRGYjFBntHlOspHS7hLMwfw%3D%3D
994,2025_MES_728555_1,[PROVISION OF SIMULATOR ROOM FOR AGNIVVERS OF THE RAJPUT REGIMENTAL CENTRE AT FATEHGARH],30-Aug-2025 12:00 PM,E-IN-C BRANCH - MILITARY ENGINEER SERVICES||CE CC AND CE LUCKNOW ZONE - MES||CWE AGRA - MES,04-Oct-2025 06:00 PM,https://defproc.gov.in/nicgep/app?component=%24DirectLink&page=FrontEndLatestActiveCorrigendums&service=direct&session=T&sp=SsPVUpNiYIYLLJVqhNdAYhQ%3D%3D
995,2025_MES_728468_1,[DAY TO DAY MAINTENANCE TO B/R NATURE WORKS JOINERY PERIODICAL SERVICES FLOORING WORK PLASTERING WATER PROOFING TREATMENT AND ALLIED NATURE OF WORK AT ZONE A RESIDENTIAL AREA UNDER GE I RnD DELHI],29-Aug-2025 06:55 PM,E-IN-C BRANCH - MILITARY ENGINEER SERVICES||ADG (OF and DRDO)  AND CE (R and D) DELHI-  MES||AGE (I) RND DELHI - MES||AGE (I) R and D DELHI - MES,01-Oct-2025 06:00 PM,https://defproc.gov.in/nicgep/app?component=%24DirectLink&page=FrontEndLatestActiveCorrigendums&service=direct&session=T&sp=SmvzPsxigXycAUiVsEJxd2w%3D%3D
996,2025_MES_730005_1,[REPAIR  REPLACEMENT AND MAINT OF OH TANKS FILTRATION PLANT GRAVITY FILTERS INCLUDING CLENING OF JACK WELL UG SUMPS AND ALLIED CONNECTED WORKS OVERHAULING OF CEILING FANS GEYSER AND MISC E/M SERVICES AT MASIMPUR UNDER GE SILCHAR],09-Sep-2025 03:45 PM,E-IN-C BRANCH - MILITARY ENGINEER SERVICES||CE EC AND CE SHILLONG ZONE - MES||CWE HQ 137 WE - MES||GE SILCHAR - MES,30-Sep-2025 06:00 PM,https://defproc.gov.in/nicgep/app?component=%24DirectLink&page=FrontEndLatestActiveCorrigendums&service=direct&session=T&sp=S8Y1gr8Fd8WrMbJzuRAFWjg%3D%3D
997,2025_MES_729478_1,"[PROVN OF STAND BY DG SUPPLY FOR PERIMETER SECURITY LIGHTS AND UPGRADATION OF PERIMETER SECURITY LIGHTS IN DOMESTIC AREA AT AF STN PALAM UNDER GE (AF) PALAM, DELHI CANTT - 10 ]",06-Sep-2025 06:00 PM,E-IN-C BRANCH - MILITARY ENGINEER SERVICES||CE WC and CE(AF) WAC PALAM-MES||CWE (AF) Palam-MES||GE (AF) North Palam-MES,04-Oct-2025 06:00 PM,https://defproc.gov.in/nicgep/app?component=%24DirectLink&page=FrontEndLatestActiveCorrigendums&service=direct&session=T&sp=SAV%2BBHgL8bu39712NxAVbow%3D%3D
998,2025_MES_729799_1,[Provn of certain Minor and Revenue works under GE Gurdaspur.],08-Sep-2025 06:00 PM,E-IN-C BRANCH - MILITARY ENGINEER SERVICES||CE WC AND CE JALANDHAR ZONE - MES||CWE AMRITSAR - MES||GE GURDASPUR - MES,30-Sep-2025 06:00 PM,https://defproc.gov.in/nicgep/app?component=%24DirectLink&page=FrontEndLatestActiveCorrigendums&service=direct&session=T&sp=Sr0aWPsuxW2vnJgeop8rOhA%3D%3D
999,2025_MES_729312_1,[REPAIR/REPLACEMENT OF HANGER SHEET AND CONNECTED WORKS AT 3 BRD AF STN CHANDIGARH UNDER GE (AF) MC CHANDIGARH ],04-Sep-2025 12:00 PM,E-IN-C BRANCH - MILITARY ENGINEER SERVICES||CESC AND CE (AF) NAGPUR - MES||CWE (AF) TUGALAKABAD - MES||GE (AF) MC Chandigarh - MES,02-Dec-2025 06:00 PM,https://defproc.gov.in/nicgep/app?component=%24DirectLink&page=FrontEndLatestActiveCorrigendums&service=direct&session=T&sp=SWePeGA27dk5wYUswavfSaw%3D%3D
1000,2025_MES_730784_1,"[COMPREHENSIVE REPAIR / MAINT OF BLOCK NO KP-01 TO KP-08 (G PLUS 3), P-187 AND MPJ-03 OUTSIDE VIJAY DURG UNDER GE (FW) KOLKATA]",13-Sep-2025 06:00 PM,E-IN-C BRANCH - MILITARY ENGINEER SERVICES||CE EC AND CE KOLKATA ZONE - MES||CWE KOLKATA - MES||GE FORT WILLIAM KOLKATA - MES,03-Oct-2025 06:00 PM,https://etender.up.nic.in/nicgep/app?component=%24DirectLink_0&page=FrontEndAdvancedSearchResult&service=direct&session=T&sp=SDv%2B73CMAm1%2BTgwqhe6fhxg%3D%3D
1001,2025_MES_730656_1,"[REPAIRS TO ALL TYPES OF TABLES, TABLE OFFICE OFFICER STEEL, TABLE OFFICE CLERK STEEL, TABLE DINING, CONFERENCE TABLE , COMPUTER TABLE, TABLE GENERAL USE, LABORATORY TABLE, CENTRE TABLE AND EXECUTIVE TABLES  INCLUDING DENTS, BENDS AND WELDING WHEREVER]",12-Sep-2025 06:00 PM,E-IN-C BRANCH - MILITARY ENGINEER SERVICES||CE EC AND CE (NAVY) VIZAG - MES||GE (I) (DM) VISAKHAPATNAM - MES||GE I DM VIZAG - MES,03-Oct-2025 06:00 PM,https://defproc.gov.in/nicgep/app?component=%24DirectLink&page=FrontEndLatestActiveCorrigendums&service=direct&session=T&sp=SrK8pVN7BCq13kfynKyDd7A%3D%3D
1002,2025_MES_715105_2,[PROVISION OF STP FOR AVA HILL COMPLEX AND MANDIR LINE COMPLEX AT WELLINGTON UNDER GE WELLINGTON],14-Aug-2025 11:00 AM,E-IN-C BRANCH - MILITARY ENGINEER SERVICES||CE SC AND CE CHENNAI ZONE  - MES||CWE WELLINGTON - MES,08-Oct-2025 06:00 PM,https://defproc.gov.in/nicgep/app?component=%24DirectLink&page=FrontEndLatestActiveCorrigendums&service=direct&session=T&sp=SJhzmiECW0cDdH9hmW1gJhA%3D%3D
1003,2025_MES_729683_1,"[REPAIR / MAINT OF EXTERNAL WATER SUPPLY SYSTEM AND ALLIED WORKS AT RV AND TECHNICAL AREA AT AF STN PALAM UNDER GE AF PALAM, DELHI CANTT-10]",06-Sep-2025 06:00 PM,E-IN-C BRANCH - MILITARY ENGINEER SERVICES||CE WC and CE(AF) WAC PALAM-MES||CWE (AF) Palam-MES||GE (AF) North Palam-MES,04-Oct-2025 06:00 PM,https://defproc.gov.in/nicgep/app?component=%24DirectLink&page=FrontEndLatestActiveCorrigendums&service=direct&session=T&sp=SILocedksIYE%2F7WtJvYJQMw%3D%3D
1004,2025_MES_731686_1,"[REPAIR/MAINT TO SERVO VOLTAGE  STABILIZERS, AT VARIOUS PUMP HOUSES, FILTER MEDIA PLANTS AT RPSC AND REPAIR MAINTENANCE AND RENEWAL OF VARIOUS WATER SUPPLY PIPE LINES, SLUICE VALVES IN ZONE C AND D AT JHANSI CANTT UNDER AGE E/M AT GE JHANSI]",19-Sep-2025 01:00 PM,E-IN-C BRANCH - MILITARY ENGINEER SERVICES||CESC AND CE BHOPAL ZONE  - MES||CWE JHANSI - MES,21-Oct-2025 06:00 PM,https://defproc.gov.in/nicgep/app?component=%24DirectLink&page=FrontEndLatestActiveCorrigendums&service=direct&session=T&sp=SlOaXIyDQHo8hoXRMlyIe9A%3D%3D
1005,2025_ARMY_732374_1,[ PROVN OF EXPLOSIVE MTRL FOR Op Track IN 56 INF DIV AOR ],25-Sep-2025 09:00 AM,IHQ of MoD (Army)-(OSCC)||Eastern Comd-IHQ of MoD (Army)-(OSCC)||CORPS 4-IHQ of MoD (Army)-(OSCC)||ENGR UNIT 2-IHQ of MoD (Army),01-Oct-2025 06:00 PM,https://defproc.gov.in/nicgep/app?component=%24DirectLink&page=FrontEndLatestActiveCorrigendums&service=direct&session=T&sp=S9XYrO0rugR7YxaWjLwqyRg%3D%3D
1006,2025_MES_732139_1,[8486 PROVISION OF SOAK PITS AND CERTAIN E/M WORKS AT RAMNAD AND KATTABOMMAN UNDER GE TIRUNELVELI ],22-Sep-2025 06:00 PM,E-IN-C BRANCH - MILITARY ENGINEER SERVICES||CE EC AND CE (NAVY) VIZAG - MES||CWE (Navy) Chennai - MES||GETHIRUNALVELI - MES,13-Oct-2025 06:00 PM,https://etender.up.nic.in/nicgep/app?component=%24DirectLink_0&page=FrontEndAdvancedSearchResult&service=direct&session=T&sp=SxKngrwFYm4aHHOAZlCl1Hg%3D%3D
1007,2025_MES_711557_1,[DESIGN AND CONSTRUCTION OF MARRIED ACCOMODATION 57 DUs AT KURNAGHAT GORAKHPUR ON EPC MODE],05-Jun-2025 06:00 PM,E-IN-C BRANCH - MILITARY ENGINEER SERVICES||CE CC AND CE (AF) ALLAHABAD - MES,06-Nov-2025 06:00 PM,https://defproc.gov.in/nicgep/app?component=%24DirectLink&page=FrontEndLatestActiveCorrigendums&service=direct&session=T&sp=S7B7YTh1DK72W9%2FQKwj0feA%3D%3D
1008,2025_MES_730199_1,"[REPAIR/ MAINT/ SERVICING OF TRANSFORMER 33/ 11 KV ,VCBS, CALIBRATION, UG CABLE, INVERTERS, POLES AND CONNECTED HT WORKS AT PH-II (CHINDIT TOP, TENGA LEDGE, GOC CAMP AREA) AT GE ]",10-Sep-2025 06:00 PM,E-IN-C BRANCH - MILITARY ENGINEER SERVICES||CE EC AND CE SILIGURI ZONE - MES||CWE TENGA - MES,01-Oct-2025 06:00 PM,https://defproc.gov.in/nicgep/app?component=%24DirectLink&page=FrontEndLatestActiveCorrigendums&service=direct&session=T&sp=SAmh8RXCEztJk2tJWM78zMw%3D%3D
1009,2025_MES_729720_1,[PERIODICAL SERVICES TO VARIOUS BUILDINGS AT LAB AREAS AT KWC UNDER GE I RnD DELHI],06-Sep-2025 06:55 PM,E-IN-C BRANCH - MILITARY ENGINEER SERVICES||ADG (OF and DRDO)  AND CE (R and D) DELHI-  MES||AGE (I) RND DELHI - MES||AGE (I) R and D DELHI - MES,04-Oct-2025 06:00 PM,https://defproc.gov.in/nicgep/app?component=%24DirectLink&page=FrontEndLatestActiveCorrigendums&service=direct&session=T&sp=SuIU2Oxk5AKkRe2vYl43Qmg%3D%3D
1010,2025_DRDO_732561_1,[Opto- ISolator unit],25-Sep-2025 11:30 AM,Department of Defence Research and Development||Defence Research and Development Organisation||DFMM||Office of DG (MSS)||RCI,06-Oct-2025 10:00 AM,https://defproc.gov.in/nicgep/app?component=%24DirectLink&page=FrontEndLatestActiveCorrigendums&service=direct&session=T&sp=SCzkABjkcTwzOco9qvOZbuQ%3D%3D
1011,2025_MES_731310_1,[REPAIR /REWIRING IN ILP LOCATION ALONGWITH LIGHT FITTINGS AND OTHER MISC WORKS IN OTM ACCN UNDER GE HISAR AT HISAR MIL STN],18-Sep-2025 06:00 PM,E-IN-C BRANCH - MILITARY ENGINEER SERVICES||CE SWC AND CE JAIPUR JAIPUR - MES||CWE HISAR - MES||GE HISAR - MES,11-Oct-2025 06:00 PM,https://etender.up.nic.in/nicgep/app?component=%24DirectLink_0&page=FrontEndAdvancedSearchResult&service=direct&session=T&sp=SszTHF44RImmpFH9N5D14xA%3D%3D
1012,2025_MES_719876_3,[CONSULTANCY SERVICES FOR PLANNING AND DESIGNING FOR CONSTRUCTION OF ESSENTIAL INFRASTRUCTURE AT BHAGUR ADVANCED LANDING GROUND UNDER GE DEOLALI],16-Sep-2025 12:00 PM,E-IN-C BRANCH - MILITARY ENGINEER SERVICES||CE SC AND CE PUNE ZONE - MES||CWE DEOLALI - MES,30-Sep-2025 09:00 AM,https://etender.up.nic.in/nicgep/app?component=%24DirectLink_0&page=FrontEndAdvancedSearchResult&service=direct&session=T&sp=SIg6wsIc67hRI7JQ5r64tyg%3D%3D
1013,2025_MES_731296_1,[ADDN ALTN TO ROOF TOP OF ALL SMQ AND OMQ PROVN OF PLATFORM FOR MIG 21 SALVAGE YARD AT LGS SECTION  AT 17 FBSU AND IMPROVEMENT TO DSC REST ROOM BLDG NO 17 AT SAC UNDER GE AF TVM],17-Sep-2025 12:00 PM,E-IN-C BRANCH - MILITARY ENGINEER SERVICES||CESC AND CE (AF) BANGALORE - MES||CWE (AF) TRIVANDRUM - MES||GE(AF)TRIVANDRUM - MES,10-Oct-2025 06:00 PM,https://etender.up.nic.in/nicgep/app?component=%24DirectLink_0&page=FrontEndAdvancedSearchResult&service=direct&session=T&sp=SLU2ANU2uaeFtIxzEW41%2FMQ%3D%3D
1014,2025_MES_731242_1,[SPL REPAIRS TO BLDG NO PN 21 A TO H  MD ACCN AT WHITE KNIGHT ENCLAVE UNDER GE NAGROTA],16-Sep-2025 06:00 PM,E-IN-C BRANCH - MILITARY ENGINEER SERVICES||CE NC AND CE UDHAMPUR ZONE - MES||CWE NAGROTA - MES||GE NAGROTA - MES,06-Oct-2025 06:00 PM,https://defproc.gov.in/nicgep/app?component=%24DirectLink&page=FrontEndLatestActiveCorrigendums&service=direct&session=T&sp=SpxzSiFPEc%2FIxYhQc7jMbTg%3D%3D
1015,2025_MES_728451_1,[Spl repair to bldg No T-42 (01 to 08 qtrs) OR Md Accn at Bana Singh Enclave under AGE B/R-II at Tibri Mil Stn GE Gurdaspur.],29-Aug-2025 06:00 PM,E-IN-C BRANCH - MILITARY ENGINEER SERVICES||CE WC AND CE JALANDHAR ZONE - MES||CWE AMRITSAR - MES||GE GURDASPUR - MES,02-Oct-2025 06:00 PM,https://defproc.gov.in/nicgep/app?component=%24DirectLink&page=FrontEndLatestActiveCorrigendums&service=direct&session=T&sp=S%2FbX53G%2B1hQdxzByJ3nUKcg%3D%3D
1016,2025_MES_725982_2,"[REPAIR /REPLACEMENT AND CLEANING OF SEWAGE LINE, MANHOLE, SEPTIC TANK, PATHWAY, DRAINAGE SYSTEM AND ALLIED CONNECTED WORK IN SARVATRA VIHAR AREA OF AGE B/R-I UNDER GE (CENTRAL) KHADKI]",20-Sep-2025 03:00 PM,E-IN-C BRANCH - MILITARY ENGINEER SERVICES||CE SC AND CE PUNE ZONE - MES||CWE KIRKEE - MES||GE (CENTRAL) KIRKEE - MES,06-Oct-2025 06:00 PM,https://etender.up.nic.in/nicgep/app?component=%24DirectLink_0&page=FrontEndAdvancedSearchResult&service=direct&session=T&sp=SEM9l0w4yG%2FHT4dUqUGMGHA%3D%3D
1017,2025_DGDE_730779_1,[Arrangement of  Barricades at Ganga Ghats in  Cantonment Area],13-Sep-2025 05:00 PM,Directorate General Defence Estates||Principal Directorate Defence Estates- Central Command Lucknow||Cantonment Board Danapur- CC Lucknow,01-Oct-2025 03:00 PM,https://etender.up.nic.in/nicgep/app?component=%24DirectLink_0&page=FrontEndAdvancedSearchResult&service=direct&session=T&sp=SrNYJ%2F6nWxfhVwcmyC1P%2Bug%3D%3D
1018,2025_MES_732667_1,[PROVISION OF TECHNICAL STORAGE SHED AT NARANGI UNDER GE GUWAHATI],25-Sep-2025 06:00 PM,E-IN-C BRANCH - MILITARY ENGINEER SERVICES||CE EC AND CE SHILLONG ZONE - MES,29-Oct-2025 06:00 PM,https://etender.up.nic.in/nicgep/app?component=%24DirectLink_0&page=FrontEndAdvancedSearchResult&service=direct&session=T&sp=SNgadCIg1w%2B0fOrNFzzspkA%3D%3D
1019,2025_MES_730355_1,[PROVN OF SOLAR POWER PLANT AT SEVOKE MIL STATION UNDER GE SEVOKE ROAD],11-Sep-2025 01:15 PM,E-IN-C BRANCH - MILITARY ENGINEER SERVICES||CE EC AND CE SILIGURI ZONE - MES,21-Oct-2025 06:00 PM,https://defproc.gov.in/nicgep/app?component=%24DirectLink&page=FrontEndLatestActiveCorrigendums&service=direct&session=T&sp=SX%2BqpHZ3qWgIjz%2F8PBuPVDg%3D%3D
1020,2025_MES_729962_1,[COMPREHENSIVE MAINTENANCE OF  B/R ITEMS TO OTM ACCN AND ALLIED WORKS  AT AFS BEGUMPET UNDER GE (AF) HAKIMPET],09-Sep-2025 06:00 PM,E-IN-C BRANCH - MILITARY ENGINEER SERVICES||CESC AND CE (AF) BANGALORE - MES||CWE (AF) SECUNDERABAD - MES||GE(AF)HAKIMPET HYDERABAD - MES,30-Sep-2025 06:00 PM,https://defproc.gov.in/nicgep/app?component=%24DirectLink&page=FrontEndLatestActiveCorrigendums&service=direct&session=T&sp=Sw8P%2BEg9by5GUeW0WmQN6kw%3D%3D
1021,2025_MES_731188_1,[REPAIRS REPLACEMENT TO CERTAIN WOODEN FURNITURE SOFA SET AND POLISHING OF WOODEN FURNITURE AND REPAIRS RE CANNING OF CHAIRS AT AFS TAMBARAM],16-Sep-2025 04:00 PM,E-IN-C BRANCH - MILITARY ENGINEER SERVICES||CESC AND CE (AF) BANGALORE - MES||CWE (AF) (NORTH) BANGALORE - MES||GE (AF) TAMBARAM - MES,07-Oct-2025 06:00 PM,https://etender.up.nic.in/nicgep/app?component=%24DirectLink_0&page=FrontEndAdvancedSearchResult&service=direct&session=T&sp=SfHaaXK%2FyU%2FtnKs9AiAnIMg%3D%3D
1022,2025_MES_731292_1,[SPECIAL REPAIR TO CERTAIN BUILDINGS CONCERTINA COIL FENCING AND REPLACEMENT OF BER CEILING FANS AT NAGROTA MIL STN UNDER GE NAGROTA],17-Sep-2025 11:00 AM,E-IN-C BRANCH - MILITARY ENGINEER SERVICES||CE NC AND CE UDHAMPUR ZONE - MES||CWE NAGROTA - MES||GE NAGROTA - MES,06-Oct-2025 06:00 PM,https://defproc.gov.in/nicgep/app?component=%24DirectLink&page=FrontEndLatestActiveCorrigendums&service=direct&session=T&sp=S2rweDGi7vgMQUwMxnlX5nw%3D%3D
1023,2025_MES_721377_1,[COMPREHENSIVE MAINTENANCE OF RANGE LINE AND DOGRA LINE AREA UNDER GE (MES) ROORKEE],18-Jul-2025 05:50 PM,E-IN-C BRANCH - MILITARY ENGINEER SERVICES||CE CC AND CE BAREILLY ZONE - MES||CWE No 2 MEERUT - MES,11-Oct-2025 06:00 PM,https://defproc.gov.in/nicgep/app?component=%24DirectLink&page=FrontEndLatestActiveCorrigendums&service=direct&session=T&sp=Sbxmn8f3FmWcJ1zqHf3Dhig%3D%3D
1024,2025_MES_725808_1,[DEMOLITION OF BUILDINGS T 4 AND P 40 VISITORS ROOM AND CONSTRUCTION OF REGIMENTAL SHOPS OTHER DEFICIENT OTM ACCN AND DEFICIENT OMQS AT AF STATION JAIPUR],12-Aug-2025 06:00 PM,E-IN-C BRANCH - MILITARY ENGINEER SERVICES||CE SWC AND CE (AF) GANDHINAGAR - MES,16-Oct-2025 06:00 PM,https://defproc.gov.in/nicgep/app?component=%24DirectLink&page=FrontEndLatestActiveCorrigendums&service=direct&session=T&sp=SHgfzo5ffcfCV1lSIRv%2FuPA%3D%3D
1025,2025_MES_725764_2,[SPL REPAIR TO BLDG NO. T-45 AT KIARI AND PROVN OF 02X 125 KVA DG SETS  AT KARZOK UNDER GE 860 EWS],13-Sep-2025 09:00 AM,E-IN-C BRANCH - MILITARY ENGINEER SERVICES||CE NC AND CE LEH ZONE - MES||HQ 138 WORKS ENGR - MES||GE 860 EWS - MES,01-Oct-2025 06:00 PM,https://defproc.gov.in/nicgep/app?component=%24DirectLink&page=FrontEndLatestActiveCorrigendums&service=direct&session=T&sp=S1WxFbje53ezbS0Xc2iEyCg%3D%3D
1026,2025_MES_730584_1,"[REPAIR/MAINT AND REPLACEMENT OF INTERNAL WIRING, FLAME PROOF LIGHTS,  UG CABLES AND GANTRIES OF WSA AT AF STN SURATGARH]",12-Sep-2025 06:00 PM,E-IN-C BRANCH - MILITARY ENGINEER SERVICES||CE WC and CE(AF) WAC PALAM-MES||CWE (AF) Bikaner-MES||GE (AF) Suratgarh-MES,11-Oct-2025 06:00 PM,https://defproc.gov.in/nicgep/app?component=%24DirectLink&page=FrontEndLatestActiveCorrigendums&service=direct&session=T&sp=Sdy0Z3vsaK0rUXH8taF7kaQ%3D%3D
1027,2025_MES_730240_2,[SPL REPAIR TO BLDG NO T-36 AT 77 MTN BDE AND OTHER REV/MINOR WORKS LOCATION THAKURBARI  AT AGE CHARDUAR UNDER GE (N) TEZPUR],26-Sep-2025 06:00 PM,E-IN-C BRANCH - MILITARY ENGINEER SERVICES||CE EC AND CE SILIGURI ZONE - MES||CWE TEZPUR - MES||GE (N) TEZPUR - MES,09-Oct-2025 06:00 PM,https://defproc.gov.in/nicgep/app?component=%24DirectLink&page=FrontEndLatestActiveCorrigendums&service=direct&session=T&sp=Si1VAP0Iw7LvVeKxGCZkUWw%3D%3D
1028,2025_MES_730147_1,"[REPAIR TO ROAD,HARD STANDING,APPROACH PATH,ROAD SIGN BOARD,REPAINTING OF ROAD AND OTHER ROAD FURNITURE ITEMS WORKS IN THE UNITS OF POOH,KHAB AND NAMGIA DOGRI IN THE AREA OF AGE B/R POOH UNDER GE863 EWS]",10-Sep-2025 02:00 PM,E-IN-C BRANCH - MILITARY ENGINEER SERVICES||CE CC AND CE BAREILLY ZONE - MES||CWE HILLS DEHRADUN -  MES,03-Oct-2025 06:00 PM,https://etender.up.nic.in/nicgep/app?component=%24DirectLink_0&page=FrontEndAdvancedSearchResult&service=direct&session=T&sp=ShjfO1fNiuq850WC0fq1XSQ%3D%3D
1029,2025_ARMY_731976_1,[SUPPLY AND CONSTRUCTION OF FD SECURITY LIGHT (HIGH MAST)],20-Sep-2025 05:00 PM,IHQ of MoD (Army)-(OSCC)||Eastern Comd-IHQ of MoD (Army)-(OSCC)||CORPS 3-Eastern Comd-IHQ of MoD (Army)-(OSCC)||ENGR UNIT 2-IHQ of MoD (Army),03-Oct-2025 06:00 PM,https://etender.up.nic.in/nicgep/app?component=%24DirectLink_0&page=FrontEndAdvancedSearchResult&service=direct&session=T&sp=SzRHDGmh179d7sMf5YkBcEQ%3D%3D
1030,2025_MES_728478_1,"[SPL REPAIRS TO ROADS AT VARIOUS LOCATIONS OF HATTIGOR, CHANGSARI AND RANGIA MIL STN UNDER GE RANGIA]",29-Aug-2025 06:00 PM,E-IN-C BRANCH - MILITARY ENGINEER SERVICES||CE EC AND CE SILIGURI ZONE - MES||CWE TEZPUR - MES,03-Oct-2025 06:00 PM,https://defproc.gov.in/nicgep/app?component=%24DirectLink&page=FrontEndLatestActiveCorrigendums&service=direct&session=T&sp=SUrdifSPeEB7uyMdsjZ6hcw%3D%3D
1031,2025_MES_728666_1,"[REPAIRS/MAINT AND IMPROVEMENT OF CENTRIFUGAL, SUBMERSIBLE MONO BLOCK PUMP AND MOTOR STARTER/PANELS AND ALLIED WORKS UNDER GE (S) TEZPUR]",02-Sep-2025 06:55 PM,E-IN-C BRANCH - MILITARY ENGINEER SERVICES||CE EC AND CE SILIGURI ZONE - MES||CWE TEZPUR - MES||GE (S) TEZPUR - MES,30-Sep-2025 06:00 PM,https://defproc.gov.in/nicgep/app?component=%24DirectLink&page=FrontEndLatestActiveCorrigendums&service=direct&session=T&sp=SPSFWC6XkWWaAC3WKK1g2rw%3D%3D
1032,2025_MES_705827_1,[PROVN OF DEFI MD ACCN (PH-II OF TWO PHS) AT  GUWAHATI MILITARY STATION UNDER GE GUWAHATI.],29-Apr-2025 06:00 PM,E-IN-C BRANCH - MILITARY ENGINEER SERVICES||CE EC AND CE SHILLONG ZONE - MES,18-Oct-2025 06:00 PM,https://defproc.gov.in/nicgep/app?component=%24DirectLink&page=FrontEndLatestActiveCorrigendums&service=direct&session=T&sp=S52WoNOjhmsPEODqtd5T8nA%3D%3D
1033,2025_MES_729420_1,[REPAIRMAINT OF ELECTRICAL WIRING AND REPLACEMENT  REPAIR OF ELECTRICAL FITTINGS  FIXURE OF CEILING FASN EXHAUST FAN DISTRIBUTION BOX SUBMAIN WIRING AND BLDG SECURITY LIGHT OF OTM MD ACCN OF ZONE A AT JALIPA MIL STN UNDER GE A BARMER],04-Sep-2025 06:00 PM,E-IN-C BRANCH - MILITARY ENGINEER SERVICES||CESC AND CE JODHPUR ZONE - MES||CWE JAISALMER - MES||GE (ARMY) BARMER - MES,03-Oct-2025 06:00 PM,https://defproc.gov.in/nicgep/app?component=%24DirectLink&page=FrontEndLatestActiveCorrigendums&service=direct&session=T&sp=Sa9IIkf4crjaqaG1La0L1ZQ%3D%3D
1034,2025_MES_723206_1,"[REPAIR MAINT AND CAMOUFLAGE PAINTING TO THE BUILDINGS AT CERTAIN LOCATION AT X, L AND MES AREA AT AFS DIGARU.]",29-Jul-2025 03:35 PM,E-IN-C BRANCH - MILITARY ENGINEER SERVICES||CE EC AND CE (AF) SHILLONG - MES||CWE (AF) BORJAR - MES||AGE (I) (AF) DIGARU - MES,02-Oct-2025 06:00 PM,https://defproc.gov.in/nicgep/app?component=%24DirectLink&page=FrontEndLatestActiveCorrigendums&service=direct&session=T&sp=SGiKbGBtUzlD5Lbs97uve6Q%3D%3D
1035,2025_BRO_732468_1,"[SS OF S/BOULD, V/SIZE OF CRUSED AGG, SAND AND S/DUST FOR CONST OF SUP STRUCT OF 40 MTR SPN PMT BRIDGE INCLUD APPCH WKS (PMT AND SURF WKS) OVER JELEP NALLAH AT KM 1.55 ON KUPUP SHERATHANG RD UNDER 130 RCC/764 BRTF IN (P) SWTK IN SIKKIM. JOB NO. 307/02]",24-Sep-2025 04:00 PM,Dte General Border Roads Organisation||HQ CE(P) Swastik (Gangtok) - BRO||764TF - Swastik (Gangtok) - BRO,21-Oct-2025 12:00 PM,https://etender.up.nic.in/nicgep/app?component=%24DirectLink_0&page=FrontEndAdvancedSearchResult&service=direct&session=T&sp=ShgUDBUoXXhIeWNezA94NGw%3D%3D
1036,2025_MES_727836_1,[CWE/CHD-74/2025-26  SPECIAL REPAIR TO BLDG NO P-69 (MTF) AND P-49 AT HALLOMAJRA UNDER GE CHANDIGARH],26-Aug-2025 05:00 PM,E-IN-C BRANCH - MILITARY ENGINEER SERVICES||CE WC AND CE CHANDIGARH ZONE - MES||CWE CHANDIMANDIR - MES,30-Sep-2025 06:00 PM,https://defproc.gov.in/nicgep/app?component=%24DirectLink&page=FrontEndLatestActiveCorrigendums&service=direct&session=T&sp=STpSr%2Bb15dX3X0cPHmwvKLQ%3D%3D
1037,2025_MES_729512_1,"[REPAIR/MAINT OF UG CABLES, LT PANELS, SECURITY LIGHTS, GARDEN LIGHTS AND CONNECTED ACCESSORIES AT KHANPUR NORTH AND SOUTH ARMY CAMP UNDER AGE E/M OF GE(SOUTH) DELHI CANTT-10]",04-Sep-2025 06:30 PM,E-IN-C BRANCH - MILITARY ENGINEER SERVICES||CE WC and CE DELHI ZONE-MES||CWE NEW DELHI-MES||GE (S) NEW DELHI-MES,02-Oct-2025 06:00 PM,https://defproc.gov.in/nicgep/app?component=%24DirectLink&page=FrontEndLatestActiveCorrigendums&service=direct&session=T&sp=SBDx9r6FoHF53y9lbHkGgbw%3D%3D
1038,2025_MES_726560_2,"[REPAIR/ MAINT OF 11/0.433 KV TRANSFORMER, RELAYS, CT/PT, CALIBERATION OF VCBs, UPGRADATION OF SUB STATION AND OTHER CONNECTED WORKS AT GE DRONACHAL]",16-Sep-2025 02:10 PM,E-IN-C BRANCH - MILITARY ENGINEER SERVICES||CESC AND CE BHOPAL ZONE  - MES||CWE BHOPAL - MES||GE DRONACHAL - MES,01-Oct-2025 06:00 PM,https://defproc.gov.in/nicgep/app?component=%24DirectLink&page=FrontEndLatestActiveCorrigendums&service=direct&session=T&sp=S7gjf7mb%2FNRVwPnaVxuaIig%3D%3D
1039,2025_MES_727850_1,"[CWE/CHD-84/2025-26  REPAIR AND RESURFACING OF ROADS IN N AREA, K AREA AND HALLOMAJRA UNDER GE CHANDIGARH ]",26-Aug-2025 05:00 PM,E-IN-C BRANCH - MILITARY ENGINEER SERVICES||CE WC AND CE CHANDIGARH ZONE - MES||CWE CHANDIMANDIR - MES,29-Sep-2025 06:00 PM,https://defproc.gov.in/nicgep/app?component=%24DirectLink&page=FrontEndLatestActiveCorrigendums&service=direct&session=T&sp=SCYWVC67twpob97JGBLgqbQ%3D%3D
1040,2025_MES_727769_1,"[REPAIR/REPLACEMENT TO JOINERY, ROOF IN REPAIR, SANITARY/PLUMBING FITTING ,TILING AND ALLIED WORKS AT  AF STN  ARJAN SINGH UNDER GE (AF) PANAGARH]",26-Aug-2025 09:00 AM,E-IN-C BRANCH - MILITARY ENGINEER SERVICES||CE EC AND CE (AF) SHILLONG - MES||CWE (AF) PANAGARH-MES||GE (AF) PANAGARH-MES,02-Oct-2025 06:00 PM,https://defproc.gov.in/nicgep/app?component=%24DirectLink&page=FrontEndLatestActiveCorrigendums&service=direct&session=T&sp=SoQ%2BFDYJQ3Irg%2Bv4NseAUYQ%3D%3D
1041,2025_MES_730743_1,[REPAIR  MAINT  OF FIRE HYDRANT PUMP PIPE LINES CLEANING OF SWT  CONNECTED ITEMS  MAINT  CLEANING OF OHT UG SUMPS REPLACEMENT OF FILTER  WATER LEVEL INDICATORS AT AF STN BHISIANA ],13-Sep-2025 06:00 PM,E-IN-C BRANCH - MILITARY ENGINEER SERVICES||CE WC and CE(AF) WAC PALAM-MES||CWE(AF) BHISIANA - MES||GE(AF) BHISIANA - MES,06-Oct-2025 06:00 PM,https://etender.up.nic.in/nicgep/app?component=%24DirectLink_0&page=FrontEndAdvancedSearchResult&service=direct&session=T&sp=SKL8MoeixB3yRDatMdLV0fw%3D%3D
1042,2025_MES_725996_1,[PROVN OF MT STORES OF CERTAIN LOCATION AT MISA CAMP  UNDER GE(S) TEZPUR],13-Aug-2025 06:00 PM,E-IN-C BRANCH - MILITARY ENGINEER SERVICES||CE EC AND CE SILIGURI ZONE - MES||CWE TEZPUR - MES,04-Oct-2025 06:00 PM,https://defproc.gov.in/nicgep/app?component=%24DirectLink&page=FrontEndLatestActiveCorrigendums&service=direct&session=T&sp=SiElWhYBm2oxtC8eEh2czNw%3D%3D
1043,2025_DGDE_728819_1,[LCB/11/Pickle Ball Turf/2025],03-Sep-2025 12:00 PM,Directorate General Defence Estates||Principal Directorate Defence Estates- Central Command Lucknow||Cantonment Board Lucknow- CC Lucknow,30-Sep-2025 06:00 PM,https://defproc.gov.in/nicgep/app?component=%24DirectLink&page=FrontEndLatestActiveCorrigendums&service=direct&session=T&sp=Skk9ra7Vs8OD1f589haO2Ng%3D%3D
1044,2025_MES_724862_1,[SPL REPAIR OF BLDG NO P-84A AND T-101 (SINGLE NURSING OFFRS) AT BHDC GE (EAST) DELHI CANTT-10],06-Aug-2025 06:00 PM,E-IN-C BRANCH - MILITARY ENGINEER SERVICES||CE WC and CE DELHI ZONE-MES||CWE DELHI CANTT-MES,18-Oct-2025 06:00 PM,https://defproc.gov.in/nicgep/app?component=%24DirectLink&page=FrontEndLatestActiveCorrigendums&service=direct&session=T&sp=S%2Bm7jT2nMMESs%2BsKzxGc9aw%3D%3D
1045,2025_MES_730433_1,[SPL REPAIR TO REPLACEMENT OF BER SUBMERSIBLE PUMP AND IMPROVEMENT OF LIGHTING SYSTEM WITH CONTROL GEARS LIGHT FITTINGS AT TCP GATES AND SHOPPING COMPLEX AT MIL STN GANDHINAGAR],11-Sep-2025 06:00 PM,E-IN-C BRANCH - MILITARY ENGINEER SERVICES||CESC AND CE JODHPUR ZONE - MES||CWE AHMEDABAD - MES||GE GANDHINAGAR - MES,01-Oct-2025 06:00 PM,https://defproc.gov.in/nicgep/app?component=%24DirectLink&page=FrontEndLatestActiveCorrigendums&service=direct&session=T&sp=Sq8CrayV72AKq6MBL4cb%2BLQ%3D%3D
1046,2025_MES_732022_1,"[COMPREHENSIVE REPAIR TO CERTAIN BLDG OF MES INSTALLATION AND OFFICERS ACCN IN D2, E3 AREA AT NDA KHADAKWASLA]",22-Sep-2025 09:00 AM,E-IN-C BRANCH - MILITARY ENGINEER SERVICES||CE SC AND CE PUNE ZONE - MES||CWE PUNE - MES||GE KHADAKVASLA - MES,10-Oct-2025 06:00 PM,https://defproc.gov.in/nicgep/app?component=%24DirectLink&page=FrontEndLatestActiveCorrigendums&service=direct&session=T&sp=SF3xnTz8n%2FpSDdL8KSaNl1A%3D%3D
1047,2025_MES_726787_1,[CA NO GE(U)/CHM-51/2025-26 SPECIAL REPAIR TO 6 POLE/ 4 POLE/ 2 POLE YARD AND LT OUTDOOR SUB STATION INCLUDING FENCING AND OTHER CONNECTED ITEMS OF WORK AT CHANDIMANDIR MILITARY STATION],30-Aug-2025 06:00 PM,E-IN-C BRANCH - MILITARY ENGINEER SERVICES||CE WC AND CE CHANDIGARH ZONE - MES||CWE CHANDIMANDIR - MES||GE (U) CHANDIMANDIR - MES,29-Sep-2025 06:00 PM,https://defproc.gov.in/nicgep/app?component=%24DirectLink&page=FrontEndLatestActiveCorrigendums&service=direct&session=T&sp=SJcWIUFYF%2Fsk26QHqQ%2BLCNw%3D%3D
1048,2025_MES_727832_1,[81808 PROVISION OF CERTAIN SANCTIONED WORKS AND DEPOSIT WORK IN THE AREA OF NDA UNDER GE (P) (NDA) KHADAKWASLA.],26-Aug-2025 05:00 PM,E-IN-C BRANCH - MILITARY ENGINEER SERVICES||CE SC AND CE PUNE ZONE - MES||CWE PUNE - MES,30-Sep-2025 06:00 PM,https://etender.up.nic.in/nicgep/app?component=%24DirectLink_0&page=FrontEndAdvancedSearchResult&service=direct&session=T&sp=SQz58MqsBjLBFPgKv3SDPCA%3D%3D
1049,2025_MES_730526_1,[ADDITION ALTERATION OF T-62A BUILDING AT 321 GARUDA FLIGHT AND P-350 BUILDING AT SNOM INS GARUDA NAVAL BASE KOCHI],12-Sep-2025 12:30 PM,E-IN-C BRANCH - MILITARY ENGINEER SERVICES||CESC AND CE (NAVY) KOCHI - MES||CWE NW KOCHI - MES,03-Oct-2025 06:00 PM,https://defproc.gov.in/nicgep/app?component=%24DirectLink&page=FrontEndLatestActiveCorrigendums&service=direct&session=T&sp=S3%2F7N9l5aJOJi36VXL8DLKg%3D%3D
1050,2025_MES_729637_1,[WELCOME MAINT FOR OFFICERS MARRIED ACCN AND OMQ SPE AREA OF CAMERO COMPLEX AT SUBROTO PARK],06-Sep-2025 02:00 PM,E-IN-C BRANCH - MILITARY ENGINEER SERVICES||CE WC and CE(AF) WAC PALAM-MES||CWE (AF) Palam-MES||GE (AF) Subroto Park-MES,04-Oct-2025 06:00 PM,https://defproc.gov.in/nicgep/app?component=%24DirectLink&page=FrontEndLatestActiveCorrigendums&service=direct&session=T&sp=SKAm54SzCMgt4E2SkF3M6EQ%3D%3D
1051,2025_MES_728828_1,[REPAIR TO REPLACEMENT OF TRANSFORMERS AGAINST DECLARED BER AT CHAFB UNDER GE (AF) BANGALORE],01-Sep-2025 06:55 PM,E-IN-C BRANCH - MILITARY ENGINEER SERVICES||CESC AND CE (AF) BANGALORE - MES||CWE (AF) (NORTH) BANGALORE - MES,29-Sep-2025 06:00 PM,https://defproc.gov.in/nicgep/app?component=%24DirectLink&page=FrontEndLatestActiveCorrigendums&service=direct&session=T&sp=Sv%2FQ%2FE701YyJ8aFakenb7MA%3D%3D
1052,2025_MES_726927_1,[PROVN OF COMMERCIAL POWER SUPPLY TO CERTAIN UNITS AT AF STN TEZPUR],20-Aug-2025 06:55 PM,E-IN-C BRANCH - MILITARY ENGINEER SERVICES||CE EC AND CE (AF) SHILLONG - MES||CWE (AF) BORJAR - MES,01-Oct-2025 06:00 PM,https://defproc.gov.in/nicgep/app?component=%24DirectLink&page=FrontEndLatestActiveCorrigendums&service=direct&session=T&sp=SqwKcqatFcHbnOtpTk25cFw%3D%3D
1053,2025_MES_730416_1,[PERIODICAL SERVICES TO CERTAIN TECHNICAL BUILDINGS IN TECH AREA AT AF STN NALIYA],11-Sep-2025 06:55 PM,E-IN-C BRANCH - MILITARY ENGINEER SERVICES||CE SWC AND CE (AF) GANDHINAGAR - MES||CWE (AF) BHUJ - MES||GE(AF) NALIYA NO.1 - MES,02-Oct-2025 06:00 PM,https://defproc.gov.in/nicgep/app?component=%24DirectLink&page=FrontEndLatestActiveCorrigendums&service=direct&session=T&sp=SjBRiqI3XaZ4%2BvCyxpC2a5A%3D%3D
1054,2025_MES_732460_1,[85956 SPL REPAIRS TO BLDG NO. 02 OTM ACCN OF NR OFFRS AT COMD HOSP (SC) PUNE UNDER GE (SOUTH) PUNE],24-Sep-2025 04:00 PM,E-IN-C BRANCH - MILITARY ENGINEER SERVICES||CE SC AND CE PUNE ZONE - MES||CWE PUNE - MES,22-Oct-2025 06:00 PM,https://etender.up.nic.in/nicgep/app?component=%24DirectLink_0&page=FrontEndAdvancedSearchResult&service=direct&session=T&sp=SaIXNlcMLUvPR84gGvT3ntw%3D%3D
1055,2025_MES_728957_1,[ADDN ALTN TO OR COOK HOUSE DY 67 AND CERTAIN  OTHER SANCTIONED WORKS AT ALHILAL MIL STN UNDER  GE PALAMPUR],02-Sep-2025 06:00 PM,E-IN-C BRANCH - MILITARY ENGINEER SERVICES||CE WC AND CE PATHANKOT ZONE - MES||CWE YOL - MES||GE PALAMPUR - MES,30-Sep-2025 06:00 PM,https://defproc.gov.in/nicgep/app?component=%24DirectLink&page=FrontEndLatestActiveCorrigendums&service=direct&session=T&sp=SmVS7ZapkOeTsDfsERLn4mA%3D%3D
1056,2025_DDRD_715086_1,[EOI for Development of Advanced Medium Combat Aircraft (AMCA)],18-Jun-2025 05:30 PM,Department of Defence Research and Development||Aeronautical Development Agency||Material Management Department - ADA,30-Sep-2025 05:00 PM,https://defproc.gov.in/nicgep/app?component=%24DirectLink&page=FrontEndLatestActiveCorrigendums&service=direct&session=T&sp=SRvQruytdD9hl2aZLJOLJ1w%3D%3D
1057,2025_MES_729297_1,[8125/SAR-T-39/2025-26 PERIODICAL SERVICES TO OTM AND SINGLE ACCN IN ARC SARSAWA UNDER GE (AF) SARSAWA ],04-Sep-2025 05:00 PM,E-IN-C BRANCH - MILITARY ENGINEER SERVICES||CE WC and CE(AF) WAC PALAM-MES||CWE (AF) Ambala-MES||GE (AF) Sarsawa-MES,03-Oct-2025 06:00 PM,https://defproc.gov.in/nicgep/app?component=%24DirectLink&page=FrontEndLatestActiveCorrigendums&service=direct&session=T&sp=S6fxo6jNaH%2BFrpw%2FzFyIbUw%3D%3D
1058,2025_MES_730296_1,[REPAIR TO CERTAIN B R WORKS OF CENTRAL AMENITIES AREA AT NORTH OF RAILWAY LINE UNDER GE MISSAMARI],10-Sep-2025 06:35 PM,E-IN-C BRANCH - MILITARY ENGINEER SERVICES||CE EC AND CE SILIGURI ZONE - MES||CWE TENGA - MES||GE MISSAMARI - MES,01-Oct-2025 06:00 PM,https://defproc.gov.in/nicgep/app?component=%24DirectLink&page=FrontEndLatestActiveCorrigendums&service=direct&session=T&sp=SIMNG0Xh6qItcdFbYsFVVuQ%3D%3D
1059,2025_MES_731548_1,"[REPAIR TO JOINERY, PLASTER WORK, TILING, PLUMBING, FLOORING, PLINTH PROTECTION WORKS AT SECTOR 28 AND 47 CHANDIGARH UNDER GE (AF) CHANDIGARH.]",18-Sep-2025 06:00 PM,E-IN-C BRANCH - MILITARY ENGINEER SERVICES||CE WC and CE(AF) WAC PALAM-MES||CWE (AF) Chandigarh-MES||GE (AF) Chandigarh-MES,10-Oct-2025 06:00 PM,https://etender.up.nic.in/nicgep/app?component=%24DirectLink_0&page=FrontEndAdvancedSearchResult&service=direct&session=T&sp=Sb7d0X8yFCvoE7UO7vjoZzQ%3D%3D
1060,2025_MES_730792_1,"[REPAIR /REPLACEMENT OF STREET LIGHTS, SECURITY LIGHTS AND ALLIED WORKS IN OP, NP, RP, DILBAGH , OFFR AREA, TECH AREA AND OBD AT AF STN HALWARA ]",13-Sep-2025 06:00 PM,E-IN-C BRANCH - MILITARY ENGINEER SERVICES||CE WC and CE(AF) WAC PALAM-MES||CWE (AF) Ambala-MES||GE (AF) Halwara-MES,11-Oct-2025 06:00 PM,https://defproc.gov.in/nicgep/app?component=%24DirectLink&page=FrontEndLatestActiveCorrigendums&service=direct&session=T&sp=SMKfaahgRVU33bxmJn4dlgg%3D%3D
1061,2025_MES_729235_1,"[REPAIR/ REPLACEMENT OF DISINFECTION DOSING SYSTEM ALONG WITH AGITATOR DOSING TANK, CHEMICAL FEEDING PIPE LINE AND CONNECTED ACCESSORIES OF PH N 5, 8, 9 AT MIL STN AGARTALA]",03-Sep-2025 06:00 PM,E-IN-C BRANCH - MILITARY ENGINEER SERVICES||CE EC AND CE SHILLONG ZONE - MES||CWE HQ 137 WE - MES||AGE (I) AGARTALA -MES,01-Oct-2025 06:00 PM,https://defproc.gov.in/nicgep/app?component=%24DirectLink&page=FrontEndLatestActiveCorrigendums&service=direct&session=T&sp=SUnKuPoA6t1WbHGepYk6X8Q%3D%3D
1062,2025_DGDE_729843_1,"[Operation and  maintenance of Effluent Treatment Plant at Cantt. Slaughter House, Kondhwa ]",10-Sep-2025 05:00 PM,Directorate General Defence Estates||Principal Directorate Defence Estates- Southern Command Pune||Cantonment Board Pune- SC Pune,30-Sep-2025 12:00 PM,https://defproc.gov.in/nicgep/app?component=%24DirectLink&page=FrontEndLatestActiveCorrigendums&service=direct&session=T&sp=S9I7JDOgX7RAyxbaUip6CSQ%3D%3D
1063,2025_MES_730246_1,"[SPL REPAIR/REPLACEMENT OF STEEL OVERHEAD TANK IN SECTOR B AREA, PROVN OF BATHING POINT FOR OR NEAR BDE OFFRS MESS, PROVN OF COVERED SHED WITH HARDSTANDING NEAR BLDG NO. T-11 FOR PARKING OF TWO WHEELER AND 02 X FOUR WHEELER AT 14 MARATHA LI AND PROVN ]",10-Sep-2025 05:00 PM,E-IN-C BRANCH - MILITARY ENGINEER SERVICES||CE EC AND CE SILIGURI ZONE - MES||CWE TEZPUR - MES||GE (N) TEZPUR - MES,30-Sep-2025 06:00 PM,https://defproc.gov.in/nicgep/app?component=%24DirectLink&page=FrontEndLatestActiveCorrigendums&service=direct&session=T&sp=SeEcXDT7w03T0AtCfQVeO7w%3D%3D
1064,2025_MES_724110_2,[REPAIRS RECANNING AND POLISHING OF WOODEN FURNITURE AT AIR FORCE STATION PATHANKOT JANDWAL AND DALHOUSIE UNDER GE AIR FORCE PATHANKOT],03-Sep-2025 09:00 AM,E-IN-C BRANCH - MILITARY ENGINEER SERVICES||CE NC AND CE (AF) UDHAMPUR - MES||CWE (AF) JAMMU - MES||GE (AF) PATHANKOT - MES,01-Oct-2025 06:00 PM,https://defproc.gov.in/nicgep/app?component=%24DirectLink&page=FrontEndLatestActiveCorrigendums&service=direct&session=T&sp=S925eqi5p35m%2FhL7CSbn7Sg%3D%3D
1065,2025_MES_725645_2,"[CA NO. GE AF NO.1/GUR-53/2025-26  PROVN OF ARBORICULTURE AND RAIN WATER HARVESTING FOR PROVN OF 19 IGLOOS AND 1 TRANSPORT BAY, PROVN OF HARD STANDING  FOR PARKING NEAR STN ARMOURY, PROVN OF PARKING SHED NEAR DSC MAP QTRS AND OTHER WORKS AT 54 ASP]",12-Sep-2025 06:00 PM,E-IN-C BRANCH - MILITARY ENGINEER SERVICES||CESC AND CE (AF) NAGPUR - MES||CWE (AF) TUGALAKABAD - MES||GE (P) (AF) GURGAON - MES,04-Oct-2025 06:00 PM,https://defproc.gov.in/nicgep/app?component=%24DirectLink&page=FrontEndLatestActiveCorrigendums&service=direct&session=T&sp=S3lmyVGcr1HlHlCRsfMDi0w%3D%3D
1066,2025_DGDE_730834_1,[Demolishing and laying sand on the ghats of the Ganga in Danapur Cantonment Area],13-Sep-2025 05:00 PM,Directorate General Defence Estates||Principal Directorate Defence Estates- Central Command Lucknow||Cantonment Board Danapur- CC Lucknow,01-Oct-2025 03:00 PM,https://etender.up.nic.in/nicgep/app?component=%24DirectLink_0&page=FrontEndAdvancedSearchResult&service=direct&session=T&sp=SRDXkxYfzGzcXA2lvYVRv3g%3D%3D
1067,2025_MES_729463_1,[REPAIR TO AREA ILLUMINATION LIGHTS AND CONNECTED WORKS OF DG SET AMF PANEL AT CGRA AND DHQ7 AT PARADIP],04-Sep-2025 05:00 PM,E-IN-C BRANCH - MILITARY ENGINEER SERVICES||ADG (Projects) and CE (CG) Visakhapatnam - MES||GE (I) (CG) Bhubaneshwar - MES,02-Oct-2025 06:00 PM,https://defproc.gov.in/nicgep/app?component=%24DirectLink&page=FrontEndLatestActiveCorrigendums&service=direct&session=T&sp=Sx%2BkpOUTiG%2FGnVdQTZp2KGg%3D%3D
1068,2025_MES_731124_1,"[PROVN OF 02 X TOILET BLOCK ALONGWITH 01 X CHANGING ROOM AT 522 ASC BN, PROVN OF 02 X TOILET BLOCK WITH WATER CONNECTIVITY AND ELECT INSTALLATION NEARBY BLDG NO P-20, ARMAMENT AND RADAR COMPONENT SHOP AT 609 EME BN AND SPL REPAIR TO BLDG NO 20 AT ILP ]",16-Sep-2025 06:00 PM,E-IN-C BRANCH - MILITARY ENGINEER SERVICES||CE CC AND CE BAREILLY ZONE - MES||CWE No 2 MEERUT - MES||GE (SOUTH) MEERUT - MES,07-Oct-2025 06:00 PM,https://defproc.gov.in/nicgep/app?component=%24DirectLink&page=FrontEndLatestActiveCorrigendums&service=direct&session=T&sp=ScBG0FqzNCn0TqD8yejosPA%3D%3D
1069,2025_MES_730430_1,"[REPAIRS TO FOOTPATH, HARDSTANDING, DRAIN, CULVERT AND GRATINGS IN DOMESTIC AREA UNDER AND BILLETS UNDER AGE B/R-I AT AFS THANJAVUR]",11-Sep-2025 06:00 PM,E-IN-C BRANCH - MILITARY ENGINEER SERVICES||CESC AND CE (AF) BANGALORE - MES||CWE (AF) TRIVANDRUM - MES||GE (AF) TANJAVUR - MES,02-Oct-2025 06:00 PM,https://defproc.gov.in/nicgep/app?component=%24DirectLink&page=FrontEndLatestActiveCorrigendums&service=direct&session=T&sp=Skk3pHdTNlDq5qnLGBP9gnQ%3D%3D
1070,2025_MES_731191_1,"[TERM CONTRACT FOR ARTIFICER WORK FOR AGE W/S-II AND AGE E/S-II AREA UNDER AGE (I)(U) B/R, DELHI CANTT-10]",16-Sep-2025 04:00 PM,E-IN-C BRANCH - MILITARY ENGINEER SERVICES||CE WC and CE DELHI ZONE-MES||CWE (U) DELHI CANTT-MES||AGE (I)(U) B and R DELHI CNATT-MES,07-Oct-2025 06:00 PM,https://etender.up.nic.in/nicgep/app?component=%24DirectLink_0&page=FrontEndAdvancedSearchResult&service=direct&session=T&sp=SpDmpY9ES3po1SvKfUC3K%2FQ%3D%3D
1071,2025_MES_713397_2,"[PROVISIONING OF ARBORICULTURE FOR NEW THREE SQUADRONS AS PART OF INFRASTRUCTURE AUGMENTATION AT INA, EZHIMALA- NAP PHASE-II ]",25-Aug-2025 06:00 PM,E-IN-C BRANCH - MILITARY ENGINEER SERVICES||CESC AND CE (NAVY) KOCHI - MES||CWE EZHIMALA - MES,29-Sep-2025 06:00 PM,https://defproc.gov.in/nicgep/app?component=%24DirectLink&page=FrontEndLatestActiveCorrigendums&service=direct&session=T&sp=SAlq%2Bw6jDOiu5JrvUBA2u2A%3D%3D
1072,2025_MES_727466_1,"[REPAIR AND MAINT OF DRAINS, BOUNDARY WALL, FENCING, FOOTPATHS AND OTHER MISC B and R WORKS UNDER AOR OF AGE BR-I OF  GE SOUTH DELHI CANTT-10]",23-Aug-2025 06:00 PM,E-IN-C BRANCH - MILITARY ENGINEER SERVICES||CE WC and CE DELHI ZONE-MES||CWE NEW DELHI-MES,09-Oct-2025 06:00 PM,https://defproc.gov.in/nicgep/app?component=%24DirectLink&page=FrontEndLatestActiveCorrigendums&service=direct&session=T&sp=SxzJVc8ORzfg9rs6i3D7Mbg%3D%3D
1073,2025_MES_733121_1,"[801594 PROVISION OF MINI ARMOURY, BOREWELL, TRAINING SHED, OBSTACLE TRAINING AND MISC INFRASTRUCTURE AND TOILETS FOR AGNIVEER (MALE and FEMALE) AT TILAKWADI ATS BELAGAVI]",29-Sep-2025 09:00 AM,E-IN-C BRANCH - MILITARY ENGINEER SERVICES||CESC AND CE (AF) BANGALORE - MES,03-Nov-2025 06:00 PM,https://etender.up.nic.in/nicgep/app?component=%24DirectLink_0&page=FrontEndAdvancedSearchResult&service=direct&session=T&sp=Sf7KdbQ9eqB8PcmGT7%2BAq5Q%3D%3D
1074,2025_MES_727841_1,[PAINTING AND POLISHING AND CERTAIN REPAIR OF STEEL FURNITURE ARTICLES OF HQ WAC (U) UNDER GE (AF) SUBROTO PARK AND PAINTING AND POLISHING AND CERTAIN REPAIR OF WOODEN FURNITURE ARTICLES OF HQ WAC (U) UNDER GE (AF) SUBROTO PARK],26-Aug-2025 02:00 PM,E-IN-C BRANCH - MILITARY ENGINEER SERVICES||CE WC and CE(AF) WAC PALAM-MES||CWE (AF) Palam-MES||GE (AF) Subroto Park-MES,06-Oct-2025 06:00 PM,https://defproc.gov.in/nicgep/app?component=%24DirectLink&page=FrontEndLatestActiveCorrigendums&service=direct&session=T&sp=SI7jbaNSKWcrzgqEcZCfImQ%3D%3D
1075,2025_MES_726128_1,"[SPECIAL REPAIR TO BUILDING NO.P-260, P-328, DSS COMPLEX AND CERTAIN REPAIR IN SOUTH LOOP AT AF STN NALIYA]",14-Aug-2025 05:00 PM,E-IN-C BRANCH - MILITARY ENGINEER SERVICES||CE SWC AND CE (AF) GANDHINAGAR - MES||CWE (AF) BHUJ - MES,03-Oct-2025 06:00 PM,https://defproc.gov.in/nicgep/app?component=%24DirectLink&page=FrontEndLatestActiveCorrigendums&service=direct&session=T&sp=SM6QAUj%2F6wI4gPSF6wmIMjg%3D%3D
1076,2025_MES_722924_2,"[REPAIR/ RECANNING AND POLISHING TO CERTAIN WOODEN FURNITURE AND DENTING, PAINTING AND REPAIR TO STEEL ALMIRAH AND CERTAIN STEEL FURNITURE INCLUDING CHARPOY GI PIPE AT 20 WING AFS BAGDOGRA UNDER GE (AF) BAGDOGRA]",17-Sep-2025 02:00 PM,E-IN-C BRANCH - MILITARY ENGINEER SERVICES||CE EC AND CE (AF) SHILLONG - MES||CWE (AF) BAGDOGRA - (AF) Shillong Zone- MES||GE (AF) BAGDOGRA - (AF) Shillong Zone- MES,01-Oct-2025 06:00 PM,https://defproc.gov.in/nicgep/app?component=%24DirectLink&page=FrontEndLatestActiveCorrigendums&service=direct&session=T&sp=S2n29Z6joOnJRMO5teKaV8Q%3D%3D
1077,2025_ARMY_731992_1,[SUPPLY AND CONSTRUCTION OF INTERNAL PATHWAY],22-Sep-2025 10:00 AM,IHQ of MoD (Army)-(OSCC)||Eastern Comd-IHQ of MoD (Army)-(OSCC)||CORPS 3-Eastern Comd-IHQ of MoD (Army)-(OSCC)||ENGR UNIT 2-IHQ of MoD (Army),06-Oct-2025 06:00 PM,https://defproc.gov.in/nicgep/app?component=%24DirectLink&page=FrontEndLatestActiveCorrigendums&service=direct&session=T&sp=S7fta5rU%2FcSyLpehxiEcfJg%3D%3D
1078,2025_MES_728261_1,"[REPAIR/MAINT OF HT DISTRIBUTION  NETWORK, ISOLATORS, 11 KV BUS BAR, PANELS, AVR AND OTHER CONNECTED WORKS UNDER GE (AF) SRINAGAR]",01-Sep-2025 06:00 PM,E-IN-C BRANCH - MILITARY ENGINEER SERVICES||CE NC AND CE (AF) UDHAMPUR - MES||CWE (AF) SRINAGAR - MES,29-Sep-2025 06:00 PM,https://defproc.gov.in/nicgep/app?component=%24DirectLink&page=FrontEndLatestActiveCorrigendums&service=direct&session=T&sp=S9fvWOrfFnUO9krFQRhd5%2FA%3D%3D
1079,2025_MES_729982_1,"[REPAIR/ REPLACEMENT TO AND MAINT OF CERTAIN EXTERNAL ELECTRIFICATION WORKS INCL TRANSFORMERS, VCBs, RMU, CONTROL SWITCHES AND HT/LT CABLES AT AF STN ADAMPUR]",09-Sep-2025 03:00 PM,E-IN-C BRANCH - MILITARY ENGINEER SERVICES||CE WC and CE(AF) WAC PALAM-MES||CWE (AF) Chandigarh-MES||GE (AF) Adampur-MES,29-Sep-2025 06:00 PM,https://defproc.gov.in/nicgep/app?component=%24DirectLink&page=FrontEndLatestActiveCorrigendums&service=direct&session=T&sp=ShegxmEwWT5pjyxJ1%2Fr5%2BNQ%3D%3D
1080,2025_MES_731730_1,"[REPAIR/ MAINT OF DG SETS AND DIESEL DRIVEN ENGINES OF FIRE FIGHTING PUMPS OF DIFFERENT OTM ACCNS AND DG SETS FOR DIFFERENT LIFT, W/S INSTLNS, DIESEL DRIVEN FIRE PUMPS AT VIJAY DURG  UNDER GE (FW) KOLKATA]",19-Sep-2025 06:00 PM,E-IN-C BRANCH - MILITARY ENGINEER SERVICES||CE EC AND CE KOLKATA ZONE - MES||CWE KOLKATA - MES||GE FORT WILLIAM KOLKATA - MES,16-Oct-2025 06:00 PM,https://etender.up.nic.in/nicgep/app?component=%24DirectLink_0&page=FrontEndAdvancedSearchResult&service=direct&session=T&sp=S8uI%2FZqrL0y0tAJcyER7GAg%3D%3D
1081,2025_MES_731450_1,[COMPREHENSIVE MAINTENANCE OF MAIN RECEIVING CUM DISTRIBUTION SUBSTATION (MDSS) AND HT DISTRIBUTION NETWORK AT NAVAL BASE KARWAR UNDER GE(SB) KARWAR],18-Sep-2025 06:00 PM,E-IN-C BRANCH - MILITARY ENGINEER SERVICES||CESC AND CE( NAVY )MUMBAI - MES||CWE NAVY VASCO - MES,16-Oct-2025 06:00 PM,https://etender.up.nic.in/nicgep/app?component=%24DirectLink_0&page=FrontEndAdvancedSearchResult&service=direct&session=T&sp=SRpdA0it%2BW%2BBXnzFXQnXN5w%3D%3D
1082,2025_MES_730825_1,[PERIODICAL SERVICES TO CERTAIN BLDGS AND MISC WORKS OF DGQA AUNDH COMPLEX UNDER GE MH AND RH KHADKI],13-Sep-2025 06:00 PM,E-IN-C BRANCH - MILITARY ENGINEER SERVICES||CE SC AND CE PUNE ZONE - MES||CWE KIRKEE - MES||GE MH AND RANGE HILLS - MES,04-Oct-2025 06:00 PM,https://etender.up.nic.in/nicgep/app?component=%24DirectLink_0&page=FrontEndAdvancedSearchResult&service=direct&session=T&sp=S9P5DW9XTyZS%2FueTQ2EFO0g%3D%3D
1083,2025_MES_711993_3,[8426/E8 PERIODICAL SERVICES INCL SMART PERIODICALS TO MD ACCN AT STN BAREILLY UNDER GE (EAST) BAREILLY],12-Sep-2025 04:15 PM,E-IN-C BRANCH - MILITARY ENGINEER SERVICES||CE CC AND CE BAREILLY ZONE - MES||CWE BAREILLY - MES||GE(EAST) BAREILLY - MES,03-Oct-2025 06:00 PM,https://defproc.gov.in/nicgep/app?component=%24DirectLink&page=FrontEndLatestActiveCorrigendums&service=direct&session=T&sp=SxHSnuUYbSzucRGF%2BEl4N5A%3D%3D
1084,2025_MES_732330_1,[SPECIAL REPAIR TO BLDG NO P-10 AND PROVN OF GUARD ROOM AT DRUGMULLA AND DAWAR UNDER THE AOR OF GE 874 EWS],23-Sep-2025 06:00 PM,E-IN-C BRANCH - MILITARY ENGINEER SERVICES||CE NC AND CE 31 ZONE - MES||133 WORKS ENGINEER - MES||GE 874 EWS - MES,14-Oct-2025 06:00 PM,https://defproc.gov.in/nicgep/app?component=%24DirectLink&page=FrontEndLatestActiveCorrigendums&service=direct&session=T&sp=SUspMjmFVdsXY1bW2Nu0ywA%3D%3D
1085,2025_MES_727796_1,[EXTERNAL AND INTERNAL PERIODICAL SERVICES AND CONNECTED ITEMS IN CERTAIN BUILDING AT ZONE A AND ZONE B AT BHDC UNDER GE EAST DELHI CANTT],26-Aug-2025 03:00 PM,E-IN-C BRANCH - MILITARY ENGINEER SERVICES||CE WC and CE DELHI ZONE-MES||CWE DELHI CANTT-MES,04-Oct-2025 06:00 PM,https://defproc.gov.in/nicgep/app?component=%24DirectLink&page=FrontEndLatestActiveCorrigendums&service=direct&session=T&sp=SKP9jDHemRY9KK3UkwOJ5cQ%3D%3D
1086,2025_MES_727638_1,[CA No CWE/BLY/GE (W)/52 of 2025-26PROVISION OF SQUAD POST AT JAT REGIMENTAL CENTRE BAREILLY CANTT UNDER GE (WEST) BAREILLY],25-Aug-2025 06:00 PM,E-IN-C BRANCH - MILITARY ENGINEER SERVICES||CE CC AND CE BAREILLY ZONE - MES||CWE BAREILLY - MES,10-Oct-2025 06:00 PM,https://defproc.gov.in/nicgep/app?component=%24DirectLink&page=FrontEndLatestActiveCorrigendums&service=direct&session=T&sp=SyREwOp0kirm0xy%2FNfum30g%3D%3D
1087,2025_MES_731092_1,[REPAIR TO CHARPOY MS AND GI PIPE HARD TOP UNDER GE(EAST) FEROZEPUR CANTT],15-Sep-2025 06:55 PM,E-IN-C BRANCH - MILITARY ENGINEER SERVICES||CE WC AND CE JALANDHAR ZONE - MES||CWE FEROZEPUR - MES,04-Oct-2025 06:00 PM,https://defproc.gov.in/nicgep/app?component=%24DirectLink&page=FrontEndLatestActiveCorrigendums&service=direct&session=T&sp=Spo5TZwQkJlVKbEP2MACE8w%3D%3D
1088,2025_MES_729873_1,[REPAIRS TO CERTAIN INTERNAL ELECTRICAL WIRINGS FANS MCB DBs SUBMAIN WIRING RENEWAL MAINTENANCE OF EARTHING FIRE ALARM WATER SPRINKLER SYSTEM ETC AT TECH AREA OTM OF CERTAIN TECHNICAL AREAS INCLUDING KG SCHOOL UNDER GE I R AND D WEST BANGALORE],08-Sep-2025 06:00 PM,E-IN-C BRANCH - MILITARY ENGINEER SERVICES||ADG (OF and DRDO) AND CE (R and D) SECUNDERABAD - MES||GE (I) RND (W) BANGALORE - MES||GE (I) RND (W) BANGALORE - MES,06-Oct-2025 06:00 PM,https://defproc.gov.in/nicgep/app?component=%24DirectLink&page=FrontEndLatestActiveCorrigendums&service=direct&session=T&sp=SaDCZpqzlxdFl7PT0nJSM8g%3D%3D
1089,2025_MES_724122_2,[REPAIR OF VARIOUS TYPES OF STEEL FURNITURE HELD WITH GE (WEST) JABALPUR],02-Sep-2025 05:00 PM,E-IN-C BRANCH - MILITARY ENGINEER SERVICES||CE CC AND CE JABALPUR ZONE - MES||CWE JABALPUR - MES||GE (W) JABALPUR - MES,30-Sep-2025 06:00 PM,https://defproc.gov.in/nicgep/app?component=%24DirectLink&page=FrontEndLatestActiveCorrigendums&service=direct&session=T&sp=SE9jTTunaAiJZ29yoUsR5kA%3D%3D
1090,2025_MES_725120_2,[PROVN OF ARBORICULTURE AND RAIN WATER HARVESTING AT PATIALA UNDER GE S PATIALA ],25-Sep-2025 06:00 PM,E-IN-C BRANCH - MILITARY ENGINEER SERVICES||CE WC AND CE CHANDIGARH ZONE - MES||CWE PATIALA - MES,10-Oct-2025 06:00 PM,https://etender.up.nic.in/nicgep/app?component=%24DirectLink_0&page=FrontEndAdvancedSearchResult&service=direct&session=T&sp=SoeTObRaYHtv8HtiznIXVZg%3D%3D
1091,2025_MES_731521_1,[CA NO.CWE BLY/GE (E)/32  OF 2025- 2026SPECIAL REPAIR TO OR MD ACCN BLDG NO P-03 (01 TO 08) OF 116 ENGR REGT UNDER GE (EAST) BAREILLY],18-Sep-2025 06:00 PM,E-IN-C BRANCH - MILITARY ENGINEER SERVICES||CE CC AND CE BAREILLY ZONE - MES||CWE BAREILLY - MES,16-Oct-2025 06:00 PM,https://etender.up.nic.in/nicgep/app?component=%24DirectLink_0&page=FrontEndAdvancedSearchResult&service=direct&session=T&sp=SppGFbIhFqZ2V1UbIrt%2BZHw%3D%3D
1092,2025_MES_705770_2,[CONVERSION OF OLD RUSTED CI PIPELINE TO DI PIPELINE FROM GOLF GROUND TO TEMPORARY PUMP HOUSE AT UMROI MIL STN UNDER  GE UMROI],03-Sep-2025 06:55 PM,E-IN-C BRANCH - MILITARY ENGINEER SERVICES||CE EC AND CE SHILLONG ZONE - MES||CWE Shillong - MES||GE (P) SHILLONG  - MES,29-Sep-2025 06:00 PM,https://defproc.gov.in/nicgep/app?component=%24DirectLink&page=FrontEndLatestActiveCorrigendums&service=direct&session=T&sp=SrEAW9GwX4BeMxjT9IO6%2Ffw%3D%3D
1093,2025_MES_727760_2,"[REPAIR/REPLACEMENT OF WATER FILTRATION PLANT, CONTROL VALVES P S TANK, STAGING, FILTER MEDIA AND CONNECTED ITEMS AT PHASE -II (CHINDIT TOP, TENGA  LEDGE, GOC CAMP AREA) OF E/M UNDER GE TENGA]",19-Sep-2025 02:00 PM,E-IN-C BRANCH - MILITARY ENGINEER SERVICES||CE EC AND CE SILIGURI ZONE - MES||CWE TENGA - MES||GE TENGA-MEA,08-Oct-2025 09:00 AM,https://defproc.gov.in/nicgep/app?component=%24DirectLink&page=FrontEndLatestActiveCorrigendums&service=direct&session=T&sp=Sk78reVWjp2n7vvQTincUDg%3D%3D
1094,2025_MES_728802_1,"[Comprehensive maintenance  and Repair/replacement  to Joinery ,fitting incl Periodocal Services of MDC ,314 FD WEKSP Coy EME ,  ASRI, 127 TA ,SHO(L) under  AGE B/R-I of GE Dehradun.]",01-Sep-2025 06:00 PM,E-IN-C BRANCH - MILITARY ENGINEER SERVICES||CE CC AND CE BAREILLY ZONE - MES||CWE DEHRADUN - MES||GE DEHRADUN - MES,29-Sep-2025 06:00 PM,https://defproc.gov.in/nicgep/app?component=%24DirectLink&page=FrontEndLatestActiveCorrigendums&service=direct&session=T&sp=SOeWRDspERXzlpiBKTlR1YA%3D%3D
1095,2025_MES_731303_1,[PROVN OF CONSTR OF 01 X TOILETS AND BATHROOMS IN QTR GD PREMISES OF 155 INF BN (TA) JAK RIF AT NAYA RAIPUR MIL STN],17-Sep-2025 12:00 PM,E-IN-C BRANCH - MILITARY ENGINEER SERVICES||CE CC AND CE JABALPUR ZONE - MES||CWE JABALPUR - MES||AGE (I) RAIPUR - MES,04-Oct-2025 06:00 PM,https://defproc.gov.in/nicgep/app?component=%24DirectLink&page=FrontEndLatestActiveCorrigendums&service=direct&session=T&sp=SWU%2Bwo0r2FoMuTEeXGuINFg%3D%3D
1096,2025_MES_727909_1,[REPAIR TO ROADS AND ROAD FURNITURE AT SITE P UNDER GE AF THANE],26-Aug-2025 04:40 PM,E-IN-C BRANCH - MILITARY ENGINEER SERVICES||CE SWC AND CE (AF) GANDHINAGAR - MES||CWE (AF) LOHOGAON - MES,02-Oct-2025 06:00 PM,https://defproc.gov.in/nicgep/app?component=%24DirectLink&page=FrontEndLatestActiveCorrigendums&service=direct&session=T&sp=SNQi19faNrYF33bKpG%2BcPuQ%3D%3D
1097,2025_MES_719042_2,[84154/E8 UPGRADATION OF TRANSFORMER WITH ALLIED WORKS FOR INSTALLATION OF AIR CONDITIONERS IN SMQs AND OTHER LOCATIONS AT AF STN CHABUA UNDER GE AF CHABUA],17-Sep-2025 11:30 AM,E-IN-C BRANCH - MILITARY ENGINEER SERVICES||CE EC AND CE (AF) SHILLONG - MES||CWE (AF) JORHAT - MES,01-Oct-2025 06:00 PM,https://etender.up.nic.in/nicgep/app?component=%24DirectLink_0&page=FrontEndAdvancedSearchResult&service=direct&session=T&sp=SaJB4NNEdDx3XrCJTVzXMPA%3D%3D
1098,2025_MES_730125_1,"[REPAIR/REPLACEMENT OF SUB MAINS INTERNAL WIRING, MCB, DB, FITTING AND FIXTURE WITH ALLIED WORKS OF GRC UNDER GE (W) JABALPUR]",10-Sep-2025 02:00 PM,E-IN-C BRANCH - MILITARY ENGINEER SERVICES||CE CC AND CE JABALPUR ZONE - MES||CWE JABALPUR - MES,09-Oct-2025 06:00 PM,https://etender.up.nic.in/nicgep/app?component=%24DirectLink_0&page=FrontEndAdvancedSearchResult&service=direct&session=T&sp=SCJHPOe8nL4fpzC4YlECySQ%3D%3D
1099,2025_MES_729167_1,[SPL REPAIR OF STATION SWIMMING POOL AT NASIRABAD MIL STATION],03-Sep-2025 06:00 PM,E-IN-C BRANCH - MILITARY ENGINEER SERVICES||CESC AND CE BHOPAL ZONE  - MES||CWE BHOPAL - MES||GE NASIRABAD - MES,29-Sep-2025 06:00 PM,https://defproc.gov.in/nicgep/app?component=%24DirectLink&page=FrontEndLatestActiveCorrigendums&service=direct&session=T&sp=S1nsmddM3TGZGr8BebGb5NA%3D%3D
1100,2025_MES_729869_1,[REPAIR OF E/M INSTALLATIONS AT AF STN BIHTA],08-Sep-2025 06:00 PM,E-IN-C BRANCH - MILITARY ENGINEER SERVICES||CE CC AND CE (AF) ALLAHABAD - MES||CWE (AF) BAMRAULI ALLAHABAD - MES||GE (AF) BIHTA,03-Oct-2025 06:00 PM,https://defproc.gov.in/nicgep/app?component=%24DirectLink&page=FrontEndLatestActiveCorrigendums&service=direct&session=T&sp=S104SrheTneuRQB9%2F9MB1yg%3D%3D
1101,2025_MES_723034_1,[752983A CONSTRUCTION OF 04 OR DUS AT DANAPUR CANTT AGAINST TFR TO DEF LAND FOR CONSTRUCTION OF DANAPUR TO KHEMNI CHAK CORRIDOR TO PATNA METRO RAIL CORPORATION],22-Aug-2025 06:00 PM,E-IN-C BRANCH - MILITARY ENGINEER SERVICES||CE CC AND CE JABALPUR ZONE - MES,17-Oct-2025 06:00 PM,https://defproc.gov.in/nicgep/app?component=%24DirectLink&page=FrontEndLatestActiveCorrigendums&service=direct&session=T&sp=S0ZCeuB1mFXrHGRC9xQokKg%3D%3D
1102,2025_MES_729376_1,[SPECIAL REPAIRS REPLACEMENT OF DG SETS AT HQTNP UNDER AGE (I) NAVY CHENNAI],04-Sep-2025 06:00 PM,E-IN-C BRANCH - MILITARY ENGINEER SERVICES||CE EC AND CE (NAVY) VIZAG - MES||CWE (Navy) Chennai - MES||AGE (I) Navy Chennai - MES,30-Sep-2025 06:00 PM,https://defproc.gov.in/nicgep/app?component=%24DirectLink&page=FrontEndLatestActiveCorrigendums&service=direct&session=T&sp=SBAy1Udgv11Sx%2B3eBwUizeg%3D%3D
1103,2025_MES_728851_1,"[REPAIR TO JOINERY, ROOF TREATMENT AND OTHER ITEMS OF B/R MAINT AT VARIOUS BLDGS OF ZONE A UNDER MIL STN KALUCHAK UNDER GE KALUCHAK]",02-Sep-2025 10:00 AM,E-IN-C BRANCH - MILITARY ENGINEER SERVICES||CE WC AND CE PATHANKOT ZONE - MES||CWE JAMMU - MES||GE KALUCHAK - MES,30-Sep-2025 06:00 PM,https://defproc.gov.in/nicgep/app?component=%24DirectLink&page=FrontEndLatestActiveCorrigendums&service=direct&session=T&sp=SSt2H14oaErB9lATZyg35tw%3D%3D
1104,2025_MES_712738_2,[SPECIAL REPAIR TO SOLAR POWER PLANT AT AIR FORCE  STATION  JAISALMER],02-Sep-2025 01:00 PM,E-IN-C BRANCH - MILITARY ENGINEER SERVICES||CE SWC AND CE (AF) GANDHINAGAR - MES||CWE (AF) Jaisalmer - MES,13-Oct-2025 06:00 PM,https://defproc.gov.in/nicgep/app?component=%24DirectLink&page=FrontEndLatestActiveCorrigendums&service=direct&session=T&sp=SSeEXTJScR1UxyemSBZMUqg%3D%3D
1105,2025_MES_731801_1,[PERIODICAL REPAIR AND MAINT ALONGWITH MINOR OVERHAULING SERVICES ETC OF THE VARIOUS TYPES OF THE GENERATOR SETS OF VARIOUS CAPACITIES WITH MISC CONNECTED ITEMS AT AF STN BAREILLY],19-Sep-2025 06:00 PM,E-IN-C BRANCH - MILITARY ENGINEER SERVICES||CE CC AND CE (AF) ALLAHABAD - MES||CWE (AF) IZATNAGAR - MES,08-Oct-2025 06:00 PM,https://defproc.gov.in/nicgep/app?component=%24DirectLink&page=FrontEndLatestActiveCorrigendums&service=direct&session=T&sp=ShiW0%2FkkvsBncI1Uj1%2FDbxw%3D%3D
1106,2025_MES_729386_1,[ADDN/ALTN TO CERTAIN OTM BUILDING IN TECH AREA AND SPL REPAIR /REPLACEMENT TO E/M SERVICES AT KALPI AND PROVISION OF CERTAIN MINOR WORKS AT AF STN IN AMBALA UNDER GE (AF) AMBALA],04-Sep-2025 03:00 PM,E-IN-C BRANCH - MILITARY ENGINEER SERVICES||CE WC and CE(AF) WAC PALAM-MES||CWE (AF) Ambala-MES||GE (AF) Ambala-MES,02-Oct-2025 06:00 PM,https://defproc.gov.in/nicgep/app?component=%24DirectLink&page=FrontEndLatestActiveCorrigendums&service=direct&session=T&sp=SvrKXe2UIQOBL5cukaUSQ2w%3D%3D
1107,2025_MES_731267_1,[CONDITION ASSESSMENT   / STRUCTURAL AUDIT OF CONCRETE IN THE RC STRUCTURAL ELEMENTS OF  FIU BUILDING IN TEYNAMPET UNDER  GE CHENNAI],16-Sep-2025 06:50 PM,E-IN-C BRANCH - MILITARY ENGINEER SERVICES||CE SC AND CE CHENNAI ZONE  - MES||CWE CHENNAI - MES,07-Oct-2025 06:00 PM,https://defproc.gov.in/nicgep/app?component=%24DirectLink&page=FrontEndLatestActiveCorrigendums&service=direct&session=T&sp=SHY7TiSqLgvDa8foIJqK%2BUQ%3D%3D
1108,2025_MES_728150_2,"[Spl rep/replacement of BER geysers,AC,water coolers,refrigerators and other misc items , provn of 11x geysers for JCOs/Ors Md accn at WEU and provn of road with interlocking tiles between main road to KMT line at INF Dou under GE Satwari]",18-Sep-2025 06:00 PM,E-IN-C BRANCH - MILITARY ENGINEER SERVICES||CE WC AND CE PATHANKOT ZONE - MES||CWE JAMMU - MES||GE SATWARI - MES,08-Oct-2025 06:00 PM,https://etender.up.nic.in/nicgep/app?component=%24DirectLink_0&page=FrontEndAdvancedSearchResult&service=direct&session=T&sp=SrPz318%2FyYzkCjGg2v%2BfwzA%3D%3D
1109,2025_MES_730628_1,"[REPAIR TO PATH, HARDSTANDING, DRAINS, BOUNDARY WALL, FENCING ETC IN DOMESTIC AREA UNDER GE (AF) AMBALA]",12-Sep-2025 06:00 PM,E-IN-C BRANCH - MILITARY ENGINEER SERVICES||CE WC and CE(AF) WAC PALAM-MES||CWE (AF) Ambala-MES||GE (AF) Ambala-MES,04-Oct-2025 06:00 PM,https://etender.up.nic.in/nicgep/app?component=%24DirectLink_0&page=FrontEndAdvancedSearchResult&service=direct&session=T&sp=SM%2BVJ5CfZIuD0pOhDlhnoaA%3D%3D
1110,2025_MES_729075_1,"[REPAIR / MAINTENANCE AND LOAD TESTING OF HOT/EOT CRANE, MOTORISED DOOR AND OTHER MISC WORKS AT HEMRL UNDER GE(I) RnD PASHAN]",03-Sep-2025 12:00 PM,E-IN-C BRANCH - MILITARY ENGINEER SERVICES||ADG (OF and DRDO) AND CE (R and D) SECUNDERABAD - MES||GE (I) RND PASHAN - MES,01-Oct-2025 06:00 PM,https://etender.up.nic.in/nicgep/app?component=%24DirectLink_0&page=FrontEndAdvancedSearchResult&service=direct&session=T&sp=SMtg%2F9PfCTtE1i3PYyOfkeg%3D%3D
1111,2025_MES_728841_1,[CWE/CHM-91/2025-26  COMPREHENSIVE MAINT FOR DAY TO DAY COMPLAINTS AND INTEGRATION OF COMPLAINT MANAGEMENT SYSTEM AT CHANDIMANDIR MIL STATION],02-Sep-2025 03:00 PM,E-IN-C BRANCH - MILITARY ENGINEER SERVICES||CE WC AND CE CHANDIGARH ZONE - MES||CWE CHANDIMANDIR - MES,30-Sep-2025 06:00 PM,https://defproc.gov.in/nicgep/app?component=%24DirectLink&page=FrontEndLatestActiveCorrigendums&service=direct&session=T&sp=SUZirktaIVu2gC7Wazj9UeQ%3D%3D
1112,2025_MES_729034_1,"[PERIODICAL SERVICES INCLUDING PLASTERING, PLUMBING AND SANITARY FITTING AND MISC B/R WORKS TO CIMT, CIFE AND  OTM/MD ACCN OF AT TB-II, DIGHI COMPLEX IN BEG AND CENTRE  UNDER AGE B/R-II IN GE (CENTRAL) KHADKI]",02-Sep-2025 06:15 PM,E-IN-C BRANCH - MILITARY ENGINEER SERVICES||CE SC AND CE PUNE ZONE - MES||CWE KIRKEE - MES||GE (CENTRAL) KIRKEE - MES,10-Oct-2025 06:00 PM,https://defproc.gov.in/nicgep/app?component=%24DirectLink&page=FrontEndLatestActiveCorrigendums&service=direct&session=T&sp=SdXbBdi9Lxahw3iRFw1dieg%3D%3D
1113,2025_MES_729839_1,"[WELCOME MAINT TO CERTAIN MD OFFRS ACCN IN D1, D2, E3 AREA IN ZONE A AREA AT NDA KHADAKWASLA]",08-Sep-2025 05:30 PM,E-IN-C BRANCH - MILITARY ENGINEER SERVICES||CE SC AND CE PUNE ZONE - MES||CWE PUNE - MES||GE KHADAKVASLA - MES,04-Oct-2025 06:00 PM,https://defproc.gov.in/nicgep/app?component=%24DirectLink&page=FrontEndLatestActiveCorrigendums&service=direct&session=T&sp=SjfkOBdpAv0e2PRiFx8CqeA%3D%3D
1114,2025_MES_730914_1,[PROVN OF UTENSILS WASHING POINT NEAR COOK HOUSE AT BLDG NO T-14-18 WITH OVERHEAD WATER TANK IN B ZONE AND SPECIAL REPAIRS TO BLDG NO T-48 AND T-49 IN A ZONE AT RMS],15-Sep-2025 02:00 PM,E-IN-C BRANCH - MILITARY ENGINEER SERVICES||CE EC AND CE SHILLONG ZONE - MES||CWE HQ 137 WE - MES||GE 868 EWS - MES,11-Oct-2025 06:00 PM,https://defproc.gov.in/nicgep/app?component=%24DirectLink&page=FrontEndLatestActiveCorrigendums&service=direct&session=T&sp=SpSzxJxZJrU523GB4F8WaeA%3D%3D
1115,2025_MES_731199_1,"[TERM CONTRACT FOR ARTIFICER WORK FOR AGE SLDC E/S AREA UNDER AGE (I)(U) B/R, DELHI CANTT-10]",16-Sep-2025 04:00 PM,E-IN-C BRANCH - MILITARY ENGINEER SERVICES||CE WC and CE DELHI ZONE-MES||CWE (U) DELHI CANTT-MES||AGE (I)(U) B and R DELHI CNATT-MES,07-Oct-2025 06:00 PM,https://etender.up.nic.in/nicgep/app?component=%24DirectLink_0&page=FrontEndAdvancedSearchResult&service=direct&session=T&sp=SF3qEWV6gqfniI7vUY5ISCg%3D%3D
1116,2025_MES_730142_1,[REPIAR/ REPLACEMENT OF LT UG CABLE AND REPLACEMENT OF OLD UNSERVICEABLE LT UG CABLE AND CONNECTED WORKS AT INS MANDOVI UNDER GE (P) NAVY MANDOVI],10-Sep-2025 12:00 PM,E-IN-C BRANCH - MILITARY ENGINEER SERVICES||CESC AND CE( NAVY )MUMBAI - MES||CWE NAVY VASCO - MES||GE (P) (NAVY) MANDOVI - MES,01-Oct-2025 06:00 PM,https://defproc.gov.in/nicgep/app?component=%24DirectLink&page=FrontEndLatestActiveCorrigendums&service=direct&session=T&sp=SCuuvQMBilNwtO3cuKf%2BNZg%3D%3D
1117,2025_MES_723782_1,[PROVN OF DEFICIENT SINGLE ACCN FOR AIRMEN AT AF STN PHALODI  ],31-Jul-2025 06:30 PM,E-IN-C BRANCH - MILITARY ENGINEER SERVICES||CE SWC AND CE (AF) GANDHINAGAR - MES,07-Oct-2025 06:00 PM,https://defproc.gov.in/nicgep/app?component=%24DirectLink&page=FrontEndLatestActiveCorrigendums&service=direct&session=T&sp=SzCOQsnGsA1XDdF9nNwVIyA%3D%3D
1118,2025_MES_718737_2,[PROVISION OF BIO DEGRADABLEWASTE SHREDDING AND COMPOSTING MACHINE CAP 3.5 TON AT LICHUBARI UNDER GE JORHAT],22-Aug-2025 05:55 PM,E-IN-C BRANCH - MILITARY ENGINEER SERVICES||CE EC AND CE SHILLONG ZONE - MES||CWE Dinjan - MES||GE Jorhat - MES,30-Sep-2025 06:00 PM,https://defproc.gov.in/nicgep/app?component=%24DirectLink&page=FrontEndLatestActiveCorrigendums&service=direct&session=T&sp=SYlElB%2B7%2FQ8%2F3uabCHV0CKA%3D%3D
1119,2025_MES_727924_1,[RENOVATION OF SARVATRA GATE AT TALBEHAT MIL STATION],26-Aug-2025 06:00 PM,E-IN-C BRANCH - MILITARY ENGINEER SERVICES||CESC AND CE BHOPAL ZONE  - MES||CWE JHANSI - MES||AGE (I) TALBEHAT - MES,04-Oct-2025 06:00 PM,https://defproc.gov.in/nicgep/app?component=%24DirectLink&page=FrontEndLatestActiveCorrigendums&service=direct&session=T&sp=SKDJTKObeM0szTW7MXtaa9g%3D%3D
1120,2025_ARMY_730512_1,[RC/25-26/197],12-Sep-2025 06:00 PM,IHQ of MoD (Army)-(OSCC)||DGAFMS-IHQ of MoD (Army)-(OSCC)||DG 2 GROUP-IHQ of MoD (Army)-(OSCC)||AFMSD 4-IHQ of MoD (Army),14-Oct-2025 10:00 AM,https://etender.up.nic.in/nicgep/app?component=%24DirectLink_0&page=FrontEndAdvancedSearchResult&service=direct&session=T&sp=SJUYkIbzSPeX5VFo5Rec0Pg%3D%3D
1121,2025_MES_730291_1,[REPAIR MAINT OF EXTERNAL ELEC DISTRIBUTION SYSTEM STREET LIGHT SECURITY LIGHTS LAMP POSTS MISC EQUIPMENT SUMMER APPLIANCE AND OTHER CONNECTED WORK AT AIZAWL UNDER GE SILCHAR],10-Sep-2025 06:10 PM,E-IN-C BRANCH - MILITARY ENGINEER SERVICES||CE EC AND CE SHILLONG ZONE - MES||CWE HQ 137 WE - MES||GE SILCHAR - MES,03-Oct-2025 06:00 PM,https://defproc.gov.in/nicgep/app?component=%24DirectLink&page=FrontEndLatestActiveCorrigendums&service=direct&session=T&sp=SA9jFBiOWDoJDaWx6KSWNbg%3D%3D
1122,2025_MES_729619_1,[SPL REPAIR NO 62 (ADM BLOCK) OF 163 FD REGT AND SPL REPAIR TO BLDG NO P-1A (OFFRS MESS GUEST ROOM) ROOF TREATMENT OF 270 ENGR REGT AT OLD AMRITSAR CANTT],06-Sep-2025 02:00 PM,E-IN-C BRANCH - MILITARY ENGINEER SERVICES||CE WC AND CE JALANDHAR ZONE - MES||CWE AMRITSAR - MES||GE AMRITSAR - MES,04-Oct-2025 06:00 PM,https://defproc.gov.in/nicgep/app?component=%24DirectLink&page=FrontEndLatestActiveCorrigendums&service=direct&session=T&sp=SRmr0rq5ZyZdT%2FRAzHcMUyg%3D%3D
1123,2025_MES_729662_1,[ADDN ALTN TO ROAD AND OTHER CONNECTED WORKS AT HAPPY VALLEY SHILLONG UNDER GE SHILLONG],06-Sep-2025 03:00 PM,E-IN-C BRANCH - MILITARY ENGINEER SERVICES||CE EC AND CE SHILLONG ZONE - MES,16-Oct-2025 06:00 PM,https://defproc.gov.in/nicgep/app?component=%24DirectLink&page=FrontEndLatestActiveCorrigendums&service=direct&session=T&sp=SEDikAi%2FckLN243UvmeSUFw%3D%3D
1124,2025_MES_728483_1,"[Provn of Md Accn for Master Gazetted, Assistant Masters/Hostel Supdt at RMS Dholpur]",29-Aug-2025 06:50 PM,E-IN-C BRANCH - MILITARY ENGINEER SERVICES||CE SWC AND CE JAIPUR JAIPUR - MES,13-Oct-2025 06:00 PM,https://defproc.gov.in/nicgep/app?component=%24DirectLink&page=FrontEndLatestActiveCorrigendums&service=direct&session=T&sp=SK%2Ba9mHchDQijCURlNrN5xQ%3D%3D
1125,2025_MES_724454_1,[REPAIR TO ROOF TREATMENT 	AND SUNKEN PORTION IN OTM AND MARRIED ACCN IN THE AREA OF AGE B R I UNDER GE WEST JALANDHAR CANTT],18-Sep-2025 06:00 PM,E-IN-C BRANCH - MILITARY ENGINEER SERVICES||CE WC AND CE JALANDHAR ZONE - MES||CWE JALANDHAR - MES,16-Oct-2025 06:00 PM,https://etender.up.nic.in/nicgep/app?component=%24DirectLink_0&page=FrontEndAdvancedSearchResult&service=direct&session=T&sp=SxdlOpDj3fVHmD2O76f0u9w%3D%3D
1126,2025_MES_730087_1,[PROVN OF COVERED SHED OVER ENTRANCE GATE AT TCP-II OF FAZILKA MIL STN.],10-Sep-2025 09:00 AM,E-IN-C BRANCH - MILITARY ENGINEER SERVICES||CE SWC AND CE BATHINDA ZONE - MES||CWE GANGANAGAR - MES||GE ABOHAR -  MES,03-Oct-2025 06:00 PM,https://defproc.gov.in/nicgep/app?component=%24DirectLink&page=FrontEndLatestActiveCorrigendums&service=direct&session=T&sp=SgsyzwUUUwzebBYDBVEjX9Q%3D%3D
1127,2025_MES_719405_3,[REPAIR AND MAINT OF SECURITY LIGHT  STREET LIGHT  AND REPAIR AND MAINT OF CENTRIFUGAL PUMP SETS  SUBMERSIBLE PUMP ETC AND REPAIR AND MAINT OF DG SETS AND CONNECTED WORKS  AT SILA GRN  UNDER AGE REASI  OF  GE NAGROTA],08-Sep-2025 03:00 PM,E-IN-C BRANCH - MILITARY ENGINEER SERVICES||CE NC AND CE UDHAMPUR ZONE - MES||CWE NAGROTA - MES||GE NAGROTA - MES,02-Oct-2025 06:00 PM,https://defproc.gov.in/nicgep/app?component=%24DirectLink&page=FrontEndLatestActiveCorrigendums&service=direct&session=T&sp=SgV0Z4gBzeRPgjL2FUZVaoA%3D%3D
1128,2025_MES_731842_1,[ADDITION / ALTERATION TO EXISTING AGNIVEER LIVING BUILDING AND AGNIVEERS INSTRS BLOCK TO INCL SPL REPAIRS TO EXISTING BATHROOM BLOCKS AND TOILETS AT MARATHA LIRC BELAGAVI UNDER GE BELAGAUM],20-Sep-2025 05:00 PM,E-IN-C BRANCH - MILITARY ENGINEER SERVICES||ADG (PROJECTS) CHENNAI AND CE CHENNAI ZONE  - MES||CWE SECUNDERABAD No 2 - MES,18-Oct-2025 06:00 PM,https://etender.up.nic.in/nicgep/app?component=%24DirectLink_0&page=FrontEndAdvancedSearchResult&service=direct&session=T&sp=Syb%2Fl2HYVKosOHvYnnNx3WQ%3D%3D
1129,2025_MES_727969_1,[ADDITION / ALTERATION AND SPL REPAIR TO SWIMMING POOL AND ASSOSIATED BLDG UNDER GE (NORTH) BANGALORE],28-Aug-2025 09:00 AM,E-IN-C BRANCH - MILITARY ENGINEER SERVICES||CE SC AND CE CHENNAI ZONE  - MES||CWE (ARMY) BANGALORE - MES,02-Oct-2025 06:00 PM,https://defproc.gov.in/nicgep/app?component=%24DirectLink&page=FrontEndLatestActiveCorrigendums&service=direct&session=T&sp=SmcOSamu6NGPDIyZ1GvkxdA%3D%3D
1130,2025_MES_731298_1,"[REPAIR TO PCC COPING, KEYED POINTING, PLASTERING, FENCING WALKWAYS, INTERLOCKING TILES, PCC HARD STANDING, BOUNDARY WALL, ANGLE IRON, BARBED WIRE FENCING, CONCERTINA COIL, GATES AND OTHER B/R ITEMS AND CLEANING/REPAIRS OF UG SUMPS, OHT, AND WATER STO]",17-Sep-2025 11:15 AM,E-IN-C BRANCH - MILITARY ENGINEER SERVICES||ADG (CG AND PROJECT) CHENNAI AND CE (CG) GOA - MES||GE DAMAN - MES,10-Oct-2025 06:00 PM,https://etender.up.nic.in/nicgep/app?component=%24DirectLink_0&page=FrontEndAdvancedSearchResult&service=direct&session=T&sp=SLIj6%2FW0yGtTUdfwc8EZjIA%3D%3D
1131,2025_MES_731273_1,"[REPAIRS/ REPLACEMENT OF INTERNAL ELECT, DB, SUBMAIN WIRING, FLAME PROOF LIGHT/ FAN, LED HIGH BAY LIGHT, CEILING FAN, DESERT COOLER EARTHING AND PETTY REPAIRS/ DAY TO DAY MAINT AT OLD DARJIPURA, OTM AND TECHNICAL ACCN AT AFS DARJIPURA, HARNI CAMP AND ]",17-Sep-2025 11:00 AM,E-IN-C BRANCH - MILITARY ENGINEER SERVICES||CE SWC AND CE (AF) GANDHINAGAR - MES||CWE (AF) CHILODA - MES||GE (AF) BARODA - MES,08-Oct-2025 06:00 PM,https://etender.up.nic.in/nicgep/app?component=%24DirectLink_0&page=FrontEndAdvancedSearchResult&service=direct&session=T&sp=S4fo7ZEgkpOoBDJ52IqoWMQ%3D%3D
1132,2025_DRDO_700397_2,[Fabrication of HVPT-Mk-4 and Mk-5],04-Aug-2025 05:30 PM,Department of Defence Research and Development||Defence Research and Development Organisation||DFMM||Office of DG (MSS)||TBRL,15-Oct-2025 10:00 AM,https://defproc.gov.in/nicgep/app?component=%24DirectLink&page=FrontEndLatestActiveCorrigendums&service=direct&session=T&sp=S5IyfIhzM5vh82DDrCFxV%2BA%3D%3D
1133,2025_MES_728626_1,[PERIODICAL SERVICES AND OTHER ALLIED WORKS AT MD ACCN AND OTM ACCN AT U AREA UNDER AGE BR I OF GE SUKNA],08-Sep-2025 06:00 PM,E-IN-C BRANCH - MILITARY ENGINEER SERVICES||CE EC AND CE SILIGURI ZONE - MES||CWE BENGDUBI - MES||GE SUKNA - MES,30-Sep-2025 06:00 PM,https://defproc.gov.in/nicgep/app?component=%24DirectLink&page=FrontEndLatestActiveCorrigendums&service=direct&session=T&sp=SikL5pVSHLh6TfRQpXlbUgQ%3D%3D
1134,2025_MES_730970_1,[REPAIRS TO CERTAIN ROADS IN TECHNICAL AREA ZONE-I AND ZONE-II AT RCI HYDERABAD UNDER GE I RND RCI HYDERABAD],15-Sep-2025 05:00 PM,E-IN-C BRANCH - MILITARY ENGINEER SERVICES||ADG (OF and DRDO) AND CE (R and D) SECUNDERABAD - MES||GE (I) RND RCI HYDERABAD - MES,06-Oct-2025 06:00 PM,https://defproc.gov.in/nicgep/app?component=%24DirectLink&page=FrontEndLatestActiveCorrigendums&service=direct&session=T&sp=SvTXNpxpfXYlVc9Qb5Bs04A%3D%3D
1135,2025_MES_723067_2,[PROVN OF CANTILEVER PARKING AT RHA  COMPLEX AT UMROI MIL STN UNDER GE UMROI],13-Sep-2025 11:45 AM,E-IN-C BRANCH - MILITARY ENGINEER SERVICES||CE EC AND CE SHILLONG ZONE - MES||CWE Shillong - MES||GE (P) SHILLONG  - MES,04-Oct-2025 04:00 PM,https://defproc.gov.in/nicgep/app?component=%24DirectLink&page=FrontEndLatestActiveCorrigendums&service=direct&session=T&sp=Sdj%2FK%2BaoLPThUK3VCMdFNwg%3D%3D
1136,2025_MES_730441_1,"[CA NO. GE/K-68/2025-26 - TERM CONTRACT FOR DIFFERENT ARTIFICER WORK IN VARIOUS UNITS AT KAKSAR, CHHANIGUND, HARDAS AND APATI UNDER GE KARGIL]",11-Sep-2025 06:00 PM,E-IN-C BRANCH - MILITARY ENGINEER SERVICES||CE NC AND CE LEH ZONE - MES||CWE KUMBATHANG - MES||GE KARGIL - MES,13-Oct-2025 06:00 PM,https://defproc.gov.in/nicgep/app?component=%24DirectLink&page=FrontEndLatestActiveCorrigendums&service=direct&session=T&sp=SqantRvGJ8TswvSBIw2sqEQ%3D%3D
1137,2025_MES_726383_2,[NIT No GE/ND-66/2025-26	],12-Sep-2025 04:00 PM,E-IN-C BRANCH - MILITARY ENGINEER SERVICES||CE WC and CE DELHI ZONE-MES||CWE NEW DELHI-MES||GE NEW DELHI-MES,01-Oct-2025 06:00 PM,https://defproc.gov.in/nicgep/app?component=%24DirectLink&page=FrontEndLatestActiveCorrigendums&service=direct&session=T&sp=SU7H%2FIxmrWTNheRrlmymJ2Q%3D%3D
1138,2025_MES_730709_1,[REPAIR MAINTENANCE LT PANELS LT CABLE MCCBs DBs AND CONNECTED ITEMS AT SERVICE CENTRE NO 01 AND 02 OF PHASE 1 AREA AT DRDO RESIDENTIAL COMPLEX UNDER GE I R AND D WEST BENGALURU],13-Sep-2025 05:00 PM,E-IN-C BRANCH - MILITARY ENGINEER SERVICES||ADG (OF and DRDO) AND CE (R and D) SECUNDERABAD - MES||GE (I) RND (W) BANGALORE - MES||GE (I) RND (W) BANGALORE - MES,20-Oct-2025 06:00 PM,https://defproc.gov.in/nicgep/app?component=%24DirectLink&page=FrontEndLatestActiveCorrigendums&service=direct&session=T&sp=SUlUExFElBVC8jX9gjS9OyQ%3D%3D
1139,2025_MES_732650_1,"[SPECIAL REPAIRS  TO BUILDING NO P-08 AT SSB (KOL), DIAMOND HARBOUR UNDER GE (I) (CGN) KOLKATA]",25-Sep-2025 06:00 PM,E-IN-C BRANCH - MILITARY ENGINEER SERVICES||ADG (Projects) and CE (CG) Visakhapatnam - MES||GE (I) (CG and P) Kolkata - MES,16-Oct-2025 06:00 PM,https://etender.up.nic.in/nicgep/app?component=%24DirectLink_0&page=FrontEndAdvancedSearchResult&service=direct&session=T&sp=S461aUiddQX15TjYP6Qhx2Q%3D%3D
1140,2025_MES_728911_1,[REPAIR/ REPLACEMENT OF UNSV SUMMER/ WINTER APPLIANCES AND OLD VINTAGE WIRING AND CONNETED WKS AT MIL STN RATNUCHAK],02-Sep-2025 06:00 PM,E-IN-C BRANCH - MILITARY ENGINEER SERVICES||CE WC AND CE PATHANKOT ZONE - MES||CWE JAMMU - MES||GE KALUCHAK - MES,16-Oct-2025 06:00 PM,https://defproc.gov.in/nicgep/app?component=%24DirectLink&page=FrontEndLatestActiveCorrigendums&service=direct&session=T&sp=SoE3BEsp3eGL0mZ7%2BVtpQ2g%3D%3D
1141,2025_IAF_725505_1,[PROCUREMENT OF SPARES FOR SU-30MKI AIRCRAFT],11-Aug-2025 05:00 PM,Indian Air Force||AOM NEW DELHI - IAF||ACAS (Procurement) - IAF||D Procurement - IAF,06-Nov-2025 03:00 PM,https://defproc.gov.in/nicgep/app?component=%24DirectLink&page=FrontEndLatestActiveCorrigendums&service=direct&session=T&sp=SEwYwCi%2BmstrNaPSC8GCheA%3D%3D
1142,2025_MES_728897_1,"[REPAIR / MAINT OF LT EXTERNAL ELECTRIC POWER TRANSMISSION SYSTEM,  CONTROL PANEL , CEILING FAN ,WALL MOUNTED FAN, DG SET, AMF PANEL , SUMMER APPLIANCES AND OTHER ALLIED ELECTRICAL WORKS AT SITE P THANE UNDER GE(AF)THANE]",02-Sep-2025 12:55 PM,E-IN-C BRANCH - MILITARY ENGINEER SERVICES||CE SWC AND CE (AF) GANDHINAGAR - MES||CWE (AF) LOHOGAON - MES||GE (AF) THANE - MES,29-Sep-2025 06:00 PM,https://defproc.gov.in/nicgep/app?component=%24DirectLink&page=FrontEndLatestActiveCorrigendums&service=direct&session=T&sp=S4yHE%2B8vryzma84io4gUgUw%3D%3D
1143,2025_MES_727153_1,[SPECIAL REPAIR TO ROAD IN GE OFFICE COMPLEX AND PET PL ASC UNDER GE MISSASMARI],21-Aug-2025 06:55 PM,E-IN-C BRANCH - MILITARY ENGINEER SERVICES||CE EC AND CE SILIGURI ZONE - MES||CWE TENGA - MES,29-Sep-2025 06:00 PM,https://defproc.gov.in/nicgep/app?component=%24DirectLink&page=FrontEndLatestActiveCorrigendums&service=direct&session=T&sp=SyXoh%2FftREwyWm65uCGHrgw%3D%3D
1144,2025_IAF_727869_1,[PROCUREMENT OF MI-SERIES HELICOPTER SPARES],26-Aug-2025 05:00 PM,Indian Air Force||AOM NEW DELHI - IAF||ACAS (Procurement) - IAF||D Procurement - IAF,23-Oct-2025 03:00 PM,https://etender.up.nic.in/nicgep/app?component=%24DirectLink_0&page=FrontEndAdvancedSearchResult&service=direct&session=T&sp=SzIcUtwQb4B4DkSf3%2FMWgtA%3D%3D
1145,2025_MES_727930_1,[COMPREHENSIVE MAINT AND PETTY REPAIR AND INTERNAL ELECTRIFICATION FITTING AND FIXTURE AND ALL CONNECTED ITEMS AT COD INSIDE AND OUTSIDE UNDER GE (I) KANPUR],26-Aug-2025 05:00 PM,E-IN-C BRANCH - MILITARY ENGINEER SERVICES||CE CC AND CE LUCKNOW ZONE - MES||CWE KANPUR - MES||GE MES KANPUR - MES,29-Sep-2025 06:00 PM,https://defproc.gov.in/nicgep/app?component=%24DirectLink&page=FrontEndLatestActiveCorrigendums&service=direct&session=T&sp=Sdltbrq6sTkmANfpnGn8lCQ%3D%3D
1146,2025_MES_731497_1,"[Special repairs for renewal of old/ obsolete earthing with maintenance free chemical earthing and allied works for E/M equipments, certain minor works under GE Dehradun.]",18-Sep-2025 06:00 PM,E-IN-C BRANCH - MILITARY ENGINEER SERVICES||CE CC AND CE BAREILLY ZONE - MES||CWE DEHRADUN - MES||GE DEHRADUN - MES,09-Oct-2025 06:00 PM,https://etender.up.nic.in/nicgep/app?component=%24DirectLink_0&page=FrontEndAdvancedSearchResult&service=direct&session=T&sp=SrzEaLOHX4jvJbXDBX%2BIU6w%3D%3D
1147,2025_MES_729236_1,"[REPAIR TO JOINERY, FLOORING, PLUMBING, SANITARY FITTINGS, SUNKEN FLOOR AND CERTAIN B/R WORKS IN OTM ACCN AT CAMERO COMPLEX AT SUBROTO PARK AND INTERNAL/ EXTERNAL PERIODICAL SERVICE (SMART PERIODICAL) OF CAMERO COMPLEX AT AF STATION SUBROTO PARK]",03-Sep-2025 06:00 PM,E-IN-C BRANCH - MILITARY ENGINEER SERVICES||CE WC and CE(AF) WAC PALAM-MES||CWE (AF) Palam-MES||GE (AF) Subroto Park-MES,01-Oct-2025 06:00 PM,https://defproc.gov.in/nicgep/app?component=%24DirectLink&page=FrontEndLatestActiveCorrigendums&service=direct&session=T&sp=SaYumU5aJDlLuk21HtBdhDg%3D%3D
1148,2025_MES_731084_1,[REPAIR REPLACEMENT  SEWAGE LINE CLEANING DRAINAGE AND CULVERT AND REPAIR MANHOLES CHAMBERS SOAKAGE WELL DESLUDGING OF SEPTIC TANK  SOAKAGE WELL FOR KANJOLI LINE AND DAYAL BAGH AT BHARATPUR MIL STN],15-Sep-2025 06:50 PM,E-IN-C BRANCH - MILITARY ENGINEER SERVICES||CE SWC AND CE JAIPUR JAIPUR - MES||CWE JAIPUR - MES||GE BHARATPUR - MES,06-Oct-2025 06:00 PM,https://etender.up.nic.in/nicgep/app?component=%24DirectLink_0&page=FrontEndAdvancedSearchResult&service=direct&session=T&sp=SbswBrbgtWxDfAoCVpZJFmg%3D%3D
1149,2025_MES_730996_1,[PROVN OF SHELTER WITH HARDSTANDING FOR SPECIALIST VEHICLE AND PROVN OF FOOTPATH AT VARIOUS LOCATIONS UNDER AGE BR II OF GE BENGDUBI],15-Sep-2025 06:50 PM,E-IN-C BRANCH - MILITARY ENGINEER SERVICES||CE EC AND CE SILIGURI ZONE - MES||CWE BENGDUBI - MES||GE BENGDUBI - MES,06-Oct-2025 06:00 PM,https://defproc.gov.in/nicgep/app?component=%24DirectLink&page=FrontEndLatestActiveCorrigendums&service=direct&session=T&sp=Svo6%2FSuVKWcLwRWHjkFLdpQ%3D%3D
1150,2025_MES_702003_5,[SPL REPAIR AND ADDN ALTN OF BLDG NO. P 1 HANGER BY INSTALLATION OF 04 X HYDRAULIC OPERATED MANUAL SYS FOR OPENING AND CLOSING DOORS OF HANGER UNDER GE DINJAN],27-Aug-2025 12:00 PM,E-IN-C BRANCH - MILITARY ENGINEER SERVICES||CE EC AND CE SHILLONG ZONE - MES||CWE Dinjan - MES,30-Sep-2025 06:00 PM,https://defproc.gov.in/nicgep/app?component=%24DirectLink&page=FrontEndLatestActiveCorrigendums&service=direct&session=T&sp=Sk4GkShS5PcxmkxXw7T3mtw%3D%3D
1151,2025_MES_729811_1,[COMPREHENSIVE MAINT INCL E/M MAINTENANCE IN MD AND OTM ACCN IN ZONE A AT MIL STN GAYA ],08-Sep-2025 01:45 PM,E-IN-C BRANCH - MILITARY ENGINEER SERVICES||CE CC AND CE JABALPUR ZONE - MES||CWE RANCHI - MES||GE (P) GAYA - MES,29-Sep-2025 06:00 PM,https://defproc.gov.in/nicgep/app?component=%24DirectLink&page=FrontEndLatestActiveCorrigendums&service=direct&session=T&sp=SbZehQ9aIYrN%2Bfdr3dmr%2FUg%3D%3D
1152,2025_MES_729308_1,[8125/SAR-T-52/2025-26 REPAIR AND MAINT OF DG SETS AT AF STN SARSAWA UNDER GE (AF) SARSAWA ],04-Sep-2025 05:00 PM,E-IN-C BRANCH - MILITARY ENGINEER SERVICES||CE WC and CE(AF) WAC PALAM-MES||CWE (AF) Ambala-MES||GE (AF) Sarsawa-MES,03-Oct-2025 06:00 PM,https://defproc.gov.in/nicgep/app?component=%24DirectLink&page=FrontEndLatestActiveCorrigendums&service=direct&session=T&sp=SB8YWYY3ENUtN2rwU%2F7rrGA%3D%3D
1153,2025_MES_728807_1,"[REPAIR/MAINT OF LT OH LINE/ UG CABLE, LT PANELS, GEN SERVICING OF STANDBY GEN SET AT EM INSTALLATIONS AND OTHER CONNECTED WORKS AT ABOHAR AND FAZILKA MIL STN]",01-Sep-2025 06:00 PM,E-IN-C BRANCH - MILITARY ENGINEER SERVICES||CE SWC AND CE BATHINDA ZONE - MES||CWE GANGANAGAR - MES,29-Sep-2025 06:00 PM,https://defproc.gov.in/nicgep/app?component=%24DirectLink&page=FrontEndLatestActiveCorrigendums&service=direct&session=T&sp=SviAKbLg6s81EzE2uudX4JQ%3D%3D
1154,2025_MES_729893_1,[SPL REPAIR TO BLDG NO T 65 AND T 126 OF C ZONE AT RMS ADDN ALTN OF BLDG NO BT 31 IN A ZONE AT RMS],09-Sep-2025 09:00 AM,E-IN-C BRANCH - MILITARY ENGINEER SERVICES||CE EC AND CE SHILLONG ZONE - MES||CWE HQ 137 WE - MES||GE 868 EWS - MES,04-Oct-2025 06:00 PM,https://defproc.gov.in/nicgep/app?component=%24DirectLink&page=FrontEndLatestActiveCorrigendums&service=direct&session=T&sp=SNTEz8RXXzSTcY59nVXOEaw%3D%3D
1155,2025_MES_728761_1,[REPAIR TO JOINERY PLUMBING FLOORING AND OTHER MISC BR REPAIRS IN OTM AND MD ACCN OF PRTC TA BN UNDER GE NORTH BANGALORE],01-Sep-2025 04:00 PM,E-IN-C BRANCH - MILITARY ENGINEER SERVICES||CE SC AND CE CHENNAI ZONE  - MES||CWE (ARMY) BANGALORE - MES||GE(NORTH) BANGALORE - MES,29-Sep-2025 06:00 PM,https://defproc.gov.in/nicgep/app?component=%24DirectLink&page=FrontEndLatestActiveCorrigendums&service=direct&session=T&sp=S4b13mpQuR4JE%2BOROCQSz%2BA%3D%3D
1156,2025_MES_731471_1,"[REPAIR/ MAINTENANCE OF 33 KV/ 11 KV OUTDOOR SWITCHYARD, TRANSFORMERS, HT SWITCH GEAR, HT UG CABLE/ OH LINE AND ALLIED WORKS IN DIPATOLI MIL STN UNDER GE DIPATOLI]",18-Sep-2025 06:00 PM,E-IN-C BRANCH - MILITARY ENGINEER SERVICES||CE CC AND CE JABALPUR ZONE - MES||CWE RANCHI - MES,09-Oct-2025 06:00 PM,https://etender.up.nic.in/nicgep/app?component=%24DirectLink_0&page=FrontEndAdvancedSearchResult&service=direct&session=T&sp=SdCS3n4mozUmiyrGRuox2%2FA%3D%3D
1157,2025_MES_729535_1,[PROVN OF LIFT AT BLDG NO P-130 AT HQ CENTRAL COMMAND UNDER GE (EAST) LUCKNOW],04-Sep-2025 06:50 PM,E-IN-C BRANCH - MILITARY ENGINEER SERVICES||CE CC AND CE LUCKNOW ZONE - MES||CWE LUCKNOW - MES,10-Oct-2025 06:00 PM,https://defproc.gov.in/nicgep/app?component=%24DirectLink&page=FrontEndLatestActiveCorrigendums&service=direct&session=T&sp=SiolKLj90Zqz4LrxFo9MGQA%3D%3D
1158,2025_MES_726627_1,[AUGMENTATION INCL RENEWAL UPGRADATION OF WATER SUPPLY PIPELINE AT ZONE -2 AT MORAR CANTT GWALIOR ],19-Aug-2025 06:00 PM,E-IN-C BRANCH - MILITARY ENGINEER SERVICES||CESC AND CE BHOPAL ZONE  - MES,13-Oct-2025 06:00 PM,https://defproc.gov.in/nicgep/app?component=%24DirectLink&page=FrontEndLatestActiveCorrigendums&service=direct&session=T&sp=SZm%2F5oClTk%2FfboiO9g6GXkQ%3D%3D
1159,2025_MES_723588_2,[REPAIR / MAINT OF EXTERNAL WATER SUPPLY SYSTEM EAST THE MALL ROAD UNDER GE (W) JRC],11-Sep-2025 04:00 PM,E-IN-C BRANCH - MILITARY ENGINEER SERVICES||CE WC AND CE JALANDHAR ZONE - MES||CWE JALANDHAR - MES||GE (WEST) JALANDHAR CANTT - MES,30-Sep-2025 06:00 PM,https://defproc.gov.in/nicgep/app?component=%24DirectLink&page=FrontEndLatestActiveCorrigendums&service=direct&session=T&sp=SN6Qel39%2FJk5DZfwKJYzD%2Bw%3D%3D
1160,2025_MES_731835_1,[ADDITION/ALTERATION AND SPECIAL REPAIRS TO MAIN OFFICE BUILDINGS FOR AGNIVEER RECORDS AT THE MARATHA LIRC BELAGAVI UNDER GE BELGAUM],20-Sep-2025 05:00 PM,E-IN-C BRANCH - MILITARY ENGINEER SERVICES||ADG (PROJECTS) CHENNAI AND CE CHENNAI ZONE  - MES||CWE SECUNDERABAD No 2 - MES,18-Oct-2025 06:00 PM,https://etender.up.nic.in/nicgep/app?component=%24DirectLink_0&page=FrontEndAdvancedSearchResult&service=direct&session=T&sp=SYefo%2B2KhWgwFbHxJk82U7g%3D%3D
1161,2025_MES_729324_1,[GE/Token-49/2025-26 ],04-Sep-2025 06:00 PM,E-IN-C BRANCH - MILITARY ENGINEER SERVICES||CE WC and CE DELHI ZONE-MES||CWE DELHI CANTT-MES||GE (CENTRAL) DELHI CANTT-MES,02-Oct-2025 06:00 PM,https://etender.up.nic.in/nicgep/app?component=%24DirectLink_0&page=FrontEndAdvancedSearchResult&service=direct&session=T&sp=SHJm0zg7TAqmfPH9ZSksyGg%3D%3D
1162,2025_ARMY_727405_1,[8076/25-26 SUPPLY AND CONSTRUCTION OF FD WATER SUPPLY SCHEME ],23-Aug-2025 09:00 AM,IHQ of MoD (Army)-(OSCC)||Northern Comd-IHQ of MoD (Army)-(OSCC)||CORPS 1-Northern Comd-IHQ of MoD (Army)-(OSCC)||ENGR UNIT 1-IHQ of MoD (Army),01-Oct-2025 12:00 PM,https://defproc.gov.in/nicgep/app?component=%24DirectLink&page=FrontEndLatestActiveCorrigendums&service=direct&session=T&sp=S%2FLvnPQ8JexdhdJwlef8%2FUw%3D%3D
1163,2025_DRDO_725785_1,[Nosecap Motors and Wing Gas Generator Hardware],12-Aug-2025 04:00 PM,Department of Defence Research and Development||Defence Research and Development Organisation||DFMM||Office of DG (MSS)||PJ-10,06-Oct-2025 11:00 AM,https://defproc.gov.in/nicgep/app?component=%24DirectLink&page=FrontEndLatestActiveCorrigendums&service=direct&session=T&sp=SCczg5IGRAs1zAyRAhhkjVg%3D%3D
1164,2025_MES_733074_1,[3006/B/68/E3],27-Sep-2025 05:00 PM,E-IN-C BRANCH - MILITARY ENGINEER SERVICES||CE WC and CE DELHI ZONE-MES||CWE (U) DELHI CANTT-MES||GE(U)ELECTRIC SUPPLY DELHI CANTT-MES,03-Oct-2025 10:00 AM,https://etender.up.nic.in/nicgep/app?component=%24DirectLink_0&page=FrontEndAdvancedSearchResult&service=direct&session=T&sp=SqrrTY1VTHAgL%2FcQjDoEv0Q%3D%3D
1165,2025_MES_732481_1,[SPL REPAIR TO BLDG NO P-124(ORs MD ACCN) AT UMROI MIL STN UNDER GE UMROI],24-Sep-2025 04:00 PM,E-IN-C BRANCH - MILITARY ENGINEER SERVICES||CE EC AND CE SHILLONG ZONE - MES||CWE Shillong - MES||GE (P) SHILLONG  - MES,15-Oct-2025 06:00 PM,https://etender.up.nic.in/nicgep/app?component=%24DirectLink_0&page=FrontEndAdvancedSearchResult&service=direct&session=T&sp=S%2FSNyeNEZhAJ%2B%2BkPmXM%2BmbQ%3D%3D
1166,2025_MES_731650_1,"[REPAIR/REPLACEMENT AND POLISHING TO WOODEN AND STEEL FURNITURE, RECANNING OF CHAIRS, CONVERSION OF NEWAR INTO HARD TOP AND OTHER MISC WORKS AT AF STN DADRI, AT AF STN FARIDABAD AND AT AF STN AASTHA COMPLEX,  5 AFLU UNDER AOR OF GE (AF) FARIDABAD]",19-Sep-2025 06:00 PM,E-IN-C BRANCH - MILITARY ENGINEER SERVICES||CE WC and CE(AF) WAC PALAM-MES||CWE (AF) GURGAON - MES||GE (AF) FARIDABAD - MES,03-Oct-2025 06:00 PM,https://etender.up.nic.in/nicgep/app?component=%24DirectLink_0&page=FrontEndAdvancedSearchResult&service=direct&session=T&sp=SuleVTX27%2FpdZRRpVA62kUA%3D%3D
1167,2025_MES_729702_1,"[REP/REPLACEMENT/MAINT OF LT CABLE, TRANSFORMERS, SWITCHGEAR AND EARTHING AT KHUMBATHANG , HT DISTRIBUTION NETWORK INCL ACSR CONDUCTOR, POLES, INSULATORS, GODS, CONNECTED ACCESSORIES FROM PDD SUB STN KHALTSI TO LAMAYURU MIL AREA UNDER GE KHUMBATHANG]",06-Sep-2025 04:00 PM,E-IN-C BRANCH - MILITARY ENGINEER SERVICES||CE NC AND CE LEH ZONE - MES||CWE KUMBATHANG - MES,01-Oct-2025 06:00 PM,https://defproc.gov.in/nicgep/app?component=%24DirectLink&page=FrontEndLatestActiveCorrigendums&service=direct&session=T&sp=SWX32o5c2WUjEAToB0pVmTA%3D%3D
1168,2025_MES_730238_1,[REPAIR/MAINT OF HT/LT NETWORK AND ALLIED WORKS UNDER GE (A) JAISALMER AT MIL STN JAISALMER. (CPP SERIAL No. 73)],10-Sep-2025 06:00 PM,E-IN-C BRANCH - MILITARY ENGINEER SERVICES||CESC AND CE JODHPUR ZONE - MES||CWE JAISALMER - MES,06-Oct-2025 06:00 PM,https://defproc.gov.in/nicgep/app?component=%24DirectLink&page=FrontEndLatestActiveCorrigendums&service=direct&session=T&sp=SpfKtV4BLiWm3ElE83fBUHg%3D%3D
1169,2025_MES_729137_1,[REPLACEMENT OF LIFTS AT HEMRL AND ARDE LAB AGAINST BER UNDER GE I RND PASHAN],03-Sep-2025 06:00 PM,E-IN-C BRANCH - MILITARY ENGINEER SERVICES||ADG (OF and DRDO) AND CE (R and D) SECUNDERABAD - MES,08-Oct-2025 06:00 PM,https://defproc.gov.in/nicgep/app?component=%24DirectLink&page=FrontEndLatestActiveCorrigendums&service=direct&session=T&sp=SSE8Aqa4fEEw1Sw8LHzN9uQ%3D%3D
1170,2025_MES_731782_1,[SPECIAL REPAIRS FOR REPLACEMENT OF OLD UNSERVICEABLE BER LIFT AT SAUW SATAVAHANA UNDER AGE E/M NO. I OF GE (U-I) VISAKHAPATNAM],19-Sep-2025 06:00 PM,E-IN-C BRANCH - MILITARY ENGINEER SERVICES||CE EC AND CE (NAVY) VIZAG - MES||CWE VISAKHAPATNAM - MES,17-Oct-2025 06:00 PM,https://etender.up.nic.in/nicgep/app?component=%24DirectLink_0&page=FrontEndAdvancedSearchResult&service=direct&session=T&sp=SWak12L%2FG3kTzmmzfV84a1w%3D%3D
1171,2025_MES_728992_1,[REPAIR/ REPLACEMENT TO CHEMICAL EARTHING PIPE/ PLATE EARTHING AT VARIOUS PLACES IN BHDC AND NEW OPD COMPLEX UNDER GE (EAST) DELHI CANTT-10],02-Sep-2025 06:00 PM,E-IN-C BRANCH - MILITARY ENGINEER SERVICES||CE WC and CE DELHI ZONE-MES||CWE DELHI CANTT-MES||GE (EAST) DELHI CANTT-MES,30-Sep-2025 06:00 PM,https://defproc.gov.in/nicgep/app?component=%24DirectLink&page=FrontEndLatestActiveCorrigendums&service=direct&session=T&sp=S5Fmr4tEU23lsX2y4lJcJoQ%3D%3D
1172,2025_MES_729404_1,[REPAIR MAINTENANCE AND IMPROVEMENT OF LT PANEL INCLUDING LT SWITCH GEAR EARTHING TIMER PANEL LT POLES POLE BOX OUTDOOR STREET LIGHTS FLOOD LIGHTS AREA LIGHTS LT DISTRIBUTION NETWORK AND CONNECTED ITEMS AT 25 WEU RECEIVER TRANSMITTER NIRBHAY VIHAR],04-Sep-2025 04:00 PM,E-IN-C BRANCH - MILITARY ENGINEER SERVICES||CE CC AND CE LUCKNOW ZONE - MES||CWE LUCKNOW - MES||GE(E/M)LUCKNOW - MES,02-Oct-2025 06:00 PM,https://defproc.gov.in/nicgep/app?component=%24DirectLink&page=FrontEndLatestActiveCorrigendums&service=direct&session=T&sp=SXvD33YsgirQ%2BvpVfu%2BitOw%3D%3D
1173,2025_MES_715203_1,[ADDN/ALTN TO CERTAIN INFRASTRUCTURE (CENTRAL AIRCONDITIONING) AT AF STN NALIYA],18-Jun-2025 02:00 PM,E-IN-C BRANCH - MILITARY ENGINEER SERVICES||CE SWC AND CE (AF) GANDHINAGAR - MES||CWE (AF) BHUJ - MES,22-Oct-2025 06:00 PM,https://defproc.gov.in/nicgep/app?component=%24DirectLink&page=FrontEndLatestActiveCorrigendums&service=direct&session=T&sp=ScSprQXeIGLWfriijaqjmqQ%3D%3D
1174,2025_MES_729131_1,[COMPREHENSIVE MAINT WORK AND ATT IN ZONE - B IN TECH AREA AT AF STN SURATGARH ],03-Sep-2025 06:00 PM,E-IN-C BRANCH - MILITARY ENGINEER SERVICES||CE WC and CE(AF) WAC PALAM-MES||CWE (AF) Bikaner-MES||GE (AF) Suratgarh-MES,02-Oct-2025 06:00 PM,https://defproc.gov.in/nicgep/app?component=%24DirectLink&page=FrontEndLatestActiveCorrigendums&service=direct&session=T&sp=SH6tP2CMlHdixGXQ%2BI40pkA%3D%3D
1175,2025_MES_730569_1,[PROVN OF VIEW CUTTER AND ALLIED WORKS FOR CERTAIN PORTION OF PERIMETER WALL AT AF STN CHANDINAGAR UNDER AOR OF GE (AF) FARIDABAD],12-Sep-2025 06:00 PM,E-IN-C BRANCH - MILITARY ENGINEER SERVICES||CE WC and CE(AF) WAC PALAM-MES||CWE (AF) GURGAON - MES||GE (AF) FARIDABAD - MES,03-Oct-2025 06:00 PM,https://defproc.gov.in/nicgep/app?component=%24DirectLink&page=FrontEndLatestActiveCorrigendums&service=direct&session=T&sp=SlyRbu67ZLWvoW6woqgzwOg%3D%3D
1176,2025_MES_727720_2,"[REPAIR/REPLACEMENT AND PREVENTIVE MAINT OF 33/0.433 KV DISTRIBUTION NETWORK, TRANSFORMER, DEHYDRATION OF TRANSFORMER OIL, CALIBRATION OF RELAY VCBS AND OTHER CONNECTED WORKS AT DSCC UNDER GE DRONACHAL]",19-Sep-2025 04:40 PM,E-IN-C BRANCH - MILITARY ENGINEER SERVICES||CESC AND CE BHOPAL ZONE  - MES||CWE BHOPAL - MES,01-Oct-2025 06:00 PM,https://etender.up.nic.in/nicgep/app?component=%24DirectLink_0&page=FrontEndAdvancedSearchResult&service=direct&session=T&sp=SV%2BajTb4z5X0xmKCcnErRsw%3D%3D
1177,2025_MES_725458_1,"[PROVISION OF NEW OTM ACCN FOR ORs, COOK HOUSE AND DINNING HALL FOR ASC BATTALION AT SECUNDERBAD ]",11-Aug-2025 01:00 PM,E-IN-C BRANCH - MILITARY ENGINEER SERVICES||CE SC AND CE CHENNAI ZONE  - MES,29-Sep-2025 06:00 PM,https://defproc.gov.in/nicgep/app?component=%24DirectLink&page=FrontEndLatestActiveCorrigendums&service=direct&session=T&sp=SSqDiFpwKBTLj4S3pLBXI5w%3D%3D
1178,2025_MES_726388_1,[PROVN OF SECURITY WALL FOR VARIOUS  LOCATION AT RAJOURI],18-Aug-2025 03:00 PM,E-IN-C BRANCH - MILITARY ENGINEER SERVICES||CE NC AND CE UDHAMPUR ZONE - MES,02-Oct-2025 06:00 PM,https://defproc.gov.in/nicgep/app?component=%24DirectLink&page=FrontEndLatestActiveCorrigendums&service=direct&session=T&sp=SBq%2BZbQlCrOdpzNzwX%2B8aFA%3D%3D
1179,2025_MES_732038_1,[ADDN/ALTN TO GDCC BLDG AT SWAC AND BLDG NO P- 232 AT VSN CHILODA UNDER GE (AF) CHILODA],22-Sep-2025 06:00 PM,E-IN-C BRANCH - MILITARY ENGINEER SERVICES||CE SWC AND CE (AF) GANDHINAGAR - MES||CWE (AF) CHILODA - MES||GE (AF) CHILODA - MES,11-Oct-2025 06:00 PM,https://etender.up.nic.in/nicgep/app?component=%24DirectLink_0&page=FrontEndAdvancedSearchResult&service=direct&session=T&sp=S0rqG%2FMO1yP18dvVHmoWCvg%3D%3D
1180,2025_MES_730223_1,[REPAIR/MAINT OF HT/LT NETWORK AND ALLIED WORKS UNDER GE (A) JAISALMER AT MIL STN JAISALMER. (CPP SERIAL No. 70)],10-Sep-2025 06:00 PM,E-IN-C BRANCH - MILITARY ENGINEER SERVICES||CESC AND CE JODHPUR ZONE - MES||CWE JAISALMER - MES,06-Oct-2025 06:00 PM,https://defproc.gov.in/nicgep/app?component=%24DirectLink&page=FrontEndLatestActiveCorrigendums&service=direct&session=T&sp=Snx4QmpuzTTw9JC8umN1Vcw%3D%3D
1181,2025_MES_730510_1,[COMPREHENSIVE MAINTENANCE OF DG SETS OF CAPACITY UPTO 320 KVA INCLUDING CONNECTED REPAIRS WORKS OF AMF PANELS UG CABLES  SWITCH GEARS ETC  INSTALLED AT NPOL KOCHI AND UARF KULAMAVU AND RETROFITTING OF EMISSION CONTROL DEVICE RECD FOR DG SETS  ],12-Sep-2025 12:00 PM,E-IN-C BRANCH - MILITARY ENGINEER SERVICES||ADG (OF and DRDO) AND CE (R and D) SECUNDERABAD - MES||AGE (I) RND KOCHI - MES,03-Oct-2025 06:00 PM,https://defproc.gov.in/nicgep/app?component=%24DirectLink&page=FrontEndLatestActiveCorrigendums&service=direct&session=T&sp=S46IhW41wZ1076uYOF3X8bg%3D%3D
1182,2025_MES_728927_1,[CAMOUFLAGE PAINTING TO BUILDING IN TECHNICAL AREA PH II AT AF STN LEH UNDER GE AF LEH],02-Sep-2025 02:00 PM,E-IN-C BRANCH - MILITARY ENGINEER SERVICES||CE NC AND CE (AF) UDHAMPUR - MES||CWE (AF) Leh - MES||GE (AF) Leh- CWE (AF) Leh - MES,30-Sep-2025 06:00 PM,https://defproc.gov.in/nicgep/app?component=%24DirectLink&page=FrontEndLatestActiveCorrigendums&service=direct&session=T&sp=S7yRRsvsHxzZ57e23beFUXw%3D%3D
1183,2025_MES_729001_1,[8125/SAR-T-50/2025-26 SPECIAL REPAIR AGAINST BER COOLING APPLIANCES AND DG SET AND CERTAIN MINOR WORKS AT AF STN SARSAWA UNDER GE (AF) SARSAWA ],02-Sep-2025 05:00 PM,E-IN-C BRANCH - MILITARY ENGINEER SERVICES||CE WC and CE(AF) WAC PALAM-MES||CWE (AF) Ambala-MES||GE (AF) Sarsawa-MES,03-Oct-2025 06:00 PM,https://defproc.gov.in/nicgep/app?component=%24DirectLink&page=FrontEndLatestActiveCorrigendums&service=direct&session=T&sp=SYq0PIww7sTEkhasQ2oJDBg%3D%3D
1184,2025_MES_729155_1,"[REPAIR AND MAINTENANCE OF CI/ DI NETWORK OF PUMPING AND DISTRIBUTION PIPE LINES, SLUICE VALVES AND CONNECTED WORKS AT INS MANDOVI UNDER GE (P) NAVY MANDOVI]",03-Sep-2025 02:00 PM,E-IN-C BRANCH - MILITARY ENGINEER SERVICES||CESC AND CE( NAVY )MUMBAI - MES||CWE NAVY VASCO - MES||GE (P) (NAVY) MANDOVI - MES,02-Oct-2025 06:00 PM,https://defproc.gov.in/nicgep/app?component=%24DirectLink&page=FrontEndLatestActiveCorrigendums&service=direct&session=T&sp=SjkgEQ3DpYPPIwahPc%2Flx1g%3D%3D
1185,2025_MES_731119_1,"[SPL REPAIR TO BLDG NO P-71 AND P-212 (SINGLE JCOS LIVING) AND ADDN/ALTN OF SEWAGE LINE FOR ALL COOK HOUSES, OTM ACCN AND MISC RELATED WORKS OF 20 SIKH AT BHAGAT LINE UNDER AGE B/R-IV AND AGE E/M-II OF GE (SOUTH) MEERUT CANTT]",16-Sep-2025 06:00 PM,E-IN-C BRANCH - MILITARY ENGINEER SERVICES||CE CC AND CE BAREILLY ZONE - MES||CWE No 2 MEERUT - MES||GE (SOUTH) MEERUT - MES,07-Oct-2025 06:00 PM,https://defproc.gov.in/nicgep/app?component=%24DirectLink&page=FrontEndLatestActiveCorrigendums&service=direct&session=T&sp=S%2BdFzOKjY9iL%2BJjjEVscYKA%3D%3D
1186,2025_MES_731969_1,[SPECIAL REPAIR REPLACEMENT OF UNSERVICEABLE VCBs AT MRS DARJIPURA AT AF STN VADODARA],20-Sep-2025 04:15 PM,E-IN-C BRANCH - MILITARY ENGINEER SERVICES||CE SWC AND CE (AF) GANDHINAGAR - MES||CWE (AF) CHILODA - MES,11-Oct-2025 06:00 PM,https://etender.up.nic.in/nicgep/app?component=%24DirectLink_0&page=FrontEndAdvancedSearchResult&service=direct&session=T&sp=SXKumFdzxxdZy%2B9aJYDiZqg%3D%3D
1187,2025_MES_729248_1,[PROVN OF TWO WHEELER PARKING SHED IN FRONT OF MILITARY MT AREA AND PROVN OF 02 X 1.5 TON SPLIT AC ALONGWITH ITS OUTDOOR UNITS AND VOLTAGE STABILIZER WITH NECESSARY ACCESSORIES AT SIGNAL CENTER AT  MIL STN AGARTALA],03-Sep-2025 06:00 PM,E-IN-C BRANCH - MILITARY ENGINEER SERVICES||CE EC AND CE SHILLONG ZONE - MES||CWE HQ 137 WE - MES||AGE (I) AGARTALA -MES,01-Oct-2025 06:00 PM,https://defproc.gov.in/nicgep/app?component=%24DirectLink&page=FrontEndLatestActiveCorrigendums&service=direct&session=T&sp=SdEHb1M1Q5d8fwgZDi9qpUQ%3D%3D
1188,2025_MES_729592_1,[SPECIAL REPAIR TO EARTHING INFRASTRUCTURE  AND PROVN OF LOAD BANK FOR 22 KV LINE  AT AFS KANHERI HILL UNDER GE (AF) THANE],06-Sep-2025 10:30 AM,E-IN-C BRANCH - MILITARY ENGINEER SERVICES||CE SWC AND CE (AF) GANDHINAGAR - MES||CWE (AF) LOHOGAON - MES||GE (AF) THANE - MES,04-Oct-2025 06:00 PM,https://defproc.gov.in/nicgep/app?component=%24DirectLink&page=FrontEndLatestActiveCorrigendums&service=direct&session=T&sp=SVNYS3BUlAClfRuc0Qv9G%2Fg%3D%3D
1189,2025_MES_726995_1,[Repair/Maint of B/R and E/M works of 1/3 GR at Birpur under AGE B/R-II of GE Dehradun.],21-Aug-2025 06:00 PM,E-IN-C BRANCH - MILITARY ENGINEER SERVICES||CE CC AND CE BAREILLY ZONE - MES||CWE DEHRADUN - MES||GE DEHRADUN - MES,29-Sep-2025 06:00 PM,https://defproc.gov.in/nicgep/app?component=%24DirectLink&page=FrontEndLatestActiveCorrigendums&service=direct&session=T&sp=SL8phEh4pnCZQt90ZS%2FWeDw%3D%3D
1190,2025_MES_729595_1,[WELCOME MAINT OF VARIOUS MD ACCN FOR OFFCRS AND ASSOCIATED WORKS AT VARIOUS MD ACCN AF STN AMRITSAR],06-Sep-2025 12:00 PM,E-IN-C BRANCH - MILITARY ENGINEER SERVICES||CE WC and CE(AF) WAC PALAM-MES||CWE (AF) Chandigarh-MES||AGE (I) (AF) AMRITSAR - MES,04-Oct-2025 06:00 PM,https://defproc.gov.in/nicgep/app?component=%24DirectLink&page=FrontEndLatestActiveCorrigendums&service=direct&session=T&sp=SsSHhCcNhuX%2BPeOOBJhvm%2Bw%3D%3D
1191,2025_MES_729190_1,"[REPAIR / MAINT OF PERIMETER SECURITY LIGHT, LT CABLE , STREET LIGHT, EARTH PITS, LIGHTING CONDUCTOR AT AF STN DARBHANGA UNDER GE AF BIHTA.]",04-Sep-2025 12:00 PM,E-IN-C BRANCH - MILITARY ENGINEER SERVICES||CE CC AND CE (AF) ALLAHABAD - MES||CWE (AF) BAMRAULI ALLAHABAD - MES||GE (AF) BIHTA,30-Sep-2025 06:00 PM,https://defproc.gov.in/nicgep/app?component=%24DirectLink&page=FrontEndLatestActiveCorrigendums&service=direct&session=T&sp=SlZudauvPgkP%2BCmuFHnZFsg%3D%3D
1192,2025_IAF_722307_1,[PROCUREMENT OF SPARES FOR AN-32 AIRCRAFT],24-Jul-2025 05:00 PM,Indian Air Force||AOM NEW DELHI - IAF||ACAS (Procurement) - IAF||D Procurement - IAF,14-Oct-2025 03:00 PM,https://defproc.gov.in/nicgep/app?component=%24DirectLink&page=FrontEndLatestActiveCorrigendums&service=direct&session=T&sp=Skmc1CW205hNml70xGsf%2Fuw%3D%3D
1193,2025_MES_730444_1,[SPECIAL REPAIRS STREET LIGHT POLE OF DOMESTIC AREA AT AF STN THANJAVUR],11-Sep-2025 06:00 PM,E-IN-C BRANCH - MILITARY ENGINEER SERVICES||CESC AND CE (AF) BANGALORE - MES||CWE (AF) TRIVANDRUM - MES||GE (AF) TANJAVUR - MES,02-Oct-2025 06:00 PM,https://defproc.gov.in/nicgep/app?component=%24DirectLink&page=FrontEndLatestActiveCorrigendums&service=direct&session=T&sp=SHebfVFs5ENViNumYD27XEQ%3D%3D
1194,2025_MES_729295_1,"[REPAIR AND MAINTAIN OF CEILING FAN, EXHAUST FAN, WALL MOUNTED FAN AND CERTAIN MISC WORK UNDER GE (WEST) JABALPUR]",04-Sep-2025 12:00 PM,E-IN-C BRANCH - MILITARY ENGINEER SERVICES||CE CC AND CE JABALPUR ZONE - MES||CWE JABALPUR - MES||GE (W) JABALPUR - MES,02-Oct-2025 06:00 PM,https://defproc.gov.in/nicgep/app?component=%24DirectLink&page=FrontEndLatestActiveCorrigendums&service=direct&session=T&sp=S%2FM7rp6js8wB6a6VaE1oRag%3D%3D
1195,2025_MES_732045_1,[GE/CHM-88/2025-2026 REPAIR AND MAINTENANCE OF INTERNAL ELECTRIFICATION WITH FITTING AND FIXTURE IN OTM ACCN (INSIDE) UNDER AGE B/R-II AT CHANDIMANDIR MIL STN],22-Sep-2025 06:00 PM,E-IN-C BRANCH - MILITARY ENGINEER SERVICES||CE WC AND CE CHANDIGARH ZONE - MES||CWE CHANDIMANDIR - MES||GE CHANDIMANDIR - MES,13-Oct-2025 06:00 PM,https://etender.up.nic.in/nicgep/app?component=%24DirectLink_0&page=FrontEndAdvancedSearchResult&service=direct&session=T&sp=SU267sqrxJu0Eo9P7ww7Xgg%3D%3D
1196,2025_MES_729083_1,"[REPAIR AND REPLACEMENT  OF FIRE ALARM SYSTEM, FIRE HOSE REEL, DRUM, HYDRANTS, SPRINKLER SYSTEM, FIRE PUMP, JOUNEY PUMPS AND PERIODICAL TESTING OF FIRE FIGHTING SYSTEM AT COLABA MIL STN UNDER GE (WEST) COLABA]",08-Sep-2025 06:00 PM,E-IN-C BRANCH - MILITARY ENGINEER SERVICES||CE SC AND CE PUNE ZONE - MES||CWE (ARMY) MUMBAI - MES,04-Oct-2025 06:00 PM,https://defproc.gov.in/nicgep/app?component=%24DirectLink&page=FrontEndLatestActiveCorrigendums&service=direct&session=T&sp=S14zgQnoNCgcSdciyeAvfjQ%3D%3D
1197,2025_MES_713147_2,[PERIODICAL SERVICES IN MD AND OTM ACCN  OF PH-II AREA UNDER GE NARANGI ],12-Sep-2025 09:00 AM,E-IN-C BRANCH - MILITARY ENGINEER SERVICES||CE EC AND CE SHILLONG ZONE - MES||CWE Shillong - MES||GE NARANGI - MES,02-Oct-2025 06:00 PM,https://defproc.gov.in/nicgep/app?component=%24DirectLink&page=FrontEndLatestActiveCorrigendums&service=direct&session=T&sp=SnufSdGcAYMG6etWkpx1DDA%3D%3D
1198,2025_MES_708906_3,"[REPAIR/ MAINT OF MOORING POINTS, PICKETING BLOCKS, NON-LOAD BEARING AREA AND CERTAIN MISC WORKS AT AIRFIELD SITE IN TECH AREA AF STN PALAM UNDER GE (AF) PALAM DELHI CANTT-10]",19-Sep-2025 06:00 PM,E-IN-C BRANCH - MILITARY ENGINEER SERVICES||CE WC and CE(AF) WAC PALAM-MES||CWE (AF) Palam-MES||GE (AF) North Palam-MES,04-Oct-2025 06:00 PM,https://etender.up.nic.in/nicgep/app?component=%24DirectLink_0&page=FrontEndAdvancedSearchResult&service=direct&session=T&sp=SAmnShWEXnmgZkkpFP0Y7%2Bg%3D%3D
1199,2025_MES_729338_1,[ADDN/ ALTN AND SPECIAL REPAIR TO OTM ACCN 297 REGT AND CERTAIN REPAIRS AT 4 HORSE AND MD ACCN AT GOSWAMI ENCLAVE AT MIL STN KALUCHAK UNDER GE KALUCHAK],04-Sep-2025 06:00 PM,E-IN-C BRANCH - MILITARY ENGINEER SERVICES||CE WC AND CE PATHANKOT ZONE - MES||CWE JAMMU - MES||GE KALUCHAK - MES,03-Oct-2025 06:00 PM,https://etender.up.nic.in/nicgep/app?component=%24DirectLink_0&page=FrontEndAdvancedSearchResult&service=direct&session=T&sp=SncekW1bd6NHUZG9CHalHrQ%3D%3D
1200,2025_DRDO_723882_1,[Development of Dia 40mm MTV and MS IR Flares for Aircraft],12-Aug-2025 11:00 AM,Department of Defence Research and Development||Defence Research and Development Organisation||DFMM||Office of DG (ACE)||HEMRL,28-Oct-2025 11:00 AM,https://defproc.gov.in/nicgep/app?component=%24DirectLink&page=FrontEndLatestActiveCorrigendums&service=direct&session=T&sp=SOiWGMMZHX%2BN2YY80nBMQNQ%3D%3D
1201,2025_MES_716968_2,[CERTAIN MISC PETTY B/R DAY TO DAY REPAIR WORKS TO MD ACCN AND OTM ACCN AT SECTOR B UNDER GE (A) BARODA.],13-Sep-2025 12:00 PM,E-IN-C BRANCH - MILITARY ENGINEER SERVICES||CESC AND CE JODHPUR ZONE - MES||CWE AHMEDABAD - MES||GE (ARMY ) BARODA - MES,02-Oct-2025 06:00 PM,https://defproc.gov.in/nicgep/app?component=%24DirectLink&page=FrontEndLatestActiveCorrigendums&service=direct&session=T&sp=Sc79sU8HN3pTdLaoILYRxqA%3D%3D
1202,2025_MES_728620_1,[PROVN OF WATER HEATING ARRANGEMENTS AGAINST DEFI FOR MD ACCN AGAINST (JOB NO 81/SA/BTD/LBW-10/2025-26) UNDER AGE E/M-V OF GE (NORTH) BATHINDA AT BATHINDA MIL STN],30-Aug-2025 06:00 PM,E-IN-C BRANCH - MILITARY ENGINEER SERVICES||CE SWC AND CE BATHINDA ZONE - MES||CWE BATHINDA - MES||GE (NORTH) BATHINDA - MES,04-Oct-2025 06:00 PM,https://defproc.gov.in/nicgep/app?component=%24DirectLink&page=FrontEndLatestActiveCorrigendums&service=direct&session=T&sp=S8cyQi9VeYwX8cTMHN0CPqg%3D%3D
1203,2025_MES_719592_1,"[PROVISION OF KOTA STONE FLOORING IN BLDG NO P-130, ADDITION/ ALTERATION TO OR BATHROOM OF BLDG NO P-2 AND ADDITION/ ALTERATION OF BLDG NO P-132 UNDER AGE B/R-III,  AGE B/R-V AND AGE E/M-V OF GE (NORTH) BATHINDA AT BATHINDA MIL STN]",15-Jul-2025 06:00 PM,E-IN-C BRANCH - MILITARY ENGINEER SERVICES||CE SWC AND CE BATHINDA ZONE - MES||CWE BATHINDA - MES||GE (NORTH) BATHINDA - MES,06-Oct-2025 06:00 PM,https://defproc.gov.in/nicgep/app?component=%24DirectLink&page=FrontEndLatestActiveCorrigendums&service=direct&session=T&sp=SwPbKl1JiYi%2FH2Skyh8%2FRew%3D%3D
1204,2025_MES_716651_2,"[GE (N) P/TOKEN- 15 OF 2025-2026REPAIRS TO FLOORING, PLUMBING, WATER PROOFING AND PERODICAL SERVICES TO CHITRAGUPTA COLONY AND CERTAIN AREA IN THE AREA OF AGE (CENTRAL) OF GE (N) PUNE ]",12-Sep-2025 03:00 PM,E-IN-C BRANCH - MILITARY ENGINEER SERVICES||CE SC AND CE PUNE ZONE - MES||CWE PUNE - MES||GE (N) PUNE - MES,03-Oct-2025 06:00 PM,https://defproc.gov.in/nicgep/app?component=%24DirectLink&page=FrontEndLatestActiveCorrigendums&service=direct&session=T&sp=SZTiahAPIhTJnDLaONbgTPw%3D%3D
1205,2025_DRDO_721327_1,[Development Support Integration and Testing of AESA Radar for Fighter Aircraft as Development cum Production Partner],18-Jul-2025 06:00 PM,Department of Defence Research and Development||Defence Research and Development Organisation||DFMM||Office of DG(ECS)||LRDE,07-Oct-2025 10:00 AM,https://defproc.gov.in/nicgep/app?component=%24DirectLink&page=FrontEndLatestActiveCorrigendums&service=direct&session=T&sp=SkfRyeZwLyiLHJ4ZHIrh5gw%3D%3D
1206,2025_MES_725015_2,[REPAIR AND MAINT OF ROAD AT ZONE BR-I AND BR-II AT BORARUPAK AND REPAIR AND MAINT OF ROAD AT ALONG MIL STN UNDER GE 872 EWS],22-Sep-2025 06:00 PM,E-IN-C BRANCH - MILITARY ENGINEER SERVICES||CE EC AND CE SHILLONG ZONE - MES||CWE HQ 137 WE - MES||GE 872 EWS - MES,06-Oct-2025 06:00 PM,https://etender.up.nic.in/nicgep/app?component=%24DirectLink_0&page=FrontEndAdvancedSearchResult&service=direct&session=T&sp=S6R2fPS0YglZoRoGaEYWLPw%3D%3D
1207,2025_MES_731142_1,[REPAIR/ MAINT OF WATER SUPPLY DISTR PIPE LINE NETWORK FROM JATIA HILL SERVICE RESERVOIRS TO RESI OFFRS/ MCPOs/ POs/LDGs/DSC/CIV MD ACCN SINGLE LIVING AND OFFRS INCL TRG AREA AND INHS NIVARINI ALONGWITH OTHER CONNECT WORK AT INS CHILKA UNDER GE CHILKA],16-Sep-2025 12:55 PM,E-IN-C BRANCH - MILITARY ENGINEER SERVICES||CE EC AND CE (NAVY) VIZAG - MES||CWE (P) VISHAKHAPATNAM - MES||GE (P) CHILKA - MES,08-Oct-2025 06:00 PM,https://etender.up.nic.in/nicgep/app?component=%24DirectLink_0&page=FrontEndAdvancedSearchResult&service=direct&session=T&sp=SpqqKIxKPWJgXHW1QvsyBzQ%3D%3D
1208,2025_MES_724952_2,[INTERNAL AND EXTERNAL PERIODICAL SERVICES TO CERTAIN BLDGS OF OTM ACCOMODATION AT HQ EAC (U) AF UNDER GE (I) (AF) SHILLONG],13-Sep-2025 01:00 PM,E-IN-C BRANCH - MILITARY ENGINEER SERVICES||CE EC AND CE (AF) SHILLONG - MES||GE (I)(AF) SHILLONG - MES,04-Oct-2025 06:00 PM,https://defproc.gov.in/nicgep/app?component=%24DirectLink&page=FrontEndLatestActiveCorrigendums&service=direct&session=T&sp=SqYP1awq%2FixDoUG%2BLQ5OZBg%3D%3D
1209,2025_MES_722404_2,"[Camouflage painting at mandore and AFS Jodhpur under AGE B/R-II GE (AF) No.2 Jodhpur and day to day maintenance at Mandore under AGE B/R-II, GE (AF) No.2 Jodhpur]",12-Sep-2025 06:00 PM,E-IN-C BRANCH - MILITARY ENGINEER SERVICES||CE SWC AND CE (AF) GANDHINAGAR - MES||CWE (AF) JODHPUR - MES||GE (AF) No. 2 JODHPUR - MES,02-Oct-2025 06:00 PM,https://defproc.gov.in/nicgep/app?component=%24DirectLink&page=FrontEndLatestActiveCorrigendums&service=direct&session=T&sp=SXmb1LpPAKDpVwythjc9wtg%3D%3D
1210,2025_MES_728399_1,[PROVN OF DEFICIENT 100 DUs AT AF STN SARSAWA],13-Sep-2025 09:00 AM,E-IN-C BRANCH - MILITARY ENGINEER SERVICES||CE WC and CE(AF) WAC PALAM-MES,21-Oct-2025 06:00 PM,https://etender.up.nic.in/nicgep/app?component=%24DirectLink_0&page=FrontEndAdvancedSearchResult&service=direct&session=T&sp=SL5CMmWKJCCy9ZtmfsLtlLg%3D%3D
1211,2025_MES_730451_1,"[GE/863/EWS-T-48 OF 2025-26 SPL REPAIR TO BLDG NO T-229,T-231 AND T-238 OF 3 CCSR AT KARCHAM UNDER]",12-Sep-2025 06:00 PM,E-IN-C BRANCH - MILITARY ENGINEER SERVICES||CE CC AND CE BAREILLY ZONE - MES||CWE HILLS DEHRADUN -  MES||GE 863 EWS - MES,01-Oct-2025 06:00 PM,https://etender.up.nic.in/nicgep/app?component=%24DirectLink_0&page=FrontEndAdvancedSearchResult&service=direct&session=T&sp=ShBWhmMDPR%2F33yqLQHnThbw%3D%3D
1212,2025_MES_721028_2,[SPL REPAIR OF OTM BDLG NO P-10 AND SEWAGE LINE APPROX 235M AND 22 NOS OF CHAMBER UNDER GE NORTH BINNAGURI],22-Sep-2025 09:00 AM,E-IN-C BRANCH - MILITARY ENGINEER SERVICES||CE EC AND CE SILIGURI ZONE - MES||CWE BINNAGURI - MES||GE (N) BINNAGURI - MES,14-Oct-2025 06:00 PM,https://defproc.gov.in/nicgep/app?component=%24DirectLink&page=FrontEndLatestActiveCorrigendums&service=direct&session=T&sp=S7UviVmoS03LR5S87Ohel6Q%3D%3D
1213,2025_MES_729692_1,"[REPAIRS TO COMPOUND WALL, FENCING,  OTHER MISC WORKS  IN OTM  MD ACCN AT NSD SEWRI AND CLEANING OF SEWAGE LINE, MANHOLE OTHER MISC WORKS AT BCF AND JERRICON FACTORY OF NAVAL DOCKYARD UNDER GE (NW) MANKHURD]",06-Sep-2025 03:00 PM,E-IN-C BRANCH - MILITARY ENGINEER SERVICES||CESC AND CE( NAVY )MUMBAI - MES||CWE (SUBURB) MUMBAI - MES||GE (NW) MANKHURD - MES,29-Sep-2025 06:00 PM,https://defproc.gov.in/nicgep/app?component=%24DirectLink&page=FrontEndLatestActiveCorrigendums&service=direct&session=T&sp=S83E5AJpztf9HPF%2F152va%2Fw%3D%3D
1214,2025_MES_727643_1,"[COMPREHENSIVE REPAIR/REPLACEMENT OF ROOF TREATMENT INCLUDING REPAIR TO OTM/MD ACCN AND MISC B/R WORK TO JCOS/OR/CIV MD ACCN AT MTRC LINE, TRIVENI VIHAR AND RA LINES UNDER AGE BR-I AT NEW CANTT UNDER GE (WEST) PRAYAGRAJ.]",25-Aug-2025 04:00 PM,E-IN-C BRANCH - MILITARY ENGINEER SERVICES||CE CC AND CE LUCKNOW ZONE - MES||CWE ALLAHABAD - MES,29-Sep-2025 06:00 PM,https://defproc.gov.in/nicgep/app?component=%24DirectLink&page=FrontEndLatestActiveCorrigendums&service=direct&session=T&sp=SZIB%2Bw2pn6oxkGoPC6jDlGA%3D%3D
1215,2025_MES_729224_1,"[ADDITION/ALTERATION TO BOUNDARY WALL AT GANESHKHIND AREA AT DRDO ESTATE UNDER GE(I) RnD PASHAN, PUNE]",03-Sep-2025 06:00 PM,E-IN-C BRANCH - MILITARY ENGINEER SERVICES||ADG (OF and DRDO) AND CE (R and D) SECUNDERABAD - MES||GE (I) RND PASHAN - MES,01-Oct-2025 06:00 PM,https://defproc.gov.in/nicgep/app?component=%24DirectLink&page=FrontEndLatestActiveCorrigendums&service=direct&session=T&sp=SkJHoxquVM5ffYgB9qcHc6Q%3D%3D
1216,2025_MES_732500_1,"[REPAIRS / RESURFACING OF ROAD, ROAD FURNITURE AND OTHER RELATED WORKS, PAINTING TO ROAD AT ORC BOLTON ROAD AND CAW UNDER GE (AF) HAKIMPET]",24-Sep-2025 05:00 PM,E-IN-C BRANCH - MILITARY ENGINEER SERVICES||CESC AND CE (AF) BANGALORE - MES||CWE (AF) SECUNDERABAD - MES,15-Oct-2025 06:00 PM,https://etender.up.nic.in/nicgep/app?component=%24DirectLink_0&page=FrontEndAdvancedSearchResult&service=direct&session=T&sp=SBEIHMooN5%2FKJGKdVDdF1gg%3D%3D
1217,2025_MES_730787_1,"[8125/SAR-T-49/2025-26 REPAIR/CLEANING OF MONSOON DRAIN AND BRICK MASONARY, COPING, PLASTERING, GRASS CUTTING AND MISC ITEMS OF AIRFIELD AREA AND REPAIR/MAINT TO E/M INSTALLATION AT AF STN SARSAWA UNDER GE (AF) SARSAWA ]",13-Sep-2025 05:00 PM,E-IN-C BRANCH - MILITARY ENGINEER SERVICES||CE WC and CE(AF) WAC PALAM-MES||CWE (AF) Ambala-MES||GE (AF) Sarsawa-MES,04-Oct-2025 06:00 PM,https://defproc.gov.in/nicgep/app?component=%24DirectLink&page=FrontEndLatestActiveCorrigendums&service=direct&session=T&sp=SaZ5j22t3DIawn2E02A8dGA%3D%3D
1218,2025_MES_731256_1,"[REPAIR TO FLOORING, PATH, EXTERNAL SURFACE,  REPAIR/REPLACEMENT OF FENCING, STEEL DOORS IN WSA  COMPLEX AND ASSOCIATED WORKS AT AF STATION PHALODI]",16-Sep-2025 06:55 PM,E-IN-C BRANCH - MILITARY ENGINEER SERVICES||CE SWC AND CE (AF) GANDHINAGAR - MES||CWE (AF) JODHPUR - MES||GE (AF) PHALODI - MES,07-Oct-2025 06:00 PM,https://etender.up.nic.in/nicgep/app?component=%24DirectLink_0&page=FrontEndAdvancedSearchResult&service=direct&session=T&sp=Ss6gTJW0w6mjkzWa%2FRZjhvA%3D%3D
1219,2025_MES_731179_1,[REPAIR MAINT OF EXTERNAL ELECTRIFICATION INTERNAL ELECTRIFICATION COOLING APPLIANCES WATER SUPPLY PUMP WITH CONNECTED ITEM AT 41 WEU JANDWAL UNDER AFS PATHANKOT],16-Sep-2025 02:00 PM,E-IN-C BRANCH - MILITARY ENGINEER SERVICES||CE NC AND CE (AF) UDHAMPUR - MES||CWE (AF) JAMMU - MES||GE (AF) PATHANKOT - MES,07-Oct-2025 06:00 PM,https://defproc.gov.in/nicgep/app?component=%24DirectLink&page=FrontEndLatestActiveCorrigendums&service=direct&session=T&sp=SsPuTk08WG8LHDL1mji13hw%3D%3D
1220,2025_MES_731041_1,"[PROVN OF STEEL CHAIN LINK SECURITY FENCING ALONGWITH FOOTPATH FROM JCOs MESS TO MT AREA, PROVN OF WASHROOM FOR OFFICERS IN ADM BUILDING AND SPL REPAIR OF WALL PARAPET OF OPS BUILDING OF WEU UNDER THE AREA OF AGE B/R-I OF GE (ARMY) No.1 JODHPUR]",15-Sep-2025 06:00 PM,E-IN-C BRANCH - MILITARY ENGINEER SERVICES||CESC AND CE JODHPUR ZONE - MES||CWE(ARMY) JODHPUR - MES||GE(A) CENTRAL JODHPUR - MES,06-Oct-2025 06:00 PM,https://etender.up.nic.in/nicgep/app?component=%24DirectLink_0&page=FrontEndAdvancedSearchResult&service=direct&session=T&sp=SQXqAbijEJiG3gFgRJctn7Q%3D%3D
1221,2025_MES_730927_1,[82602/E8 Special Repair / Replacement to BER Transformers and connected E/M works at Af stn Sulur (Phase-l)],15-Sep-2025 12:45 PM,E-IN-C BRANCH - MILITARY ENGINEER SERVICES||CESC AND CE (AF) BANGALORE - MES||CWE (AF) TRIVANDRUM - MES,06-Oct-2025 06:00 PM,https://defproc.gov.in/nicgep/app?component=%24DirectLink&page=FrontEndLatestActiveCorrigendums&service=direct&session=T&sp=SwZmjaRTrrnyGD3SxQx4uAA%3D%3D
1222,2025_MES_725114_1,[CONSULTANCY SERVICES FOR PREPARATION OF DPR FOR CONSTRUCTION OF UNDER GROUND OPS COMPLEX AND ALLIED INFRASTRUCTURE AT EAC U],08-Aug-2025 06:00 PM,E-IN-C BRANCH - MILITARY ENGINEER SERVICES||CE EC AND CE (AF) SHILLONG - MES,08-Oct-2025 06:00 PM,https://defproc.gov.in/nicgep/app?component=%24DirectLink&page=FrontEndLatestActiveCorrigendums&service=direct&session=T&sp=SAGfBWA0kuIYSHx7ofASopg%3D%3D
1223,2025_IAF_716689_1,[PROCUREMENT OF SPARES FOR MIG-29UPG AIRCRAFT],25-Jun-2025 05:00 PM,Indian Air Force||AOM NEW DELHI - IAF||ACAS (Procurement) - IAF||D Procurement - IAF,17-Oct-2025 03:00 PM,https://defproc.gov.in/nicgep/app?component=%24DirectLink&page=FrontEndLatestActiveCorrigendums&service=direct&session=T&sp=SWyjFPxsYLXXMT5bLuXKfBg%3D%3D
1224,2025_MES_729208_1,[PROVISION OF CERTAIN SANCTION WORK AT (PHASE III) OF VARIOUS UNIT AT MISA CAMP UNDER GE (S) TEZPUR],03-Sep-2025 06:00 PM,E-IN-C BRANCH - MILITARY ENGINEER SERVICES||CE EC AND CE SILIGURI ZONE - MES||CWE TEZPUR - MES,01-Oct-2025 06:00 PM,https://defproc.gov.in/nicgep/app?component=%24DirectLink&page=FrontEndLatestActiveCorrigendums&service=direct&session=T&sp=SMf7ANbzOdMmv%2BrNMwmbJsw%3D%3D
1225,2025_MES_728603_1,[PROVN OF WATER HEATING ARRANGEMENTS AGAINST DEFI FOR MD ACCN AGAINST (JOB NO 81/SA/BTD/LBW-12/2025-26) UNDER AGE E/M-V OF GE (NORTH) BATHINDA AT BATHINDA MIL STN],30-Aug-2025 06:00 PM,E-IN-C BRANCH - MILITARY ENGINEER SERVICES||CE SWC AND CE BATHINDA ZONE - MES||CWE BATHINDA - MES||GE (NORTH) BATHINDA - MES,04-Oct-2025 06:00 PM,https://defproc.gov.in/nicgep/app?component=%24DirectLink&page=FrontEndLatestActiveCorrigendums&service=direct&session=T&sp=SN3KXltCLtw%2FvUlLpPs3TyQ%3D%3D
1226,2025_MES_729747_1,"[TERM CONTRACT FOR ARTIFICERS WORK AT DSC RECORDS, MH AREA AND MES AREA AT KANNUR  MIL STN UNDER GE (ARMY) TRIVANDRUM]",08-Sep-2025 09:30 AM,E-IN-C BRANCH - MILITARY ENGINEER SERVICES||CE SC AND CE CHENNAI ZONE  - MES||CWE WELLINGTON - MES||GE (ARMY) TRIVANDRUM - MES,02-Oct-2025 06:00 PM,https://defproc.gov.in/nicgep/app?component=%24DirectLink&page=FrontEndLatestActiveCorrigendums&service=direct&session=T&sp=S08qh50xDg5fg%2B%2Band2rK6A%3D%3D
1227,2025_MES_724421_1,"[PROVISION OF FOOT OVER BRIDGE OVER PARADE ROAD DELHI CANTTON EPC MODE UNDER  GE P BR THAL SENA BHAWAN, DELHI CANTT]",05-Aug-2025 09:00 AM,E-IN-C BRANCH - MILITARY ENGINEER SERVICES||CE WC and CE DELHI ZONE-MES,13-Oct-2025 06:00 PM,https://defproc.gov.in/nicgep/app?component=%24DirectLink&page=FrontEndLatestActiveCorrigendums&service=direct&session=T&sp=SPpJM28syKErARKXzz0mVVQ%3D%3D
1228,2025_MES_728010_1,[PROVN OF SCADA FOR STP AND IRP UNDER GE EAST BAREILLY],27-Aug-2025 06:00 PM,E-IN-C BRANCH - MILITARY ENGINEER SERVICES||CE CC AND CE BAREILLY ZONE - MES,13-Oct-2025 06:00 PM,https://defproc.gov.in/nicgep/app?component=%24DirectLink&page=FrontEndLatestActiveCorrigendums&service=direct&session=T&sp=SeYf2UrnKDPJD0%2F5vfU2oWw%3D%3D
1229,2025_MES_729251_1,[RENEWAL/REPLACEMENT OF RESIDENTIAL WOODEN AND STEEL FURNITURE OF OMQs/SMQs/SINGLE ACCN AAGAINST SURVEYED OFF AT 7 AFH HOSPITAL KANPUR],03-Sep-2025 06:30 PM,E-IN-C BRANCH - MILITARY ENGINEER SERVICES||CESC AND CE (AF) NAGPUR - MES||CWE (AF) CHAKERI - MES,02-Oct-2025 06:00 PM,https://defproc.gov.in/nicgep/app?component=%24DirectLink&page=FrontEndLatestActiveCorrigendums&service=direct&session=T&sp=SKyotcRPpzxMjjujn%2B701BA%3D%3D
1230,2025_MES_730458_1,"[Special repairs to Bldg No. P-280, T-383 and T-384 and Provn of sanctioned minor work at Dholewal under GE Ludhiana]",12-Sep-2025 05:00 PM,E-IN-C BRANCH - MILITARY ENGINEER SERVICES||CE WC AND CE JALANDHAR ZONE - MES||CWE FEROZEPUR - MES||GE LUDHIANA - MES,03-Oct-2025 06:00 PM,https://defproc.gov.in/nicgep/app?component=%24DirectLink&page=FrontEndLatestActiveCorrigendums&service=direct&session=T&sp=Sv44BwM7PN7%2FY9%2FjMjg1R5g%3D%3D
1231,2025_MES_728667_1,[SPL REPAIR OF ROOM NO 09 TO 16 BLDG NO N-9 AT PANTHER OFFICER INSTITUTE AND PROVN OF TECH STORE FOR TECH EQPT AT 624 SATA BTY AT OLD AMRITSAR CANTT UNDER GE AMRITSAR],30-Aug-2025 06:50 PM,E-IN-C BRANCH - MILITARY ENGINEER SERVICES||CE WC AND CE JALANDHAR ZONE - MES||CWE AMRITSAR - MES||GE AMRITSAR - MES,29-Sep-2025 06:00 PM,https://defproc.gov.in/nicgep/app?component=%24DirectLink&page=FrontEndLatestActiveCorrigendums&service=direct&session=T&sp=SC7V8nH9Dsefd0e%2Bz1FuEQQ%3D%3D
1232,2025_MES_717758_2,"[GE I R AND D/CHD-37/2025-26CERTAIN REPAIR TO ROOFS CHAJJA AND OTHER ALLIED WORKS IN ZONE-II TO VIII, RTRS  AT TBRL RANGE RAMGARH]",15-Sep-2025 05:00 PM,E-IN-C BRANCH - MILITARY ENGINEER SERVICES||ADG (OF and DRDO)  AND CE (R and D) DELHI-  MES||GE(I) R and D Chandigarh - MES,04-Oct-2025 06:00 PM,https://defproc.gov.in/nicgep/app?component=%24DirectLink&page=FrontEndLatestActiveCorrigendums&service=direct&session=T&sp=SWfnj0gSJJW9vs3r87onFbw%3D%3D
1233,2025_MES_729058_1,[GE(A)/SOG-TOKEN-32/2025-26 PROVN OF CAR PARKING SHED AND HIGH MAST LIGHT IN THE AOR OF AGE B/R-II AND AGE EM UNDER GE SURATGARH AT SURATGARH MIL STN],02-Sep-2025 06:55 PM,E-IN-C BRANCH - MILITARY ENGINEER SERVICES||CE SWC AND CE BATHINDA ZONE - MES||CWE BIKANER - MES||GE (ARMY) SURATGARH - MES,04-Oct-2025 06:00 PM,https://defproc.gov.in/nicgep/app?component=%24DirectLink&page=FrontEndLatestActiveCorrigendums&service=direct&session=T&sp=SR8GBsEnSViKAFBKj%2FvySfA%3D%3D
1234,2025_MES_728137_1,[PROVISION OF AREA DRINAGE AND SEWAGE NETWORK TO INCLUDE STP LAIPULI UNDER GE DINJAN 2. ],28-Aug-2025 01:00 PM,E-IN-C BRANCH - MILITARY ENGINEER SERVICES||CE EC AND CE SHILLONG ZONE - MES,11-Oct-2025 06:00 PM,https://defproc.gov.in/nicgep/app?component=%24DirectLink&page=FrontEndLatestActiveCorrigendums&service=direct&session=T&sp=SBLaiNs0xYOPVJdlppnhm2A%3D%3D
1235,2025_MES_731284_1,[Provn of Att  toilet  and Bathroom at Bldg No T-13 and  T-76 of JCOs Mess 41 NSR and Bldg No T- 29 Old Sig Coy Near Hudson line under GE (East) Lucknow.],17-Sep-2025 10:20 AM,E-IN-C BRANCH - MILITARY ENGINEER SERVICES||CE CC AND CE LUCKNOW ZONE - MES||CWE LUCKNOW - MES,08-Oct-2025 06:00 PM,https://etender.up.nic.in/nicgep/app?component=%24DirectLink_0&page=FrontEndAdvancedSearchResult&service=direct&session=T&sp=SwsxbI7Qi%2FifuL6%2BOS8XpVA%3D%3D
1236,2025_MES_728103_1,[PROVN OF CENTRAL ENGINEERING SERVICES AT BARRACKPORE  UNDER GE BARRACKPORE],28-Aug-2025 09:00 AM,E-IN-C BRANCH - MILITARY ENGINEER SERVICES||CE EC AND CE KOLKATA ZONE - MES,03-Oct-2025 06:00 PM,https://defproc.gov.in/nicgep/app?component=%24DirectLink&page=FrontEndLatestActiveCorrigendums&service=direct&session=T&sp=SPJVulpngLtMnvJq7XdLavg%3D%3D
1237,2025_MES_729631_1,"[INTERNAL/EXTERNAL PERIODICAL SERVICES IN (OFFRS MESS, SNCOS MESS) ALONGWITH SINGLE LIVING BLOCKS AND STAFF QTR AND AIRMEN BILLET AND OFFRS MD ACCN AND OMQ AREA INCLUDING SERVANT QTRS AND GARAGES OF CAMERO COMPLEX AT SUBROTO PARK]",06-Sep-2025 02:00 PM,E-IN-C BRANCH - MILITARY ENGINEER SERVICES||CE WC and CE(AF) WAC PALAM-MES||CWE (AF) Palam-MES||GE (AF) Subroto Park-MES,04-Oct-2025 06:00 PM,https://defproc.gov.in/nicgep/app?component=%24DirectLink&page=FrontEndLatestActiveCorrigendums&service=direct&session=T&sp=Sxds3S7fi4Rbwt0OhK2bhjQ%3D%3D
1238,2025_MES_728238_1,[752993APROVN OF TRAINING SHEDS AND PHYSICAL TRAINING SHEDS AT GOPALPUR MIL STN],13-Sep-2025 06:00 PM,E-IN-C BRANCH - MILITARY ENGINEER SERVICES||CE CC AND CE JABALPUR ZONE - MES,18-Oct-2025 06:00 PM,https://etender.up.nic.in/nicgep/app?component=%24DirectLink_0&page=FrontEndAdvancedSearchResult&service=direct&session=T&sp=SDo86T8I%2FIzXvgdTuqION9w%3D%3D
1239,2025_MES_732653_1,"[REPAIR / MAINT /IMPV OF BUILDING SERVICES CONNECTIONS, INTERNAL LIGHTING SYSTEM, LED LIGHT AND LIGHTNING PROTECTION SYSTEM IN VARIOUS ACCN AT JALAPAHAR UNDER AGE(I) DARJEELING]",25-Sep-2025 06:00 PM,E-IN-C BRANCH - MILITARY ENGINEER SERVICES||CE EC AND CE SILIGURI ZONE - MES||HQ 136 WORKS ENGINEERS - MES,21-Oct-2025 06:00 PM,https://etender.up.nic.in/nicgep/app?component=%24DirectLink_0&page=FrontEndAdvancedSearchResult&service=direct&session=T&sp=Sqtes%2F48zsd9a3XrXQWt9eQ%3D%3D
1240,2025_MES_730686_1,[81449 REPAIRS/MAINTENANCE OF HT EXTERNAL ELECTRIFICATION AND CONNECTED WORKS AT INS KATTABOMMAN UNDER GE TIRUNELVELI],13-Sep-2025 09:00 AM,E-IN-C BRANCH - MILITARY ENGINEER SERVICES||CE EC AND CE (NAVY) VIZAG - MES||CWE (Navy) Chennai - MES,04-Oct-2025 06:00 PM,https://etender.up.nic.in/nicgep/app?component=%24DirectLink_0&page=FrontEndAdvancedSearchResult&service=direct&session=T&sp=SSrI6cliYkQ4grj8PZfcR1Q%3D%3D
1241,2025_MES_729530_1,[PROVN OF STORAGE ACCN AT ISLAND GROUNDS UNDER GE CHENNAI],05-Sep-2025 09:00 AM,E-IN-C BRANCH - MILITARY ENGINEER SERVICES||CE SC AND CE CHENNAI ZONE  - MES||CWE CHENNAI - MES||GE CHENNAI - MES,03-Oct-2025 06:55 PM,https://defproc.gov.in/nicgep/app?component=%24DirectLink&page=FrontEndLatestActiveCorrigendums&service=direct&session=T&sp=SzVhpRBt9%2B2jbOJGSifG%2BoQ%3D%3D
1242,2025_MES_728810_1,[Repair/Maintenance of certain OTM and MD Accn of 501 FSEG under GE Dehradun.],01-Sep-2025 06:00 PM,E-IN-C BRANCH - MILITARY ENGINEER SERVICES||CE CC AND CE BAREILLY ZONE - MES||CWE DEHRADUN - MES||GE DEHRADUN - MES,29-Sep-2025 06:00 PM,https://defproc.gov.in/nicgep/app?component=%24DirectLink&page=FrontEndLatestActiveCorrigendums&service=direct&session=T&sp=SeZxHp8zyhk%2FmTCEmSvDYFQ%3D%3D
1243,2025_MES_728843_1,[IMPROVEMENT TO EARTHING INFRASTRUCTURE AND LIGHTENING ARRESTER AT AF STN MEMAURA],02-Sep-2025 09:00 AM,E-IN-C BRANCH - MILITARY ENGINEER SERVICES||CE CC AND CE (AF) ALLAHABAD - MES||CWE (AF) IZATNAGAR - MES||AGE (I) (AF) Memaura - MES,29-Sep-2025 06:00 PM,https://defproc.gov.in/nicgep/app?component=%24DirectLink&page=FrontEndLatestActiveCorrigendums&service=direct&session=T&sp=SMM4SbixfF7zYucAyqLd7mQ%3D%3D
1244,2025_MES_731378_1,"[REPAIR AND MAINTENANCE OF LT ELECTRIC SUPPLY NETWORK, ALONGWITH CONNECTED ITEMS AT JUTOGH, KUFRI, CHAIL, SANJAULI, SHIMLA AND KELVIN GROVE UNDER GE (I) JUTOGH]",17-Sep-2025 06:00 PM,E-IN-C BRANCH - MILITARY ENGINEER SERVICES||CE WC AND CE CHANDIGARH ZONE - MES||CWE SHIMLA HILLS - MES||GE JUTOGH - MES,08-Oct-2025 06:00 PM,https://defproc.gov.in/nicgep/app?component=%24DirectLink&page=FrontEndLatestActiveCorrigendums&service=direct&session=T&sp=SlVuYtk9xdfEu1QILggteow%3D%3D
1245,2025_MES_730511_1,[PROVISION OF CERTAIN SANCTION WORK AT (PHASE-XI) OF VARIOUS UNITS AT MISA CAMP UNDER GE (S) TEZPUR],12-Sep-2025 06:00 PM,E-IN-C BRANCH - MILITARY ENGINEER SERVICES||CE EC AND CE SILIGURI ZONE - MES||CWE TEZPUR - MES,03-Oct-2025 06:00 PM,https://etender.up.nic.in/nicgep/app?component=%24DirectLink_0&page=FrontEndAdvancedSearchResult&service=direct&session=T&sp=S98GRWgcniP6bej2jluoKwg%3D%3D
1246,2025_MES_719850_1,[PROVN OF COVERED PATHWAY AT DELHI CANTT 10],11-Jul-2025 06:00 PM,E-IN-C BRANCH - MILITARY ENGINEER SERVICES||CE WC and CE DELHI ZONE-MES,04-Oct-2025 06:00 PM,https://defproc.gov.in/nicgep/app?component=%24DirectLink&page=FrontEndLatestActiveCorrigendums&service=direct&session=T&sp=Sy6q6ZeNH%2FSmixCFHbGOzJQ%3D%3D
1247,2025_MES_729649_1,[RENEWAL  REPLACEMENT OF FURNITURE AGAINST CONDEMNATION BER AT AFS BARODA ],06-Sep-2025 02:00 PM,E-IN-C BRANCH - MILITARY ENGINEER SERVICES||CE SWC AND CE (AF) GANDHINAGAR - MES||CWE (AF) CHILODA - MES,29-Sep-2025 06:00 PM,https://defproc.gov.in/nicgep/app?component=%24DirectLink&page=FrontEndLatestActiveCorrigendums&service=direct&session=T&sp=Sugqh32IviUEYLlu4ZX6VIw%3D%3D
1248,2025_MES_728726_1,"[REPAIRS TO FOOTPATH, FENCING, HARDSTANDING AND COMPOUND WALL ETC IN ZONE B and E AREA UNDER GE CHENNAI]",01-Sep-2025 03:00 PM,E-IN-C BRANCH - MILITARY ENGINEER SERVICES||CE SC AND CE CHENNAI ZONE  - MES||CWE CHENNAI - MES||GE CHENNAI - MES,29-Sep-2025 06:00 PM,https://defproc.gov.in/nicgep/app?component=%24DirectLink&page=FrontEndLatestActiveCorrigendums&service=direct&session=T&sp=Syfbt5w3HC4ip%2F4KbSWOGRQ%3D%3D
1249,2025_MES_731676_1,[REPAIR/REPLACEMENT AND RETAPING OF CHARPOI GI PIPE AND VARIOUS TYPES OF CHAIR FOR OTM AND MARRIED ACCN OF GE (SOUTH) AMBALA CANTT],19-Sep-2025 12:30 PM,E-IN-C BRANCH - MILITARY ENGINEER SERVICES||CE WC AND CE CHANDIGARH ZONE - MES||CWE AMBALA - MES||GE (S) AMBALA - MES,10-Oct-2025 06:00 PM,https://defproc.gov.in/nicgep/app?component=%24DirectLink&page=FrontEndLatestActiveCorrigendums&service=direct&session=T&sp=SR1ozcwSystuzaxS93%2B9m9w%3D%3D
1250,2025_MES_731434_1,[138WE/L-180/2025-26],18-Sep-2025 12:00 PM,E-IN-C BRANCH - MILITARY ENGINEER SERVICES||CE NC AND CE LEH ZONE - MES||HQ 138 WORKS ENGR - MES,09-Oct-2025 06:00 PM,https://defproc.gov.in/nicgep/app?component=%24DirectLink&page=FrontEndLatestActiveCorrigendums&service=direct&session=T&sp=SSUrL6y%2FEx6dxAeRSRVRl7w%3D%3D
1251,2025_MES_733124_1,[SPL REP TO GUARD POST NO. 32 WITH TOILET BLOCK AND PATHWAY  SINGLE OFFR LVG ACCN  P-76 AND PROVN OF 01 X BATHROOM WITH TOILET A JCO LVG ACCN AT MIL STN JASAI UNDER GE A BARMER],29-Sep-2025 09:00 AM,E-IN-C BRANCH - MILITARY ENGINEER SERVICES||CESC AND CE JODHPUR ZONE - MES||CWE JAISALMER - MES||GE (ARMY) BARMER - MES,20-Oct-2025 06:00 PM,https://etender.up.nic.in/nicgep/app?component=%24DirectLink_0&page=FrontEndAdvancedSearchResult&service=direct&session=T&sp=SoV1BHeUt0OFv%2BSeEY%2FKehA%3D%3D
1252,2025_MES_728867_1,[138WE/L-174/2025-26],02-Sep-2025 11:00 AM,E-IN-C BRANCH - MILITARY ENGINEER SERVICES||CE NC AND CE LEH ZONE - MES||HQ 138 WORKS ENGR - MES,30-Sep-2025 06:00 PM,https://defproc.gov.in/nicgep/app?component=%24DirectLink&page=FrontEndLatestActiveCorrigendums&service=direct&session=T&sp=SL%2FP0IOjC1UksG7FkRc7KnQ%3D%3D
1253,2025_MES_729719_1,[SPECIAL REPAIR / REPLACEMENT TO WOODEN FURNITURE AGAINST SURVEYED OFF FURNITURE UNDER GE(EAST) FEROZEPUR CANTT],06-Sep-2025 05:15 PM,E-IN-C BRANCH - MILITARY ENGINEER SERVICES||CE WC AND CE JALANDHAR ZONE - MES||CWE FEROZEPUR - MES,02-Oct-2025 06:00 PM,https://defproc.gov.in/nicgep/app?component=%24DirectLink&page=FrontEndLatestActiveCorrigendums&service=direct&session=T&sp=SRsWnAROB0tRP2jhBrmqoVQ%3D%3D
1254,2025_MES_730278_1,[SMART PERIODICAL SERVICES TO BLDGS OTHER THAN SQN AND OTHER MISC WK DURING POP NOV 2025 AT ZONE B AT NDA KHADAKWASLA],10-Sep-2025 06:00 PM,E-IN-C BRANCH - MILITARY ENGINEER SERVICES||CE SC AND CE PUNE ZONE - MES||CWE PUNE - MES||GE KHADAKVASLA - MES,01-Oct-2025 06:00 PM,https://defproc.gov.in/nicgep/app?component=%24DirectLink&page=FrontEndLatestActiveCorrigendums&service=direct&session=T&sp=S6eyNvQ1glLP8DY4MpfFFCQ%3D%3D
1255,2025_MES_728831_1,[PERIODICAL SERVICES TO BUILDINGS TO REKHAMARI CAMP AREA ROCKET SATA LT AND MED REGT AND MISC BR REPAIRS MAINTENANCE TO EM INSTALLATION AT NORTH OF RAILWAY LINE UNDER GE MISSAMARI],01-Sep-2025 06:35 PM,E-IN-C BRANCH - MILITARY ENGINEER SERVICES||CE EC AND CE SILIGURI ZONE - MES||CWE TENGA - MES||GE MISSAMARI - MES,04-Oct-2025 06:00 PM,https://defproc.gov.in/nicgep/app?component=%24DirectLink&page=FrontEndLatestActiveCorrigendums&service=direct&session=T&sp=SmDCg1JdY20L6NPhQ6yQ9cQ%3D%3D
1256,2025_MES_730234_1,"[SPL REPAIR TO BLDG NO T-1 AT AGE CHARDUAR, BLDG NO T-34 AT 725 FD WKSP COY AND OTHER REV/MINOR WORKS LOCATION THAKURBARI  AT AGE CHARDUAR UNDER GE (N) TEZPUR]",10-Sep-2025 05:00 PM,E-IN-C BRANCH - MILITARY ENGINEER SERVICES||CE EC AND CE SILIGURI ZONE - MES||CWE TEZPUR - MES||GE (N) TEZPUR - MES,30-Sep-2025 06:00 PM,https://defproc.gov.in/nicgep/app?component=%24DirectLink&page=FrontEndLatestActiveCorrigendums&service=direct&session=T&sp=S1%2B%2BK%2Ffsp8sFMK%2F%2BKMqGlFw%3D%3D
1257,2025_MES_722069_1,[CWE/CHD-68/2025-26 CONSTRUCTION OF PM SHRI SINGLE LAB OF SIZE 7 X 10.60 METRE AT KENDRIYA VIDYALAYA SECTOR 29B UNDER GE CHANDIGARH.],23-Jul-2025 04:00 PM,E-IN-C BRANCH - MILITARY ENGINEER SERVICES||CE WC AND CE CHANDIGARH ZONE - MES||CWE CHANDIMANDIR - MES,15-Oct-2025 06:00 PM,https://defproc.gov.in/nicgep/app?component=%24DirectLink&page=FrontEndLatestActiveCorrigendums&service=direct&session=T&sp=SIsffAfN3VcLgSf09P6Ke6Q%3D%3D
1258,2025_MES_728323_1,"[Spl repair to roof treatment of OTM bldg NO T-02, T-04, T-08 ( 01 to 06), T-09 and T-10 at Tibri Mil Stn Gurdaspur.]",29-Aug-2025 06:00 PM,E-IN-C BRANCH - MILITARY ENGINEER SERVICES||CE WC AND CE JALANDHAR ZONE - MES||CWE AMRITSAR - MES||GE GURDASPUR - MES,02-Oct-2025 06:00 PM,https://defproc.gov.in/nicgep/app?component=%24DirectLink&page=FrontEndLatestActiveCorrigendums&service=direct&session=T&sp=S0QkfXVRVzTx%2BikglAkZiXQ%3D%3D
1259,2025_MES_728454_1,[PROVISION OF CIVIL WORK AIRCRAFT ARRESTOR GEAR AAG AT INS DEGA VISAKHAPATNAM],30-Aug-2025 09:00 AM,E-IN-C BRANCH - MILITARY ENGINEER SERVICES||CE EC AND CE (NAVY) VIZAG - MES||CWE VISAKHAPATNAM - MES||GE NAVAL DEPOT VISAKHAPATNAM - MES,04-Oct-2025 06:00 PM,https://defproc.gov.in/nicgep/app?component=%24DirectLink&page=FrontEndLatestActiveCorrigendums&service=direct&session=T&sp=SvUZaU4jjsQ37xf1zx%2FvNZA%3D%3D
1260,2025_MES_730831_1,[CWE/P-56/2025-26],13-Sep-2025 04:15 PM,E-IN-C BRANCH - MILITARY ENGINEER SERVICES||CE WC AND CE PATHANKOT ZONE - MES||CWE PATHANKOT - MES,14-Oct-2025 06:00 PM,https://etender.up.nic.in/nicgep/app?component=%24DirectLink_0&page=FrontEndAdvancedSearchResult&service=direct&session=T&sp=SUEkpqeI6%2BgxFtqSoRWsjxA%3D%3D
1261,2025_MES_731709_1,[SPECIAL REPAIRS TO BUILDING NO P 355 UNDER GE CME KHADKI ],19-Sep-2025 06:00 PM,E-IN-C BRANCH - MILITARY ENGINEER SERVICES||CE SC AND CE PUNE ZONE - MES||CWE KIRKEE - MES,17-Oct-2025 06:00 PM,https://etender.up.nic.in/nicgep/app?component=%24DirectLink_0&page=FrontEndAdvancedSearchResult&service=direct&session=T&sp=S%2BvL1OIrq3dGn6EVscPOAug%3D%3D
1262,2025_IAF_730351_1,[PROCUREMENT OF SPARES FOR MIRAGE AIRCRAFT],11-Sep-2025 05:00 PM,Indian Air Force||AOM NEW DELHI - IAF||ACAS (Procurement) - IAF||D Procurement - IAF,04-Nov-2025 03:00 PM,https://etender.up.nic.in/nicgep/app?component=%24DirectLink_0&page=FrontEndAdvancedSearchResult&service=direct&session=T&sp=SBw7jhyoSDYW2XcDNP9j6OQ%3D%3D
1263,2025_IAF_727644_1,[PROCUREMENT OF SPARES FOR IL-78 AIRCRAFT],25-Aug-2025 05:00 PM,Indian Air Force||AOM NEW DELHI - IAF||ACAS (Procurement) - IAF||D Procurement - IAF,23-Oct-2025 03:00 PM,https://etender.up.nic.in/nicgep/app?component=%24DirectLink_0&page=FrontEndAdvancedSearchResult&service=direct&session=T&sp=SQ5U9G%2FEB6MWjWIwlY%2B3GeA%3D%3D
1264,2025_MES_727875_1,[CERTAIN REPAIR TO ROAD/HARD STANDING INCLUDING REPAIRS/ REPLACEMENT OF ROAD FURNITURE AT CERTAIN LOCATION UNDER AGE B/R-I AT NEW CANTT UNDER GE (WEST) PRAYAGRAJ.],26-Aug-2025 04:00 PM,E-IN-C BRANCH - MILITARY ENGINEER SERVICES||CE CC AND CE LUCKNOW ZONE - MES||CWE ALLAHABAD - MES,30-Sep-2025 06:00 PM,https://defproc.gov.in/nicgep/app?component=%24DirectLink&page=FrontEndLatestActiveCorrigendums&service=direct&session=T&sp=Spvu1sY4bNrNOHLVt%2FXfEHg%3D%3D
1265,2025_IAF_727695_1,[ 	PROCUREMENT OF SPARES FOR MIG-29 UPG AIRCRAFT],25-Aug-2025 05:00 PM,Indian Air Force,28-Oct-2025 03:00 PM,https://etender.up.nic.in/nicgep/app?component=%24DirectLink_0&page=FrontEndAdvancedSearchResult&service=direct&session=T&sp=SKyU4CPtGNZoqcNaBVil73g%3D%3D
1266,2025_MES_728896_1,[SPECIAL REPAIRS TO BLDG NO T-12 AND T-12A IN R ZONE AT RMS],02-Sep-2025 02:00 PM,E-IN-C BRANCH - MILITARY ENGINEER SERVICES||CE EC AND CE SHILLONG ZONE - MES||CWE HQ 137 WE - MES||GE 868 EWS - MES,02-Oct-2025 06:00 PM,https://defproc.gov.in/nicgep/app?component=%24DirectLink&page=FrontEndLatestActiveCorrigendums&service=direct&session=T&sp=S9LBSO6rqfk2DexpCeArGSw%3D%3D
1267,2025_MES_726158_1,[801674 CONSTRUCTION OF SINGLE LIVING IN OFFICER ACCN AT AFS YELAHANKA],14-Aug-2025 03:30 PM,E-IN-C BRANCH - MILITARY ENGINEER SERVICES||CESC AND CE (AF) BANGALORE - MES,30-Sep-2025 06:00 PM,https://defproc.gov.in/nicgep/app?component=%24DirectLink&page=FrontEndLatestActiveCorrigendums&service=direct&session=T&sp=SAmlbayIgeVpUi%2BE2f%2FIrKg%3D%3D
1268,2025_MES_730004_2,[CERTAIN REPAIR TO JOINERY OTM AND MD ACCN OF LAL TIKKU KHAD AREA UNDER AGE BR - II OF GE(S) MAMUN],27-Sep-2025 05:00 PM,E-IN-C BRANCH - MILITARY ENGINEER SERVICES||CE WC AND CE PATHANKOT ZONE - MES||CWE MAMUN - MES||GE(SOUTH) MAMUN - MES,12-Oct-2025 06:00 PM,https://etender.up.nic.in/nicgep/app?component=%24DirectLink_0&page=FrontEndAdvancedSearchResult&service=direct&session=T&sp=SRrXxK29zeL%2BMUobOomd8hA%3D%3D
1269,2025_MES_726188_1,[CWE/AF AMB/AMB-12/2025-26  ADDITION ALLTERATION TO STP AT AF STN PATIALA],14-Aug-2025 05:00 PM,E-IN-C BRANCH - MILITARY ENGINEER SERVICES||CE WC and CE(AF) WAC PALAM-MES||CWE (AF) Ambala-MES,29-Sep-2025 06:00 PM,https://defproc.gov.in/nicgep/app?component=%24DirectLink&page=FrontEndLatestActiveCorrigendums&service=direct&session=T&sp=S87wPIagDRltWcGAL1zLRbw%3D%3D
1270,2025_MES_729626_1,"[PROVISION OF LT CABLE, LT PANEL AND CONNECTED ITEMS AT TRG AREA OF 01 ASSAM UNDER GE E/M LUCKNOW]",06-Sep-2025 01:00 PM,E-IN-C BRANCH - MILITARY ENGINEER SERVICES||CE CC AND CE LUCKNOW ZONE - MES||CWE LUCKNOW - MES||GE(E/M)LUCKNOW - MES,04-Oct-2025 06:00 PM,https://defproc.gov.in/nicgep/app?component=%24DirectLink&page=FrontEndLatestActiveCorrigendums&service=direct&session=T&sp=SpnI2qdVw6R8cQMXIgL69zg%3D%3D
1271,2025_MES_729203_1,[SPECIAL REPAIR TO BLDG NO. P-21 AT GRD COMPLEX UNDER GE AF GORAKHPUR],03-Sep-2025 05:00 PM,E-IN-C BRANCH - MILITARY ENGINEER SERVICES||CE CC AND CE (AF) ALLAHABAD - MES||CWE (AF) BAMRAULI ALLAHABAD - MES||GE (AF) GORAKHPUR,01-Oct-2025 06:00 PM,https://defproc.gov.in/nicgep/app?component=%24DirectLink&page=FrontEndLatestActiveCorrigendums&service=direct&session=T&sp=SQ%2BnIMkGDTeELpsiLp1H%2Ftg%3D%3D
1272,2025_MES_730688_1,[REPAIR MAINT REPLACEMENT OF WATER SUPPLY PIPELINES STORAGE TANKS  AND CONTROL VALVES CONNECTED ITEMS AT BAISAKHI GRN UNDER GE 859 EWS ],13-Sep-2025 09:00 AM,E-IN-C BRANCH - MILITARY ENGINEER SERVICES||CE EC AND CE SILIGURI ZONE - MES||CWE TENGA - MES||GE 859 EWS - MES,04-Oct-2025 06:00 PM,https://etender.up.nic.in/nicgep/app?component=%24DirectLink_0&page=FrontEndAdvancedSearchResult&service=direct&session=T&sp=SJAMPNYJbp6ahOu0OQiOB4Q%3D%3D
1273,2025_MES_728880_1,[TERM CONTRACT FOR ARTIFICER WORKS AT ZONE A MD ACCN AREA AT ARAKKONAM],03-Sep-2025 01:00 PM,E-IN-C BRANCH - MILITARY ENGINEER SERVICES||CE EC AND CE (NAVY) VIZAG - MES||CWE (Navy) Chennai - MES||GE(MAINT) ARAKKONAM - MES,01-Oct-2025 06:00 PM,https://defproc.gov.in/nicgep/app?component=%24DirectLink&page=FrontEndLatestActiveCorrigendums&service=direct&session=T&sp=SIEm5hULj9Q4%2FugqZVzR9rw%3D%3D
1274,2025_MES_729364_1,[MAINTENANCE REPAIR AND REPLACEMENT OF OLD ALUMINIUM WIRING COPPER WIRING GEYSERS EXHAUST DBS SWITCH SOCKETS LIGHTS FITTINGS CEILING FANS DESERT COOLERS AND OTHERS SUMMER APPLIANCES IN MD AND OTM BLDGS IN POCKET B OF JASAI MIL STN UNDER GE A BARMER],04-Sep-2025 06:00 PM,E-IN-C BRANCH - MILITARY ENGINEER SERVICES||CESC AND CE JODHPUR ZONE - MES||CWE JAISALMER - MES||GE (ARMY) BARMER - MES,03-Oct-2025 06:00 PM,https://defproc.gov.in/nicgep/app?component=%24DirectLink&page=FrontEndLatestActiveCorrigendums&service=direct&session=T&sp=Ss6vGlWPv1g%2BqNmPQaaTHTQ%3D%3D
1275,2025_MES_728031_1,[SPECIAL REPAIR TO ROADS AND ROAD FURNITURES AT UMROI UNDER GE UMROI],27-Aug-2025 02:00 PM,E-IN-C BRANCH - MILITARY ENGINEER SERVICES||CE EC AND CE SHILLONG ZONE - MES||CWE Shillong - MES,02-Oct-2025 06:00 PM,https://defproc.gov.in/nicgep/app?component=%24DirectLink&page=FrontEndLatestActiveCorrigendums&service=direct&session=T&sp=SLFFp90spnqFz8mXBW3xP7A%3D%3D
1276,2025_MES_730411_1,[PROVN OF SEWAGE TREATMENT PLANT AT AF STN UDHAMPUR],12-Sep-2025 06:00 PM,E-IN-C BRANCH - MILITARY ENGINEER SERVICES||CE NC AND CE (AF) UDHAMPUR - MES,17-Oct-2025 06:00 PM,https://defproc.gov.in/nicgep/app?component=%24DirectLink&page=FrontEndLatestActiveCorrigendums&service=direct&session=T&sp=SNkR2lyWqb7j%2BfY9bqdrCVA%3D%3D
1277,2025_MES_729260_1,[PROVN OF RETAINING WALL NEAR BLDG NO N RES 06 AT NEW MIL STN UNDER GE GANGTOK],03-Sep-2025 06:55 PM,E-IN-C BRANCH - MILITARY ENGINEER SERVICES||CE EC AND CE SILIGURI ZONE - MES||HQ 136 WORKS ENGINEERS - MES||GEGANGTOK - MES,29-Sep-2025 06:00 PM,https://defproc.gov.in/nicgep/app?component=%24DirectLink&page=FrontEndLatestActiveCorrigendums&service=direct&session=T&sp=Sk0qFsCOZxec2vNMomo%2FCKg%3D%3D
1278,2025_MES_728117_1,"[REPAIRS /  REPLACEMENT TO STREET LIGHTS, SOLAR LIGHTS, UNSV CABLES AT PTC (K) UNDER AGE (I) NAVY CHENNAI]",28-Aug-2025 06:00 PM,E-IN-C BRANCH - MILITARY ENGINEER SERVICES||CE EC AND CE (NAVY) VIZAG - MES||CWE (Navy) Chennai - MES||AGE (I) Navy Chennai - MES,29-Sep-2025 06:00 PM,https://defproc.gov.in/nicgep/app?component=%24DirectLink&page=FrontEndLatestActiveCorrigendums&service=direct&session=T&sp=SZc4jgjPCCMx8mSmtkXpKZg%3D%3D
1279,2025_MES_728063_1,[COMP MAINTENANCE OF CERTAIN B/R AND E/M SERVICES IN SAKET PURAM COLONY UNDER AGE(I) AYODHYA CANTT],27-Aug-2025 05:00 PM,E-IN-C BRANCH - MILITARY ENGINEER SERVICES||CE CC AND CE LUCKNOW ZONE - MES||CWE ALLAHABAD - MES||GE FAIZABAD - MES,30-Sep-2025 06:00 PM,https://defproc.gov.in/nicgep/app?component=%24DirectLink&page=FrontEndLatestActiveCorrigendums&service=direct&session=T&sp=SgcR250iluZWlruop3BqoXw%3D%3D
1280,2025_MES_730048_1,[SPECIAL REPIARS TO ROAD  HARD STANDING AND ROAD FURNITURE WORKS AT  BUILDING NO XXXVII   XXXIX ST GEORGE FORT  UNDER  GE CHENNAI],09-Sep-2025 05:00 PM,E-IN-C BRANCH - MILITARY ENGINEER SERVICES||CE SC AND CE CHENNAI ZONE  - MES||CWE CHENNAI - MES,30-Sep-2025 06:00 PM,https://defproc.gov.in/nicgep/app?component=%24DirectLink&page=FrontEndLatestActiveCorrigendums&service=direct&session=T&sp=Sgv6NHW7NF37xgdGm6ObfqQ%3D%3D
1281,2025_MES_731920_1,[GEAFU-47/2025-26],20-Sep-2025 06:00 PM,E-IN-C BRANCH - MILITARY ENGINEER SERVICES||CE NC AND CE (AF) UDHAMPUR - MES||CWE (AF) JAMMU - MES||GE (AF) UDHAMPUR - MES,11-Oct-2025 06:00 PM,https://defproc.gov.in/nicgep/app?component=%24DirectLink&page=FrontEndLatestActiveCorrigendums&service=direct&session=T&sp=SRwb%2BkuFz7o%2BplTEkPYhfGw%3D%3D
1282,2025_MES_722732_2,[WELCOME MAINT INCLUDING PERIODICAL SERVICES FOR OTM ACCN AT OLD AIR FIELD UNDER GE 970 EWS.],22-Sep-2025 06:00 PM,E-IN-C BRANCH - MILITARY ENGINEER SERVICES||CE NC AND CE 31 ZONE - MES||134 WORKS ENGINEER - MES||GE 970 EWS - MES,06-Oct-2025 06:00 PM,https://etender.up.nic.in/nicgep/app?component=%24DirectLink_0&page=FrontEndAdvancedSearchResult&service=direct&session=T&sp=S4OZnWjPHD5JPzsxv%2BL%2BlYw%3D%3D
1283,2025_MES_731090_1,[CA NO. CWE/HILLS/PGH/87 OF 2025-2026 REPAIR/MAINTENANCE OF SEWAGE TREATMENT PLANTS AND ALLIED INFRASTRUCTURE AT MIL STN PITHORAGARH],15-Sep-2025 06:55 PM,E-IN-C BRANCH - MILITARY ENGINEER SERVICES||CE CC AND CE BAREILLY ZONE - MES||CWE HILLS PITHORAGARH - MES,06-Oct-2025 06:00 PM,https://defproc.gov.in/nicgep/app?component=%24DirectLink&page=FrontEndLatestActiveCorrigendums&service=direct&session=T&sp=SEfUOv7timpNDGucyPBp4Ag%3D%3D
1284,2025_MES_726035_1,"[84152/E8 PROVN OF DSA WORKS SERVICES FOR DSA AT ALG MECHUKA, TUTING AND VIJAYNAGAR AT AFS JORHAT]",13-Aug-2025 06:00 PM,E-IN-C BRANCH - MILITARY ENGINEER SERVICES||CE EC AND CE (AF) SHILLONG - MES||CWE (AF) JORHAT - MES,29-Sep-2025 06:00 PM,https://defproc.gov.in/nicgep/app?component=%24DirectLink&page=FrontEndLatestActiveCorrigendums&service=direct&session=T&sp=SF3Z2%2BI5YYgmayxbwTnb0Cg%3D%3D
1285,2025_MES_723742_2,[PROVN OF KLP FOR SIG COY AT LALGARH JATTAN MIL STN],29-Sep-2025 01:00 PM,E-IN-C BRANCH - MILITARY ENGINEER SERVICES||CE SWC AND CE BATHINDA ZONE - MES,20-Oct-2025 06:00 PM,https://etender.up.nic.in/nicgep/app?component=%24DirectLink_0&page=FrontEndAdvancedSearchResult&service=direct&session=T&sp=S4nfjEvoiS8yibOA1cssvaA%3D%3D
1286,2025_MES_731203_1,"[REPAIR AND MAINT OF IMPROVEMENT OF UNSERVICEABLE LT PANEL AND REPLACMENT OLD RUSTED PANELS CONCONTROL SYSTEM, OVERHEAD CONDUCTOR AND CABLE NET WORKING AT BANA ENCLAVE (LTK AREA UNDER GE(S) MAMUN]",17-Sep-2025 09:00 AM,E-IN-C BRANCH - MILITARY ENGINEER SERVICES||CE WC AND CE PATHANKOT ZONE - MES||CWE MAMUN - MES||GE(SOUTH) MAMUN - MES,08-Oct-2025 06:00 PM,https://defproc.gov.in/nicgep/app?component=%24DirectLink&page=FrontEndLatestActiveCorrigendums&service=direct&session=T&sp=S1EMsOYTax3aLcyR1Hpuk5w%3D%3D
1287,2025_MES_716670_2,[SPECIAL REPAIR FOR REPLACEMENT BER TRANSFORMERS (07 NOS) BY COMPACT SUB STATION AT ARMY AREA JODHPUR UNDER GE (ARMY) NO. 01],11-Sep-2025 12:00 PM,E-IN-C BRANCH - MILITARY ENGINEER SERVICES||CESC AND CE JODHPUR ZONE - MES||CWE(ARMY) JODHPUR - MES,30-Sep-2025 06:00 PM,https://defproc.gov.in/nicgep/app?component=%24DirectLink&page=FrontEndLatestActiveCorrigendums&service=direct&session=T&sp=SSCd2uB9xMaqIhNdzWSQD0g%3D%3D
1288,2025_MES_731904_1,"[COMPREHENSIVE MAINTENANCE AND REPAIR OF LIFTS, FREIGHT ELEVATOR, CONTROL PANELS AND ALLIED WORKS AT TECH AREA  RESIDENTIAL AREA OF IRDE UNDER GE (I) RND DEHRADUN]",20-Sep-2025 06:00 PM,E-IN-C BRANCH - MILITARY ENGINEER SERVICES||ADG (OF and DRDO)  AND CE (R and D) DELHI-  MES||GE(I) R and D Dehradun - MES,04-Oct-2025 06:00 PM,https://etender.up.nic.in/nicgep/app?component=%24DirectLink_0&page=FrontEndAdvancedSearchResult&service=direct&session=T&sp=SZq4iyRx1GmRoywA9wEW4%2BA%3D%3D
1289,2025_MES_703379_4,[REPAIR/MAINTENANCE OF ROADS AT VARIOUS UNITS AT DRASS],09-Sep-2025 03:00 PM,E-IN-C BRANCH - MILITARY ENGINEER SERVICES||CE NC AND CE LEH ZONE - MES||CWE KUMBATHANG - MES,30-Sep-2025 06:00 PM,https://defproc.gov.in/nicgep/app?component=%24DirectLink&page=FrontEndLatestActiveCorrigendums&service=direct&session=T&sp=SgwcHpWkd0oT2FczDOzWROA%3D%3D
1290,2025_MES_729648_1,[COMPREHENSIVE REPAIR TO B/R WORK AT DHARAMPUR UNDER GE (I) CG PORBANDAR],06-Sep-2025 04:00 PM,E-IN-C BRANCH - MILITARY ENGINEER SERVICES||ADG (CG AND PROJECT) CHENNAI AND CE (CG) GOA - MES||GE (CG) PORBANDAR - MES,02-Oct-2025 06:00 PM,https://defproc.gov.in/nicgep/app?component=%24DirectLink&page=FrontEndLatestActiveCorrigendums&service=direct&session=T&sp=SoCfKw399uyAkaDqsyhIldg%3D%3D
1291,2025_MES_730960_1,"[REPAIR/ REPLACEMENT OF INTERNAL ELECTRIFICATION AND CONNECTED WORKS IN OTM AND MD ACCN OF ZONE-IV, V AND VI UNDER AGE E/M-II OF GE (SOUTH) MEERUT]",15-Sep-2025 03:10 PM,E-IN-C BRANCH - MILITARY ENGINEER SERVICES||CE CC AND CE BAREILLY ZONE - MES||CWE No 2 MEERUT - MES,06-Oct-2025 06:00 PM,https://defproc.gov.in/nicgep/app?component=%24DirectLink&page=FrontEndLatestActiveCorrigendums&service=direct&session=T&sp=SIC2EWp0qbUcJIEWscufWpQ%3D%3D
1292,2025_MES_729487_1,[PROVN OF 01 STATIC WATER TANK (SWT) NEAR TCP GATE  AND PROVN OF TWO WHEELER PARKING SHED NEAR MAIN  GATE AT 119 (I) INF BDE GP OMC CHAMPAWAT UNDER GE  PITHORAGARH],04-Sep-2025 06:30 PM,E-IN-C BRANCH - MILITARY ENGINEER SERVICES||CE CC AND CE BAREILLY ZONE - MES||CWE HILLS PITHORAGARH - MES||GE Pithoragarh - MES,03-Oct-2025 06:00 PM,https://defproc.gov.in/nicgep/app?component=%24DirectLink&page=FrontEndLatestActiveCorrigendums&service=direct&session=T&sp=SWuN71rvVBhE%2BFDGuQhQy3g%3D%3D
1293,2025_MES_730401_1,"[REPAIRS, PAINTING OF  ALL TYPES OF STEEL FURNITURES INCLUDING RECANNING  OF CHAIR VARANDAH UNDER GE (AF) ADM AREA AT AF STN AGRA.]",11-Sep-2025 05:00 PM,E-IN-C BRANCH - MILITARY ENGINEER SERVICES||CE CC AND CE (AF) ALLAHABAD - MES||CWE (AF) KHERIA - MES||GE (AF) ADM AREA KHERIA - MES,30-Sep-2025 06:00 PM,https://etender.up.nic.in/nicgep/app?component=%24DirectLink_0&page=FrontEndAdvancedSearchResult&service=direct&session=T&sp=SciLOCrPK8IiNMaCFbVrjUg%3D%3D
1294,2025_MES_701963_1,[PROVN OF MES COMPLEX AT HISAR MIL STN],20-Mar-2025 06:00 PM,E-IN-C BRANCH - MILITARY ENGINEER SERVICES||CE SWC AND CE JAIPUR JAIPUR - MES||CWE HISAR - MES,25-Oct-2025 06:00 PM,https://defproc.gov.in/nicgep/app?component=%24DirectLink&page=FrontEndLatestActiveCorrigendums&service=direct&session=T&sp=Sij6V4J1VP%2FAWjA5idZ95XQ%3D%3D
1295,2025_MES_730132_1,[CONSTRUCTION OF ECHS POLYCLINIC TYPE D AMRAVATI (NON MILITARY STATION)],10-Sep-2025 06:00 PM,E-IN-C BRANCH - MILITARY ENGINEER SERVICES||CESC AND CE BHOPAL ZONE  - MES||CWE NAGPUR - MES,15-Oct-2025 06:00 PM,https://defproc.gov.in/nicgep/app?component=%24DirectLink&page=FrontEndLatestActiveCorrigendums&service=direct&session=T&sp=S1daGPNY0bBU3peDveZWKiQ%3D%3D
1296,2025_MES_728715_1,[ANNUAL MAINTENANCE CONTRACTS FOR 08 PASSENGER LIFT AT SHIBPUR UNDER GE (S) DIGLIPUR],01-Sep-2025 05:00 PM,E-IN-C BRANCH - MILITARY ENGINEER SERVICES||CE SC AND CE (A and N) ZONE - MES||CWE No. 2 PORT BLAIR - MES||GE (SOUTH) DIGLIPUR - MES,29-Sep-2025 06:00 PM,https://defproc.gov.in/nicgep/app?component=%24DirectLink&page=FrontEndLatestActiveCorrigendums&service=direct&session=T&sp=SzhGwIgoR2fw03oGHoT3rnw%3D%3D
1297,2025_MES_724460_1,"[PROVISION OF DEFICIENT MARRIED ACCOMMODATION FOR SAILORS MCPOs CPOs AT NARAINA BAGH, NEW DELHI ON EPC MODE UNDER GE NEW DELHI]",05-Aug-2025 09:00 AM,E-IN-C BRANCH - MILITARY ENGINEER SERVICES||CE WC and CE DELHI ZONE-MES,11-Oct-2025 06:00 PM,https://defproc.gov.in/nicgep/app?component=%24DirectLink&page=FrontEndLatestActiveCorrigendums&service=direct&session=T&sp=SYHqwKkZ9MvPf%2BEnpT25zag%3D%3D
1298,2025_MES_728076_1,[CONSTRUCTION OF COMPACTOR ROOM FOR STORAGE OF DOCUMENTS AT RECORDS SFF AT CHAKRATA],27-Aug-2025 05:50 PM,E-IN-C BRANCH - MILITARY ENGINEER SERVICES||CE CC AND CE BAREILLY ZONE - MES||CWE DEHRADUN - MES,03-Oct-2025 06:00 PM,https://defproc.gov.in/nicgep/app?component=%24DirectLink&page=FrontEndLatestActiveCorrigendums&service=direct&session=T&sp=SPQTppHZcOMX327s%2FiXNuvQ%3D%3D
1299,2025_MES_722257_2,[GE 861 EWS-39 (T)/2025-26],13-Sep-2025 01:00 PM,E-IN-C BRANCH - MILITARY ENGINEER SERVICES||CE NC AND CE 31 ZONE - MES||134 WORKS ENGINEER - MES||GE 861 EWS - MES,04-Oct-2025 06:00 PM,https://defproc.gov.in/nicgep/app?component=%24DirectLink&page=FrontEndLatestActiveCorrigendums&service=direct&session=T&sp=STuI47Yl4XivBAItHZ%2BK8Vg%3D%3D
1300,2025_MES_729712_1,[REPAIR TO CERTAIN ROADS AT BADDOWAL AND MOGA UNDER GE LUDHIANA],06-Sep-2025 04:30 PM,E-IN-C BRANCH - MILITARY ENGINEER SERVICES||CE WC AND CE JALANDHAR ZONE - MES||CWE FEROZEPUR - MES,02-Oct-2025 06:00 PM,https://defproc.gov.in/nicgep/app?component=%24DirectLink&page=FrontEndLatestActiveCorrigendums&service=direct&session=T&sp=S2TVjx5E46SFbZWHfbiorJQ%3D%3D
1301,2025_MES_729060_1,"[REPAIR/ REPLACEMENT AND CLEANING OF SEWAGE LINE, SEPTIC TANKS, PITS AND COVER SLAB/ MANHOLES COVERS AT DAMTAL, KANDRORI, NANGAL BHUR AND KAUNTERPUR AREA UNDER GE SOUTH PATHANKOT]",03-Sep-2025 02:30 PM,E-IN-C BRANCH - MILITARY ENGINEER SERVICES||CE WC AND CE PATHANKOT ZONE - MES||CWE PATHANKOT - MES||GE (SOUTH) PATHANKOT - MES,30-Sep-2025 06:00 PM,https://defproc.gov.in/nicgep/app?component=%24DirectLink&page=FrontEndLatestActiveCorrigendums&service=direct&session=T&sp=SawRyq4eICiEHJlCJeVGIDw%3D%3D
1302,2025_ARMY_731747_1,[RC/25-26/201],19-Sep-2025 06:00 PM,IHQ of MoD (Army)-(OSCC)||DGAFMS-IHQ of MoD (Army)-(OSCC)||DG 2 GROUP-IHQ of MoD (Army)-(OSCC)||AFMSD 4-IHQ of MoD (Army),21-Oct-2025 10:00 AM,https://etender.up.nic.in/nicgep/app?component=%24DirectLink_0&page=FrontEndAdvancedSearchResult&service=direct&session=T&sp=SztPigNZfRbB16Rx6fTydYA%3D%3D
1303,2025_MES_729491_1,[8454/E8 TERM CONTRACT FOR ARTIFICERS WORKS AT RTS AND  DEPOT HEMPUR UNDER GE (EAST) BAREILLY],04-Sep-2025 05:55 PM,E-IN-C BRANCH - MILITARY ENGINEER SERVICES||CE CC AND CE BAREILLY ZONE - MES||CWE BAREILLY - MES||GE(EAST) BAREILLY - MES,02-Oct-2025 06:00 PM,https://defproc.gov.in/nicgep/app?component=%24DirectLink&page=FrontEndLatestActiveCorrigendums&service=direct&session=T&sp=SowqkqDWxs9K5FQF4CHlpew%3D%3D
1304,2025_MES_729039_1,"[Repair,Renewal,Replacement under maint of HT Over Head lines, underground cable and connected items under GE (A) Suratgarh]",02-Sep-2025 06:00 PM,E-IN-C BRANCH - MILITARY ENGINEER SERVICES||CE SWC AND CE BATHINDA ZONE - MES||CWE BIKANER - MES,30-Sep-2025 06:00 PM,https://defproc.gov.in/nicgep/app?component=%24DirectLink&page=FrontEndLatestActiveCorrigendums&service=direct&session=T&sp=SHp706Wub6HXEBwwuYF%2BJmw%3D%3D
1305,2025_MES_728791_1,"[REPAIR MAINT OF REFERIGERATORS, DEEP FREEZERS, ACs AND VOLTAGE STABILIZERS, DESERT COOLERS, WATER COOLERS AND CONNECTED WORKS UNDER GE (SOUTH) MAMUN]",02-Sep-2025 09:00 AM,E-IN-C BRANCH - MILITARY ENGINEER SERVICES||CE WC AND CE PATHANKOT ZONE - MES||CWE MAMUN - MES||GE(SOUTH) MAMUN - MES,30-Sep-2025 06:00 PM,https://defproc.gov.in/nicgep/app?component=%24DirectLink&page=FrontEndLatestActiveCorrigendums&service=direct&session=T&sp=SS94KCLRlHwd%2BcpueG%2Fy6Lw%3D%3D
1306,2025_MES_729886_1,[PROVN OF 01 X 125 KVA AND 01 X 45 KVA DG SETS ALONGWITH COVERED SHED AND CONNECTED ACCESSORIES AT ALONG MIL STN],09-Sep-2025 10:00 AM,E-IN-C BRANCH - MILITARY ENGINEER SERVICES||CE EC AND CE SHILLONG ZONE - MES||CWE Likabali - MES,30-Sep-2025 06:00 PM,https://defproc.gov.in/nicgep/app?component=%24DirectLink&page=FrontEndLatestActiveCorrigendums&service=direct&session=T&sp=SN28oo9YLwL6sPvAA4mc2ng%3D%3D
1307,2025_MES_730932_1,[SPL REPAIR OF PROTECTIVE WORK FOR WATER SUPPLY INSTALLATION AT RMS],15-Sep-2025 02:00 PM,E-IN-C BRANCH - MILITARY ENGINEER SERVICES||CE EC AND CE SHILLONG ZONE - MES||CWE HQ 137 WE - MES||GE 868 EWS - MES,11-Oct-2025 06:00 PM,https://defproc.gov.in/nicgep/app?component=%24DirectLink&page=FrontEndLatestActiveCorrigendums&service=direct&session=T&sp=S7mbFk%2BwKveghJxaWUsCwug%3D%3D
1308,2025_MES_731116_1,[PERIODICAL SERVICES AND CERTAIN REPAIR WORKS TO COMPOUND WALLS CATTTLE FENCING AND GATE AT INS RAJALI ARAKKONAM],22-Sep-2025 05:45 PM,E-IN-C BRANCH - MILITARY ENGINEER SERVICES||CE EC AND CE (NAVY) VIZAG - MES||CWE (Navy) Chennai - MES||GE(MAINT) ARAKKONAM - MES,13-Oct-2025 06:00 PM,https://etender.up.nic.in/nicgep/app?component=%24DirectLink_0&page=FrontEndAdvancedSearchResult&service=direct&session=T&sp=S1YT%2B6GxUZvT2ds933Ll3vg%3D%3D
1309,2025_MES_725937_1,"[PROVN OF STANDALONE STRUCTURE FOR PATIENT WAITING AREA WITH ANCILLIARY SERVICES AT AH RR ON EPC MODE UNDER GE E/M RR HOSPITAL, DELHI CANTT]",13-Aug-2025 06:00 PM,E-IN-C BRANCH - MILITARY ENGINEER SERVICES||CE WC and CE DELHI ZONE-MES,08-Oct-2025 06:00 PM,https://defproc.gov.in/nicgep/app?component=%24DirectLink&page=FrontEndLatestActiveCorrigendums&service=direct&session=T&sp=Se5E0vCwebUcR7zZ2UgxNxw%3D%3D
1310,2025_MES_729756_1,[SPECIAL REPAIR AND STRUCTURAL REHABILITATION OF BLDG NO P-2 AND P-2A AT TECH AREA AT AFS JAIPUR],08-Sep-2025 11:00 AM,E-IN-C BRANCH - MILITARY ENGINEER SERVICES||CE SWC AND CE (AF) GANDHINAGAR - MES||CWE (AF) JODHPUR - MES,13-Oct-2025 06:00 PM,https://defproc.gov.in/nicgep/app?component=%24DirectLink&page=FrontEndLatestActiveCorrigendums&service=direct&session=T&sp=SzRj5W3lOMGSlk5Wuv1I%2BnA%3D%3D
1311,2025_MES_731877_1,[CERTAIN MISC REPAIRS TO FIRE FIGHTING DISTRIBUTION SYSTEM AND ITS CONNECTED ITEMS AT  MH KHADKI UNDER GE MH AND RH KHADKI],20-Sep-2025 06:00 PM,E-IN-C BRANCH - MILITARY ENGINEER SERVICES||CE SC AND CE PUNE ZONE - MES||CWE KIRKEE - MES||GE MH AND RANGE HILLS - MES,11-Oct-2025 06:00 PM,https://defproc.gov.in/nicgep/app?component=%24DirectLink&page=FrontEndLatestActiveCorrigendums&service=direct&session=T&sp=SWvywKgrPrOCFo0VZR%2B2AWQ%3D%3D
1312,2025_MES_729079_1,"[8225 REPAIR/ MAINTENANCE OF LT PANEL, LT UG CABLE, CABLE TRAYS AND OTHER ALLIED WORKS AT INS ANGRE, NPO, COMCEN, INS AGNIBAHU, MOC, UNDER GE (NW) KUNJALI]",03-Sep-2025 06:00 PM,E-IN-C BRANCH - MILITARY ENGINEER SERVICES||CESC AND CE( NAVY )MUMBAI - MES||CWE (NW) MUMBAI - MES||GE (NW) KUNJALI - MES,01-Oct-2025 06:55 PM,https://defproc.gov.in/nicgep/app?component=%24DirectLink&page=FrontEndLatestActiveCorrigendums&service=direct&session=T&sp=S2my4W4aqAbDpsnXpso%2FJtg%3D%3D
1313,2025_MES_708246_1,[752972A PROVN OF TRAINING SHEDS AND PT SHEDS AT JAK RRC GRC AND 1STC JABALPUR UNDER GE P NO 01 JABALPUR],05-Aug-2025 06:00 PM,E-IN-C BRANCH - MILITARY ENGINEER SERVICES||CE CC AND CE JABALPUR ZONE - MES,10-Oct-2025 06:00 PM,https://defproc.gov.in/nicgep/app?component=%24DirectLink&page=FrontEndLatestActiveCorrigendums&service=direct&session=T&sp=SOrJWKRKXUBFPrLpG3XJPiw%3D%3D
1314,2025_MES_728260_1,"[MAINTENANCE AND REPAIRS TO SEWAGE PUMPS, AIR BLOWERS AND DOSING PUMPS AND CLEANING OF WATER SUPPLY OVER HEAD TANK AND UG SUMPS AT AFS BIDAR]",03-Sep-2025 06:15 PM,E-IN-C BRANCH - MILITARY ENGINEER SERVICES||CESC AND CE (AF) BANGALORE - MES||CWE (AF) SECUNDERABAD - MES||GE(AF)BIDAR - MES,01-Oct-2025 06:00 PM,https://defproc.gov.in/nicgep/app?component=%24DirectLink&page=FrontEndLatestActiveCorrigendums&service=direct&session=T&sp=SjS3b0ZmYTtoM1uQ%2FgfVOlg%3D%3D
1315,2025_MES_729302_1,[REPAIR TO JOINERY AND OTHER ITEMS OF B/R MAINT AT VARIOUS BLDGS OF RATNUCHAK MIL STN UNDER GE KALUCHAK],04-Sep-2025 06:00 PM,E-IN-C BRANCH - MILITARY ENGINEER SERVICES||CE WC AND CE PATHANKOT ZONE - MES||CWE JAMMU - MES||GE KALUCHAK - MES,02-Oct-2025 06:00 PM,https://etender.up.nic.in/nicgep/app?component=%24DirectLink_0&page=FrontEndAdvancedSearchResult&service=direct&session=T&sp=SwrmfOv7bvmOBWCj8z6tcAg%3D%3D
1316,2025_MES_730640_1,"[REPAIR/MAINTENANCE OF FRESH WATER MAIN PUMP SETS AND CONNECTED PANELS WITH ALLIED WORKS AT PUMP HOUSES  AT  NAVAL DOCKYARD, VISAKHAPATNAM UNDER GE(I) DM VISAKHAPATNAM]",12-Sep-2025 06:00 PM,E-IN-C BRANCH - MILITARY ENGINEER SERVICES||CE EC AND CE (NAVY) VIZAG - MES||GE (I) (DM) VISAKHAPATNAM - MES||GE I DM VIZAG - MES,03-Oct-2025 06:00 PM,https://defproc.gov.in/nicgep/app?component=%24DirectLink&page=FrontEndLatestActiveCorrigendums&service=direct&session=T&sp=S0R4Hyf8XweB6V%2FNV%2FwKOvA%3D%3D
1317,2025_IAF_728125_1,[PROCUREMENT OF SPARES FOR RAFALE AIRCRAFT],28-Aug-2025 05:00 PM,Indian Air Force||AOM NEW DELHI - IAF||ACAS (Procurement) - IAF||D Procurement - IAF,21-Oct-2025 03:00 PM,https://defproc.gov.in/nicgep/app?component=%24DirectLink&page=FrontEndLatestActiveCorrigendums&service=direct&session=T&sp=SB4w2Ahlx%2BTFU3IFTjj%2FnMQ%3D%3D
1318,2025_MES_728808_1,[REPLACEMENT OF FURNITURE OUT OF MAINT GRANTS AGAINST  SURVEYED OFF  FOR OFFRS / JCOS /ORS MD ACCN AND OTM ACCN  UNDER GE(EAST) LUCKNOW],01-Sep-2025 06:00 PM,E-IN-C BRANCH - MILITARY ENGINEER SERVICES||CE CC AND CE LUCKNOW ZONE - MES||CWE LUCKNOW - MES,29-Sep-2025 06:00 PM,https://defproc.gov.in/nicgep/app?component=%24DirectLink&page=FrontEndLatestActiveCorrigendums&service=direct&session=T&sp=S%2FDWr1EHLUVZua%2B5HOpWcAg%3D%3D
1319,2025_MES_730190_1,"[REPAIR AND MAINTENANCE OF WOODEN / STEEL FURNITURE, LOCKING SYSTEM AND OTHER CONNECTED WORKS AT CVRDE AVADI]",10-Sep-2025 06:00 PM,E-IN-C BRANCH - MILITARY ENGINEER SERVICES||ADG (OF and DRDO) AND CE (R and D) SECUNDERABAD - MES,13-Oct-2025 06:00 PM,https://defproc.gov.in/nicgep/app?component=%24DirectLink&page=FrontEndLatestActiveCorrigendums&service=direct&session=T&sp=SXKQKOQfOvkW1P%2Be6xp%2F8%2Bw%3D%3D
1320,2025_MES_729518_1,[SPECIAL REPAIR TO BUILDING NO P156 from 01 to 07 OR MD ACCN AT LICHUBARI  IN JORHAT MIL STATION UNDER GE JORHAT],04-Sep-2025 06:15 PM,E-IN-C BRANCH - MILITARY ENGINEER SERVICES||CE EC AND CE SHILLONG ZONE - MES||CWE Dinjan - MES||GE Jorhat - MES,01-Oct-2025 06:00 PM,https://defproc.gov.in/nicgep/app?component=%24DirectLink&page=FrontEndLatestActiveCorrigendums&service=direct&session=T&sp=SIQnqgNzahKzWPfB%2B%2F8Dilg%3D%3D
1321,2025_MES_728717_1,[SPECIAL REPAIR TO BLDG NO P-228 (SINGLE OR LIVING ACCN) OF 414 FD HOSP AT ANARWALA UNDER GE DEHRADUN],01-Sep-2025 01:00 PM,E-IN-C BRANCH - MILITARY ENGINEER SERVICES||CE CC AND CE BAREILLY ZONE - MES||CWE DEHRADUN - MES,29-Sep-2025 06:00 PM,https://defproc.gov.in/nicgep/app?component=%24DirectLink&page=FrontEndLatestActiveCorrigendums&service=direct&session=T&sp=SLUoUE%2FGuAyV1GmJCfYqW1Q%3D%3D
1322,2025_MES_727827_1,[PROVISION OF AIR CONDITIONING UNITS IN TECHNICAL DIVISIONS OF DRDE GWALIOR UNDER GE I RnD DELHI],26-Aug-2025 06:55 PM,E-IN-C BRANCH - MILITARY ENGINEER SERVICES||ADG (OF and DRDO)  AND CE (R and D) DELHI-  MES||AGE (I) RND DELHI - MES||AGE (I) R and D DELHI - MES,14-Oct-2025 06:00 PM,https://defproc.gov.in/nicgep/app?component=%24DirectLink&page=FrontEndLatestActiveCorrigendums&service=direct&session=T&sp=Sbnl5BHePN9JDY4JVUCurag%3D%3D
1323,2025_MES_728092_1,[SPECIAL REPAIRS TO SOUTH WING OF KOHLI BLOCK AT NAVAL BASE KOCHI],27-Aug-2025 06:55 PM,E-IN-C BRANCH - MILITARY ENGINEER SERVICES||CESC AND CE (NAVY) KOCHI - MES||CWE NW KOCHI - MES,01-Oct-2025 06:00 PM,https://defproc.gov.in/nicgep/app?component=%24DirectLink&page=FrontEndLatestActiveCorrigendums&service=direct&session=T&sp=SVtIP1tdjBvJMYJb731NZ6w%3D%3D
1324,2025_MES_726905_1,"[CONSTRUCTION OF RESIDENTIAL ACCOMMODATION FOR  DEO, ADEO AND STAFF OF DEO VISAKHAPATNAM  THROUGH GE (P) (N) VISAKHAPATNAM ]",20-Aug-2025 06:00 PM,E-IN-C BRANCH - MILITARY ENGINEER SERVICES||CE EC AND CE (NAVY) VIZAG - MES||CWE (P) VISHAKHAPATNAM - MES,04-Oct-2025 06:00 PM,https://defproc.gov.in/nicgep/app?component=%24DirectLink&page=FrontEndLatestActiveCorrigendums&service=direct&session=T&sp=SYcgJdB6rp61H5Mzw48pR5w%3D%3D
1325,2025_MES_728673_1,"[MAINT/REPAIR OF EXT W/S SYS, GI/UPVC PIPE LINES,  CLEANING OF SHALLOW/BORE WELLS, REPAIR TO PUMP SETS, MOTOR ETC, AND MISC WORKS AT CALICUT,  MAINT/REPAIR TO PUMP SETS, MOTOR, CABLE, CONTROL SYSTEM OF PUMP SET AT KANNUR UNDER GE (ARMY) TVM]",01-Sep-2025 09:00 AM,E-IN-C BRANCH - MILITARY ENGINEER SERVICES||CE SC AND CE CHENNAI ZONE  - MES||CWE WELLINGTON - MES||GE (ARMY) TRIVANDRUM - MES,02-Oct-2025 06:00 PM,https://defproc.gov.in/nicgep/app?component=%24DirectLink&page=FrontEndLatestActiveCorrigendums&service=direct&session=T&sp=SBjwSnDJEyMDYAtRZfR6rcg%3D%3D
1326,2025_MES_727654_1,"[SPECIAL REPAIR TO BLDG NO P 01 (VARUNA BLDG GROUND FLOOR TO 4TH FLOOR) OF PCDA (NAVY) UNDER GE (NW) KUNJALI, COLABA, MUMBAI]",25-Aug-2025 06:00 PM,E-IN-C BRANCH - MILITARY ENGINEER SERVICES||CESC AND CE( NAVY )MUMBAI - MES||CWE (NW) MUMBAI - MES,08-Oct-2025 06:00 PM,https://defproc.gov.in/nicgep/app?component=%24DirectLink&page=FrontEndLatestActiveCorrigendums&service=direct&session=T&sp=SPCKQpbACum7nFnY5qKoSzw%3D%3D
1327,2025_MES_730251_1,[REPAIR/MAINT OF HT/LT NETWORK AND ALLIED WORKS UNDER GE (A) JAISALMER AT MIL STN JAISALMER. (CPP SERIAL No. 72)],10-Sep-2025 06:00 PM,E-IN-C BRANCH - MILITARY ENGINEER SERVICES||CESC AND CE JODHPUR ZONE - MES||CWE JAISALMER - MES,06-Oct-2025 06:00 PM,https://defproc.gov.in/nicgep/app?component=%24DirectLink&page=FrontEndLatestActiveCorrigendums&service=direct&session=T&sp=SJInnpe2ilQkE7wEY%2Fo%2Bqyg%3D%3D
1328,2025_MES_712060_2,"[COMPREHENSIVE MAINT TO CERTAIN BLDGS INCL FENCING REPAIR AND MISC WORKS, REPAIR/MAINT TO EM INSTALLATION AND REPAIR/MAINT OF WATER SUPPLY LINES INCL CHLORINATION AND MISC WORK AT 652 COY ASC (CIV GT) IMTRAT UNDER GE (AF) HASIMARA]",01-Sep-2025 12:00 PM,E-IN-C BRANCH - MILITARY ENGINEER SERVICES||CE EC AND CE (AF) SHILLONG - MES||CWE (AF) BAGDOGRA - (AF) Shillong Zone- MES||GE (AF) HASIMARA - (AF) Shillong Zone- MES,29-Sep-2025 06:00 PM,https://defproc.gov.in/nicgep/app?component=%24DirectLink&page=FrontEndLatestActiveCorrigendums&service=direct&session=T&sp=SQ9I2RMgUM%2BK%2Fvy0R%2FIH4%2BA%3D%3D
1329,2025_MES_729531_1,[PROVISION OF VISITOR ROOM ALL WEATHER SHED ACS AND DEMOLITION  RECONSTRUCTION OF BUILDING NO P 22 AT NAVAL BASE],05-Sep-2025 10:00 AM,E-IN-C BRANCH - MILITARY ENGINEER SERVICES||CESC AND CE( NAVY )MUMBAI - MES||GE (I) NAVY PORBANDAR - MES||GE (I) NAVY PORBANDAR - MES,04-Oct-2025 06:00 PM,https://defproc.gov.in/nicgep/app?component=%24DirectLink&page=FrontEndLatestActiveCorrigendums&service=direct&session=T&sp=S%2BJJ4T6Bkdh1y5Fa%2FHoMNJg%3D%3D
1330,2025_MES_730657_1,[PROVN OF 16 X SECURITY LIGHTS ALONGWITH POLE AND CABLE AT STN GURUDWARA HIGH MAST LIGH IN WTP  MAIN PUMP HOUSE AND 35 X GEYSERS  35 X EXHAUST FAN FOR MD ACCN OF 261 CEDU AND REWIRING AT VARIOUS LOCATIONS OF 313 COY ASC SUP UNDER GE NARANGI],12-Sep-2025 06:00 PM,E-IN-C BRANCH - MILITARY ENGINEER SERVICES||CE EC AND CE SHILLONG ZONE - MES||CWE Shillong - MES||GE NARANGI - MES,02-Oct-2025 06:00 PM,https://defproc.gov.in/nicgep/app?component=%24DirectLink&page=FrontEndLatestActiveCorrigendums&service=direct&session=T&sp=ScIQCEIyMbydXJGzsg17tSg%3D%3D
1331,2025_MES_730506_1,[752999A PROVN OF OFFICE COMPLEX CLASSROOM AND BATHROOM AT TRAINING CELL FOR TRAINING OF JAK RIF REGIMENTAL CENTRE AT JABALPUR MIL STN],22-Sep-2025 06:00 PM,E-IN-C BRANCH - MILITARY ENGINEER SERVICES||CE CC AND CE JABALPUR ZONE - MES,27-Oct-2025 06:00 PM,https://etender.up.nic.in/nicgep/app?component=%24DirectLink_0&page=FrontEndAdvancedSearchResult&service=direct&session=T&sp=S7dnr1hwFfTq4B%2FDRiFikmQ%3D%3D
1332,2025_MES_725919_1,"[REPAIRS TO LEAKAGE SEEPAGES FROM SUNKEN OF BATH WCs, PLUMBING, SANITARY FITTINGS, CLEANING OF SERVICE TANKS ETC IN CERTAIN OMQs AND SMQs AT SECTOR 47 AND 28 UNDER GE (AF) MC CHANDIGARH ]",13-Aug-2025 01:00 PM,E-IN-C BRANCH - MILITARY ENGINEER SERVICES||CESC AND CE (AF) NAGPUR - MES||CWE (AF) TUGALAKABAD - MES||GE (AF) MC Chandigarh - MES,29-Sep-2025 06:00 PM,https://defproc.gov.in/nicgep/app?component=%24DirectLink&page=FrontEndLatestActiveCorrigendums&service=direct&session=T&sp=So8z6TWIc%2BxOPiTOUm40%2B7Q%3D%3D
1333,2025_MES_728864_1,[SPL REPAIR TO BLDG NO E-37 OF 22 RAPID (S) SIG REGT UNDER AGE B/R-IV AND AGE E/M-II OF GE (SOUTH) MEERUT ],02-Sep-2025 06:00 PM,E-IN-C BRANCH - MILITARY ENGINEER SERVICES||CE CC AND CE BAREILLY ZONE - MES||CWE No 2 MEERUT - MES||GE (SOUTH) MEERUT - MES,30-Sep-2025 06:00 PM,https://defproc.gov.in/nicgep/app?component=%24DirectLink&page=FrontEndLatestActiveCorrigendums&service=direct&session=T&sp=S4BKQwU7w5KjCJ%2F7Y3mhVEQ%3D%3D
1334,2025_MES_729210_1,[REPAIR MAINT OF INTERNAL ELECTRIFICATION INCLUDING FANS GEYSERS AT CADET LIVING ACCN AND ADMINISTRATIVE BUILDING FOR POP NOV 2025 AND EOT 2025 AT NDA KHADAKWASLA],03-Sep-2025 04:30 PM,E-IN-C BRANCH - MILITARY ENGINEER SERVICES||CE SC AND CE PUNE ZONE - MES||CWE PUNE - MES||GE KHADAKVASLA - MES,29-Sep-2025 06:00 PM,https://defproc.gov.in/nicgep/app?component=%24DirectLink&page=FrontEndLatestActiveCorrigendums&service=direct&session=T&sp=SXvzLlO1KSG%2Fh%2F739dhYuTA%3D%3D
1335,2025_DRDO_732450_1,[Staubli Quick Disconnect Couplings QDCs ],24-Sep-2025 05:00 PM,Department of Defence Research and Development||Defence Research and Development Organisation||DFMM||Office of DG(ECS)||CASDIC,02-Oct-2025 02:30 PM,https://etender.up.nic.in/nicgep/app?component=%24DirectLink_0&page=FrontEndAdvancedSearchResult&service=direct&session=T&sp=S2p59LK2JeHgU4aVh64wVbw%3D%3D
1336,2025_ARMY_729915_1,"[CONSTRUCTION OF LIBRARY CUM RECREATIONAL ROOM AT GOVT RESIDENTIAL SCHOOL PAPIKRONG, DIST SHI YOMI, ARUNACHAL PRADESH]",09-Sep-2025 01:00 PM,IHQ of MoD (Army)-(OSCC)||Eastern Comd-IHQ of MoD (Army)-(OSCC)||MISC-Eastern Comd-IHQ of MoD (Army)-(OSCC)||UNIT 1-IHQ of MoD (Army),04-Oct-2025 10:00 AM,https://defproc.gov.in/nicgep/app?component=%24DirectLink&page=FrontEndLatestActiveCorrigendums&service=direct&session=T&sp=SvNm6MCVTRtuX0Mb3eQPPsw%3D%3D
1337,2025_MES_728963_1,"[IMPROVEMENT OF SEWAGE SYSTEM OF HQ WAC AT SUBROTO PARK UNDER GE (AF) SUBROTO PARK, DELHI CANTT-10]",02-Sep-2025 06:00 PM,E-IN-C BRANCH - MILITARY ENGINEER SERVICES||CE WC and CE(AF) WAC PALAM-MES||CWE (AF) Palam-MES,08-Oct-2025 06:00 PM,https://defproc.gov.in/nicgep/app?component=%24DirectLink&page=FrontEndLatestActiveCorrigendums&service=direct&session=T&sp=SnAeHj7kBEuX7ax3SdY%2B4dw%3D%3D
1338,2025_MES_728783_1,"[Repair and maint of wooden furniture incl polishing at OAF, Manasbal, Haft Chinar and Sonamarg under GE 970 EWS]",02-Sep-2025 10:00 AM,E-IN-C BRANCH - MILITARY ENGINEER SERVICES||CE NC AND CE 31 ZONE - MES||134 WORKS ENGINEER - MES||GE 970 EWS - MES,04-Oct-2025 06:00 PM,https://defproc.gov.in/nicgep/app?component=%24DirectLink&page=FrontEndLatestActiveCorrigendums&service=direct&session=T&sp=ScZblZiPf3wILrq%2BPSpzyXg%3D%3D
1339,2025_MES_729086_1,"[ROUTINE MAINTENANCE OF ELECTRICALLY OPERATED SERVICES LIFTS OF KONE MAKE INSTALLED AT BRAHMAPUTRA, AUGUSTYA AND SUVARNA BLDG AT ARMY AREA UNDER GE WEST COLABA]",08-Sep-2025 06:00 PM,E-IN-C BRANCH - MILITARY ENGINEER SERVICES||CE SC AND CE PUNE ZONE - MES||CWE (ARMY) MUMBAI - MES,04-Oct-2025 06:00 PM,https://defproc.gov.in/nicgep/app?component=%24DirectLink&page=FrontEndLatestActiveCorrigendums&service=direct&session=T&sp=STz3mF6qbNRGZ3SPIFpSB0g%3D%3D
1340,2025_MES_730599_1,"[REPAIR AND MAINTENANCE OF DEFECTIVE ITEMS OF 11KV AND 22KV TRANSFORMERS, VCB ETC AND ALLIED WORKS INCL HT DISTRIBUTION SYSTEM IN 509, AKASH NAGAR AND VIMAN NAGAR AREA UNDER GE (AF) LOHEGAON AT 2 WG AF STN PUNE]",12-Sep-2025 04:15 PM,E-IN-C BRANCH - MILITARY ENGINEER SERVICES||CE SWC AND CE (AF) GANDHINAGAR - MES||CWE (AF) LOHOGAON - MES,01-Oct-2025 06:00 PM,https://defproc.gov.in/nicgep/app?component=%24DirectLink&page=FrontEndLatestActiveCorrigendums&service=direct&session=T&sp=S8HLzUHr9c3%2FC7vzFVc0D0Q%3D%3D
1341,2025_MES_726985_2,[REPAIR OF PATH  HARD STANDING  DRAIN AND CULVERTS  SECURITY FENCING  BOUNDARY WALL AND CLEANING MAINTENANCE OF SEWAGE LINES MANHOLES SEPTIC TANK INCLUDING SANITARY FITTINGS AND OTHER CONNECTED WORKS IN SOUTH CAMP 4 AFSR  MAP TEACHER COLONY TECH AREA ],08-Sep-2025 06:00 PM,E-IN-C BRANCH - MILITARY ENGINEER SERVICES||CE CC AND CE (AF) ALLAHABAD - MES||CWE (AF) BAMRAULI ALLAHABAD - MES||GE (AF) BAMRAULI - MES,29-Sep-2025 06:00 PM,https://defproc.gov.in/nicgep/app?component=%24DirectLink&page=FrontEndLatestActiveCorrigendums&service=direct&session=T&sp=SB%2BFU8hb6LWltZTpuJA0shQ%3D%3D
1342,2025_MES_728514_1,[SMART PERIODICAL SERVICES AND MISC REPAIRS TO ADM BLDGS OF INF SCHOOL IN THE AREA OF BR II UNDER GE MAINT INF SCHOOL MHOW],30-Aug-2025 09:45 AM,E-IN-C BRANCH - MILITARY ENGINEER SERVICES||CE CC AND CE JABALPUR ZONE - MES||CWE MHOW - MES||GE (Maint) Inf School - MES,02-Oct-2025 06:00 PM,https://defproc.gov.in/nicgep/app?component=%24DirectLink&page=FrontEndLatestActiveCorrigendums&service=direct&session=T&sp=S1k%2FKw9cOcODDg5VaRJ%2BW4g%3D%3D
1343,2025_MES_727812_1,[COMPREHENSIVE MAINT AND REPAIRIN POCKET No. 22 AT MIL STN JAISALMER UNDER GE (A) JAISALMER],26-Aug-2025 02:00 PM,E-IN-C BRANCH - MILITARY ENGINEER SERVICES||CESC AND CE JODHPUR ZONE - MES||CWE JAISALMER - MES,29-Sep-2025 06:00 PM,https://defproc.gov.in/nicgep/app?component=%24DirectLink&page=FrontEndLatestActiveCorrigendums&service=direct&session=T&sp=SxPHq%2B1W0FhKPBA8GucQLlw%3D%3D
1344,2025_MES_729071_1,[SPECIAL REPAIRS TO SHAFT AND DRAIN PIPES AT VARIOUS LOCATIONS AT CHAFB (U) UNDER GE (AF) BANGALORE],03-Sep-2025 09:00 AM,E-IN-C BRANCH - MILITARY ENGINEER SERVICES||CESC AND CE (AF) BANGALORE - MES||CWE (AF) (NORTH) BANGALORE - MES,01-Oct-2025 06:00 PM,https://etender.up.nic.in/nicgep/app?component=%24DirectLink_0&page=FrontEndAdvancedSearchResult&service=direct&session=T&sp=SR%2BK3Wv41iruzaEvlKzD%2BdQ%3D%3D
1345,2025_MES_715930_2,[REPAIRS TO ROOF LEAKAGES / SEEPAGES INCLUDING CONNECTED ITEMS IN TECHNICAL AREA OF AFS BIDAR],06-Sep-2025 10:20 AM,E-IN-C BRANCH - MILITARY ENGINEER SERVICES||CESC AND CE (AF) BANGALORE - MES||CWE (AF) SECUNDERABAD - MES||GE(AF)BIDAR - MES,02-Oct-2025 06:00 PM,https://defproc.gov.in/nicgep/app?component=%24DirectLink&page=FrontEndLatestActiveCorrigendums&service=direct&session=T&sp=SU5YNSOYP5AWeHx1CDHmGxg%3D%3D
1346,2025_MES_729182_1,[REPAIR AND MAINTENANCE OF SEWAGE LINES SEPTIC TANKS MANHOLES INCLUDING CERAIN MISC B R WORKS FOR MD ACCN AT VRDE AHMEDNAGAR 06],03-Sep-2025 03:00 PM,E-IN-C BRANCH - MILITARY ENGINEER SERVICES||ADG (OF and DRDO) AND CE (R and D) SECUNDERABAD - MES||GE (I) RND GIRINAGAR - MES,03-Oct-2025 06:00 PM,https://defproc.gov.in/nicgep/app?component=%24DirectLink&page=FrontEndLatestActiveCorrigendums&service=direct&session=T&sp=SfBvHT%2ByrCsIekyTiomQixQ%3D%3D
1347,2025_IAF_727681_1,[PROCUREMENT OF MI-SERIES HELICOPTER SPARES],25-Aug-2025 05:00 PM,Indian Air Force||AOM NEW DELHI - IAF||ACAS (Procurement) - IAF||D Procurement - IAF,16-Oct-2025 03:00 PM,https://etender.up.nic.in/nicgep/app?component=%24DirectLink_0&page=FrontEndAdvancedSearchResult&service=direct&session=T&sp=SASJj75eCo1QPzFJzPG4eZg%3D%3D
1348,2025_MES_725974_1,[752985A PROVN OF SINGLE MEN BARRACKS FOR AGNIVEERS AT JAK RIF REGIMENTAL CENTRE JABALPUR],12-Sep-2025 06:00 PM,E-IN-C BRANCH - MILITARY ENGINEER SERVICES||CE CC AND CE JABALPUR ZONE - MES,17-Oct-2025 06:00 PM,https://etender.up.nic.in/nicgep/app?component=%24DirectLink_0&page=FrontEndAdvancedSearchResult&service=direct&session=T&sp=SVABmQ5qdh5xEUNYLd4ctRQ%3D%3D
1349,2025_MES_731342_1,[PERIODICAL SERVICES AND CONNECTED WORK AT ZONE A AREA CAMP AREA TAC AF CMP CPC MI ROOM HRDC DEF AND EMP COY ETC UNDER AGE BR II OF GE SUKNA],18-Sep-2025 06:00 PM,E-IN-C BRANCH - MILITARY ENGINEER SERVICES||CE EC AND CE SILIGURI ZONE - MES||CWE BENGDUBI - MES||GE SUKNA - MES,09-Oct-2025 06:00 PM,https://etender.up.nic.in/nicgep/app?component=%24DirectLink_0&page=FrontEndAdvancedSearchResult&service=direct&session=T&sp=SaIUW%2Bpcj%2FNNrjNyu21xcyg%3D%3D
1350,2025_MES_729533_1,"[REPAIRS / MAINTENANCE OF EXTERNAL WATER SUPPLY PIPELINE, FIRE HYDRANTS, PUMP SETS AND OTHER MISC WORKS SYSTEM AT NMRL AMBERNATH]",04-Sep-2025 06:55 PM,E-IN-C BRANCH - MILITARY ENGINEER SERVICES||ADG (OF and DRDO) AND CE (R and D) SECUNDERABAD - MES||GE (I) RND PASHAN - MES,02-Oct-2025 06:00 PM,https://defproc.gov.in/nicgep/app?component=%24DirectLink&page=FrontEndLatestActiveCorrigendums&service=direct&session=T&sp=SZLCVQpt%2Ff3NAizVgS9HgoA%3D%3D
1351,2025_MES_728013_1,[PROVN OF AUDITORIUM AT FARIDKOT MIL STN UNDER GE FARIDKOT ],27-Aug-2025 02:00 PM,E-IN-C BRANCH - MILITARY ENGINEER SERVICES||CE SWC AND CE BATHINDA ZONE - MES,01-Oct-2025 06:00 PM,https://defproc.gov.in/nicgep/app?component=%24DirectLink&page=FrontEndLatestActiveCorrigendums&service=direct&session=T&sp=SlGEic6a%2BxowwTN2lH6wvkg%3D%3D
1352,2025_MES_728823_1,[REPAIR TO TEMP AND PERMANENT ROOF TREATMENT INTERNAL WATER SUPPLY JOINERY WORKS ETC IN RESIDENTIAL AND TECHNICAL AREA AT R AND DE DIGHI PUNE],01-Sep-2025 06:00 PM,E-IN-C BRANCH - MILITARY ENGINEER SERVICES||ADG (OF and DRDO) AND CE (R and D) SECUNDERABAD - MES||GE (I) RND GIRINAGAR - MES,01-Oct-2025 06:00 PM,https://defproc.gov.in/nicgep/app?component=%24DirectLink&page=FrontEndLatestActiveCorrigendums&service=direct&session=T&sp=SLq8qCw6j4J1TLj76ObU%2BKQ%3D%3D
1353,2025_MES_733122_1,"[REPAIR TO ROOF TREATMENT, JOINERY, PLUMBING SANITARY FITTING ETC OTHER CONNECTED REPAIR WORKS, ESSENTIAL REPAIR TO EARTHING INFRASTRUCTURE AND LIGHTING PROTECTION AND REPAIR/ MAINT OF SUMMER COOLING APPLIANCES AT AF STN BKT]",29-Sep-2025 09:00 AM,E-IN-C BRANCH - MILITARY ENGINEER SERVICES||CE CC AND CE (AF) ALLAHABAD - MES||CWE (AF) IZATNAGAR - MES||GE(AF) BKT - MES,20-Oct-2025 09:00 AM,https://etender.up.nic.in/nicgep/app?component=%24DirectLink_0&page=FrontEndAdvancedSearchResult&service=direct&session=T&sp=SfuHlzMDBZUVDzHV%2ByrhBsw%3D%3D
1354,2025_ARMY_730513_1,[RC/25-26/198],12-Sep-2025 06:00 PM,IHQ of MoD (Army)-(OSCC)||DGAFMS-IHQ of MoD (Army)-(OSCC)||DG 2 GROUP-IHQ of MoD (Army)-(OSCC)||AFMSD 4-IHQ of MoD (Army),14-Oct-2025 10:00 AM,https://etender.up.nic.in/nicgep/app?component=%24DirectLink_0&page=FrontEndAdvancedSearchResult&service=direct&session=T&sp=SXRT678tfFIjHrtCNCZcZtg%3D%3D
1355,2025_MES_729311_1,"[REPAIR, PAINTING AND POLISHING OF CERTAIN FURNITURE AT LIKABALI, RAYANG, ALONG, SIGAR AND BORARUPAK MIL STN UNDER GE 872 EWS]",04-Sep-2025 12:00 PM,E-IN-C BRANCH - MILITARY ENGINEER SERVICES||CE EC AND CE SHILLONG ZONE - MES||CWE HQ 137 WE - MES||GE 872 EWS - MES,02-Oct-2025 06:00 PM,https://defproc.gov.in/nicgep/app?component=%24DirectLink&page=FrontEndLatestActiveCorrigendums&service=direct&session=T&sp=SVAXtH3Nar5rMohMXeIQuxg%3D%3D
1356,2025_MES_729430_1,[GE/Token-51/2025-26 ],04-Sep-2025 06:00 PM,E-IN-C BRANCH - MILITARY ENGINEER SERVICES||CE WC and CE DELHI ZONE-MES||CWE DELHI CANTT-MES||GE (CENTRAL) DELHI CANTT-MES,02-Oct-2025 06:00 PM,https://defproc.gov.in/nicgep/app?component=%24DirectLink&page=FrontEndLatestActiveCorrigendums&service=direct&session=T&sp=Sk1B64Sb%2F1N8fXI8tGS8oZQ%3D%3D
1357,2025_MES_728935_1,"[REPAIR MAINT OF WORN OUT LT PANELS, AMF PANEL OF DG SETS AND CONNECTED WORKS AT ORP, TECH POWER HOUSE TARMAC NPH UNDER GE AF LEH]",02-Sep-2025 02:00 PM,E-IN-C BRANCH - MILITARY ENGINEER SERVICES||CE NC AND CE (AF) UDHAMPUR - MES||CWE (AF) Leh - MES||GE (AF) Leh- CWE (AF) Leh - MES,30-Sep-2025 06:00 PM,https://defproc.gov.in/nicgep/app?component=%24DirectLink&page=FrontEndLatestActiveCorrigendums&service=direct&session=T&sp=S7Mc27jbCrSKVKDaGvY96Og%3D%3D
1358,2025_MES_729480_1,[SPL REPAIR TO BLDG NO. P-26 (QTR NO 01 TO 04) JCOS MD ACCN OF 57 WIRELESS EXPERIMENTAL UNIT AT KRIMCHI COMPLEX UNDER GE (NORTH) UDHAMPUR.],04-Sep-2025 06:00 PM,E-IN-C BRANCH - MILITARY ENGINEER SERVICES||CE NC AND CE UDHAMPUR ZONE - MES||CWE UDHAMPUR - MES||GE(NORTH) UDHAMPUR - MES,02-Oct-2025 06:00 PM,https://defproc.gov.in/nicgep/app?component=%24DirectLink&page=FrontEndLatestActiveCorrigendums&service=direct&session=T&sp=S9ZTXpKe1g7wEp%2F9CNEkuKA%3D%3D
1359,2025_MES_729108_1,[GE/WS/Token No-31  OF 2025-26	],03-Sep-2025 05:00 PM,E-IN-C BRANCH - MILITARY ENGINEER SERVICES||CE WC and CE DELHI ZONE-MES||CWE (U) DELHI CANTT-MES||GE(U)WATER SUPPLY DELHI CANTT-MES,01-Oct-2025 06:00 PM,https://defproc.gov.in/nicgep/app?component=%24DirectLink&page=FrontEndLatestActiveCorrigendums&service=direct&session=T&sp=Svu2IRDGRkKHN%2Bt1%2B0GhkfA%3D%3D
1360,2025_MES_729494_1,"[REPAIR / MAINT OF FIRE FIGHTING, FIRE ALARM AND FIRE DETECTION SYSTEM ALONGWITH  CONNECTED WORKS UNDER GE (AF) PALAM, DELHI CANTT-10]",04-Sep-2025 06:00 PM,E-IN-C BRANCH - MILITARY ENGINEER SERVICES||CE WC and CE(AF) WAC PALAM-MES||CWE (AF) Palam-MES||GE (AF) North Palam-MES,29-Sep-2025 06:00 PM,https://defproc.gov.in/nicgep/app?component=%24DirectLink&page=FrontEndLatestActiveCorrigendums&service=direct&session=T&sp=SkKeijZBFLBdJlN0aPMqh1g%3D%3D
1361,2025_MES_729805_1,[UPGRADATION / WIDENING OF EXISTING ROADS AT SUKNA MIL STATION UNDER GE SUKNA],08-Sep-2025 05:00 PM,E-IN-C BRANCH - MILITARY ENGINEER SERVICES||CE EC AND CE SILIGURI ZONE - MES,06-Nov-2025 06:00 PM,https://defproc.gov.in/nicgep/app?component=%24DirectLink&page=FrontEndLatestActiveCorrigendums&service=direct&session=T&sp=SWTizLpH3o4YXgH%2BdPWL6Lw%3D%3D
1362,2025_MES_730054_1,"[8125/SAR-T-48/2025-26 PAINTING TO RUNWAY, TAXI TRACK, PTT, LTT AND DISPERSAL AREA, REPLACEMENT OF DTGM BOARD/ SIGN BOARD AND MISC ITEMS AND PERIODICAL SERVICES IN OTM ACCN IN TECHNICAL AREA AT AF STN SARSAWA UNDER GE (AF) SARSAWA]",09-Sep-2025 05:45 PM,E-IN-C BRANCH - MILITARY ENGINEER SERVICES||CE WC and CE(AF) WAC PALAM-MES||CWE (AF) Ambala-MES||GE (AF) Sarsawa-MES,30-Sep-2025 06:00 PM,https://defproc.gov.in/nicgep/app?component=%24DirectLink&page=FrontEndLatestActiveCorrigendums&service=direct&session=T&sp=S%2FF2nCxfLRS1EJaq4H0UShA%3D%3D
1363,2025_MES_731511_1,[Provn of Centralised AC and Acoustic Panelling for Ashoka Auditorium at SuratgarhMil Station],18-Sep-2025 06:00 PM,E-IN-C BRANCH - MILITARY ENGINEER SERVICES||CE SWC AND CE BATHINDA ZONE - MES,02-Oct-2025 06:00 PM,https://defproc.gov.in/nicgep/app?component=%24DirectLink&page=FrontEndLatestActiveCorrigendums&service=direct&session=T&sp=S%2FNzZsjZRz3CU2meNF322vQ%3D%3D
1364,2025_MES_728915_1,[PROVN OF MT SHED FOR PARKING OF MT VEH AT 222 ABOD UNDER GE NARANGI],02-Sep-2025 01:00 PM,E-IN-C BRANCH - MILITARY ENGINEER SERVICES||CE EC AND CE SHILLONG ZONE - MES||CWE Shillong - MES||GE NARANGI - MES,29-Sep-2025 06:00 PM,https://defproc.gov.in/nicgep/app?component=%24DirectLink&page=FrontEndLatestActiveCorrigendums&service=direct&session=T&sp=Svfcbw5ld%2FJSdyB9tdA5Q6A%3D%3D
1365,2025_MES_729069_1,[SPECIAL REPAIRS FOR REPLACEMENT OF LIFT AGAINST BER OF BLDG NO P 164 AND P 165 AT GJC AT CHAFB UNDER GE (AF) BANGALORE],03-Sep-2025 09:00 AM,E-IN-C BRANCH - MILITARY ENGINEER SERVICES||CESC AND CE (AF) BANGALORE - MES||CWE (AF) (NORTH) BANGALORE - MES,01-Oct-2025 06:00 PM,https://etender.up.nic.in/nicgep/app?component=%24DirectLink_0&page=FrontEndAdvancedSearchResult&service=direct&session=T&sp=Sevpu4tqwHxJRdRdQYE7PhA%3D%3D
1366,2025_MES_714647_2,[PROVN OF TRG SHED AT RRC FATEHGARH],24-Sep-2025 04:00 PM,E-IN-C BRANCH - MILITARY ENGINEER SERVICES||CE CC AND CE LUCKNOW ZONE - MES,30-Oct-2025 06:00 PM,https://etender.up.nic.in/nicgep/app?component=%24DirectLink_0&page=FrontEndAdvancedSearchResult&service=direct&session=T&sp=SW6TD0guvKwDnoGD2bthE4A%3D%3D
1367,2025_MES_728560_1,[PROVN OF KLP FOR HQ INDEP AD BDE AND INDEP AD BDE SIG COY AT BARODA(ARBORICULTURE).],30-Aug-2025 12:00 PM,E-IN-C BRANCH - MILITARY ENGINEER SERVICES||CESC AND CE JODHPUR ZONE - MES||CWE AHMEDABAD - MES||GE (ARMY ) BARODA - MES,30-Sep-2025 06:00 PM,https://defproc.gov.in/nicgep/app?component=%24DirectLink&page=FrontEndLatestActiveCorrigendums&service=direct&session=T&sp=Sde%2FK4AbEtNvsI7Yku5BGBA%3D%3D
1368,2025_MES_728030_1,"[ADDN/ ALTN AND SPL REPAIR TO SOUTH, ROYAL AND  DALHOUSIE BARRACK IN FORT WILLIAM]",27-Aug-2025 02:00 PM,E-IN-C BRANCH - MILITARY ENGINEER SERVICES||CE EC AND CE KOLKATA ZONE - MES,02-Oct-2025 06:00 PM,https://defproc.gov.in/nicgep/app?component=%24DirectLink&page=FrontEndLatestActiveCorrigendums&service=direct&session=T&sp=SSLHzG3bVkfDU0Vv9l4%2FBFQ%3D%3D
1369,2025_MES_728111_1,"[REPAIR / REPLACEMENT OF STREET LIGHTS, SOLAR LIGHTS, UNSV CABLES AT WT AVADI, MOGAPPAIR, MADHURAVOYAL AND 313 MEENAMBAKKAM UNDER AGE(I) NAVY CHENNAI]",28-Aug-2025 06:00 PM,E-IN-C BRANCH - MILITARY ENGINEER SERVICES||CE EC AND CE (NAVY) VIZAG - MES||CWE (Navy) Chennai - MES||AGE (I) Navy Chennai - MES,29-Sep-2025 06:00 PM,https://defproc.gov.in/nicgep/app?component=%24DirectLink&page=FrontEndLatestActiveCorrigendums&service=direct&session=T&sp=Shb5CeO%2BoBeluX0fN0RPpVg%3D%3D
1370,2025_MES_727385_1,[ADDITION  ALTERATION TO SHED NO 53 AT 28 ED AFS AMLA],22-Aug-2025 06:55 PM,E-IN-C BRANCH - MILITARY ENGINEER SERVICES||CESC AND CE (AF) NAGPUR - MES||CWE (AF) NAGPUR - MES,06-Oct-2025 06:00 PM,https://defproc.gov.in/nicgep/app?component=%24DirectLink&page=FrontEndLatestActiveCorrigendums&service=direct&session=T&sp=SI0Ub2JB1oDI9OURlMkfGHQ%3D%3D
1371,2025_MES_726401_1,[PROVN OF SECURITY WALL UNDER GE (N) AKHNOOR],18-Aug-2025 03:35 PM,E-IN-C BRANCH - MILITARY ENGINEER SERVICES||CE NC AND CE UDHAMPUR ZONE - MES,02-Oct-2025 06:00 PM,https://defproc.gov.in/nicgep/app?component=%24DirectLink&page=FrontEndLatestActiveCorrigendums&service=direct&session=T&sp=SslvGwxveOhoBwXlSklRNcA%3D%3D
1372,2025_MES_730422_1,[PROVISION OF EFFLUENT TREATMENT PLANT AT 8 BRD UNDER GE AVADI],11-Sep-2025 05:25 PM,E-IN-C BRANCH - MILITARY ENGINEER SERVICES||CE SC AND CE CHENNAI ZONE  - MES||CWE CHENNAI - MES,07-Oct-2025 06:00 PM,https://defproc.gov.in/nicgep/app?component=%24DirectLink&page=FrontEndLatestActiveCorrigendums&service=direct&session=T&sp=SF4akptwmPS3LGCwP2z1%2BEg%3D%3D
1373,2025_MES_725786_2,[TERM CONTRACT FOR ARTIFICER WORK OF ZONE A AT LGJ MIL STN],09-Sep-2025 06:00 PM,E-IN-C BRANCH - MILITARY ENGINEER SERVICES||CE SWC AND CE BATHINDA ZONE - MES||CWE GANGANAGAR - MES||GE LALGARH JATTAN - MES,30-Sep-2025 06:00 PM,https://defproc.gov.in/nicgep/app?component=%24DirectLink&page=FrontEndLatestActiveCorrigendums&service=direct&session=T&sp=SkzeAZq3GaH51MfVLuulGzg%3D%3D
1374,2025_MES_730713_1,"[DETENTION ROOM WITH BATHROOM AND TOILET FOR WOMEN MP, WOMEN RECTS (AVS) FAMILIES AND CHILDREN AT MI ROOM CMP CENTRE AND SCHOOL  AND SPL REPAIR/ REPLACAMENT OF AIR CONDITIONERS AGAINST BER UNDER GE (SOUTH) BANGALORE]",13-Sep-2025 11:30 AM,E-IN-C BRANCH - MILITARY ENGINEER SERVICES||CE SC AND CE CHENNAI ZONE  - MES||CWE (ARMY) BANGALORE - MES||GE (SOUTH) BANGALORE - MES,07-Oct-2025 06:00 PM,https://defproc.gov.in/nicgep/app?component=%24DirectLink&page=FrontEndLatestActiveCorrigendums&service=direct&session=T&sp=SUVKHSvG%2Fy8LZSmgFugbWFg%3D%3D
1375,2025_MES_721204_2,[138WE/L-132/2025-26],02-Sep-2025 11:00 AM,E-IN-C BRANCH - MILITARY ENGINEER SERVICES||CE NC AND CE LEH ZONE - MES||HQ 138 WORKS ENGR - MES,29-Sep-2025 06:00 PM,https://defproc.gov.in/nicgep/app?component=%24DirectLink&page=FrontEndLatestActiveCorrigendums&service=direct&session=T&sp=SKrBSm%2Bm7cAj60sTjjgMXqA%3D%3D
1376,2025_MES_731489_1,"[SPECIAL REPAIR TO PAPI AT BOTH END AND HARDSTANDING NEAR URC, ADDN/ALTN TO BLDG NO. TL-27 AND CERTAIN MINOR WORKS AT AFS HAKIMPET UNDER GE (AF) HAKIMPET]",18-Sep-2025 06:00 PM,E-IN-C BRANCH - MILITARY ENGINEER SERVICES||CESC AND CE (AF) BANGALORE - MES||CWE (AF) SECUNDERABAD - MES||GE(AF)HAKIMPET HYDERABAD - MES,09-Oct-2025 06:00 PM,https://etender.up.nic.in/nicgep/app?component=%24DirectLink_0&page=FrontEndAdvancedSearchResult&service=direct&session=T&sp=S0ze8mhHQWjzPnAzrIvwXyA%3D%3D
1377,2025_MES_729120_1,[8231 ADDTITION/ALTERATION TO ROOF SHEETS AT BSQ AND PROVN OF ESCAPE LADDER AT 96 OTM BLDG. NO P-105 AT INS KUNJALI],03-Sep-2025 06:00 PM,E-IN-C BRANCH - MILITARY ENGINEER SERVICES||CESC AND CE( NAVY )MUMBAI - MES||CWE (NW) MUMBAI - MES||GE (NW) KUNJALI - MES,29-Sep-2025 06:00 PM,https://defproc.gov.in/nicgep/app?component=%24DirectLink&page=FrontEndLatestActiveCorrigendums&service=direct&session=T&sp=Sl4uhGI4nxwqcyXKn9QvY1g%3D%3D
1378,2025_MES_728021_1,[PROVISION OF FURNITURE FOR DEFICIENT SINGLE LIVING ACCOMMODATION FOR 11 SAILORS AT NHO DEHRADUN],27-Aug-2025 02:00 PM,E-IN-C BRANCH - MILITARY ENGINEER SERVICES||CE CC AND CE BAREILLY ZONE - MES||CWE HILLS DEHRADUN -  MES,30-Sep-2025 06:00 PM,https://defproc.gov.in/nicgep/app?component=%24DirectLink&page=FrontEndLatestActiveCorrigendums&service=direct&session=T&sp=SN1DokAqFiNp5vuY%2Fj%2BK4zA%3D%3D
1379,2025_MES_730907_1,"[ADDN ALTN TO BLDG NO P-721, P-724 IN A ZONE, ADDN ALTN OF TOILET NEAR BLDG NO T-34-35 BCD (JCO LIVING TOILET) IN M ZONE AND ADDN ALTN OF TOILET BLOCK AT BLDG NO T-4 BCD IN I ZONE AT RMS]",15-Sep-2025 02:00 PM,E-IN-C BRANCH - MILITARY ENGINEER SERVICES||CE EC AND CE SHILLONG ZONE - MES||CWE HQ 137 WE - MES||GE 868 EWS - MES,04-Oct-2025 06:00 PM,https://defproc.gov.in/nicgep/app?component=%24DirectLink&page=FrontEndLatestActiveCorrigendums&service=direct&session=T&sp=SXJv4FTnmJoa6oODxcWfuyQ%3D%3D
1380,2025_MES_729451_1,[PROVISION OF MI ROOM AND LOGISTIC COMPLEX AT INS KARDIP KAMROTA],04-Sep-2025 06:30 PM,E-IN-C BRANCH - MILITARY ENGINEER SERVICES||CE SC AND CE (A and N) ZONE - MES,09-Oct-2025 06:00 PM,https://defproc.gov.in/nicgep/app?component=%24DirectLink&page=FrontEndLatestActiveCorrigendums&service=direct&session=T&sp=SeOJgz8PfpqlLReI3pban6A%3D%3D
1381,2025_MES_729602_1,[8165/GE/SMB/T-65/2025-26 REPAIR AND MAINT TO INTERNAL ELECTRIFICATION WORKS INCLUDING LED AND BLDG LIGHTS BLDG PANEL BOARDS SERVICE CONNECTIONS MAIN DBs IN CERTAIN BLDG AT ZONE II AND III AREA UNDER GE SAMBA],06-Sep-2025 12:00 PM,E-IN-C BRANCH - MILITARY ENGINEER SERVICES||CE WC AND CE PATHANKOT ZONE - MES||CWE MAMUN - MES||GE SAMBA - MES,03-Oct-2025 06:00 PM,https://defproc.gov.in/nicgep/app?component=%24DirectLink&page=FrontEndLatestActiveCorrigendums&service=direct&session=T&sp=SVDBHW%2FRjQQqCtrH4zuVDoQ%3D%3D
1382,2025_MES_723364_1,[TERM CONTRACT FOR MD AND OTM ACCN ASHOK VIHAR AND ADJOINING AREA UNDER AGE B/R-II OF GE (N) UDHAMPUR.],30-Jul-2025 12:00 PM,E-IN-C BRANCH - MILITARY ENGINEER SERVICES||CE NC AND CE UDHAMPUR ZONE - MES||CWE UDHAMPUR - MES||GE(NORTH) UDHAMPUR - MES,29-Sep-2025 06:00 PM,https://defproc.gov.in/nicgep/app?component=%24DirectLink&page=FrontEndLatestActiveCorrigendums&service=direct&session=T&sp=SvcmrdSndoeatiLluxAK4Yw%3D%3D
1383,2025_MES_728955_1,"[COMPREHENSIVE WELCOME MAINT AND CONNECTED B/R NATURE WORKS IN KABUL LINE (OFFRS) , MESSES (ENGRS, 1/5 GR, DELHI AREA) AND NC HUT IN THE AREA OF AGE B/R-II UNDER GE (EAST) DELHI CANTT-10]",02-Sep-2025 06:00 PM,E-IN-C BRANCH - MILITARY ENGINEER SERVICES||CE WC and CE DELHI ZONE-MES||CWE DELHI CANTT-MES||GE (EAST) DELHI CANTT-MES,30-Sep-2025 06:00 PM,https://defproc.gov.in/nicgep/app?component=%24DirectLink&page=FrontEndLatestActiveCorrigendums&service=direct&session=T&sp=SJNEatCBf4Pt3bTbqdgVx3Q%3D%3D
1384,2025_MES_727945_1,[SPECIAL REPAIR TO BLDG NO. T-21 (SINGLE JCO  ACCN) IN ZONE - 11 AT TALBEHAT MIL STN ],26-Aug-2025 06:00 PM,E-IN-C BRANCH - MILITARY ENGINEER SERVICES||CESC AND CE BHOPAL ZONE  - MES||CWE JHANSI - MES||AGE (I) TALBEHAT - MES,04-Oct-2025 06:00 PM,https://etender.up.nic.in/nicgep/app?component=%24DirectLink_0&page=FrontEndAdvancedSearchResult&service=direct&session=T&sp=SplcI9QJZ1oiavZ13mSJHFw%3D%3D
1385,2025_MES_733174_1,[3006/B/70/E3],29-Sep-2025 02:00 PM,E-IN-C BRANCH - MILITARY ENGINEER SERVICES||CE WC and CE DELHI ZONE-MES||CWE (U) DELHI CANTT-MES||GE(U)ELECTRIC SUPPLY DELHI CANTT-MES,06-Oct-2025 10:00 AM,https://etender.up.nic.in/nicgep/app?component=%24DirectLink_0&page=FrontEndAdvancedSearchResult&service=direct&session=T&sp=SL5hJcV%2Bdb8xSNmk97PHFPA%3D%3D
1386,2023_BRO_583664_2,[REHABILITATION  UP GRADATION OF EXISTING ROAD BETWEEN KM 95.287 TO KM 100.300 DESIGN CHAINAGE KM 81.800 TO KM 87.000 SINGLE LANE TO DOUBLE LANE WITH PAVED SHOULDER SPECIFICATION ON GANGOTRI UTTARKASHI DHARASU ROAD NH34 ON EPC MODE IN THE STATE],31-Jul-2025 11:00 AM,Dte General Border Roads Organisation||HQ (CE) P Shivalik(Rishikesh) - BRO,10-Oct-2025 11:00 AM,https://defproc.gov.in/nicgep/app?component=%24DirectLink&page=FrontEndLatestActiveCorrigendums&service=direct&session=T&sp=S6vLLQWpLQvIPl7vcEKuMyQ%3D%3D
1387,2025_MES_731037_1,[PROVN OF KITCHEN CABINET FOR QTR NO 28/1 MEGH SINGH LINE AT SFTS BAKLOH CANTT AND PROVN OF EXHAUST FAN METTALLIC BODY FOR KITCHEN AND EXHAUST FAN PLASTIC BODY FOR BATHROOM WITH WIRING OF JCOs/OR MD ACCN OF MH BAKLOH],16-Sep-2025 09:00 AM,E-IN-C BRANCH - MILITARY ENGINEER SERVICES||CE WC AND CE PATHANKOT ZONE - MES||CWE YOL - MES||GE DALHOUSIE - MES,07-Oct-2025 06:00 PM,https://defproc.gov.in/nicgep/app?component=%24DirectLink&page=FrontEndLatestActiveCorrigendums&service=direct&session=T&sp=SdXi8xWeRkV0PcXoTTdhApw%3D%3D
1388,2025_MES_731538_1,[TERM CONTRACT FOR ARTIFICERS WORK AT ICGS GANDHINAGAR UNDER GE (I) CG PORBANDAR],18-Sep-2025 04:00 PM,E-IN-C BRANCH - MILITARY ENGINEER SERVICES||ADG (CG AND PROJECT) CHENNAI AND CE (CG) GOA - MES||GE (CG) PORBANDAR - MES,09-Oct-2025 06:00 PM,https://defproc.gov.in/nicgep/app?component=%24DirectLink&page=FrontEndLatestActiveCorrigendums&service=direct&session=T&sp=SQbRdtHHdxOUGbB%2B7iK6xjA%3D%3D
1389,2025_MES_720286_2,[CERTAIN B R REPAIRS TO BUILDING OF RESTRICTED AND UNRESTRICTED AREA OF CQA W  SQAE L SQAE A AND NAI OF DGQA UNITS UNDER GE P NO 1 JABALPUR],11-Sep-2025 06:45 PM,E-IN-C BRANCH - MILITARY ENGINEER SERVICES||CE CC AND CE JABALPUR ZONE - MES||CWE JABALPUR - MES||GE (P) JABALPUR - MES,03-Oct-2025 06:00 PM,https://defproc.gov.in/nicgep/app?component=%24DirectLink&page=FrontEndLatestActiveCorrigendums&service=direct&session=T&sp=SqDNC6wUDKy68vv92207E7g%3D%3D
1390,2025_MES_727618_1,[COMPREHENSIVE REPAIR MAINT OF LT OH LINES LT PANELS UG CABLES SECURITY LIGHTS POLES AND CONNECTED WORKS AT BAISAKHI ARE UNDER GE 859 EWS ],25-Aug-2025 09:00 AM,E-IN-C BRANCH - MILITARY ENGINEER SERVICES||CE EC AND CE SILIGURI ZONE - MES||CWE TENGA - MES||GE 859 EWS - MES,30-Sep-2025 06:30 PM,https://defproc.gov.in/nicgep/app?component=%24DirectLink&page=FrontEndLatestActiveCorrigendums&service=direct&session=T&sp=SF5TmjTWLbOEiar%2Fg5XpDDA%3D%3D
1391,2025_MES_727637_1,[SPECIAL REPAIR OF BUILDING NO. P-369 (GROUP PLG ROOM) GTO GROUND OF SSB AT SCE UNDER GE (WEST) PRAYAGRAJ.],25-Aug-2025 04:00 PM,E-IN-C BRANCH - MILITARY ENGINEER SERVICES||CE CC AND CE LUCKNOW ZONE - MES||CWE ALLAHABAD - MES,29-Sep-2025 06:00 PM,https://defproc.gov.in/nicgep/app?component=%24DirectLink&page=FrontEndLatestActiveCorrigendums&service=direct&session=T&sp=So3CubKkwIXmhy0iiuN0U9A%3D%3D
1392,2025_MES_728921_1,"[REPAIR AND CLEANING OF SEWAGE LINES, MANHOLES SEPTIC TANKS, SOAKAGE WELL AND CONNECTED ITEMS AT BD BARI MIL STN]",02-Sep-2025 06:00 PM,E-IN-C BRANCH - MILITARY ENGINEER SERVICES||CE WC AND CE PATHANKOT ZONE - MES||CWE JAMMU - MES||GE KALUCHAK - MES,01-Oct-2025 06:00 PM,https://defproc.gov.in/nicgep/app?component=%24DirectLink&page=FrontEndLatestActiveCorrigendums&service=direct&session=T&sp=SK934ND8sxKht5utz0VEThw%3D%3D
1393,2025_MES_730667_1,"[REPAIR/ MAINT OF INTERNAL ELECTRIFICATION FITTINGS, FIXTURE, MAIN DISTRIBUTING BOARDS, BLDG EARTHING, ALL TYPE OF FANS, SUB MAIN UTILITIES AT LCA, ETB, MCCBS, DWR MSG COMPLEX ETC IN TECH AREA]",12-Sep-2025 06:55 PM,E-IN-C BRANCH - MILITARY ENGINEER SERVICES||CESC AND CE (AF) BANGALORE - MES||CWE (AF) TRIVANDRUM - MES||GE (AF) SULUR - MES,02-Oct-2025 06:00 PM,https://etender.up.nic.in/nicgep/app?component=%24DirectLink_0&page=FrontEndAdvancedSearchResult&service=direct&session=T&sp=SqXs8W86AgkEGrSwxZcLDjw%3D%3D
1394,2025_MES_724206_1,[Comprehensive repair and day to day maintenance of HT distribution network  Sub station  RMUs VCBs Panels Relays Go Switches HT cables and other EM work on Feeder1  Feeder2  Feeder3 and  Feeder4 connected Feeders Under GE East JRC ],22-Sep-2025 06:00 PM,E-IN-C BRANCH - MILITARY ENGINEER SERVICES||CE WC AND CE JALANDHAR ZONE - MES||CWE JALANDHAR - MES,13-Oct-2025 06:00 PM,https://etender.up.nic.in/nicgep/app?component=%24DirectLink_0&page=FrontEndAdvancedSearchResult&service=direct&session=T&sp=SeYTA7pDyWiWBEKE368IrUg%3D%3D
1395,2025_MES_728077_1,"[REPAIR/ MAINT OF HT LINE, TRANSFORMER, VCB AND ALLIED WORKS AT UMROI UNDER GE UMROI]",27-Aug-2025 05:00 PM,E-IN-C BRANCH - MILITARY ENGINEER SERVICES||CE EC AND CE SHILLONG ZONE - MES||CWE Shillong - MES,29-Sep-2025 06:00 PM,https://defproc.gov.in/nicgep/app?component=%24DirectLink&page=FrontEndLatestActiveCorrigendums&service=direct&session=T&sp=SVAmiFkBMldyNmEG%2BscTlfA%3D%3D
1396,2025_MES_731285_1,[ADDITION/ ALTERATION OF MULTIPURPOSE CONVENTIONAL HALL AT CDA GUWAHATI UNDER GE GUWAHATI],17-Sep-2025 11:00 AM,E-IN-C BRANCH - MILITARY ENGINEER SERVICES||CE EC AND CE SHILLONG ZONE - MES||CWE Shillong - MES||GE GUWAHATI - MES,08-Oct-2025 06:00 PM,https://defproc.gov.in/nicgep/app?component=%24DirectLink&page=FrontEndLatestActiveCorrigendums&service=direct&session=T&sp=Ss0Cyy2vuL8VVZImn6d4frw%3D%3D
1397,2025_MES_727799_1,[PROVN OF MAIN GATE WITH GUARD ROOM LIVING ACCN AND CONNECTED SERVICES AT SIGAR MIL STN ],26-Aug-2025 05:00 PM,E-IN-C BRANCH - MILITARY ENGINEER SERVICES||CE EC AND CE SHILLONG ZONE - MES||CWE Likabali - MES,10-Oct-2025 06:00 PM,https://etender.up.nic.in/nicgep/app?component=%24DirectLink_0&page=FrontEndAdvancedSearchResult&service=direct&session=T&sp=Sw1Fj%2Bsn%2FcltaBvmF29hE4w%3D%3D
1398,2025_MES_729958_1,[REPAIR TO FALSE CEILING WALL PANELLING AND PERIODICAL SERVICES IN CERTAIN TECH BLDGS IN RUNWAYNORTH AREA AT AF STN ADAMPUR],09-Sep-2025 03:00 PM,E-IN-C BRANCH - MILITARY ENGINEER SERVICES||CE WC and CE(AF) WAC PALAM-MES||CWE (AF) Chandigarh-MES||GE (AF) Adampur-MES,29-Sep-2025 06:00 PM,https://defproc.gov.in/nicgep/app?component=%24DirectLink&page=FrontEndLatestActiveCorrigendums&service=direct&session=T&sp=SmkzoTu9Omg%2F%2Bg29fhHa3kA%3D%3D
1399,2025_MES_723967_1,[PROVN OF ELECTRICAL INFRASTUCTURE AT MCC BASANT NAGAR UNDER GE U E/S DELHI CANTT],01-Aug-2025 06:00 PM,E-IN-C BRANCH - MILITARY ENGINEER SERVICES||CE WC and CE DELHI ZONE-MES,08-Oct-2025 06:00 PM,https://defproc.gov.in/nicgep/app?component=%24DirectLink&page=FrontEndLatestActiveCorrigendums&service=direct&session=T&sp=St00EVUNAup7JXPt6HoPGQQ%3D%3D
1400,2025_MES_730583_1,[REPAIR/MAINTENANCE OF RAW WATER RCC/MS/DI PIPELINE OF 600MM DIA AND ALLIED WORKS FROM MEGHADRIGEDDA DAM TO  NAVAL DOCKYARD VISAKHAPATNAM UNDER GE(I) DM VISAKHAPATNAM],12-Sep-2025 06:00 PM,E-IN-C BRANCH - MILITARY ENGINEER SERVICES||CE EC AND CE (NAVY) VIZAG - MES||GE (I) (DM) VISAKHAPATNAM - MES||GE I DM VIZAG - MES,03-Oct-2025 06:00 PM,https://defproc.gov.in/nicgep/app?component=%24DirectLink&page=FrontEndLatestActiveCorrigendums&service=direct&session=T&sp=SapZbSEm4swmV9%2BiCfIM2Bw%3D%3D
1401,2025_MES_730610_1,[SPL REPAIRS TO BLDG NO E131A E131B T89/1 T89/2 T44A T44B (OFFR MD ACCN) OF SSD AREA AT NAMKUM AND PROVN OF RAISED COMPOUND WALL WITH MS GRILL AND INTERLOCKING TILES AT COBRA SHOPPING COMPLEX AT MORABADI POCKET OF RANCHI MIL STN],12-Sep-2025 06:00 PM,E-IN-C BRANCH - MILITARY ENGINEER SERVICES||CE CC AND CE JABALPUR ZONE - MES||CWE RANCHI - MES||GE RANCHI - MES,03-Oct-2025 06:00 PM,https://etender.up.nic.in/nicgep/app?component=%24DirectLink_0&page=FrontEndAdvancedSearchResult&service=direct&session=T&sp=SJcj9zCCJPYXA8PwUO8l9jw%3D%3D
1402,2025_MES_730651_1,[REPAIR REPLACEMENT OF INTERNAL WIRING ELECTRICAL FITTINGS FIXTURES RENEWAL OF BLDG EARTHING OTHER CONNECTED ITEMS REPAIR REPLACEMENT CEILING FANS EXHAUST FANS GEYSERS SPLIT WINDOW TYPE AIR CONDITIONERS WATER COOLERS DEEP FREEZERS],12-Sep-2025 06:00 PM,E-IN-C BRANCH - MILITARY ENGINEER SERVICES||CE SC AND CE CHENNAI ZONE  - MES||CWE (ARMY) BANGALORE - MES||GE(NORTH) BANGALORE - MES,03-Oct-2025 06:00 PM,https://defproc.gov.in/nicgep/app?component=%24DirectLink&page=FrontEndLatestActiveCorrigendums&service=direct&session=T&sp=SEYCtgn0EfL%2Bmtq1I07ecdQ%3D%3D
1403,2025_ARMY_730769_1,"[2433/MS/EXP/D 180, 103/Rheumatology(Drugs)/IFA RE-69/2025-26 ]",13-Sep-2025 06:00 PM,IHQ of MoD (Army)-(OSCC)||AREA HQ-IHQ of MoD (Army)-(OSCC)||DELHI AREA-AREA HQ-IHQ of MoD (Army)-(OSCC)||ARMY R AND R HOSPITAL-IHQ OF MOD(Army),03-Oct-2025 06:00 PM,https://etender.up.nic.in/nicgep/app?component=%24DirectLink_0&page=FrontEndAdvancedSearchResult&service=direct&session=T&sp=SLIWqNKS6%2FCEe%2BVNg5Z%2F%2Bfg%3D%3D
1404,2025_MES_716962_1,[SPECIAL REPAIR TO JCO MARRIED ACCN BUILDING NO P-11/01 TO 04 AND P-12/01 TO 04 IN OLD SHIVAJI COLONY UNDER AGE B/R-III AND AGE E/M-V OF GE (NORTH) BATHINDA AT BATHINDA MIL STN],26-Jun-2025 06:00 PM,E-IN-C BRANCH - MILITARY ENGINEER SERVICES||CE SWC AND CE BATHINDA ZONE - MES||CWE BATHINDA - MES||GE (NORTH) BATHINDA - MES,06-Oct-2025 06:00 PM,https://defproc.gov.in/nicgep/app?component=%24DirectLink&page=FrontEndLatestActiveCorrigendums&service=direct&session=T&sp=SqckJroLPzP43i07BiCjbkw%3D%3D
1405,2025_MES_729172_1,"[GE/Token-56/2025-26 TC FOR ARTIFICER WORKS OF 105 TA, RR COLONY, DK-I, DK-II, KANDHAR LINE, CER BTY AND ADJOINING AREA IN THE AREA OF AGE B/R-I UNDER GE (CENTRAL) DELHI CANTT-10]",03-Sep-2025 06:00 PM,E-IN-C BRANCH - MILITARY ENGINEER SERVICES||CE WC and CE DELHI ZONE-MES||CWE DELHI CANTT-MES||GE (CENTRAL) DELHI CANTT-MES,01-Oct-2025 06:00 PM,https://defproc.gov.in/nicgep/app?component=%24DirectLink&page=FrontEndLatestActiveCorrigendums&service=direct&session=T&sp=Si9lFqyDwwzNpn7wwKr4Dhg%3D%3D
1406,2025_MES_714700_2,[CONSULTANCY SERVICES FOR PREP OF DPR OF SEWAGE PIPE LINE NETWORK FOR ALL UNITS OF LEH MIL STN.],01-Sep-2025 06:00 PM,E-IN-C BRANCH - MILITARY ENGINEER SERVICES||CE NC AND CE LEH ZONE - MES,10-Oct-2025 06:00 PM,https://defproc.gov.in/nicgep/app?component=%24DirectLink&page=FrontEndLatestActiveCorrigendums&service=direct&session=T&sp=SsAJDsHlPXWzoBxV44HslKw%3D%3D
1407,2025_MES_728002_1,[PROVN OF 33 KV SUBSTATION AND DISTRIBUTION TRANSFORMER VCBs AND ALLIED WORKS UNDER GE AF BORJHAR   ],27-Aug-2025 06:00 PM,E-IN-C BRANCH - MILITARY ENGINEER SERVICES||CE EC AND CE (AF) SHILLONG - MES||CWE (AF) BORJAR - MES,07-Oct-2025 06:00 PM,https://defproc.gov.in/nicgep/app?component=%24DirectLink&page=FrontEndLatestActiveCorrigendums&service=direct&session=T&sp=S701npvAiCdr57yDeQdRrKA%3D%3D
1408,2025_MES_729713_1,[RENOVATION/ALTERATION IN THE ANNEXURE BUILDING OF NMR RESEARCH CENTER FOR INSTALLATION OF SHOCK TUBE AT INMAS AND ADDITION ALTERATION OF ROOM NO 2A 3 and 13 OF BUILDING NO P 6 DGRE RDC DELHI NOW CEPTAM PROVISION OF 02 NOS OF WATER COOLER AT DIPAS   P],06-Sep-2025 06:55 PM,E-IN-C BRANCH - MILITARY ENGINEER SERVICES||ADG (OF and DRDO)  AND CE (R and D) DELHI-  MES||AGE (I) RND DELHI - MES||AGE (I) R and D DELHI - MES,04-Oct-2025 06:00 PM,https://defproc.gov.in/nicgep/app?component=%24DirectLink&page=FrontEndLatestActiveCorrigendums&service=direct&session=T&sp=SL%2FIEftwNTnXSkUg1bTNQqg%3D%3D
1409,2025_MES_729368_1,[ADDN/ALTN TO 25 KITCHEN AT JCOs ORs MD ACCN AT PLASSEY AND UMRAO LINES PROVN OF SECURITY GRILLS GUARD BARS IN DHRUVA MD ACCN COMPLEX OF CDM AND PROVN OF WATER CONNECTION FOR KITCHENS IN OR MD ACCN AT UMRAO LINES UNDER AGE BR (N) NO.II OF  GE (NORTH) ],04-Sep-2025 02:00 PM,E-IN-C BRANCH - MILITARY ENGINEER SERVICES||CE SC AND CE CHENNAI ZONE  - MES||CWE SECUNDERABAD - MES||GE (NORTH) SECUNDERABAD - MES,02-Oct-2025 06:00 PM,https://defproc.gov.in/nicgep/app?component=%24DirectLink&page=FrontEndLatestActiveCorrigendums&service=direct&session=T&sp=Spj9mNLX77QXd4dTW4%2FF%2Fsg%3D%3D
1410,2025_MES_726762_1,[SPL REPAIRS TO REFRIGERATORS AGAINST BER AND PROVN OF DEEP FREEZERS UNDER GE PANAJI],20-Aug-2025 10:45 AM,E-IN-C BRANCH - MILITARY ENGINEER SERVICES||CE SC AND CE PUNE ZONE - MES||CWE (ARMY) MUMBAI - MES||GE PANAJI - MES,01-Oct-2025 06:00 PM,https://defproc.gov.in/nicgep/app?component=%24DirectLink&page=FrontEndLatestActiveCorrigendums&service=direct&session=T&sp=SASWS9UjypstEt4vIlrqUXw%3D%3D
1411,2025_MES_716027_3,"[Day to day maint of certain bldg at Tibri, GSR, DBN, Shikar, Kasowal, Batala, Bhole ka Bagh area and certain repair to roof, chajja, facia, parapet, shafts in OTM Accn under AGE B/R-I at GE Gurdaspur.]",12-Sep-2025 06:00 PM,E-IN-C BRANCH - MILITARY ENGINEER SERVICES||CE WC AND CE JALANDHAR ZONE - MES||CWE AMRITSAR - MES||GE GURDASPUR - MES,04-Oct-2025 06:00 PM,https://defproc.gov.in/nicgep/app?component=%24DirectLink&page=FrontEndLatestActiveCorrigendums&service=direct&session=T&sp=SIoLsZEdJPRsE1UPXSOHD2w%3D%3D
1412,2025_DRDO_732597_1,[Realization of RFADC and RFDAC],25-Sep-2025 06:00 PM,Department of Defence Research and Development||Defence Research and Development Organisation||DFMM||Office of DG(ECS)||LRDE,16-Oct-2025 10:00 AM,https://etender.up.nic.in/nicgep/app?component=%24DirectLink_0&page=FrontEndAdvancedSearchResult&service=direct&session=T&sp=Sl8hyNgNn6B0pFruoRK%2FIQw%3D%3D
1413,2025_MES_731269_1,[CONSTR OF STORE ROOM AT ADM BRANCH HQ NORTHERN COMMAND ADDN_ALTN TO BLDG NO NP12 AT CP COLONY AND ADDN_ALTN TO BLDG NO P 76 AT HQ NORTHERN COMD UNDER GE SOUTH UDHAMPUR],16-Sep-2025 06:45 PM,E-IN-C BRANCH - MILITARY ENGINEER SERVICES||CE NC AND CE UDHAMPUR ZONE - MES||CWE UDHAMPUR - MES||GE(SOUTH) UDHAMPUR - MES,06-Oct-2025 06:00 PM,https://defproc.gov.in/nicgep/app?component=%24DirectLink&page=FrontEndLatestActiveCorrigendums&service=direct&session=T&sp=SY2eMDDF8%2F6UdPgYRJCL2eA%3D%3D
1414,2025_MES_729160_1,"[GE (N) P/TOKEN- 52 OF 2025-2026EXTERNAL/ INTERNAL PAINTING INCLUDING WELCOME MAINT OF BLDGS IN NIRMAN VIHAR, PG ROAD, TARAPORE ROAD, ZRO,DSC PLATOON, CEPZ AND OTHER MISC LOCATION UNDER AGE B/R (CENTRAL) UNDER GE (NORTH) PUNE ]",03-Sep-2025 06:00 PM,E-IN-C BRANCH - MILITARY ENGINEER SERVICES||CE SC AND CE PUNE ZONE - MES||CWE PUNE - MES||GE (N) PUNE - MES,01-Oct-2025 06:00 PM,https://defproc.gov.in/nicgep/app?component=%24DirectLink&page=FrontEndLatestActiveCorrigendums&service=direct&session=T&sp=S7llenQTjgEHGNKtQDXKnIg%3D%3D
1415,2025_MES_708319_2,[REPAIR TO SEEPAGE SUNKEN FLOOR TREATMENT AND OTHER  MISC WORK OF BR NATURE UNDER GE N AKHNOOR],10-Sep-2025 11:30 AM,E-IN-C BRANCH - MILITARY ENGINEER SERVICES||CE NC AND CE UDHAMPUR ZONE - MES||135 WORKS ENGINEER - MES||GE (N) AKHNOOR - MES,01-Oct-2025 06:00 PM,https://defproc.gov.in/nicgep/app?component=%24DirectLink&page=FrontEndLatestActiveCorrigendums&service=direct&session=T&sp=SA1iRM6oppqZk8at%2B5yFV1g%3D%3D
1416,2025_MES_726838_1,"[REPAIR AND MAINTENANCE OF DG SETS, FIRE FIGHTING EQUIPMENTS AND REPAIRS TO HIGHMAST/ SECURITY/ STREET LIGHTS AND PERIMETER LIGHTING AND CONNECTED WORKS AT CVRDE AVADI]",26-Aug-2025 04:00 PM,E-IN-C BRANCH - MILITARY ENGINEER SERVICES||ADG (OF and DRDO) AND CE (R and D) SECUNDERABAD - MES||AGE (I) RND AVADI - MES||AGE (I) RND AVADI - MES,29-Sep-2025 06:00 PM,https://etender.up.nic.in/nicgep/app?component=%24DirectLink_0&page=FrontEndAdvancedSearchResult&service=direct&session=T&sp=SPkZpJ1sn919JjtWWdoBmiA%3D%3D
1417,2025_MES_730761_1,"[REPAIR, MAINTENANCE AND SERVICING OF HT EQPT INCLUDING TRANSFORMER, VCB, RMU AND HT CABLES, 2/4 POLE STRUCTURE UNDER GE NASHIK ROAD.]",13-Sep-2025 06:00 PM,E-IN-C BRANCH - MILITARY ENGINEER SERVICES||CE SC AND CE PUNE ZONE - MES||CWE DEOLALI - MES,04-Oct-2025 06:00 PM,https://defproc.gov.in/nicgep/app?component=%24DirectLink&page=FrontEndLatestActiveCorrigendums&service=direct&session=T&sp=Slv8YEbpaTkHT2BdFK140tw%3D%3D
1418,2025_MES_727818_1,[TERM CONTRACT FOR ARTIFICERS WORKS TO HANGERS AND ANCILLARIES AT AF STN KALAIKUNDA UNDER GE (AF) KALAIKUNDA],26-Aug-2025 12:00 PM,E-IN-C BRANCH - MILITARY ENGINEER SERVICES||CE EC AND CE (AF) SHILLONG - MES||CWE (AF) KALAIKUNDA - MES||GE (AF) KALAIKUNDA - MES,29-Sep-2025 06:00 PM,https://defproc.gov.in/nicgep/app?component=%24DirectLink&page=FrontEndLatestActiveCorrigendums&service=direct&session=T&sp=SS5zaOivvisFR5a9IGlrKyQ%3D%3D
1419,2025_MES_728995_1,[Repair of all type of Steel furniture under GE (AF) Borjhar],02-Sep-2025 06:00 PM,E-IN-C BRANCH - MILITARY ENGINEER SERVICES||CE EC AND CE (AF) SHILLONG - MES||CWE (AF) BORJAR - MES||GE (AF) BORJAR - MES,30-Sep-2025 06:00 PM,https://defproc.gov.in/nicgep/app?component=%24DirectLink&page=FrontEndLatestActiveCorrigendums&service=direct&session=T&sp=SsinNNZDsH1IbQMxp9NZbxA%3D%3D
1420,2025_MES_729462_1,[PERIODICAL SERVICES TO CERTAIN BUILDINGS OF AREA C AT NAVAL DOCKYARD VISAKHAPATNAM UNDER GE(I) DM VISAKHAPATNAM],04-Sep-2025 06:00 PM,E-IN-C BRANCH - MILITARY ENGINEER SERVICES||CE EC AND CE (NAVY) VIZAG - MES||GE (I) (DM) VISAKHAPATNAM - MES||GE I DM VIZAG - MES,02-Oct-2025 06:00 PM,https://defproc.gov.in/nicgep/app?component=%24DirectLink&page=FrontEndLatestActiveCorrigendums&service=direct&session=T&sp=SPG3U9lJXsapDoSPkwkKPtg%3D%3D
1421,2025_MES_728844_1,"[REPAIR/MAINT OF LIGHT FITTINGS, FIXTURES AND OTHER E/M ASSETS OF RUNWAY INCL ATC PARKING AREA AND CONNECTED WORKS OF E/M NATURE AT  MANASBAL UNDER GE 970 EWS]",02-Sep-2025 10:00 AM,E-IN-C BRANCH - MILITARY ENGINEER SERVICES||CE NC AND CE 31 ZONE - MES||134 WORKS ENGINEER - MES||GE 970 EWS - MES,30-Sep-2025 06:00 PM,https://defproc.gov.in/nicgep/app?component=%24DirectLink&page=FrontEndLatestActiveCorrigendums&service=direct&session=T&sp=S6DFdSUMTLZwZftpbn4t5Vw%3D%3D
1422,2025_NAVY_729129_1,[K/2025/MOG/MIG/O/27],03-Sep-2025 03:00 PM,IHQ of MOD (Navy)||WESTERN NAVAL COMMAND - NAVY||MO (MBI) - NAVY,01-Oct-2025 11:00 AM,https://defproc.gov.in/nicgep/app?component=%24DirectLink&page=FrontEndLatestActiveCorrigendums&service=direct&session=T&sp=S7Buql1N6ATZkYIHEASxk4A%3D%3D
1423,2025_MES_731670_1,"[REPAIRS TO COMPOUND WALL, BARBED WIRE FENCING, CHAIN]",19-Sep-2025 06:00 PM,E-IN-C BRANCH - MILITARY ENGINEER SERVICES||CESC AND CE (AF) BANGALORE - MES||CWE (AF) (NORTH) BANGALORE - MES||GE (AF) MARATHALLI - MES,06-Oct-2025 06:00 PM,https://defproc.gov.in/nicgep/app?component=%24DirectLink&page=FrontEndLatestActiveCorrigendums&service=direct&session=T&sp=S6NB0G3uUMvZcgS2xNTcoAA%3D%3D
1424,2025_MES_733131_1,"[PERIODICAL SERVICES, PETTY REPAIR, REPAIR/ REPLACEMENT OF JOINERY ITEMS, FLOORING, WALLS, PLUMBING SYSTEM, SANITARY ITEMS AND OTHER LEAKAGE SEEPAGE WORKS FOR OTM ACCN DGIS, WARDEC, IML UNDER AGE B/R-I OF GE (SOUTH) DELHI CANTT-10]",29-Sep-2025 01:00 PM,E-IN-C BRANCH - MILITARY ENGINEER SERVICES||CE WC and CE DELHI ZONE-MES||CWE NEW DELHI-MES||GE (S) NEW DELHI-MES,20-Oct-2025 06:00 PM,https://etender.up.nic.in/nicgep/app?component=%24DirectLink_0&page=FrontEndAdvancedSearchResult&service=direct&session=T&sp=Sck1bL9MluLLMpp2Hyc5t%2Fw%3D%3D
1425,2025_MES_731759_1,"[REPAIR/ MAINTENANCE OF ELECTRICAL E/M INSTALLATION, DG SETS AND CONNECTED ITEMS UNDER AGE E/M-I OF GE (N) MAMUN]",19-Sep-2025 04:00 PM,E-IN-C BRANCH - MILITARY ENGINEER SERVICES||CE WC AND CE PATHANKOT ZONE - MES||CWE MAMUN - MES||GE(NORTH) MAMUN - MES,10-Oct-2025 06:00 PM,https://etender.up.nic.in/nicgep/app?component=%24DirectLink_0&page=FrontEndAdvancedSearchResult&service=direct&session=T&sp=ShuCkgt77yfOsfEC08BtCyA%3D%3D
1426,2025_MES_725455_1,[REPAIRS AND CLEANING OF SEWAGE LINES MANHOLES SEPTIC TANKS SOAK WELLS FILTER BEDS AND REPAIRS  REPLACEMENT OF SEWER LINES MANHOLES AND CONNECTED ITEMS AT PHASE II ZONE A AND ZONE B UNDER GE I R AND D EAST BANGALORE],06-Sep-2025 01:00 PM,E-IN-C BRANCH - MILITARY ENGINEER SERVICES||ADG (OF and DRDO) AND CE (R and D) SECUNDERABAD - MES||GE (I) RND (E) BANGALORE - MES,02-Oct-2025 06:00 PM,https://defproc.gov.in/nicgep/app?component=%24DirectLink&page=FrontEndLatestActiveCorrigendums&service=direct&session=T&sp=SsSW%2FOkkXsz%2BEzFb5MVyA1w%3D%3D
1427,2025_BRO_731799_1,[SUPPLY AND STACKING OF CRUSHED STONE AGGREGATES OF VARIOUS SIZES BETWEEN EXISTING KM 95.00 ],19-Sep-2025 05:50 PM,Dte General Border Roads Organisation||HQ CE(P) Swastik (Gangtok) - BRO,14-Oct-2025 12:00 PM,https://etender.up.nic.in/nicgep/app?component=%24DirectLink_0&page=FrontEndAdvancedSearchResult&service=direct&session=T&sp=StJiCzDHIlYqXXJCrnwhpsA%3D%3D
1428,2025_MES_733025_1,[CONSTRUCTION OF UG SUMP FOR WATER SUPPLY AT AF STN JODHPUR],27-Sep-2025 03:00 PM,E-IN-C BRANCH - MILITARY ENGINEER SERVICES||CE SWC AND CE (AF) GANDHINAGAR - MES,30-Oct-2025 06:00 PM,https://etender.up.nic.in/nicgep/app?component=%24DirectLink_0&page=FrontEndAdvancedSearchResult&service=direct&session=T&sp=S3l6QRXNxxpZBczcsxze6cQ%3D%3D
1429,2025_MES_727195_2,"[REPAIR TO BOUNDARY WALL, JAFFARI AND OTHER MIX BR WORKS WALL FENCING GATE, PLASTERING AND ROAD FURNITURE AND ALLIED MISC BR WORK IN DOMESTIC AREA AT AF STN UTARLAI]",10-Sep-2025 06:00 PM,E-IN-C BRANCH - MILITARY ENGINEER SERVICES||CE SWC AND CE (AF) GANDHINAGAR - MES||CWE (AF) Jaisalmer - MES||GE (AF) UTTERLAI - MES,01-Oct-2025 06:00 PM,https://defproc.gov.in/nicgep/app?component=%24DirectLink&page=FrontEndLatestActiveCorrigendums&service=direct&session=T&sp=Sg9sOmVKNJZwOPSR4tna3Jg%3D%3D
1430,2025_MES_729023_1,[REPAIRS TO ROADS( POCKET A AND B ) AT INS MANDOVI ],02-Sep-2025 06:00 PM,E-IN-C BRANCH - MILITARY ENGINEER SERVICES||CESC AND CE( NAVY )MUMBAI - MES||CWE NAVY VASCO - MES,30-Sep-2025 06:00 PM,https://defproc.gov.in/nicgep/app?component=%24DirectLink&page=FrontEndLatestActiveCorrigendums&service=direct&session=T&sp=SWirOL8dkjrjcrxZCcoVnxg%3D%3D
1431,2025_MES_731262_1,[SPECIAL REPAIRS OF TOILET BATHROOMS EXISTING IN BLDG NO P-61 OTM OF     ZONAL WORKSHOP UNDER GE MISSAMARI],16-Sep-2025 06:20 PM,E-IN-C BRANCH - MILITARY ENGINEER SERVICES||CE EC AND CE SILIGURI ZONE - MES||CWE TENGA - MES||GE MISSAMARI - MES,20-Oct-2025 06:00 PM,https://defproc.gov.in/nicgep/app?component=%24DirectLink&page=FrontEndLatestActiveCorrigendums&service=direct&session=T&sp=SgE0RhsIxTkdnad2BX6XqrA%3D%3D
1432,2025_MES_728960_1,[REPAIR/ MAINT OF SOLAR WATER HEATING SYSTEM INCLUDING REPLACEMENT OF U/S CONNECTED ITEMS  AT AHRR  UNDER GE E/M RR HOSP. DELHI CANTT-10],02-Sep-2025 06:00 PM,E-IN-C BRANCH - MILITARY ENGINEER SERVICES||CE WC and CE DELHI ZONE-MES||CWE NEW DELHI-MES||GE E/M (RR) HOSPITAL DELHI CNATT-MES,30-Sep-2025 06:00 PM,https://defproc.gov.in/nicgep/app?component=%24DirectLink&page=FrontEndLatestActiveCorrigendums&service=direct&session=T&sp=SgFiRU8%2BDKpgK%2FqGveV%2BO5g%3D%3D
1433,2025_MES_716934_2,[CERTAIN PETTY DAY TO DAY B/R REPAIR WORK OF MD IN SECTOR C UNDER GE(A) BARODA.],13-Sep-2025 12:00 PM,E-IN-C BRANCH - MILITARY ENGINEER SERVICES||CESC AND CE JODHPUR ZONE - MES||CWE AHMEDABAD - MES||GE (ARMY ) BARODA - MES,02-Oct-2025 06:00 PM,https://defproc.gov.in/nicgep/app?component=%24DirectLink&page=FrontEndLatestActiveCorrigendums&service=direct&session=T&sp=SvP6erzqnX5mFC6xedkQsCw%3D%3D
1434,2025_MES_731829_1,[CONSTRUCTION OF CERTAIN TECH BLDGS AND CONNECTED SERVICES AT AF STN DEESA UNDER PH-II DESIGNATED AS GP-II],19-Sep-2025 06:40 PM,E-IN-C BRANCH - MILITARY ENGINEER SERVICES||CE SWC AND CE (AF) GANDHINAGAR - MES,25-Oct-2025 06:00 PM,https://defproc.gov.in/nicgep/app?component=%24DirectLink&page=FrontEndLatestActiveCorrigendums&service=direct&session=T&sp=SA9KG7zfd88GkSEXlgdHoOw%3D%3D
1435,2025_MES_729416_1,"[SPECIAL REPAIR TO CERTAIN GENERATOR AND INSTALLATION OF AUTOMATIC FIRE DETECTION SYSTEM IN ADMIN CUM TECH BLDG - 712, NAI KARANJA AT NAVAL STATION KARANJA]",04-Sep-2025 06:00 PM,E-IN-C BRANCH - MILITARY ENGINEER SERVICES||CESC AND CE( NAVY )MUMBAI - MES||CWE NAVY KARANJA - MES,02-Oct-2025 06:00 PM,https://defproc.gov.in/nicgep/app?component=%24DirectLink&page=FrontEndLatestActiveCorrigendums&service=direct&session=T&sp=S70ZfU%2FBHie99VC3ZSUkltA%3D%3D
1436,2025_MES_714655_3,"[WELCOME MAINTENANCE TO OFFICERs/JCOs/ORs MD ACCN AND REPAIR/REPLACEMENT TO PERISHED WORNOUT JOINERY CUPBOARD, KITCHEN SHELVES IN MD ACCN IN JCOs MD/ORs MD/OFFICERs MD  AND OTM ACCN AT N AREA UNDER GE CHANDIGARH.]",12-Sep-2025 01:00 PM,E-IN-C BRANCH - MILITARY ENGINEER SERVICES||CE WC AND CE CHANDIGARH ZONE - MES||CWE CHANDIMANDIR - MES||GE CHANDIGARH - MES,01-Oct-2025 06:00 PM,https://defproc.gov.in/nicgep/app?component=%24DirectLink&page=FrontEndLatestActiveCorrigendums&service=direct&session=T&sp=SxsnU0afxKYPVNNpY%2BNRNcw%3D%3D
1437,2025_MES_728309_1,[REPAIR TO PLASTERING JOINERY TILING AND PLUMBING AT VARIOUS UNITS UNDER AGE BR I OF GE BENGDUBI],29-Aug-2025 06:50 PM,E-IN-C BRANCH - MILITARY ENGINEER SERVICES||CE EC AND CE SILIGURI ZONE - MES||CWE BENGDUBI - MES||GE BENGDUBI - MES,29-Sep-2025 06:00 PM,https://defproc.gov.in/nicgep/app?component=%24DirectLink&page=FrontEndLatestActiveCorrigendums&service=direct&session=T&sp=SjLAJj1SfkzUEzP51trHGDQ%3D%3D
1438,2025_MES_731770_1,[REPAIRS TO SEEPAGE AND PLUMBING WORKS TO CERTAIN OTM BLDGS INCLUDING MESSES AT MAIN CAMP AT AF STATION TAMBARAM],19-Sep-2025 05:00 PM,E-IN-C BRANCH - MILITARY ENGINEER SERVICES||CESC AND CE (AF) BANGALORE - MES||CWE (AF) (NORTH) BANGALORE - MES||GE (AF) TAMBARAM - MES,10-Oct-2025 06:00 PM,https://etender.up.nic.in/nicgep/app?component=%24DirectLink_0&page=FrontEndAdvancedSearchResult&service=direct&session=T&sp=SavqWAyyRF132528OUhecXQ%3D%3D
1439,2025_MES_730785_1,"[8125/SAR-T-45/2025-26 REPAIR/MAINT OF INTERNAL ELECTRIC WIRING, LIGHT FITTINGS AND FIXTURES AND REPAIR/ MAINT OF INTERNAL WATER SUPPLY PIPE LINES, REP TO VALVE CHAMBERS, AMC OF RO PLANTS, CHLORINATION SYSTEM AND CONNECTED WORKS AT  RESTRICTED AREA ]",13-Sep-2025 05:00 PM,E-IN-C BRANCH - MILITARY ENGINEER SERVICES||CE WC and CE(AF) WAC PALAM-MES||CWE (AF) Ambala-MES||GE (AF) Sarsawa-MES,04-Oct-2025 06:00 PM,https://etender.up.nic.in/nicgep/app?component=%24DirectLink_0&page=FrontEndAdvancedSearchResult&service=direct&session=T&sp=Sd00bhRMHWSYz2qAt%2B6RT4g%3D%3D
1440,2025_MES_733062_1,[REPAIR/MAINT OF INTERNAL ELECTRIFICATION SYSTEM AND ALLIED ESSENTIAL SERVICES INCLUDING DAY TO DAY MAINT/ASSOCIATED WORKS IN JCOS/ORS MD ACCN OF JAWAHAR LAL NEHRU ROAD IN C 1 SECTOR AND ADJOINING AREA UNDER GE(SOUTH) AMBALA CANTT],27-Sep-2025 04:00 PM,E-IN-C BRANCH - MILITARY ENGINEER SERVICES||CE WC AND CE CHANDIGARH ZONE - MES||CWE AMBALA - MES||GE (S) AMBALA - MES,21-Oct-2025 06:00 PM,https://etender.up.nic.in/nicgep/app?component=%24DirectLink_0&page=FrontEndAdvancedSearchResult&service=direct&session=T&sp=SH%2FTy1tN355HM0axkx%2BbZCg%3D%3D
1441,2025_MES_728990_1,"[SPECIAL REPAIR TO HQ CE (AF) WAC PALAM BLDG (BLDG NO. P-288) AT AF STATION PALAM, DELHI CANTT-10]",02-Sep-2025 06:00 PM,E-IN-C BRANCH - MILITARY ENGINEER SERVICES||CE WC and CE(AF) WAC PALAM-MES||CWE (AF) Palam-MES,10-Oct-2025 06:00 PM,https://defproc.gov.in/nicgep/app?component=%24DirectLink&page=FrontEndLatestActiveCorrigendums&service=direct&session=T&sp=SsLf%2Bs50bTe8kcpKQ%2B%2BMQmA%3D%3D
1442,2025_MES_728070_1,[PROVISION OF TECHNICAL INFRA FOR CERTAIN UNIT (PH-II OF TWO PHASES) AT SEVOKE ROAD MILITARY STATION UNDER GE (P) SILIGURI],27-Aug-2025 05:30 PM,E-IN-C BRANCH - MILITARY ENGINEER SERVICES||CE EC AND CE SILIGURI ZONE - MES,21-Oct-2025 06:00 PM,https://defproc.gov.in/nicgep/app?component=%24DirectLink&page=FrontEndLatestActiveCorrigendums&service=direct&session=T&sp=S2a2PjGu44DYxUJjkridApQ%3D%3D
1443,2025_MES_729272_2,[Job Work Order],20-Sep-2025 03:00 PM,E-IN-C BRANCH - MILITARY ENGINEER SERVICES||CE WC AND CE JALANDHAR ZONE - MES||CWE JALANDHAR - MES||GE (WEST) JALANDHAR CANTT - MES,02-Oct-2025 04:00 PM,https://defproc.gov.in/nicgep/app?component=%24DirectLink&page=FrontEndLatestActiveCorrigendums&service=direct&session=T&sp=SALTsOVMLdJC3kHBDrnEOdw%3D%3D
1444,2025_NAVY_730359_1,"[WELDING AND BRAZING ON AC AND REF GAS SYSTEM, HP AIR SYSTEM AND ASSOCIATED SEA WATER AND FRESH WATER LINES ONBOARD IN SHIPS AND SUBMARINES]",11-Sep-2025 04:00 PM,IHQ of MOD (Navy)||WESTERN NAVAL COMMAND - NAVY||ND (MBI) - NAVY,03-Oct-2025 02:00 PM,https://etender.up.nic.in/nicgep/app?component=%24DirectLink_0&page=FrontEndAdvancedSearchResult&service=direct&session=T&sp=Syew6rJwmkQl%2FNCwE%2FGvTmA%3D%3D
1445,2025_DRDO_729888_1,[Development of Beam Control System for High Power Laser],09-Sep-2025 11:55 AM,Department of Defence Research and Development||Defence Research and Development Organisation||DFMM||Office of DG(ECS)||CHESS,16-Oct-2025 03:00 PM,https://defproc.gov.in/nicgep/app?component=%24DirectLink&page=FrontEndLatestActiveCorrigendums&service=direct&session=T&sp=Ss4H9K2poDxz1Rsi7fRtFuw%3D%3D
1446,2025_MES_729658_1,"[REPAIR / MAINT OF BOUNDARY WALL, AREA DRAINAGE, SEWAGE DISPOSAL, INTERLOCKING PAVER BLOCK, HARD STANDING, PATH, BRICK WORK, AND PLASTER AND MISC B/R MAINT WORK AT COMD HOSP (CC) IN THE AREA OF AGE E/M (HOSP) UNDER GE E/M LUCKNOW]",06-Sep-2025 02:00 PM,E-IN-C BRANCH - MILITARY ENGINEER SERVICES||CE CC AND CE LUCKNOW ZONE - MES||CWE LUCKNOW - MES||GE(E/M)LUCKNOW - MES,04-Oct-2025 06:00 PM,https://defproc.gov.in/nicgep/app?component=%24DirectLink&page=FrontEndLatestActiveCorrigendums&service=direct&session=T&sp=SE36vAsmfl2RovA03rk15jA%3D%3D
1447,2025_MES_732170_1,[REPAIRS TO SWT DRAIN FOOTPATHS AND APPROACHES AT AF STN PURNEA UNDER AGE I AF PURNEA],23-Sep-2025 09:00 AM,E-IN-C BRANCH - MILITARY ENGINEER SERVICES||CE EC AND CE (AF) SHILLONG - MES||CWE (AF) PANAGARH-MES||GE (AF) PURNEA-MES,13-Oct-2025 06:00 PM,https://etender.up.nic.in/nicgep/app?component=%24DirectLink_0&page=FrontEndAdvancedSearchResult&service=direct&session=T&sp=ScQYtPF%2F8T3TVrajkUo3j9w%3D%3D
1448,2025_MES_729840_1,"[SPECIAL REPAIR TO CERTAIN BUILDINGS, SECURITY POSTS AND PROVN OF GATES FOR OFFRS MD ACCN AT NAGROTA MIL STN UNDER GE NAGROTA]",08-Sep-2025 06:00 PM,E-IN-C BRANCH - MILITARY ENGINEER SERVICES||CE NC AND CE UDHAMPUR ZONE - MES||CWE NAGROTA - MES||GE NAGROTA - MES,04-Oct-2025 06:00 PM,https://defproc.gov.in/nicgep/app?component=%24DirectLink&page=FrontEndLatestActiveCorrigendums&service=direct&session=T&sp=SP%2BAauy%2Bra00SiQz%2BsNdKhg%3D%3D
1449,2025_MES_729358_1,[REPAIR/MAINT OF HT/LT OH LINE AT DIFFERENT LOCATION UNDER GE GWALIOR],04-Sep-2025 02:00 PM,E-IN-C BRANCH - MILITARY ENGINEER SERVICES||CESC AND CE BHOPAL ZONE  - MES||CWE JHANSI - MES,30-Oct-2025 06:00 PM,https://defproc.gov.in/nicgep/app?component=%24DirectLink&page=FrontEndLatestActiveCorrigendums&service=direct&session=T&sp=Sqm%2BDbLfMt1iJMXTot363Ig%3D%3D
1450,2025_ARMY_709010_1,[A/20072/RD 40MM HET L 70/MII/MGS/BRIG PROC A],19-May-2025 05:00 PM,IHQ of MoD (Army)-(OSCC)||MGO BR-IHQ of MoD (Army)-(OSCC)||ADG PROC-MGO BR-IHQ of MoD (Army)-(OSCC),31-Oct-2025 05:00 PM,https://defproc.gov.in/nicgep/app?component=%24DirectLink&page=FrontEndLatestActiveCorrigendums&service=direct&session=T&sp=S%2BocpkbZhedGeyTZPWRgljQ%3D%3D
1451,2025_MES_725012_3,[PROVN OF ALLIED E/M AND W/S WORKS FOR BOREWELL AT LKG UNDER GE 881 ],18-Sep-2025 06:00 PM,E-IN-C BRANCH - MILITARY ENGINEER SERVICES||CE NC AND CE UDHAMPUR ZONE - MES||CWE RAJOURI - MES||GE 881 EWS - MES,30-Sep-2025 06:00 PM,https://defproc.gov.in/nicgep/app?component=%24DirectLink&page=FrontEndLatestActiveCorrigendums&service=direct&session=T&sp=S9o7LCKUxjafdDY%2BNGtnCrw%3D%3D
1452,2025_MES_730912_1,"[PROVISION OF STREET LIGHTS, HIGH MAST ALONGWITH]",15-Sep-2025 06:00 PM,E-IN-C BRANCH - MILITARY ENGINEER SERVICES||CESC AND CE (AF) BANGALORE - MES||CWE (AF) (NORTH) BANGALORE - MES||GE (AF) MARATHALLI - MES,06-Oct-2025 06:00 PM,https://defproc.gov.in/nicgep/app?component=%24DirectLink&page=FrontEndLatestActiveCorrigendums&service=direct&session=T&sp=SJwZN%2FUbVcAsygUvFg5W2yg%3D%3D
1453,2025_MES_721675_2,[REPAIR/ MAINT TO ROADS AND BERMS OF OTM AND MD ACCN AT GTC UNDER GE SHILLONG],09-Sep-2025 06:15 PM,E-IN-C BRANCH - MILITARY ENGINEER SERVICES||CE EC AND CE SHILLONG ZONE - MES||CWE Shillong - MES,30-Sep-2025 06:00 PM,https://defproc.gov.in/nicgep/app?component=%24DirectLink&page=FrontEndLatestActiveCorrigendums&service=direct&session=T&sp=SQWRFwFCBWQSQk3btQl2qyg%3D%3D
1454,2025_MES_730808_1,[ADDN/ ALTN TO BLDG NO P-944 HYDRAULIC LAB AND PROVISION OF GUARD POST AF STN BHISIANA ],13-Sep-2025 06:00 PM,E-IN-C BRANCH - MILITARY ENGINEER SERVICES||CE WC and CE(AF) WAC PALAM-MES||CWE(AF) BHISIANA - MES||GE(AF) BHISIANA - MES,08-Oct-2025 06:00 PM,https://etender.up.nic.in/nicgep/app?component=%24DirectLink_0&page=FrontEndAdvancedSearchResult&service=direct&session=T&sp=S5YXpH1D4s8t75GlmGbwXGw%3D%3D
1455,2025_MES_730951_1,[REPAIR TO JOINERY AND CONNECTED ITEMS IN CERTAIN MD AND OTM ACCNS IN SOUTHERN SECTOR INCLUDING ABHERA CAMP AND COMPREHENSIVE MAINTS OF STAND BY DG SETS UNDER GE KOTA AT MIL STN KOTA],15-Sep-2025 03:00 PM,E-IN-C BRANCH - MILITARY ENGINEER SERVICES||CE SWC AND CE JAIPUR JAIPUR - MES||CWE KOTA - MES||GE KOTA - MES,04-Oct-2025 06:00 PM,https://defproc.gov.in/nicgep/app?component=%24DirectLink&page=FrontEndLatestActiveCorrigendums&service=direct&session=T&sp=SVrIQaa2dHgC1gSleI8MBpQ%3D%3D
1456,2025_MES_728822_1,"[REPAIR /MAINT OF ROLLING SHUTTER, STEEL GATES, ROOFING SHEETS AND MISC B/R WORKS IN B ARTY BDE INCLUDING RESTRICTED AREA UNDER AGE B/R (P-1) AT FARIDKOT MIL STN  ]",01-Sep-2025 06:00 PM,E-IN-C BRANCH - MILITARY ENGINEER SERVICES||CE SWC AND CE BATHINDA ZONE - MES||CWE GANGANAGAR - MES,29-Sep-2025 06:00 PM,https://defproc.gov.in/nicgep/app?component=%24DirectLink&page=FrontEndLatestActiveCorrigendums&service=direct&session=T&sp=SjZZ8KrEXg8yv14U0JP%2Bq%2FA%3D%3D
1457,2025_MES_731826_1,[Spl repairs to water supply pipe lines at certain area of 1 FOD (Depot Side) under GE (U) Udhampur],19-Sep-2025 06:10 PM,E-IN-C BRANCH - MILITARY ENGINEER SERVICES||CE NC AND CE UDHAMPUR ZONE - MES||CWE UDHAMPUR - MES||GE (U) UDHAMPUR - MES,10-Oct-2025 06:00 PM,https://defproc.gov.in/nicgep/app?component=%24DirectLink&page=FrontEndLatestActiveCorrigendums&service=direct&session=T&sp=Sz8MYmBm39mNmqjuVZ1I8qQ%3D%3D
1458,2025_DRDO_731208_1,"[REALIZATION , INTEGRATION AND SUPPLY OF WEAPON ( INCLUDING DEVELOPMENT OF SUBSYSTEMS OF THE WEAPON OTHER THAN FIM)]",16-Sep-2025 04:00 PM,Department of Defence Research and Development||Defence Research and Development Organisation||DFMM||Office of DG (MSS)||RCI,06-Oct-2025 10:00 AM,https://defproc.gov.in/nicgep/app?component=%24DirectLink&page=FrontEndLatestActiveCorrigendums&service=direct&session=T&sp=SE934GfI3JGl5XMb%2FXydW1w%3D%3D
1459,2025_MES_722244_2,[SPL REPAIR REPLACEMENT OF EARTHING OF LT PANEL OTHER  CONNECTED ITEMS OF E M INSTALLATIONS R O AVN EQPTS 162 MH OTHER SENSITIVE LOCATIONS ETC INCLUDING POCKET AREA N PROVN OF SOAK WELL SEPTIC TANK NEAR BLDG P07 N T20 AT OUTER POCKET UNDER GE DINJAN],10-Sep-2025 02:00 PM,E-IN-C BRANCH - MILITARY ENGINEER SERVICES||CE EC AND CE SHILLONG ZONE - MES||CWE Dinjan - MES,29-Sep-2025 06:00 PM,https://defproc.gov.in/nicgep/app?component=%24DirectLink&page=FrontEndLatestActiveCorrigendums&service=direct&session=T&sp=S7rvyn4FaMEJKdfCTdCRFvw%3D%3D
1460,2025_MES_730586_1,[TERM CONTRACT FOR ARTIFICER WORKS IN AOR OF BAISHAKHI STN UNDER GE 859 EWS],12-Sep-2025 06:00 PM,E-IN-C BRANCH - MILITARY ENGINEER SERVICES||CE EC AND CE SILIGURI ZONE - MES||CWE TENGA - MES||GE 859 EWS - MES,03-Oct-2025 06:00 PM,https://etender.up.nic.in/nicgep/app?component=%24DirectLink_0&page=FrontEndAdvancedSearchResult&service=direct&session=T&sp=SkElM76J08Zu9CCbwmSueeQ%3D%3D
1461,2025_MES_729653_1,"[REPAIR/ MAINT OF VIP / VVIP DISPERSAL, TAXI TRACK AND OTHER MISC B/R WORK IN TECH AREA AT AF STN PALAM UNDER GE (AF) PALAM, DELHI CANTT-10]",06-Sep-2025 06:00 PM,E-IN-C BRANCH - MILITARY ENGINEER SERVICES||CE WC and CE(AF) WAC PALAM-MES||CWE (AF) Palam-MES||GE (AF) North Palam-MES,04-Oct-2025 06:00 PM,https://defproc.gov.in/nicgep/app?component=%24DirectLink&page=FrontEndLatestActiveCorrigendums&service=direct&session=T&sp=SI7XSy2mFs8VK1Jcebv6fZw%3D%3D
1462,2025_MES_729088_1,"[REPAIR TO FLOORING, PLINTH PROTECTION, PATH ETC IN AREA OF AGE B/R-II UNDER GE (WEST) JABALPUR]",03-Sep-2025 02:00 PM,E-IN-C BRANCH - MILITARY ENGINEER SERVICES||CE CC AND CE JABALPUR ZONE - MES||CWE JABALPUR - MES||GE (W) JABALPUR - MES,01-Oct-2025 06:00 PM,https://defproc.gov.in/nicgep/app?component=%24DirectLink&page=FrontEndLatestActiveCorrigendums&service=direct&session=T&sp=SchoKVtYDlwthcgtfxr451Q%3D%3D
1463,2025_MES_733123_1,[ADDN/ ALTN TO SNCOS BILLETS BLDG NO. P-36 AND P-79 AT AF STN BKT],29-Sep-2025 09:00 AM,E-IN-C BRANCH - MILITARY ENGINEER SERVICES||CE CC AND CE (AF) ALLAHABAD - MES||CWE (AF) IZATNAGAR - MES||GE(AF) BKT - MES,20-Oct-2025 09:00 AM,https://etender.up.nic.in/nicgep/app?component=%24DirectLink_0&page=FrontEndAdvancedSearchResult&service=direct&session=T&sp=SAgBOq19JOdVQki3wq8IzFQ%3D%3D
1464,2025_MES_729094_1,[COMPREHENSIVE B/R MAINT IN MD OFFICER ACCN IN THE AREA OF AGE B/R-I UNDER GE (WEST) JABALPUR],03-Sep-2025 12:00 PM,E-IN-C BRANCH - MILITARY ENGINEER SERVICES||CE CC AND CE JABALPUR ZONE - MES||CWE JABALPUR - MES||GE (W) JABALPUR - MES,01-Oct-2025 06:00 PM,https://defproc.gov.in/nicgep/app?component=%24DirectLink&page=FrontEndLatestActiveCorrigendums&service=direct&session=T&sp=Sz7cOupEyFkZtuv8ytUm6vg%3D%3D
1465,2025_MES_728920_1,"[SPL REPAIR OF OVERHEAD LINE CONVERT INTO UNDERGOING CABLE, SECURITY LIGHTS AND ALLIED SERVICES AT PARAMETER OF SDP MEERUT  CANTT UNDER GE (U) MEERUT CANTT.]",02-Sep-2025 02:00 PM,E-IN-C BRANCH - MILITARY ENGINEER SERVICES||CE CC AND CE BAREILLY ZONE - MES||CWE MEERUT - MES||GE (U) EM Meerut - MES,30-Sep-2025 06:00 PM,https://defproc.gov.in/nicgep/app?component=%24DirectLink&page=FrontEndLatestActiveCorrigendums&service=direct&session=T&sp=SKAE%2BxbqOGkSeuMOFgcsINg%3D%3D
1466,2025_MES_729715_1,[SPECIAL REPAIR/REPLACEMENT OF GOD/HT INSULATOR AT MAIN RECEIVING STATION OF DHOLEWAL MIL STN UNDER GE LUDHIANA],06-Sep-2025 05:00 PM,E-IN-C BRANCH - MILITARY ENGINEER SERVICES||CE WC AND CE JALANDHAR ZONE - MES||CWE FEROZEPUR - MES,02-Oct-2025 06:00 PM,https://defproc.gov.in/nicgep/app?component=%24DirectLink&page=FrontEndLatestActiveCorrigendums&service=direct&session=T&sp=SmElSZvtr5steJKniKPk%2BhA%3D%3D
1467,2025_IAF_716431_1,[PROCUREMENT OF SPARES FOR MIG-29 UPG AIRCRAFT],24-Jun-2025 05:00 PM,Indian Air Force||AOM NEW DELHI - IAF||ACAS (Procurement) - IAF||D Procurement - IAF,17-Oct-2025 03:00 PM,https://defproc.gov.in/nicgep/app?component=%24DirectLink&page=FrontEndLatestActiveCorrigendums&service=direct&session=T&sp=SrX8qjXHIm1K70n6vhZgSyA%3D%3D
1468,2025_MES_709763_1,[WORK SERVISES FOR PROVISION OF INFRASTRUCTURE FOR],22-May-2025 06:50 PM,E-IN-C BRANCH - MILITARY ENGINEER SERVICES||CESC AND CE (AF) BANGALORE - MES,29-Sep-2025 06:00 PM,https://defproc.gov.in/nicgep/app?component=%24DirectLink&page=FrontEndLatestActiveCorrigendums&service=direct&session=T&sp=S5W45Hr4OxjLPW4Aw8wVdBg%3D%3D
1469,2025_MES_731171_1,[ADDN/ALTN AND SPECIAL REPAIR TO CERTAIN BUILDINGS OF APS WING KAMPTEE UNDER GE KAMPTEE.],16-Sep-2025 03:00 PM,E-IN-C BRANCH - MILITARY ENGINEER SERVICES||CESC AND CE BHOPAL ZONE  - MES||CWE NAGPUR - MES||GE KAMPTEE - MES,07-Oct-2025 06:00 PM,https://defproc.gov.in/nicgep/app?component=%24DirectLink&page=FrontEndLatestActiveCorrigendums&service=direct&session=T&sp=SGI0SkFvODgR%2FMiOfgSkTmw%3D%3D
1470,2025_MES_729288_1,[SPECIAL REPAIR OF BLDG NO 60 AT EM YARD  UNDER GE (NORTH) MEERUT CANTT],04-Sep-2025 11:00 AM,E-IN-C BRANCH - MILITARY ENGINEER SERVICES||CE CC AND CE BAREILLY ZONE - MES||CWE MEERUT - MES,03-Oct-2025 06:00 PM,https://defproc.gov.in/nicgep/app?component=%24DirectLink&page=FrontEndLatestActiveCorrigendums&service=direct&session=T&sp=Si1RnQPWiiW5ev8ZSaK0odQ%3D%3D
1471,2025_MES_730152_1,[SPECIAL REPAIR TO BLDG NO P-52 AT CGDHQ-1 UNDER GE (I) CG PORBANDAR],10-Sep-2025 04:00 PM,E-IN-C BRANCH - MILITARY ENGINEER SERVICES||ADG (CG AND PROJECT) CHENNAI AND CE (CG) GOA - MES||GE (CG) PORBANDAR - MES,29-Sep-2025 06:00 PM,https://defproc.gov.in/nicgep/app?component=%24DirectLink&page=FrontEndLatestActiveCorrigendums&service=direct&session=T&sp=Sd%2BQGIRZg5wI4eT8%2F9jj4Vw%3D%3D
1472,2025_BRO_728049_1,[EXECUTION OF SURFACING WORKS ON ROAD DRASS MASKOH BAKERWAL BETWEEN KM 10.00 TO KM 20.00 UNDER 55 RCC/ 762 BRTF PROJECT VIJAYAK IN THE UNION TERRITORY OF LADAKH],27-Aug-2025 04:00 PM,Dte General Border Roads Organisation||HQ CE(P) Vijayak(Kargil) - BRO,29-Sep-2025 06:00 PM,https://defproc.gov.in/nicgep/app?component=%24DirectLink&page=FrontEndLatestActiveCorrigendums&service=direct&session=T&sp=SdMoUzOS7DfNiLYfQ6Y4FXw%3D%3D
1473,2025_MES_727940_1,"[PROVISION OF FIRE RETARDANT FALSE CEILING AND WALL PANELLING, GLASS PANELS, SMART EARTHING, FLAME PROOF AC WITH STABILIZER AND IMPROVEMENT TO AWI AT AFS BIDAR]",26-Aug-2025 05:25 PM,E-IN-C BRANCH - MILITARY ENGINEER SERVICES||CESC AND CE (AF) BANGALORE - MES||CWE (AF) SECUNDERABAD - MES||GE(AF)BIDAR - MES,29-Sep-2025 06:00 PM,https://defproc.gov.in/nicgep/app?component=%24DirectLink&page=FrontEndLatestActiveCorrigendums&service=direct&session=T&sp=SRozd4FvF25ZwHVKokFvHBQ%3D%3D
1474,2025_ARMY_731685_1,[RC/25-26/134],19-Sep-2025 06:00 PM,IHQ of MoD (Army)-(OSCC)||DGAFMS-IHQ of MoD (Army)-(OSCC)||DG 2 GROUP-IHQ of MoD (Army)-(OSCC)||AFMSD 4-IHQ of MoD (Army),21-Oct-2025 10:00 AM,https://etender.up.nic.in/nicgep/app?component=%24DirectLink_0&page=FrontEndAdvancedSearchResult&service=direct&session=T&sp=ScM2OYnqvljDsgW3I35Psog%3D%3D
1475,2025_MES_727912_1,"[REPAIR AND MAINTENANCE OF LT OH LINES, LT UG CABLES AND ALLIED WORKS AT 811 CETC NACHANA AND ASCON NODES (NACHANA, BADLOO AND BIKAMPUR) AREA UNDER AGE (I) POKARAN]",02-Sep-2025 05:00 PM,E-IN-C BRANCH - MILITARY ENGINEER SERVICES||CESC AND CE JODHPUR ZONE - MES||CWE JAISALMER - MES||AGE (I) Pokaran - MES,30-Sep-2025 06:00 PM,https://defproc.gov.in/nicgep/app?component=%24DirectLink&page=FrontEndLatestActiveCorrigendums&service=direct&session=T&sp=S2gCKdIRNQbJ%2B3VAUeafqBg%3D%3D
1476,2025_MES_715249_3,"[COMPREHENSIVE MAINTENANCE TO CERTAIN BLDGS AND ROLLING SHUTTERS, HANGER DOOR AND GATES AT TECHNICAL AREA (NORTH SIDE OF RUNWAY),REPAIRS TO TRAVERSE, ROOF, FLOORING, PLUMBING, JOINERY, CEILING AND WALL FINISHES IN WSA FIRING RANGE GE (AF) LOHEGAON]",27-Sep-2025 04:00 PM,E-IN-C BRANCH - MILITARY ENGINEER SERVICES||CE SWC AND CE (AF) GANDHINAGAR - MES||CWE (AF) LOHOGAON - MES||GE (AF) LOHOGAON - MES,09-Oct-2025 06:00 PM,https://etender.up.nic.in/nicgep/app?component=%24DirectLink_0&page=FrontEndAdvancedSearchResult&service=direct&session=T&sp=SlGVLtEaZUX%2BKN7Sg6mOVBg%3D%3D
1477,2025_MES_728776_1,[REPAIRS TO JOINERY FLOORING ROOF TREATMENT SANITARY FITTINGS AND OTHER BR WORKS AT AREA A AND C AT AF STN WADSAR UNDER GE (AF) CHILODA],01-Sep-2025 06:00 PM,E-IN-C BRANCH - MILITARY ENGINEER SERVICES||CE SWC AND CE (AF) GANDHINAGAR - MES||CWE (AF) CHILODA - MES||GE (AF) CHILODA - MES,29-Sep-2025 06:00 PM,https://defproc.gov.in/nicgep/app?component=%24DirectLink&page=FrontEndLatestActiveCorrigendums&service=direct&session=T&sp=SRxyoYWI699Tstpw1A2Yb0Q%3D%3D
1478,2025_MES_731494_1,"[ADDN / ALTN / IMP TO STN ARMOURY AND PROVN OF SOFT ROOF FOR DSA, PROVN OF FOL STORE AT 250SU AF AND CERTAIN MINOR WORKS AT AFS HAKIMPET UNDER GE(AF) HAKIMPET]",18-Sep-2025 06:00 PM,E-IN-C BRANCH - MILITARY ENGINEER SERVICES||CESC AND CE (AF) BANGALORE - MES||CWE (AF) SECUNDERABAD - MES||GE(AF)HAKIMPET HYDERABAD - MES,09-Oct-2025 06:00 PM,https://etender.up.nic.in/nicgep/app?component=%24DirectLink_0&page=FrontEndAdvancedSearchResult&service=direct&session=T&sp=SjCxVWDGw96NEuwKD542ieg%3D%3D
1479,2025_MES_730980_1,[WELCOME MAINT FOR CERTAIN MD ACCN AT DARJIPURA AT AFS BARODA],15-Sep-2025 05:00 PM,E-IN-C BRANCH - MILITARY ENGINEER SERVICES||CE SWC AND CE (AF) GANDHINAGAR - MES||CWE (AF) CHILODA - MES||GE (AF) BARODA - MES,06-Oct-2025 06:00 PM,https://defproc.gov.in/nicgep/app?component=%24DirectLink&page=FrontEndLatestActiveCorrigendums&service=direct&session=T&sp=Smzag3oSysd2Zq6O6XhNCfA%3D%3D
1480,2025_MES_730514_1,[SPECIAL REPAIR TO BLDG NO T 299 AND T 512 ( SINGLE OFFICE LIVING ACCN) AND ALLIED WORKS AT OSQ HILL OF CIJW SCHOOL VAIRENGTE UNDER GE SILCHAR],12-Sep-2025 11:40 AM,E-IN-C BRANCH - MILITARY ENGINEER SERVICES||CE EC AND CE SHILLONG ZONE - MES||CWE HQ 137 WE - MES||GE SILCHAR - MES,04-Oct-2025 06:00 PM,https://defproc.gov.in/nicgep/app?component=%24DirectLink&page=FrontEndLatestActiveCorrigendums&service=direct&session=T&sp=SDJ0yZeLdzjSOqQdzFBDWqw%3D%3D
1481,2025_MES_729670_1,[PERIODICAL SERVICES AND REPAIR TO BUILDINGS AT CGDHQ-15 OKHA UNDER GE (I) CG PORBANDAR],06-Sep-2025 04:00 PM,E-IN-C BRANCH - MILITARY ENGINEER SERVICES||ADG (CG AND PROJECT) CHENNAI AND CE (CG) GOA - MES||GE (CG) PORBANDAR - MES,02-Oct-2025 06:00 PM,https://defproc.gov.in/nicgep/app?component=%24DirectLink&page=FrontEndLatestActiveCorrigendums&service=direct&session=T&sp=S18hy2T%2Brm8YEwlp%2FFOTYIw%3D%3D
1482,2025_MES_729303_1,"[REPAIR / MAINT TO DRAIN, CULVERTS, SEWAGE LINES, MANHOLES AND OTHER ALLIED WORKS AT MIL STN BHUSAWAL UNDER GE (S) AHILYANAGAR]",04-Sep-2025 11:00 AM,E-IN-C BRANCH - MILITARY ENGINEER SERVICES||CE SC AND CE PUNE ZONE - MES||CWE DEOLALI - MES||GE (S) AHMEDNAGAR - MES,01-Oct-2025 06:00 PM,https://defproc.gov.in/nicgep/app?component=%24DirectLink&page=FrontEndLatestActiveCorrigendums&service=direct&session=T&sp=SSbSUMs%2F2qGQjlAngo31gfQ%3D%3D
1483,2025_MES_726930_1,[PROVN OF SINGLE JCOS DEFI ACCN WITH SCOOTER SHED AND CAR PARKING ALONGWITH SANITARY FITTINGS NEAR JCOS MESS  OF AD REGT AT PARADE GROUND BHARATPUR MIL STN],20-Aug-2025 06:55 PM,E-IN-C BRANCH - MILITARY ENGINEER SERVICES||CE SWC AND CE JAIPUR JAIPUR - MES||CWE Mathura - MES,01-Oct-2025 06:00 PM,https://defproc.gov.in/nicgep/app?component=%24DirectLink&page=FrontEndLatestActiveCorrigendums&service=direct&session=T&sp=S1ho0v%2F8GW051F9YnPEXFkA%3D%3D
1484,2025_MES_731266_1,[REPAIR/REPLACEMENT OF UNSERVICEABLE INTERNAL  ELECTRIFICATION WORKS AT TECH AREA AT AF STN   PHALODI],16-Sep-2025 06:55 PM,E-IN-C BRANCH - MILITARY ENGINEER SERVICES||CE SWC AND CE (AF) GANDHINAGAR - MES||CWE (AF) JODHPUR - MES||GE (AF) PHALODI - MES,07-Oct-2025 06:00 PM,https://defproc.gov.in/nicgep/app?component=%24DirectLink&page=FrontEndLatestActiveCorrigendums&service=direct&session=T&sp=S83lAz13%2BkzyhNj0XLeE1lQ%3D%3D
1485,2025_MES_730222_1,"[SPECIAL REPAIRS TO BUILDING NO. L-3 QTR NO. NP 17 TO NP 22 AT NAVAL PARK, NORA UNDER GE NB VISAKHAPATNAM]",10-Sep-2025 06:00 PM,E-IN-C BRANCH - MILITARY ENGINEER SERVICES||CE EC AND CE (NAVY) VIZAG - MES||CWE VISAKHAPATNAM - MES,08-Oct-2025 06:00 PM,https://defproc.gov.in/nicgep/app?component=%24DirectLink&page=FrontEndLatestActiveCorrigendums&service=direct&session=T&sp=SRMIoncqQ7zUKtv%2FXLxn0Kw%3D%3D
1486,2025_ARMY_730358_1,[N1 IFL 7987 BODY ME  105 37MM IFG LFG],11-Sep-2025 02:40 PM,IHQ of MoD (Army)-(OSCC)||MGO BR-IHQ of MoD (Army)-(OSCC)||ADG PROC-MGO BR-IHQ of MoD (Army)-(OSCC)||PPO-ADG PROC-MGO BR-IHQ of MoD(Army),03-Oct-2025 06:00 PM,https://etender.up.nic.in/nicgep/app?component=%24DirectLink_0&page=FrontEndAdvancedSearchResult&service=direct&session=T&sp=SEjr3cbuKkFsL1CwbIxI9NQ%3D%3D
1487,2025_MES_729449_1,[REPAIR MAINTENANCE AND IMPROVEMENT OF LT PANEL INCLUDING LT SWITCH GEAR EARTHING TIMER PANEL LT POLES POLE BOX OUTDOOR STREET LIGHTS FLOOD LIGHTS AREA LIGHTS LT DISTRIBUTION NETWORK AND CONNECTED ITEMS FOR ATAL ROAD RLB MARG HQCC CAMP HQ CC PRO UNIT ],04-Sep-2025 05:00 PM,E-IN-C BRANCH - MILITARY ENGINEER SERVICES||CE CC AND CE LUCKNOW ZONE - MES||CWE LUCKNOW - MES||GE(E/M)LUCKNOW - MES,02-Oct-2025 06:00 PM,https://defproc.gov.in/nicgep/app?component=%24DirectLink&page=FrontEndLatestActiveCorrigendums&service=direct&session=T&sp=SlimyE7nqqqa%2BoaoJidkxfg%3D%3D
1488,2025_MES_729842_1,"[REPAIR/RENEWAL/MAINTENANCE OF 11 KV SYSTEM, OVER HEAD LINES,  UG CABLES, DEHYDRATION OF 11 KV/0.433 KV TRANSFORMERS AND CONNECTED WORKS AT BABINA CANTT UNDER GE BABINA]",08-Sep-2025 05:00 PM,E-IN-C BRANCH - MILITARY ENGINEER SERVICES||CESC AND CE BHOPAL ZONE  - MES||CWE JHANSI - MES,09-Oct-2025 06:00 PM,https://defproc.gov.in/nicgep/app?component=%24DirectLink&page=FrontEndLatestActiveCorrigendums&service=direct&session=T&sp=Si0GxYhNgKI4fTpXP0hjHmg%3D%3D
1489,2025_MES_730607_1,"[REPAIRS, RECANNING AND POLISHING AND CERTAIN OTHER MISC MAINTENANCE WORKS OF WOODEN FURNITURE AT MIL STN BHUJ AND GANDHIDHAM UNDER GE ARMY BHUJ]",12-Sep-2025 04:35 PM,E-IN-C BRANCH - MILITARY ENGINEER SERVICES||CESC AND CE JODHPUR ZONE - MES||CWE AHMEDABAD - MES||GE (ARMY)BHUJ - MES,06-Oct-2025 06:00 PM,https://defproc.gov.in/nicgep/app?component=%24DirectLink&page=FrontEndLatestActiveCorrigendums&service=direct&session=T&sp=SNejMKT7WbQybfCOQAhxsYQ%3D%3D
1490,2025_NAVY_730446_1,[K/2025/MOG/P8I/O/44],12-Sep-2025 09:00 AM,IHQ of MOD (Navy)||WESTERN NAVAL COMMAND - NAVY||HQGNA - NAVY||MO (GOA) - NAVY,06-Oct-2025 11:00 AM,https://defproc.gov.in/nicgep/app?component=%24DirectLink&page=FrontEndLatestActiveCorrigendums&service=direct&session=T&sp=S8MoGAfbUBXLQHCN2q9toiA%3D%3D
1491,2025_MES_731274_1,"[REPAIR/MAINT OF LT NETWORK INCLUDING LT PANELS, ACSR CONDUCTORS AT DIFFERENT LOCATIONS IN THE AOR OF AGE E/M UNDER GE 969 EWS, JOB NO- TPP 2025-26 SER NO 05 ANNEX-V TO APPX A]",17-Sep-2025 09:00 AM,E-IN-C BRANCH - MILITARY ENGINEER SERVICES||CE NC AND CE 31 ZONE - MES||133 WORKS ENGINEER - MES,07-Oct-2025 06:00 PM,https://etender.up.nic.in/nicgep/app?component=%24DirectLink_0&page=FrontEndAdvancedSearchResult&service=direct&session=T&sp=S85Bo180yh%2BIqPa4izEbX5g%3D%3D
1492,2025_MES_732494_1,[ GE/ALP (8547) KOLKATA OF 2025-26  ],24-Sep-2025 04:05 PM,E-IN-C BRANCH - MILITARY ENGINEER SERVICES||CE EC AND CE KOLKATA ZONE - MES||CWE KOLKATA - MES||GE ALIPORE - MES,15-Oct-2025 05:15 PM,https://etender.up.nic.in/nicgep/app?component=%24DirectLink_0&page=FrontEndAdvancedSearchResult&service=direct&session=T&sp=S3Icd%2BVke4Q2892sS4r60Cw%3D%3D
1493,2025_MES_730475_1,[REPAIR TO ROADS AND ROAD SIDE FURNITURE UNDER AGE B/R-I MANKHURD],12-Sep-2025 09:00 AM,E-IN-C BRANCH - MILITARY ENGINEER SERVICES||CESC AND CE( NAVY )MUMBAI - MES||CWE (SUBURB) MUMBAI - MES,09-Oct-2025 06:00 PM,https://defproc.gov.in/nicgep/app?component=%24DirectLink&page=FrontEndLatestActiveCorrigendums&service=direct&session=T&sp=SIWR4wmrRK6FqTnfLDea98A%3D%3D
1494,2025_ARMY_730698_1,"[CONSTR OF 01 X SURFACE WATER TANK OF 45KL ALONGWITH PIPELINE AT AWANG KASOM VILLAGE UKHRUL DISTRICT, MANIPUR]",13-Sep-2025 01:00 PM,IHQ of MoD (Army)-(OSCC)||Eastern Comd-IHQ of MoD (Army)-(OSCC)||CORPS 1-Eastern Comd-IHQ of MoD (Army)-(OSCC)||DIV A-CORPS1-Eastern Comd-IHQ of MoD,04-Oct-2025 04:00 PM,https://defproc.gov.in/nicgep/app?component=%24DirectLink&page=FrontEndLatestActiveCorrigendums&service=direct&session=T&sp=ShEk1SlQECpCUgg%2BcXysheg%3D%3D
1495,2025_MES_730609_1,[COMPREHENSIVE/ PETTY REPAIR TO CERTAIN SMQ/OMQ BUILDING AT AF STATION RAJOKRI UNDER GE (AF) GURGAON],12-Sep-2025 06:00 PM,E-IN-C BRANCH - MILITARY ENGINEER SERVICES||CE WC and CE(AF) WAC PALAM-MES||CWE (AF) GURGAON - MES||GE (AF) GURGAON - MES,03-Oct-2025 06:00 PM,https://etender.up.nic.in/nicgep/app?component=%24DirectLink_0&page=FrontEndAdvancedSearchResult&service=direct&session=T&sp=SY41IPaUXB3IQC7pAP0J6kQ%3D%3D
1496,2025_MES_729618_1,"[REPAIR AND MAINT OF DRAINS, BOUNDARY WALLS, FENCING, SEWAGE LINE,MANHOLES INCL ATTENDING DAY TO DAY COMPLAINTS, CERTAIN OTHER MISC B/R WORKS AT IHQ MOD CAMP, MANEKSHAW CENTRE AND KHYBER LINE UNDER AGE B/R-I OF GE (SOUTH) DELHI CANTT-10]",06-Sep-2025 01:00 PM,E-IN-C BRANCH - MILITARY ENGINEER SERVICES||CE WC and CE DELHI ZONE-MES||CWE NEW DELHI-MES||GE (S) NEW DELHI-MES,04-Oct-2025 06:00 PM,https://defproc.gov.in/nicgep/app?component=%24DirectLink&page=FrontEndLatestActiveCorrigendums&service=direct&session=T&sp=S9ewVdDPyyJXP1W4a7jw3Eg%3D%3D
1497,2025_MES_733065_1,[REPAIR/MAINT OF INTERNAL ELECTRIFICATION SYSTEM AND DAY TO DAY MAINT/ASSOCIATED WORKS INCLUDING CEILING FANS  GEYSERS EXHAUST FANS AT VARIOUS OTM ACCN IN THE AREA OF MAHATMA GANDHI ROAD  AND ADJOINING AREA UNDER GE(S) AMBALA CANTT],27-Sep-2025 04:00 PM,E-IN-C BRANCH - MILITARY ENGINEER SERVICES||CE WC AND CE CHANDIGARH ZONE - MES||CWE AMBALA - MES||GE (S) AMBALA - MES,21-Oct-2025 06:00 PM,https://etender.up.nic.in/nicgep/app?component=%24DirectLink_0&page=FrontEndAdvancedSearchResult&service=direct&session=T&sp=SPMkoeQ4aTscnXsLzBOoPow%3D%3D
1498,2025_MES_729360_1,[CWEK/TOKEN-61/969 EWS/2025-26 	],04-Sep-2025 06:00 PM,E-IN-C BRANCH - MILITARY ENGINEER SERVICES||CE NC AND CE 31 ZONE - MES||133 WORKS ENGINEER - MES,03-Oct-2025 06:00 PM,https://defproc.gov.in/nicgep/app?component=%24DirectLink&page=FrontEndLatestActiveCorrigendums&service=direct&session=T&sp=S2L13pcJ2NQY8kudiB8zvag%3D%3D
1499,2025_MES_731264_1,[PROVISION OF ONE COVERED MT SHED FOR PARKING OF VEHICLE AT MEDUIM REGIMENT AT NURLA MILITARY STATION UNDER AGE (I) NIMU],17-Sep-2025 11:00 AM,E-IN-C BRANCH - MILITARY ENGINEER SERVICES||CE NC AND CE LEH ZONE - MES||CWE KUMBATHANG - MES,06-Oct-2025 06:00 PM,https://etender.up.nic.in/nicgep/app?component=%24DirectLink_0&page=FrontEndAdvancedSearchResult&service=direct&session=T&sp=SbYff95dPIXqEUO1TIOAexA%3D%3D
1500,2025_MES_728737_1,"[AUGMENTATION OF 33/11 KV CT, PT, LA, CONFIRMATION SYS AND ALLIED WORKS AT 33/11 KV MRS ROORKEE ROAD/BHAGAT LINE/SHIVAJI LINE UNDER GE (U) MEERUT CANTT]",01-Sep-2025 02:00 PM,E-IN-C BRANCH - MILITARY ENGINEER SERVICES||CE CC AND CE BAREILLY ZONE - MES||CWE MEERUT - MES,29-Sep-2025 06:00 PM,https://defproc.gov.in/nicgep/app?component=%24DirectLink&page=FrontEndLatestActiveCorrigendums&service=direct&session=T&sp=SuUa%2FLtp5Y2VVx5Ss4XCrWw%3D%3D
1501,2025_MES_727307_1,"[REPAIR/MAINT OF TRANSFORMER, HT LINES AND CONNECTED WORKS FOR AOR OF HQ 06 SECT AND HQ 13 SECT UNDER AGE (I) CIF (R]",22-Aug-2025 06:00 PM,E-IN-C BRANCH - MILITARY ENGINEER SERVICES||CE NC AND CE UDHAMPUR ZONE - MES||CWE RAJOURI - MES,29-Sep-2025 06:00 PM,https://defproc.gov.in/nicgep/app?component=%24DirectLink&page=FrontEndLatestActiveCorrigendums&service=direct&session=T&sp=S1aP0ZHjl1gG1h%2FP%2BcVCXDw%3D%3D
1502,2025_DRDO_730138_1,[Inert Atmosphere Powder Handling Facility],10-Sep-2025 01:00 PM,Department of Defence Research and Development||Defence Research and Development Organisation||DFMM||Office of DG (NS and M)||DMRL,27-Oct-2025 10:00 AM,https://etender.up.nic.in/nicgep/app?component=%24DirectLink_0&page=FrontEndAdvancedSearchResult&service=direct&session=T&sp=S74Jwo93QCAQLu6wuBUt%2BUA%3D%3D
1503,2025_MES_731140_1,[WELCOME MAINTENANCE OF SERGENT MARRIED QUARTERS AREA B/R E/M AT VAYUSENA NAGAR NAGPUR],16-Sep-2025 01:00 PM,E-IN-C BRANCH - MILITARY ENGINEER SERVICES||CESC AND CE (AF) NAGPUR - MES||CWE (AF) NAGPUR - MES||GE (AF) NAGPUR - MES,07-Oct-2025 06:00 PM,https://etender.up.nic.in/nicgep/app?component=%24DirectLink_0&page=FrontEndAdvancedSearchResult&service=direct&session=T&sp=S3HbdSKLHvP1%2B%2BVmdxQ4egQ%3D%3D
1504,2025_NAVY_709220_2,[WED/LP-19/TE],20-Sep-2025 04:30 PM,IHQ of MOD (Navy)||WESTERN NAVAL COMMAND - NAVY||BLO (MB) - NAVY||WEAPON EQUIPMENT DEPOT (MBI) - NAVY,10-Oct-2025 02:30 PM,https://etender.up.nic.in/nicgep/app?component=%24DirectLink_0&page=FrontEndAdvancedSearchResult&service=direct&session=T&sp=SWf3E34HqIjhx9N2z0frmDQ%3D%3D
1505,2025_NAVY_731739_1,[PROCUREMENT OF CONSUMABLES FOR CASP-80 PLASMA STERILIZER],19-Sep-2025 04:00 PM,IHQ of MOD (Navy)||SOUTHERN NAVAL COMMAND - NAVY||INHS SANJIVANI - NAVY,10-Oct-2025 04:00 PM,https://etender.up.nic.in/nicgep/app?component=%24DirectLink_0&page=FrontEndAdvancedSearchResult&service=direct&session=T&sp=Sr2D1WvGBo1DIRo4pHHdcFg%3D%3D
1506,2025_MES_729965_1,"[REPAIR/ MAINT OF LT  EQUIPMENTS, STREET/ FLOOD LIGHT FITTINGS AND CONNECTED WORKS AT NBC (RESTRICTED AREA) UNDER GE SOUTH WEST NEW DELHI-03]",22-Sep-2025 06:50 PM,E-IN-C BRANCH - MILITARY ENGINEER SERVICES||CE WC and CE DELHI ZONE-MES||CWE (P) DELHI CANTT-MES,13-Oct-2025 06:00 PM,https://etender.up.nic.in/nicgep/app?component=%24DirectLink_0&page=FrontEndAdvancedSearchResult&service=direct&session=T&sp=SzMnFJFtE95s3goSN3gnaCA%3D%3D
1507,2025_MES_729465_1,"[REPAIR, MAINT, REPLACEMENT OF LT PANELS, SWITCH GEARS AND OTHER ALLIED WORKS IN DOMESTIC AREA  UNDER GE (AF) ADM AREA AGRA]",04-Sep-2025 06:00 PM,E-IN-C BRANCH - MILITARY ENGINEER SERVICES||CE CC AND CE (AF) ALLAHABAD - MES||CWE (AF) KHERIA - MES||GE (AF) ADM AREA KHERIA - MES,30-Sep-2025 06:00 PM,https://defproc.gov.in/nicgep/app?component=%24DirectLink&page=FrontEndLatestActiveCorrigendums&service=direct&session=T&sp=SfJ1RaRjdqmRCL1uqydhkCg%3D%3D
1508,2025_MES_729499_1,[PERIODICAL SERVICES TO GRILLS COMPOUND WALL KERB STONE ROOF ROAD AND RUNWAY MARKING PAINTS AND REPAIR TO KERB STONE PRECAST ARTICLES FOOTPATH PAVEMENT JOINTS UNDER ZONE C AREA AT NDA KHADAKWASLA],04-Sep-2025 06:45 PM,E-IN-C BRANCH - MILITARY ENGINEER SERVICES||CE SC AND CE PUNE ZONE - MES||CWE PUNE - MES||GE KHADAKVASLA - MES,30-Sep-2025 06:00 PM,https://defproc.gov.in/nicgep/app?component=%24DirectLink&page=FrontEndLatestActiveCorrigendums&service=direct&session=T&sp=SK2O1cfK0mjBPsUAnGnwiVA%3D%3D
1509,2025_MES_726799_2,[SPL REPAIR OF PERIMETER FENCE 850 MTR AND CERTAIN REVENUE WORKS AT DINJAN MIL STN UNDER GE DINJAN],09-Sep-2025 12:00 PM,E-IN-C BRANCH - MILITARY ENGINEER SERVICES||CE EC AND CE SHILLONG ZONE - MES||CWE Dinjan - MES,29-Sep-2025 06:00 PM,https://defproc.gov.in/nicgep/app?component=%24DirectLink&page=FrontEndLatestActiveCorrigendums&service=direct&session=T&sp=S9oNdC%2BEgLaghKU%2FOtfyGTw%3D%3D
1510,2025_MES_731200_1,[GE CHD T 62 2025 26],16-Sep-2025 05:00 PM,E-IN-C BRANCH - MILITARY ENGINEER SERVICES||CE WC AND CE CHANDIGARH ZONE - MES||CWE CHANDIMANDIR - MES||GE CHANDIGARH - MES,06-Oct-2025 06:00 PM,https://etender.up.nic.in/nicgep/app?component=%24DirectLink_0&page=FrontEndAdvancedSearchResult&service=direct&session=T&sp=SKlSn%2FwR8xI2O42W6mKOZuw%3D%3D
1511,2025_MES_729892_1,"[GE/KHU-70/2025-26 SPL REPAIR/ REPLACEMENT OF LT OH CONDUCTOR TO UNDER GROUND CABLE FROM MAIN OFFICE TO COMPO OFFICE AND OFFRS MESS AREA , SPL REPAIR TO BLDG NO T-26 AND PROVN OF IRON GRILL FOR OFFICE BLDG WINDOW AT VARIOUS LOCATION OF AGE B/R-I KHUMB]",09-Sep-2025 09:00 AM,E-IN-C BRANCH - MILITARY ENGINEER SERVICES||CE NC AND CE LEH ZONE - MES||CWE KUMBATHANG - MES||GE KHUMBATHNG - MES,29-Sep-2025 06:00 PM,https://defproc.gov.in/nicgep/app?component=%24DirectLink&page=FrontEndLatestActiveCorrigendums&service=direct&session=T&sp=SzJQRGVVSymJM6IocD5v3jQ%3D%3D
1512,2025_MES_723205_1,[80224  PROVISION OF DEFICIENT MARRIED ACCOMMODATION (TYPE II AND TYPE III) PHASE II AT NEW CGRA NEAR MANDAPAM CAMP UNDER ICGS MANDAPAM],29-Jul-2025 05:00 PM,E-IN-C BRANCH - MILITARY ENGINEER SERVICES||ADG (Projects) and CE (CG) Visakhapatnam - MES,05-Nov-2025 06:00 PM,https://defproc.gov.in/nicgep/app?component=%24DirectLink&page=FrontEndLatestActiveCorrigendums&service=direct&session=T&sp=SDwYc7UW3aviZfHdAZdl%2BGA%3D%3D
1513,2025_MES_728798_1,"[SPECIAL REPAIR OF JUNCTION BOX, LT CABLE, LIGHT, PCC POLE AND CONNECTED ITEMS AT VSN, SPECIAL REPAIR OF HT CABLE FROM POWER HOUSE TO 250 KVA TRANSFORMER, PROVN OF WATER PRESSURE PUMP FOR OVERHEAD TANKS AND PROVN OF CHEMICAL EARTHING AT GANDHINAGAR]",01-Sep-2025 06:00 PM,E-IN-C BRANCH - MILITARY ENGINEER SERVICES||CE SWC AND CE (AF) GANDHINAGAR - MES||CWE (AF) CHILODA - MES||GE (AF) CHILODA - MES,29-Sep-2025 06:00 PM,https://defproc.gov.in/nicgep/app?component=%24DirectLink&page=FrontEndLatestActiveCorrigendums&service=direct&session=T&sp=SB0UUtVz9aopF41cIcoLSKQ%3D%3D
1514,2025_MES_729699_1,[Special repair to internal roads of CETC Doraha under GE Ludhiana],06-Sep-2025 03:00 PM,E-IN-C BRANCH - MILITARY ENGINEER SERVICES||CE WC AND CE JALANDHAR ZONE - MES||CWE FEROZEPUR - MES,02-Oct-2025 06:00 PM,https://defproc.gov.in/nicgep/app?component=%24DirectLink&page=FrontEndLatestActiveCorrigendums&service=direct&session=T&sp=SUhWVMG%2BtROWpQBae9hwrVg%3D%3D
1515,2025_MES_726823_1,[PROVISION OF ROOF TOP SOLAR PLANTS  TOTALLING 60 KW AT PATIALA UNDER GE(S) PATIALA AND 20 KW AT DAPPAR UNDER AGE(I) DAPPAR ],21-Aug-2025 06:00 PM,E-IN-C BRANCH - MILITARY ENGINEER SERVICES||CE WC AND CE CHANDIGARH ZONE - MES||CWE PATIALA - MES,04-Oct-2025 06:00 PM,https://defproc.gov.in/nicgep/app?component=%24DirectLink&page=FrontEndLatestActiveCorrigendums&service=direct&session=T&sp=SztFOSheJcW%2BzFg0F6XtiwA%3D%3D
1516,2025_MES_727754_2,[SPL REPAIR TO BLDG NO TOP/21/105 AND TOP/21/106 AND PROVN OF 2X SEPTIC TANKS PROVN OF BASKET BALL GROUND NEAR BLDG NO TOP/21/113 OF AGE B/R AND AGE E/M UNDER GE TENGA],19-Sep-2025 02:00 PM,E-IN-C BRANCH - MILITARY ENGINEER SERVICES||CE EC AND CE SILIGURI ZONE - MES||CWE TENGA - MES||GE TENGA-MEA,08-Oct-2025 09:00 AM,https://defproc.gov.in/nicgep/app?component=%24DirectLink&page=FrontEndLatestActiveCorrigendums&service=direct&session=T&sp=S%2Flf%2FSobdrYw4pREnwfF9Fw%3D%3D
1517,2025_MES_729457_1,[REPAIR REPLACEMENT OF PERIMETER SECURITY LIGHTS STREET GARDEN GATE LIGHTS SOLAR STREET LIGHTS AND REPLACEMENT OF STREET LIGHT CABLES JUCTION BOXES TIMER PANELCONTACTOR  ALLIED WORKS FOR POCKET B AT JASAI MIL STN STN UNDER GE A BARMER ],04-Sep-2025 06:00 PM,E-IN-C BRANCH - MILITARY ENGINEER SERVICES||CESC AND CE JODHPUR ZONE - MES||CWE JAISALMER - MES||GE (ARMY) BARMER - MES,29-Sep-2025 06:00 PM,https://defproc.gov.in/nicgep/app?component=%24DirectLink&page=FrontEndLatestActiveCorrigendums&service=direct&session=T&sp=SzHoQZ%2F2eOpC7k%2BNsJ1sX4Q%3D%3D
1518,2025_ARMY_729755_2,[522/OP SAD/PRI/ MAPI SHUKPA],29-Sep-2025 02:30 PM,IHQ of MoD (Army)-(OSCC)||Eastern Comd-IHQ of MoD (Army)-(OSCC)||CORPS 1-Eastern Comd-IHQ of MoD (Army)-(OSCC)||DIV A-CORPS1-Eastern Comd-IHQ of MoD,09-Oct-2025 11:00 AM,https://etender.up.nic.in/nicgep/app?component=%24DirectLink_0&page=FrontEndAdvancedSearchResult&service=direct&session=T&sp=Sr3WqL4v60%2FU62UGBYD55VQ%3D%3D
1519,2025_MES_723856_1,"[PROVISION OF DRAINAGE PIPE, CATCHMENT WATER TANKS WITH SEDIMENT FILTERS FOR ROOF TOP RAIN WATER HARVESTING AT INS BAAZ, CAMPBELL BAY UNDER GE(I) CAMPBELL BAY]",01-Sep-2025 01:00 PM,E-IN-C BRANCH - MILITARY ENGINEER SERVICES||CE SC AND CE (A and N) ZONE - MES||GE (I) CAMPBELL BAY - MES,29-Sep-2025 06:00 PM,https://defproc.gov.in/nicgep/app?component=%24DirectLink&page=FrontEndLatestActiveCorrigendums&service=direct&session=T&sp=SlkY7udDfNuwQ%2BX832BolsQ%3D%3D
1520,2025_MES_728101_1,"[COMPREHENSIVE MAINTENANCE AND MISCELLANEOUS B/R WORKS AND INTERNAL AND EXTERNAL PERIODICAL SERVICES REPAIR AND MAINTENANCE ARC COMPLEX AND MAHIPALPUR, MEHRAMNAGAR (RESTRICTED AREA) UNDER GE (SOUTH WEST) NEW DELHI-03]",15-Sep-2025 06:50 PM,E-IN-C BRANCH - MILITARY ENGINEER SERVICES||CE WC and CE DELHI ZONE-MES||CWE (P) DELHI CANTT-MES,06-Oct-2025 06:00 PM,https://etender.up.nic.in/nicgep/app?component=%24DirectLink_0&page=FrontEndAdvancedSearchResult&service=direct&session=T&sp=S%2FlVigs7czVaw4EYhbsmTaQ%3D%3D
1521,2025_MES_730682_1,[SPECIAL REPAIR TO BUILDING NO 205 AT HQ EAC (U) AF UNDER GE (I) (AF) SHILLONG],13-Sep-2025 09:00 AM,E-IN-C BRANCH - MILITARY ENGINEER SERVICES||CE EC AND CE (AF) SHILLONG - MES||GE (I)(AF) SHILLONG - MES,11-Oct-2025 06:00 PM,https://etender.up.nic.in/nicgep/app?component=%24DirectLink_0&page=FrontEndAdvancedSearchResult&service=direct&session=T&sp=StXI6qLQQGiD%2FjHM30%2BKfMQ%3D%3D
1522,2025_MES_727545_1,"[REPAIR/ REPLACEMENT/ MAINT OF LT POLES, PANELS, JUNCTIONS BOX, SHIFTING OF POLES, POLE PAINTING AND ALLIED WORKS IN TECH AREA AT  AF STN KUMBHIRGRAM]",04-Sep-2025 10:30 AM,E-IN-C BRANCH - MILITARY ENGINEER SERVICES||CE EC AND CE (AF) SHILLONG - MES||CWE (AF) BORJAR - MES||AGE (I) KUMBHIRGRAM - MES,30-Sep-2025 06:00 PM,https://defproc.gov.in/nicgep/app?component=%24DirectLink&page=FrontEndLatestActiveCorrigendums&service=direct&session=T&sp=SR8BCh3MgOd87iVZJZRHtzw%3D%3D
1523,2025_MES_728094_1,"[IMPROVEMENT WORKS FOR INSTALLATION OF DIFFERENT RIGS AT ECRS, 3 PHASE 20 KVA AND 150 KVA SERVO STABLIZER AT 3 BRD AF STN UNDER GE (AF) MC CHANDIGARH]",27-Aug-2025 06:00 PM,E-IN-C BRANCH - MILITARY ENGINEER SERVICES||CESC AND CE (AF) NAGPUR - MES||CWE (AF) TUGALAKABAD - MES||GE (AF) MC Chandigarh - MES,29-Sep-2025 06:00 PM,https://defproc.gov.in/nicgep/app?component=%24DirectLink&page=FrontEndLatestActiveCorrigendums&service=direct&session=T&sp=STB%2F%2Fzec%2F7ERDM0cFS9okUQ%3D%3D
1524,2025_MES_731123_1,"[ADDITIONAL/ ALTERATION AND UP-GRADATION OF TRANSFORMER AND ELECTRICAL INFRASTRUCTURE NEAR SHOPPING COMPLEX, STADIUM AND STN HQ UNDER GE(A) JAISALMER]",16-Sep-2025 02:00 PM,E-IN-C BRANCH - MILITARY ENGINEER SERVICES||CESC AND CE JODHPUR ZONE - MES||CWE JAISALMER - MES,07-Oct-2025 06:00 PM,https://defproc.gov.in/nicgep/app?component=%24DirectLink&page=FrontEndLatestActiveCorrigendums&service=direct&session=T&sp=Ss%2FP7hHWUH5oiYL4Ma2%2Boew%3D%3D
1525,2025_MES_726029_1,[PROVISION OF VARIOUS STORAGE ACCOMODATION AT LOGISTIC SECTION AT 11 BRD AF],13-Aug-2025 04:30 PM,E-IN-C BRANCH - MILITARY ENGINEER SERVICES||CESC AND CE (AF) NAGPUR - MES||CWE (AF) NAGPUR - MES,06-Oct-2025 06:00 PM,https://defproc.gov.in/nicgep/app?component=%24DirectLink&page=FrontEndLatestActiveCorrigendums&service=direct&session=T&sp=S%2BgMAjTXurQLyiedo%2FeNL0w%3D%3D
1526,2025_DRDO_723955_1,[Development of Dia 36mm IR Flare for Aircraft],12-Aug-2025 11:00 AM,Department of Defence Research and Development||Defence Research and Development Organisation||DFMM||Office of DG (ACE)||HEMRL,30-Sep-2025 11:00 AM,https://defproc.gov.in/nicgep/app?component=%24DirectLink&page=FrontEndLatestActiveCorrigendums&service=direct&session=T&sp=SbUKQwdmVqmZxnaZ5mjE2LA%3D%3D
1527,2025_MES_729527_1,[PERIODICAL SERVICES TO OTM BUILDING IN DOMESTIC AREA AT AFS KUMBHIRGRAM],04-Sep-2025 06:55 PM,E-IN-C BRANCH - MILITARY ENGINEER SERVICES||CE EC AND CE (AF) SHILLONG - MES||CWE (AF) BORJAR - MES,02-Oct-2025 06:00 PM,https://defproc.gov.in/nicgep/app?component=%24DirectLink&page=FrontEndLatestActiveCorrigendums&service=direct&session=T&sp=SiriMOAEFHeVeIvHb%2BRxgJA%3D%3D
1528,2025_MES_727974_2,[REPAIR TO PQC OF ORA PTT DISPERSAL NORTH AND SOUTH LOOP TAXI LINKS ETC RENEWAL OF BLACK TOP SURFACE WITH COLD EMULSIONS PME AND CONNECTED ANCILLARY WORK IN TECHNICAL AREA AT AF STN JAISALMER],27-Sep-2025 04:00 PM,E-IN-C BRANCH - MILITARY ENGINEER SERVICES||CE SWC AND CE (AF) GANDHINAGAR - MES||CWE (AF) Jaisalmer - MES,13-Oct-2025 06:00 PM,https://etender.up.nic.in/nicgep/app?component=%24DirectLink_0&page=FrontEndAdvancedSearchResult&service=direct&session=T&sp=SusYQZhsmuirBU1TIspClKg%3D%3D
1529,2025_MES_731277_1,[PROVN OF MICRO RAIN WATER HARVESTING STRUCTURE  AT EBS BABUGARH UNDER GE (NORTH) MEERUT CANTT],17-Sep-2025 12:00 PM,E-IN-C BRANCH - MILITARY ENGINEER SERVICES||CE CC AND CE BAREILLY ZONE - MES||CWE MEERUT - MES,10-Oct-2025 06:00 PM,https://etender.up.nic.in/nicgep/app?component=%24DirectLink_0&page=FrontEndAdvancedSearchResult&service=direct&session=T&sp=S2RoYrMfCGm44rDPifO%2Flsw%3D%3D
1530,2025_MES_727704_2,[PROVN OF RETAINING WALL AT 40 MTN BDE UNDER GE 859 EWS],13-Sep-2025 09:00 AM,E-IN-C BRANCH - MILITARY ENGINEER SERVICES||CE EC AND CE SILIGURI ZONE - MES||CWE TENGA - MES||GE 859 EWS - MES,04-Oct-2025 06:00 PM,https://etender.up.nic.in/nicgep/app?component=%24DirectLink_0&page=FrontEndAdvancedSearchResult&service=direct&session=T&sp=SISrgpQ%2B5YM9VJC7jL2o3%2FA%3D%3D
1531,2025_MES_731680_1,[PROVN OF CERTAIN E/M WORKS AND FIRE RESISTANCE WALL PANELING AT AF STN DINJAN UNDER GE (AF) MOHANBARI],19-Sep-2025 12:00 PM,E-IN-C BRANCH - MILITARY ENGINEER SERVICES||CE EC AND CE (AF) SHILLONG - MES||CWE (AF) JORHAT - MES||GE (AF) MOHANBARI - MES,20-Oct-2025 06:00 PM,https://defproc.gov.in/nicgep/app?component=%24DirectLink&page=FrontEndLatestActiveCorrigendums&service=direct&session=T&sp=SihR0O2kwAGTxtl5rKDM4IQ%3D%3D
1532,2025_DRDO_732259_1,[Critical Spare for S Plus Ka Band Ship Borne Telemetry System],23-Sep-2025 02:40 PM,Department of Defence Research and Development||Defence Research and Development Organisation||DFMM||Office of DG (MSS)||ITR,25-Oct-2025 01:00 PM,https://defproc.gov.in/nicgep/app?component=%24DirectLink&page=FrontEndLatestActiveCorrigendums&service=direct&session=T&sp=SnVHIxCi9fiRpZT73Zy5qRw%3D%3D
1533,2025_MES_733107_1,[REPAIR/MAINT OF E/M  INSTALLATION EQUIPMENT AND ALLIED WORKS UNDER AGE (I) AF MANAURI],29-Sep-2025 09:00 AM,E-IN-C BRANCH - MILITARY ENGINEER SERVICES||CESC AND CE (AF) NAGPUR - MES||CWE (AF) CHAKERI - MES||AGE(I) MANAURI - MES,20-Oct-2025 06:00 PM,https://etender.up.nic.in/nicgep/app?component=%24DirectLink_0&page=FrontEndAdvancedSearchResult&service=direct&session=T&sp=Svt4i3PkAaGKIGoIKv1%2FrCA%3D%3D
1534,2025_MES_730776_1,[ADDN/ ALTN TO CERTAIN SMQs AT AF STN BHISIANA],13-Sep-2025 06:00 PM,E-IN-C BRANCH - MILITARY ENGINEER SERVICES||CE WC and CE(AF) WAC PALAM-MES||CWE(AF) BHISIANA - MES||GE(AF) BHISIANA - MES,08-Oct-2025 06:00 PM,https://etender.up.nic.in/nicgep/app?component=%24DirectLink_0&page=FrontEndAdvancedSearchResult&service=direct&session=T&sp=SJVDIi%2BjEP0OwSjxY2DIveg%3D%3D
1535,2025_MES_731278_1,"[PROVN OF COY  STORE, CLO, LPG, HYG AND CHEMICAL STORE AT 509 ABW UNDER GE (EAST) AGRA ]",17-Sep-2025 10:00 AM,E-IN-C BRANCH - MILITARY ENGINEER SERVICES||CE CC AND CE LUCKNOW ZONE - MES||CWE AGRA - MES||GE (E) AGRA - MES,08-Oct-2025 06:00 PM,https://etender.up.nic.in/nicgep/app?component=%24DirectLink_0&page=FrontEndAdvancedSearchResult&service=direct&session=T&sp=Sm%2FLWyGexRRO94bRrwqTQPg%3D%3D
1536,2025_MES_731507_1,"[REPAIRS AND MAINTENANCE TO FENCING, SECURITY WALL PATH RETAINING WALL AND OTHER MISC WORKS AT SANTACRUZ AND JUHU UNDER AGE B/R SANTACRUZ AND CERTAIN MAINTENANCE TO PATH, HARD STANDING, CHEQUERED TILES, PAVER BLOCK AT KALINA AND JUHU UNDER GE (NORTH) ]",18-Sep-2025 06:00 PM,E-IN-C BRANCH - MILITARY ENGINEER SERVICES||CE SC AND CE PUNE ZONE - MES||CWE (ARMY) MUMBAI - MES||GE (NORTH) SANTA CRUZ - MES,11-Oct-2025 06:00 PM,https://etender.up.nic.in/nicgep/app?component=%24DirectLink_0&page=FrontEndAdvancedSearchResult&service=direct&session=T&sp=S4hYpStUHqW13VM8D75M3BQ%3D%3D
1537,2025_MES_731384_1,[PROVN OF STAINLESS STEEL WALL PANEL COVERED WITH ANTI-BACTERIAL COATING FOR OT OF MH SHIMLA UNDER GE (I) JUTOGH],17-Sep-2025 06:00 PM,E-IN-C BRANCH - MILITARY ENGINEER SERVICES||CE WC AND CE CHANDIGARH ZONE - MES||CWE SHIMLA HILLS - MES||GE JUTOGH - MES,08-Oct-2025 06:00 PM,https://defproc.gov.in/nicgep/app?component=%24DirectLink&page=FrontEndLatestActiveCorrigendums&service=direct&session=T&sp=SynUcGlm5ZVPa8SF3Atu%2FsQ%3D%3D
1538,2025_DGDE_733102_1,[Widening/Construction of RCC nullah along BI Bazar road from Mall Road to Mansfield road along Mansfield road from Bank road to GT Road etc. in Cantt. Area.  ],29-Sep-2025 09:30 AM,Directorate General Defence Estates||Principal Directorate Defence Estates -Western Command Chandigarh||Cantonment Board Ambala -WC Chandigarh,14-Oct-2025 05:00 PM,https://etender.up.nic.in/nicgep/app?component=%24DirectLink_0&page=FrontEndAdvancedSearchResult&service=direct&session=T&sp=S0ax4U4Yk0JkH1P6moidXdw%3D%3D
1539,2025_MES_730157_1,"[PETTY REPAIRS TO B/R MAINT WORKS UNDER AGE B/R-I AT CLEMENT TOWN, DEHRADUN]",10-Sep-2025 02:00 PM,E-IN-C BRANCH - MILITARY ENGINEER SERVICES||CE CC AND CE BAREILLY ZONE - MES||CWE HILLS DEHRADUN -  MES||GE (MES) Clement Town - MES,03-Oct-2025 06:00 PM,https://defproc.gov.in/nicgep/app?component=%24DirectLink&page=FrontEndLatestActiveCorrigendums&service=direct&session=T&sp=SCtw0aJUzy1ifOzTYGOxJOQ%3D%3D
1540,2025_MES_727934_1,"[ADDITION / ALTERATION AND IMPROVEMENT TO LT POWER SUPPLY DISTRIBUTION BY CONVERSION OF OVER HEAD LT LINES TO UNDER GROUND CABLE AT VARUNA RESIDENTIAL AREA OF NPOL, KOCHI]",26-Aug-2025 06:00 PM,E-IN-C BRANCH - MILITARY ENGINEER SERVICES||ADG (OF and DRDO) AND CE (R and D) SECUNDERABAD - MES,07-Oct-2025 06:00 PM,https://defproc.gov.in/nicgep/app?component=%24DirectLink&page=FrontEndLatestActiveCorrigendums&service=direct&session=T&sp=SiheAzwAADqi5Qf%2FcxhhCLQ%3D%3D
1541,2025_MES_726661_1,[UPGRADATION OF EXTERNAL POWER SUPPLY ALONG WITH ASSOCIATED ELECTRICAL WORKS FOR BLDG NO P-11 AT TECHNICAL AREA AT CVRDE AVADI],26-Aug-2025 04:00 PM,E-IN-C BRANCH - MILITARY ENGINEER SERVICES||ADG (OF and DRDO) AND CE (R and D) SECUNDERABAD - MES||AGE (I) RND AVADI - MES||AGE (I) RND AVADI - MES,29-Sep-2025 06:00 PM,https://defproc.gov.in/nicgep/app?component=%24DirectLink&page=FrontEndLatestActiveCorrigendums&service=direct&session=T&sp=S77WDP1%2FI296obrTW81A%2F7A%3D%3D
1542,2025_MES_730866_1,[PROVN OF 01XBATHROOM WITH 01 TOILET AND 02 URINAL POINTS WITH COMPLETE SANITARY AND ELECT FITTINGS AT LT REGT AND SPL REPAIRS TO BLDG NO T10 AND T27 OF 13FD REGT AND PROVN OF STORE ROOM NEAR OLD JALKENDRA AND PROVN OF WASHROOM AT STN HQ MISSAMARI],15-Sep-2025 11:00 AM,E-IN-C BRANCH - MILITARY ENGINEER SERVICES||CE EC AND CE SILIGURI ZONE - MES||CWE TENGA - MES||GE MISSAMARI - MES,20-Oct-2025 06:00 PM,https://defproc.gov.in/nicgep/app?component=%24DirectLink&page=FrontEndLatestActiveCorrigendums&service=direct&session=T&sp=SmfyHFF7RTotpoe5R8t4TSA%3D%3D
1543,2025_MES_732222_1,[SPECIAL REPAIR TO BLDG NOs P81 P95 P96  AND P129 INCLUDING ROOF TREATMENT WITH EPDM LC PCC PLASTER AND PAINTING AT DEPOT AREA OF FAD KHUNDRU UNDER GE 861 EWS],23-Sep-2025 01:00 PM,E-IN-C BRANCH - MILITARY ENGINEER SERVICES||CE NC AND CE 31 ZONE - MES||134 WORKS ENGINEER - MES,21-Oct-2025 06:00 PM,https://defproc.gov.in/nicgep/app?component=%24DirectLink&page=FrontEndLatestActiveCorrigendums&service=direct&session=T&sp=S%2FWFxBn%2FsGSOCc3b9g3saQA%3D%3D
1544,2025_MES_731079_1,[REPAIR/ MAINTENANCE OF CERTAIN PART OF GEYSERS AND ALLIED WORKS UNDER GE (SOUTH) UDHAMPUR  ],15-Sep-2025 06:40 PM,E-IN-C BRANCH - MILITARY ENGINEER SERVICES||CE NC AND CE UDHAMPUR ZONE - MES||CWE UDHAMPUR - MES,06-Oct-2025 06:00 PM,https://etender.up.nic.in/nicgep/app?component=%24DirectLink_0&page=FrontEndAdvancedSearchResult&service=direct&session=T&sp=S6A5ZlHZw4q0PwSXE4CKBEA%3D%3D
1545,2025_MES_731365_1,[COMPREHESIVE MAINT OF INTERNAL ELECTRIFICATION INCLUDING FAN REPAIR OF DSTV SOUTH AND JADUNATH VIHAR UNDER GE HISAR AT MIL STN HISAR],18-Sep-2025 06:00 PM,E-IN-C BRANCH - MILITARY ENGINEER SERVICES||CE SWC AND CE JAIPUR JAIPUR - MES||CWE HISAR - MES||GE HISAR - MES,11-Oct-2025 06:00 PM,https://etender.up.nic.in/nicgep/app?component=%24DirectLink_0&page=FrontEndAdvancedSearchResult&service=direct&session=T&sp=SuJLyn9icBNNZ5ZS7Gvdxrg%3D%3D
1546,2025_MES_728446_1,[Provision of stores as per SAO of Army Avn Sqn R and O at Sharifabad Mil Stn Under AGE (I) CIF (K)],29-Aug-2025 06:00 PM,E-IN-C BRANCH - MILITARY ENGINEER SERVICES||CE NC AND CE 31 ZONE - MES||134 WORKS ENGINEER - MES,04-Oct-2025 06:00 PM,https://defproc.gov.in/nicgep/app?component=%24DirectLink&page=FrontEndLatestActiveCorrigendums&service=direct&session=T&sp=SrNjwoRtVjG9aCgEO8sN6AQ%3D%3D
1547,2025_MES_727455_1,[PROVISION OF RMU FOR WATER SUPPLY SYSTEM AT AIR FORCE STATION TAMBARAM],23-Aug-2025 03:00 PM,E-IN-C BRANCH - MILITARY ENGINEER SERVICES||CESC AND CE (AF) BANGALORE - MES||CWE (AF) (NORTH) BANGALORE - MES||GE (AF) TAMBARAM - MES,01-Oct-2025 06:00 PM,https://defproc.gov.in/nicgep/app?component=%24DirectLink&page=FrontEndLatestActiveCorrigendums&service=direct&session=T&sp=SluZ%2B1xS2fjN%2FfsdPXWYzbg%3D%3D
1548,2025_MES_725259_2,[REPAIR / MAINTENANCE OF AUDITORIUM CHAIR AND MISC FURNITURE HELD AT GE DEHU ROAD],22-Sep-2025 06:00 PM,E-IN-C BRANCH - MILITARY ENGINEER SERVICES||CE SC AND CE PUNE ZONE - MES||CWE (ARMY) MUMBAI - MES||GE DEHU ROAD - MES,06-Oct-2025 06:00 PM,https://etender.up.nic.in/nicgep/app?component=%24DirectLink_0&page=FrontEndAdvancedSearchResult&service=direct&session=T&sp=Se2WtO5IxIdQArNHXtrH2Zw%3D%3D
1549,2025_MES_727846_1,"[REPAIR/MAINT/IMPV OF PIPE LINE, VALVES, VALVE PITS, WATER SUPPLY INSTALLATIONS, SUPPLY OF CHEMICALS AND CHLORINATION SYSTEMS ETC AT JALAPAHAR UNDER AGE (I) DARJEELING]",26-Aug-2025 02:00 PM,E-IN-C BRANCH - MILITARY ENGINEER SERVICES||CE EC AND CE SILIGURI ZONE - MES||HQ 136 WORKS ENGINEERS - MES||AGE (I) DARJEELING - MES,29-Sep-2025 06:00 PM,https://defproc.gov.in/nicgep/app?component=%24DirectLink&page=FrontEndLatestActiveCorrigendums&service=direct&session=T&sp=SMD9Aoeq%2Bh7fF%2BOxtFKG7Ew%3D%3D
1550,2025_IAF_723345_1,[PROCUREMENT OF SPARES FOR MIRAGE AIRCRAFT],30-Jul-2025 05:00 PM,Indian Air Force||AOM NEW DELHI - IAF||ACAS (Procurement) - IAF||D Procurement - IAF,16-Oct-2025 03:00 PM,https://defproc.gov.in/nicgep/app?component=%24DirectLink&page=FrontEndLatestActiveCorrigendums&service=direct&session=T&sp=SSjPArItqdy0lmQvtI7Y9Kg%3D%3D
1551,2025_MES_731611_1,"[REPAIRS TO MANGALORE TILES ROOF, REPAIRS TO EAVES BOARD, VALLEY GUTTERS AND CERTAIN MISC B/R WORKS IN OTM ACCN AT CME UNDER GE (CME) KHADKI]",18-Sep-2025 05:50 PM,E-IN-C BRANCH - MILITARY ENGINEER SERVICES||CE SC AND CE PUNE ZONE - MES||CWE KIRKEE - MES||GE (CME) KIRKEE - MES,16-Oct-2025 06:00 PM,https://defproc.gov.in/nicgep/app?component=%24DirectLink&page=FrontEndLatestActiveCorrigendums&service=direct&session=T&sp=SRVxzMtPOf0SMLAJdTt2hEw%3D%3D
1552,2025_MES_731966_1,[ADDN ALTN UPGRADATION TO EARTHING INFRASTRUCTURE AT 15 BRD UNDER GE AF CHILODA],20-Sep-2025 04:00 PM,E-IN-C BRANCH - MILITARY ENGINEER SERVICES||CE SWC AND CE (AF) GANDHINAGAR - MES||CWE (AF) CHILODA - MES,11-Oct-2025 06:00 PM,https://etender.up.nic.in/nicgep/app?component=%24DirectLink_0&page=FrontEndAdvancedSearchResult&service=direct&session=T&sp=SLatl%2Bb97boaRH%2B8twbGfFw%3D%3D
1553,2025_MES_707264_2,[CONSTRUCTION OF TYPE D NON MIL ECHS POLYCLINIC BLDG AT KOIRENGEI IMPHAL UNDER GE 869 EWS LEIMAKHONG],06-Sep-2025 02:00 PM,E-IN-C BRANCH - MILITARY ENGINEER SERVICES||CE EC AND CE SHILLONG ZONE - MES,04-Oct-2025 06:00 PM,https://defproc.gov.in/nicgep/app?component=%24DirectLink&page=FrontEndLatestActiveCorrigendums&service=direct&session=T&sp=S8GWt5%2BXmLlL75kYNfHZZIg%3D%3D
1554,2025_MES_728939_1,[SPL REPAIR TO BLOCK OF OR MAP ACCN NO 32 (08 X QTRS)  AT MEHTA VIHAR OF EME BN AT UNDER GE SATWARI],02-Sep-2025 06:00 PM,E-IN-C BRANCH - MILITARY ENGINEER SERVICES||CE WC AND CE PATHANKOT ZONE - MES||CWE JAMMU - MES||GE SATWARI - MES,01-Oct-2025 06:00 PM,https://defproc.gov.in/nicgep/app?component=%24DirectLink&page=FrontEndLatestActiveCorrigendums&service=direct&session=T&sp=S5WhCYQdgRkrjTsybnYiuhA%3D%3D
1555,2025_MES_731379_1,[REPAIR AND MAINTENANCE OF SUMMER/ COOLING APPLIANCES AT DARJIPURA AF STATION VADODARA],17-Sep-2025 05:00 PM,E-IN-C BRANCH - MILITARY ENGINEER SERVICES||CE SWC AND CE (AF) GANDHINAGAR - MES||CWE (AF) CHILODA - MES||GE (AF) BARODA - MES,08-Oct-2025 06:00 PM,https://defproc.gov.in/nicgep/app?component=%24DirectLink&page=FrontEndLatestActiveCorrigendums&service=direct&session=T&sp=STj9dBzlklozBtSBmBZf4Mg%3D%3D
1556,2025_DRDO_729760_1,[Security Analysis and Auditing of Blockchain Networks],08-Sep-2025 02:00 PM,Department of Defence Research and Development||Defence Research and Development Organisation||DFMM||Office of DG R and D (R and M)||DMS,14-Oct-2025 05:00 PM,https://defproc.gov.in/nicgep/app?component=%24DirectLink&page=FrontEndLatestActiveCorrigendums&service=direct&session=T&sp=S2ljjKa9fyj1sud1ZjixONg%3D%3D
1557,2025_MES_730675_1,"[PREVENTIVE REPAIRS/MAINTENANCE TO RCC STRUCTURAL MEMBERS, WALLS, FLOORS AND CONNECTED WORKS TO ENHANCE THE SERVICE LIFE OF CERTAIN BUILDINGS OF AREA B  AT NAVAL DOCKYARD VISAKHAPATNAM UNDER GE(I) DM VISAKHAPATNAM]",12-Sep-2025 06:30 PM,E-IN-C BRANCH - MILITARY ENGINEER SERVICES||CE EC AND CE (NAVY) VIZAG - MES||GE (I) (DM) VISAKHAPATNAM - MES||GE I DM VIZAG - MES,03-Oct-2025 06:30 PM,https://defproc.gov.in/nicgep/app?component=%24DirectLink&page=FrontEndLatestActiveCorrigendums&service=direct&session=T&sp=SX0jYcl0WgCIn6T3HexOuEg%3D%3D
1558,2025_MES_729185_1,"[PROVISION OF SHIFTING OF AFNET EQUIPMENT ROOM, RCC UNDERGROUND WATER TANK AND SPECIAL REPAIR TO CEILING FAN AND ELECTRIC GEYSER AT BB CANTT, SRINAGAR]",03-Sep-2025 02:30 PM,E-IN-C BRANCH - MILITARY ENGINEER SERVICES||CE NC AND CE 31 ZONE - MES||133 WORKS ENGINEER - MES||GE 864 EWS - MES,01-Oct-2025 06:00 PM,https://defproc.gov.in/nicgep/app?component=%24DirectLink&page=FrontEndLatestActiveCorrigendums&service=direct&session=T&sp=S105LM1glg8YlIlY8nblFNw%3D%3D
1559,2025_MES_729093_1,[GE/WS/Token No-28 OF 2025-26],03-Sep-2025 05:00 PM,E-IN-C BRANCH - MILITARY ENGINEER SERVICES||CE WC and CE DELHI ZONE-MES||CWE (U) DELHI CANTT-MES||GE(U)WATER SUPPLY DELHI CANTT-MES,01-Oct-2025 06:00 PM,https://defproc.gov.in/nicgep/app?component=%24DirectLink&page=FrontEndLatestActiveCorrigendums&service=direct&session=T&sp=S%2BEPnzrCakfa12hP4nmdKoA%3D%3D
1560,2025_MES_727651_1,[COMPREHENSIVE REPAIR/ REPLACEMENT OF DOORS / WINDOW ETC ALONGWITH OF OFFICE AND JCOS/OR/CIV MD ACCN AT VARIOUS LOCATIONS UNDER AGE B/R-I AT NEW CANTT  PRAYAGRAJ.],25-Aug-2025 04:00 PM,E-IN-C BRANCH - MILITARY ENGINEER SERVICES||CE CC AND CE LUCKNOW ZONE - MES||CWE ALLAHABAD - MES,29-Sep-2025 06:00 PM,https://defproc.gov.in/nicgep/app?component=%24DirectLink&page=FrontEndLatestActiveCorrigendums&service=direct&session=T&sp=SOH52Mn5id0jj3GPgKR0LKQ%3D%3D
1561,2025_MES_728676_1,[MAINTENANCE AND UPKEEP OF HT DISTRIBUTION SYSTEM TRANSFORMER AND ALLIED WORKS NASIRABAD AND AJMER MIL STATION UNDER GE NAISRABAD],01-Sep-2025 10:05 AM,E-IN-C BRANCH - MILITARY ENGINEER SERVICES||CESC AND CE BHOPAL ZONE  - MES||CWE BHOPAL - MES,02-Oct-2025 06:00 PM,https://defproc.gov.in/nicgep/app?component=%24DirectLink&page=FrontEndLatestActiveCorrigendums&service=direct&session=T&sp=SGpVVt7AKlhZYVlJ2MrOEhQ%3D%3D
1562,2025_MES_729861_1,[SPECIAL REPAIR / REPLACEMENT OF OLD RUSTED IRON PIPES WITH NEW GI/DI PIPES (PHASE-II) AT  AF STN  BEGUMPET UNDER GE (AF) HAKIMPET],08-Sep-2025 06:00 PM,E-IN-C BRANCH - MILITARY ENGINEER SERVICES||CESC AND CE (AF) BANGALORE - MES||CWE (AF) SECUNDERABAD - MES||GE(AF)HAKIMPET HYDERABAD - MES,29-Sep-2025 06:00 PM,https://defproc.gov.in/nicgep/app?component=%24DirectLink&page=FrontEndLatestActiveCorrigendums&service=direct&session=T&sp=Stub0GgR9O%2FIf0HP0Cfu53Q%3D%3D
1563,2025_MES_729365_1,[REPAIR / MAINTENANCE OF AC PLANT AND MACHINERIES AND THEIR CONNECTED WORKS AT MH JHANSI CANTT AREA UNDER AGE E/M AT GE JHANSI],04-Sep-2025 02:00 PM,E-IN-C BRANCH - MILITARY ENGINEER SERVICES||CESC AND CE BHOPAL ZONE  - MES||CWE JHANSI - MES,02-Oct-2025 06:00 PM,https://defproc.gov.in/nicgep/app?component=%24DirectLink&page=FrontEndLatestActiveCorrigendums&service=direct&session=T&sp=Srgos%2FUFWJzvs1O33Gf648A%3D%3D
1564,2025_MES_729685_1,"[REPAIRS/REPLACEMENT OF LT PANEL BOARDS / DISTRIBUTION FEEDER PILLAR BOXES AND CONTROL PANELS AT A, B AND D AREA UNDER GE CHENNAI]",06-Sep-2025 03:00 PM,E-IN-C BRANCH - MILITARY ENGINEER SERVICES||CE SC AND CE CHENNAI ZONE  - MES||CWE CHENNAI - MES||GE CHENNAI - MES,04-Oct-2025 06:55 PM,https://defproc.gov.in/nicgep/app?component=%24DirectLink&page=FrontEndLatestActiveCorrigendums&service=direct&session=T&sp=SweAzQ3WwQ5SE1JID246WnQ%3D%3D
1565,2025_MES_714629_2,[PROVN OF TRG SHED AND PT SHED AT SRC FATEHGARH],24-Sep-2025 04:20 PM,E-IN-C BRANCH - MILITARY ENGINEER SERVICES||CE CC AND CE LUCKNOW ZONE - MES,30-Oct-2025 06:00 PM,https://etender.up.nic.in/nicgep/app?component=%24DirectLink_0&page=FrontEndAdvancedSearchResult&service=direct&session=T&sp=SsijK8X0dFf1K%2FVioU236pw%3D%3D
1566,2025_MES_731087_1,"[DAY TO DAY MAINTENANCE OF INTERNAL WIRING AND LED FITTING AND FIXTURES AT HQ NC, CP COLONY, HP COLONY AND ALPHA MESS (VIP BLDG) UNDER AGE E/M GE (SOUTH) UDHAMPUR]",15-Sep-2025 06:45 PM,E-IN-C BRANCH - MILITARY ENGINEER SERVICES||CE NC AND CE UDHAMPUR ZONE - MES||CWE UDHAMPUR - MES,06-Oct-2025 06:00 PM,https://etender.up.nic.in/nicgep/app?component=%24DirectLink_0&page=FrontEndAdvancedSearchResult&service=direct&session=T&sp=SPtfgavIVllVR4QUzRjcCxw%3D%3D
1567,2025_MES_729142_1,[GE/WS/Token No-33 OF 2025-26],03-Sep-2025 05:00 PM,E-IN-C BRANCH - MILITARY ENGINEER SERVICES||CE WC and CE DELHI ZONE-MES||CWE (U) DELHI CANTT-MES||GE(U)WATER SUPPLY DELHI CANTT-MES,01-Oct-2025 06:00 PM,https://defproc.gov.in/nicgep/app?component=%24DirectLink&page=FrontEndLatestActiveCorrigendums&service=direct&session=T&sp=SbjNA5%2Fy3pdG4Lkvb1iG4OQ%3D%3D
1568,2025_MES_726213_1,"[PROVN OF SECURITY WALL, SENTRY POST ALONGWITH ALLIED INFRASTRUCTURE UNDER GE 881 EWS]",14-Aug-2025 06:50 PM,E-IN-C BRANCH - MILITARY ENGINEER SERVICES||CE NC AND CE UDHAMPUR ZONE - MES,11-Oct-2025 06:00 PM,https://defproc.gov.in/nicgep/app?component=%24DirectLink&page=FrontEndLatestActiveCorrigendums&service=direct&session=T&sp=SR2sGyTOkyUo8KeXB6GYjAw%3D%3D
1569,2025_MES_730154_1,[PROVN FOR CONSTRUCTION OF HIGH SECURITY WALL IN CERTAIN STRETCH AT SRIGANGANAGAR],10-Sep-2025 01:00 PM,E-IN-C BRANCH - MILITARY ENGINEER SERVICES||CE SWC AND CE BATHINDA ZONE - MES,08-Oct-2025 06:00 PM,https://etender.up.nic.in/nicgep/app?component=%24DirectLink_0&page=FrontEndAdvancedSearchResult&service=direct&session=T&sp=Se6JbwfFWbtSs5hjb9Vz2BQ%3D%3D
1570,2025_DRDO_733183_1,[DEVELOPMENT CONTRACT FOR DEVELOPMENT OF AEROSOL BASED FIRE FIGHTING SYSTEMS (AFFS)],29-Sep-2025 02:30 PM,Department of Defence Research and Development||Defence Research and Development Organisation||DFMM||Office of DG R and D (SAM)||CFEES,23-Oct-2025 01:00 PM,https://etender.up.nic.in/nicgep/app?component=%24DirectLink_0&page=FrontEndAdvancedSearchResult&service=direct&session=T&sp=S2on7RmgX%2BTnqYj7Z9ZbWwA%3D%3D
1571,2025_MES_728887_1,"[REPAIR/MAINT OF W/S AND E/S RELATED ALL TYPE OF E/M SERVICES AND DEEP FREEZER, REFRIGERATOR MAINT  AT CERTAIN UNIT UNDER GE GOLCONDA]",02-Sep-2025 12:00 PM,E-IN-C BRANCH - MILITARY ENGINEER SERVICES||ADG (PROJECTS) CHENNAI AND CE CHENNAI ZONE  - MES||CWE SECUNDERABAD No 2 - MES||GE GOLCONDA - MES,30-Sep-2025 06:00 PM,https://defproc.gov.in/nicgep/app?component=%24DirectLink&page=FrontEndLatestActiveCorrigendums&service=direct&session=T&sp=SfWr88zxtk3O1JtF5i0SL7Q%3D%3D
1572,2025_MES_729095_1,[PROVN OF RETAINING WALL AT BACK SIDE OF BSO YARD IN GH AT DSSC WELLINGTON],03-Sep-2025 12:00 PM,E-IN-C BRANCH - MILITARY ENGINEER SERVICES||CE SC AND CE CHENNAI ZONE  - MES||CWE WELLINGTON - MES||GE DSSC WELLINGTON -MES,01-Oct-2025 06:00 PM,https://defproc.gov.in/nicgep/app?component=%24DirectLink&page=FrontEndLatestActiveCorrigendums&service=direct&session=T&sp=SqLD43kIbzbkXK4MLpu8zhQ%3D%3D
1573,2025_MES_724621_2,[PROVN OF ALLIED E/M AND W/S WORKS FOR BOREWELL AT MENDHAR UNDER GE 881 EWS],18-Sep-2025 06:00 PM,E-IN-C BRANCH - MILITARY ENGINEER SERVICES||CE NC AND CE UDHAMPUR ZONE - MES||CWE RAJOURI - MES||GE 881 EWS - MES,30-Sep-2025 06:00 PM,https://defproc.gov.in/nicgep/app?component=%24DirectLink&page=FrontEndLatestActiveCorrigendums&service=direct&session=T&sp=SMxan3RPodq5FVVrpwUSbZg%3D%3D
1574,2025_MES_721619_2,[PROVN OF OTM ACCN IN ALHILAL ],03-Sep-2025 06:00 PM,E-IN-C BRANCH - MILITARY ENGINEER SERVICES||CE WC AND CE PATHANKOT ZONE - MES,08-Oct-2025 06:00 PM,https://defproc.gov.in/nicgep/app?component=%24DirectLink&page=FrontEndLatestActiveCorrigendums&service=direct&session=T&sp=SFiAv4YSuYripplxeswyroA%3D%3D
1575,2025_MES_732333_1,"[REPAIR/MAINT TO SOLAR WATER HEATER, GEYSERS AND MISC E/M ITEMS AT DHOLEWAL,    CG COMPLEX, DORAHA, PHILLAUR, BADDOWAL AND MOGA  UNDER GE LUDHIANA]",24-Sep-2025 05:00 PM,E-IN-C BRANCH - MILITARY ENGINEER SERVICES||CE WC AND CE JALANDHAR ZONE - MES||CWE FEROZEPUR - MES||GE LUDHIANA - MES,21-Oct-2025 06:00 PM,https://etender.up.nic.in/nicgep/app?component=%24DirectLink_0&page=FrontEndAdvancedSearchResult&service=direct&session=T&sp=ST2p8rPm1F50TSx82L5%2FxOQ%3D%3D
1576,2025_MES_726467_2,[Comprehensive repair maint of lifts of OTM and Md Accn GE West Jalandhar Cantt],19-Sep-2025 06:00 PM,E-IN-C BRANCH - MILITARY ENGINEER SERVICES||CE WC AND CE JALANDHAR ZONE - MES||CWE JALANDHAR - MES,01-Oct-2025 06:10 PM,https://etender.up.nic.in/nicgep/app?component=%24DirectLink_0&page=FrontEndAdvancedSearchResult&service=direct&session=T&sp=STqC%2F72FSjZAeavGVFjI7xQ%3D%3D
1577,2025_MES_725945_1,[CLEANING OF SEWAGE LINE MANHOLES AND CERTAIN REPAIRS TO SEWAGE LINES SEPTIC TANKS AND CONNECTED WORKS IN OMQs AND SMQs SECTOR 47 AND 28 UNDER GE (AF) MC CHANDIGARH],13-Aug-2025 01:00 PM,E-IN-C BRANCH - MILITARY ENGINEER SERVICES||CESC AND CE (AF) NAGPUR - MES||CWE (AF) TUGALAKABAD - MES||GE (AF) MC Chandigarh - MES,30-Sep-2025 06:00 PM,https://defproc.gov.in/nicgep/app?component=%24DirectLink&page=FrontEndLatestActiveCorrigendums&service=direct&session=T&sp=SIZ0qXDlS7eDMkH0NosfTDw%3D%3D
1578,2025_MES_731080_1,"[8639 SPECIAL REPAIR TO BLDG NO - 67, BLDG NO 68 AT ZOZILA LINE AND PROVN OF 02 NOS DOG KENNAL AT 25 ARMY DOG UNIT AT OLD NDA COMPLEX UNDER GE (CENTRAL) PUNE]",16-Sep-2025 09:00 AM,E-IN-C BRANCH - MILITARY ENGINEER SERVICES||CE SC AND CE PUNE ZONE - MES||CWE PUNE - MES||GE (C) PUNE - MES,07-Oct-2025 09:00 AM,https://defproc.gov.in/nicgep/app?component=%24DirectLink&page=FrontEndLatestActiveCorrigendums&service=direct&session=T&sp=SxABHOsDbyfikj7O2605qQA%3D%3D
1579,2025_MES_729688_1,[CERTAIN REPAIRS TO ELECTRICAL WIRING AT MTRDC ALISDA AND CEPTAM  INCLUDING REPAIR OF CEILING FANS EXHAUST FANS PEDESTAL FANS GEYSERS KWH METERS AND CONNECTED WORKS UNDER GE I R AND D WEST BANGALORE],06-Sep-2025 05:00 PM,E-IN-C BRANCH - MILITARY ENGINEER SERVICES||ADG (OF and DRDO) AND CE (R and D) SECUNDERABAD - MES||GE (I) RND (W) BANGALORE - MES||GE (I) RND (W) BANGALORE - MES,30-Sep-2025 06:00 PM,https://defproc.gov.in/nicgep/app?component=%24DirectLink&page=FrontEndLatestActiveCorrigendums&service=direct&session=T&sp=SHL1Rc8TNUZWdfLgGeZtD5Q%3D%3D
1580,2025_MES_727763_2,"[REPAIR/REPLACEMENT OF WATER FILTRATION PLANT, CONTROL VALVES, PS TANK AND STAGING, FILTER MEDIA AND CONNECTED ITEMS AT PH- III (U AND L DAHUNG, DUM DUM NALLA, MH, MES OFFICES AND MESSES) OF E/M UNDER GE TENGA]",19-Sep-2025 02:00 PM,E-IN-C BRANCH - MILITARY ENGINEER SERVICES||CE EC AND CE SILIGURI ZONE - MES||CWE TENGA - MES||GE TENGA-MEA,08-Oct-2025 09:00 AM,https://defproc.gov.in/nicgep/app?component=%24DirectLink&page=FrontEndLatestActiveCorrigendums&service=direct&session=T&sp=SEisGTVbdHu816n%2FmVc%2Bj3g%3D%3D
1581,2025_MES_725229_1,[REPAIR TO COMPOUND BOUNDARY WALL AND ALLIED B AND R WORKS AT AHRR UNDER GE EM RR HOSP DELHI CANTT],08-Aug-2025 06:00 PM,E-IN-C BRANCH - MILITARY ENGINEER SERVICES||CE WC and CE DELHI ZONE-MES||CWE NEW DELHI-MES,02-Oct-2025 06:00 PM,https://defproc.gov.in/nicgep/app?component=%24DirectLink&page=FrontEndLatestActiveCorrigendums&service=direct&session=T&sp=S1r0OH%2FUIbZNNdgfQKCWcQw%3D%3D
1582,2025_MES_725871_1,[PROVISION OF LANDSLIDE MITIGATION WORKS AT VARIOUS LOCATIONS AT INA EZHIMALA],12-Aug-2025 06:55 PM,E-IN-C BRANCH - MILITARY ENGINEER SERVICES||CESC AND CE (NAVY) KOCHI - MES,01-Oct-2025 06:00 PM,https://defproc.gov.in/nicgep/app?component=%24DirectLink&page=FrontEndLatestActiveCorrigendums&service=direct&session=T&sp=S3Vj06IFScY%2BXcAliF4ItyA%3D%3D
1583,2025_MES_731455_1,[CA NO CWEAFJ-21/2025-26  REPAIR/MAINTENANCE OF 11KV/33KV POWER AND DISTRIBUTION TRANSFORMER ALONGWITH SERVO VOLTAGE STABILIZERS AND CONNECTED WORKS AS SUCH DEHYDRATION TESTING  COMMISSIONING ETC AT AF STATION UDHAMPUR UNDER GE (AF) UDHAMPUR],18-Sep-2025 06:00 PM,E-IN-C BRANCH - MILITARY ENGINEER SERVICES||CE NC AND CE (AF) UDHAMPUR - MES||CWE (AF) JAMMU - MES,09-Oct-2025 06:00 PM,https://etender.up.nic.in/nicgep/app?component=%24DirectLink_0&page=FrontEndAdvancedSearchResult&service=direct&session=T&sp=SDgzNigiqjQ6xs%2BWKrkx97g%3D%3D
1584,2025_MES_724622_2,[PROVN OF ADDN/ ALTN TO ROOF TREATMENT AND EXTERNAL PVC PIPE TO GI PIPE AT MD ACCN BLDG NO P-92 TO P-96 OF NEW RED COLONY AND ADDN/ ALTN OF BLDG NO P-2 ADM BLOCK (TOILET) AT NAMS],13-Sep-2025 06:00 PM,E-IN-C BRANCH - MILITARY ENGINEER SERVICES||CE WC AND CE JALANDHAR ZONE - MES||CWE AMRITSAR - MES||GE (NAMS) AMRITSAR - MES,04-Oct-2025 06:00 PM,https://defproc.gov.in/nicgep/app?component=%24DirectLink&page=FrontEndLatestActiveCorrigendums&service=direct&session=T&sp=S8jF9JvYIcQosEZ70nJTG5A%3D%3D
1585,2025_MES_728925_1,[SPECIAL REPAIR TO CONVERSION OF OH CONDUCTOR TO UG LT CABLE  ALIED WORKS IN 313 COY ASC SUP AND PROVN OF EXHAUST FAN QTY 94 AT E BLOCK AT 41 VEH COY UNDER GE NARANGI],02-Sep-2025 01:30 PM,E-IN-C BRANCH - MILITARY ENGINEER SERVICES||CE EC AND CE SHILLONG ZONE - MES||CWE Shillong - MES||GE NARANGI - MES,29-Sep-2025 06:00 PM,https://defproc.gov.in/nicgep/app?component=%24DirectLink&page=FrontEndLatestActiveCorrigendums&service=direct&session=T&sp=SJA%2Bsc50z%2Bdv%2BeZQ%2BJhbh4w%3D%3D
1586,2025_MES_731717_1,[MAINT REPAIRS TO WATER SUPPLY DISTRIBUTION  SHALLOW WELLS REPAIR MAINT CUM COMPREHENSIVE MAINT OF AUTOMATION  SYSTEM AND REPAIR OF INT  ELCTRIFICATION INCL FITTINGS OF BUILDING  AT POCKET D AND E AT HQ SAC UNDER GE AF TVM],19-Sep-2025 04:00 PM,E-IN-C BRANCH - MILITARY ENGINEER SERVICES||CESC AND CE (AF) BANGALORE - MES||CWE (AF) TRIVANDRUM - MES||GE(AF)TRIVANDRUM - MES,10-Oct-2025 06:00 PM,https://etender.up.nic.in/nicgep/app?component=%24DirectLink_0&page=FrontEndAdvancedSearchResult&service=direct&session=T&sp=SZnG8GosR2wPmNEB5sk1lbg%3D%3D
1587,2025_MES_729599_1,"[REPAIR/REPLACEMENT OF PLUMBING, SANITARY FITTING, FILLING,  FLOORING, RAIN WATER PIPE ETC INSIDE COD UNDER AGE B/R-I OF  GE (I) KANPUR CANTT]",06-Sep-2025 10:30 AM,E-IN-C BRANCH - MILITARY ENGINEER SERVICES||CE CC AND CE LUCKNOW ZONE - MES||CWE KANPUR - MES||GE MES KANPUR - MES,04-Oct-2025 06:00 PM,https://defproc.gov.in/nicgep/app?component=%24DirectLink&page=FrontEndLatestActiveCorrigendums&service=direct&session=T&sp=SvBm6j4%2F74SngZ4iPbG%2BlxA%3D%3D
1588,2025_MES_730464_1,[SPECIAL REPAIRS TO ROAD CONNECTING FROM TSSD BLDG NO T -73 TOWARDS T-7 BLDG IN TECH AREA AT OD AVADI UNDER  GE AVADI],11-Sep-2025 06:45 PM,E-IN-C BRANCH - MILITARY ENGINEER SERVICES||CE SC AND CE CHENNAI ZONE  - MES||CWE CHENNAI - MES,03-Oct-2025 06:00 PM,https://defproc.gov.in/nicgep/app?component=%24DirectLink&page=FrontEndLatestActiveCorrigendums&service=direct&session=T&sp=SS%2FQwCEAlkzYSB6ZzpCu1QQ%3D%3D
1589,2025_MES_733105_1,[PERIODICAL SERVICES OF OM ACCNS MESSES SCHOOL MEDICARE CENTER AWI URC UNIT SHOP DSC BILLETS GYM ETC AT 24 ED AF STN MANAURI],29-Sep-2025 09:00 AM,E-IN-C BRANCH - MILITARY ENGINEER SERVICES||CESC AND CE (AF) NAGPUR - MES||CWE (AF) CHAKERI - MES||AGE(I) MANAURI - MES,20-Oct-2025 06:00 PM,https://etender.up.nic.in/nicgep/app?component=%24DirectLink_0&page=FrontEndAdvancedSearchResult&service=direct&session=T&sp=SfMTTYrOTNHYtEnzBdzFXDA%3D%3D
1590,2025_MES_730811_1,[Provn of Guard Room with attached Toilet/ Bathroom with parking shed at main gate 16 Rajput under GE(East) Lucknow],13-Sep-2025 06:00 PM,E-IN-C BRANCH - MILITARY ENGINEER SERVICES||CE CC AND CE LUCKNOW ZONE - MES||CWE LUCKNOW - MES,18-Oct-2025 06:00 PM,https://defproc.gov.in/nicgep/app?component=%24DirectLink&page=FrontEndLatestActiveCorrigendums&service=direct&session=T&sp=Sk1IkQhtw3H9q99jKHPgJvQ%3D%3D
1591,2025_MES_730468_1,[RENEWAL/REPLACEMENT OF WOODEN FURNITURE ITEMS AGAINST SURVEYED OFF FURNITURE ITEMS UNDER GE MISSAMARI],11-Sep-2025 06:55 PM,E-IN-C BRANCH - MILITARY ENGINEER SERVICES||CE EC AND CE SILIGURI ZONE - MES||CWE TENGA - MES,02-Oct-2025 06:00 PM,https://defproc.gov.in/nicgep/app?component=%24DirectLink&page=FrontEndLatestActiveCorrigendums&service=direct&session=T&sp=SKe%2FA6pp50jZ7UsVkxNVnoQ%3D%3D
1592,2025_MES_728106_1,"[SPL REPAIR TO BLDG. NO A/8/114, PROVN OF TOILET BLOCK FOR TPS NEAR BLDG NO A/4/137(OTM ACCN), PROVN OF PATHWAY AND CERTAIN ELECTRIC WORK NEAR BLDG NO P-37 AT PMS]",28-Aug-2025 09:00 AM,E-IN-C BRANCH - MILITARY ENGINEER SERVICES||CE EC AND CE KOLKATA ZONE - MES||CWE PANAGARH - MES||GE PANAGARH - MES,29-Sep-2025 06:00 PM,https://defproc.gov.in/nicgep/app?component=%24DirectLink&page=FrontEndLatestActiveCorrigendums&service=direct&session=T&sp=SDu%2BUu3ah4D2Ly%2Bh7OUuraw%3D%3D
1593,2025_IAF_709605_1,[PROCUREMENT OF SPARES FOR IL-78 AIRCRAFT],22-May-2025 05:00 PM,Indian Air Force||AOM NEW DELHI - IAF||ACAS (Procurement) - IAF||D Procurement - IAF,18-Nov-2025 03:00 PM,https://defproc.gov.in/nicgep/app?component=%24DirectLink&page=FrontEndLatestActiveCorrigendums&service=direct&session=T&sp=SJETH0zeNxKXVL73Svu8uQA%3D%3D
1594,2025_MES_731773_1,"[SPECIAL REPAIRS FOR REPLACEMENT OF GOODS LIFTS OF GODAVARI BLDG AB AND CD BLOCKS AT NOFRA, NCB AREA UNDER GE U-II VISAKHAPATNAM]",19-Sep-2025 06:00 PM,E-IN-C BRANCH - MILITARY ENGINEER SERVICES||CE EC AND CE (NAVY) VIZAG - MES||CWE VISAKHAPATNAM - MES,17-Oct-2025 06:00 PM,https://etender.up.nic.in/nicgep/app?component=%24DirectLink_0&page=FrontEndAdvancedSearchResult&service=direct&session=T&sp=SdctmwmpKE9VdCQzepB%2BuLw%3D%3D
1595,2025_MES_727664_1,[REPAIR/MAINT OF UNSERVICEABLE ACBS AND CONNECTED ITEM ALONG WITH COMPREHENSIVE MAINT OF MES INSTALLATION OF PUMP HOUSE/ POWER HOUSE/SUB STATION AT AYODHYA CANTT UNDER AGE (I) AYODHYA.],25-Aug-2025 04:00 PM,E-IN-C BRANCH - MILITARY ENGINEER SERVICES||CE CC AND CE LUCKNOW ZONE - MES||CWE ALLAHABAD - MES,29-Sep-2025 06:00 PM,https://defproc.gov.in/nicgep/app?component=%24DirectLink&page=FrontEndLatestActiveCorrigendums&service=direct&session=T&sp=SA14Xx1tMHhSlmAchgHS5dA%3D%3D
1596,2025_MES_722723_2,"[CA NO. CWE/HILLS/EWS/64 OF 2025-2026 REPAIR/ MAINT OF LT OVERHEADLINES, UG CABLE AND OTHER MISC E/M CONNECTED WORKS AT HARSHIL, SUKHI, TEKLA UNDER  GE 871 EWS]",10-Sep-2025 12:45 PM,E-IN-C BRANCH - MILITARY ENGINEER SERVICES||CE CC AND CE BAREILLY ZONE - MES||CWE HILLS PITHORAGARH - MES,29-Sep-2025 06:00 PM,https://defproc.gov.in/nicgep/app?component=%24DirectLink&page=FrontEndLatestActiveCorrigendums&service=direct&session=T&sp=S5ZnJtHGWeype%2FGPEB7Vgpg%3D%3D
1597,2025_MES_727809_1,"[REPAIR TO PLUMBING SANITARY FITTING LEAKAGE SEEPAGE SUNKEN PORTION FLOOR/WALL  TILING AND MISCELLANEOUS WORK AT  DRDE GWALIOR, DAY TO DAY MAINTENANCE IN TECHNICAL AND RESIDENTIAL AREA EM AND BR AT DRDE GWALIOR UNDER GE I RnD DELHI]",26-Aug-2025 06:55 PM,E-IN-C BRANCH - MILITARY ENGINEER SERVICES||ADG (OF and DRDO)  AND CE (R and D) DELHI-  MES||AGE (I) RND DELHI - MES||AGE (I) R and D DELHI - MES,29-Sep-2025 06:00 PM,https://defproc.gov.in/nicgep/app?component=%24DirectLink&page=FrontEndLatestActiveCorrigendums&service=direct&session=T&sp=SPOZfxVMXZtuOZniO%2FM2Kow%3D%3D
1598,2025_MES_728631_1,"[SPL REPAIR TO BLDG NO T-33, T-35 AND T-36 (SINGLE LIVING ACCN) OF SATA BTY AND SPL REPAIR TO BLDG NO 125/01 TO 04 OF MH AT MIL STN ALWAR]",30-Aug-2025 04:00 PM,E-IN-C BRANCH - MILITARY ENGINEER SERVICES||CE SWC AND CE JAIPUR JAIPUR - MES||CWE HISAR - MES||GE ALWAR - MES,29-Sep-2025 06:00 PM,https://defproc.gov.in/nicgep/app?component=%24DirectLink&page=FrontEndLatestActiveCorrigendums&service=direct&session=T&sp=SjYzalPMPlaVM%2FM7Fi5fErw%3D%3D
1599,2025_MES_730872_1,[SPECIAL REPAIR TO TOILET AND FLOOR TILES IN BUILDING NO. P-129 IN 16 TS AT AFS JALAHALLI ],15-Sep-2025 09:00 AM,E-IN-C BRANCH - MILITARY ENGINEER SERVICES||CESC AND CE (AF) BANGALORE - MES||CWE (AF) (SOUTH) BANGALORE - MES,13-Oct-2025 06:00 PM,https://defproc.gov.in/nicgep/app?component=%24DirectLink&page=FrontEndLatestActiveCorrigendums&service=direct&session=T&sp=SyD%2FFB9fHHpEcuodZYuCSsg%3D%3D
1600,2025_MES_731306_1,[UPGRADATION TO EXISTING OTM FACILITIES FOR CONDUCT OF 6 AC DETS OPS (D AND N) AT AF STN KALAIKUNDA UNDER GE AF KALAIKUNDA],17-Sep-2025 12:00 PM,E-IN-C BRANCH - MILITARY ENGINEER SERVICES||CE EC AND CE (AF) SHILLONG - MES||CWE (AF) KALAIKUNDA - MES||GE (AF) KALAIKUNDA - MES,14-Oct-2025 06:00 PM,https://etender.up.nic.in/nicgep/app?component=%24DirectLink_0&page=FrontEndAdvancedSearchResult&service=direct&session=T&sp=STsR2TRkuSOX92PRjQ1P%2Few%3D%3D
1601,2025_MES_728908_1,[REPAIR  TO WOODEN FURNITURE AND CONNECTED ITEMS INCL  POLISHING AND CANNING  AT LGJ MIL STN],02-Sep-2025 06:00 PM,E-IN-C BRANCH - MILITARY ENGINEER SERVICES||CE SWC AND CE BATHINDA ZONE - MES||CWE GANGANAGAR - MES||GE LALGARH JATTAN - MES,30-Sep-2025 06:00 PM,https://defproc.gov.in/nicgep/app?component=%24DirectLink&page=FrontEndLatestActiveCorrigendums&service=direct&session=T&sp=So1SeLFhQ0iQ94n5SV4rmaw%3D%3D
1602,2025_MES_728668_1,"[SPL REPAIRS OF RD FROM ESH NO 33 TO 40, ESH NO 12 TO ESH NO 56 AND ESH NO 78 TO FIRE STN NO 5 AT DEPOT AREA OF 39 FAD AT BHARATPUR MIL STN]",30-Aug-2025 06:55 PM,E-IN-C BRANCH - MILITARY ENGINEER SERVICES||CE SWC AND CE JAIPUR JAIPUR - MES||CWE Mathura - MES,04-Oct-2025 06:00 PM,https://defproc.gov.in/nicgep/app?component=%24DirectLink&page=FrontEndLatestActiveCorrigendums&service=direct&session=T&sp=SorvSBialxUatpzRor%2FaH1w%3D%3D
1603,2025_MES_731107_1,[REPAIR RENEWAL TO LIGHTENING CONDUCTOR ARRESTOR EARTHING WITH EARTHING STRIPS SURGE PROTECTOR TEST TERMINAL TESTING OF EARTHING ETC AT VARIOUS UNITS UNDER AGE EM OF GE BENGDUBI],16-Sep-2025 11:00 AM,E-IN-C BRANCH - MILITARY ENGINEER SERVICES||CE EC AND CE SILIGURI ZONE - MES||CWE BENGDUBI - MES||GE BENGDUBI - MES,07-Oct-2025 06:00 PM,https://defproc.gov.in/nicgep/app?component=%24DirectLink&page=FrontEndLatestActiveCorrigendums&service=direct&session=T&sp=SOJ8HsVJxRE199URQ8lyWaA%3D%3D
1604,2025_MES_728506_1,[REPAIR  MAINT  CLEANING OF SWIMMING POOL AND OTHER ASSOCIATED WORKS AT SWIMMING POOL UNDER GE MIS MHOW],30-Aug-2025 09:00 AM,E-IN-C BRANCH - MILITARY ENGINEER SERVICES||CE CC AND CE JABALPUR ZONE - MES||CWE MHOW - MES||GE (Maint) Inf School - MES,02-Oct-2025 06:00 PM,https://defproc.gov.in/nicgep/app?component=%24DirectLink&page=FrontEndLatestActiveCorrigendums&service=direct&session=T&sp=SBPcHjMxzbh10pDUEDaq5uA%3D%3D
1605,2025_MES_731217_1,"[REPAIR/MAINT OF HT CABLES, HT JOINTS, LT PANELS INCL AFC PANELS, EARTHING AND CONNECTED ITEMS, GEYSERS, BUKHKARI, HAMAM, FIR EXTINGUISHER AND REPAIR MAINT OF STREET LIGHTS, PAINTING OF POLES AND CONNECTED WORKS AT NIMU/NURLA UNDER AGE (I) NIMU]",17-Sep-2025 12:00 PM,E-IN-C BRANCH - MILITARY ENGINEER SERVICES||CE NC AND CE LEH ZONE - MES||CWE KUMBATHANG - MES,08-Oct-2025 04:00 PM,https://etender.up.nic.in/nicgep/app?component=%24DirectLink_0&page=FrontEndAdvancedSearchResult&service=direct&session=T&sp=S%2F1O%2FaUBlIUAWSQUAiKJl4Q%3D%3D
1606,2025_MES_719323_2,[PROVISION OF TROLLEY MOUNTED DG SET 500 KVA AT MILIT GIRINAGAR PUNE 25],20-Sep-2025 01:00 PM,E-IN-C BRANCH - MILITARY ENGINEER SERVICES||ADG (OF and DRDO) AND CE (R and D) SECUNDERABAD - MES||GE (I) RND GIRINAGAR - MES,11-Oct-2025 06:00 PM,https://defproc.gov.in/nicgep/app?component=%24DirectLink&page=FrontEndLatestActiveCorrigendums&service=direct&session=T&sp=S2%2FQUijcxoKeLBMdwVJ2kZw%3D%3D
1607,2025_MES_731838_1,"[Repair/Maint of Aerial Bunch, LT Panel, underground cable at Mukharjee Enclave, 31 RR, Old Medical Complex, 101 TA Bn and other areas including allied works under GE (U) Udhampur]",19-Sep-2025 06:55 PM,E-IN-C BRANCH - MILITARY ENGINEER SERVICES||CE NC AND CE UDHAMPUR ZONE - MES||CWE UDHAMPUR - MES||GE (U) UDHAMPUR - MES,10-Oct-2025 06:00 PM,https://defproc.gov.in/nicgep/app?component=%24DirectLink&page=FrontEndLatestActiveCorrigendums&service=direct&session=T&sp=S6Ei9fmFzeE8KJ3%2FjIn9zFQ%3D%3D
1608,2025_MES_728286_1,[ADDN ALTN TO SEWAGE DISPOSAL SYSTEM AT AF STN LONAVLA ],29-Aug-2025 09:00 AM,E-IN-C BRANCH - MILITARY ENGINEER SERVICES||CESC AND CE (NAVY) KOCHI - MES||GE (I) NAVY LONAWALA - MES,01-Oct-2025 09:00 AM,https://defproc.gov.in/nicgep/app?component=%24DirectLink&page=FrontEndLatestActiveCorrigendums&service=direct&session=T&sp=SOqA6H6KqJff104aNhNJO2w%3D%3D
1609,2025_BRO_733035_1,[CONSTRUCTION OF ROAD FROM WANGTI (CHENLOISIO) ZERO POINT TO IB JUNCTION (BP 151) FROM KM 0.00 TO KM 11.00 TO NHSL SPECIFICATIONS UNDER 100/15 BRTF/(P) SEWAK IN NAGALAND STATE UNDER EPC MODE],27-Sep-2025 05:00 PM,Dte General Border Roads Organisation||HQ CE(P) Sewak(Dimapur) - BRO,13-Nov-2025 11:00 AM,https://etender.up.nic.in/nicgep/app?component=%24DirectLink_0&page=FrontEndAdvancedSearchResult&service=direct&session=T&sp=S66LD5IWd8p%2B7ZNCirybLRw%3D%3D
1610,2025_MES_716026_2,[PROVN OF STORE SHED INCLUDING CENTRAL AC PLANT AND OTHER SERVICES AT KANDRORI UNDER GE (SOUTH) PATHANKOT],20-Aug-2025 02:00 PM,E-IN-C BRANCH - MILITARY ENGINEER SERVICES||CE WC AND CE PATHANKOT ZONE - MES,15-Oct-2025 06:00 PM,https://defproc.gov.in/nicgep/app?component=%24DirectLink&page=FrontEndLatestActiveCorrigendums&service=direct&session=T&sp=SHGiYqLnRhpnsRYLazSzv4g%3D%3D
1611,2025_MES_727851_1,[PROVN OF CERTAIN OTM AND DOMESTIC INFRASTRUCTURE AT AF STN JORHAT],26-Aug-2025 06:00 PM,E-IN-C BRANCH - MILITARY ENGINEER SERVICES||CE EC AND CE (AF) SHILLONG - MES,15-Oct-2025 06:00 PM,https://defproc.gov.in/nicgep/app?component=%24DirectLink&page=FrontEndLatestActiveCorrigendums&service=direct&session=T&sp=SOrzPpyrO35wFJL2nae%2BPBA%3D%3D
1612,2025_MES_729341_1,[REPAIR/MAINT OF WATER SUPPLY DISTR SYSTEM AT ZONE B ie 4 LG GFA PAO DAD CHARBAGH JAIL ROAD VICTORIA LINE RSD RSV HAVELOCK LINE MRA VIHAR LBS MARG MG ROAD LOTUS TANK APS-III ATAL ROAD OLD POLO SOI 9 ASSAM AND CONNECTED AREA OF AGE E/M EXT W/S UNDER GE],04-Sep-2025 01:00 PM,E-IN-C BRANCH - MILITARY ENGINEER SERVICES||CE CC AND CE LUCKNOW ZONE - MES||CWE LUCKNOW - MES||GE(E/M)LUCKNOW - MES,02-Oct-2025 06:00 PM,https://defproc.gov.in/nicgep/app?component=%24DirectLink&page=FrontEndLatestActiveCorrigendums&service=direct&session=T&sp=S8i%2F1jY6tW4XGY4B%2FiFMr8A%3D%3D
1613,2025_MES_729696_1,[Repair maint of Electrical Fittings Fixtures and allied works in OTM and Technical Building in Site 1A and 1B of 33 SU AFS Jodhpur],06-Sep-2025 06:00 PM,E-IN-C BRANCH - MILITARY ENGINEER SERVICES||CE SWC AND CE (AF) GANDHINAGAR - MES||CWE (AF) JODHPUR - MES||GE (AF) No. 2 JODHPUR - MES,04-Oct-2025 06:00 PM,https://defproc.gov.in/nicgep/app?component=%24DirectLink&page=FrontEndLatestActiveCorrigendums&service=direct&session=T&sp=Ss3n4L%2BS6eRZEOcAxj3q6YA%3D%3D
1614,2025_MES_724977_2,"[COMPREHENSIVE MAINTENANCE OF COLD ROOM, COOL ROOM AND MAINTENANCE OF ACS, COOLING APPLIANCES AND VOLTAGE STABILIZER AT INAS 313 UNDER GE NAVY CHENNAI]",13-Sep-2025 06:30 PM,E-IN-C BRANCH - MILITARY ENGINEER SERVICES||CE EC AND CE (NAVY) VIZAG - MES||CWE (Navy) Chennai - MES||AGE (I) Navy Chennai - MES,02-Oct-2025 06:30 PM,https://defproc.gov.in/nicgep/app?component=%24DirectLink&page=FrontEndLatestActiveCorrigendums&service=direct&session=T&sp=ShppWjK%2FfeIfkAti4POZx3Q%3D%3D
1615,2025_MES_720918_3,[REPAIR MAINT OF LT PANELS MCCBs  EARTHING CABLES AND THEIR CONNECTED ITEM AT MP GOLAI AREA AND BURDONG UNDER GE GANGTOK],29-Sep-2025 02:00 PM,E-IN-C BRANCH - MILITARY ENGINEER SERVICES||CE EC AND CE SILIGURI ZONE - MES||HQ 136 WORKS ENGINEERS - MES||GEGANGTOK - MES,13-Oct-2025 06:00 PM,https://etender.up.nic.in/nicgep/app?component=%24DirectLink_0&page=FrontEndAdvancedSearchResult&service=direct&session=T&sp=S%2FQ8pvVgyGqo79BEx8tnufA%3D%3D
1616,2025_MES_729068_1,[81450 REPAIRS/RESURFACING OF ROADS AND REPAIRS TO TECHNICAL AREA AT INS KATTABOMMAN UNDER GE TIRUNELVELI],03-Sep-2025 09:00 AM,E-IN-C BRANCH - MILITARY ENGINEER SERVICES||CE EC AND CE (NAVY) VIZAG - MES||CWE (Navy) Chennai - MES,01-Oct-2025 06:00 PM,https://defproc.gov.in/nicgep/app?component=%24DirectLink&page=FrontEndLatestActiveCorrigendums&service=direct&session=T&sp=SkpdNnPkmdH8z%2FwhSeiePVA%3D%3D
1617,2025_MES_713748_4,"[Certain B/R repairs work to joinery, plumbing, flooring, sunken treatment etc of OTM Accn in Inf Bn V and VI under AGE B/R-I at GE Gurdaspur.]",19-Sep-2025 06:00 PM,E-IN-C BRANCH - MILITARY ENGINEER SERVICES||CE WC AND CE JALANDHAR ZONE - MES||CWE AMRITSAR - MES||GE GURDASPUR - MES,04-Oct-2025 06:00 PM,https://etender.up.nic.in/nicgep/app?component=%24DirectLink_0&page=FrontEndAdvancedSearchResult&service=direct&session=T&sp=SqPjym%2FwbaLx1u7ZXzyx57Q%3D%3D
1618,2025_MES_730756_1,[Repair/Maint of B/R and E/M works of 05 Kumaon at Birpur under AGE B/R-II of GE Dehradun.],13-Sep-2025 06:00 PM,E-IN-C BRANCH - MILITARY ENGINEER SERVICES||CE CC AND CE BAREILLY ZONE - MES||CWE DEHRADUN - MES||GE DEHRADUN - MES,04-Oct-2025 06:00 PM,https://defproc.gov.in/nicgep/app?component=%24DirectLink&page=FrontEndLatestActiveCorrigendums&service=direct&session=T&sp=Seu5WVD6xzVRdDoAckxpsKA%3D%3D
1619,2025_MES_725243_1,"[COMPREHENSIVE REPAIR MAINT OF CHAJJA, FACIA, SLAB, WALL GRIT, EXTERNAL TREATMENT INCL ROOF REPAIR LEAKAGE SEEPAGE OF BLDGS AND CERTAIN OTHER MISC REPAIR WORKS IN ABHM, ABHM ANNEXE, OFFRS MD ACCN AT SP MARG AND TPT COY UNDER GE NEW DELHI]",08-Aug-2025 06:00 PM,E-IN-C BRANCH - MILITARY ENGINEER SERVICES||CE WC and CE DELHI ZONE-MES||CWE NEW DELHI-MES,08-Oct-2025 06:00 PM,https://defproc.gov.in/nicgep/app?component=%24DirectLink&page=FrontEndLatestActiveCorrigendums&service=direct&session=T&sp=SpGLkmGYXmKI3Vi4T%2B44VdQ%3D%3D
1620,2025_MES_730898_1,"[REPAIR/CLEANING OF SEWAGE LINE, MANHOLES, SEPTIC TANKS, SOAKWELLS ETC IN CHHEOKI MIL STN, PRAYAGRAJ]",15-Sep-2025 12:00 PM,E-IN-C BRANCH - MILITARY ENGINEER SERVICES||CE CC AND CE LUCKNOW ZONE - MES||CWE ALLAHABAD - MES||GE (W) ALLAHABAD - MES,13-Oct-2025 06:00 PM,https://defproc.gov.in/nicgep/app?component=%24DirectLink&page=FrontEndLatestActiveCorrigendums&service=direct&session=T&sp=SPAiwVT4BlEaLvV3B%2FUhD4A%3D%3D
1621,2025_MES_731515_1,[ADDN/ALTN TO EXISTING DRAINAGE LINE NETWORK IN KLP OF OFFRS  MD ACCN AT DIPATOLI MIL STN],18-Sep-2025 06:00 PM,E-IN-C BRANCH - MILITARY ENGINEER SERVICES||CE CC AND CE JABALPUR ZONE - MES||CWE RANCHI - MES||GE DIPATOLI - MES,17-Oct-2025 06:00 PM,https://defproc.gov.in/nicgep/app?component=%24DirectLink&page=FrontEndLatestActiveCorrigendums&service=direct&session=T&sp=StDI2TG9R3HKtDcUR8TwMRg%3D%3D
1622,2025_MES_700269_4,"[SPL. REPAIR /REDEVEPLOPMENT OF BOREWELL OF NIRBHAY VIHAR , NEW RACE COURSE, OLD SHIA LINE, NEW CARIAPPA ROAD AND SANJOG CHETRI VIHAR PUMP HOUSE NO 3 AND OTHER CONNECTED ITEMS UNDER GE(E/M) LUCKNOW.]",26-Aug-2025 06:00 PM,E-IN-C BRANCH - MILITARY ENGINEER SERVICES||CE CC AND CE LUCKNOW ZONE - MES||CWE LUCKNOW - MES,29-Sep-2025 06:00 PM,https://defproc.gov.in/nicgep/app?component=%24DirectLink&page=FrontEndLatestActiveCorrigendums&service=direct&session=T&sp=SBwe1BDUzyagN%2FtWaW57QmQ%3D%3D
1623,2025_MES_731619_1,[Repairs/replacement of GI/CI/DI pipe line and connected works at Mil Stn Beas under GE Kapurthala.],18-Sep-2025 06:00 PM,E-IN-C BRANCH - MILITARY ENGINEER SERVICES||CE WC AND CE JALANDHAR ZONE - MES||CWE JALANDHAR - MES||GE KAPURTHLA(P) - MES,08-Oct-2025 06:00 PM,https://etender.up.nic.in/nicgep/app?component=%24DirectLink_0&page=FrontEndAdvancedSearchResult&service=direct&session=T&sp=SL2jbjmuoZPE0O6hRgH0rTg%3D%3D
1624,2025_MES_729156_1,"[GE (N) P/TOKEN- 51 OF 2025-2026REPAIR / MAINT SERVICES OF ZRO/RTG, AWWA COMPLEX, CEPZ,64 COY ASC (SUP), IFA,CTL,SHIVNERI CAMP,DSC PLATOON AND OTHER MISC LOCATION UNDER AGE B/R (CENTRAL) OF GE (NORTH) PUNE ]",03-Sep-2025 06:00 PM,E-IN-C BRANCH - MILITARY ENGINEER SERVICES||CE SC AND CE PUNE ZONE - MES||CWE PUNE - MES||GE (N) PUNE - MES,01-Oct-2025 06:00 PM,https://defproc.gov.in/nicgep/app?component=%24DirectLink&page=FrontEndLatestActiveCorrigendums&service=direct&session=T&sp=SG5nG71rENJWy8pyJdkMLPA%3D%3D
1625,2025_MES_728832_1,"[PROVN OF  HIGH MAST WITH LED FLOOD LIGHT AT VARIOUS LOC AT HAWS, SONAMARG UNDER GE 970 EWS]",02-Sep-2025 10:00 AM,E-IN-C BRANCH - MILITARY ENGINEER SERVICES||CE NC AND CE 31 ZONE - MES||134 WORKS ENGINEER - MES||GE 970 EWS - MES,30-Sep-2025 06:00 PM,https://defproc.gov.in/nicgep/app?component=%24DirectLink&page=FrontEndLatestActiveCorrigendums&service=direct&session=T&sp=SeGR3TDVsgEdX%2FhZTY0IecQ%3D%3D
1626,2025_MES_729444_1,[REPAIR AND RESURFACING OF ROAD ROAD MARKING AND ROAD FURNITURE TO CGRA COMPLEX AND OTM AT DHQ7 PARADIP],04-Sep-2025 05:00 PM,E-IN-C BRANCH - MILITARY ENGINEER SERVICES||ADG (Projects) and CE (CG) Visakhapatnam - MES||GE (I) (CG) Bhubaneshwar - MES,02-Oct-2025 06:00 PM,https://defproc.gov.in/nicgep/app?component=%24DirectLink&page=FrontEndLatestActiveCorrigendums&service=direct&session=T&sp=SII2qfDLXuZbTfnKerUfFAw%3D%3D
1627,2025_MES_727092_1,[SPL REPAIR FOR BER CEILING FAN GEYSER AND EXHAUST FANS UNDER GE SOUTH DELHI CANTT-10],21-Aug-2025 06:00 PM,E-IN-C BRANCH - MILITARY ENGINEER SERVICES||CE WC and CE DELHI ZONE-MES||CWE NEW DELHI-MES,11-Oct-2025 06:00 PM,https://defproc.gov.in/nicgep/app?component=%24DirectLink&page=FrontEndLatestActiveCorrigendums&service=direct&session=T&sp=SoZLfHcZKrA%2BiCJqA7yXMYg%3D%3D
1628,2025_DGDE_730544_1,[TERM CONTRACT FOR REPAIRING /MAINTENANCE OF BITUMINOUS ROADS IN MORAR CANTT. FOR THE ONE YEAR.],15-Sep-2025 06:30 PM,Directorate General Defence Estates||Principal Directorate Defence Estates- Southern Command Pune||Cantonment Board Morar- SC Pune,08-Oct-2025 05:00 PM,https://etender.up.nic.in/nicgep/app?component=%24DirectLink_0&page=FrontEndAdvancedSearchResult&service=direct&session=T&sp=S51Um%2F66EIuxTnwT35HfJFg%3D%3D
1629,2025_MES_721984_1,[PROVISION OF ROOF TOP SOLAR POWER PLANT AT VARIOUS MES UNITS UNDER CE AF NAGPUR ],22-Jul-2025 06:00 PM,E-IN-C BRANCH - MILITARY ENGINEER SERVICES||CESC AND CE (AF) NAGPUR - MES,01-Oct-2025 06:00 PM,https://defproc.gov.in/nicgep/app?component=%24DirectLink&page=FrontEndLatestActiveCorrigendums&service=direct&session=T&sp=SAGmoHAwbUGn8UCB1Gd5FCA%3D%3D
1630,2025_MES_730786_1,[GE ELECT/D-60/2025-26],13-Sep-2025 06:00 PM,E-IN-C BRANCH - MILITARY ENGINEER SERVICES||CE WC and CE DELHI ZONE-MES||CWE (U) DELHI CANTT-MES||GE(U)ELECTRIC SUPPLY DELHI CANTT-MES,06-Oct-2025 06:00 PM,https://defproc.gov.in/nicgep/app?component=%24DirectLink&page=FrontEndLatestActiveCorrigendums&service=direct&session=T&sp=SxYKULJlRa1YVGsM62hS8ig%3D%3D
1631,2025_MES_728821_1,[SPL REPAIR RENEWAL CONVERSION OF CHARPOY GI PIPE NYLON NEWAR TO CHARPOY GI WITH PLYWOOD TOP UNDER GE N MAMUN],01-Sep-2025 06:10 PM,E-IN-C BRANCH - MILITARY ENGINEER SERVICES||CE WC AND CE PATHANKOT ZONE - MES||CWE MAMUN - MES,29-Sep-2025 06:00 PM,https://defproc.gov.in/nicgep/app?component=%24DirectLink&page=FrontEndLatestActiveCorrigendums&service=direct&session=T&sp=SGRhlHta0Ben8IKPGdxfimg%3D%3D
1632,2025_MES_730534_1,[B/R REPAIR/MAINT OF MES INSTALLATION UNDER GE GWALIOR],12-Sep-2025 01:00 PM,E-IN-C BRANCH - MILITARY ENGINEER SERVICES||CESC AND CE BHOPAL ZONE  - MES||CWE JHANSI - MES||GE GWALIOR - MES,03-Oct-2025 06:00 PM,https://defproc.gov.in/nicgep/app?component=%24DirectLink&page=FrontEndLatestActiveCorrigendums&service=direct&session=T&sp=SGMDNd7QvDlpB4AXuBFUtnw%3D%3D
1633,2025_MES_730151_1,[REPAIR/MAINT OF INTERNAL ELECTRIFICATION WITH CONNECTED WORKS AT CH (CC) UNDER GE E/M LUCKNOW],10-Sep-2025 01:00 PM,E-IN-C BRANCH - MILITARY ENGINEER SERVICES||CE CC AND CE LUCKNOW ZONE - MES||CWE LUCKNOW - MES||GE(E/M)LUCKNOW - MES,01-Oct-2025 06:00 PM,https://etender.up.nic.in/nicgep/app?component=%24DirectLink_0&page=FrontEndAdvancedSearchResult&service=direct&session=T&sp=SO5gqxbEvoWr4uPZ23xFc%2BA%3D%3D
1634,2025_MES_729232_1,[SPECIAL REPAIRS OF ROAD FROM BLDG No. P-01 TO P-04 ZAKHAMA  MILITARY STATION],03-Sep-2025 06:00 PM,E-IN-C BRANCH - MILITARY ENGINEER SERVICES||CE EC AND CE SHILLONG ZONE - MES||CWE HQ 137 WE - MES,01-Oct-2025 06:55 PM,https://defproc.gov.in/nicgep/app?component=%24DirectLink&page=FrontEndLatestActiveCorrigendums&service=direct&session=T&sp=SUnRY8jaN9Z7jznaNTz7Ugw%3D%3D
1635,2025_MES_725039_2,[PROVN OF RETROFIT EMISSION CTRL(RECD) FOR DG SETS(PH-II) AND CERTAIN REVENUE WORKS AT AFS YELAHANKA],10-Sep-2025 12:00 PM,E-IN-C BRANCH - MILITARY ENGINEER SERVICES||CESC AND CE (AF) BANGALORE - MES||CWE (AF) (SOUTH) BANGALORE - MES||GE(AF) Yelehanka - MES,01-Oct-2025 06:00 PM,https://defproc.gov.in/nicgep/app?component=%24DirectLink&page=FrontEndLatestActiveCorrigendums&service=direct&session=T&sp=S1X4zHTLQlYewBDD7NPlWaQ%3D%3D
1636,2025_MES_698150_2,[SPL REPAIR/REPLACEMENT OF HOSPITAL FURNITURE AGAINST CONDEMNED ARTICLE UNDER GE (WEST) LUCKNOW],15-Aug-2025 10:00 AM,E-IN-C BRANCH - MILITARY ENGINEER SERVICES||CE CC AND CE LUCKNOW ZONE - MES||CWE LUCKNOW - MES,04-Oct-2025 06:00 PM,https://defproc.gov.in/nicgep/app?component=%24DirectLink&page=FrontEndLatestActiveCorrigendums&service=direct&session=T&sp=SQ3IEmlNPRLfuzQF31Kj7Yw%3D%3D
1637,2025_DRDO_729758_1,[Development of TWT for ASPJ (i) Pulse TWT (ii) CW TWT under Technology Development Fund Scheme (through provisions of Grant in aid)],08-Sep-2025 06:30 PM,Department of Defence Research and Development||Defence Research and Development Organisation||DFMM||Office of DG R and D (R and M)||DMS,06-Oct-2025 10:00 AM,https://defproc.gov.in/nicgep/app?component=%24DirectLink&page=FrontEndLatestActiveCorrigendums&service=direct&session=T&sp=ScfggV0kLj8yHBpOETtT1Uw%3D%3D
1638,2025_MES_730387_1,[REPAIR / MAINT/ PAINTING OF ALL TYPES OF WOODEN FURNITURE UNDER BSO (EAST) OF  GE (EAST) JABALPUR ],11-Sep-2025 04:30 PM,E-IN-C BRANCH - MILITARY ENGINEER SERVICES||CE CC AND CE JABALPUR ZONE - MES||CWE JABALPUR - MES||GE (E) JABALPUR - MES,01-Oct-2025 06:00 PM,https://defproc.gov.in/nicgep/app?component=%24DirectLink&page=FrontEndLatestActiveCorrigendums&service=direct&session=T&sp=S9hsOphx83P7HnZUqTK%2F0Rw%3D%3D
1639,2025_MES_725008_2,[PROVN OF ALLIED E/M AND W/S WORKS FOR BOREWELL AT BALNOI UNDER GE 881 EWS],18-Sep-2025 06:00 PM,E-IN-C BRANCH - MILITARY ENGINEER SERVICES||CE NC AND CE UDHAMPUR ZONE - MES||CWE RAJOURI - MES||GE 881 EWS - MES,30-Sep-2025 06:00 PM,https://defproc.gov.in/nicgep/app?component=%24DirectLink&page=FrontEndLatestActiveCorrigendums&service=direct&session=T&sp=S1nkNf%2Brr7HKjEwrsINlLMA%3D%3D
1640,2025_MES_730676_1,[SPL REPAIR OF T32 TROOPS SHELTER AT LONG RANGE AT OTA GAYA],12-Sep-2025 06:35 PM,E-IN-C BRANCH - MILITARY ENGINEER SERVICES||CE CC AND CE JABALPUR ZONE - MES||CWE RANCHI - MES||GE (P) GAYA - MES,04-Oct-2025 06:00 PM,https://defproc.gov.in/nicgep/app?component=%24DirectLink&page=FrontEndLatestActiveCorrigendums&service=direct&session=T&sp=S8I7QQrSAv4o6OmBhMAqS9A%3D%3D
1641,2025_MES_730632_1,[COMPREHENSIVE MAINT TO MD ACCN PRC SRC MH ASC MES AND REPAIR REPLACEMENT OF JOINERY AND CONNECTED ITEMS AT SRC MH SHO ASC MDC STORE AREA AT RAMGARH CANTT],12-Sep-2025 06:30 PM,E-IN-C BRANCH - MILITARY ENGINEER SERVICES||CE CC AND CE JABALPUR ZONE - MES||CWE RANCHI - MES||GE RAMGARH - MES,10-Oct-2025 06:00 PM,https://defproc.gov.in/nicgep/app?component=%24DirectLink&page=FrontEndLatestActiveCorrigendums&service=direct&session=T&sp=S5PxMHrfXxrLzW0OiurbU%2FA%3D%3D
1642,2025_MES_731677_1,[SPECIAL REPAIRS TO SEWAGE LINE AT CERTAIN LOCATION OF MARRIED ACCOMMODATION IN MCEME UNDER GE MCEME SECUNDERABAD],19-Sep-2025 05:00 PM,E-IN-C BRANCH - MILITARY ENGINEER SERVICES||ADG (PROJECTS) CHENNAI AND CE CHENNAI ZONE  - MES||CWE SECUNDERABAD No 2 - MES||GE MCEME SECUNDERABAD - MES,10-Oct-2025 06:00 PM,https://etender.up.nic.in/nicgep/app?component=%24DirectLink_0&page=FrontEndAdvancedSearchResult&service=direct&session=T&sp=SGbX2aoeX3BKwDkxh6OcDpw%3D%3D
1643,2025_MES_728932_1,"[REPAIR/MAINTENANCE OF CENTRIFUGAL/ MONOBLOCK / SUBMERSIBLE PUMP SETS MOTORS, STARTERS, LT PANEL BOARDS, BULK WATER METER AND ALLIED WORKS ETC AT WATER SUPPLY INSTALLATIONS UNDER GE (CME) KHADKI]",02-Sep-2025 01:30 PM,E-IN-C BRANCH - MILITARY ENGINEER SERVICES||CE SC AND CE PUNE ZONE - MES||CWE KIRKEE - MES||GE (CME) KIRKEE - MES,30-Sep-2025 06:00 PM,https://defproc.gov.in/nicgep/app?component=%24DirectLink&page=FrontEndLatestActiveCorrigendums&service=direct&session=T&sp=Sq41xm3ko4GcOEw02P6Fp9A%3D%3D
1644,2025_MES_729502_1,[TERM CONTRACT FOR ARTIFICERS WORK UNDER AGE BR I AT INS SHIVAJI LONAVLA],04-Sep-2025 05:55 PM,E-IN-C BRANCH - MILITARY ENGINEER SERVICES||CESC AND CE (NAVY) KOCHI - MES||GE (I) NAVY LONAWALA - MES,03-Oct-2025 06:00 PM,https://defproc.gov.in/nicgep/app?component=%24DirectLink&page=FrontEndLatestActiveCorrigendums&service=direct&session=T&sp=SDB%2BZ6hwW9TxYAwqcOC9isg%3D%3D
1645,2025_MES_709203_1,[TERM CONTRACT FOR ARTIFICERS WORK AT DIBT MYSORE],12-Sep-2025 06:00 PM,E-IN-C BRANCH - MILITARY ENGINEER SERVICES||ADG (OF and DRDO) AND CE (R and D) SECUNDERABAD - MES||GE (I) RND (E) BANGALORE - MES,01-Oct-2025 06:00 PM,https://defproc.gov.in/nicgep/app?component=%24DirectLink&page=FrontEndLatestActiveCorrigendums&service=direct&session=T&sp=SsN4arIybmJuJNfYnoM3pcA%3D%3D
1646,2025_MES_728701_1,[SPECIAL REPAIR TO INTERNAL ROADS OF OLD ENGR LOC UNDER GE MISSAMARI],01-Sep-2025 02:00 PM,E-IN-C BRANCH - MILITARY ENGINEER SERVICES||CE EC AND CE SILIGURI ZONE - MES||CWE TENGA - MES,29-Sep-2025 06:00 PM,https://defproc.gov.in/nicgep/app?component=%24DirectLink&page=FrontEndLatestActiveCorrigendums&service=direct&session=T&sp=S1hBUlKCCL9MMZmks%2FMYR8A%3D%3D
1647,2025_MES_730353_1,[REPAIRS PAINTING AND REPLACEMENT OF VARIOUS PARTS OF STEEL FURNITURES AND CHARPOY GI IRON FRAME  IP FOLDING AND BED HARD IRON FRAME AT UMROI MIL STN UNDER GE UMROI  ],11-Sep-2025 04:30 PM,E-IN-C BRANCH - MILITARY ENGINEER SERVICES||CE EC AND CE SHILLONG ZONE - MES||CWE Shillong - MES||GE (P) SHILLONG  - MES,02-Oct-2025 06:00 PM,https://etender.up.nic.in/nicgep/app?component=%24DirectLink_0&page=FrontEndAdvancedSearchResult&service=direct&session=T&sp=SfheiOeLyAouWRmP43uH5cA%3D%3D
1648,2025_MES_731085_1,"[REPAIR TO JOINERY, FLOOR, PLASTER, ROOF TREATMENT, ROOF SHEETING, PLUMBING, SANITARY FITTING AND ALLIED B/R WORKS TO MD AND OTM ACCN OF NHO AND CWE (HILLS) DEHRADUN UNDER AGE B/R-III OF GE CLEMENT TOWN]",15-Sep-2025 06:55 PM,E-IN-C BRANCH - MILITARY ENGINEER SERVICES||CE CC AND CE BAREILLY ZONE - MES||CWE HILLS DEHRADUN -  MES||GE (MES) Clement Town - MES,06-Oct-2025 06:00 PM,https://defproc.gov.in/nicgep/app?component=%24DirectLink&page=FrontEndLatestActiveCorrigendums&service=direct&session=T&sp=SnO48%2BoM9kWehXBYRSsaunA%3D%3D
1649,2025_MES_730406_1,[SPECIAL REPAIR REPLACEMENT TO JOINERY PLASTERING WORK TO BLDG NOS 154 AND 155 AT MIL STN GANDHINAGAR],11-Sep-2025 05:00 PM,E-IN-C BRANCH - MILITARY ENGINEER SERVICES||CESC AND CE JODHPUR ZONE - MES||CWE AHMEDABAD - MES||GE GANDHINAGAR - MES,01-Oct-2025 06:00 PM,https://defproc.gov.in/nicgep/app?component=%24DirectLink&page=FrontEndLatestActiveCorrigendums&service=direct&session=T&sp=S3SthGZUCfvh3l%2BMvzZyGCQ%3D%3D
1650,2025_MES_729266_1,[REPAIR AND RECAINING OF VARIOUS CHAIRS AND RE UPHOLSTERY OF SOFA SET AND REPAIR POLISHING OF WOODEN FURNITURE AT RANCHI AND JAMSHEDPUR UNDER GE RANCHI],03-Sep-2025 06:55 PM,E-IN-C BRANCH - MILITARY ENGINEER SERVICES||CE CC AND CE JABALPUR ZONE - MES||CWE RANCHI - MES||GE RANCHI - MES,01-Oct-2025 06:00 PM,https://defproc.gov.in/nicgep/app?component=%24DirectLink&page=FrontEndLatestActiveCorrigendums&service=direct&session=T&sp=SohH2Y4azkjWZ%2BZhim%2Fg0eg%3D%3D
1651,2025_ARMY_732776_1,[Waiting Shed and Bus Stop at Khirmu],29-Sep-2025 09:00 AM,IHQ of MoD (Army)-(OSCC)||Eastern Comd-IHQ of MoD (Army)-(OSCC)||CORPS 1-Eastern Comd-IHQ of MoD (Army)-(OSCC)||DIV B-CORPS1-Eastern Comd-IHQ of MoD,08-Oct-2025 06:00 PM,https://etender.up.nic.in/nicgep/app?component=%24DirectLink_0&page=FrontEndAdvancedSearchResult&service=direct&session=T&sp=SMvrmk3VtCIQCxBeYgsncnA%3D%3D
1652,2025_ARMY_732477_1,[81203/ARV WZT3/MT/0615	],24-Sep-2025 04:05 PM,IHQ of MoD (Army)-(OSCC)||MGO BR-IHQ of MoD (Army)-(OSCC)||ARMY BASE WORKSHOPS-MGO BR-IHQ of MoD(Army)-(OSCC)||507 ABW-IHQ of MoD (Army),30-Sep-2025 09:00 AM,https://etender.up.nic.in/nicgep/app?component=%24DirectLink_0&page=FrontEndAdvancedSearchResult&service=direct&session=T&sp=ScH5Hi6qKgj99nykQT6rGxg%3D%3D
1653,2025_NAVY_731463_1,"[SUPPLY, TESTING, TRIALS OF SELF-CONTAINED UNDERWATER AIR BREATHING APPARATUS, DIVERS UNDERWATER COMMUNICATION SYSTEM AND UNDERWATER DIVERS SEARCH LAMP]",18-Sep-2025 06:00 PM,IHQ of MOD (Navy)||EASTERN NAVAL COMMAND - NAVY||DGNP (V) - NAVY,17-Oct-2025 10:00 AM,https://etender.up.nic.in/nicgep/app?component=%24DirectLink_0&page=FrontEndAdvancedSearchResult&service=direct&session=T&sp=SYfs8%2FOwiRYMtps6H90uDaA%3D%3D
1654,2025_MES_730899_1,"[CERTAIN REPAIRS TO FLOORING, PLASTERING, ROOFING ETC INCLUDING SANITARY AND PLASTERING WORK TO LEFT OVER UNITS AND CENTRAL INSTITUTE UNDER AGE B/R-I, NEW CANTT, PRAYAGRAJ]",15-Sep-2025 12:00 PM,E-IN-C BRANCH - MILITARY ENGINEER SERVICES||CE CC AND CE LUCKNOW ZONE - MES||CWE ALLAHABAD - MES||GE (W) ALLAHABAD - MES,13-Oct-2025 06:00 PM,https://defproc.gov.in/nicgep/app?component=%24DirectLink&page=FrontEndLatestActiveCorrigendums&service=direct&session=T&sp=SqLBs7NNsVWMqnfnL5NbuTA%3D%3D
1655,2025_MES_728703_1,[PROVN OF RCC RETAINING WALL NEAR BLDG NO.P-94 OF MES TYPE-II  GOVT ACCN OF GE DEHRADUN/GE PROJECT/CWE DEHRADUN HELD IN MH DEHRADUN PREMISES UNDER PARA 35 OF DWP 2020 AT DEHRADUN],01-Sep-2025 12:10 PM,E-IN-C BRANCH - MILITARY ENGINEER SERVICES||CE CC AND CE BAREILLY ZONE - MES||CWE DEHRADUN - MES,30-Sep-2025 06:00 PM,https://defproc.gov.in/nicgep/app?component=%24DirectLink&page=FrontEndLatestActiveCorrigendums&service=direct&session=T&sp=So%2Famam3Mp9E%2BocpIsa9M0A%3D%3D
1656,2025_MES_729159_1,"[GE/Token-54/2025-26 TERM CONTRACT FOR ARTIFICER WORKS AT ARJAN VIHAR, PRATAP CHOWK, TAURAS ENCLAVE AND OTHER ADJOINING UNITS OF AGE B/R-II UNDER GE (CENTRAL) DELHI CANTT-10]",03-Sep-2025 06:00 PM,E-IN-C BRANCH - MILITARY ENGINEER SERVICES||CE WC and CE DELHI ZONE-MES||CWE DELHI CANTT-MES||GE (CENTRAL) DELHI CANTT-MES,01-Oct-2025 06:00 PM,https://defproc.gov.in/nicgep/app?component=%24DirectLink&page=FrontEndLatestActiveCorrigendums&service=direct&session=T&sp=SfGcoXE15Gbe8sD4UZSIWYg%3D%3D
1657,2025_MES_729552_1,[SPL REPAIR FOR RENEWAL/ REPLACEMENT OF WOODEN AND STEEL FURNITURE AGAINST SURVEYED OFF AT UMROI MIL STN UNDER GE UMROI],05-Sep-2025 09:00 AM,E-IN-C BRANCH - MILITARY ENGINEER SERVICES||CE EC AND CE SHILLONG ZONE - MES||CWE Shillong - MES,03-Oct-2025 06:00 PM,https://defproc.gov.in/nicgep/app?component=%24DirectLink&page=FrontEndLatestActiveCorrigendums&service=direct&session=T&sp=SeXD4ezl5Rcgt97f25YhHSg%3D%3D
1658,2025_MES_732021_1,[REPAIR/MAINT OF STANDBY DG SETS INSTALLED AT VARIOUS LOCATIONS UNDER AGE E/M-I NDA KHADAKWASLA],22-Sep-2025 09:00 AM,E-IN-C BRANCH - MILITARY ENGINEER SERVICES||CE SC AND CE PUNE ZONE - MES||CWE PUNE - MES||GE KHADAKVASLA - MES,10-Oct-2025 06:00 PM,https://defproc.gov.in/nicgep/app?component=%24DirectLink&page=FrontEndLatestActiveCorrigendums&service=direct&session=T&sp=SrjkG41i%2BPhBQoE8%2FyeljjQ%3D%3D
1659,2025_MES_732470_1,[SPL REPAIR TO BLDG NO  P-110 AND PROVN OF TILES FOR ENTRANCE GATE NEAR TCP AT UMROI MIL STN UNDER GE UMROI.],24-Sep-2025 04:00 PM,E-IN-C BRANCH - MILITARY ENGINEER SERVICES||CE EC AND CE SHILLONG ZONE - MES||CWE Shillong - MES||GE (P) SHILLONG  - MES,15-Oct-2025 06:00 PM,https://etender.up.nic.in/nicgep/app?component=%24DirectLink_0&page=FrontEndAdvancedSearchResult&service=direct&session=T&sp=Sh8oYgWFUn%2FVDy8JZymZv6Q%3D%3D
1660,2025_MES_730736_1,[CLEANING/DESILTING OF SEWAGE LINES TRAPS MANHOLES SEPTIC TANKS ETC AND REPAIR TO DRAIN FOOTPATH FENCING BOUNDARY WALL AND GATES AT CG DHQ 01 CG JETTY AND CGRA DHARAMPUR PORBANDAR UNDER GE (I) CG PORBANDAR],13-Sep-2025 04:00 PM,E-IN-C BRANCH - MILITARY ENGINEER SERVICES||ADG (CG AND PROJECT) CHENNAI AND CE (CG) GOA - MES||GE (CG) PORBANDAR - MES,02-Oct-2025 06:00 PM,https://defproc.gov.in/nicgep/app?component=%24DirectLink&page=FrontEndLatestActiveCorrigendums&service=direct&session=T&sp=SiRspt2WUWDtLf07ZsRRwOw%3D%3D
1661,2025_MES_730652_1,[REPAIRS TO ROOFS AND SUNKEN FLOOR RAIN WATER PIPE AND CERTAIN MISCELLANEOUS B R WORKS AT LRDE CAIR and MES COMPLEX UNDER AGE B R I R AND D WEST BENGALURU],12-Sep-2025 06:30 PM,E-IN-C BRANCH - MILITARY ENGINEER SERVICES||ADG (OF and DRDO) AND CE (R and D) SECUNDERABAD - MES||GE (I) RND (W) BANGALORE - MES||GE (I) RND (W) BANGALORE - MES,11-Oct-2025 06:00 PM,https://defproc.gov.in/nicgep/app?component=%24DirectLink&page=FrontEndLatestActiveCorrigendums&service=direct&session=T&sp=Soor9NOseYMmq%2F2Dxrp9HzA%3D%3D
1662,2025_MES_728740_1,[MAINT OF RESIDENTIAL AND OFFICE ACCN OF DPDO/LAO/ZO PD  IN AOR OF AGE BR-I UNDER GE(WEST)PATHANKOT],01-Sep-2025 03:00 PM,E-IN-C BRANCH - MILITARY ENGINEER SERVICES||CE WC AND CE PATHANKOT ZONE - MES||CWE PATHANKOT - MES||GE (WEST) PATHANKOT - MES,29-Sep-2025 06:00 PM,https://defproc.gov.in/nicgep/app?component=%24DirectLink&page=FrontEndLatestActiveCorrigendums&service=direct&session=T&sp=StDh5Lp72mqT6NwJEyW1%2B2Q%3D%3D
1663,2025_MES_731615_1,"[REPAIR  MAINT OF EXTERNAL WATER DISTRIBUTION PIPE LINES, SLUICE VALVES, NRVs, FOOT VALVE ETC INCL MISC CONNECTED WATER SUPPLY WORKS AND OTHER ELECTRICAL MAINT WORKS IN THE AOR OF AGE E/M MKD UNDER GE (NW) MANKHURD]",18-Sep-2025 06:00 PM,E-IN-C BRANCH - MILITARY ENGINEER SERVICES||CESC AND CE( NAVY )MUMBAI - MES||CWE (SUBURB) MUMBAI - MES||GE (NW) MANKHURD - MES,09-Oct-2025 06:00 PM,https://etender.up.nic.in/nicgep/app?component=%24DirectLink_0&page=FrontEndAdvancedSearchResult&service=direct&session=T&sp=SY9HwgTRaw5AVRLwkvYnPxQ%3D%3D
1664,2025_MES_726732_2,"[REPAIR TO BOUNDARY WALL, GATE, FENCING, DRAIN AND ALLIED WORKS OF C1, C1A, C2A, C2B AND FAFA UNDER GE (EAST) MATHURA]",17-Sep-2025 12:00 PM,E-IN-C BRANCH - MILITARY ENGINEER SERVICES||CE SWC AND CE JAIPUR JAIPUR - MES||CWE Mathura - MES||GE (E) Mathura - MES,07-Oct-2025 06:00 PM,https://etender.up.nic.in/nicgep/app?component=%24DirectLink_0&page=FrontEndAdvancedSearchResult&service=direct&session=T&sp=Sq6k8Ofly2vVGuMkhTwkehg%3D%3D
1665,2025_DGDE_730841_1,"[Arrangement  of Boat, Shamiyana, Banner and video graphy arrangement at Ganga Ghat Danapur Cantt]",13-Sep-2025 05:00 PM,Directorate General Defence Estates||Principal Directorate Defence Estates- Central Command Lucknow||Cantonment Board Danapur- CC Lucknow,01-Oct-2025 03:00 PM,https://etender.up.nic.in/nicgep/app?component=%24DirectLink_0&page=FrontEndAdvancedSearchResult&service=direct&session=T&sp=SH%2FTorDG%2F0D9rQsbGC%2BqbTA%3D%3D
1666,2025_MES_732026_1,[REPAIRS TO BOUNDARY WALL OF KV-01 AT AFS PUNE UNDER GE AF LOHEGAON],22-Sep-2025 10:00 AM,E-IN-C BRANCH - MILITARY ENGINEER SERVICES||CE SWC AND CE (AF) GANDHINAGAR - MES||CWE (AF) LOHOGAON - MES||GE (AF) LOHOGAON - MES,11-Oct-2025 06:00 PM,https://defproc.gov.in/nicgep/app?component=%24DirectLink&page=FrontEndLatestActiveCorrigendums&service=direct&session=T&sp=SvyNnd8w7KhH25BPdkS1E%2Bw%3D%3D
1667,2024_MES_685450_4,[ADDN/ ALTN AND SPECIAL REPAIRS TO ROAD AT RANGAPAHAR MILITARY STATION],13-Sep-2025 11:00 AM,E-IN-C BRANCH - MILITARY ENGINEER SERVICES||CE EC AND CE SHILLONG ZONE - MES||CWE HQ 137 WE - MES,04-Oct-2025 06:00 PM,https://defproc.gov.in/nicgep/app?component=%24DirectLink&page=FrontEndLatestActiveCorrigendums&service=direct&session=T&sp=SeUC7TqwhfKe0HPtzZcp0Gg%3D%3D
1668,2025_MES_730445_1,[ADDN ALTN TO PERIMETER SECURITY WALL WITH CONCERTINA COIL ON TOP AT FORT WILLIAM UNDER GE FW KOLKATA],11-Sep-2025 06:00 PM,E-IN-C BRANCH - MILITARY ENGINEER SERVICES||CE EC AND CE KOLKATA ZONE - MES,10-Oct-2025 06:00 PM,https://defproc.gov.in/nicgep/app?component=%24DirectLink&page=FrontEndLatestActiveCorrigendums&service=direct&session=T&sp=SCkdTdZJMYwGJPvGAP6FKGQ%3D%3D
1669,2025_MES_731762_1,"[REPAIR/MAINTENANCE OF CHLORONOME PLANT, DOSING PUMP SET, SOLAR WATER HEATER OF DIFFERENT CAPACITY LT PANEL ASTRONOMICAL TIMER PANEL AND OTHER MISC WORKS UNDER GE (SOUTH) MAMUN]",20-Sep-2025 09:00 AM,E-IN-C BRANCH - MILITARY ENGINEER SERVICES||CE WC AND CE PATHANKOT ZONE - MES||CWE MAMUN - MES||GE(SOUTH) MAMUN - MES,11-Oct-2025 06:00 PM,https://defproc.gov.in/nicgep/app?component=%24DirectLink&page=FrontEndLatestActiveCorrigendums&service=direct&session=T&sp=SFX083%2FkG6Y6V%2BbwlxIevJw%3D%3D
1670,2025_MES_731953_1,"[PERIODICAL SERVICES TO CERTAIN BLDGS OF MAP QTRS AT VIMAN NAGAR, CHANDAN NAGAR UNDER AGE B/R-II OF GE(AF) LOHEGAON AT 2 WING AF STATION PUNE]",20-Sep-2025 03:00 PM,E-IN-C BRANCH - MILITARY ENGINEER SERVICES||CE SWC AND CE (AF) GANDHINAGAR - MES||CWE (AF) LOHOGAON - MES||GE (AF) LOHOGAON - MES,09-Oct-2025 06:00 PM,https://etender.up.nic.in/nicgep/app?component=%24DirectLink_0&page=FrontEndAdvancedSearchResult&service=direct&session=T&sp=SiKaFy%2BGS83DydsLD7sfumA%3D%3D
1671,2025_MES_728616_1,[SPL REPAIR TO ROAD AT RASPUNJA MIL CAMP  UNDER GE(C) KOLKATA ],30-Aug-2025 02:00 PM,E-IN-C BRANCH - MILITARY ENGINEER SERVICES||CE EC AND CE KOLKATA ZONE - MES||CWE KOLKATA - MES,29-Sep-2025 06:00 PM,https://defproc.gov.in/nicgep/app?component=%24DirectLink&page=FrontEndLatestActiveCorrigendums&service=direct&session=T&sp=SyTgJUEq%2FuJWsimD%2F2NGb5w%3D%3D
1672,2025_MES_728473_1,[ADDITION ALTERATION PROVISION OF SECURITY INFRASTRUCTURE AT AF STN AVADI],02-Sep-2025 04:00 PM,E-IN-C BRANCH - MILITARY ENGINEER SERVICES||CE SC AND CE CHENNAI ZONE  - MES,07-Oct-2025 06:00 PM,https://defproc.gov.in/nicgep/app?component=%24DirectLink&page=FrontEndLatestActiveCorrigendums&service=direct&session=T&sp=S6cxiK1Jg6Hjsmyr%2F9zaNMg%3D%3D
1673,2025_MES_729122_1,[PROVISION OF STP FOR OTM ACCN FOR 212 STUDENT INCL 105 ACCN WITH SPECIAL ITEMS OF WORKS FOR STUDENT OFFRS OF FOREIGN COUNTRIES AT INFANTRY SCHOOL MHOW],03-Sep-2025 05:00 PM,E-IN-C BRANCH - MILITARY ENGINEER SERVICES||CE CC AND CE JABALPUR ZONE - MES||CWE MHOW - MES,02-Oct-2025 06:00 PM,https://defproc.gov.in/nicgep/app?component=%24DirectLink&page=FrontEndLatestActiveCorrigendums&service=direct&session=T&sp=SqnSBL%2FE1uJFLCYy1ZLAO0w%3D%3D
1674,2025_MES_728719_1,"[SPECIAL REPAIRS TO ROAD FROM MAIN GATE TO P/33 (POWER HOUSE) AT 172 INF BN (TA) MADRAS, CINCAN LAND (ARMY), CAMPBELL BAY UNDER GE (I) CAMPBELL BAY]",01-Sep-2025 01:00 PM,E-IN-C BRANCH - MILITARY ENGINEER SERVICES||CE SC AND CE (A and N) ZONE - MES||GE (I) CAMPBELL BAY - MES,29-Sep-2025 06:00 PM,https://defproc.gov.in/nicgep/app?component=%24DirectLink&page=FrontEndLatestActiveCorrigendums&service=direct&session=T&sp=SGeF7LOebg%2F6xTCZZuHKUYg%3D%3D
1675,2024_MES_675331_1,[PROVISION OF OTM ACCOMMODATION AT HAYULIANG UNDER GE P LOHITPUR],19-Sep-2024 02:00 PM,E-IN-C BRANCH - MILITARY ENGINEER SERVICES||CE EC AND CE SHILLONG ZONE - MES,16-Oct-2025 06:00 PM,https://defproc.gov.in/nicgep/app?component=%24DirectLink&page=FrontEndLatestActiveCorrigendums&service=direct&session=T&sp=S3RcD4iUuqGbSZM713bYw8Q%3D%3D
1676,2025_ICG_733170_1,[344/161/25/25-26],29-Sep-2025 02:00 PM,Indian Coast Guard||CG Commander Western SeaBoard||RHQs (NW)||CG DHQ-1 PORBANDAR,07-Oct-2025 10:00 AM,https://etender.up.nic.in/nicgep/app?component=%24DirectLink_0&page=FrontEndAdvancedSearchResult&service=direct&session=T&sp=SpcJafyguGtKKHr0EU9AwsQ%3D%3D
1677,2025_MES_729018_1,[8635 SPL REPAIR TO BLDG NO 96/01 TO 96/14 (ORS MD ACCN) AT ZOZILA LINE UNDER GE (CENTRAL) PUNE],02-Sep-2025 06:00 PM,E-IN-C BRANCH - MILITARY ENGINEER SERVICES||CE SC AND CE PUNE ZONE - MES||CWE PUNE - MES||GE (C) PUNE - MES,30-Sep-2025 06:00 PM,https://defproc.gov.in/nicgep/app?component=%24DirectLink&page=FrontEndLatestActiveCorrigendums&service=direct&session=T&sp=Sfj%2FFuyOo7ZoGZNx6y6sKhg%3D%3D
1678,2025_MES_728972_1,[ADDN/ ALTN TO BLDG NO-P-29 OR MD ACCN AT AHRR HOSPITAL UNDER GE E/M RR HOSP. DELHI CANTT-10],02-Sep-2025 06:00 PM,E-IN-C BRANCH - MILITARY ENGINEER SERVICES||CE WC and CE DELHI ZONE-MES||CWE NEW DELHI-MES||GE E/M (RR) HOSPITAL DELHI CNATT-MES,30-Sep-2025 06:00 PM,https://defproc.gov.in/nicgep/app?component=%24DirectLink&page=FrontEndLatestActiveCorrigendums&service=direct&session=T&sp=SnJYPzmoX45lTC8s2u0ZKxQ%3D%3D
1679,2025_MES_731458_1,"[REPAIR / MAINT OF FIRE FIGHTING PIPELINES, HYDRANTS, VALVES, PUMPS, CONTROL PANELS/ CABLES AND OTHER CONNECTED WORKS AT INS HANSA UNDER GE (NW) VASCO]",18-Sep-2025 06:00 PM,E-IN-C BRANCH - MILITARY ENGINEER SERVICES||CESC AND CE( NAVY )MUMBAI - MES||CWE NAVY VASCO - MES,09-Oct-2025 06:00 PM,https://etender.up.nic.in/nicgep/app?component=%24DirectLink_0&page=FrontEndAdvancedSearchResult&service=direct&session=T&sp=SWCp1arpBu35yLjmpPNojFw%3D%3D
1680,2025_MES_721047_1,[PROVN OF STORAGE SHEDS UNDER GE (N) UDHAMPUR],17-Jul-2025 06:30 PM,E-IN-C BRANCH - MILITARY ENGINEER SERVICES||CE NC AND CE UDHAMPUR ZONE - MES,11-Oct-2025 06:00 PM,https://defproc.gov.in/nicgep/app?component=%24DirectLink&page=FrontEndLatestActiveCorrigendums&service=direct&session=T&sp=SO4SzGgathsamXsE%2F4o7cwA%3D%3D
1681,2025_MES_729390_1,[PROVN OF HT BREAKER AT LOWER PUMP HOUSE UNDER AGE (I) RAIWALA AT RAIWALA MIL STN],04-Sep-2025 05:00 PM,E-IN-C BRANCH - MILITARY ENGINEER SERVICES||CE CC AND CE BAREILLY ZONE - MES||CWE HILLS DEHRADUN -  MES,03-Oct-2025 06:00 PM,https://defproc.gov.in/nicgep/app?component=%24DirectLink&page=FrontEndLatestActiveCorrigendums&service=direct&session=T&sp=SXZ4H%2B2rNYkCTwPgYUsvEkg%3D%3D
1682,2025_DRDO_730414_1,[Boron Doping Services with Boron Set Up],11-Sep-2025 05:00 PM,Department of Defence Research and Development||Defence Research and Development Organisation||DFMM||Office of DG (MED and COS)||SSPL,14-Oct-2025 02:00 PM,https://etender.up.nic.in/nicgep/app?component=%24DirectLink_0&page=FrontEndAdvancedSearchResult&service=direct&session=T&sp=SgvQqBIXOCxNyjbH0nfzrDQ%3D%3D
1683,2025_MES_731792_1,[Soil investigation and data collection for Construction of FOL storage Bldg with allied Infra at  Drugmulla Grn under GE 874 EWS],19-Sep-2025 05:30 PM,E-IN-C BRANCH - MILITARY ENGINEER SERVICES||CE NC AND CE 31 ZONE - MES||133 WORKS ENGINEER - MES||GE 874 EWS - MES,30-Sep-2025 06:00 PM,https://etender.up.nic.in/nicgep/app?component=%24DirectLink_0&page=FrontEndAdvancedSearchResult&service=direct&session=T&sp=SdiwTwSxw0d80Ucbh89nHyg%3D%3D
1684,2025_MES_729902_1,[REPAIR REPLACEMENT OF CORRODED CI PIPE LINES TO DI PIPELINES AND REPAIR MAINTENANCE TO DISINFECTION SYSTEM CLEANING OF OVERHEAD RESERVOIR AND UG SUMPS UNDER GE I GOS],09-Sep-2025 06:00 PM,E-IN-C BRANCH - MILITARY ENGINEER SERVICES||CE CC AND CE JABALPUR ZONE - MES||GE (I) GOS - MES||GE I GOPALPUR ON SEA - MES,10-Oct-2025 06:00 PM,https://defproc.gov.in/nicgep/app?component=%24DirectLink&page=FrontEndLatestActiveCorrigendums&service=direct&session=T&sp=SYyPTN85s80dc2eRKcNYLNg%3D%3D
1685,2025_MES_730408_1,[REPAIRS REPLACEMENT SERVICING TO HT SWITCH GEARS 66 KV 11 KV SF6  VCB  OCB AND OVERHAULING OF 66  11 KV TRANSFORMERS AT 66 KV MRS I AND II UNDER GE  I  R AND D EAST BANGALORE],17-Sep-2025 02:00 PM,E-IN-C BRANCH - MILITARY ENGINEER SERVICES||ADG (OF and DRDO) AND CE (R and D) SECUNDERABAD - MES||GE (I) RND (E) BANGALORE - MES,06-Oct-2025 06:00 PM,https://defproc.gov.in/nicgep/app?component=%24DirectLink&page=FrontEndLatestActiveCorrigendums&service=direct&session=T&sp=SaBIyMRbOM0hGVgmY773ILw%3D%3D
1686,2025_MES_723044_2,[PROVISION OF ARBORICULTURE AND RAIN WATER HARVESTING FOR CONSTRUCTION OF KENDRIYA VIDYALAYA AT CAD PULGAON],04-Sep-2025 06:00 PM,E-IN-C BRANCH - MILITARY ENGINEER SERVICES||CESC AND CE BHOPAL ZONE  - MES||CWE NAGPUR - MES,30-Sep-2025 06:00 PM,https://defproc.gov.in/nicgep/app?component=%24DirectLink&page=FrontEndLatestActiveCorrigendums&service=direct&session=T&sp=Sh6ivFuPt8w0XirY8xM83Lg%3D%3D
1687,2025_MES_729107_1,"[REPAIR / MAINT OF HEATING APPLIANCES, EXHAUST FAN REFRIGERATON AND INTERNAL ELECTRIFICATION OF MD ACCN MES AREA AT JALAPAHAR AND KATAPAHAR UNDER AGE(I) DARJEELING ]",03-Sep-2025 12:00 PM,E-IN-C BRANCH - MILITARY ENGINEER SERVICES||CE EC AND CE SILIGURI ZONE - MES||HQ 136 WORKS ENGINEERS - MES,03-Oct-2025 06:00 PM,https://defproc.gov.in/nicgep/app?component=%24DirectLink&page=FrontEndLatestActiveCorrigendums&service=direct&session=T&sp=SSsvO3S7FnG1%2FT2Sb0MNn7g%3D%3D
1688,2025_MES_731745_1,[Replacement/Repair of chequered tiles and inter locking paver block of path and surrounding passage of MES Installation under AOR of AGE E/S-II and AGE W/S-II area under AGE(I)(U) B/R Delhi Cantt-10],19-Sep-2025 04:00 PM,E-IN-C BRANCH - MILITARY ENGINEER SERVICES||CE WC and CE DELHI ZONE-MES||CWE (U) DELHI CANTT-MES||AGE (I)(U) B and R DELHI CNATT-MES,10-Oct-2025 06:00 PM,https://etender.up.nic.in/nicgep/app?component=%24DirectLink_0&page=FrontEndAdvancedSearchResult&service=direct&session=T&sp=SUwMWCMzbxow3F4qY8H6oLA%3D%3D
1689,2025_MES_730434_1,"[81192/E8 PROVISION FOR STANDBY HT UG CABLE AND CONNECTED WORK AND DG SET AT INHS DHANVANTARI UNDER AGE E/M-I OF GE MINNIEBAY, SRI VIJAYA PURAM]",11-Sep-2025 06:00 PM,E-IN-C BRANCH - MILITARY ENGINEER SERVICES||CE SC AND CE (A and N) ZONE - MES||CWE PORTBLAIR - MES,06-Oct-2025 06:00 PM,https://defproc.gov.in/nicgep/app?component=%24DirectLink&page=FrontEndLatestActiveCorrigendums&service=direct&session=T&sp=S6zNcDAccS5vqPSMIJPuRTg%3D%3D
1690,2025_MES_729277_1,[FOR SPECIAL REPAIRS REPLACEMENT ADDN ALTN POLES AND UG CABLES OF BOUNDARY SECURITY POST OF 14 FAD UNDER GE NARANGI],04-Sep-2025 09:00 AM,E-IN-C BRANCH - MILITARY ENGINEER SERVICES||CE EC AND CE SHILLONG ZONE - MES||CWE Shillong - MES||GE NARANGI - MES,01-Oct-2025 06:00 PM,https://defproc.gov.in/nicgep/app?component=%24DirectLink&page=FrontEndLatestActiveCorrigendums&service=direct&session=T&sp=S%2FTDJMQlpRRQu3T%2Bo9Ds8sg%3D%3D
1691,2025_MES_732676_1,[PROVISION OF LED SOLAR LIGHTS FOR PERIMETER FENCING AT SASF ODIANWALI AT FAZILKA MIL STATION.],26-Sep-2025 09:00 AM,E-IN-C BRANCH - MILITARY ENGINEER SERVICES||CE SWC AND CE BATHINDA ZONE - MES||CWE GANGANAGAR - MES||GE ABOHAR -  MES,10-Oct-2025 06:00 PM,https://defproc.gov.in/nicgep/app?component=%24DirectLink&page=FrontEndLatestActiveCorrigendums&service=direct&session=T&sp=S83nJUqpqjtEIrsYxMImDmw%3D%3D
1692,2025_MES_729924_1,[REPAIRS TO JOINERY AND KITCHEN CABINET IN THE AREA OF AGE B/R-I UNDER GE (WEST) JABALPUR],09-Sep-2025 03:00 PM,E-IN-C BRANCH - MILITARY ENGINEER SERVICES||CE CC AND CE JABALPUR ZONE - MES||CWE JABALPUR - MES||GE (W) JABALPUR - MES,30-Sep-2025 06:00 PM,https://defproc.gov.in/nicgep/app?component=%24DirectLink&page=FrontEndLatestActiveCorrigendums&service=direct&session=T&sp=SOfxzoSra706Qo%2BQWOweLQg%3D%3D
1693,2025_MES_730587_1,"[8630/E8- REPAIR / MAINT OF STREET LIGHTS, PERIMETER LIGHTS, BOLLARD LIGHTS, EXTERNAL LIGHT FITTIGS AND CONNECTED WORKS UNDER AGE E/M-II OF GE MINNIEBAY, SRI VIJAYA PURAM]",13-Sep-2025 09:00 AM,E-IN-C BRANCH - MILITARY ENGINEER SERVICES||CE SC AND CE (A and N) ZONE - MES||CWE PORTBLAIR - MES||GE MINNIE BAY PORTBLAIR - MES,04-Oct-2025 06:00 PM,https://defproc.gov.in/nicgep/app?component=%24DirectLink&page=FrontEndLatestActiveCorrigendums&service=direct&session=T&sp=SiAYO2yWtdmsoLdWlPGWkZQ%3D%3D
1694,2025_MES_730057_1,"[CLEANING OF OH AND UG SUMPS, PUMP HOUSES INCL PAINTING, AREA DEVELOPMENT AND SOME ALLIED WORKS IMPROVEMENTAL  AT BARRACKPORE CANTT UNDER GE BARRACKPORE]",09-Sep-2025 06:00 PM,E-IN-C BRANCH - MILITARY ENGINEER SERVICES||CE EC AND CE KOLKATA ZONE - MES||CWE (SUBURB) BARRACKPORE - MES||GE BARRACKPORE - MES,30-Sep-2025 06:00 PM,https://defproc.gov.in/nicgep/app?component=%24DirectLink&page=FrontEndLatestActiveCorrigendums&service=direct&session=T&sp=Sv1uNMAPFGrGEJzWs%2BDkMVw%3D%3D
1695,2025_MES_730020_1,[PROVN OF STORAGE SHED AND CERTAIN OTHER WORKS IN TECH AREA AT AF STN NAL],09-Sep-2025 04:30 PM,E-IN-C BRANCH - MILITARY ENGINEER SERVICES||CE WC and CE(AF) WAC PALAM-MES||CWE (AF) Bikaner-MES||GE (AF) Nal-MES,29-Sep-2025 06:00 PM,https://defproc.gov.in/nicgep/app?component=%24DirectLink&page=FrontEndLatestActiveCorrigendums&service=direct&session=T&sp=SRLCfRnE%2B2juuRvdBZhehdw%3D%3D
1696,2025_MES_729967_1,"[PROVN OF HIGH WALL ENCLOSURE OPPOSITE TO MAIN GATE, PROVN OF RAISED PLATFORM FOR GUARD NEAR MAIN GATE AND CERTAIN REPAIRS TO ROOF AND MISC WORKS IN DOMESTIC AREA AT AFS ADAMPUR]",09-Sep-2025 03:00 PM,E-IN-C BRANCH - MILITARY ENGINEER SERVICES||CE WC and CE(AF) WAC PALAM-MES||CWE (AF) Chandigarh-MES||GE (AF) Adampur-MES,29-Sep-2025 06:00 PM,https://defproc.gov.in/nicgep/app?component=%24DirectLink&page=FrontEndLatestActiveCorrigendums&service=direct&session=T&sp=SHqDXuLR9RmI2GY2IFahnAw%3D%3D
1697,2025_MES_724124_2,[REPAIR OF VARIOUS TYPES OF WOODEN FURNITURE HELD WITH GE (WEST) JABALPUR],02-Sep-2025 05:00 PM,E-IN-C BRANCH - MILITARY ENGINEER SERVICES||CE CC AND CE JABALPUR ZONE - MES||CWE JABALPUR - MES||GE (W) JABALPUR - MES,30-Sep-2025 06:00 PM,https://defproc.gov.in/nicgep/app?component=%24DirectLink&page=FrontEndLatestActiveCorrigendums&service=direct&session=T&sp=SbmQitse6JvM53be%2BnkSrFA%3D%3D
1698,2025_MES_700143_4,[PROVISION OF SOLID WASTE MGT PLANT UNDER    GE  I GOS],29-Aug-2025 06:00 PM,E-IN-C BRANCH - MILITARY ENGINEER SERVICES||CE CC AND CE JABALPUR ZONE - MES||GE (I) GOS - MES||GE I GOPALPUR ON SEA - MES,02-Oct-2025 06:00 PM,https://defproc.gov.in/nicgep/app?component=%24DirectLink&page=FrontEndLatestActiveCorrigendums&service=direct&session=T&sp=SCt%2B%2BXB2dvkvkItphF0JI4A%3D%3D
1699,2025_MES_728865_1,[SPL REPAIR TO BLDG NO P-201 (ADM BLOCK) OF 12 JAT AT BHAGAT LINES UNDER AGE B/R-III AND AGE E/M-II OF GE (SOUTH) MEERUT CANTT],02-Sep-2025 06:00 PM,E-IN-C BRANCH - MILITARY ENGINEER SERVICES||CE CC AND CE BAREILLY ZONE - MES||CWE No 2 MEERUT - MES||GE (SOUTH) MEERUT - MES,03-Oct-2025 06:00 PM,https://defproc.gov.in/nicgep/app?component=%24DirectLink&page=FrontEndLatestActiveCorrigendums&service=direct&session=T&sp=SCm0s1dpSW7lz4VXBBT0jHQ%3D%3D
1700,2025_MES_729543_1,[82678 PROVISION OF FURNITURE FOR DEFICIENT SINGLE SAILORS LIVING ACCN (APPROX 157 MEN) AT INS ADYAR UNDER AGE(I) NAVY CHENNAI],05-Sep-2025 09:00 AM,E-IN-C BRANCH - MILITARY ENGINEER SERVICES||CE EC AND CE (NAVY) VIZAG - MES||CWE (Navy) Chennai - MES,02-Oct-2025 06:00 PM,https://defproc.gov.in/nicgep/app?component=%24DirectLink&page=FrontEndLatestActiveCorrigendums&service=direct&session=T&sp=Sqw02B4o4%2F58e9EZF1VVjNQ%3D%3D
1701,2025_MES_729433_1,[MAINTENANCE OF LIFT (AMC) AT MAP PH-II (100 OR MD ACCN) DOMLUR UNDER GE (CENTRAL) BANGALORE],04-Sep-2025 05:00 PM,E-IN-C BRANCH - MILITARY ENGINEER SERVICES||CE SC AND CE CHENNAI ZONE  - MES||CWE (ARMY) BANGALORE - MES,02-Oct-2025 06:00 PM,https://defproc.gov.in/nicgep/app?component=%24DirectLink&page=FrontEndLatestActiveCorrigendums&service=direct&session=T&sp=S4%2BBruPOsiJLNRiN3wkDM4w%3D%3D
1702,2025_MES_728288_1,[SPECIAL REPAIR OF ROAD IN OTM ACCN OF XXXXX AT MIL STN AGARTALA],28-Aug-2025 06:40 PM,E-IN-C BRANCH - MILITARY ENGINEER SERVICES||CE EC AND CE SHILLONG ZONE - MES||CWE HQ 137 WE - MES,04-Oct-2025 06:55 PM,https://defproc.gov.in/nicgep/app?component=%24DirectLink&page=FrontEndLatestActiveCorrigendums&service=direct&session=T&sp=S%2F2Njl2ewmyqxcuHgpmqbng%3D%3D
1703,2025_MES_728658_1,"[PROVISION OF WOODEN FURNITURE FOR SOs RECREATION ROOM, TRAINING HALL, CGPRT ADMIN BUILDING AND RECRUITMENT CENTRE AT CHENNAI UNDER GE(I) CG CHENNAI]",30-Aug-2025 06:30 PM,E-IN-C BRANCH - MILITARY ENGINEER SERVICES||ADG (PROJECTS) CHENNAI AND CE (CG) VISAKHAPATNAM - MES||GE (I) CG CHENNAI - MES,29-Sep-2025 06:55 PM,https://defproc.gov.in/nicgep/app?component=%24DirectLink&page=FrontEndLatestActiveCorrigendums&service=direct&session=T&sp=S6rCmHFPNI%2BIrBzg%2B1rvUkg%3D%3D
1704,2025_MES_709194_3,[DEMOLITION AND RE-CONSTRUCTION OF PERIMETER WALL FROM CHILDREN PARK TO BLDG NO P-35 AT AF STN JAIPUR],17-Sep-2025 10:00 AM,E-IN-C BRANCH - MILITARY ENGINEER SERVICES||CE SWC AND CE (AF) GANDHINAGAR - MES||CWE (AF) JODHPUR - MES,01-Oct-2025 06:00 PM,https://etender.up.nic.in/nicgep/app?component=%24DirectLink_0&page=FrontEndAdvancedSearchResult&service=direct&session=T&sp=Sm9%2FDqOytvJRJ7897x447CQ%3D%3D
1705,2025_MES_733056_1,[REPAIR MAINT OF FIRE HYDRANT FIRE FIGHTING SYSTEM FIRE PUMP AND MOTOR AND OTHER ALLIED WORKS AT DIAT DU  MILIT GIRINAGAR PUNE 25],27-Sep-2025 04:00 PM,E-IN-C BRANCH - MILITARY ENGINEER SERVICES||ADG (OF and DRDO) AND CE (R and D) SECUNDERABAD - MES||GE (I) RND GIRINAGAR - MES,20-Oct-2025 06:00 PM,https://etender.up.nic.in/nicgep/app?component=%24DirectLink_0&page=FrontEndAdvancedSearchResult&service=direct&session=T&sp=SbE%2B%2Ben3YW%2BXYGIj1QzxRAw%3D%3D
1706,2025_MES_729951_1,"[REPAIR  OF DEFECTIVE ITEMS OF EARTHINGS, SIGNAGE BOARD,AIRFIELD CABLES, MCB AT 2WING, REPAIR MAINT TO COOLING APPLIANCES, WINDOW,SPLIT AC, DEEP FREEZER,DESERT COOLER AND MISC ITEMS AT 9BRD AFS PUNE UNDER GE(AF) LOHEGAON]",09-Sep-2025 01:30 PM,E-IN-C BRANCH - MILITARY ENGINEER SERVICES||CE SWC AND CE (AF) GANDHINAGAR - MES||CWE (AF) LOHOGAON - MES||GE (AF) LOHOGAON - MES,29-Sep-2025 06:00 PM,https://defproc.gov.in/nicgep/app?component=%24DirectLink&page=FrontEndLatestActiveCorrigendums&service=direct&session=T&sp=S7%2BK1nIqMQSd38AlTKKZyYA%3D%3D
1707,2025_MES_730685_1,[SPL REP WKS IN BLDG NO S8 M05 AND M07 AT ADHOC TRANSIT CAMP OF 18 SIKH LI SAPPER PROVN OF 06 GARBAGE PIT AT NYUKMDUNG SAPPER COY LOC ADHOC TRANSIT CAMP PROVN OF STORE SHELTER FOR 29 GR AND PROVN OF JCOS LIVING AT 2 9 GR UNDER GE 859 EWS],13-Sep-2025 09:00 AM,E-IN-C BRANCH - MILITARY ENGINEER SERVICES||CE EC AND CE SILIGURI ZONE - MES||CWE TENGA - MES||GE 859 EWS - MES,04-Oct-2025 06:00 PM,https://etender.up.nic.in/nicgep/app?component=%24DirectLink_0&page=FrontEndAdvancedSearchResult&service=direct&session=T&sp=Sw8%2F%2FLmIUDVPHzuWCSLsIjQ%3D%3D
1708,2025_MES_730749_1,"[REPAIR/ MAINTENANCE OF CENTRIFUGAL/ MONOBLOCK/ SUBMERSIBLE ALLIED WORK WATER SUPPLY WORKS IN OMQ  TECHNICAL AREA  MAINT/ CLEANING OF SEWAGE 1, 2  CONNECTED ITEMS AT AF STN BHISIANA]",13-Sep-2025 06:00 PM,E-IN-C BRANCH - MILITARY ENGINEER SERVICES||CE WC and CE(AF) WAC PALAM-MES||CWE(AF) BHISIANA - MES||GE(AF) BHISIANA - MES,06-Oct-2025 06:00 PM,https://etender.up.nic.in/nicgep/app?component=%24DirectLink_0&page=FrontEndAdvancedSearchResult&service=direct&session=T&sp=SMrkrmtoLNxB%2F8ZaCqwOM8g%3D%3D
1709,2025_MES_731683_1,"[REPAIR TO ROAD, PARAPET, ROAD FURNITURE AND INTERLOCKING  PAVER BLOCKS AT AF STN BHOWALI]",19-Sep-2025 06:00 PM,E-IN-C BRANCH - MILITARY ENGINEER SERVICES||CE CC AND CE (AF) ALLAHABAD - MES||CWE (AF) IZATNAGAR - MES,08-Oct-2025 06:00 PM,https://etender.up.nic.in/nicgep/app?component=%24DirectLink_0&page=FrontEndAdvancedSearchResult&service=direct&session=T&sp=SUWiTXLK6TtXbzStb0lK54g%3D%3D
1710,2025_MES_729567_1,[REPAIR REPLACEMENT OF SUBMAIN WIRING MCB MCCBs DBs FIXTURES AND FITTING AND CONNECTED WORKS AT MD ACCN OF SERVICE CENTRE NO 3 UNDER GE I R AND D WEST BANGALORE],05-Sep-2025 02:00 PM,E-IN-C BRANCH - MILITARY ENGINEER SERVICES||ADG (OF and DRDO) AND CE (R and D) SECUNDERABAD - MES||GE (I) RND (W) BANGALORE - MES||GE (I) RND (W) BANGALORE - MES,29-Sep-2025 06:00 PM,https://defproc.gov.in/nicgep/app?component=%24DirectLink&page=FrontEndLatestActiveCorrigendums&service=direct&session=T&sp=SoOZVdqNB%2FUCxipUmwSdluw%3D%3D
1711,2025_IAF_725457_1,[PROCUREMENT OF EAX/FE CARTS FOR MIRAGE AIRCRAFT],11-Aug-2025 05:00 PM,Indian Air Force||AOM NEW DELHI - IAF||ACAS (Procurement) - IAF||D Procurement - IAF,03-Nov-2025 03:00 PM,https://defproc.gov.in/nicgep/app?component=%24DirectLink&page=FrontEndLatestActiveCorrigendums&service=direct&session=T&sp=SjpFbCpwDECB9r5H3%2BmdONA%3D%3D
1712,2025_MES_719156_1,[PROVN OF 20 ORS LIVING ACCN ALONGWITH TOILET AND BATHROOM NEAR BLDG NO T59 OF AT GRTE UNDER GE BENGDUBI],08-Jul-2025 02:30 PM,E-IN-C BRANCH - MILITARY ENGINEER SERVICES||CE EC AND CE SILIGURI ZONE - MES||CWE BENGDUBI - MES,08-Oct-2025 06:00 PM,https://defproc.gov.in/nicgep/app?component=%24DirectLink&page=FrontEndLatestActiveCorrigendums&service=direct&session=T&sp=S9EqptK41s9U7f33lIFUVww%3D%3D
1713,2025_MES_730664_1,[ADDN/ALTN TO CERTAIN SMQ AT AF STN CHANDIGARH UNDER GE (AF) CHANDIGARH.],12-Sep-2025 06:00 PM,E-IN-C BRANCH - MILITARY ENGINEER SERVICES||CE WC and CE(AF) WAC PALAM-MES||CWE (AF) Chandigarh-MES||GE (AF) Chandigarh-MES,06-Oct-2025 06:00 PM,https://defproc.gov.in/nicgep/app?component=%24DirectLink&page=FrontEndLatestActiveCorrigendums&service=direct&session=T&sp=Sp%2FNuuuTr22FqKmz7LQKQ8w%3D%3D
1714,2025_MES_730840_1,[PROVN OF 03  HIGH MAST LAMPS IN TRG AREA OF BRC DANAPUR AND UPGRADATION OF EXTERNAL ELECTRIC SUPPLY AT ALBERT EKKA ROAD KR ENCLAVE AND CONNECTED AREA UNDER GE DANAPUR CANTT ],13-Sep-2025 05:00 PM,E-IN-C BRANCH - MILITARY ENGINEER SERVICES||CE CC AND CE JABALPUR ZONE - MES||CWE RANCHI - MES||GE DANAPUR - MES,06-Oct-2025 06:00 PM,https://etender.up.nic.in/nicgep/app?component=%24DirectLink_0&page=FrontEndAdvancedSearchResult&service=direct&session=T&sp=SfzdDLXgAqCrM4ib4uqod7Q%3D%3D
1715,2025_MES_732070_1,"[COMPREHENSIVE MAINTENANCE OF  CENTRAL  AC PLANT, CONDENSOR PUMP, ELECTRIC PANEL AND OTHER CONNECTED  WORK AT AF STN BKT]",22-Sep-2025 06:00 PM,E-IN-C BRANCH - MILITARY ENGINEER SERVICES||CE CC AND CE (AF) ALLAHABAD - MES||CWE (AF) IZATNAGAR - MES,11-Oct-2025 06:00 PM,https://etender.up.nic.in/nicgep/app?component=%24DirectLink_0&page=FrontEndAdvancedSearchResult&service=direct&session=T&sp=Sc3B%2BjfRcaHoNnzO%2FReJ7Tw%3D%3D
1716,2025_MES_726797_1,"[REPAIR/MAINT TO CHLORONOME PLANT, PUMP SETS AND BOREWELLS AND REPAIR AT WATER SUPPLY INSTALLATION AT AF STN AGRA UNDER GE (AF) TECH AREA AGRA]",04-Sep-2025 04:00 PM,E-IN-C BRANCH - MILITARY ENGINEER SERVICES||CE CC AND CE (AF) ALLAHABAD - MES||CWE (AF) KHERIA - MES||GE (AF) TECH AREA KHERIA - MES,03-Oct-2025 06:00 PM,https://defproc.gov.in/nicgep/app?component=%24DirectLink&page=FrontEndLatestActiveCorrigendums&service=direct&session=T&sp=SrzxoWNIOThBA7OlIz%2FsRXw%3D%3D
1717,2025_MES_730146_1,[SPECIAL REPAIR TO BLDG NO P-113 DSC LINES OF CG JETTY AT PORBANDAR UNDER GE (I) CG PORBANDAR],10-Sep-2025 04:00 PM,E-IN-C BRANCH - MILITARY ENGINEER SERVICES||ADG (CG AND PROJECT) CHENNAI AND CE (CG) GOA - MES||GE (CG) PORBANDAR - MES,29-Sep-2025 06:00 PM,https://defproc.gov.in/nicgep/app?component=%24DirectLink&page=FrontEndLatestActiveCorrigendums&service=direct&session=T&sp=SVUsmZzynNqUqHP1gjpcgzQ%3D%3D
1718,2025_MES_728909_1,[SPECIAL REPAIRS REPLACEMENT OF LT NETWORK INSIDE 14 FAD UNDER GE NARANGI],02-Sep-2025 01:00 PM,E-IN-C BRANCH - MILITARY ENGINEER SERVICES||CE EC AND CE SHILLONG ZONE - MES||CWE Shillong - MES||GE NARANGI - MES,29-Sep-2025 06:00 PM,https://defproc.gov.in/nicgep/app?component=%24DirectLink&page=FrontEndLatestActiveCorrigendums&service=direct&session=T&sp=SO5%2F9U%2FlL2DzNbjGxtjEUyQ%3D%3D
1719,2025_MES_732095_1,[SPL REPAIR TO CERTAIN OR MD ACCN AT GOLCONDA LINE IN MIL STN KALUCHAK UNDER GE KALUCHAK],22-Sep-2025 06:00 PM,E-IN-C BRANCH - MILITARY ENGINEER SERVICES||CE WC AND CE PATHANKOT ZONE - MES||CWE JAMMU - MES||GE KALUCHAK - MES,13-Oct-2025 06:00 PM,https://etender.up.nic.in/nicgep/app?component=%24DirectLink_0&page=FrontEndAdvancedSearchResult&service=direct&session=T&sp=SoPZnxi1XsfaFCvTrxXoVkA%3D%3D
1720,2025_MES_732681_1,[GE ELECT/D-59/2025-26],25-Sep-2025 06:00 PM,E-IN-C BRANCH - MILITARY ENGINEER SERVICES||CE WC and CE DELHI ZONE-MES||CWE (U) DELHI CANTT-MES||GE(U)ELECTRIC SUPPLY DELHI CANTT-MES,16-Oct-2025 06:00 PM,https://etender.up.nic.in/nicgep/app?component=%24DirectLink_0&page=FrontEndAdvancedSearchResult&service=direct&session=T&sp=SUfxMhhCZdANOaZO1egKhgA%3D%3D
1721,2025_MES_731196_1,"[TERM CONTRACT FOR ARTIFICER WORK FOR AGE W/S-III AND AGE E/S-III AREA UNDER AGE (I)(U) B/R, DELHI CANTT-10]",16-Sep-2025 04:00 PM,E-IN-C BRANCH - MILITARY ENGINEER SERVICES||CE WC and CE DELHI ZONE-MES||CWE (U) DELHI CANTT-MES||AGE (I)(U) B and R DELHI CNATT-MES,07-Oct-2025 06:00 PM,https://etender.up.nic.in/nicgep/app?component=%24DirectLink_0&page=FrontEndAdvancedSearchResult&service=direct&session=T&sp=SBSgRTXO%2FNxBZ4QZsGXo2yQ%3D%3D
1722,2025_MES_727601_2,[8629 MISC E/M WKS AND REPAIR/REPLACEMENT/ ],19-Sep-2025 06:00 PM,E-IN-C BRANCH - MILITARY ENGINEER SERVICES||CE SC AND CE PUNE ZONE - MES||CWE PUNE - MES||GE (C) PUNE - MES,03-Oct-2025 06:00 PM,https://etender.up.nic.in/nicgep/app?component=%24DirectLink_0&page=FrontEndAdvancedSearchResult&service=direct&session=T&sp=SrvK4tibmMXbRxkWvVvicrA%3D%3D
1723,2025_MES_728686_1,"[ADDN/ ALTN OF CONFERENCE HALL AND CERTAIN MISC WORK AT GE OFFICE (P-30 D1, A2 AND A1), SPECIAL REPAIRS TO JOINERIES OF OFFICE COMPLEX OF GE OFFICE UNDER GE (I) CAMPBELL BAY]",01-Sep-2025 11:30 AM,E-IN-C BRANCH - MILITARY ENGINEER SERVICES||CE SC AND CE (A and N) ZONE - MES||GE (I) CAMPBELL BAY - MES,29-Sep-2025 06:00 PM,https://defproc.gov.in/nicgep/app?component=%24DirectLink&page=FrontEndLatestActiveCorrigendums&service=direct&session=T&sp=SbfYvYQsRYuLMwjMy%2BdTcKQ%3D%3D
1724,2025_MES_730470_1,"[81233/E8 COMPREHENSIVE MAINTENANCE OF LIFTS UNDER GE HADDO, SRI VIJAYA PURAM]",11-Sep-2025 06:55 PM,E-IN-C BRANCH - MILITARY ENGINEER SERVICES||CE SC AND CE (A and N) ZONE - MES||CWE PORTBLAIR - MES,30-Sep-2025 06:00 PM,https://defproc.gov.in/nicgep/app?component=%24DirectLink&page=FrontEndLatestActiveCorrigendums&service=direct&session=T&sp=SMWr2LCzFzgcBvEd7qeBnnA%3D%3D
1725,2025_MES_730728_1,[GE/WS/Token No-38 OF 2025-26],13-Sep-2025 05:00 PM,E-IN-C BRANCH - MILITARY ENGINEER SERVICES||CE WC and CE DELHI ZONE-MES||CWE (U) DELHI CANTT-MES||GE(U)WATER SUPPLY DELHI CANTT-MES,04-Oct-2025 06:00 PM,https://etender.up.nic.in/nicgep/app?component=%24DirectLink_0&page=FrontEndAdvancedSearchResult&service=direct&session=T&sp=Sxz%2FqdXy7AacNPscaNL7xiA%3D%3D
1726,2025_MES_730668_1,[SPECIAL REPAIR ADDN AND ALTN TO BLDG NoT26 AND T29 TOILET BLOCK OF 825 ASC BN AM AND PROVISION OF CHAIN LINK FENCING  QUARTER GUARD BLDG NO P42 OF 21 PARA SF AT ROWRIAH UNDER GE JORHAT],12-Sep-2025 06:05 PM,E-IN-C BRANCH - MILITARY ENGINEER SERVICES||CE EC AND CE SHILLONG ZONE - MES||CWE Dinjan - MES||GE Jorhat - MES,02-Oct-2025 06:00 PM,https://defproc.gov.in/nicgep/app?component=%24DirectLink&page=FrontEndLatestActiveCorrigendums&service=direct&session=T&sp=SQvkBSe9JlkLh2TZh0moAIA%3D%3D
1727,2025_MES_730739_1,[REPAIR AND MAINTENANCE OF LT PANELS INCLUDING SWITCHGEARS AND ASSOCIATED WORKS AT  AF STN CHIMNEY HILLS],13-Sep-2025 06:00 PM,E-IN-C BRANCH - MILITARY ENGINEER SERVICES||CESC AND CE (AF) BANGALORE - MES||CWE (AF) (SOUTH) BANGALORE - MES||AGE(I)(AF) CHIMNEY HILLS BANGALORE - MES,04-Oct-2025 06:00 PM,https://etender.up.nic.in/nicgep/app?component=%24DirectLink_0&page=FrontEndAdvancedSearchResult&service=direct&session=T&sp=Sq%2Bp2HfTWrZquiDJCY%2BPWuw%3D%3D
1728,2025_MES_731040_1,[PROVN OF ELECTRIC GEYSER FOR GOVT MD ACCN AT KANJOLI LINES OF 39 FAD AND SPL REPAIR REPLACEMENT OF INTERNAL SECURITY LIGHTS ALONGWITH OLD PCC POLES WITH SOLAR LIGHTS AT DEPOT AREA UNDER GE BHARATPUR],15-Sep-2025 06:50 PM,E-IN-C BRANCH - MILITARY ENGINEER SERVICES||CE SWC AND CE JAIPUR JAIPUR - MES||CWE JAIPUR - MES||GE BHARATPUR - MES,06-Oct-2025 06:00 PM,https://etender.up.nic.in/nicgep/app?component=%24DirectLink_0&page=FrontEndAdvancedSearchResult&service=direct&session=T&sp=S9fpfmCI5ZVSLzlACAYn08Q%3D%3D
1729,2025_MES_728997_1,[CONSTRUCTION OF PM SHRI SINGLE LAB OF SIZE 7 X 10.6 MTR AT  KENDRIYA VIDYALAYA INS ZAMORIN  EZHIMALA],02-Sep-2025 06:55 PM,E-IN-C BRANCH - MILITARY ENGINEER SERVICES||CESC AND CE (NAVY) KOCHI - MES||CWE EZHIMALA - MES||GE (P) NO 1 EZHIMALA - MES,04-Oct-2025 06:00 PM,https://defproc.gov.in/nicgep/app?component=%24DirectLink&page=FrontEndLatestActiveCorrigendums&service=direct&session=T&sp=S3MWQS6RONcc38MHHeQJuKQ%3D%3D
1730,2025_MES_730891_1,[GE/CHM-89/2025-2026 SPECIAL REPAIR AND RENOVATION OF FLOOR OF ALL THE CLASSROOM AND LABS WITH KOTA STONE AT KENDRIYA VIDYALAYA NO 2 ],15-Sep-2025 06:00 PM,E-IN-C BRANCH - MILITARY ENGINEER SERVICES||CE WC AND CE CHANDIGARH ZONE - MES||CWE CHANDIMANDIR - MES||GE CHANDIMANDIR - MES,06-Oct-2025 06:00 PM,https://defproc.gov.in/nicgep/app?component=%24DirectLink&page=FrontEndLatestActiveCorrigendums&service=direct&session=T&sp=SZW3whZxQI4y8s5joYFDMBQ%3D%3D
1731,2025_MES_732648_1,"[REPAIR/ MAINT OF SUMMER AND COOLING APPLIANCES IN TXR AND TECHNICAL AREA AT AF STN SONEGAON, NAGPUR.]",25-Sep-2025 06:00 PM,E-IN-C BRANCH - MILITARY ENGINEER SERVICES||CE CC AND CE (AF) ALLAHABAD - MES||CWE (AF) KHERIA - MES||AGE (AF) (I) SONEGAON - MES,16-Oct-2025 06:00 PM,https://etender.up.nic.in/nicgep/app?component=%24DirectLink_0&page=FrontEndAdvancedSearchResult&service=direct&session=T&sp=SqiqpPUwBK9NXVqtYLCqJUA%3D%3D
1732,2025_MES_717610_2,[ADDITION AND ALTERATION TO THE EXISTING SERVER ROOM AT DIPAC UNDER GE (U) P AND M DELHI CANTT-10],13-Sep-2025 05:00 PM,E-IN-C BRANCH - MILITARY ENGINEER SERVICES||CE WC and CE DELHI ZONE-MES||CWE (U) DELHI CANTT-MES,03-Oct-2025 10:00 AM,https://defproc.gov.in/nicgep/app?component=%24DirectLink&page=FrontEndLatestActiveCorrigendums&service=direct&session=T&sp=SBhQyRbJVF5qplgkKDUCjPQ%3D%3D
1733,2025_MES_722754_2,"[REPAIR TO FALSE CEILING, FLOORING, WALL PANELING AND OTHER ALLIED B/R-I WORKS IN OTM ACCN OF POCKET B INCLUDING MD ACCNS ON EAST SIDE OF LEHL MARG OF B/R-I SUB DIVISION UNDER GE (S) BINNAGURI]",13-Sep-2025 01:00 PM,E-IN-C BRANCH - MILITARY ENGINEER SERVICES||CE EC AND CE SILIGURI ZONE - MES||CWE BINNAGURI - MES||GE (S) BINNAGURI - MES,04-Oct-2025 06:00 PM,https://defproc.gov.in/nicgep/app?component=%24DirectLink&page=FrontEndLatestActiveCorrigendums&service=direct&session=T&sp=SL85qtg7fu44itg1HaJKzgg%3D%3D
1734,2025_MES_725966_2,[REPAIR AND MAINT OF HT LT ELECTRIC SYSTEM TRANSFORMERS VCB HT LT PANEL HT LT UNDER GROUND OVER HEAD CABLES APFC PANEL AND CERTAIN ALLIED WORKS AT CERTAIN LOCATIONS AT VRDE AHMEDNAGAR 06],10-Sep-2025 05:00 PM,E-IN-C BRANCH - MILITARY ENGINEER SERVICES||ADG (OF and DRDO) AND CE (R and D) SECUNDERABAD - MES||GE (I) RND GIRINAGAR - MES,04-Oct-2025 06:00 PM,https://defproc.gov.in/nicgep/app?component=%24DirectLink&page=FrontEndLatestActiveCorrigendums&service=direct&session=T&sp=S0I8%2BbINb71CNe67YzzjtNQ%3D%3D
1735,2025_MES_727653_1,[PROVISION OF TERTIARY TREATED RECYCLE WATER FOR GARDENING IN OLD CANTT UNDER GE (EAST) PRAYAGRAJ.],25-Aug-2025 04:00 PM,E-IN-C BRANCH - MILITARY ENGINEER SERVICES||CE CC AND CE LUCKNOW ZONE - MES||CWE ALLAHABAD - MES,29-Sep-2025 06:00 PM,https://defproc.gov.in/nicgep/app?component=%24DirectLink&page=FrontEndLatestActiveCorrigendums&service=direct&session=T&sp=SB8rRCV8h70fKwmRG29IaNA%3D%3D
1736,2025_MES_731791_1,[SPL REP OF 4 POLE  2 POLE STRUCTURE AT VARIOUS LOCATIONS AT INS SHIVAJI LONAVLA],19-Sep-2025 05:00 PM,E-IN-C BRANCH - MILITARY ENGINEER SERVICES||CESC AND CE (NAVY) KOCHI - MES||GE (I) NAVY LONAWALA - MES,11-Oct-2025 06:00 PM,https://etender.up.nic.in/nicgep/app?component=%24DirectLink_0&page=FrontEndAdvancedSearchResult&service=direct&session=T&sp=SDMr9GRI9o7AFv3knmoa6GA%3D%3D
1737,2025_MES_732357_1,[PERIODICAL SERVICES IN CERTAIN OTM ACCN AT SOUTH OF RLY LINE UNDER GE MISSAMARI],24-Sep-2025 09:00 AM,E-IN-C BRANCH - MILITARY ENGINEER SERVICES||CE EC AND CE SILIGURI ZONE - MES||CWE TENGA - MES||GE MISSAMARI - MES,20-Oct-2025 06:00 PM,https://defproc.gov.in/nicgep/app?component=%24DirectLink&page=FrontEndLatestActiveCorrigendums&service=direct&session=T&sp=STlP7shy3g0rNFvM0VC0NFw%3D%3D
1738,2025_MES_731355_1,[PERIODICAL SERVICES TO MD ACCN  IN THE AOR AGE B/R-II OF GE HISAR AT HISAR MIL STN],18-Sep-2025 06:00 PM,E-IN-C BRANCH - MILITARY ENGINEER SERVICES||CE SWC AND CE JAIPUR JAIPUR - MES||CWE HISAR - MES||GE HISAR - MES,11-Oct-2025 06:00 PM,https://defproc.gov.in/nicgep/app?component=%24DirectLink&page=FrontEndLatestActiveCorrigendums&service=direct&session=T&sp=SUAldgjJGroxT0CYyO%2FniLg%3D%3D
1739,2025_MES_729676_1,[REPAIR AND MAINTENANCE OF EXTERNAL WATER DISTRIBUTION LINES PUMP MOTORS AND CONNECTED WORKS AND FIRE FIGHTING SYSTEM AT CGRA AND DHQ7 AT PARADIP],06-Sep-2025 05:00 PM,E-IN-C BRANCH - MILITARY ENGINEER SERVICES||ADG (Projects) and CE (CG) Visakhapatnam - MES||GE (I) (CG) Bhubaneshwar - MES,04-Oct-2025 06:00 PM,https://defproc.gov.in/nicgep/app?component=%24DirectLink&page=FrontEndLatestActiveCorrigendums&service=direct&session=T&sp=SrzP65lZyFVpVyruJel4IHg%3D%3D
1740,2025_MES_726832_1,[PROVISION OF WALKING PLAZA ALOGWITH WASHROOM IN SPORTS GROUND AT AFS CHIMNEY HILLS],20-Aug-2025 05:30 PM,E-IN-C BRANCH - MILITARY ENGINEER SERVICES||CESC AND CE (AF) BANGALORE - MES||CWE (AF) (SOUTH) BANGALORE - MES,30-Sep-2025 06:00 PM,https://defproc.gov.in/nicgep/app?component=%24DirectLink&page=FrontEndLatestActiveCorrigendums&service=direct&session=T&sp=SXOX1PgUyU8%2BtuQEN7s0SYg%3D%3D
1741,2025_MES_732142_1,[TERM CONTRACT FOR ARTIFICER WORKS FOR ARMY UNITS  AT DHARMUND UNDER AGE (I) BHALRA],22-Sep-2025 06:00 PM,E-IN-C BRANCH - MILITARY ENGINEER SERVICES||CE NC AND CE UDHAMPUR ZONE - MES||CWE DHAR ROAD - MES||AGE (I) BHALRA-MEA,13-Oct-2025 06:00 PM,https://etender.up.nic.in/nicgep/app?component=%24DirectLink_0&page=FrontEndAdvancedSearchResult&service=direct&session=T&sp=S0eqHN57DxXNE%2BJjerWP9cg%3D%3D
1742,2025_ARMY_731022_1,[Supply and construction of AGL Bkr],15-Sep-2025 05:00 PM,IHQ of MoD (Army)-(OSCC)||South Western Comd-IHQ of MoD (Army)-(OSCC)||CORPS 1-South Western Comd-IHQ of MoD(Army)-(OSCC)||ENGR UNIT 1-IHQ OF MOD(Army),29-Sep-2025 06:00 PM,https://defproc.gov.in/nicgep/app?component=%24DirectLink&page=FrontEndLatestActiveCorrigendums&service=direct&session=T&sp=S3X4D843MuJH1IoVGdnmegw%3D%3D
1743,2025_MES_729339_1,[CERTAIN B AND R REPAIR  MAINTENANCE TO CENTRAL AMENTITIES OF MADAMBAKKAM NP AREA AND 9 P AND S UNIT AND REPAIR MAINT TO COMPOUND WALL FENCING DRAINS FOOTPATH HARDSTANDING AT NP AREA AND 9 P AND S UNIT AT AFS TAMBARAM],04-Sep-2025 05:00 PM,E-IN-C BRANCH - MILITARY ENGINEER SERVICES||CESC AND CE (AF) BANGALORE - MES||CWE (AF) (NORTH) BANGALORE - MES||GE (AF) TAMBARAM - MES,02-Oct-2025 06:00 PM,https://etender.up.nic.in/nicgep/app?component=%24DirectLink_0&page=FrontEndAdvancedSearchResult&service=direct&session=T&sp=SOW5rQsD83CyRl%2FFEPv41ng%3D%3D
1744,2025_MES_731218_1,"[COMPREHENSIVE MAINT INCL E/M TO CERTAIN OTM AND MD ACCN IN ML LINE, PP LINE AND MH UNDER AGE B/R-I AT CITY AREA ALWAR]",16-Sep-2025 04:00 PM,E-IN-C BRANCH - MILITARY ENGINEER SERVICES||CE SWC AND CE JAIPUR JAIPUR - MES||CWE HISAR - MES||GE ALWAR - MES,08-Oct-2025 06:00 PM,https://etender.up.nic.in/nicgep/app?component=%24DirectLink_0&page=FrontEndAdvancedSearchResult&service=direct&session=T&sp=SzYmzF46Y%2FJlnyJK%2FnV0vdQ%3D%3D
1745,2025_MES_728489_1,[PROVN OF INSTALLATION OF 08 X AIR CONDITIONERS AND 25 KVA GEN SET FOR POWER BACKUP AT BLDG NO P-773 FOR ONLINE EXAMINATION CENTER UNDER GE BHOPAL],29-Aug-2025 06:45 PM,E-IN-C BRANCH - MILITARY ENGINEER SERVICES||CESC AND CE BHOPAL ZONE  - MES||CWE BHOPAL - MES,29-Sep-2025 06:00 PM,https://defproc.gov.in/nicgep/app?component=%24DirectLink&page=FrontEndLatestActiveCorrigendums&service=direct&session=T&sp=Sxzxshb15lbGuh3Yym6TjjA%3D%3D
1746,2025_MES_730673_1,[ADDN ALTN TO BLDG NOP126 RHINO SHOPPING COMPLEX PROVISION OF COVERED SHED NEAR BLDG NOP106 AND 107 QM STORES PROVISION OF WASHING POINT IN MT NEAR BLDG NOP92 OF 15 WEU AND AUGMENTATION OF ELECTRIC SUPPLY  SYSTEM OF BLDG NO P170  AT LICHUBARI UNDER GE],12-Sep-2025 06:20 PM,E-IN-C BRANCH - MILITARY ENGINEER SERVICES||CE EC AND CE SHILLONG ZONE - MES||CWE Dinjan - MES||GE Jorhat - MES,02-Oct-2025 06:00 PM,https://defproc.gov.in/nicgep/app?component=%24DirectLink&page=FrontEndLatestActiveCorrigendums&service=direct&session=T&sp=Sw%2FHt9qE8HzTWTMBpNw4rVg%3D%3D
1747,2025_MES_730068_1,"[REPAIR TO DRAIN FENCING COMPOUND WALL, GATES IN POCKETS 1, 2, 3, 4 AND PURKAZI AREA AND SPECIAL REPAIR AND REPLACEMENT OF AC SHEET WITH PPGI SHEET IN BLDG NO P-318 OF BEG RECORDS UNDER GE ROORKEE]",09-Sep-2025 06:30 PM,E-IN-C BRANCH - MILITARY ENGINEER SERVICES||CE CC AND CE BAREILLY ZONE - MES||CWE No 2 MEERUT - MES||GE ROORKEE - MES,30-Sep-2025 06:00 PM,https://defproc.gov.in/nicgep/app?component=%24DirectLink&page=FrontEndLatestActiveCorrigendums&service=direct&session=T&sp=SlERJPTthZaqD1x6dF8uAWw%3D%3D
1748,2025_MES_732655_1,[COMPREHENSIVE MAINT OF JCO/OR/CIV MD ACCN AT TIMARPUR KINGSWAY CAMP AREA UNDER GE NORTH DELHI CANTT 10],25-Sep-2025 06:00 PM,E-IN-C BRANCH - MILITARY ENGINEER SERVICES||CE WC and CE DELHI ZONE-MES||CWE DELHI CANTT-MES,23-Oct-2025 06:00 PM,https://etender.up.nic.in/nicgep/app?component=%24DirectLink_0&page=FrontEndAdvancedSearchResult&service=direct&session=T&sp=SP8GXrIrLipLaNzhoXUM2Yg%3D%3D
1749,2025_MES_727755_2,"[REPAIR/REPLACEMENT OF WATER FILTRATION PLANT, CONTROL VALVES, PS TANK AND STAGING, FILTER MEDIA AND CONNECTED ITEMS AT PH-I (RUPA, GACHHAM,  BIRPUR, DP, BOMDILA) OF E/M UNDER GE TENGA]",19-Sep-2025 02:00 PM,E-IN-C BRANCH - MILITARY ENGINEER SERVICES||CE EC AND CE SILIGURI ZONE - MES||CWE TENGA - MES||GE TENGA-MEA,08-Oct-2025 09:00 AM,https://defproc.gov.in/nicgep/app?component=%24DirectLink&page=FrontEndLatestActiveCorrigendums&service=direct&session=T&sp=SDoQ0EronmnkwaZAZVMjDQw%3D%3D
1750,2025_MES_729949_1,"[Special repairs to Building No. P-178 and P-40 and provision of  other sanctioned work at INS Valsura, Jamnagar]",09-Sep-2025 03:00 PM,E-IN-C BRANCH - MILITARY ENGINEER SERVICES||CESC AND CE (NAVY) KOCHI - MES||GE (I) NAVY JAMNAGAR - MES,09-Oct-2025 06:00 PM,https://defproc.gov.in/nicgep/app?component=%24DirectLink&page=FrontEndLatestActiveCorrigendums&service=direct&session=T&sp=SD5JsaROLfqtTdR19w%2B7yfA%3D%3D
1751,2025_MES_731026_1,"[REPAIR AND MAINT OF STEEL FURNITURE INCL PAINTING AT OAF, MANASBAL, HAFT CHINAR AND SONAMARG UNDER GE 970 EWS]",15-Sep-2025 06:00 PM,E-IN-C BRANCH - MILITARY ENGINEER SERVICES||CE NC AND CE 31 ZONE - MES||134 WORKS ENGINEER - MES||GE 970 EWS - MES,06-Oct-2025 06:00 PM,https://defproc.gov.in/nicgep/app?component=%24DirectLink&page=FrontEndLatestActiveCorrigendums&service=direct&session=T&sp=SCJLDhH0vBH4gECqgP3RuJQ%3D%3D
1752,2025_MES_727548_1,"[REPAIR MAINT OF LEAKAGES SEEPAGES FROM ROOF, RCC CHAJJAS, SOFFITS OF SLABS, REPLACEMENT OF RWPS WATER TUBING AND CONNECTED WORKS TO CERTAIN  OMQS AND SMQS AT SECTOR 31 UNDER GE (AF) MC CHANDIGARH]",23-Aug-2025 03:00 PM,E-IN-C BRANCH - MILITARY ENGINEER SERVICES||CESC AND CE (AF) NAGPUR - MES||CWE (AF) TUGALAKABAD - MES||GE (AF) MC Chandigarh - MES,30-Sep-2025 06:00 PM,https://defproc.gov.in/nicgep/app?component=%24DirectLink&page=FrontEndLatestActiveCorrigendums&service=direct&session=T&sp=SkqgpxOQRQkC%2FnM94mh7fwA%3D%3D
1753,2025_MES_730107_1,[84165/E8 PROVN OF DEFICIENT FURNITURE AGAINST CIV MES ACCN AT AF STN MOHANBARI  UNDER GE (AF) MOHANBARI],10-Sep-2025 11:00 AM,E-IN-C BRANCH - MILITARY ENGINEER SERVICES||CE EC AND CE (AF) SHILLONG - MES||CWE (AF) JORHAT - MES,04-Oct-2025 06:00 PM,https://defproc.gov.in/nicgep/app?component=%24DirectLink&page=FrontEndLatestActiveCorrigendums&service=direct&session=T&sp=SxVMCKjMATJknqxaUjBMntg%3D%3D
1754,2025_MES_729935_1,[SPECIAL REPAIR TO ROAD FROM SWT 33 TO A-3 INSIDE AD AT FAD UNDER GE PANAGARH],09-Sep-2025 06:00 PM,E-IN-C BRANCH - MILITARY ENGINEER SERVICES||CE EC AND CE KOLKATA ZONE - MES||CWE PANAGARH - MES,08-Oct-2025 06:00 PM,https://defproc.gov.in/nicgep/app?component=%24DirectLink&page=FrontEndLatestActiveCorrigendums&service=direct&session=T&sp=S4JljNsV4EeXsJhpKlnG0Sw%3D%3D
1755,2025_MES_731113_1,[REPAIRS MAINT TO FENCING DRAIN COMPOUND WALL REATAINING WALL AND PATH AT MES WATER SUPPLY INSTALLATION AT MASIMPUR UNDER GE SILCHAR],16-Sep-2025 11:20 AM,E-IN-C BRANCH - MILITARY ENGINEER SERVICES||CE EC AND CE SHILLONG ZONE - MES||CWE HQ 137 WE - MES||GE SILCHAR - MES,07-Oct-2025 06:00 PM,https://defproc.gov.in/nicgep/app?component=%24DirectLink&page=FrontEndLatestActiveCorrigendums&service=direct&session=T&sp=SYgHGvqwyRc21jzAYnFg%2FAw%3D%3D
1756,2025_MES_731066_1,"[REPAIRS/ REPLACEMENT TO ROLLING SHUTTERS, ALUMINIUM PARTITION/DOORS, VENETIAN BLINDS AND  CONNECTED  B/R WORKS AT DMRL, ATC DEVATALGUTTA, RCMA (MAT), DSC LINE ATC DEVATALGUTTA AND PCDA  UNDER AGE B/R -II HYDERABAD]",15-Sep-2025 06:45 PM,E-IN-C BRANCH - MILITARY ENGINEER SERVICES||ADG (OF and DRDO) AND CE (R and D) SECUNDERABAD - MES||GE (I) RND KANCHANBAGH - MES,06-Oct-2025 06:00 PM,https://etender.up.nic.in/nicgep/app?component=%24DirectLink_0&page=FrontEndAdvancedSearchResult&service=direct&session=T&sp=Sk9QDCjcZA8OIrubE1T%2FdgA%3D%3D
1757,2025_MES_733109_1,[GE(A)/SOG-TOKEN-42/2025-26 PROVN OF DEFICIENT VEHICLE PARKING AND PROVN OF 04 X 2000 LTRS WATER TANK IN THE AOR OF AGE B/R-II UNDER GE (A) SURATGARH AT SURATGARH MIL STN],29-Sep-2025 09:00 AM,E-IN-C BRANCH - MILITARY ENGINEER SERVICES||CE SWC AND CE BATHINDA ZONE - MES||CWE BIKANER - MES||GE (ARMY) SURATGARH - MES,20-Oct-2025 06:00 PM,https://etender.up.nic.in/nicgep/app?component=%24DirectLink_0&page=FrontEndAdvancedSearchResult&service=direct&session=T&sp=SB%2B0IuZbW9XfRXKU2Ie3Crg%3D%3D
1758,2025_MES_730711_1,[GE/ALP (8560) KOLKATA OF 2025-26  ],13-Sep-2025 11:00 AM,E-IN-C BRANCH - MILITARY ENGINEER SERVICES||CE EC AND CE KOLKATA ZONE - MES||CWE KOLKATA - MES||GE ALIPORE - MES,07-Oct-2025 06:00 PM,https://defproc.gov.in/nicgep/app?component=%24DirectLink&page=FrontEndLatestActiveCorrigendums&service=direct&session=T&sp=SeFjupeZcRBrR%2BS37fEt3DA%3D%3D
1759,2025_MES_727345_1,[REPAIR AND MAINTENANCE OF EXTERNAL WATER PIPE LINES AND ALLIED WORKS AT POKARAN AND GOMAT AREA UNDER AGE (I) POKARAN],01-Sep-2025 09:00 AM,E-IN-C BRANCH - MILITARY ENGINEER SERVICES||CESC AND CE JODHPUR ZONE - MES||CWE JAISALMER - MES||AGE (I) Pokaran - MES,30-Sep-2025 06:00 PM,https://defproc.gov.in/nicgep/app?component=%24DirectLink&page=FrontEndLatestActiveCorrigendums&service=direct&session=T&sp=Sr5LAPb8Efk2JFjU63dC8Qg%3D%3D
1760,2025_MES_731265_1,[Special repairs to steel furniture against BER / condemned articles at Avadi  military station in AOR of GE Avadi],16-Sep-2025 06:30 PM,E-IN-C BRANCH - MILITARY ENGINEER SERVICES||CE SC AND CE CHENNAI ZONE  - MES||CWE CHENNAI - MES,07-Oct-2025 06:00 PM,https://defproc.gov.in/nicgep/app?component=%24DirectLink&page=FrontEndLatestActiveCorrigendums&service=direct&session=T&sp=SwLx0WxHi8xKhXmgLyLoFUQ%3D%3D
1761,2025_MES_721852_2,[TERM CONTRACT FOR ARTIFICER WORK OF ZONE C AT LGJ MIL STN],09-Sep-2025 06:00 PM,E-IN-C BRANCH - MILITARY ENGINEER SERVICES||CE SWC AND CE BATHINDA ZONE - MES||CWE GANGANAGAR - MES||GE LALGARH JATTAN - MES,30-Sep-2025 06:00 PM,https://defproc.gov.in/nicgep/app?component=%24DirectLink&page=FrontEndLatestActiveCorrigendums&service=direct&session=T&sp=SNbIwY4vHOOVrrZ0d6hInsg%3D%3D
1762,2025_MES_729534_1,"[REPAIR/MAINTANANCE AND IMPROVEMENT TO CERTAIN B/R ASSETS IN THE E/M INSTALLATIONS IN THE AOR OF AGE B/R-I AND REPAIR/MAINTANANCE OF INTERNAL ELECTRIFICATION INCLUDING MCBS,DBS BLDG SECURITY LIGHTS AND CONNECTED WORKS IN ZONE D AREA IN THE AOR OF AGE ]",05-Sep-2025 10:00 AM,E-IN-C BRANCH - MILITARY ENGINEER SERVICES||CE SWC AND CE JAIPUR JAIPUR - MES||CWE Mathura - MES||GE (E) Mathura - MES,29-Sep-2025 06:00 PM,https://defproc.gov.in/nicgep/app?component=%24DirectLink&page=FrontEndLatestActiveCorrigendums&service=direct&session=T&sp=SLlBb701y0ZWlvwxH%2BunAVA%3D%3D
1763,2025_MES_732165_1,[PROVISION OF DEFICIENT SANITARY ANNEXE AT OLD ADMIN BUILDING P-91 AND PROVISION OF INTERNAL DRAIN AT KAUTILYA AUDITORIUM P-153 AT INA EZHIMALA],22-Sep-2025 06:45 PM,E-IN-C BRANCH - MILITARY ENGINEER SERVICES||CESC AND CE (NAVY) KOCHI - MES||CWE EZHIMALA - MES||GE MAINT EZHIMALA - MES,14-Oct-2025 06:55 PM,https://etender.up.nic.in/nicgep/app?component=%24DirectLink_0&page=FrontEndAdvancedSearchResult&service=direct&session=T&sp=SR%2FbktqpHN6mx7Amf%2FXZUoQ%3D%3D
1764,2025_MES_730419_1,[SPECIAL REPAIR CERTAIN MD ACCN AT SUPPLY FAFA OF BLDG NO P-40 ( 06 QTRS) OF 21 RAJ FIF  UNDER GE DEHRADUN],11-Sep-2025 05:20 PM,E-IN-C BRANCH - MILITARY ENGINEER SERVICES||CE CC AND CE BAREILLY ZONE - MES||CWE DEHRADUN - MES,03-Oct-2025 06:00 PM,https://defproc.gov.in/nicgep/app?component=%24DirectLink&page=FrontEndLatestActiveCorrigendums&service=direct&session=T&sp=S7KOVTK8tq6aZb%2F813Z7dWw%3D%3D
1765,2025_MES_731031_1,[REPAIR  MAINT OF TRANSFORMER HT OH LINES AND ITS ALLIED SERVICES AT LEKHAPANI MIL STN UNDER GE DINJAN NO 2],15-Sep-2025 06:00 PM,E-IN-C BRANCH - MILITARY ENGINEER SERVICES||CE EC AND CE SHILLONG ZONE - MES||CWE Dinjan - MES,04-Oct-2025 06:00 PM,https://defproc.gov.in/nicgep/app?component=%24DirectLink&page=FrontEndLatestActiveCorrigendums&service=direct&session=T&sp=Si0fTrXregLLPmxQ60wadRQ%3D%3D
1766,2025_MES_724817_2,[SPECIAL REPAIR RENEWAL AND PROVISION OF FURNITURE AT DIFFERENT LOCATIONS UNDER GE 872 EWS LIKABALI],10-Sep-2025 06:55 PM,E-IN-C BRANCH - MILITARY ENGINEER SERVICES||CE EC AND CE SHILLONG ZONE - MES||CWE Likabali - MES,01-Oct-2025 06:00 PM,https://defproc.gov.in/nicgep/app?component=%24DirectLink&page=FrontEndLatestActiveCorrigendums&service=direct&session=T&sp=SUrIA4h3liO%2Bg0LUGNM8C1A%3D%3D
1767,2025_MES_729296_1,[REPAIR SERVICING PREVENTIVE MAINTENANCE OF MOTORS PUMP OF VARIOUS CAPACITY AND TYPES ELECTRIC PANELS STARTERS CONNECTED ASSOCIATED MISCELLANEOUS REPAIR WORKS ELECTRIC CABLE INCLUDING REWINDING ETC OF VARIOS WATER SUPPLY INSTALLATIONS UNDER GE MH AND ],04-Sep-2025 06:00 PM,E-IN-C BRANCH - MILITARY ENGINEER SERVICES||CE SC AND CE PUNE ZONE - MES||CWE KIRKEE - MES||GE MH AND RANGE HILLS - MES,02-Oct-2025 06:00 PM,https://etender.up.nic.in/nicgep/app?component=%24DirectLink_0&page=FrontEndAdvancedSearchResult&service=direct&session=T&sp=SBIIVjwLzYAXj8dcrnYdr2A%3D%3D
1768,2025_MES_729314_1,[REPAIR AND REPLACEMENT OF OLD ALUMINIUM WIRING COPPER WIRING GEYSERS EXHAUST DBS SWITCH SOCKETS LIGHTS FITTINGS CEILING FANS DESERT COOLERS AND OTHERS SUMMER APPLIANCES IN MD AND OTM BLDGS IN POCKET A OF JASAI MIL STATION UNDER GE A BARMER],04-Sep-2025 06:00 PM,E-IN-C BRANCH - MILITARY ENGINEER SERVICES||CESC AND CE JODHPUR ZONE - MES||CWE JAISALMER - MES||GE (ARMY) BARMER - MES,03-Oct-2025 06:00 PM,https://etender.up.nic.in/nicgep/app?component=%24DirectLink_0&page=FrontEndAdvancedSearchResult&service=direct&session=T&sp=SxlL7BJmD982yvpp478tt%2Bg%3D%3D
1769,2025_MES_722944_1,[PROVN OF MD ACCN FOR 09 JCOS  12 ORS OF ENTITY B 61 WEU HIRANKUDNA UNDER  GE NORTH DELHI CANTT 10],28-Jul-2025 01:00 PM,E-IN-C BRANCH - MILITARY ENGINEER SERVICES||CE WC and CE DELHI ZONE-MES,11-Oct-2025 06:00 PM,https://defproc.gov.in/nicgep/app?component=%24DirectLink&page=FrontEndLatestActiveCorrigendums&service=direct&session=T&sp=SrWjGCEJQHnvYd9nwErtXZA%3D%3D
1770,2025_MES_728951_1,"[REPAIR, REPLACEMENT AND CLEANING OF SEWAGE LINE AND REPAIR TO DRAIN, PATH, HARD STANDING, MANHOLE/ DRAIN COVERS, RCC JALLIES FENCING IN KABUL LINE JCOs/OR, FAFA ACCN AND OTM  ACCN IN THE AREA OF AGE B/R-II UNDER GE (EAST) DELHI CANTT-10]",02-Sep-2025 06:00 PM,E-IN-C BRANCH - MILITARY ENGINEER SERVICES||CE WC and CE DELHI ZONE-MES||CWE DELHI CANTT-MES||GE (EAST) DELHI CANTT-MES,30-Sep-2025 06:00 PM,https://defproc.gov.in/nicgep/app?component=%24DirectLink&page=FrontEndLatestActiveCorrigendums&service=direct&session=T&sp=Sj2MUNmCyE%2BaSGHsHHrP3Ng%3D%3D
1771,2025_MES_729271_1,"[REPAIR /MAINT EXT INCL LT OHT LINES,LT PANELS ,APFC PANELS, MCCBS, EARTHING,UG CABLE ,LTPOLES,STREET /PERIMETER LIGHTS AND CONNECTED WORKS AT SONAMARG (INCL HAWS)  UNDER GE 970 EWS]",04-Sep-2025 10:00 AM,E-IN-C BRANCH - MILITARY ENGINEER SERVICES||CE NC AND CE 31 ZONE - MES||134 WORKS ENGINEER - MES||GE 970 EWS - MES,01-Oct-2025 06:00 PM,https://defproc.gov.in/nicgep/app?component=%24DirectLink&page=FrontEndLatestActiveCorrigendums&service=direct&session=T&sp=SUAXB4YQGLRhhAj9HIiaF%2BA%3D%3D
1772,2025_MES_731198_1,"[REPAIR / MAINT OF HT OVERHEAD LINE, UG CABLES, POWER AND DISTRIBUTION TRANSFORMERS, VCB / RMUs AND OTHER CONNECTED  ITEMS AT ARMY AREA BANAR UNDER GE BANAR]",16-Sep-2025 05:00 PM,E-IN-C BRANCH - MILITARY ENGINEER SERVICES||CESC AND CE JODHPUR ZONE - MES||CWE(ARMY) JODHPUR - MES,15-Oct-2025 06:00 PM,https://etender.up.nic.in/nicgep/app?component=%24DirectLink_0&page=FrontEndAdvancedSearchResult&service=direct&session=T&sp=SbEUB7qgFIs67qSToN9OYfg%3D%3D
1773,2025_MES_729245_1,"[CLEANING OF SEWAGE LINE AND MANHOLES, REMOVAL OF SLUDGE USING HONEY SUCKER MACHINE FOR AREA UNDER AGE B/R-I AT AMRITSAR CANTT]",03-Sep-2025 06:00 PM,E-IN-C BRANCH - MILITARY ENGINEER SERVICES||CE WC AND CE JALANDHAR ZONE - MES||CWE AMRITSAR - MES||GE AMRITSAR - MES,01-Oct-2025 05:00 PM,https://defproc.gov.in/nicgep/app?component=%24DirectLink&page=FrontEndLatestActiveCorrigendums&service=direct&session=T&sp=SiJnPIMOSW3Hn3rx17NJVTw%3D%3D
1774,2025_MES_724555_1,[ADDITION ALTERATION AND SPECIAL REPAIRS TO EXISTING SWIMMING POOL AT ARC UNDER GE SHILLONG],05-Aug-2025 04:00 PM,E-IN-C BRANCH - MILITARY ENGINEER SERVICES||CE EC AND CE SHILLONG ZONE - MES,16-Oct-2025 06:00 PM,https://defproc.gov.in/nicgep/app?component=%24DirectLink&page=FrontEndLatestActiveCorrigendums&service=direct&session=T&sp=SlZRqpYBWo%2FBSoAMT5hHvCg%3D%3D
1775,2025_DGDE_728811_1,"[Term contract for maintenance of public roads along with repairs to footpath, Central verge, grills, traffic islands and other CF assets on Station, Gymnasium, Hospital, Mall, Mandir, Manekshaw, Polo, Lorry, Tigris Road (Part) Public  Roads]",01-Sep-2025 05:55 PM,Directorate General Defence Estates||Principal Directorate Defence Estates -Western Command Chandigarh||Cantonment Board Delhi -WC Chandigarh,23-Oct-2025 01:00 PM,https://defproc.gov.in/nicgep/app?component=%24DirectLink&page=FrontEndLatestActiveCorrigendums&service=direct&session=T&sp=SB0yDThxYHcX1x4ayl7TioQ%3D%3D
1776,2025_MES_729427_1,[CONVERSION OF HT OVERHEAD LINE INTO UNDERGROUND CABLING FROM MES SUB STN TO FOALING LINE 250 KVA TRANSFORMER AT EBS  BABUGARH UNDER GE (NORTH) MEERUT CANTT],04-Sep-2025 05:00 PM,E-IN-C BRANCH - MILITARY ENGINEER SERVICES||CE CC AND CE BAREILLY ZONE - MES||CWE MEERUT - MES,03-Oct-2025 06:00 PM,https://defproc.gov.in/nicgep/app?component=%24DirectLink&page=FrontEndLatestActiveCorrigendums&service=direct&session=T&sp=SrpKx2oVXnEdhET7ueAW7dg%3D%3D
1777,2025_MES_725952_1,[CLEANING OF SEWAGE LINE MANHOLES AND CERTAIN REPAIRS TO SEWAGE LINES SEPTIC TANKS AND CONNECTED WORKS IN OMQs AND SMQs SECTOR 31 UNDER GE (AF) MC CHANDIGARH],13-Aug-2025 01:00 PM,E-IN-C BRANCH - MILITARY ENGINEER SERVICES||CESC AND CE (AF) NAGPUR - MES||CWE (AF) TUGALAKABAD - MES||GE (AF) MC Chandigarh - MES,30-Sep-2025 06:00 PM,https://defproc.gov.in/nicgep/app?component=%24DirectLink&page=FrontEndLatestActiveCorrigendums&service=direct&session=T&sp=Sog9pM1dY2LpbZSIqd3btFw%3D%3D
1778,2025_MES_731860_1,[CERTAIN REPAIRS AND MAINTENANCE OF VARIOUS EOT CRANES INSTALLED AT EME WORKSHOP AND MH KHADKI UNDER GE MH AND RH KHADKI],20-Sep-2025 06:00 PM,E-IN-C BRANCH - MILITARY ENGINEER SERVICES||CE SC AND CE PUNE ZONE - MES||CWE KIRKEE - MES||GE MH AND RANGE HILLS - MES,11-Oct-2025 06:00 PM,https://defproc.gov.in/nicgep/app?component=%24DirectLink&page=FrontEndLatestActiveCorrigendums&service=direct&session=T&sp=SNm6j4XF4po8cypG0eaFm7A%3D%3D
1779,2025_MES_729503_1,"[PETTY REPAIR AND MAINTENANCE DAY TO DAY B/R WKS FOR JOINERY ITEMS, FLOORING, WALLS, PLUMBING SYSTEM, SANITARY ITEMS, TILING AND OTHER ALLIED WORK FOR SUNKEN TREATMENT, LEAKAGE AND SEEPAGE AT MD ACCN OF BANA SINGH ENCLAVE PHILLAURAH ENCLAVE ]",04-Sep-2025 06:30 PM,E-IN-C BRANCH - MILITARY ENGINEER SERVICES||CE WC and CE DELHI ZONE-MES||CWE NEW DELHI-MES||GE (S) NEW DELHI-MES,29-Sep-2025 06:00 PM,https://defproc.gov.in/nicgep/app?component=%24DirectLink&page=FrontEndLatestActiveCorrigendums&service=direct&session=T&sp=ShRinI00OxT4Yrec69%2Bg8VA%3D%3D
1780,2025_MES_728806_1,"[PERIODICAL SERVICING, CHECKING RECHARGING, REPAIR / NSTALLATION /MAINT OF VARIOUS TYPE OF EARTHING, POWER/ DISTRIBUTION TRANSFORMER ALONGWITH RMU, VCB WITH REPLACEMENT OF BURNT OUT HT AND LT JOINT, CABLES, UNSV LT PANELS, ELECTRIC COILS, POLES]",02-Sep-2025 09:00 AM,E-IN-C BRANCH - MILITARY ENGINEER SERVICES||CE CC AND CE (AF) ALLAHABAD - MES||CWE (AF) IZATNAGAR - MES,29-Sep-2025 06:00 PM,https://defproc.gov.in/nicgep/app?component=%24DirectLink&page=FrontEndLatestActiveCorrigendums&service=direct&session=T&sp=SUQtBnKZusSEtTWW%2BE%2FWoFg%3D%3D
1781,2025_MES_729945_1,[MAINT REPAIR TO PLUMBING  SANITARY FITTING FLOORING  MASONARY JOINERY INCL CERTAIN BR WORKS  AND REPAIR REPLACEMENT OF GAUDIAN LIGHTS LT UG CABLE UNDER GE I GOS],09-Sep-2025 04:00 PM,E-IN-C BRANCH - MILITARY ENGINEER SERVICES||CE CC AND CE JABALPUR ZONE - MES||GE (I) GOS - MES||GE I GOPALPUR ON SEA - MES,06-Oct-2025 06:00 PM,https://defproc.gov.in/nicgep/app?component=%24DirectLink&page=FrontEndLatestActiveCorrigendums&service=direct&session=T&sp=S5nQQkZhzMsGQgRX5eP2KrQ%3D%3D
1782,2025_MES_730730_1,[PROVISION OF 02 X GENERATOR SET OF 10 KVA AT CERTAIN UNITS UNDER AGE (I) BHALRA],13-Sep-2025 06:00 PM,E-IN-C BRANCH - MILITARY ENGINEER SERVICES||CE NC AND CE UDHAMPUR ZONE - MES||CWE NAGROTA - MES,04-Oct-2025 06:00 PM,https://defproc.gov.in/nicgep/app?component=%24DirectLink&page=FrontEndLatestActiveCorrigendums&service=direct&session=T&sp=Szp%2BU6i4kjnYmeybRu5Z9%2Bg%3D%3D
1783,2025_MES_731411_1,"[SPECIAL REPAIR TO CI / DI PIPE LINE, SLUICE VALVE, AIR RELEASE VALVE AND CONNECTED WORKS AT SRINAGAR AREA AND PROVN OF STAINLESS STEEL BENCH AT CERTAIN PLACES IN SRINAGAR COLONY UNDER GE MINNIEBAY, PORT BLAIR]",18-Sep-2025 09:00 AM,E-IN-C BRANCH - MILITARY ENGINEER SERVICES||CE SC AND CE (A and N) ZONE - MES||CWE PORTBLAIR - MES||GE MINNIE BAY PORTBLAIR - MES,09-Oct-2025 06:00 PM,https://defproc.gov.in/nicgep/app?component=%24DirectLink&page=FrontEndLatestActiveCorrigendums&service=direct&session=T&sp=S8OgJx8QoiG8Lu4Zcgjn43Q%3D%3D
1784,2025_MES_730090_1,[REPAIR/ MAINT OF CEILING FANS/ EXHAUST FANS/ WALL MOUNTED FAN/ STAND FAN INCLUDING POINT WIRING AND ALLIED WORKS AT AFS KUMBHIRGRAM],10-Sep-2025 10:00 AM,E-IN-C BRANCH - MILITARY ENGINEER SERVICES||CE EC AND CE (AF) SHILLONG - MES||CWE (AF) BORJAR - MES||AGE (I) KUMBHIRGRAM - MES,02-Oct-2025 06:00 PM,https://defproc.gov.in/nicgep/app?component=%24DirectLink&page=FrontEndLatestActiveCorrigendums&service=direct&session=T&sp=SAXornXg5AtwZUiFqKYRN5w%3D%3D
1785,2025_MES_709668_2,"[REPAIR TO BRICKWORK, VIEW CUTTER, CHAIN LINK FENCING ETC AND CERTAIN MISC WORKS OF AREA-III UNDER AGE (B/R) CENTRAL AT GE (WEST)  COLABA, MUMBAI]",19-Sep-2025 05:30 PM,E-IN-C BRANCH - MILITARY ENGINEER SERVICES||CE SC AND CE PUNE ZONE - MES||CWE (ARMY) MUMBAI - MES||GE (WEST) COLABA - MES,04-Oct-2025 06:00 PM,https://defproc.gov.in/nicgep/app?component=%24DirectLink&page=FrontEndLatestActiveCorrigendums&service=direct&session=T&sp=S6iUMTagno3tG5trYA8QtoQ%3D%3D
1786,2025_MES_727886_1,"[REPAIR/MAINT/UPKEEP OF EXTERNAL ELECTRIC SUPPLY LT DISTRIBUTION LINE, PANEL  AND CONNECTED ITEMS AT CHHEOKI MIL STATION UNDER GE (WEST) PRAYAGRAJ.]",26-Aug-2025 04:00 PM,E-IN-C BRANCH - MILITARY ENGINEER SERVICES||CE CC AND CE LUCKNOW ZONE - MES||CWE ALLAHABAD - MES,30-Sep-2025 06:00 PM,https://defproc.gov.in/nicgep/app?component=%24DirectLink&page=FrontEndLatestActiveCorrigendums&service=direct&session=T&sp=S4WhMdEoTOfeJ0tgw2gfYUw%3D%3D
1787,2025_MES_729132_1,[PROVN OF TOILETS AT CERTAIN LOCATIONS AND EXTERNAL GRIT FINISH IN LIVING ACCN UNDER AGE BR-I OF GE (AF) ADM AREA AT AF STATION AGRA.],03-Sep-2025 01:00 PM,E-IN-C BRANCH - MILITARY ENGINEER SERVICES||CE CC AND CE (AF) ALLAHABAD - MES||CWE (AF) KHERIA - MES||GE (AF) ADM AREA KHERIA - MES,29-Sep-2025 06:00 PM,https://defproc.gov.in/nicgep/app?component=%24DirectLink&page=FrontEndLatestActiveCorrigendums&service=direct&session=T&sp=S0fPCUVdsCM65DG0mCzpSMw%3D%3D
1788,2025_DGDE_732376_1,[DISPLAYING ADVERTISEMENT  BOARD ON STREET LIGHT POLES WITHIN PUNE CANTONMENT LIMIT FOR THE PERIOD 2025-2027],24-Sep-2025 05:00 PM,Directorate General Defence Estates||Principal Directorate Defence Estates- Southern Command Pune||Cantonment Board Pune- SC Pune,14-Oct-2025 12:00 PM,https://etender.up.nic.in/nicgep/app?component=%24DirectLink_0&page=FrontEndAdvancedSearchResult&service=direct&session=T&sp=SftyDzUuBJDzfzyo8k9CbPQ%3D%3D
1789,2025_MES_731808_1,[82598/E8 Provn of Furnituire for various projects including Renewal of furniture against surveyed off furniture and Spl Repairs/Replacement of BER furniture under CWE (AF) Trivandrum],19-Sep-2025 05:35 PM,E-IN-C BRANCH - MILITARY ENGINEER SERVICES||CESC AND CE (AF) BANGALORE - MES||CWE (AF) TRIVANDRUM - MES,15-Oct-2025 06:00 PM,https://etender.up.nic.in/nicgep/app?component=%24DirectLink_0&page=FrontEndAdvancedSearchResult&service=direct&session=T&sp=SHF%2Bb%2B4XrhuGm%2B%2FWK5jmEqQ%3D%3D
1790,2025_ICG_732413_1,[HIRING OF SECURITY SERVICES],29-Sep-2025 02:30 PM,Indian Coast Guard||CG Commander Eastern SeaBoard||RHQs (NE)||ICGS KOLKATA,06-Oct-2025 01:00 PM,https://etender.up.nic.in/nicgep/app?component=%24DirectLink_0&page=FrontEndAdvancedSearchResult&service=direct&session=T&sp=SUJ%2BhzZKkBjTmq1%2BAC%2BQlFg%3D%3D
1791,2025_MES_728634_1,[CLEANING REPAIR AND REPLACEMENT OF SEWAGE LINES MANHOLES DRAINS DRAIN COVERS AT METCALFE HOUSE AND KASHMIR HOUSE UNDER GE I RnD DELHI],01-Sep-2025 06:55 PM,E-IN-C BRANCH - MILITARY ENGINEER SERVICES||ADG (OF and DRDO)  AND CE (R and D) DELHI-  MES||AGE (I) RND DELHI - MES||AGE (I) R and D DELHI - MES,29-Sep-2025 06:00 PM,https://defproc.gov.in/nicgep/app?component=%24DirectLink&page=FrontEndLatestActiveCorrigendums&service=direct&session=T&sp=SiQ3wxYZ%2F1b76Ky3uWqdsKA%3D%3D
1792,2025_MES_728786_1,[COMPREHENSIVE DAY TO DAY REPAIR AND MAINTENANCE OF INTERNAL ELECTRIFICATION SERVICES FOR OTM ACCN AND HQ SWAC AT VSN GANDHINAGAR UNDER GE (AF) CHILODA],01-Sep-2025 06:00 PM,E-IN-C BRANCH - MILITARY ENGINEER SERVICES||CE SWC AND CE (AF) GANDHINAGAR - MES||CWE (AF) CHILODA - MES||GE (AF) CHILODA - MES,29-Sep-2025 06:00 PM,https://defproc.gov.in/nicgep/app?component=%24DirectLink&page=FrontEndLatestActiveCorrigendums&service=direct&session=T&sp=Sv7ftAJoKiFvIOXEsfR%2BC7Q%3D%3D
1793,2025_MES_727838_1,"[CWE/CHM-76/2025-26  REPAIR/ REPLACEMENT OF UNSERVICEABLE CHEMICAL EARTHING, SUBMAIN/ DB/ VTPN/ BUSBAR CHAMBER AND OTHER ALLIED E/M SERVICES UNDER GE CHANDIMANDIR AT CHANDIMANDIR MIL STATION ]",26-Aug-2025 05:00 PM,E-IN-C BRANCH - MILITARY ENGINEER SERVICES||CE WC AND CE CHANDIGARH ZONE - MES||CWE CHANDIMANDIR - MES,30-Sep-2025 06:00 PM,https://defproc.gov.in/nicgep/app?component=%24DirectLink&page=FrontEndLatestActiveCorrigendums&service=direct&session=T&sp=SsoeWy5xxK9yv855UcbzcSw%3D%3D
1794,2025_MES_729625_1,[PERIODICAL SERVICES TO EXTERNAL  INTERNAL WALLS WHITE WASH COLOUR WASH OBD PLASTIC EMULSION PAINT APEX PAINT ETC FOR INSIDE GTRE CDA DSC AND GE BSO EM OFFICE UNDER AGE BR II AT BANGALORE],19-Sep-2025 01:00 PM,E-IN-C BRANCH - MILITARY ENGINEER SERVICES||ADG (OF and DRDO) AND CE (R and D) SECUNDERABAD - MES||GE (I) RND (E) BANGALORE - MES,09-Oct-2025 06:00 PM,https://defproc.gov.in/nicgep/app?component=%24DirectLink&page=FrontEndLatestActiveCorrigendums&service=direct&session=T&sp=S0Sr3s8UY07j7FugTXzZrNA%3D%3D
1795,2025_MES_729354_1,[COMPREHENSIVE MAINTENANCE TO CERTAIN MESSES AT MAIN CAMP AREA AND REPAIR MAINT TO RCC ROOF PERIODICAL SERVICES TO CERTAIN BLDGS INCLUDING MESSES AT MAIN CAMP AT AFS TAMBARAM],04-Sep-2025 05:00 PM,E-IN-C BRANCH - MILITARY ENGINEER SERVICES||CESC AND CE (AF) BANGALORE - MES||CWE (AF) (NORTH) BANGALORE - MES||GE (AF) TAMBARAM - MES,02-Oct-2025 06:00 PM,https://defproc.gov.in/nicgep/app?component=%24DirectLink&page=FrontEndLatestActiveCorrigendums&service=direct&session=T&sp=S5TZ6iXLi9ETQMcsnrA4HHw%3D%3D
1796,2025_MES_718366_1,[PROVISION OF STANDBY POWER TRANSFORMER 3.15 MVA WITH CONNECTED WORKS AT AYODHYA UNDER AGE (I) AYODHYA CANTT.],04-Jul-2025 04:00 PM,E-IN-C BRANCH - MILITARY ENGINEER SERVICES||CE CC AND CE LUCKNOW ZONE - MES||CWE ALLAHABAD - MES,01-Oct-2025 06:00 PM,https://defproc.gov.in/nicgep/app?component=%24DirectLink&page=FrontEndLatestActiveCorrigendums&service=direct&session=T&sp=SMt%2BIJENvelEQxg3bocos8w%3D%3D
1797,2025_MES_730156_1,[SPECIAL REPAIR TO BUILDING NO NP 25 THE MALL (MNS MESS) UNDER GE (WEST) FEROZEPUR CANTT],13-Sep-2025 09:00 AM,E-IN-C BRANCH - MILITARY ENGINEER SERVICES||CE WC AND CE JALANDHAR ZONE - MES||CWE FEROZEPUR - MES||GE (WEST) FEROZEPUR - MES,03-Oct-2025 06:00 PM,https://etender.up.nic.in/nicgep/app?component=%24DirectLink_0&page=FrontEndAdvancedSearchResult&service=direct&session=T&sp=SGdQZMN6CDc%2BxpxINSwP4Pg%3D%3D
1798,2025_MES_731115_1,[REPAIRS  MAINTENANCE TO PACKAGE AND DUCTABLE TYPE AIR CONDITION PLANT OF VARIOUS CAPACITY UNDER GE M ARAKKONAM],22-Sep-2025 05:20 PM,E-IN-C BRANCH - MILITARY ENGINEER SERVICES||CE EC AND CE (NAVY) VIZAG - MES||CWE (Navy) Chennai - MES||GE(MAINT) ARAKKONAM - MES,13-Oct-2025 06:00 PM,https://etender.up.nic.in/nicgep/app?component=%24DirectLink_0&page=FrontEndAdvancedSearchResult&service=direct&session=T&sp=SRRiwCdhSsT0%2B%2FtQks4ifMg%3D%3D
1799,2025_MES_722225_1,[PROVN OF OTM LIVING ACCOMODATION FOR WOMEN MILITARY POLICE AT BHOPAL UNDER GE DRONACHAL],23-Jul-2025 06:35 PM,E-IN-C BRANCH - MILITARY ENGINEER SERVICES||CESC AND CE BHOPAL ZONE  - MES||CWE BHOPAL - MES,04-Oct-2025 06:00 PM,https://defproc.gov.in/nicgep/app?component=%24DirectLink&page=FrontEndLatestActiveCorrigendums&service=direct&session=T&sp=StR9Nr9%2BWAefyzx10fLaYNA%3D%3D
1800,2025_MES_731330_1,"[SPL REPAIR/REPLACEMENT OF CEILING FANS, EXHAUST FAN, WATER GEYSER AND DESERT COOLERS AGAINST BER UNDER AGE (I) NAYA RAIPUR]",17-Sep-2025 02:10 PM,E-IN-C BRANCH - MILITARY ENGINEER SERVICES||CE CC AND CE JABALPUR ZONE - MES||CWE JABALPUR - MES||AGE (I) RAIPUR - MES,04-Oct-2025 06:00 PM,https://defproc.gov.in/nicgep/app?component=%24DirectLink&page=FrontEndLatestActiveCorrigendums&service=direct&session=T&sp=SYpHDGpiqnsloiMCE6I2jsw%3D%3D
1801,2025_MES_726193_2,"[PAINTING TO RUNWAY PAVEMENT DISPERSAL, TAXI TRACK/LINKS, CHEQUERRED PAINTING ETC ALONGWITH REPAIRS TO SEWAGE LINE, DRAINS, CULVERTS, HARD STANDING, PATHS, FENCING AND MISC OF WORK IN 308 TRU AREA UNDER GE (AF) BHUJ  AT AF STN BHUJ]",10-Sep-2025 06:40 PM,E-IN-C BRANCH - MILITARY ENGINEER SERVICES||CE SWC AND CE (AF) GANDHINAGAR - MES||CWE (AF) BHUJ - MES||GE(AF) BHUJ - MES,04-Oct-2025 06:00 PM,https://defproc.gov.in/nicgep/app?component=%24DirectLink&page=FrontEndLatestActiveCorrigendums&service=direct&session=T&sp=SGiLrNsJJ10GZMBh3u2XjiA%3D%3D
1802,2025_MES_729477_1,[8453/E8 TERM CONTRACT FOR ARTIFICERS WORKS IN ZONE A AND  ZONE B  AT  MIL STN SHAHJAHANPUR CANTT UNDER GE (EAST) BAREILLY],04-Sep-2025 05:30 PM,E-IN-C BRANCH - MILITARY ENGINEER SERVICES||CE CC AND CE BAREILLY ZONE - MES||CWE BAREILLY - MES||GE(EAST) BAREILLY - MES,02-Oct-2025 06:00 PM,https://defproc.gov.in/nicgep/app?component=%24DirectLink&page=FrontEndLatestActiveCorrigendums&service=direct&session=T&sp=SxwEvopBrbMMfmp6%2Fq6pzUw%3D%3D
1803,2025_MES_727222_2,[GE/SRA/T-44/2025-26],16-Sep-2025 02:00 PM,E-IN-C BRANCH - MILITARY ENGINEER SERVICES||CE WC and CE(AF) WAC PALAM-MES||CWE(AF) BHISIANA - MES||GE (AF) Sirsa-MES,29-Sep-2025 06:00 PM,https://defproc.gov.in/nicgep/app?component=%24DirectLink&page=FrontEndLatestActiveCorrigendums&service=direct&session=T&sp=SaSLlBetUmXwponUZXCazTA%3D%3D
1804,2025_MES_731046_1,[REPAIRS TO ROOFING WPT TILLING AND CERTAIN B R WORKS IN MARRIED AND OTM ACCN AT VRDE AHMEDNAGAR 06],15-Sep-2025 06:00 PM,E-IN-C BRANCH - MILITARY ENGINEER SERVICES||ADG (OF and DRDO) AND CE (R and D) SECUNDERABAD - MES||GE (I) RND GIRINAGAR - MES,04-Oct-2025 02:00 PM,https://etender.up.nic.in/nicgep/app?component=%24DirectLink_0&page=FrontEndAdvancedSearchResult&service=direct&session=T&sp=S%2B%2FYDqlboPOWu27rBu3wVog%3D%3D
1805,2025_MES_729367_1,[REPAIRS AND MAINTENANCE OF EXTERNAL WATER SUPPLY PIPE LINE NETWORK WITH CONNECTED ACCESSORIES AND MISCELLANEOUS WORKS AT MASIMPUR AND KUMBHIGRAM UNDER GE SILCHAR],04-Sep-2025 02:00 PM,E-IN-C BRANCH - MILITARY ENGINEER SERVICES||CE EC AND CE SHILLONG ZONE - MES||CWE HQ 137 WE - MES||GE SILCHAR - MES,29-Sep-2025 06:00 PM,https://defproc.gov.in/nicgep/app?component=%24DirectLink&page=FrontEndLatestActiveCorrigendums&service=direct&session=T&sp=SHQ7Jt6u9mhA8xf73gB1Teg%3D%3D
1806,2025_MES_728860_1,[SMART PERIODICAL SERVICES AT MIL STN RATNUCHAK UNDER GE KALUCHAK],02-Sep-2025 12:00 PM,E-IN-C BRANCH - MILITARY ENGINEER SERVICES||CE WC AND CE PATHANKOT ZONE - MES||CWE JAMMU - MES||GE KALUCHAK - MES,30-Sep-2025 06:00 PM,https://defproc.gov.in/nicgep/app?component=%24DirectLink&page=FrontEndLatestActiveCorrigendums&service=direct&session=T&sp=STBX%2FgszgbvO1Fd0VCgAVVw%3D%3D
1807,2025_MES_723211_1,[PROVN OF WORK SERVICES FOR UPGRADATION OF 11KVA TO 33KVA DEDICATED POWER SUPPLY ALONG WITH ASSOCIATED WORKS AT AF STN PURNEA UNDER AGE I AF PURNEA],29-Jul-2025 04:35 PM,E-IN-C BRANCH - MILITARY ENGINEER SERVICES||CE EC AND CE (AF) SHILLONG - MES||CWE (AF) PANAGARH-MES,14-Oct-2025 06:00 PM,https://defproc.gov.in/nicgep/app?component=%24DirectLink&page=FrontEndLatestActiveCorrigendums&service=direct&session=T&sp=SmrLm3j1o%2Fg2es6dOEpONDQ%3D%3D
1808,2025_MES_729049_1,[SPL REPAIRS TO ROADS AT VARIOUS LOCATIONS OF CERTAIN UNIT AT RANGIA MIL STN UNDER GE RANGIA],02-Sep-2025 06:30 PM,E-IN-C BRANCH - MILITARY ENGINEER SERVICES||CE EC AND CE SILIGURI ZONE - MES||CWE TEZPUR - MES,30-Sep-2025 06:00 PM,https://defproc.gov.in/nicgep/app?component=%24DirectLink&page=FrontEndLatestActiveCorrigendums&service=direct&session=T&sp=SAlEBe43Vb05%2Fay3dvhbNLA%3D%3D
1809,2025_MES_728846_1,[CA NO. CWE/HILLS/PGH/84 OF 2025-2026 PROVN OF TEMPORARY MT COVERED SHED OF 5119 COY ASC AT PITHORAGARH UNDER GE MES PITHORAGARH],02-Sep-2025 09:00 AM,E-IN-C BRANCH - MILITARY ENGINEER SERVICES||CE CC AND CE BAREILLY ZONE - MES||CWE HILLS PITHORAGARH - MES,30-Sep-2025 06:00 PM,https://defproc.gov.in/nicgep/app?component=%24DirectLink&page=FrontEndLatestActiveCorrigendums&service=direct&session=T&sp=Sz30ybj%2Bj6uHD%2BNDSqGldvQ%3D%3D
1810,2025_ARMY_728519_1,"[CONSTRUCTION OF FOOT SUSPENSION BRIDGE IN GENERAL AREA ROING ON SIYOM RIVER NEAR KARO VILLAGE, DISTRICT SHI YOMI ARUNACHAL PRADESH]",09-Sep-2025 12:00 PM,IHQ of MoD (Army)-(OSCC)||Eastern Comd-IHQ of MoD (Army)-(OSCC)||MISC-Eastern Comd-IHQ of MoD (Army)-(OSCC)||UNIT 1-IHQ of MoD (Army),04-Oct-2025 09:00 AM,https://defproc.gov.in/nicgep/app?component=%24DirectLink&page=FrontEndLatestActiveCorrigendums&service=direct&session=T&sp=SpOoUEAB3cfu%2FWnhgZkiG0A%3D%3D
1811,2025_MES_729345_1,[COMPREHENSIVE MAINT TO BLDG AT CHARRI CAMP],04-Sep-2025 06:00 PM,E-IN-C BRANCH - MILITARY ENGINEER SERVICES||CE WC AND CE PATHANKOT ZONE - MES||CWE YOL - MES||GE PALAMPUR - MES,02-Oct-2025 06:00 PM,https://defproc.gov.in/nicgep/app?component=%24DirectLink&page=FrontEndLatestActiveCorrigendums&service=direct&session=T&sp=So0M1tfKAhEVrVC7JEJFAsA%3D%3D
1812,2025_MES_731254_1,[SPL REPAIR TO OLD UNSERVICEABLE GI/CI WATER SUPPLY PIPE LINES AND CONNECTED WORKS IN SIGNAL ZONE AND SPL REPAIRS / REPLACEMENT OF LT PANEL AT VARIOUS LOCATIONS AT KALIMPONG MIL STN UNDER GE 867 EWS],17-Sep-2025 09:00 AM,E-IN-C BRANCH - MILITARY ENGINEER SERVICES||CE EC AND CE SILIGURI ZONE - MES||HQ 136 WORKS ENGINEERS - MES||GE 867 EWS - MES,08-Oct-2025 06:00 PM,https://defproc.gov.in/nicgep/app?component=%24DirectLink&page=FrontEndLatestActiveCorrigendums&service=direct&session=T&sp=SI3wooAzF53eeyUa59zYz%2Fg%3D%3D
1813,2025_IAF_723572_1,[PROCUREMENT OF SPARES FOR SU-30MKI AIRCRAFT],31-Jul-2025 05:00 PM,Indian Air Force||AOM NEW DELHI - IAF||ACAS (Procurement) - IAF||D Procurement - IAF,31-Oct-2025 03:00 PM,https://defproc.gov.in/nicgep/app?component=%24DirectLink&page=FrontEndLatestActiveCorrigendums&service=direct&session=T&sp=S%2FfhQHUFa8z%2FItt6lRM4P3A%3D%3D
1814,2025_NAVY_729443_1,[329/CTS/MiG/RC/P-72-1D],08-Sep-2025 06:00 PM,IHQ of MOD (Navy)||WESTERN NAVAL COMMAND - NAVY||HQGNA - NAVY||MO (GOA) - NAVY,29-Sep-2025 06:00 PM,https://defproc.gov.in/nicgep/app?component=%24DirectLink&page=FrontEndLatestActiveCorrigendums&service=direct&session=T&sp=SeOGbp9YZWCiPsnDTO0QNaw%3D%3D
1815,2025_MES_722128_2,"[REPAIR AND MAINTENANCE OF SUMMER APPLIANCES AND ALLIED WORKS AT AFS BEGUMPET, CAW AND AF OFFICERS RESIDENTIAL ACCN UNDER GE (AF) HAKIMPET]",11-Sep-2025 06:00 PM,E-IN-C BRANCH - MILITARY ENGINEER SERVICES||CESC AND CE (AF) BANGALORE - MES||CWE (AF) SECUNDERABAD - MES||GE(AF)HAKIMPET HYDERABAD - MES,29-Sep-2025 06:00 PM,https://defproc.gov.in/nicgep/app?component=%24DirectLink&page=FrontEndLatestActiveCorrigendums&service=direct&session=T&sp=SkawT0VW%2Flw5iBwgDsOkK2Q%3D%3D
1816,2025_ARMY_731678_1,[RC/25-26/133],19-Sep-2025 06:00 PM,IHQ of MoD (Army)-(OSCC)||DGAFMS-IHQ of MoD (Army)-(OSCC)||DG 2 GROUP-IHQ of MoD (Army)-(OSCC)||AFMSD 4-IHQ of MoD (Army),21-Oct-2025 10:00 AM,https://etender.up.nic.in/nicgep/app?component=%24DirectLink_0&page=FrontEndAdvancedSearchResult&service=direct&session=T&sp=Sisf5s26p9beRsAgOD%2FjKyw%3D%3D
1817,2025_NAVY_732659_1,"[INVITATION OF BIDS FOR SUPPLY OF ACCESSORIES FOR QTY-2 NIV, CENTRAL MONITORING SYSTEM (ACCEPTED MODEL TRUESCOPE III SCHILLER) FOR DEPT OC INTENSIVE CARE UNIT  ON STE BASIS]",25-Sep-2025 06:00 PM,IHQ of MOD (Navy)||WESTERN NAVAL COMMAND - NAVY||INHS ASVINI - NAVY,03-Oct-2025 09:00 AM,https://etender.up.nic.in/nicgep/app?component=%24DirectLink_0&page=FrontEndAdvancedSearchResult&service=direct&session=T&sp=S7QFCDhvKXC8mvLbmAWFn1g%3D%3D
1818,2025_MES_732672_1,[GE/WS/Token No-41 OF 2025-26],25-Sep-2025 06:00 PM,E-IN-C BRANCH - MILITARY ENGINEER SERVICES||CE WC and CE DELHI ZONE-MES||CWE (U) DELHI CANTT-MES||GE(U)WATER SUPPLY DELHI CANTT-MES,16-Oct-2025 06:00 PM,https://etender.up.nic.in/nicgep/app?component=%24DirectLink_0&page=FrontEndAdvancedSearchResult&service=direct&session=T&sp=SWYhhDrfIgGGI%2Fwk34hk9cw%3D%3D
1819,2025_MES_730979_1,[REPAIR POLISHING OF ALL TYPE OF CHARPOYS BED HARD INCLUDING GI CHARPOY BED HARD COT TUBULAR INCL REPLACEMENT OF PLYWOODS REPLACEMENT OF HEADER AND FOOTER OF BEDS ETC AT OTA MH 16 MADRAS AND OTHER UNITS UNDER GE STM CHENNAI],16-Sep-2025 01:30 PM,E-IN-C BRANCH - MILITARY ENGINEER SERVICES||CE SC AND CE CHENNAI ZONE  - MES||CWE CHENNAI - MES||GE ST THOMAS MOUNT - MES,08-Oct-2025 06:00 PM,https://etender.up.nic.in/nicgep/app?component=%24DirectLink_0&page=FrontEndAdvancedSearchResult&service=direct&session=T&sp=S9XN7tiXZHcw7I0qC0GvqGg%3D%3D
1820,2025_MES_728790_1,[PROVN OF GD ROOM FOR 8 PERS AND SENTRY POST FOR OLD MT ACCN AND PROVN OF BOUNDARY WALL AND STEEL GATE AT OFFR MD ACCN SARAGARHI COMPLEX AT PALAMPUR MIL STN],01-Sep-2025 06:00 PM,E-IN-C BRANCH - MILITARY ENGINEER SERVICES||CE WC AND CE PATHANKOT ZONE - MES||CWE YOL - MES||GE PALAMPUR - MES,29-Sep-2025 06:00 PM,https://defproc.gov.in/nicgep/app?component=%24DirectLink&page=FrontEndLatestActiveCorrigendums&service=direct&session=T&sp=SjnXyMB5Ab%2FKhLxMb6FqcBw%3D%3D
1821,2025_MES_713015_3,[REPAIR MAINT OF EXTERNAL FRESH WATER DISTRIBUTION NETWORK AT OLD CANTT AREA UNDER GE GANGTOK],10-Sep-2025 02:00 PM,E-IN-C BRANCH - MILITARY ENGINEER SERVICES||CE EC AND CE SILIGURI ZONE - MES||HQ 136 WORKS ENGINEERS - MES||GEGANGTOK - MES,01-Oct-2025 06:00 PM,https://defproc.gov.in/nicgep/app?component=%24DirectLink&page=FrontEndLatestActiveCorrigendums&service=direct&session=T&sp=SdttODUlXLMXWrHcb%2FIPucg%3D%3D
1822,2025_MES_722354_1,[PROVN OF CENTRALIZED AC PLANT FOR DBS/LRC/URP STORAGE ACCN BUILDING ALONGWITH ASSOCIATED WORK SERVICES AT STN SIRSA ON EPC MODE ],25-Aug-2025 06:30 PM,E-IN-C BRANCH - MILITARY ENGINEER SERVICES||CE WC and CE(AF) WAC PALAM-MES,04-Oct-2025 06:30 PM,https://defproc.gov.in/nicgep/app?component=%24DirectLink&page=FrontEndLatestActiveCorrigendums&service=direct&session=T&sp=Se1nzXPw9%2FdircqJ6de3AbQ%3D%3D
1823,2025_MES_728872_1,[138WE/L-175/2025-26],02-Sep-2025 11:00 AM,E-IN-C BRANCH - MILITARY ENGINEER SERVICES||CE NC AND CE LEH ZONE - MES||HQ 138 WORKS ENGR - MES,30-Sep-2025 06:00 PM,https://defproc.gov.in/nicgep/app?component=%24DirectLink&page=FrontEndLatestActiveCorrigendums&service=direct&session=T&sp=Sua3sDYbgay2ogGaFTsJb9Q%3D%3D
1824,2025_BRO_730179_1,"[SURF WKS OF GSB 100 MM, WMM 100 MM/150 MM, DBM 55 MM WITH PRIME COAT AND BC 40 MM WITH TACK COAT INCL SCARFIYING EXISTING BT SURFACE AND PRE OF SUBGRADE IN SMB BET KM 0 TO KM 4.50  ON MOYING-YINGKIONG RD UNDER 105 RCC UNDER 761 TF IN AP]",10-Sep-2025 06:00 PM,Dte General Border Roads Organisation||HQ CE(P) Brahmank(Pasighat) - BRO,01-Oct-2025 11:00 AM,https://defproc.gov.in/nicgep/app?component=%24DirectLink&page=FrontEndLatestActiveCorrigendums&service=direct&session=T&sp=SsnRCcEjLIep8ptgJzegykA%3D%3D
1825,2025_MES_731055_1,"[PROVN OF PAVER BLOCK, CHAIN LINK FENCING, SHED FOR MT GARRAGE AND SENTRY POST WITH TOILET, PROVN OF RCC PLATEFORM AND WALL MOUNTED SHELVES WITH SLIDING DOORS AT 4 AFSB VARANASI UNDER GE AF GORAKHPUR. ]",15-Sep-2025 06:20 PM,E-IN-C BRANCH - MILITARY ENGINEER SERVICES||CE CC AND CE (AF) ALLAHABAD - MES||CWE (AF) BAMRAULI ALLAHABAD - MES||GE (AF) GORAKHPUR,07-Oct-2025 06:00 PM,https://defproc.gov.in/nicgep/app?component=%24DirectLink&page=FrontEndLatestActiveCorrigendums&service=direct&session=T&sp=S81zZbfnDr4gYk%2FN00sh8rA%3D%3D
1826,2025_MES_724148_1,[PROVN OF DRY RATION STORES UNDER GE 881 EWS],02-Aug-2025 02:00 PM,E-IN-C BRANCH - MILITARY ENGINEER SERVICES||CE NC AND CE UDHAMPUR ZONE - MES,11-Oct-2025 06:00 PM,https://defproc.gov.in/nicgep/app?component=%24DirectLink&page=FrontEndLatestActiveCorrigendums&service=direct&session=T&sp=S2kBKDNlslbbDqCFs2PcD9g%3D%3D
1827,2024_MES_688696_1,[752955A PROVN OF HRDC BLDG AT INF SCHOOL  MHOW],30-Jan-2025 06:00 PM,E-IN-C BRANCH - MILITARY ENGINEER SERVICES||CE CC AND CE JABALPUR ZONE - MES,23-Oct-2025 06:00 PM,https://defproc.gov.in/nicgep/app?component=%24DirectLink&page=FrontEndLatestActiveCorrigendums&service=direct&session=T&sp=SJnj%2BB%2FYwS2FiETOVA24ChA%3D%3D
1828,2025_MES_733175_1,[SPECIAL REPAIR TO ROAD FROM MAIN GATE TO MT SECTION OF ASC BN AND FROM BAFFLE RANGE TO R BDE OFFRS MESS UNDER GE PANAGARH],29-Sep-2025 02:00 PM,E-IN-C BRANCH - MILITARY ENGINEER SERVICES||CE EC AND CE KOLKATA ZONE - MES||CWE PANAGARH - MES,28-Oct-2025 06:00 PM,https://etender.up.nic.in/nicgep/app?component=%24DirectLink_0&page=FrontEndAdvancedSearchResult&service=direct&session=T&sp=S%2FdgXkInVjWBzn%2FWpNsgt1w%3D%3D
1829,2025_MES_731083_1,[CERTAIN REPAIRS TO WOODEN FURNITURE UNDER GE(EAST) FEROZEPUR CANTT],15-Sep-2025 06:50 PM,E-IN-C BRANCH - MILITARY ENGINEER SERVICES||CE WC AND CE JALANDHAR ZONE - MES||CWE FEROZEPUR - MES,04-Oct-2025 06:00 PM,https://etender.up.nic.in/nicgep/app?component=%24DirectLink_0&page=FrontEndAdvancedSearchResult&service=direct&session=T&sp=S6wjdRX%2BlmWuW2upShhVz9w%3D%3D
1830,2025_MES_728845_1,[CA NO. CWE/HILLS/RKT/83 OF 2025-2026 CONSTRUCTION OF HARD STANDING IN MT GARAGE ASC BN (MT) AT MIL STN HALDAWANI],02-Sep-2025 09:00 AM,E-IN-C BRANCH - MILITARY ENGINEER SERVICES||CE CC AND CE BAREILLY ZONE - MES||CWE HILLS PITHORAGARH - MES,30-Sep-2025 06:00 PM,https://defproc.gov.in/nicgep/app?component=%24DirectLink&page=FrontEndLatestActiveCorrigendums&service=direct&session=T&sp=SpqrCW%2BxBN%2FQaRU7ucJfTvw%3D%3D
1831,2025_MES_729969_1,"[REPAIR TO PATH, KERBS, PAINTING, STORM WATER DRAIN, CULVERT, HARD STANDING BOUNDARY/ SECURITY WALL, FENCING, BARBED WIRE, CONCERTINA COIL AT BEGUMPET UNDER GE (AF) HAKIMPET ]",09-Sep-2025 06:00 PM,E-IN-C BRANCH - MILITARY ENGINEER SERVICES||CESC AND CE (AF) BANGALORE - MES||CWE (AF) SECUNDERABAD - MES||GE(AF)HAKIMPET HYDERABAD - MES,30-Sep-2025 06:00 PM,https://defproc.gov.in/nicgep/app?component=%24DirectLink&page=FrontEndLatestActiveCorrigendums&service=direct&session=T&sp=SJrRf0sphCUj3yRyVGGeSBg%3D%3D
1832,2025_MES_729470_1,[SPECIAL REPAIR TO BER EM EQUIPMENTS COOLING APPLIANCES AT VARIOUS LOCATIONS AND PROVN OF ACs IN ANTE ROOM BAR ROOM AND DINING HALL OF OFFICERs MESS AT AF STN CHANDIGARH],04-Sep-2025 06:00 PM,E-IN-C BRANCH - MILITARY ENGINEER SERVICES||CE WC and CE(AF) WAC PALAM-MES||CWE (AF) Chandigarh-MES,07-Oct-2025 06:00 PM,https://defproc.gov.in/nicgep/app?component=%24DirectLink&page=FrontEndLatestActiveCorrigendums&service=direct&session=T&sp=SlsLZi3z1IjwBd065PyHe%2BA%3D%3D
1833,2025_MES_719082_2,[BALANCE PART (WOODEN FURNITURE) OF RENEWAL /REPLACEMENT OF MISC FURNITURE ITEMS AND PROVN OF FURNITURE FOR OTM SINGLE LIVING DSC PERSONAL AT LUCKNOW AND PROVN OF FURNITURE FOR OTM ACCN AND TECH STORES FOR BARABANKI UNDER GE(EAST) LUCKNOW],04-Sep-2025 06:30 PM,E-IN-C BRANCH - MILITARY ENGINEER SERVICES||CE CC AND CE LUCKNOW ZONE - MES||CWE LUCKNOW - MES,30-Sep-2025 06:00 PM,https://defproc.gov.in/nicgep/app?component=%24DirectLink&page=FrontEndLatestActiveCorrigendums&service=direct&session=T&sp=SKm2xtDo19qIlQAQMmjoPTg%3D%3D
1834,2025_MES_728207_1,"[REPAIR/ REPLACEMENT OF COLD AND HOT WATER SUPPLY PIPE LINE, SUPPLY AND DISTRIBUTION OF CHLORINATION AGENTS AT WATER SUPPLY INSTALLATIONS AND REPAIR/ REPLACEMENT OF CHLORINATION DEVICE AND CLEANING OF WATER TANK IN SUMMER UNDER GE (AF) THOISE]",29-Aug-2025 09:00 AM,E-IN-C BRANCH - MILITARY ENGINEER SERVICES||CE NC AND CE (AF) UDHAMPUR - MES||CWE (AF) Leh - MES||GE (AF) Thoise- CWE (AF) Leh - MES,02-Oct-2025 06:00 PM,https://defproc.gov.in/nicgep/app?component=%24DirectLink&page=FrontEndLatestActiveCorrigendums&service=direct&session=T&sp=SBWVbiAR6CQsIyzMEC%2Bu7hw%3D%3D
1835,2025_MES_729820_1,"[REPAIR / MAINTENANCE OF DG SETS AT NURLA, SANGAM HILL,  NANAK HILL AND EXTERNAL ELECTRICAL SUPPLY, REPLACEMENT OF  UG CABLE, HT VCB, TRANSFORMER, HT CABLE, HT GOD SWITCH AT  NIMU MILITARY STATION UNDER AGE I, NIMU]",09-Sep-2025 03:00 PM,E-IN-C BRANCH - MILITARY ENGINEER SERVICES||CE NC AND CE LEH ZONE - MES||CWE KUMBATHANG - MES,30-Sep-2025 06:00 PM,https://defproc.gov.in/nicgep/app?component=%24DirectLink&page=FrontEndLatestActiveCorrigendums&service=direct&session=T&sp=StQOHvZpdFP0AeMHZ4eMXmQ%3D%3D
1836,2025_MES_726625_2,[GE/CHM-75/2025-2026  ADDN/ALTN TO BLDG NO P-782 AT CHANDIMANDIR],23-Sep-2025 06:00 PM,E-IN-C BRANCH - MILITARY ENGINEER SERVICES||CE WC AND CE CHANDIGARH ZONE - MES||CWE CHANDIMANDIR - MES||GE CHANDIMANDIR - MES,04-Oct-2025 06:00 PM,https://defproc.gov.in/nicgep/app?component=%24DirectLink&page=FrontEndLatestActiveCorrigendums&service=direct&session=T&sp=SUXRfUYXzBoZ5gzoVHhCFNQ%3D%3D
1837,2025_MES_728509_1,[DAY TO DAY MAINT OF DISTRUBTION PIPE LINES INCLUDING REPAIR/REPLACEMENT OF GI PIPELINES AND CONNECTED WORKS AT MIL STN GAYA ],30-Aug-2025 09:30 AM,E-IN-C BRANCH - MILITARY ENGINEER SERVICES||CE CC AND CE JABALPUR ZONE - MES||CWE RANCHI - MES||GE (P) GAYA - MES,02-Oct-2025 06:00 PM,https://defproc.gov.in/nicgep/app?component=%24DirectLink&page=FrontEndLatestActiveCorrigendums&service=direct&session=T&sp=SOb7diJJ%2FRLDC0Db7hhcC5Q%3D%3D
1838,2025_MES_731520_1,"[REPAIRS REPLACEMENT OF LT PANEL, MISC ELECTRIC ITEMS AND CABLES IN RESIDENTIAL AREA AND DEPOT AREA UNDER GE PULGAON]",18-Sep-2025 02:00 PM,E-IN-C BRANCH - MILITARY ENGINEER SERVICES||CESC AND CE BHOPAL ZONE  - MES||CWE NAGPUR - MES||GE PULGAON - MES,08-Oct-2025 06:00 PM,https://defproc.gov.in/nicgep/app?component=%24DirectLink&page=FrontEndLatestActiveCorrigendums&service=direct&session=T&sp=Sj8ADSOV6qJP9Uqo7Xc9SDA%3D%3D
1839,2025_MES_730631_1,[CERTAIN REPAIRS TO ROAD UNDER AGE (I) FATEHGARH],12-Sep-2025 06:00 PM,E-IN-C BRANCH - MILITARY ENGINEER SERVICES||CE CC AND CE LUCKNOW ZONE - MES||CWE AGRA - MES,03-Oct-2025 06:00 PM,https://etender.up.nic.in/nicgep/app?component=%24DirectLink_0&page=FrontEndAdvancedSearchResult&service=direct&session=T&sp=S86HhCrLR2T1cxYjNNVkIJg%3D%3D
1840,2025_MES_732036_1,"[CA NO. GE/CHM-86/2025-2026 REPAIR TO COMPOUND WALL, FENCING, DRAIN, PATHS, CULVERTS ETC IN MD ACCN UNDER AGE B/R II AT CHANDIMANDIR]",22-Sep-2025 06:00 PM,E-IN-C BRANCH - MILITARY ENGINEER SERVICES||CE WC AND CE CHANDIGARH ZONE - MES||CWE CHANDIMANDIR - MES||GE CHANDIMANDIR - MES,13-Oct-2025 06:00 PM,https://etender.up.nic.in/nicgep/app?component=%24DirectLink_0&page=FrontEndAdvancedSearchResult&service=direct&session=T&sp=Sw3TPgTP6XGkxr9YFNlV5tQ%3D%3D
1841,2025_MES_720407_2,[REPAIR/ MAINT TO ROADS AND BERMS OF OTM ACCN AND MD ACCN AT HAPPY VALLEY UNDER GE SHILLONG],09-Sep-2025 06:55 PM,E-IN-C BRANCH - MILITARY ENGINEER SERVICES||CE EC AND CE SHILLONG ZONE - MES||CWE Shillong - MES,30-Sep-2025 06:00 PM,https://defproc.gov.in/nicgep/app?component=%24DirectLink&page=FrontEndLatestActiveCorrigendums&service=direct&session=T&sp=SW1EPizSTP9AybcO3%2FXYmmQ%3D%3D
1842,2025_MES_729537_1,[REPAIR AND POLISHING OF WOODEN FURNITURE AT MD ACCN AND OTHER OTM ACCN AT INS HAMLA UNDER GE (NW) BHANDUP],04-Sep-2025 06:55 PM,E-IN-C BRANCH - MILITARY ENGINEER SERVICES||CESC AND CE( NAVY )MUMBAI - MES||CWE (SUBURB) MUMBAI - MES||GE (NW) BHANDUP - MES,02-Oct-2025 06:00 PM,https://defproc.gov.in/nicgep/app?component=%24DirectLink&page=FrontEndLatestActiveCorrigendums&service=direct&session=T&sp=SCQh8dpbnuPP2z4dE6Hl70A%3D%3D
1843,2025_MES_728239_1,[REPAIR AND ROUTINE MAINTENANCE OF 625 AND 500 KVA DG SET INSTALLED AT OLD POWER HOUSE IN WINTER SEASON AT AF STN THOISE UNDER GE (AF) THOISE],29-Aug-2025 09:00 AM,E-IN-C BRANCH - MILITARY ENGINEER SERVICES||CE NC AND CE (AF) UDHAMPUR - MES||CWE (AF) Leh - MES||GE (AF) Thoise- CWE (AF) Leh - MES,02-Oct-2025 06:00 PM,https://defproc.gov.in/nicgep/app?component=%24DirectLink&page=FrontEndLatestActiveCorrigendums&service=direct&session=T&sp=SRSIn4bb7Ugzf%2BOFnRpMYDw%3D%3D
1844,2025_MES_729254_1,"[PROVISION OF DEFICIENT TOILETS AT N4/N5 JETTY  AT HQEF AND NEAR COY BASIN AT NAVAL DOCKYARD, VISAKHAPATNAM UNDER GE (I) DM VISAKHAPATNAM]",03-Sep-2025 06:00 PM,E-IN-C BRANCH - MILITARY ENGINEER SERVICES||CE EC AND CE (NAVY) VIZAG - MES||GE (I) (DM) VISAKHAPATNAM - MES||GE I DM VIZAG - MES,01-Oct-2025 06:00 PM,https://defproc.gov.in/nicgep/app?component=%24DirectLink&page=FrontEndLatestActiveCorrigendums&service=direct&session=T&sp=SVSsBb2HrTJ4VFYSIQ5R1qg%3D%3D
1845,2025_MES_730826_2,[SPECIAL REPAIR TO  BLDG NO.  P-195 RECT OTM  ACCN AT 20 CAMP SRC RAMGARH CANTT],17-Sep-2025 02:30 PM,E-IN-C BRANCH - MILITARY ENGINEER SERVICES||CE CC AND CE JABALPUR ZONE - MES||CWE RANCHI - MES||GE RAMGARH - MES,08-Oct-2025 06:00 PM,https://defproc.gov.in/nicgep/app?component=%24DirectLink&page=FrontEndLatestActiveCorrigendums&service=direct&session=T&sp=SQDJZPHev3kcgZtgMJo6oIg%3D%3D
1846,2025_MES_728068_1,[COMP MAINTENANCE OF CERTAIN B/R AND E/M SERVICES IN PAO ORS UNDER AGE(I) AYODHYA CANTT],27-Aug-2025 05:00 PM,E-IN-C BRANCH - MILITARY ENGINEER SERVICES||CE CC AND CE LUCKNOW ZONE - MES||CWE ALLAHABAD - MES||GE FAIZABAD - MES,30-Sep-2025 06:00 PM,https://defproc.gov.in/nicgep/app?component=%24DirectLink&page=FrontEndLatestActiveCorrigendums&service=direct&session=T&sp=SEjiziWFT1qB26hu40u5b%2Bg%3D%3D
1847,2025_MES_728497_1,[PROVISION OF BASKETBALL AND VOLLEYBALL COURT AT MAHAR REGIMENT CENTRE UNDER GE SAUGOR],29-Aug-2025 06:50 PM,E-IN-C BRANCH - MILITARY ENGINEER SERVICES||CESC AND CE BHOPAL ZONE  - MES||CWE BHOPAL - MES,01-Oct-2025 06:00 PM,https://defproc.gov.in/nicgep/app?component=%24DirectLink&page=FrontEndLatestActiveCorrigendums&service=direct&session=T&sp=SpJq0pSWtqoITlZsSInUQ2g%3D%3D
1848,2025_MES_731929_1,[REPAIR MAINTENANCE OF HT ELECTRIC SYSTEM VCB RMU TRANSFORMER  HT CABLE AT MAKARPURA AF STN BARODA],20-Sep-2025 03:00 PM,E-IN-C BRANCH - MILITARY ENGINEER SERVICES||CE SWC AND CE (AF) GANDHINAGAR - MES||CWE (AF) CHILODA - MES,11-Oct-2025 06:00 PM,https://etender.up.nic.in/nicgep/app?component=%24DirectLink_0&page=FrontEndAdvancedSearchResult&service=direct&session=T&sp=SGoNQlL2hNvrXHHtbqPMmGg%3D%3D
1849,2025_MES_731965_1,"[REPAIR AND MAINT OF 11 KV NETWORK INCLUDING TRANSFORMER, SWITCHGEAR AND CONNECTED ACCESSORIES AT ZONE-II AREA UNDER GE (S) JAIPUR]",20-Sep-2025 03:00 PM,E-IN-C BRANCH - MILITARY ENGINEER SERVICES||CE SWC AND CE JAIPUR JAIPUR - MES||CWE JAIPUR - MES,13-Oct-2025 06:00 PM,https://etender.up.nic.in/nicgep/app?component=%24DirectLink_0&page=FrontEndAdvancedSearchResult&service=direct&session=T&sp=SKT5tNfHDemqBbC7BDJFzBw%3D%3D
1850,2025_MES_713724_3,[PROVN OF COMPOUND WALL WITH GATE AND WATCH TOWER IN 4032 SQ MTR  (01 ACRE) LAND FOR RADAR STATION AT SUHELIPAR ISLAND UNDER DHQ-12 KAVARATTI UNDER GE (NAVY) LAKSHADWEEP],16-Sep-2025 03:30 PM,E-IN-C BRANCH - MILITARY ENGINEER SERVICES||CESC AND CE (NAVY) KOCHI - MES||CWE (NB) KOCHI - MES,06-Oct-2025 06:00 PM,https://etender.up.nic.in/nicgep/app?component=%24DirectLink_0&page=FrontEndAdvancedSearchResult&service=direct&session=T&sp=S5X3xD5ffwruTJJpS22iCxA%3D%3D
1851,2025_MES_728482_1,[PROVN OF ARBORICULTURE AT AIR FORCE SCHOOL BUILDING AT 7 AFH ],29-Aug-2025 06:45 PM,E-IN-C BRANCH - MILITARY ENGINEER SERVICES||CESC AND CE (AF) NAGPUR - MES||CWE (AF) CHAKERI - MES,10-Oct-2025 06:00 PM,https://defproc.gov.in/nicgep/app?component=%24DirectLink&page=FrontEndLatestActiveCorrigendums&service=direct&session=T&sp=SaDodkn28SlSYW05AGKF8mQ%3D%3D
