Serial Number,Tender ID,Title,E-Published Date,Organisation,Closing Date,Link
1,2025_HWAY_609720_1,[Uthangarai (H) CandM Sub Division (SLM-109)],29-Sep-2025 10:00 AM,Highways||Construction and Maintenance Wing||Salem Circle,23-Oct-2025 10:30 AM,https://etender.up.nic.in/nicgep/app?component=%24DirectLink_0&page=FrontEndAdvancedSearchResult&service=direct&session=T&sp=SYSRiipvJKC%2FUDq0krkeLcg%3D%3D
2,2025_TNHB_603524_1,[Sales of Commercial Plots at Kilmudalambedu Phase II],15-Sep-2025 11:00 AM,Tamil Nadu Housing Board||Project Circle (City)||Special Project Division I,15-Oct-2025 11:30 AM,https://etender.up.nic.in/nicgep/app?component=%24DirectLink_0&page=FrontEndAdvancedSearchResult&service=direct&session=T&sp=SentKOxSqDiNOVzBWOcsgYQ%3D%3D
3,2025_DoTE_601530_1,[SPORTS EQUIPMENTS],08-Sep-2025 02:00 PM,"Directorate of Technical Education||Govt. Polytechnic College - DOTE||Srinivasa Subbaraya Polytechnic College, Puthur",03-Oct-2025 11:00 AM,https://tntenders.gov.in/nicgep/app?component=%24DirectLink&page=FrontEndLatestActiveCorrigendums&service=direct&session=T&sp=SHPAuSe0mNTxiFk0HLyaReQ%3D%3D
4,2025_DoTE_604389_1,[PLC AND AUTOMATION PRACTICUM],16-Sep-2025 06:00 PM,Directorate of Technical Education||Govt. Polytechnic College - DOTE||GPT-Papanasam - Thanjavur,30-Sep-2025 11:00 AM,https://etender.up.nic.in/nicgep/app?component=%24DirectLink_0&page=FrontEndAdvancedSearchResult&service=direct&session=T&sp=SmpzRP1D54V60KndaVCvnag%3D%3D
5,2025_TCMPF_570897_2,"[Procurement of Solar / Wind Mill Power from Producers Through Open Access for TCMPF Limited, Head Office]",30-Jul-2025 05:00 PM,Tamilnadu Co-op Milk Producers Federation Ltd.||Projects and Engineering-TCMPF,14-Oct-2025 02:30 PM,https://tntenders.gov.in/nicgep/app?component=%24DirectLink&page=FrontEndLatestActiveCorrigendums&service=direct&session=T&sp=Sr3n8oL1lc0rYAERU3LuXbQ%3D%3D
6,2025_HWAY_604810_1,[Improvements to Riding Quality and Drain works to the Government roads inSirkali H CandM Sub division Jurisdiction TNJ85],18-Sep-2025 06:50 PM,Highways||Construction and Maintenance Wing||Thanjavur Circle,07-Oct-2025 11:30 AM,https://etender.up.nic.in/nicgep/app?component=%24DirectLink_0&page=FrontEndAdvancedSearchResult&service=direct&session=T&sp=S3DEVhGz7%2FqnLHp2q8p5Ypg%3D%3D
7,2025_CoC_607317_1,[R.D.C.N.C.D.C.No. B4 / 363 / 2025],22-Sep-2025 03:00 PM,"Corporation of Chennai||Regional Office North,CoC",06-Oct-2025 03:00 PM,https://etender.up.nic.in/nicgep/app?component=%24DirectLink_0&page=FrontEndAdvancedSearchResult&service=direct&session=T&sp=SM46TwwfCCavPfpk6884gzA%3D%3D
8,2025_DTP_608507_1,[2nd-Retender - 15thFC 2nd Installment - 2025-2026 - 630],24-Sep-2025 06:55 PM,"Directorate of Town Panchayats||Salem Zone||Omalur Town Panchayat, Salem",03-Oct-2025 03:00 PM,https://etender.up.nic.in/nicgep/app?component=%24DirectLink_0&page=FrontEndAdvancedSearchResult&service=direct&session=T&sp=StanKP6Mkl3CXr17asGyCYQ%3D%3D
9,2025_HWAY_604523_1,[Bridge Works],18-Sep-2025 10:00 AM,Highways||NABARD and Rural Roads||Tirunelveli,07-Oct-2025 11:00 AM,https://etender.up.nic.in/nicgep/app?component=%24DirectLink_0&page=FrontEndAdvancedSearchResult&service=direct&session=T&sp=S2oZI3JSFUK%2FmPbw6NdiyRg%3D%3D
10,2025_HWAY_609055_1,[Upgradation of Panchayat Union /Panchayat Roads to Other District Roads TRY-82],27-Sep-2025 10:00 AM,Highways||NABARD and Rural Roads||Trichy,14-Oct-2025 11:00 AM,https://etender.up.nic.in/nicgep/app?component=%24DirectLink_0&page=FrontEndAdvancedSearchResult&service=direct&session=T&sp=SVPhESa%2BmyVOl29t1oyKqSQ%3D%3D
11,2025_EB_604651_1,[entrusting works contract for carrying out all type of maintenance and emergency works in all equipments in 230kV Korattur SS in Chennai North Operation circle for a period of 2Years ],16-Sep-2025 05:00 PM,TNEB Limited||TANTRANSCO||CE-System Operation-Chennai - TANTRANSCO||SE-Operation-Korattur - TANTRANSCO,15-Oct-2025 03:00 PM,https://etender.up.nic.in/nicgep/app?component=%24DirectLink_0&page=FrontEndAdvancedSearchResult&service=direct&session=T&sp=SHtVqLloPL3MCodDiBiIRHQ%3D%3D
12,2025_HWAY_603718_3,"[TRY-87 / 2025-26, Avudaiyarkovil SubDivision]",13-Sep-2025 06:00 PM,Highways||Construction and Maintenance Wing||Trichy Circle,07-Oct-2025 11:00 AM,https://tntenders.gov.in/nicgep/app?component=%24DirectLink&page=FrontEndLatestActiveCorrigendums&service=direct&session=T&sp=S1o939gvuYIY8YaVXBeTP7w%3D%3D
13,2025_DMA_609966_4,[ Providing play field in Corporation Middle School at Natarajan Street in Ward No.10 TCMC Zone No.01],29-Sep-2025 01:00 PM,Directorate Of Municipal Administration||Tambaram City Municipal Corporation,06-Oct-2025 03:00 PM,https://etender.up.nic.in/nicgep/app?component=%24DirectLink_0&page=FrontEndAdvancedSearchResult&service=direct&session=T&sp=SsldgHEEYBA%2BXMXhia0DK8g%3D%3D
14,2025_HWAY_605560_1,[MDU 130 / Sivagangai Sub Division / CRIDP 2025 26],22-Sep-2025 06:55 PM,Highways||Construction and Maintenance Wing||Madurai Circle,07-Oct-2025 11:00 AM,https://etender.up.nic.in/nicgep/app?component=%24DirectLink_0&page=FrontEndAdvancedSearchResult&service=direct&session=T&sp=SC8Bq0D5K4RxanQj7A9lobQ%3D%3D
15,2025_HWAY_600152_1,[TN.36/Sl.No.02/KPM/CRIDP Work 2025-26],17-Sep-2025 06:30 PM,Highways||Construction and Maintenance Wing||Chennai Circle,16-Oct-2025 10:15 AM,https://etender.up.nic.in/nicgep/app?component=%24DirectLink_0&page=FrontEndAdvancedSearchResult&service=direct&session=T&sp=SnnKe5zlFe5duWY5jweCkcw%3D%3D
16,2025_RDTN_607465_1,[MLACDS 2024 25CONSTRUCTION OF COMMUNITY HALL AT MELATHALIKOTTAI IN THALIKOTTAI PANCHAYAT .],22-Sep-2025 04:10 PM,"Rural Development and Panchayat Raj Department||Tiruvarur,RD,TN||NEEDAMANGALAM, TIRUVARUR,RD,TN",30-Sep-2025 03:00 PM,https://etender.up.nic.in/nicgep/app?component=%24DirectLink_0&page=FrontEndAdvancedSearchResult&service=direct&session=T&sp=SgkNVyqwfDfaHWCIdGd6fRw%3D%3D
17,2025_RDTN_609569_1,[Vellore district Providing Cement Concretre  Pavement AD Colony New Ouaters Street in Nelvoy Panchayat  in Kaniyambadi Block General Fund 2025-26 PACKAGE NO 04],27-Sep-2025 01:30 PM,"Rural Development and Panchayat Raj Department||Vellore,RD,TN||KANIAMBADI, VELLORE,RD,TN",10-Oct-2025 03:00 PM,https://etender.up.nic.in/nicgep/app?component=%24DirectLink_0&page=FrontEndAdvancedSearchResult&service=direct&session=T&sp=S3d33DUOmki1%2FU5umaUauhQ%3D%3D
18,2025_TTDCL_565545_2,"[Design, Supply, Install, Test and Commission Innovative and Immersive 3D Projection Mapping shows at Thirumalai Nayakar Mahal, Madurai (Package-2) with Operations and Maintenance for a period of 10 years on PPP basis]",11-Sep-2025 09:00 AM,Tamil Nadu Tourism Development Corporation Limited||Engineering Wing,07-Oct-2025 03:00 PM,https://tntenders.gov.in/nicgep/app?component=%24DirectLink&page=FrontEndLatestActiveCorrigendums&service=direct&session=T&sp=SGFUzC8Wi8ELY7fBgtR00WA%3D%3D
19,2025_RDTN_609286_1,[Vellore district Providing New Bore Well with 2HP Motor and Specials with Extension of Pipeline at Muthukumaranmalai Kollaimedu (Palani House Near) in Kil-Kothur Panchayat Anaicut Block 15th CFC-BP 2025-2026(TIED andUNTIED) Scheme Package no  03],26-Sep-2025 05:00 PM,"Rural Development and Panchayat Raj Department||Vellore,RD,TN||ANAICUT, VELLORE,RD,TN",06-Oct-2025 03:00 PM,https://etender.up.nic.in/nicgep/app?component=%24DirectLink_0&page=FrontEndAdvancedSearchResult&service=direct&session=T&sp=S%2FgEslQag4xs1vSg55yw%2FnA%3D%3D
20,2025_HWAY_609424_1,[Upgradation of Panchayat Union / Panchayat Roads to Other District Roads (SLM-31)],27-Sep-2025 11:00 AM,Highways||NABARD and Rural Roads||Salem,14-Oct-2025 11:00 AM,https://etender.up.nic.in/nicgep/app?component=%24DirectLink_0&page=FrontEndAdvancedSearchResult&service=direct&session=T&sp=SGCg2UUgW8DINY7kNjKaYZA%3D%3D
21,2025_PWD_605279_1,[Provision for Fire Fighting Equipments arrangements for the Construction of Government law college at Karaikudi in Sivagangai District],22-Sep-2025 06:55 PM,"PWD||PWD CE buildings||Chief Engineer - Madurai Region - Madurai||Buildings (C and M) Circle, Sivagangai||Buildings (C and M) Division, Sivagangai",07-Oct-2025 03:00 PM,https://etender.up.nic.in/nicgep/app?component=%24DirectLink_0&page=FrontEndAdvancedSearchResult&service=direct&session=T&sp=SYErYJDvJdTZq%2BJZ4Shvx9A%3D%3D
22,2025_DoTE_608727_1,[PURCHASE OF EQUIPMENT],25-Sep-2025 02:10 PM,"Directorate of Technical Education||Govt. Polytechnic College - DOTE||Government Polytechnic College, Perundurai, Erode",06-Oct-2025 11:00 AM,https://etender.up.nic.in/nicgep/app?component=%24DirectLink_0&page=FrontEndAdvancedSearchResult&service=direct&session=T&sp=Sz%2FtcAexw8hyh19e0GxdOgw%3D%3D
23,2025_TMGRM_605146_1,[PRINTING OF PERSONALISED ANSWER BOOKLETS OF THIS UNIVERSITY],18-Sep-2025 09:00 AM,Tamilnadu Dr. M.G.R. Medical University,06-Oct-2025 11:00 AM,https://etender.up.nic.in/nicgep/app?component=%24DirectLink_0&page=FrontEndAdvancedSearchResult&service=direct&session=T&sp=Sb2WTuS5V8xCWf9Ufz2ijeg%3D%3D
24,2025_RDTN_609203_1,[Providing Paver Block Pavement at Alaganapuram North Street in Chithambarapuram Panchayat],26-Sep-2025 04:00 PM,"Rural Development and Panchayat Raj Department||Tirunelveli,RD,TN||RADHAPURAM, TIRUNELVELI,RD,TN",30-Sep-2025 03:00 PM,https://etender.up.nic.in/nicgep/app?component=%24DirectLink_0&page=FrontEndAdvancedSearchResult&service=direct&session=T&sp=SU6u4NAsqYe8hWOzQaJa68w%3D%3D
25,2025_RDTN_609210_1,[VELLORE DISTRICT Providing New Borewell with 7.5HP Motor and specials and Pumping main  line at Vengadaperumal Street in Varathalampattu  Panchayat ANAICUT BLOCK 15 CFC  DP 2025-2026 PACKAGE NO 03],26-Sep-2025 04:00 PM,"Rural Development and Panchayat Raj Department||Vellore,RD,TN||ANAICUT, VELLORE,RD,TN",06-Oct-2025 03:00 PM,https://etender.up.nic.in/nicgep/app?component=%24DirectLink_0&page=FrontEndAdvancedSearchResult&service=direct&session=T&sp=SGg2p%2F7FmAC%2FM7MPvAfhfLA%3D%3D
26,2025_DTP_604872_1,[Providing 5000 litre main sintex and platform and providing pumping line from Kaithodu to Erichamamoottuvilai in Kumarapuram Town Panchayat],16-Sep-2025 06:50 PM,Directorate of Town Panchayats||Nagercoil Zone||Kumarapuram Town Panchayat,30-Sep-2025 03:00 PM,https://etender.up.nic.in/nicgep/app?component=%24DirectLink_0&page=FrontEndAdvancedSearchResult&service=direct&session=T&sp=SWYPCdioJUJrpsmaxnpLTgA%3D%3D
27,2025_DTP_607206_1,[15th Finance - 2025-2026 - Tied work - Sanitation],21-Sep-2025 01:55 PM,Directorate of Town Panchayats||Nagercoil Zone||Thazhakkudi Town Panchayat,30-Sep-2025 03:00 PM,https://etender.up.nic.in/nicgep/app?component=%24DirectLink_0&page=FrontEndAdvancedSearchResult&service=direct&session=T&sp=Sx3VXJvuAZ2iXLfpXoDooDA%3D%3D
28,2025_DTP_610072_1,[General Fund 2025-2026 - Narasimmanaickenpalayam Town Panchayat- Patch Work],29-Sep-2025 03:15 PM,"Directorate of Town Panchayats||Coimbatore Zone||Narasimhanaickenpalayam Town Panchayat, Coimbatore",30-Sep-2025 03:00 PM,https://etender.up.nic.in/nicgep/app?component=%24DirectLink_0&page=FrontEndAdvancedSearchResult&service=direct&session=T&sp=SZdUtYawlKOC5NUEFt%2FZXNA%3D%3D
29,2025_HWAY_603281_1,[TN.43/Sl.No.01/CPT/CRIDP Work 2025-26],24-Sep-2025 06:50 PM,Highways||Construction and Maintenance Wing||Chennai Circle,16-Oct-2025 10:15 AM,https://etender.up.nic.in/nicgep/app?component=%24DirectLink_0&page=FrontEndAdvancedSearchResult&service=direct&session=T&sp=SDxzj6kXQpUJFitTdvYDaEg%3D%3D
30,2025_DTP_604735_1,[Construction of compound wall at SWM shed in Thirparappu Town Panchayat.],16-Sep-2025 03:00 PM,Directorate of Town Panchayats||Nagercoil Zone||Thirpparappu Town Panchayat,30-Sep-2025 03:00 PM,https://tntenders.gov.in/nicgep/app?component=%24DirectLink&page=FrontEndLatestActiveCorrigendums&service=direct&session=T&sp=S8bdWswtXtGPnG2lNa0g1Kg%3D%3D
31,2025_MAWS_605451_26,[CUDDALORE CORPORATION -  PROVIDING FOR CULVERT AT  MUTHUKRISHNAN PILLAI SANTHU AND OTHER AREAS IN WARD 26  ],18-Sep-2025 06:00 PM,MAWS||Cuddalore Municipality,30-Sep-2025 03:00 PM,https://etender.up.nic.in/nicgep/app?component=%24DirectLink_0&page=FrontEndAdvancedSearchResult&service=direct&session=T&sp=SjBiZ%2FoaPVeChy890gsvimg%3D%3D
32,2025_DoTE_607530_1,[TONERS FOR OFFICE],22-Sep-2025 06:00 PM,Directorate of Technical Education||Govt. Engineering College - DOTE||Government  College of Engineering - Srirangam,06-Oct-2025 05:00 PM,https://etender.up.nic.in/nicgep/app?component=%24DirectLink_0&page=FrontEndAdvancedSearchResult&service=direct&session=T&sp=SSj22odkny8zAL38x10xZUQ%3D%3D
33,2025_DTP_607419_1,[15th Finance - Tied Grant - 2025-26 - 2nd Installment (Pacode Town Panchayat0],22-Sep-2025 04:00 PM,Directorate of Town Panchayats||Nagercoil Zone||Pacode Town Panchayat,30-Sep-2025 03:00 PM,https://etender.up.nic.in/nicgep/app?component=%24DirectLink_0&page=FrontEndAdvancedSearchResult&service=direct&session=T&sp=Sdsi5w7%2FJ8oIW2xORySLfIQ%3D%3D
34,2025_MAWS_608533_1,[Providing Water supply arrangements and Maintenance  Repair Works to ICDS no33614140403 at North Pillaiyar Kovil Street  in Ward No31],25-Sep-2025 09:00 AM,MAWS||Tiruchirappalli City Municipal Corporation,30-Sep-2025 03:00 PM,https://etender.up.nic.in/nicgep/app?component=%24DirectLink_0&page=FrontEndAdvancedSearchResult&service=direct&session=T&sp=S5GifRqR47ce8E0P9h8CDAQ%3D%3D
35,2025_EB_607324_1,[NCTPSISEMII Circle AHP DnUnit III OH Works 202526 Overhauling of various sizes of valves cleaning checking and rubber lining the ash water lines cleaning of ash water tank and ash slurry Sump etc in Ash Handling Pump House],22-Sep-2025 06:00 PM,TNEB Limited||TANGEDCO||CE-NCTPS-I - TANGEDCO||SE-Mechanical Maintenance II-NCTPS-I - TANGEDCO,06-Oct-2025 02:00 PM,https://etender.up.nic.in/nicgep/app?component=%24DirectLink_0&page=FrontEndAdvancedSearchResult&service=direct&session=T&sp=Sjv1nxzg%2FGkLXvfwU4o7TcA%3D%3D
36,2025_EB_609296_1,[Procurement of Power Contactors 5 items],26-Sep-2025 06:00 PM,TNEB Limited||TANGEDCO||CE-GTS - TANGEDCO||SE-Kuttalam Gas Turbine Power Stations,13-Oct-2025 02:00 PM,https://etender.up.nic.in/nicgep/app?component=%24DirectLink_0&page=FrontEndAdvancedSearchResult&service=direct&session=T&sp=SBRxFkejd2EMNzA4eg8P2IQ%3D%3D
37,2025_DTP_608759_1,[MLA Fund 2025-26],25-Sep-2025 03:15 PM,"Directorate of Town Panchayats||Coimbatore Zone||Mopperipalayam Town Panchayat, Coimbatore",03-Oct-2025 03:00 PM,https://etender.up.nic.in/nicgep/app?component=%24DirectLink_0&page=FrontEndAdvancedSearchResult&service=direct&session=T&sp=SToYlZ1E2m81pC%2BIHkIGvNg%3D%3D
38,2025_CoC_608944_1,"[Demolition and Reconstruction of Stormwater drain of size 1500 x 1500 mm at 1st Avenue (Jn. of G Block 12th street and 1st Avenue to Jn. of O Block 22nd street and 1st Avenue) in Dn.101, Zone 8]",26-Sep-2025 09:00 AM,"Corporation of Chennai||Regional office Central ,CoC",03-Oct-2025 03:00 PM,https://etender.up.nic.in/nicgep/app?component=%24DirectLink_0&page=FrontEndAdvancedSearchResult&service=direct&session=T&sp=St0Mkkmb3rdzXXPf3UAX21w%3D%3D
39,2025_CoC_607597_1,"[Improvements to the Existing Canal Road Through Widening and Laying ILP at Canal Street in Div-116, U-27, Z-09]",22-Sep-2025 06:55 PM,"Corporation of Chennai||Regional office Central ,CoC",06-Oct-2025 03:00 PM,https://etender.up.nic.in/nicgep/app?component=%24DirectLink_0&page=FrontEndAdvancedSearchResult&service=direct&session=T&sp=SwY9m5Db1Vt%2Favj%2B4ulexBw%3D%3D
40,2025_PWD_605632_1,[Construction of New Government Industrial Training Institute at Pochampalli in Krishnagiri District],19-Sep-2025 03:00 PM,"PWD||PWD CE buildings||Chief  Engineer-Coimbatore Region - Coimbatore||Buildings (C and M) Circle, Salem",06-Oct-2025 03:00 PM,https://etender.up.nic.in/nicgep/app?component=%24DirectLink_0&page=FrontEndAdvancedSearchResult&service=direct&session=T&sp=S1NrXgH6t6rmSDJismQlaGA%3D%3D
41,2025_RDTN_608718_1,[Strengthening of The Road From Keeranatham - Vaiyampalayam Main Road to Senthur Garden H/o Keeranatham Panchayat (365 M)],25-Sep-2025 02:00 PM,"Rural Development and Panchayat Raj Department||Coimbatore,RD,TN||SARKARSAMAKULAM, COIMBATORE,RD,TN",30-Sep-2025 03:00 PM,https://etender.up.nic.in/nicgep/app?component=%24DirectLink_0&page=FrontEndAdvancedSearchResult&service=direct&session=T&sp=SbihkXkmvRVIZJZRaWxG3uQ%3D%3D
42,2025_EB_605159_1,[Supply of ECO Hopper Ash Disposal Pipe Lines and  Fittings for Unit  IV],17-Sep-2025 06:00 PM,TNEB Limited||TANGEDCO||CE-TTPS - TANGEDCO||SE-Purchase and Administration-TTPS - TANGEDCO,06-Oct-2025 02:00 PM,https://etender.up.nic.in/nicgep/app?component=%24DirectLink_0&page=FrontEndAdvancedSearchResult&service=direct&session=T&sp=SV7teTQ2E7nUbVjTLCkmnuA%3D%3D
43,2025_EB_598395_2,[CONSTRUCTION OF CONTROL ROOM AT PILAKURUCHI IN PEDC PBLR TRICHY REGION],05-Sep-2025 02:00 PM,TNEB Limited||TANGEDCO||CE-Trichy EDC - TANGEDCO,08-Oct-2025 02:30 PM,https://etender.up.nic.in/nicgep/app?component=%24DirectLink_0&page=FrontEndAdvancedSearchResult&service=direct&session=T&sp=SLw5R7hv0N2WkUzpvXv90hg%3D%3D
44,2025_DTP_609555_1,[6th Finance 2025-2026-1],27-Sep-2025 02:00 PM,"Directorate of Town Panchayats||Dindigul Zone||Aravakurichi Town Panchayat, Karur",30-Sep-2025 03:00 PM,https://etender.up.nic.in/nicgep/app?component=%24DirectLink_0&page=FrontEndAdvancedSearchResult&service=direct&session=T&sp=SLWGIdcYOrJ2W%2FjPYR0X13g%3D%3D
45,2025_HWAY_603206_1,[VPM-101-CRIDP 2025-26],18-Sep-2025 10:00 AM,Highways||Construction and Maintenance Wing||Villupuram Circle,15-Oct-2025 12:00 PM,https://etender.up.nic.in/nicgep/app?component=%24DirectLink_0&page=FrontEndAdvancedSearchResult&service=direct&session=T&sp=S%2FhNFIR4zPpaoCQlbF%2FpB5g%3D%3D
46,2025_DTP_609176_1,[2025-2026 GF Supply and installation of SS pipe with Name Board arrangement in Sambavarvadakarai TP],26-Sep-2025 03:30 PM,Directorate of Town Panchayats||Tirunelveli Zone||Sambavar Vadagarai Town Panchayat,06-Oct-2025 03:00 PM,https://etender.up.nic.in/nicgep/app?component=%24DirectLink_0&page=FrontEndAdvancedSearchResult&service=direct&session=T&sp=S9ULI0voJdNcH%2BOWbT%2BRKgg%3D%3D
47,2025_MAWS_607533_7,[15th CFC 2025-26 Tied WS Construction of Compound wall and Watchman Room at Weekly Market OHT Campus],23-Sep-2025 11:00 AM,MAWS||Kadayanallur Municipality,06-Oct-2025 03:00 PM,https://etender.up.nic.in/nicgep/app?component=%24DirectLink_0&page=FrontEndAdvancedSearchResult&service=direct&session=T&sp=S2kH4HtLjdfvoINOMgD8EQA%3D%3D
48,2025_EB_608706_1,[Supply of Various Sizes of HSFG 10 9gr Bolts and Nuts with 2 washers for 1600 NB inlet and outlet pipe line etc in Unit I II III],25-Sep-2025 04:00 PM,TNEB Limited||TANGEDCO||CE-NCTPS-I - TANGEDCO||SE-Purchase and Administration-NCTPS-I - TANGEDCO,07-Oct-2025 02:00 PM,https://etender.up.nic.in/nicgep/app?component=%24DirectLink_0&page=FrontEndAdvancedSearchResult&service=direct&session=T&sp=S4pGQc2SUTI%2F8%2FXactaAdEA%3D%3D
49,2025_RDTN_608736_1,[A3/2512/2025],26-Sep-2025 09:00 AM,Rural Development and Panchayat Raj Department||Tirupathur RD TN||Jolarpet Tirupathur RD TN,06-Oct-2025 03:00 PM,https://etender.up.nic.in/nicgep/app?component=%24DirectLink_0&page=FrontEndAdvancedSearchResult&service=direct&session=T&sp=Sa430RSa%2B7zRG5OqrGewuyg%3D%3D
50,2025_AHDF_607052_1,[Leasing of Fishing rights of Valathur Lake],22-Sep-2025 11:00 AM,Fisheries and Fishermen Welfare Department||Inland Fisheries - Head Office||Chennai Region||Assistant Director of Fisheries -  Kancheepuram,08-Oct-2025 12:00 PM,https://etender.up.nic.in/nicgep/app?component=%24DirectLink_0&page=FrontEndAdvancedSearchResult&service=direct&session=T&sp=SaKTyWgT2BN2IZOu8WzHmPA%3D%3D
51,2025_AHDF_609106_1,[Construction of Fish Landing Centre at Thirupalaikkudi in Ramanathapuram District],26-Sep-2025 05:00 PM,Fisheries and Fishermen Welfare Department||Fishing Harbour Project Circle,13-Oct-2025 03:00 PM,https://etender.up.nic.in/nicgep/app?component=%24DirectLink_0&page=FrontEndAdvancedSearchResult&service=direct&session=T&sp=ScroxlbFd9lNszHWg0CEpmQ%3D%3D
52,2025_HE_608294_1,[Equipment],24-Sep-2025 04:00 PM,Higher Education||Bharathiar University||Centre for Research and Technology Development,09-Oct-2025 03:00 PM,https://etender.up.nic.in/nicgep/app?component=%24DirectLink_0&page=FrontEndAdvancedSearchResult&service=direct&session=T&sp=SU2FQg4U69nWyxLtOXGgzvQ%3D%3D
53,2025_MAWS_609902_1,"[Providing Storm Water Drain with Paver Block Road at ward no 21, Ibrahim Garden 1st Street in Kottakuppam Municipality]",29-Sep-2025 09:00 AM,MAWS||Kottakuppam Municipality,03-Oct-2025 03:00 PM,https://tntenders.gov.in/nicgep/app?component=%24DirectLink&page=FrontEndLatestActiveCorrigendums&service=direct&session=T&sp=SYZ33MIiQfrr6I%2BakPy6hXg%3D%3D
54,2025_RDTN_609702_1,[Strengthening of South Street Ambethgar Nager Sub 2 Road in Pulavanji Panchayat 0/0-0/450 (450m)Under MLACDS 2025-26],27-Sep-2025 04:45 PM,"Rural Development and Panchayat Raj Department||Thanjavur,RD,TN||MADUKKUR, THANJAVUR,RD,TN",07-Oct-2025 03:00 PM,https://etender.up.nic.in/nicgep/app?component=%24DirectLink_0&page=FrontEndAdvancedSearchResult&service=direct&session=T&sp=S0XYv4oWsdBLpyHWcCvO7nw%3D%3D
55,2025_EB_606814_1,[CE/D/VPM/OTE NO.08/25-26-Supply Of Double Pole Transformer Structure Material Complete Set for 9 m PSC Pole 400 Kgs. to Villupuram Region],20-Sep-2025 02:00 PM,TNEB Limited||TANGEDCO||CE-Distribution-Villupuram - TANGEDCO,09-Oct-2025 12:00 PM,https://etender.up.nic.in/nicgep/app?component=%24DirectLink_0&page=FrontEndAdvancedSearchResult&service=direct&session=T&sp=SUVuRyweMY6kpy%2F2UzMyrwQ%3D%3D
56,2025_HWAY_598568_1,[VPM-062-Non Plan-2025-26],04-Sep-2025 10:00 AM,Highways||Construction and Maintenance Wing||Villupuram Circle,15-Oct-2025 12:00 PM,https://etender.up.nic.in/nicgep/app?component=%24DirectLink_0&page=FrontEndAdvancedSearchResult&service=direct&session=T&sp=Swa7wwG5ifOCbL3U02uLF5w%3D%3D
57,2025_HWAY_605553_1,[MDU 127 / Thiruppathur Sub Division / CRIDP 2025 26],20-Sep-2025 06:55 PM,Highways||Construction and Maintenance Wing||Madurai Circle,07-Oct-2025 11:00 AM,https://etender.up.nic.in/nicgep/app?component=%24DirectLink_0&page=FrontEndAdvancedSearchResult&service=direct&session=T&sp=S0sA6kKDQBei1cro6UpuqpQ%3D%3D
58,2025_MAWS_609132_1,[SUPPLY OF DBC WORKERS TO PUBLIC HEALTH IN MADUKKARAI MUNICIPALITY ],26-Sep-2025 06:20 PM,MAWS||Madukkarai Municipality,30-Sep-2025 03:00 PM,https://etender.up.nic.in/nicgep/app?component=%24DirectLink_0&page=FrontEndAdvancedSearchResult&service=direct&session=T&sp=SKr2mmPAFZtO0QDgTinQvhA%3D%3D
59,2025_EB_608179_1,"[ECHP-II- Reconditioning of bend pulley by providing necessary shaft, end disc, hub, stiffeners and keys for Conveyor-68]",24-Sep-2025 09:00 AM,TNEB Limited||TANGEDCO||CE-TTPS - TANGEDCO||SE-Mechanical Maintenance I-TTPS - TANGEDCO,09-Oct-2025 02:00 PM,https://etender.up.nic.in/nicgep/app?component=%24DirectLink_0&page=FrontEndAdvancedSearchResult&service=direct&session=T&sp=SvLNV73Yn9KMaqRZf5bq3Sg%3D%3D
60,2025_HWAY_583059_1,[TN.24/Sl.No.06/TVLR/CRIDP Work 2025-26],30-Aug-2025 06:55 PM,Highways||Construction and Maintenance Wing||Chennai Circle,30-Sep-2025 11:00 AM,https://etender.up.nic.in/nicgep/app?component=%24DirectLink_0&page=FrontEndAdvancedSearchResult&service=direct&session=T&sp=SAEP6%2FEc58NaT6Ak49fWsWQ%3D%3D
61,2025_RDTN_609548_1,[Tirupathur District 15 CFC 2025-26 Providing Paver Block From Nagaraj House to Selvaraj House in Thiriyalam H/O Thiriyalam Package No.07],27-Sep-2025 02:00 PM,Rural Development and Panchayat Raj Department||Tirupathur RD TN||Jolarpet Tirupathur RD TN,10-Oct-2025 03:00 PM,https://etender.up.nic.in/nicgep/app?component=%24DirectLink_0&page=FrontEndAdvancedSearchResult&service=direct&session=T&sp=SKiOto3z5tWZ0cYqQ%2BMd%2F6Q%3D%3D
62,2025_HE_604611_1,[Equipment],16-Sep-2025 04:00 PM,Higher Education||Bharathiar University||Centre for Research and Technology Development,03-Oct-2025 03:00 PM,https://etender.up.nic.in/nicgep/app?component=%24DirectLink_0&page=FrontEndAdvancedSearchResult&service=direct&session=T&sp=SJVYiABRfB5lFfkuScZ821g%3D%3D
63,2025_WRD_605364_1,"[Construction of 66 numbers of Artificial Recharge Shafts in Salem, Erode, Coimbatore and Tiruppur Districts.]",18-Sep-2025 10:00 AM,Water Resources Department||CE WRD SGSWRDC Tharamani - Chennai||SE Ground Water circle - Thanjavur,06-Oct-2025 02:00 PM,https://etender.up.nic.in/nicgep/app?component=%24DirectLink_0&page=FrontEndAdvancedSearchResult&service=direct&session=T&sp=SkZZJ9VhUoZKkGLMtDQb3gA%3D%3D
64,2025_RDTN_608437_4,[Vettakudi road KM 0/0 to 1/0],25-Sep-2025 05:00 PM,"Rural Development and Panchayat Raj Department||Cuddalore,RD,TN||VIRUDHACHALAM,CUDDALORE,RD,TN",06-Oct-2025 04:00 PM,https://tntenders.gov.in/nicgep/app?component=%24DirectLink&page=FrontEndLatestActiveCorrigendums&service=direct&session=T&sp=SKu4TDH6PyN7TGBpgxhVb1w%3D%3D
65,2025_HWAY_595573_1,[CRIDP 2025-26],25-Aug-2025 06:00 PM,Highways||Construction and Maintenance Wing||Coimbatore Circle,09-Oct-2025 10:30 AM,https://etender.up.nic.in/nicgep/app?component=%24DirectLink_0&page=FrontEndAdvancedSearchResult&service=direct&session=T&sp=SdYwMuYdUGy4WBGjdtTu9Fw%3D%3D
66,2025_AHDF_609831_1,"[Leasing of fishery rights of 23 eris in Kallakurichi, Thirukovilur and Sankarapuram taluk in Kallakurichi district.]",29-Sep-2025 10:00 AM,Fisheries and Fishermen Welfare Department||Inland Fisheries - Head Office||Cuddalore Region||Assistant Director of Fisheries - Villupuram,13-Oct-2025 10:00 AM,https://etender.up.nic.in/nicgep/app?component=%24DirectLink_0&page=FrontEndAdvancedSearchResult&service=direct&session=T&sp=S6ZAm6GJ%2Fh5guQL0v3JX%2BgQ%3D%3D
67,2025_TCMPF_606021_1,[Milk Collection Route],18-Sep-2025 06:45 PM,Tamilnadu Co-op Milk Producers Federation Ltd.||TDCMPU Ltd - Tirunelveli - TCMPF,14-Oct-2025 10:00 AM,https://etender.up.nic.in/nicgep/app?component=%24DirectLink_0&page=FrontEndAdvancedSearchResult&service=direct&session=T&sp=SnRaMadGO94LTPStY%2BmhKQA%3D%3D
68,2025_MAWS_608361_1,[Construction of Anganwadi Building at Margapanthu Nagar Center no 33731020217 survey no 218 of 6 and 219 of 1 part in Melvisharam Municipality],24-Sep-2025 04:00 PM,MAWS||Arani Municipality,08-Oct-2025 03:00 PM,https://etender.up.nic.in/nicgep/app?component=%24DirectLink_0&page=FrontEndAdvancedSearchResult&service=direct&session=T&sp=SH5zOc1ps5tp5d3JF4vntKg%3D%3D
69,2025_CoC_608448_1,"[IMPROVEMENT WORKS TO EXISTING UNIT OFFICE AT SEETHAKATHI SALAI IN DN 93, UNIT - 20, ZONE VII]",24-Sep-2025 06:00 PM,"Corporation of Chennai||Regional office Central ,CoC",06-Oct-2025 03:00 PM,https://etender.up.nic.in/nicgep/app?component=%24DirectLink_0&page=FrontEndAdvancedSearchResult&service=direct&session=T&sp=SM1IcsJ9pAFBReyuIG1XTSA%3D%3D
70,2025_MAWS_605451_27,"[CUDDALORE CORPORATION -   PROVIDING FOR CULVERT  AT THIRUVARASAN PILLAI THOTTAM, MARIAMMAN KOIL STREET AND BODI CHETTY STREET  IN WARD  27]",18-Sep-2025 06:00 PM,MAWS||Cuddalore Municipality,30-Sep-2025 03:00 PM,https://etender.up.nic.in/nicgep/app?component=%24DirectLink_0&page=FrontEndAdvancedSearchResult&service=direct&session=T&sp=SoWUHmDejUDO%2FjSTcPiJpvw%3D%3D
71,2025_DTP_607423_1,[2025-26 -15th Finance Commission - 1st Installment Tied Grant],22-Sep-2025 03:05 PM,"Directorate of Town Panchayats||Cuddalore Zone||Bhuvanagiri Town Panchayat, Cuddalore",03-Oct-2025 03:00 PM,https://tntenders.gov.in/nicgep/app?component=%24DirectLink&page=FrontEndLatestActiveCorrigendums&service=direct&session=T&sp=Sp%2F8Xtxo%2BpOpLWj37xB83Hg%3D%3D
72,2025_DTP_609983_1,[Erode DT Salangapalyam tp General Fund 2025-26 Anganwadi Repaire work],29-Sep-2025 12:45 PM,"Directorate of Town Panchayats||Erode Zone||Salangapalayam Town Panchayat, Erode",07-Oct-2025 03:00 PM,https://etender.up.nic.in/nicgep/app?component=%24DirectLink_0&page=FrontEndAdvancedSearchResult&service=direct&session=T&sp=SVZAc2wuY4M7DjhQtHpQd1w%3D%3D
73,2025_DoTE_609397_1,[Printing and Fixing Name Board for Mech. Dept.],27-Sep-2025 09:00 AM,"Directorate of Technical Education||Govt. Polytechnic College - DOTE||Govt. Polytechnic College, coimbatore",09-Oct-2025 02:00 PM,https://etender.up.nic.in/nicgep/app?component=%24DirectLink_0&page=FrontEndAdvancedSearchResult&service=direct&session=T&sp=SXJm3vUbjEnWpLyiB0vYWTg%3D%3D
74,2025_MAWS_604073_1,[Kallakurichi Municipality - SWM Operational and Maintenance Activities],15-Sep-2025 09:00 AM,MAWS||Kallakurichi Municipality,30-Sep-2025 03:00 PM,https://etender.up.nic.in/nicgep/app?component=%24DirectLink_0&page=FrontEndAdvancedSearchResult&service=direct&session=T&sp=S84iLDqoKWQVlAwDu0F141A%3D%3D
75,2025_CMDAC_607559_1,[Procurement of Furniture and Kitchen equipment for 13 Nos of Community Hall Chennai],22-Sep-2025 06:55 PM,Chennai Metropolitan Development Authority||Construction Wing,06-Oct-2025 03:00 PM,https://etender.up.nic.in/nicgep/app?component=%24DirectLink_0&page=FrontEndAdvancedSearchResult&service=direct&session=T&sp=SnYB9XcBwrphbH9TtGzKF9g%3D%3D
76,2025_RDTN_609599_1,[Vellore district Providing CC pavement at Mettu Idayampatti Pillayar Kovil Strret in Adukkamparai Panchayat in Kaniyambadi Block General Fund 2025-26 PACKAGE NO 43],27-Sep-2025 01:30 PM,"Rural Development and Panchayat Raj Department||Vellore,RD,TN||KANIAMBADI, VELLORE,RD,TN",10-Oct-2025 03:00 PM,https://etender.up.nic.in/nicgep/app?component=%24DirectLink_0&page=FrontEndAdvancedSearchResult&service=direct&session=T&sp=ShnN%2BcYMygRCPgli%2FUIKgQw%3D%3D
77,2025_DET_604276_1,[Sale of MS Scrap and Other Consumable Scrap],16-Sep-2025 04:00 PM,Department of Employment and Training (Training Wing)||Training Wing||Chennai Region||AMBATTUR  I.T.I.,30-Sep-2025 02:00 PM,https://etender.up.nic.in/nicgep/app?component=%24DirectLink_0&page=FrontEndAdvancedSearchResult&service=direct&session=T&sp=S3fd8ErSMoEDAtWZ2SHHBxw%3D%3D
78,2025_RDTN_609715_3,[Construction Of Retaining Wall Near Vannarkulam in Vanniconendal Panchayat],27-Sep-2025 05:00 PM,"Rural Development and Panchayat Raj Department||Tirunelveli,RD,TN||MANUR, TIRUNELVELI,RD,TN",06-Oct-2025 03:00 PM,https://etender.up.nic.in/nicgep/app?component=%24DirectLink_0&page=FrontEndAdvancedSearchResult&service=direct&session=T&sp=SEy5Q3KgKSSzJ0HX79L5Z3g%3D%3D
79,2025_EB_605189_1,"[Complete overhauling including attending of minor repair works of  BHEL make, 50MVA STG Power Transformer of Steam Turbine]",17-Sep-2025 05:10 PM,TNEB Limited||TANGEDCO||CE-GTS - TANGEDCO||SE-Valuthur Gas Turbine Power Stations,03-Oct-2025 02:00 PM,https://etender.up.nic.in/nicgep/app?component=%24DirectLink_0&page=FrontEndAdvancedSearchResult&service=direct&session=T&sp=SJ5TAzeFcYiktUGiBEgs3AA%3D%3D
80,2025_DTP_607504_1,[2025-26 -15th Finance Commission - 2nd Installment Tied Grant ],22-Sep-2025 04:45 PM,"Directorate of Town Panchayats||Cuddalore Zone||Bhuvanagiri Town Panchayat, Cuddalore",03-Oct-2025 03:00 PM,https://tntenders.gov.in/nicgep/app?component=%24DirectLink&page=FrontEndLatestActiveCorrigendums&service=direct&session=T&sp=SNsDK%2FEMYWMnvI3vNNgtsVA%3D%3D
81,2025_TNPL_600395_1,[LABORATORY AND QC TESTING SERVICES AT R D AND QC AT TNPL UNIT - II],04-Sep-2025 06:00 PM,Tamilnadu Newsprint and Papers Limited||TNPL Unit-2||TNPL TOS,06-Oct-2025 03:00 PM,https://tntenders.gov.in/nicgep/app?component=%24DirectLink&page=FrontEndLatestActiveCorrigendums&service=direct&session=T&sp=S33GxS5Fl%2FmDv4CwxeLrvUQ%3D%3D
82,2025_PWD_606301_1,[Sub Work Providing  Interior amenities and other facilities for the work of Construction of VIP and VVIP Guest house  for the Honble Judges in the Premises of Honble Madurai Bench of  Madras High Court at Madurai in Madurai  District ],23-Sep-2025 02:30 PM,"PWD||PWD CE buildings||Chief Engineer - Madurai Region - Madurai||Buildings (C and M) Circle, Madurai||Buildings Construction Division, Madurai",08-Oct-2025 03:00 PM,https://etender.up.nic.in/nicgep/app?component=%24DirectLink_0&page=FrontEndAdvancedSearchResult&service=direct&session=T&sp=SQo85gT1aS%2BYr6qJ%2BwUeRmQ%3D%3D
83,2025_HWAY_607644_1,[TN No 47 2025 26 HDO Dt 10 09 2025 TVM 138],24-Sep-2025 11:00 AM,Highways||Construction and Maintenance Wing||Tiruvannamalai Circle,16-Oct-2025 11:00 AM,https://etender.up.nic.in/nicgep/app?component=%24DirectLink_0&page=FrontEndAdvancedSearchResult&service=direct&session=T&sp=S%2B0ZnQJF18dZMsnhb70W%2FMg%3D%3D
84,2025_EB_607521_1,"[Running  Contract for Carrying out the Extension, Improvement and Maintenance work in Thiruverumbur Sub Division of East Division]",22-Sep-2025 06:00 PM,TNEB Limited||TANGEDCO||CE-Trichy EDC - TANGEDCO||SE-Trichy-Metro - TANGEDCO,06-Oct-2025 02:00 PM,https://etender.up.nic.in/nicgep/app?component=%24DirectLink_0&page=FrontEndAdvancedSearchResult&service=direct&session=T&sp=S1crQtRn%2FilARnX%2F99D%2BPSw%3D%3D
85,2025_RDTN_608278_1,[RC No 1630/2025/a2 Date 22 09 2025  Kottur block Kummattithidal pt P2],24-Sep-2025 12:30 PM,"Rural Development and Panchayat Raj Department||Tiruvarur,RD,TN||KOTTUR, TIRUVARUR,RD,TN",30-Sep-2025 03:00 PM,https://etender.up.nic.in/nicgep/app?component=%24DirectLink_0&page=FrontEndAdvancedSearchResult&service=direct&session=T&sp=SysDXhaXEwoKvHhMa53h%2FzA%3D%3D
86,2024_DTP_477047_1,[KNMT 2024 - 25 - Busstand Alangulam Tp],24-Aug-2024 03:35 PM,Directorate of Town Panchayats||Tirunelveli Zone||Allangulam Town Panchayat,14-Oct-2025 03:00 PM,https://tntenders.gov.in/nicgep/app?component=%24DirectLink&page=FrontEndLatestActiveCorrigendums&service=direct&session=T&sp=SfWnJUrbInWJ79%2FjR%2FxleZQ%3D%3D
87,2025_DTP_608955_7,[15TH FINANCE 2025-26 2nd INSTALMENT_20.00 Lakh],26-Sep-2025 09:00 AM,Directorate of Town Panchayats||Tirunelveli Zone||Panagudi Town Panchayat,30-Sep-2025 03:00 PM,https://etender.up.nic.in/nicgep/app?component=%24DirectLink_0&page=FrontEndAdvancedSearchResult&service=direct&session=T&sp=StqKauQVZtzrFJ1brFVwR9Q%3D%3D
88,2025_RDTN_607810_1,[Providing Basic infrastructure works at Sorakolathur and Thenpallipattu Camps in Thurinjapuram Block Package No. TVM/2025-26/178 of Tiruvannamalai District],23-Sep-2025 02:00 PM,"Rural Development and Panchayat Raj Department||Tiruvannamalai,RD,TN",30-Sep-2025 03:00 PM,https://tntenders.gov.in/nicgep/app?component=%24DirectLink&page=FrontEndLatestActiveCorrigendums&service=direct&session=T&sp=Sxv4w1Gf4X35JAKnzdY9a5A%3D%3D
89,2025_EB_597576_1,[Establishment of New 33/11KV SS],26-Aug-2025 06:00 PM,TNEB Limited||TANGEDCO||CE-Distribution-Villupuram - TANGEDCO,06-Oct-2025 02:00 PM,https://tntenders.gov.in/nicgep/app?component=%24DirectLink&page=FrontEndLatestActiveCorrigendums&service=direct&session=T&sp=SdD0%2Bp4aXTgfQNiokXY5mbA%3D%3D
90,2025_CoC_608244_1,[Z.O.II.C.No.E1/601840/2025],26-Sep-2025 03:00 PM,"Corporation of Chennai||Regional Office North,CoC",09-Oct-2025 03:00 PM,https://etender.up.nic.in/nicgep/app?component=%24DirectLink_0&page=FrontEndAdvancedSearchResult&service=direct&session=T&sp=SkSiWjwUhpZRRCDxTADYoCg%3D%3D
91,2025_HWAY_609390_1,[Upgradation of Panchayat Union / Panchayat Roads to Other District Roads (SLM-52)],27-Sep-2025 11:00 AM,Highways||NABARD and Rural Roads||Salem,14-Oct-2025 11:00 AM,https://etender.up.nic.in/nicgep/app?component=%24DirectLink_0&page=FrontEndAdvancedSearchResult&service=direct&session=T&sp=SAeJDHApIZna5IhgQThmSlg%3D%3D
92,2025_MAWS_607533_4,"[15th CFC 2025-26 Tied WSSupply and Installation of 35.00HP Motor, 7.50HP Motor and 5.00HP Motor at Periyar River Water Supply Head works]",23-Sep-2025 11:00 AM,MAWS||Kadayanallur Municipality,06-Oct-2025 03:00 PM,https://etender.up.nic.in/nicgep/app?component=%24DirectLink_0&page=FrontEndAdvancedSearchResult&service=direct&session=T&sp=SNfmWOvS5dFc0kf%2FY8dsoow%3D%3D
93,2025_MAWS_607964_1,[LAYING PAVER BLOCK AT CHRUCH CROSS LANE IN WARD NO 34],23-Sep-2025 05:30 PM,MAWS||Thanjavur Corporation,07-Oct-2025 03:00 PM,https://etender.up.nic.in/nicgep/app?component=%24DirectLink_0&page=FrontEndAdvancedSearchResult&service=direct&session=T&sp=SNxlI9UPQA5P7py582ypGyg%3D%3D
94,2025_RDTN_608266_1,"[Providing WMM and black topping the Kallipatti Market street, Bharathi street and Kumaran street H/O.Kondayampalayam ]",24-Sep-2025 12:00 PM,"Rural Development and Panchayat Raj Department||Erode,RD,TN||THOOCKANAICKENPAM, ERODE,RD,TN",30-Sep-2025 03:00 PM,https://etender.up.nic.in/nicgep/app?component=%24DirectLink_0&page=FrontEndAdvancedSearchResult&service=direct&session=T&sp=SruyAMXaftsGYqUlXN2k0wA%3D%3D
95,2025_HWAY_597765_1,[Widening from Single Lane toIntermediate Lane andStrengthening at Km.6/6  8/0 of Tiruvarur - Alivalam - Vadugachery Road includingreconstruction of box culvert atKm.6/10 TNJ 46],01-Sep-2025 03:00 PM,Highways||Construction and Maintenance Wing||Thanjavur Circle,07-Oct-2025 11:30 AM,https://etender.up.nic.in/nicgep/app?component=%24DirectLink_0&page=FrontEndAdvancedSearchResult&service=direct&session=T&sp=Ss%2BwC2Q%2FR8yyU6S7IBL%2B5HQ%3D%3D
96,2025_MAWS_609374_1,[EAUCTION FOR BUS STAND ENTRANCE FEES COLLECTION],27-Sep-2025 09:00 AM,MAWS||Vellakoil Municipality,10-Oct-2025 11:00 AM,https://etender.up.nic.in/nicgep/app?component=%24DirectLink_0&page=FrontEndAdvancedSearchResult&service=direct&session=T&sp=S7E87E9MDGx4WnDflN0ClHA%3D%3D
97,2025_TNCSF_609939_1,[Bagasse removal work through tractor dozer/engg/402/2024/p1],29-Sep-2025 04:00 PM,Department of Sugar||SUBRAMANIYA SIVA COOPERATIVE SUGAR MILLS LTD,13-Oct-2025 06:55 PM,https://etender.up.nic.in/nicgep/app?component=%24DirectLink_0&page=FrontEndAdvancedSearchResult&service=direct&session=T&sp=SDd1I%2Bm8XsmhX0dDpqp1eEA%3D%3D
98,2025_EB_608473_1,[Dindigul EDC - Supply of Grey Paint],24-Sep-2025 06:00 PM,TNEB Limited||TANGEDCO||CE-Distribution-Madurai - TANGEDCO||SE-Dindugal - TANGEDCO,09-Oct-2025 03:00 PM,https://etender.up.nic.in/nicgep/app?component=%24DirectLink_0&page=FrontEndAdvancedSearchResult&service=direct&session=T&sp=S%2FkIrcSpu60nhLXR8VZvu8g%3D%3D
99,2025_RDTN_608274_1,[Construction of new Sluice at  Kodukkamparai MI Tank in Kodukkamparai  Village and Panchayat(For existing  demaged Sluice) ],24-Sep-2025 12:30 PM,"Rural Development and Panchayat Raj Department||Thoothukudi,RD,TN||KOVILPATTI, THOOTHUKUDI,RD,TN",30-Sep-2025 03:00 PM,https://etender.up.nic.in/nicgep/app?component=%24DirectLink_0&page=FrontEndAdvancedSearchResult&service=direct&session=T&sp=Sbs40As7PAs00XJ5ox%2FmUsg%3D%3D
100,2025_RDTN_607496_1,"[Providing Paver Block Road at Therku malaisoodipatti street in Ariyappapuram  Panchayat, Keelapavoor Panchayat Union,TENKASI DISTRICT Under the Scheme 15 th CFC (Dt.pt) Untied 2025-2026]",22-Sep-2025 05:00 PM,Rural Development and Panchayat Raj Department||Tenkasi RD TN||Keezhapavur Tenkasi RD TN,30-Sep-2025 03:00 PM,https://etender.up.nic.in/nicgep/app?component=%24DirectLink_0&page=FrontEndAdvancedSearchResult&service=direct&session=T&sp=SdE3NA2sT0qCQDFr6t7H2qw%3D%3D
101,2025_RDTN_607127_1,"[Construction of Anganwadi Building at Ayilam H/O Ayilam panchayat in Arcot Block, Ranipet District..]",22-Sep-2025 10:00 AM,Rural Development and Panchayat Raj Department||Ranipet RD TN||Arcot - VP Ranipet RD TN,03-Oct-2025 03:00 PM,https://etender.up.nic.in/nicgep/app?component=%24DirectLink_0&page=FrontEndAdvancedSearchResult&service=direct&session=T&sp=Sqr5H4sQ0ZexpWVtOpvnQqg%3D%3D
102,2025_HWAY_598049_1,[CRIDP 2025-26],01-Sep-2025 06:00 PM,Highways||Construction and Maintenance Wing||Coimbatore Circle,09-Oct-2025 10:30 AM,https://etender.up.nic.in/nicgep/app?component=%24DirectLink_0&page=FrontEndAdvancedSearchResult&service=direct&session=T&sp=Sua3Q8eiOI4dTCJ8E7P0dOw%3D%3D
103,2025_MAWS_608969_1,[Attending the burst in pumping main Distribution main and Maintenance of all size of valves at All Wards in Vandavasi Municipality],26-Sep-2025 09:30 AM,MAWS||Vandavasi Municipality,07-Oct-2025 03:00 PM,https://etender.up.nic.in/nicgep/app?component=%24DirectLink_0&page=FrontEndAdvancedSearchResult&service=direct&session=T&sp=S6wwjCxua0MYxzJYcof6c5w%3D%3D
104,2025_EB_609121_1,"[Fabrication, supply, erection, testing and commissioning of 33/11 KV SS with 1X8 MVA PrTr, associated equipments, accessories, control panels etc. at Iynthamkattalai and 33KV bay extension at 110/33/11 KV Alankulam SS in Tirunelveli EDC.]",26-Sep-2025 05:00 PM,TNEB Limited||TANGEDCO||CE-Tirunelveli - TANGEDCO,13-Oct-2025 02:00 PM,https://etender.up.nic.in/nicgep/app?component=%24DirectLink_0&page=FrontEndAdvancedSearchResult&service=direct&session=T&sp=S70Y8ZZnmNCcBmlUoC3P6NA%3D%3D
105,2025_HWAY_600370_1,[TN.44/Sl.No.02/KPM/CRIDP Work 2025-26  ],24-Sep-2025 06:30 PM,Highways||Construction and Maintenance Wing||Chennai Circle,16-Oct-2025 10:15 AM,https://etender.up.nic.in/nicgep/app?component=%24DirectLink_0&page=FrontEndAdvancedSearchResult&service=direct&session=T&sp=S3bodrwcK9iLaXNfW0uOd7g%3D%3D
106,2025_HWAY_609191_1,[Upgradation of Panchayat Union / Panchayat Roads to Other District Roads (SLM-5)],27-Sep-2025 11:00 AM,Highways||NABARD and Rural Roads||Salem,14-Oct-2025 11:00 AM,https://etender.up.nic.in/nicgep/app?component=%24DirectLink_0&page=FrontEndAdvancedSearchResult&service=direct&session=T&sp=SXOD%2BEQsQn4Ve03wyL0xvwA%3D%3D
107,2025_EB_603641_1,"[Supply, installation, testing and commissioning of 6376 Nos. of   4G GPRS Modem / Network Interface Card (NIC) for AMR in HT services along with guarantee for 5 years ]",15-Sep-2025 12:00 PM,TNEB Limited||TANGEDCO||CE-Material Management - TANGEDCO,14-Oct-2025 02:00 PM,https://tntenders.gov.in/nicgep/app?component=%24DirectLink&page=FrontEndLatestActiveCorrigendums&service=direct&session=T&sp=S7T43juP5blioQiwDQo%2BCzg%3D%3D
108,2025_RDTN_607717_1,[Providing Drilling and Erection of 200 mm dia new borewell with submersible Pumpset accessories at New OHT in Keerapalayam Panchayat],23-Sep-2025 11:00 AM,"Rural Development and Panchayat Raj Department||Cuddalore,RD,TN||KEERAPALAYAM,CUDDALORE,RD,TN",30-Sep-2025 03:00 PM,https://etender.up.nic.in/nicgep/app?component=%24DirectLink_0&page=FrontEndAdvancedSearchResult&service=direct&session=T&sp=ShNUCzoYDnsLnkoHm9Yjwcw%3D%3D
109,2025_HWAY_603498_1,[VPM-107-CRIDP 2025-26],18-Sep-2025 10:00 AM,Highways||Construction and Maintenance Wing||Villupuram Circle,15-Oct-2025 12:00 PM,https://etender.up.nic.in/nicgep/app?component=%24DirectLink_0&page=FrontEndAdvancedSearchResult&service=direct&session=T&sp=SyhVpjzogXcRQ4qEiq4wGfA%3D%3D
110,2025_EB_609329_1,[Supply of LT 3phase Channel cross arm],26-Sep-2025 05:50 PM,TNEB Limited||TANGEDCO||CE-Distribution-Chennai-South - TANGEDCO||SE-Kanchipuram - TANGEDCO,13-Oct-2025 02:00 PM,https://etender.up.nic.in/nicgep/app?component=%24DirectLink_0&page=FrontEndAdvancedSearchResult&service=direct&session=T&sp=S79T1PiaL6lqXVD1pyDunSQ%3D%3D
111,2025_DTP_607430_1,[2025-26 -15th Finance Commission - 1st Installment Tied Grant],22-Sep-2025 03:15 PM,"Directorate of Town Panchayats||Cuddalore Zone||Bhuvanagiri Town Panchayat, Cuddalore",03-Oct-2025 03:00 PM,https://tntenders.gov.in/nicgep/app?component=%24DirectLink&page=FrontEndLatestActiveCorrigendums&service=direct&session=T&sp=SASX2JsEZdqZqRcyrdvXbIg%3D%3D
112,2025_HRCE_582513_2,[Restoration of Arulmigu Valeeswarar Thirukoil],24-Sep-2025 06:00 PM,Hindu Religious and Charitable Endowments||Joint Commissioner office - Trichy||Arulmigu Valeeshwarar Temple- V Thuraiyur,10-Oct-2025 02:00 PM,https://etender.up.nic.in/nicgep/app?component=%24DirectLink_0&page=FrontEndAdvancedSearchResult&service=direct&session=T&sp=SPAo3Zs%2FT8mc3vjzacQsVqg%3D%3D
113,2025_HWAY_606387_1,[TN.No.27 / SI.No.10 / 2025-2026 / SDO / CPT - 43],20-Sep-2025 03:00 PM,Highways||NABARD and Rural Roads||Chengalpattu,07-Oct-2025 12:00 PM,https://etender.up.nic.in/nicgep/app?component=%24DirectLink_0&page=FrontEndAdvancedSearchResult&service=direct&session=T&sp=SgTbt3m3VvY35Ly5YoIJPzg%3D%3D
114,2024_TNMSC_496143_1,[ONLINE TENDER FOR FIXING RATE CONTRACT FOR SUPPLY AND INSTALLATION OF CPAP MACHINE WITH BUBBLE CPAP KIT TO GOVT. INSTITUTIONS],23-Oct-2024 06:00 PM,Tamilnadu Medical Services Corporation||Equipment,09-Oct-2025 11:00 AM,https://tntenders.gov.in/nicgep/app?component=%24DirectLink&page=FrontEndLatestActiveCorrigendums&service=direct&session=T&sp=S9u4MHY7Q%2BUCKuoCRnxdbpQ%3D%3D
115,2025_HWAY_604032_1,[Hosur (H) CandM Sub Division (SLM-89)],15-Sep-2025 10:00 AM,Highways||Construction and Maintenance Wing||Salem Circle,23-Oct-2025 10:30 AM,https://etender.up.nic.in/nicgep/app?component=%24DirectLink_0&page=FrontEndAdvancedSearchResult&service=direct&session=T&sp=SYxDFyltHb0lS1LR7sRrNMA%3D%3D
116,2025_EB_608411_1,[HOUSE KEEPING OF QUARTERS  AND REST HOUSE BUILDINGS AT VALUTHUR GAS TURBINE POWER STATION IN RAMANATHAPURAM DISTRICT FOR A PERIOD OF TWO YEARS FROM THE DATE OF COMMENCEMENT OF WORK],25-Sep-2025 03:20 PM,TNEB Limited||TANGEDCO||CE-GTS - TANGEDCO||SE-Valuthur Gas Turbine Power Stations,13-Oct-2025 02:00 PM,https://etender.up.nic.in/nicgep/app?component=%24DirectLink_0&page=FrontEndAdvancedSearchResult&service=direct&session=T&sp=SFIVcr883vazG2lJVO9%2Fcvg%3D%3D
117,2025_DoTE_597649_1,"[Supply, Installation and Commissioning of Wi-fi Access Point in  College campus]",28-Aug-2025 04:00 PM,"Directorate of Technical Education||Govt. Polytechnic College - DOTE||Tamil Nadu Polytechnic College, TPK Road, Madurai",13-Oct-2025 12:00 PM,https://tntenders.gov.in/nicgep/app?component=%24DirectLink&page=FrontEndLatestActiveCorrigendums&service=direct&session=T&sp=SAseBmIHGHhMnVvheRUA2YQ%3D%3D
118,2025_DTP_609608_1,"[15TH SFC MUTHUPET TP Extension of pipeline at Pattukottai Road, Thiruthuraipoondi road and Cross Roads and Railway North Thoppu to Mariyamman Kovil ]",27-Sep-2025 02:00 PM,"Directorate of Town Panchayats||Thanjavur Zone||Muthupet Town Panchayat, Thiruvarur",30-Sep-2025 03:00 PM,https://etender.up.nic.in/nicgep/app?component=%24DirectLink_0&page=FrontEndAdvancedSearchResult&service=direct&session=T&sp=SiB%2FEexKn8cbhiO8UMh5XuQ%3D%3D
119,2025_RDTN_602096_1,[Mines and Minerais 2023-24],09-Sep-2025 05:00 PM,Rural Development and Panchayat Raj Department||Tenkasi RD TN||Alangulam - VP  Tenkasi RD TN,30-Sep-2025 03:00 PM,https://etender.up.nic.in/nicgep/app?component=%24DirectLink_0&page=FrontEndAdvancedSearchResult&service=direct&session=T&sp=SEzzuqzFdmb0mNx8ih1QDiA%3D%3D
120,2025_EB_605689_1,[Supply installation Testing and Commissioning of 01 No. New Passenger Lift Passenger  8 Persons Capacity 544 Kg  at control room building including Dismantling of existing Lift at KGTPS Maruthur],18-Sep-2025 06:00 PM,TNEB Limited||TANGEDCO||CE-GTS - TANGEDCO||SE-Kuttalam Gas Turbine Power Stations,06-Oct-2025 02:00 PM,https://etender.up.nic.in/nicgep/app?component=%24DirectLink_0&page=FrontEndAdvancedSearchResult&service=direct&session=T&sp=SSpvV%2FNX6%2FyVoJX792ZBMrw%3D%3D
121,2025_RDTN_609857_4,"[Repairs To Library Building At Sivayam Under General Fund(Block Panchayat), Kumaratchi Panchayat Union, Cuddalore District 2025-2026]",29-Sep-2025 09:00 AM,"Rural Development and Panchayat Raj Department||Cuddalore,RD,TN||KOMARATCHI,CUDDALORE,RD,TN",06-Oct-2025 06:50 PM,https://etender.up.nic.in/nicgep/app?component=%24DirectLink_0&page=FrontEndAdvancedSearchResult&service=direct&session=T&sp=SLdHIuw1FkAeMOEy9jMV4Mg%3D%3D
122,2025_RDTN_604770_1,"[Tirupathur District MLACDS 2025-26 Providing Interlocking Paver block From Dharka House to T.M.Babu House, Shiraj House, Bhasil Bhasha House and Muslim House in Thippasamudharam at Pa. Muthampatti Panchayat Package No.04]",19-Sep-2025 09:00 AM,Rural Development and Panchayat Raj Department||Tirupathur RD TN||Kandili Tirupathur RD TN,30-Sep-2025 03:00 PM,https://etender.up.nic.in/nicgep/app?component=%24DirectLink_0&page=FrontEndAdvancedSearchResult&service=direct&session=T&sp=SEaoGYTwl%2BKxmSzT1mMIWMQ%3D%3D
123,2025_MAWS_607661_1,[Repair and Maintance at Anganvadi Center Ward No 01 Kosapalayam  in Vandavasi Municipality],23-Sep-2025 10:00 AM,MAWS||Vandavasi Municipality,08-Oct-2025 03:00 PM,https://etender.up.nic.in/nicgep/app?component=%24DirectLink_0&page=FrontEndAdvancedSearchResult&service=direct&session=T&sp=SNId8inaU%2FlpcjaFjSfC%2Fzg%3D%3D
124,2025_TNCSF_609725_1,[Tube Cleaning of 5 Nos Juice Heaters Periodically],27-Sep-2025 04:50 PM,Department of Sugar||PERAMBALUR SUGAR MILLS LTD,07-Oct-2025 03:00 PM,https://etender.up.nic.in/nicgep/app?component=%24DirectLink_0&page=FrontEndAdvancedSearchResult&service=direct&session=T&sp=S2NzqwLxT8vLrITl6uvSNvA%3D%3D
125,2025_MAWS_602971_9,[Tiruppur Corporation_GF_Maintenance Special Repairs Overhauling Servicing  Chettipalayam MCC Shredder machine bearings rollershaft Hopper MS box Vengamedu step belt replacement conveyor mechanical roller gear box Rectifications composite centre wn 9 ],11-Sep-2025 06:30 PM,MAWS||Trippur City Municipal Corporation,30-Sep-2025 03:00 PM,https://tntenders.gov.in/nicgep/app?component=%24DirectLink&page=FrontEndLatestActiveCorrigendums&service=direct&session=T&sp=SOvLTqOUFFakCAc7zhpJV6A%3D%3D
126,2025_MSME_598387_1,[335 Procurement of (50 percentage) Linseed Rosinated Alkyd as per Schedule-A 	],01-Sep-2025 05:30 PM,Micro Small and Medium Enterprises||Tamil Nadu Small Industries Corporation||Purchase - TANSI,07-Oct-2025 11:30 AM,https://tntenders.gov.in/nicgep/app?component=%24DirectLink&page=FrontEndLatestActiveCorrigendums&service=direct&session=T&sp=SUHBryB%2Fl0BM0biDtnD1wPA%3D%3D
127,2025_HWAY_605920_1,"[Widening from Intermediate Lane to Two Lane and Strengthening at Km.30/0-31/8 of Tiruvarur - Mannargudi - Muthupet road including Reconstruction of Pipe Culvert at Km.30/2, 30/10,31/2 TNJ94]",18-Sep-2025 06:45 PM,Highways||Construction and Maintenance Wing||Thanjavur Circle,07-Oct-2025 11:30 AM,https://etender.up.nic.in/nicgep/app?component=%24DirectLink_0&page=FrontEndAdvancedSearchResult&service=direct&session=T&sp=Sepm9CKGnc4vmWDpKi2kwXA%3D%3D
128,2025_RDTN_602489_1,[Tirupathur District Providing Paver block at AD Colony in Nayanacheru Panchayat length 86.5 Package No.02],11-Sep-2025 09:00 AM,Rural Development and Panchayat Raj Department||Tirupathur RD TN||Natrampalli Tirupathur RD TN,03-Oct-2025 03:00 PM,https://tntenders.gov.in/nicgep/app?component=%24DirectLink&page=FrontEndLatestActiveCorrigendums&service=direct&session=T&sp=S50LY%2Bto3Y8kgvVG25Y1eGQ%3D%3D
129,2025_CoC_608386_1,"[HIRING OF 1 NO OF A/C CAR SWIFT DZIRE FOR THE USE OF ASSISTANT EXECUTIVE ENGINER/SWM ,UNIT-18,19,AND 20,DIVISION-79 TO 93,ZONE-07 FOR 6 MONTH ON CONTRACT BASIS,EXECEPT-(82,83 and 85)]",24-Sep-2025 06:00 PM,"Corporation of Chennai||Regional office Central ,CoC",06-Oct-2025 03:00 PM,https://etender.up.nic.in/nicgep/app?component=%24DirectLink_0&page=FrontEndAdvancedSearchResult&service=direct&session=T&sp=S9WjZxoTLlpQ%2B5PbUcpYhkQ%3D%3D
130,2025_RDTN_608104_1,[Providing Basic infrastructure works at Kasthambadi Camps in Polur Block Package No. TVM/2025-26/189 of Tiruvannamalai District],23-Sep-2025 06:55 PM,"Rural Development and Panchayat Raj Department||Tiruvannamalai,RD,TN",03-Oct-2025 03:00 PM,https://tntenders.gov.in/nicgep/app?component=%24DirectLink&page=FrontEndLatestActiveCorrigendums&service=direct&session=T&sp=SQ9EUbFAVgEZ2PtBZgaOzfw%3D%3D
131,2025_HRCE_572602_1,"[Repair and Restoration of Arulmigu Veeravinotheeswarar Thirukovil, Velanguli, Ambasamudram taluk, Tirunelveli district.]",02-Jul-2025 01:00 PM,Hindu Religious and Charitable Endowments||Joint Commissioner office - Tirunelveli||Arulmigu Veeravinotheeswarar Temple-Vellankuli,14-Oct-2025 02:00 PM,https://tntenders.gov.in/nicgep/app?component=%24DirectLink&page=FrontEndLatestActiveCorrigendums&service=direct&session=T&sp=SE1NAr9VQpgik0uf2DKifuA%3D%3D
132,2025_DTP_607024_1,[Eral Town Panchayat  Construction of Drain  at Ward  No. 13  at (Pallivasal kadai Street to Moopanar West Street )],20-Sep-2025 05:20 PM,Directorate of Town Panchayats||Tirunelveli Zone||Eral Town Panchayat,30-Sep-2025 03:00 PM,https://etender.up.nic.in/nicgep/app?component=%24DirectLink_0&page=FrontEndAdvancedSearchResult&service=direct&session=T&sp=SWvt9SF5tuKqrp36sXL8CIw%3D%3D
133,2025_RDTN_608554_4,[Construction of Drainage 80M at Eraiaynur panchayat under 15th CFC D.P-25-26],25-Sep-2025 09:00 AM,"Rural Development and Panchayat Raj Department||Villupuram,RD,TN||MARAKKANAM, VILLUPURAM,RD,TN",30-Sep-2025 03:00 PM,https://etender.up.nic.in/nicgep/app?component=%24DirectLink_0&page=FrontEndAdvancedSearchResult&service=direct&session=T&sp=SyX943vlDSw6xgLh4zFgYZg%3D%3D
134,2025_EB_606210_1,"[Supply, Fabrication, Erection of GI steel structures, earthing, materials, etc., for new Athapadakki 110kV SS]",19-Sep-2025 11:00 AM,TNEB Limited||TANTRANSCO||CE-Transmission Projects-II-Trichy - TANTRANSCO,06-Oct-2025 11:00 AM,https://etender.up.nic.in/nicgep/app?component=%24DirectLink_0&page=FrontEndAdvancedSearchResult&service=direct&session=T&sp=S8ND5BWCejnqAPFtb1CU4Qg%3D%3D
135,2025_DoTE_607405_1,[Appointment of Chairman in Industry Institutions Interface Cell in  54 Govt. Polytechnic Colleges],22-Sep-2025 04:00 PM,Directorate of Technical Education,10-Oct-2025 04:00 PM,https://etender.up.nic.in/nicgep/app?component=%24DirectLink_0&page=FrontEndAdvancedSearchResult&service=direct&session=T&sp=SyWU0BP7lPafEHQTRGpMxpg%3D%3D
136,2024_TNMSC_503082_2,[ONLINE TENDER FOR FIXING RATE CONTRACT FOR SUPPLY AND INSTALLATION OF LAPAROSCOPIC SURGERY SET TO VARIOUS GOVT. INSTITUTIONS],21-Aug-2025 04:00 PM,Tamilnadu Medical Services Corporation||Equipment,14-Oct-2025 11:00 AM,https://tntenders.gov.in/nicgep/app?component=%24DirectLink&page=FrontEndLatestActiveCorrigendums&service=direct&session=T&sp=SGnbsJTtbHfhRInqw%2FXGYUA%3D%3D
137,2025_TNCSF_609297_1,[Effluent Treatment Plant Operation and Maintenance ],26-Sep-2025 05:30 PM,Department of Sugar||PERAMBALUR SUGAR MILLS LTD,06-Oct-2025 01:00 PM,https://etender.up.nic.in/nicgep/app?component=%24DirectLink_0&page=FrontEndAdvancedSearchResult&service=direct&session=T&sp=SEnwK4YYO8QRC48TC0R0BjA%3D%3D
138,2025_DoTE_604769_1,[Purchase of  CCTV CAMERA  and  NETWORK  VIDEO  RECORDER   ],16-Sep-2025 05:00 PM,"Directorate of Technical Education||Govt. Polytechnic College - DOTE||Alagappa Polytechnic College, Karaikudi",30-Sep-2025 05:15 PM,https://etender.up.nic.in/nicgep/app?component=%24DirectLink_0&page=FrontEndAdvancedSearchResult&service=direct&session=T&sp=SABjMkF4V9%2B%2FImaQk%2FDdE7w%3D%3D
139,2025_CoC_605693_1,[El.D.C.No.South/3873/2025 Supply and Erection of 122 Nos of 7/9.5 Mtr street lamp post with LED fittings under Poonamallee Panchayat from BSNL Office to Poonamallee Court Deposit Work CMRL],18-Sep-2025 06:00 PM,"Corporation of Chennai||Head Quarters,CoC",03-Oct-2025 02:15 PM,https://etender.up.nic.in/nicgep/app?component=%24DirectLink_0&page=FrontEndAdvancedSearchResult&service=direct&session=T&sp=ST54o%2FY53qlG4ihdo523jww%3D%3D
140,2025_HWAY_608217_1,[Roadwork],27-Sep-2025 10:00 AM,Highways||NABARD and Rural Roads||Tirunelveli,14-Oct-2025 11:00 AM,https://etender.up.nic.in/nicgep/app?component=%24DirectLink_0&page=FrontEndAdvancedSearchResult&service=direct&session=T&sp=SJsDQOkZmB2W0VgRyzs8uPA%3D%3D
141,2025_HWAY_604887_1,[Bridge works],18-Sep-2025 10:00 AM,Highways||NABARD and Rural Roads||Tirunelveli,07-Oct-2025 11:00 AM,https://etender.up.nic.in/nicgep/app?component=%24DirectLink_0&page=FrontEndAdvancedSearchResult&service=direct&session=T&sp=SRrh7A1uc8jJySKlhVe1nWQ%3D%3D
142,2025_DTP_608798_4,[15th - Providing CC Road at Nallur New Street in Uthiramerur Town Panchayat .],25-Sep-2025 05:40 PM,Directorate of Town Panchayats||Kancheepuram Zone||Uthiramerur Town Panchayat,30-Sep-2025 03:00 PM,https://etender.up.nic.in/nicgep/app?component=%24DirectLink_0&page=FrontEndAdvancedSearchResult&service=direct&session=T&sp=STrQ5gcvKNLunCxR5cYgzQg%3D%3D
143,2025_DoTE_607909_1,[EEE lab equipments],23-Sep-2025 05:00 PM,"Directorate of Technical Education||Govt. Polytechnic College - DOTE||Govt. Polytechnic College,  Usilampatti,",07-Oct-2025 03:00 PM,https://etender.up.nic.in/nicgep/app?component=%24DirectLink_0&page=FrontEndAdvancedSearchResult&service=direct&session=T&sp=STcavG5L%2FWMhbvi7Ejwifzw%3D%3D
144,2025_HWAY_606369_1,[MDU 140 / Sivagangai Sub Division / NON PLAN WORKS 2025 26 ],23-Sep-2025 09:00 AM,Highways||Construction and Maintenance Wing||Madurai Circle,07-Oct-2025 11:00 AM,https://etender.up.nic.in/nicgep/app?component=%24DirectLink_0&page=FrontEndAdvancedSearchResult&service=direct&session=T&sp=Sa0BXhZvXw0jkCf18bdyClA%3D%3D
145,2025_DTP_608199_1,[2025-26 15th FC Un Tied 2nd Installment  Pudupalayam Town Panchayat],24-Sep-2025 09:00 AM,"Directorate of Town Panchayats||Vellore Zone||Pudupalayam Town Panchayat, Tiruvannamalai",30-Sep-2025 03:00 PM,https://etender.up.nic.in/nicgep/app?component=%24DirectLink_0&page=FrontEndAdvancedSearchResult&service=direct&session=T&sp=SqNzoieGP7AiAqQbCgHN0Vg%3D%3D
146,2025_EB_608181_1,[ICHP- Replacement of tail end pulley bearings by available bearings in boom conveyor of Reclaimer-I  II machine.],24-Sep-2025 09:00 AM,TNEB Limited||TANGEDCO||CE-TTPS - TANGEDCO||SE-Mechanical Maintenance I-TTPS - TANGEDCO,09-Oct-2025 02:00 PM,https://etender.up.nic.in/nicgep/app?component=%24DirectLink_0&page=FrontEndAdvancedSearchResult&service=direct&session=T&sp=SO9UPkAVTigGQ9KJLyxdRXw%3D%3D
147,2025_RDTN_609497_1,[Vellore district Providing New Borewell with 2HP Motor and Specials with Extension pipe line at Kuravankotttai in Asanampattu Panchayat Anaicut Block 15th CFC-BP 2025-2026(TIED and UNTIED) Scheme Package no  39],27-Sep-2025 11:30 AM,"Rural Development and Panchayat Raj Department||Vellore,RD,TN||ANAICUT, VELLORE,RD,TN",06-Oct-2025 03:00 PM,https://etender.up.nic.in/nicgep/app?component=%24DirectLink_0&page=FrontEndAdvancedSearchResult&service=direct&session=T&sp=S%2FuNTi%2FA%2BSPVbHu%2BpfdcMmQ%3D%3D
148,2025_RDTN_608725_1,[Vellore district Providing CC Pavement at Periya street  Shanthi house to Durai house at Munjurpet  Panchayat  in Kaniyambadi Block General Fund 2025-26 PACKAGE NO 16],25-Sep-2025 02:00 PM,"Rural Development and Panchayat Raj Department||Vellore,RD,TN||KANIAMBADI, VELLORE,RD,TN",10-Oct-2025 03:00 PM,https://etender.up.nic.in/nicgep/app?component=%24DirectLink_0&page=FrontEndAdvancedSearchResult&service=direct&session=T&sp=SINvQ%2F5yxaFG9JSU2dE7XVw%3D%3D
149,2025_RDTN_608744_1,"[Renovation of Anganwadi Building at Mambattu Kalathumettu Street in Mampattu Panchayat, Polur Block, Tiruvannamalai District]",25-Sep-2025 03:00 PM,"Rural Development and Panchayat Raj Department||Tiruvannamalai,RD,TN||POLUR, TIRUVANNAMALAI,RD,TN",30-Sep-2025 03:00 PM,https://etender.up.nic.in/nicgep/app?component=%24DirectLink_0&page=FrontEndAdvancedSearchResult&service=direct&session=T&sp=SEFvA9d%2BWCCYYaSrQMU3BaQ%3D%3D
150,2025_EB_601678_1,[Establishment of new 33/11kv ss at Kelur(Electrical works) under turn key],11-Sep-2025 12:00 PM,TNEB Limited||TANGEDCO||CE-Thiruvannamalai - TANGEDCO,09-Oct-2025 02:00 PM,https://etender.up.nic.in/nicgep/app?component=%24DirectLink_0&page=FrontEndAdvancedSearchResult&service=direct&session=T&sp=SL%2BRPLLduY1BwkjqW474Mug%3D%3D
151,2025_RDTN_608761_1,[Vellore district Dismantling of Mangalore Tile Roof  PUMS  with verandah at Naickneri  In Munjurpet Panchayat  in Kaniyambadi Block General Fund 2025-26 PACKAGE NO 21],25-Sep-2025 04:00 PM,"Rural Development and Panchayat Raj Department||Vellore,RD,TN||KANIAMBADI, VELLORE,RD,TN",10-Oct-2025 03:00 PM,https://etender.up.nic.in/nicgep/app?component=%24DirectLink_0&page=FrontEndAdvancedSearchResult&service=direct&session=T&sp=SURpx2QESg9ZCrUlbuFTCbA%3D%3D
152,2025_CoC_609972_1,"[Z.O. XIV.C.No.E2/6920/2025 Filling of earth and plantation of flower plants in centre median at Tambaram Velachery fly over Near Kamatchi hospital in Division - 189, Unit - 43, Zone - 14]",29-Sep-2025 12:50 PM,"Corporation of Chennai||Regional office South,CoC",29-Sep-2025 06:30 PM,https://etender.up.nic.in/nicgep/app?component=%24DirectLink_0&page=FrontEndAdvancedSearchResult&service=direct&session=T&sp=SHQcsFKUAdHb4txYKAe6%2FVQ%3D%3D
153,2025_CoC_609784_1,"[Construction of storm water drain of Size 600x750mm along 61st street Ashok Nagar (From jn of 10th Avenue towards West side of 100m) in Div-131, Unit-31, Zone-10 (Under T.Nagar MLA Fund)]",27-Sep-2025 06:55 PM,"Corporation of Chennai||Regional office Central ,CoC",03-Oct-2025 03:00 PM,https://etender.up.nic.in/nicgep/app?component=%24DirectLink_0&page=FrontEndAdvancedSearchResult&service=direct&session=T&sp=S2r%2B5lNzVBzwawuef6x67oQ%3D%3D
154,2025_PWD_607390_1,[Construction of Taluk Office Building at Muthupettai in Tiruvarur District.],24-Sep-2025 12:30 PM,"PWD||PWD CE buildings||Chief Engineer - Trichy Region - Trichy||Buildings (C and M) Circle, Thiruvarur||Buildings (C and M) Division, Thiruvarur",07-Oct-2025 12:00 PM,https://etender.up.nic.in/nicgep/app?component=%24DirectLink_0&page=FrontEndAdvancedSearchResult&service=direct&session=T&sp=St%2FRqlGUizZoqWgEsl8kRug%3D%3D
155,2025_EB_604747_1,[SUPPLY OF  LT GI PIN],17-Sep-2025 06:00 PM,TNEB Limited||TANGEDCO||CE-Trichy EDC - TANGEDCO||SE-Perambalur - TANGEDCO,02-Oct-2025 02:00 PM,https://etender.up.nic.in/nicgep/app?component=%24DirectLink_0&page=FrontEndAdvancedSearchResult&service=direct&session=T&sp=S3%2B%2Fp0B%2Bb%2BRlDQZbcW5DztQ%3D%3D
156,2025_RDTN_609278_1,[Vellore district Providing New Bore Well with 2HP Motor and Specials with Extension of Pipeline at Muthukumaranmalai Kollaimedu Buguthi Near in Kil-Kothur Panchayat Anaicut Block 15th CFC-BP 2025-2026(TIED andUNTIED) Scheme Package no  02],26-Sep-2025 05:00 PM,"Rural Development and Panchayat Raj Department||Vellore,RD,TN||ANAICUT, VELLORE,RD,TN",06-Oct-2025 03:00 PM,https://etender.up.nic.in/nicgep/app?component=%24DirectLink_0&page=FrontEndAdvancedSearchResult&service=direct&session=T&sp=So1wA8pEw0F8swalldLPczg%3D%3D
157,2025_HWAY_609456_1,[Upgradation of Panchayat Union / Panchayat Roads to Other District Roads (SLM-47)],27-Sep-2025 11:00 AM,Highways||NABARD and Rural Roads||Salem,14-Oct-2025 11:00 AM,https://etender.up.nic.in/nicgep/app?component=%24DirectLink_0&page=FrontEndAdvancedSearchResult&service=direct&session=T&sp=Sw1nc0fgpLwYVI2i7G1F%2FvQ%3D%3D
158,2025_DTP_610059_1,[Erode District Kasipalayam Gobi Town Panchayat -  General Fund 2025-26 -Ammasai Street Culvert],29-Sep-2025 03:00 PM,"Directorate of Town Panchayats||Erode Zone||Kasipalayam - Gobi Town Panchayat, Erode",06-Oct-2025 03:00 PM,https://etender.up.nic.in/nicgep/app?component=%24DirectLink_0&page=FrontEndAdvancedSearchResult&service=direct&session=T&sp=SMGmdgzu6YlLZsSN1VdroMw%3D%3D
159,2025_RDTN_608688_1,[Vellore district  Providing Cement Concrete Pavement in ottapalayam pillayar kovil street vallam panchayat in Kaniyambadi Block General Fund 2025-26 PACKAGE NO 10],25-Sep-2025 01:30 PM,"Rural Development and Panchayat Raj Department||Vellore,RD,TN||KANIAMBADI, VELLORE,RD,TN",10-Oct-2025 03:00 PM,https://etender.up.nic.in/nicgep/app?component=%24DirectLink_0&page=FrontEndAdvancedSearchResult&service=direct&session=T&sp=SCgHdHcYZkbR%2Fb0yJMI4%2FHw%3D%3D
160,2025_HWAY_605319_1,[MDU 122 / Thiruppathur Sub Division / CRIDP 2025 26],20-Sep-2025 06:55 PM,Highways||Construction and Maintenance Wing||Madurai Circle,07-Oct-2025 11:00 AM,https://etender.up.nic.in/nicgep/app?component=%24DirectLink_0&page=FrontEndAdvancedSearchResult&service=direct&session=T&sp=Sb11fnZwnsFQlxH8bbAXrMw%3D%3D
161,2025_RDTN_607848_1,[Construction of Small culvert in krishnan koil street vellanguli panchayat in Ambasamudrma  Panchayat Union],23-Sep-2025 02:00 PM,"Rural Development and Panchayat Raj Department||Tirunelveli,RD,TN||AMBASAMUDRAM, TIRUNELVELI,RD,TN",03-Oct-2025 04:00 PM,https://etender.up.nic.in/nicgep/app?component=%24DirectLink_0&page=FrontEndAdvancedSearchResult&service=direct&session=T&sp=Su2WRY4X1lg%2FGjlGIQWRh1A%3D%3D
162,2025_RDTN_608478_1,[Providing new doors and windows for PUPS in P. Kailasapuram at Pasuvanthanai village and Panchayat],24-Sep-2025 06:00 PM,"Rural Development and Panchayat Raj Department||Thoothukudi,RD,TN||OTTAPIDARAM, THOOTHUKUDI,RD,TN",29-Sep-2025 06:50 PM,https://etender.up.nic.in/nicgep/app?component=%24DirectLink_0&page=FrontEndAdvancedSearchResult&service=direct&session=T&sp=SCXPcyIQrxFf4g%2FhasiC3YA%3D%3D
163,2025_RDTN_608731_1,"[Package No. 03 Upgradation / Strengthening of  2 No.of roads Under MGSMT-2025-26 (Phase-III) in ARANTANGI Panchayat Union, Pudukkottai District (Retender)]",25-Sep-2025 03:00 PM,"Rural Development and Panchayat Raj Department||Pudhukottai,RD,TN",07-Oct-2025 03:00 PM,https://etender.up.nic.in/nicgep/app?component=%24DirectLink_0&page=FrontEndAdvancedSearchResult&service=direct&session=T&sp=SVoZRdDzLtcjF4SFU5nKjog%3D%3D
164,2025_CoC_609523_1,[R.D.C.N.C.D.C.No. B4 / 329A / 2025],27-Sep-2025 01:30 PM,"Corporation of Chennai||Regional Office North,CoC",06-Oct-2025 03:00 PM,https://etender.up.nic.in/nicgep/app?component=%24DirectLink_0&page=FrontEndAdvancedSearchResult&service=direct&session=T&sp=SjOicpbUjfwJn7ru0rbhXOg%3D%3D
165,2025_MAWS_605451_36,[CUDDALORE CORPORATION -   Maintenance and Repair work to Public toilet at  ward no 37 old sunami nagar in cuddalore corporation],19-Sep-2025 04:00 PM,MAWS||Cuddalore Municipality,30-Sep-2025 03:00 PM,https://etender.up.nic.in/nicgep/app?component=%24DirectLink_0&page=FrontEndAdvancedSearchResult&service=direct&session=T&sp=SF%2B%2Bq9zEJCGDyTnyHJoAk1g%3D%3D
166,2025_DoTE_606310_1,[Physics Lab Equipment],19-Sep-2025 05:00 PM,Directorate of Technical Education||Govt. Engineering College - DOTE||Government  College of Engineering - Srirangam,06-Oct-2025 05:00 PM,https://etender.up.nic.in/nicgep/app?component=%24DirectLink_0&page=FrontEndAdvancedSearchResult&service=direct&session=T&sp=SUreg9jnuEleUIPYM67n2ug%3D%3D
167,2025_EB_603490_1,[FABRICATION AND SUPPLY OF LINE SHAFT WITH SLEEVE WITH MUFF COUPLING ASSEMBLY FOR COOLING WATER PUMP OF UNIT IV and V ],15-Sep-2025 02:00 PM,TNEB Limited||TANGEDCO||CE-TTPS - TANGEDCO||SE-Purchase and Administration-TTPS - TANGEDCO,03-Oct-2025 02:00 PM,https://etender.up.nic.in/nicgep/app?component=%24DirectLink_0&page=FrontEndAdvancedSearchResult&service=direct&session=T&sp=SOq8td2U5e%2BCz9Ui6IpBs8w%3D%3D
168,2025_DTP_604745_1,[Providing Construction of cement concrete pavement at  Road at Aramannam mundakala to Arumanai road  in Thirparappu Town Panchayat.],16-Sep-2025 03:15 PM,Directorate of Town Panchayats||Nagercoil Zone||Thirpparappu Town Panchayat,30-Sep-2025 03:00 PM,https://tntenders.gov.in/nicgep/app?component=%24DirectLink&page=FrontEndLatestActiveCorrigendums&service=direct&session=T&sp=SEBe5xPaCmWEUSmcH15GuXQ%3D%3D
169,2025_MAWS_605451_19,[CUDDALORE CORPORATION -  ReConstruction of Culvert at Oasis Street RP Colony main road in ward no 19 in cuddalore corporation	],19-Sep-2025 02:00 PM,MAWS||Cuddalore Municipality,30-Sep-2025 03:00 PM,https://etender.up.nic.in/nicgep/app?component=%24DirectLink_0&page=FrontEndAdvancedSearchResult&service=direct&session=T&sp=SxtFx%2F3DNikOsfag8Rn5doA%3D%3D
170,2025_HWAY_602579_1,"[TNV 78 Nagercoil H C M, Sub division]",10-Sep-2025 06:00 PM,Highways||Construction and Maintenance Wing||Tirunelveli Circle,03-Oct-2025 02:00 PM,https://etender.up.nic.in/nicgep/app?component=%24DirectLink_0&page=FrontEndAdvancedSearchResult&service=direct&session=T&sp=SpkqRTdWAeCyxe4GwaB1umQ%3D%3D
171,2025_RDTN_608686_1,[CONSTRUCTION OF STOREROOM CUM KITCHENSHED AT GHS AT HPF INDUNAGAR],25-Sep-2025 02:00 PM,"Rural Development and Panchayat Raj Department||The Nilgiris,RD,TN||UTHAGAMANDALAM, THE NILGIRIS,RD,TN",30-Sep-2025 03:00 PM,https://etender.up.nic.in/nicgep/app?component=%24DirectLink_0&page=FrontEndAdvancedSearchResult&service=direct&session=T&sp=SUmZHZAJ%2Fuuv3Wc7Zh0Tfqw%3D%3D
172,2025_EB_606252_1,"[Execution of works contract for Capital, DCW, Improvement, HT/LT lines and DT maintenance works in Thalaiyuthu Sub-Division of Rural-Tin Division in respect of Tirunelveli EDC for an amount of Rs.10 Lakhs (Incl.GST) for 12 months ]",19-Sep-2025 12:00 PM,TNEB Limited||TANGEDCO||CE-Tirunelveli - TANGEDCO||SE-Tirunelveli - TANGEDCO,03-Oct-2025 02:00 PM,https://etender.up.nic.in/nicgep/app?component=%24DirectLink_0&page=FrontEndAdvancedSearchResult&service=direct&session=T&sp=SFKN2DQ2vo3YMzVAhwxfQwg%3D%3D
173,2025_DTP_606078_3,[TN 106/2025/A1 NEIKKARAPATTI TOWN PANCHAYAT],24-Sep-2025 06:00 PM,"Directorate of Town Panchayats||Dindigul Zone||Ayyalur Town Panchayat, Dindigul",30-Sep-2025 03:00 PM,https://etender.up.nic.in/nicgep/app?component=%24DirectLink_0&page=FrontEndAdvancedSearchResult&service=direct&session=T&sp=S8nZvvwSM4gMsoo5b%2FqvaXA%3D%3D
174,2025_EB_606763_1,[Supply of   M.S.Back Clamp for 8.0Mtre PSC Pole 200Kg for Operation and Maintenance works  in Cuddalore EDC],20-Sep-2025 04:00 PM,TNEB Limited||TANGEDCO||CE-Distribution-Villupuram - TANGEDCO||SE-Cuddalore - TANGEDCO,06-Oct-2025 01:00 PM,https://etender.up.nic.in/nicgep/app?component=%24DirectLink_0&page=FrontEndAdvancedSearchResult&service=direct&session=T&sp=SIKk800J1zZVNVubWzrdGlQ%3D%3D
175,2025_MAWS_609904_1,"[Repair and Maintenance work to ward no 25, RO Plant at Kottakuppam Municipality Office in Kottakuppam Municipality]",29-Sep-2025 09:00 AM,MAWS||Kottakuppam Municipality,03-Oct-2025 03:00 PM,https://tntenders.gov.in/nicgep/app?component=%24DirectLink&page=FrontEndLatestActiveCorrigendums&service=direct&session=T&sp=SmFSvoG5TcZvYFBRFuJ0BZw%3D%3D
176,2025_CoC_609114_1,[Z.O.II.C.No.E1/607324/2025],26-Sep-2025 06:00 PM,"Corporation of Chennai||Regional Office North,CoC",02-Oct-2025 03:00 PM,https://etender.up.nic.in/nicgep/app?component=%24DirectLink_0&page=FrontEndAdvancedSearchResult&service=direct&session=T&sp=SxWpcTU%2F3rlrhOubP37ocWQ%3D%3D
177,2025_EB_607983_1,[MTPS I BM Unit III Boiler pressure parts AOH 2025 Overhauling of Secondary Air Dampers Scanner Air Fans and its damper flap gate etc],23-Sep-2025 05:10 PM,TNEB Limited||TANGEDCO||CE-MTPS-I - TANGEDCO||SE-Mechanical Maintenance I-MTPS-I - TANGEDCO,07-Oct-2025 02:00 PM,https://etender.up.nic.in/nicgep/app?component=%24DirectLink_0&page=FrontEndAdvancedSearchResult&service=direct&session=T&sp=Sa8G%2Fj2VQiN73V1fkuWTzmw%3D%3D
178,2025_DTP_606165_1,[Maintanence of public Toilet at 1st Ward Marthal in Boothapandi Town Panchayat ],19-Sep-2025 09:00 AM,Directorate of Town Panchayats||Nagercoil Zone||Bhoothapandy Town Panchayat,30-Sep-2025 03:00 PM,https://etender.up.nic.in/nicgep/app?component=%24DirectLink_0&page=FrontEndAdvancedSearchResult&service=direct&session=T&sp=SxsXjXTTxim49A7NzXCXBoQ%3D%3D
179,2025_HRCE_602826_1,[Providing House Keeping Service deploying 37 Person in A/M Subramania Swamy Temple AnnadhanaMandabam and Surroundings],11-Sep-2025 02:00 PM,Hindu Religious and Charitable Endowments||Joint Commissioner office - Tuticorin||Arulmigu Subramaniaswamy Temple - Tiruchendur,07-Oct-2025 05:00 PM,https://tntenders.gov.in/nicgep/app?component=%24DirectLink&page=FrontEndLatestActiveCorrigendums&service=direct&session=T&sp=StIqoB99REu8hQIIUfuA4qQ%3D%3D
180,2025_EB_605084_1,[NCTPS  I   ES Circle  EM II Dn  S Dn   III  Repair and rewinding of 1 No failed HT ASDP motor released from location  2A1  Krisloskar make  6 6KV 230KW 1486 RPM  Frame size KD 400  Sl No  3940207  3],17-Sep-2025 06:45 PM,TNEB Limited||TANGEDCO||CE-NCTPS-I - TANGEDCO||SE-Electrical Systems-NCTPS-I - TANGEDCO,03-Oct-2025 02:00 PM,https://etender.up.nic.in/nicgep/app?component=%24DirectLink_0&page=FrontEndAdvancedSearchResult&service=direct&session=T&sp=SD%2FI%2FYCvTpcZMYLQ3ntYwOg%3D%3D
181,2025_TNMSC_576638_1,"[ONLINE TENDER FOR FIXING RATE CONTRACT FOR SUPPLY AND INSTALLATION OF MANUAL MICROTOME, SEMI AUTOMATIC MICROTOME, FULLY AUTOMATED MICROTOME AND AUTOMATED TISSUE EMBEDDER TO GOVT.  INSTITUTIONS]",01-Jul-2025 06:50 PM,Tamilnadu Medical Services Corporation||Equipment,03-Oct-2025 11:00 AM,https://tntenders.gov.in/nicgep/app?component=%24DirectLink&page=FrontEndLatestActiveCorrigendums&service=direct&session=T&sp=S3ai%2Fjn8OIipVFMssXa8imA%3D%3D
182,2025_RDTN_609224_1,[VELLORE DISTRICT Providing New Borewell with 7.5H.P motor and specials and Pumping main line at near Kollaimedu babu house in Varathalampattu panchayat ANAICUT BLOCK 15 CFC  DP 2025-2026 PACKAGE NO 04],26-Sep-2025 04:00 PM,"Rural Development and Panchayat Raj Department||Vellore,RD,TN||ANAICUT, VELLORE,RD,TN",06-Oct-2025 03:00 PM,https://etender.up.nic.in/nicgep/app?component=%24DirectLink_0&page=FrontEndAdvancedSearchResult&service=direct&session=T&sp=SLxtRU3icEETPXAfTa%2BX32Q%3D%3D
183,2025_SETC_595245_1,[TENDER WORK FOR  BUS WASHING INSIDE AND OUT SIDE OF VARIOUS TYPES OF BUSES IN SETC DINDIGUL DEPOT.],20-Aug-2025 04:00 PM,State Express Transport Corporation Tamilnadu Limited,07-Oct-2025 03:00 PM,https://tntenders.gov.in/nicgep/app?component=%24DirectLink&page=FrontEndLatestActiveCorrigendums&service=direct&session=T&sp=SdYFfe%2FwSvk77st5uFjTSKw%3D%3D
184,2025_TNMSC_563046_1,[ONLINE TENDER FOR FIXING RATE CONTRACT FOR SUPPLY AND INSTALLATION OF LINEAR ACCELERATOR TO GOVT. INSTITUTIONS],29-May-2025 06:55 PM,Tamilnadu Medical Services Corporation||Equipment,08-Oct-2025 11:00 AM,https://tntenders.gov.in/nicgep/app?component=%24DirectLink&page=FrontEndLatestActiveCorrigendums&service=direct&session=T&sp=SJJ8j57mxVod2HmPwelpuvQ%3D%3D
185,2025_EB_606381_1,[Fabrication and Supply of reverse discharge chute for SFD 5B Top Portion A and B at secondary crusher house I],19-Sep-2025 05:00 PM,TNEB Limited||TANGEDCO||CE-TTPS - TANGEDCO||SE-Purchase and Administration-TTPS - TANGEDCO,08-Oct-2025 02:00 PM,https://etender.up.nic.in/nicgep/app?component=%24DirectLink_0&page=FrontEndAdvancedSearchResult&service=direct&session=T&sp=ScDoQPV4Bhe32%2F4uQXZKzTA%3D%3D
186,2025_EB_608857_1,"[Fabrication, manufacture, supply, erection, testing and commissioning of 33/11 KV SS with 2X8 MVA Power transformers, associated equipments, accessories, control panels etc. at Rayagiri Village  in Tirunelveli EDC.]",26-Sep-2025 10:00 AM,TNEB Limited||TANGEDCO||CE-Tirunelveli - TANGEDCO,13-Oct-2025 02:00 PM,https://etender.up.nic.in/nicgep/app?component=%24DirectLink_0&page=FrontEndAdvancedSearchResult&service=direct&session=T&sp=SR5c6NiOcDB7zg9CidNo0nQ%3D%3D
187,2025_DTP_609502_1,[S.Kannanur Town Panchayat General Fund 2025-26 BTRoad batchwork],27-Sep-2025 12:30 PM,"Directorate of Town Panchayats||Tiruchirappalli Zone||S. Kannanur Town Panchayat, Tiruchirappalli",30-Sep-2025 03:00 PM,https://etender.up.nic.in/nicgep/app?component=%24DirectLink_0&page=FrontEndAdvancedSearchResult&service=direct&session=T&sp=Smxe9OlO5W%2BEjkqivKCVtIg%3D%3D
188,2025_TNPL_608762_1,[Structural and Pipeline works at ETP in TNPL Unit 1],25-Sep-2025 06:30 PM,Tamilnadu Newsprint and Papers Limited||TNPL Unit-1||TNPL TOS,09-Oct-2025 03:00 PM,https://etender.up.nic.in/nicgep/app?component=%24DirectLink_0&page=FrontEndAdvancedSearchResult&service=direct&session=T&sp=SnzIVQjfCKUETo0picXAX9g%3D%3D
189,2025_EB_607920_1,"[Running  Contract for Carrying out the Extension, Improvement and Maintenance work in  KK NagarSub Division of East Division]",23-Sep-2025 05:30 PM,TNEB Limited||TANGEDCO||CE-Trichy EDC - TANGEDCO||SE-Trichy-Metro - TANGEDCO,07-Oct-2025 02:00 PM,https://etender.up.nic.in/nicgep/app?component=%24DirectLink_0&page=FrontEndAdvancedSearchResult&service=direct&session=T&sp=S8T3Td7fvwLUii48UjB69%2Fg%3D%3D
190,2025_EB_599781_1,[TTPS ES Circle MRT  I  Repairing  reconditioning of defective HEA ignitor spark rods spark tips and flexible cables for FSSS in Unit I II  III],02-Sep-2025 05:30 PM,TNEB Limited||TANGEDCO||CE-TTPS - TANGEDCO||SE-Electrical Systems-TTPS - TANGEDCO,03-Oct-2025 02:00 PM,https://tntenders.gov.in/nicgep/app?component=%24DirectLink&page=FrontEndLatestActiveCorrigendums&service=direct&session=T&sp=SroR2z0S%2F%2FRXp4xYzgs5isA%3D%3D
191,2025_EB_606521_1,[NCTPS ISEMII Circle ECHS Dn Renewal and strengthening of most corroded damaged trestles brazings and Gusset plates of BCN41A and 41B ],19-Sep-2025 06:00 PM,TNEB Limited||TANGEDCO||CE-NCTPS-I - TANGEDCO||SE-Mechanical Maintenance II-NCTPS-I - TANGEDCO,03-Oct-2025 02:00 PM,https://etender.up.nic.in/nicgep/app?component=%24DirectLink_0&page=FrontEndAdvancedSearchResult&service=direct&session=T&sp=SG5Z8vZBht6qhxwmR5dcW%2FQ%3D%3D
192,2025_RDTN_609150_1,[Construction of Cremation Shed  at Pillakurichi MBC BG in Kulanthiranpattu Panchayat],26-Sep-2025 05:00 PM,"Rural Development and Panchayat Raj Department||Pudhukottai,RD,TN||KARAMBAKUDI, PUDUKKOTTAI,RD,TN",07-Oct-2025 03:00 PM,https://etender.up.nic.in/nicgep/app?component=%24DirectLink_0&page=FrontEndAdvancedSearchResult&service=direct&session=T&sp=SaJWx%2BoG4yo49w5PtXj0W5w%3D%3D
193,2025_MAWS_607862_1,[Construction of Storm water drain at Ward No 13 Pottinaidu Street in Vandavasi Municipality],23-Sep-2025 02:30 PM,MAWS||Vandavasi Municipality,30-Sep-2025 03:00 PM,https://etender.up.nic.in/nicgep/app?component=%24DirectLink_0&page=FrontEndAdvancedSearchResult&service=direct&session=T&sp=S7Z%2FNPWwBBsuPIuV9wcyyEA%3D%3D
194,2025_EB_607769_1,[entrusting works contract for carrying out all type of maintenance and emergency works in all equipments in 230kV Kilpauk SS in Chennai North Operation circle for a period of 2Years ],23-Sep-2025 05:00 PM,TNEB Limited||TANTRANSCO||CE-System Operation-Chennai - TANTRANSCO||SE-Operation-Korattur - TANTRANSCO,27-Oct-2025 03:00 PM,https://etender.up.nic.in/nicgep/app?component=%24DirectLink_0&page=FrontEndAdvancedSearchResult&service=direct&session=T&sp=SwzdCLYntUwAkTJoddJHurA%3D%3D
195,2025_EB_607866_1,"[Running  Contract for Carrying out the Extension, Improvement and Maintenance work in Rural Trichy Sub Division of East Division]",23-Sep-2025 05:05 PM,TNEB Limited||TANGEDCO||CE-Trichy EDC - TANGEDCO||SE-Trichy-Metro - TANGEDCO,07-Oct-2025 02:00 PM,https://etender.up.nic.in/nicgep/app?component=%24DirectLink_0&page=FrontEndAdvancedSearchResult&service=direct&session=T&sp=S5U8hd4WYz21j6Pr2fMKw8Q%3D%3D
196,2025_DTP_606678_1,[15th Finance - 2025-2026 - Tied work - Water Supply],21-Sep-2025 01:45 PM,Directorate of Town Panchayats||Nagercoil Zone||Thazhakkudi Town Panchayat,30-Sep-2025 03:00 PM,https://etender.up.nic.in/nicgep/app?component=%24DirectLink_0&page=FrontEndAdvancedSearchResult&service=direct&session=T&sp=S4S6KiiZ0ku1THMRZq6LfZg%3D%3D
197,2025_EB_604503_1,[Establishment of new 33/11kv ss at Noolahally(Civil works) under turn key],18-Sep-2025 10:00 AM,TNEB Limited||TANGEDCO||CE-Thiruvannamalai - TANGEDCO,22-Oct-2025 02:00 PM,https://etender.up.nic.in/nicgep/app?component=%24DirectLink_0&page=FrontEndAdvancedSearchResult&service=direct&session=T&sp=SkYj%2BO6X781xow0SuC6T5wg%3D%3D
198,2025_EB_608650_1,[LT-13/2025-26 of SE/GCC-II],25-Sep-2025 02:00 PM,TNEB Limited||TANTRANSCO||CE-Transmission Projects-I-Chennai - TANTRANSCO||SE-GCC II - TANTRANSCO,08-Oct-2025 02:00 PM,https://etender.up.nic.in/nicgep/app?component=%24DirectLink_0&page=FrontEndAdvancedSearchResult&service=direct&session=T&sp=S3wUVDTaifVeuWBu0SyNSBg%3D%3D
199,2025_RDTN_609475_1,[Vellore district Repair and Renovation of Anganwadi Building at Thangal Village in Othiyathur Panchayat Anaicut Block 15th CFC-BP 2025-2026(TIED and UNTIED) Scheme Package no  29],27-Sep-2025 10:00 AM,"Rural Development and Panchayat Raj Department||Vellore,RD,TN||ANAICUT, VELLORE,RD,TN",06-Oct-2025 03:00 PM,https://etender.up.nic.in/nicgep/app?component=%24DirectLink_0&page=FrontEndAdvancedSearchResult&service=direct&session=T&sp=SIBfGm%2FDdB4TYOy6eZbjvEg%3D%3D
200,2025_CoC_605105_1,"[Providing Toilet Block and other improvement works to Parappan Kulam at  Kadappa Road, Additional improvements to Chavadi Kulam at Kadappa Road ,  Additional improvements to Chella Kulam at Vijayalakshmi Nagar]",24-Sep-2025 09:00 AM,"Corporation of Chennai||Regional Office North,CoC",03-Oct-2025 03:00 PM,https://tntenders.gov.in/nicgep/app?component=%24DirectLink&page=FrontEndLatestActiveCorrigendums&service=direct&session=T&sp=SuVLnsbr6XYoAR2U5AKrlXA%3D%3D
201,2025_MAWS_608867_1,[ Providing Drainage with cover Slab and Culvert at Rajagobal park front side  in Palani Municipality],25-Sep-2025 06:30 PM,MAWS||Palani Municipality,07-Oct-2025 03:00 PM,https://etender.up.nic.in/nicgep/app?component=%24DirectLink_0&page=FrontEndAdvancedSearchResult&service=direct&session=T&sp=SxMc3WIYUrh7elaHUlLwHkg%3D%3D
202,2025_CoC_608996_1,[ Z.O.II.C.No.E1/609637/2025],26-Sep-2025 06:00 PM,"Corporation of Chennai||Regional Office North,CoC",02-Oct-2025 03:00 PM,https://etender.up.nic.in/nicgep/app?component=%24DirectLink_0&page=FrontEndAdvancedSearchResult&service=direct&session=T&sp=SR7zTK0pjUyj6OBTIXgsHDg%3D%3D
203,2025_EB_608370_1,[LT-11/2025-26 of SE/GCC-II],24-Sep-2025 03:40 PM,TNEB Limited||TANTRANSCO||CE-Transmission Projects-I-Chennai - TANTRANSCO||SE-GCC II - TANTRANSCO,06-Oct-2025 02:00 PM,https://etender.up.nic.in/nicgep/app?component=%24DirectLink_0&page=FrontEndAdvancedSearchResult&service=direct&session=T&sp=SmOeY9tMRnrHB4%2B8QE2tHWQ%3D%3D
204,2025_MAWS_609536_1,[ School Improvement Grant Operation and Maintenance works -2025-26 Retender],27-Sep-2025 01:00 PM,MAWS||Karur Municipality,30-Sep-2025 03:00 PM,https://etender.up.nic.in/nicgep/app?component=%24DirectLink_0&page=FrontEndAdvancedSearchResult&service=direct&session=T&sp=SjbQ%2Be8YOglYzvMENEohqMQ%3D%3D
205,2025_DTP_609302_1,[Odugathur Tp/15th CFC 2025-2026/Ward-5 Drain],26-Sep-2025 05:25 PM,Directorate of Town Panchayats||Vellore Zone||Panapakkam Town Panchayat,30-Sep-2025 03:00 PM,https://etender.up.nic.in/nicgep/app?component=%24DirectLink_0&page=FrontEndAdvancedSearchResult&service=direct&session=T&sp=S%2FMjq04H2IjubTkZ8abxoyA%3D%3D
206,2025_RDTN_609750_1,[VELLORE DISTRICT PROVIDING NEW PIPE LINE ARRANGEMENT AT PERIYANPATTI TO SEMMANKUTTAI IN MELMOIL PANCHAYAT KVKUPPAM BLOCK 15 CFC 2025-26 PACKAGE NO 02],27-Sep-2025 05:15 PM,"Rural Development and Panchayat Raj Department||Vellore,RD,TN||K.V.KUPPAM, VELLORE,RD,TN",06-Oct-2025 03:00 PM,https://etender.up.nic.in/nicgep/app?component=%24DirectLink_0&page=FrontEndAdvancedSearchResult&service=direct&session=T&sp=SIwLm5T1B5zDIXtJ3Qen2gw%3D%3D
207,2025_DTP_606057_1,[524/2025/A1],18-Sep-2025 06:50 PM,Directorate of Town Panchayats||Nagercoil Zone||Unnamalaikadai Town Panchayat,03-Oct-2025 03:00 PM,https://etender.up.nic.in/nicgep/app?component=%24DirectLink_0&page=FrontEndAdvancedSearchResult&service=direct&session=T&sp=SPESe8mhNSgvcOXclCzoESw%3D%3D
208,2025_HWAY_603671_1,[MDU 114 / Thiruppathur Sub Division / CRIDP 2025 26],15-Sep-2025 06:45 PM,Highways||Construction and Maintenance Wing||Madurai Circle,07-Oct-2025 11:00 AM,https://etender.up.nic.in/nicgep/app?component=%24DirectLink_0&page=FrontEndAdvancedSearchResult&service=direct&session=T&sp=SH4oALU0YFsVNfRFNzIN9aQ%3D%3D
209,2025_HWAY_606670_1,[Construction of High Level Bridge at Km 1/2 of Km 379/6 NGM Road to Kurumbanur Road in lieu of existing causeway],20-Sep-2025 11:00 AM,Highways||NABARD and Rural Roads||Salem,07-Oct-2025 11:00 AM,https://etender.up.nic.in/nicgep/app?component=%24DirectLink_0&page=FrontEndAdvancedSearchResult&service=direct&session=T&sp=SzcQVsbf0gaQAul7PINsXeg%3D%3D
210,2025_TNHB_603604_1,[Sales of Commercial Plots at Kilmudalambedu Phase II],15-Sep-2025 11:00 AM,Tamil Nadu Housing Board||Project Circle (City)||Special Project Division I,15-Oct-2025 11:30 AM,https://etender.up.nic.in/nicgep/app?component=%24DirectLink_0&page=FrontEndAdvancedSearchResult&service=direct&session=T&sp=Sqm3Ax8mjsUKcjcFP4dqX3g%3D%3D
211,2025_CoC_608772_1,"[Landscape work for Victoria Public Hall at Ripon Building Campus in Div-58, Zone-5.]",25-Sep-2025 05:00 PM,"Corporation of Chennai||Head Quarters,CoC",30-Sep-2025 03:00 PM,https://etender.up.nic.in/nicgep/app?component=%24DirectLink_0&page=FrontEndAdvancedSearchResult&service=direct&session=T&sp=S6ESReNEliQKr2162GNTztw%3D%3D
212,2025_MAWS_609288_2,"[Providing of New 20W and 60W LED Lights fittings in Dana , Ottamkulam, Vambalanthan parrai , Thalaiyanai, Pothigadi tank  in Vikiramasingapuram Municiplity]",26-Sep-2025 05:30 PM,MAWS||Vikramasingapuram Municipality,06-Oct-2025 03:00 PM,https://etender.up.nic.in/nicgep/app?component=%24DirectLink_0&page=FrontEndAdvancedSearchResult&service=direct&session=T&sp=S3JWeCqd28GsgeAMB8jD3Dw%3D%3D
213,2025_CWDA_608138_1,[Tender for Fixing Rate Contract (One Year) for Supply of Commode Wheel Chair ],24-Sep-2025 12:30 PM,Commissionerate for Welfare of the Differently Abled,13-Oct-2025 01:00 PM,https://etender.up.nic.in/nicgep/app?component=%24DirectLink_0&page=FrontEndAdvancedSearchResult&service=direct&session=T&sp=SSFRLA%2FZJSk7YNpxqnNbKyg%3D%3D
214,2025_HWAY_606410_1,[Special Repairs to the Government roads in Mannargudi H CandM sub division Jurisdiction TNJ99],19-Sep-2025 06:00 PM,Highways||Construction and Maintenance Wing||Thanjavur Circle,07-Oct-2025 11:30 AM,https://etender.up.nic.in/nicgep/app?component=%24DirectLink_0&page=FrontEndAdvancedSearchResult&service=direct&session=T&sp=Sg%2BQKp9vvpMDddgh0nMb%2FIg%3D%3D
215,2025_EB_606530_1,[Back Clamp suitable for 8m PSC Pole],19-Sep-2025 05:00 PM,TNEB Limited||TANGEDCO||CE-Distribution-Vellore - TANGEDCO||SE-Krishnagiri - TANGEDCO,03-Oct-2025 02:00 PM,https://etender.up.nic.in/nicgep/app?component=%24DirectLink_0&page=FrontEndAdvancedSearchResult&service=direct&session=T&sp=SrsdySvcgG3P65AoA5bCJ3A%3D%3D
216,2025_MAWS_608477_1,"[Maintenance  Repair Works to Corporation Elementary School  at Kaaliamman Kovil Street, Edamalaipatti pudhur in Ward No57]",24-Sep-2025 06:10 PM,MAWS||Tiruchirappalli City Municipal Corporation,30-Sep-2025 03:00 PM,https://etender.up.nic.in/nicgep/app?component=%24DirectLink_0&page=FrontEndAdvancedSearchResult&service=direct&session=T&sp=Sv7FpMW1%2FHgt3aTr6FJ%2BBPw%3D%3D
217,2025_DTP_609017_1,[2025-2026 GOVERNMENT SCHOOL TOILET MAINTENANCE in Perungulam Town Panchayat],26-Sep-2025 05:30 PM,Directorate of Town Panchayats||Tirunelveli Zone||Sayapuram Town Panchayat,07-Oct-2025 03:00 PM,https://etender.up.nic.in/nicgep/app?component=%24DirectLink_0&page=FrontEndAdvancedSearchResult&service=direct&session=T&sp=S%2FMDyRRw3xwECCYImfRh%2Bog%3D%3D
218,2025_CoC_605404_1,"[Construction of Infrastructure facility building for the proposed Mega Bailing Centre at Manali in Dn.22, Unit 5, Zone 2]",18-Sep-2025 09:00 AM,"Corporation of Chennai||Head Quarters,CoC",10-Oct-2025 03:00 PM,https://etender.up.nic.in/nicgep/app?component=%24DirectLink_0&page=FrontEndAdvancedSearchResult&service=direct&session=T&sp=SCRADfqYvjd68ilCyA%2F8Q5Q%3D%3D
219,2025_EB_605264_1,[THE VARIOUS CAPITAL WORKS IN O AND M PERAMBALUR DIVISION ],17-Sep-2025 06:00 PM,TNEB Limited||TANGEDCO||CE-Trichy EDC - TANGEDCO||SE-Perambalur - TANGEDCO,02-Oct-2025 02:00 PM,https://etender.up.nic.in/nicgep/app?component=%24DirectLink_0&page=FrontEndAdvancedSearchResult&service=direct&session=T&sp=Svyrk%2Bh48dYl2SEZOjo5WNA%3D%3D
220,2025_RDTN_608577_1,[Construction of Bus Shelter at Vandari  Village and  Panchayat],25-Sep-2025 09:00 AM,"Rural Development and Panchayat Raj Department||Madurai,RD,TN||SEDAPATTI, MADURAI,RD,TN",06-Oct-2025 03:00 PM,https://etender.up.nic.in/nicgep/app?component=%24DirectLink_0&page=FrontEndAdvancedSearchResult&service=direct&session=T&sp=S38sfLNHbmdAp7pv0pGYu0Q%3D%3D
221,2025_EB_608371_1,[Aluminium Knob],24-Sep-2025 03:55 PM,TNEB Limited||TANGEDCO||CE-Distribution-Erode - TANGEDCO||SE-Namakkal - TANGEDCO,09-Oct-2025 02:00 PM,https://etender.up.nic.in/nicgep/app?component=%24DirectLink_0&page=FrontEndAdvancedSearchResult&service=direct&session=T&sp=ScuOjbetm%2Fzhjp%2BcxqUuUWQ%3D%3D
222,2025_MAWS_607533_3,[15th CFC 2025-26 Tied WS Purchase of Gas Cylinder for Gas Chlorination Plant and Maintenance of Headworks Genset],23-Sep-2025 11:00 AM,MAWS||Kadayanallur Municipality,06-Oct-2025 03:00 PM,https://etender.up.nic.in/nicgep/app?component=%24DirectLink_0&page=FrontEndAdvancedSearchResult&service=direct&session=T&sp=Sk4lGBfU1Ds91gKmxNgLp5g%3D%3D
223,2025_DTP_609852_1,[Genguvarpatti Town Panchayat Theni District15 TH FINANCE 1ST INSTALMENT  2025 2026],29-Sep-2025 09:00 AM,Directorate of Town Panchayats||Theni Zone||Ganguvarpatti Town Panchayat - Theni,30-Sep-2025 03:00 PM,https://etender.up.nic.in/nicgep/app?component=%24DirectLink_0&page=FrontEndAdvancedSearchResult&service=direct&session=T&sp=SP16L27GMkimcADQdEOfS8A%3D%3D
224,2025_TNSHA_598198_1,[Construction of Four Lane Elevated Corridor Along East Coast Road (ECR) from Design chainage Km.11/480 - 11/800 (West Avenue Road) and upto 24/780 (ECR) Thiruvanmiyur to Uthandi in SH-49 on Hybrid Annuity Mode (HAM).],29-Aug-2025 05:00 PM,Tamil Nadu State Highway Authority,23-Oct-2025 12:00 PM,https://tntenders.gov.in/nicgep/app?component=%24DirectLink&page=FrontEndLatestActiveCorrigendums&service=direct&session=T&sp=SzWF6kmCMBA%2Bn7eY6%2FC0iug%3D%3D
225,2025_DTP_609912_1,[15th FINANCE SCHEME 2024 2025 II Phase Construction Strom Water Drainage at ward 12 library street in C Pudupatti Town Panchayat],29-Sep-2025 09:00 AM,Directorate of Town Panchayats||Theni Zone||Pudupatti Town Panchayat - Theni,30-Sep-2025 06:00 PM,https://etender.up.nic.in/nicgep/app?component=%24DirectLink_0&page=FrontEndAdvancedSearchResult&service=direct&session=T&sp=SPVYGEV%2FiDW4xj1LMGivcRA%3D%3D
226,2025_TNERC_595827_1,[Appointment of Consultant to provide Consultancy Support in Framing Tamil Nadu Electricity Distribution Code],23-Aug-2025 01:40 PM,Tamil Nadu Electricity Regulatory Commission (TNERC),13-Oct-2025 12:30 PM,https://tntenders.gov.in/nicgep/app?component=%24DirectLink&page=FrontEndLatestActiveCorrigendums&service=direct&session=T&sp=S%2FTyfgB%2F%2BxZCy9ol6y41Brg%3D%3D
227,2025_EB_606423_1,[Supply of ECO Hopper Spill over Ash disposal tray for B path of Unit III ECO hoppers],19-Sep-2025 06:00 PM,TNEB Limited||TANGEDCO||CE-TTPS - TANGEDCO||SE-Purchase and Administration-TTPS - TANGEDCO,07-Oct-2025 02:00 PM,https://etender.up.nic.in/nicgep/app?component=%24DirectLink_0&page=FrontEndAdvancedSearchResult&service=direct&session=T&sp=S0XyjvpmKF5%2BibacWV9xa1Q%3D%3D
228,2025_HWAY_605195_1,[MDU 124 / Ramanathapuram Sub Division / CRIDP 2025 26],20-Sep-2025 04:00 PM,Highways||Construction and Maintenance Wing||Madurai Circle,07-Oct-2025 11:00 AM,https://etender.up.nic.in/nicgep/app?component=%24DirectLink_0&page=FrontEndAdvancedSearchResult&service=direct&session=T&sp=SujipQF7W8QebhRvyWc5Lsw%3D%3D
229,2025_DTP_607560_1,[Construction of culvert wall ward No 11  Burial Ground In Thenkarai Town Panchayat],22-Sep-2025 06:00 PM,Directorate of Town Panchayats||Theni Zone||Thenkarai Town Panchayat - Theni,30-Sep-2025 03:00 PM,https://etender.up.nic.in/nicgep/app?component=%24DirectLink_0&page=FrontEndAdvancedSearchResult&service=direct&session=T&sp=SwI2r5mhOg%2B6idmnci6fXjA%3D%3D
230,2025_CoC_609844_1,[Construction of  Storm Water Drain of Size 1200X1200 mm in Vellala street (Kunjutham street to vellala street ganesh hospital) Phase -II in Division-97 Unit-21 Zone-8 (MLA fund)],29-Sep-2025 09:00 AM,"Corporation of Chennai||Regional office Central ,CoC",09-Oct-2025 03:00 PM,https://etender.up.nic.in/nicgep/app?component=%24DirectLink_0&page=FrontEndAdvancedSearchResult&service=direct&session=T&sp=SSwkyKqQ%2FLEq9Wuk%2B2Ep60A%3D%3D
231,2025_POLIS_607523_1,[Implementation of surveillance solution around Honourable CM Residency],22-Sep-2025 06:00 PM,Police Department||Greater Chennai Police,07-Oct-2025 02:00 PM,https://tntenders.gov.in/nicgep/app?component=%24DirectLink&page=FrontEndLatestActiveCorrigendums&service=direct&session=T&sp=S2en%2Bif8iTMT8AzFbhXVaoQ%3D%3D
232,2025_RDTN_604951_19,[Strengthening of Mela theru road 450 M  in Agaravataram Panchayat in Kollidam  Block NNT 2025-26],18-Sep-2025 06:00 PM,Rural Development and Panchayat Raj Department||Mayiladuthurai RD TN||Kollidam Mayiladuthurai RD TN,03-Oct-2025 06:00 PM,https://tntenders.gov.in/nicgep/app?component=%24DirectLink&page=FrontEndLatestActiveCorrigendums&service=direct&session=T&sp=SaSa9Ie18VU4cPcIcqd2llA%3D%3D
233,2025_RDTN_609423_1,[Vellore district Construction of Cement Concrete Drainage at Guruvarajapalayam Murali House to Vikram House in Guruvarajapalayam Panchayat Anaicut Block 15th CFC-BP 2025-2026(TIED and UNTIED) Scheme Package no  21],27-Sep-2025 09:00 AM,"Rural Development and Panchayat Raj Department||Vellore,RD,TN||ANAICUT, VELLORE,RD,TN",06-Oct-2025 03:00 PM,https://etender.up.nic.in/nicgep/app?component=%24DirectLink_0&page=FrontEndAdvancedSearchResult&service=direct&session=T&sp=SAJ9Mtp%2BOzWBkX1%2BdiYtPuw%3D%3D
234,2025_TNCSF_610076_1,[CONTRACT WORK ASH REMOVAL/403/2025/P1],29-Sep-2025 04:00 PM,Department of Sugar||SUBRAMANIYA SIVA COOPERATIVE SUGAR MILLS LTD,13-Oct-2025 06:00 PM,https://etender.up.nic.in/nicgep/app?component=%24DirectLink_0&page=FrontEndAdvancedSearchResult&service=direct&session=T&sp=S%2FRC4zBb%2FBDxfp4wgjFyS6A%3D%3D
235,2025_TNPL_608342_1,[SUPPLY AND FIXING OF PAPER  TISSUE HOLDER IN CAUVERY HOUSE AT TNPL UNIT-II ],24-Sep-2025 06:00 PM,Tamilnadu Newsprint and Papers Limited||TNPL Unit-2||TNPL TOS,07-Oct-2025 03:00 PM,https://etender.up.nic.in/nicgep/app?component=%24DirectLink_0&page=FrontEndAdvancedSearchResult&service=direct&session=T&sp=SGtxl1B1bFOlox8wTa0hC3Q%3D%3D
236,2025_RDTN_608705_1,[Strengthening of The Streets  from Keeranatham Senthur Narayana Residency Cut Street  H/o Keeranatham Panchayat (408 M)],25-Sep-2025 02:00 PM,"Rural Development and Panchayat Raj Department||Coimbatore,RD,TN||SARKARSAMAKULAM, COIMBATORE,RD,TN",30-Sep-2025 03:00 PM,https://etender.up.nic.in/nicgep/app?component=%24DirectLink_0&page=FrontEndAdvancedSearchResult&service=direct&session=T&sp=StKSoch9llfg3wLNFPmGi4w%3D%3D
237,2025_DTP_608799_1,[General Fund 2025-2026  in Perungulam Town Panchayat],25-Sep-2025 06:40 PM,Directorate of Town Panchayats||Tirunelveli Zone||Sayapuram Town Panchayat,07-Oct-2025 03:00 PM,https://etender.up.nic.in/nicgep/app?component=%24DirectLink_0&page=FrontEndAdvancedSearchResult&service=direct&session=T&sp=S7fl0mq9%2FKUVVjgd747jdtw%3D%3D
238,2025_RDTN_608875_6,[Gingee 15th CFC (BP)  2025-26 Pack6],26-Sep-2025 09:00 AM,"Rural Development and Panchayat Raj Department||Villupuram,RD,TN||GINGEE, VILLUPURAM,RD,TN",03-Oct-2025 03:00 PM,https://etender.up.nic.in/nicgep/app?component=%24DirectLink_0&page=FrontEndAdvancedSearchResult&service=direct&session=T&sp=SWabrgpMGR8M8qGP5E0uaIA%3D%3D
239,2025_EB_602841_1,[NCTPSII2X600 MW Operation circle O E Division Unit II To carry out shift works and recording of equipment parameters at various locations of ESPBoiler 40 mtrTurbine 0 mtr  Turbine 85  175 mtr and common locations such as CWPH and Raw water pump house],11-Sep-2025 01:50 PM,TNEB Limited||TANGEDCO||CE-NCTPS-II - TANGEDCO||SE-Operation-NCTPS-II - TANGEDCO,03-Oct-2025 02:00 PM,https://tntenders.gov.in/nicgep/app?component=%24DirectLink&page=FrontEndLatestActiveCorrigendums&service=direct&session=T&sp=SSXD0wZq9Tol1q2R1lKN%2BFA%3D%3D
240,2025_CoC_608783_1,"[Restoration of Road Cut Made by CMWSSB at Astalakshmi Nagar 2nd Main Road, 4th Main Road and 5th Main Road in Dn 147, Unit 32, Zone 11]",25-Sep-2025 04:00 PM,"Corporation of Chennai||Regional office South,CoC",30-Sep-2025 03:00 PM,https://etender.up.nic.in/nicgep/app?component=%24DirectLink_0&page=FrontEndAdvancedSearchResult&service=direct&session=T&sp=Swuy3PPhpKLV%2BwS%2BOGjkhbw%3D%3D
241,2025_HWAY_605703_1,[TN.No.26 / SI.No.06 / 2025-2026 / SDO / CPT - 27],20-Sep-2025 09:00 AM,Highways||NABARD and Rural Roads||Chengalpattu,07-Oct-2025 12:00 PM,https://etender.up.nic.in/nicgep/app?component=%24DirectLink_0&page=FrontEndAdvancedSearchResult&service=direct&session=T&sp=STGAOySmbCtZmEsBZpMmLZA%3D%3D
242,2025_DTP_608184_1,[2025-26 15th FC Un Tied 1st Installment  Pudupalayam Town Panchayat],24-Sep-2025 09:00 AM,"Directorate of Town Panchayats||Vellore Zone||Pudupalayam Town Panchayat, Tiruvannamalai",30-Sep-2025 03:00 PM,https://etender.up.nic.in/nicgep/app?component=%24DirectLink_0&page=FrontEndAdvancedSearchResult&service=direct&session=T&sp=SjYqrZbGxVXbv49xp4Nmr8Q%3D%3D
243,2025_CoC_605659_1,[El.D.C.No.South/3872/2025 Supply and Erection of 72 Nos of 7/9.5 Mtr street lamp post with LED fittings under Iyyappanthangal Panchayat from Thillai Agaram to Moogambikai Nagar Deposit Work CMRL],18-Sep-2025 06:00 PM,"Corporation of Chennai||Head Quarters,CoC",03-Oct-2025 02:15 PM,https://etender.up.nic.in/nicgep/app?component=%24DirectLink_0&page=FrontEndAdvancedSearchResult&service=direct&session=T&sp=SdxWWEQ5KLvSwRv%2B1Jv4sYg%3D%3D
244,2025_ROCS_606926_1,[TRANSPORT TENDER],22-Sep-2025 10:00 AM,Registrar of Cooperative Societies||Additional Registrar of Cooperative Societies  Chennai||TANFED - CHENNAI,07-Oct-2025 02:00 PM,https://etender.up.nic.in/nicgep/app?component=%24DirectLink_0&page=FrontEndAdvancedSearchResult&service=direct&session=T&sp=SgZF1pVp1pIhlAsDlnfkBfA%3D%3D
245,2025_SETC_595834_1,[TENDER FOR THE WORK OF BUS WASHING INSIDE AND OUT SIDE OF VARIOUS TYPES OF BUSES IN SETC TIRUVANDRUM DEPOT.],21-Aug-2025 04:00 PM,State Express Transport Corporation Tamilnadu Limited,07-Oct-2025 03:00 PM,https://tntenders.gov.in/nicgep/app?component=%24DirectLink&page=FrontEndLatestActiveCorrigendums&service=direct&session=T&sp=SCicfs0gYHoXlOfirhO5Y%2Fg%3D%3D
246,2025_EB_608359_1,[LT-10/2025-26 of SE/GCC-II],24-Sep-2025 03:30 PM,TNEB Limited||TANTRANSCO||CE-Transmission Projects-I-Chennai - TANTRANSCO||SE-GCC II - TANTRANSCO,06-Oct-2025 02:00 PM,https://etender.up.nic.in/nicgep/app?component=%24DirectLink_0&page=FrontEndAdvancedSearchResult&service=direct&session=T&sp=SDqOC%2Fy3kbrFg%2BK%2BZBtuqaQ%3D%3D
247,2025_DTP_608582_4,[MANDAPAM 15TH FINANCE 2025-2026 Pump room and Raising Compound wall i],25-Sep-2025 09:00 AM,Directorate of Town Panchayats||Sivaganga Zone||Mandapam Town Panchayat,30-Sep-2025 03:00 PM,https://etender.up.nic.in/nicgep/app?component=%24DirectLink_0&page=FrontEndAdvancedSearchResult&service=direct&session=T&sp=SQsg5xKyFPwcCD%2FKDY15xjw%3D%3D
248,2025_TNPL_608352_1,[MISCELLANEOUS CIVIL WORKS DURING SHUTDOWN  BREAKDOWN AT MEP PHASE-I AREA AT TNPL UNIT - II ],24-Sep-2025 06:00 PM,Tamilnadu Newsprint and Papers Limited||TNPL Unit-2||TNPL TOS,07-Oct-2025 03:00 PM,https://etender.up.nic.in/nicgep/app?component=%24DirectLink_0&page=FrontEndAdvancedSearchResult&service=direct&session=T&sp=SpCqdci1GRgC185OTKy1BUw%3D%3D
249,2025_EB_604829_1,[Establishment of new Shundan  33/11 KV Outdoor Substation    with 1x8 MVA Power Transformer  (Electrical works only) in Cuddalore EDC in Villupuram Region of TNPDCL under total Turnkey Basis.],17-Sep-2025 06:00 PM,TNEB Limited||TANGEDCO||CE-Distribution-Villupuram - TANGEDCO,06-Oct-2025 02:00 PM,https://etender.up.nic.in/nicgep/app?component=%24DirectLink_0&page=FrontEndAdvancedSearchResult&service=direct&session=T&sp=SJUGmlGVht5N%2BnY10HTH6Sg%3D%3D
250,2025_TNSTC_606073_1,"[Engagement of buses along with driver from private operators on hire basis for crowed clearance during weekend, Festival days Deepavali and Pongal, Full Moon days, New moon days etc.. by TNSTC(MDU)Ltd., Madurai Region]",19-Sep-2025 11:00 AM,Tamilnadu State Transport Corporation||Madurai Corporation||Central Purchase Department||Procurement,06-Oct-2025 11:00 AM,https://etender.up.nic.in/nicgep/app?component=%24DirectLink_0&page=FrontEndAdvancedSearchResult&service=direct&session=T&sp=SaiZY2Nf1J6ceTxhQpij4gA%3D%3D
251,2025_RDTN_609461_1,[Construction of Kitchen Shed Building at Govt High School in Kujjampalayam .H/O.Gundri.],27-Sep-2025 09:10 AM,"Rural Development and Panchayat Raj Department||Erode,RD,TN||SATHIYAMANGALAM, ERODE,RD,TN",06-Oct-2025 03:00 PM,https://etender.up.nic.in/nicgep/app?component=%24DirectLink_0&page=FrontEndAdvancedSearchResult&service=direct&session=T&sp=S%2BRIc%2BylBJb%2FxTMJe6FDuaw%3D%3D
252,2025_TNPL_607520_1,[Providing Manpower Assistance to carry out Miscellaneous jobs -Settlement Covered Contract Workman at TNPL Unit I at Kagithapuram for the year 2025-26],26-Sep-2025 05:00 PM,Tamilnadu Newsprint and Papers Limited||TNPL Unit-1||TNPL TOS,10-Oct-2025 03:00 PM,https://etender.up.nic.in/nicgep/app?component=%24DirectLink_0&page=FrontEndAdvancedSearchResult&service=direct&session=T&sp=SPlUNwqsRQt69E9dDE83wHw%3D%3D
253,2025_MAWS_610069_1,[REQUEST FOR PROPOSAL FOR SELECTION OF FOOD SERVICVE PROVIDER FOR CHIEF MINISTERS BREAKFAST SCHEME TO SCHOOL CHILDREN],29-Sep-2025 04:00 PM,MAWS||Coimbatore City Municipal Corporation,06-Oct-2025 03:00 PM,https://etender.up.nic.in/nicgep/app?component=%24DirectLink_0&page=FrontEndAdvancedSearchResult&service=direct&session=T&sp=SnDtV9XZQUupwjf18KH5VYw%3D%3D
254,2025_DTP_607598_1,[15th FC Untied 2nd Installment 2025 - 2026 Construction of burial ground shed  in Kannappanalloor  in Aralvoimozhi  Town Panchayat ],22-Sep-2025 06:45 PM,Directorate of Town Panchayats||Nagercoil Zone||Aralvaimozhy Town Panchayat,30-Sep-2025 03:00 PM,https://etender.up.nic.in/nicgep/app?component=%24DirectLink_0&page=FrontEndAdvancedSearchResult&service=direct&session=T&sp=SrldV2C7LSz3WIEiAYNhu5g%3D%3D
255,2025_HWAY_601852_1,[Dharmapuri (H) CandM Sub Division (SLM-80)],09-Sep-2025 09:00 AM,Highways||Construction and Maintenance Wing||Salem Circle,23-Oct-2025 10:30 AM,https://etender.up.nic.in/nicgep/app?component=%24DirectLink_0&page=FrontEndAdvancedSearchResult&service=direct&session=T&sp=SkTYoikFyKWS%2BE5DAiaAyIA%3D%3D
256,2025_HWAY_603695_3,[Construction of High level Bridges at Km 6/4 and 6/8 of Puliyampatti - Koombur Road in  lieu of existing causeway],15-Sep-2025 10:00 AM,Highways||NABARD and Rural Roads||Trichy,07-Oct-2025 11:00 AM,https://etender.up.nic.in/nicgep/app?component=%24DirectLink_0&page=FrontEndAdvancedSearchResult&service=direct&session=T&sp=SibAQdfzPpfz7p6%2FctsN%2FqA%3D%3D
257,2025_DTP_609466_1,[Providing High Mast Light 16m at Ward No 6 Puthur Mariyamman Kovil near Four Road in Palacode Town Panchayat],27-Sep-2025 09:00 AM,"Directorate of Town Panchayats||Dharmapuri Zone||Palakkodu Town Panchayat, Dharmapuri",30-Sep-2025 03:00 PM,https://etender.up.nic.in/nicgep/app?component=%24DirectLink_0&page=FrontEndAdvancedSearchResult&service=direct&session=T&sp=SJp3onMDfPXXjmaNPY26WtQ%3D%3D
258,2025_CoC_609839_1,[Construction of  Storm Water Drain of Size 1200X1200 mm in Vellala street (Vellala street and new avadi road junction to ganesh hospital along canal) Phase -I in Division-97 Unit-21 Zone-8 (MLA fund)],29-Sep-2025 09:00 AM,"Corporation of Chennai||Regional office Central ,CoC",09-Oct-2025 03:00 PM,https://etender.up.nic.in/nicgep/app?component=%24DirectLink_0&page=FrontEndAdvancedSearchResult&service=direct&session=T&sp=SZwe8e5G4nlliIWB6ShEEGQ%3D%3D
259,2025_RDTN_607222_1,"[PACKAGE NO.01 - Construction of houses for Combined House (4 Nos.) with Ceramic Tiles flooring at Aliyanilai Refugee Camp in Aliyanilai Refugee Camp in Aliyanilai Panchayat (5 GROUP HOUSES 20 NO.OF HOUSES) in Aranthangi Panchayat Union, Pudukkottai D]",22-Sep-2025 10:00 AM,"Rural Development and Panchayat Raj Department||Pudhukottai,RD,TN",03-Oct-2025 03:00 PM,https://etender.up.nic.in/nicgep/app?component=%24DirectLink_0&page=FrontEndAdvancedSearchResult&service=direct&session=T&sp=S2t7HQ2DQ7jWwfLNn3D0vRw%3D%3D
260,2025_TNRDC_606460_1,[Restoration of Main Carriageway from Km 24.300 to 26.200 (LHS) 24.300 to 25.300 (RHS) and service road from Km 25.250 to 25.500 (LHS) disturbed by CMWSSB for laying on collection system at East Coast Road],19-Sep-2025 06:00 PM,TamilNadu Road Development Company Limited(TNRDC),06-Oct-2025 03:00 PM,https://etender.up.nic.in/nicgep/app?component=%24DirectLink_0&page=FrontEndAdvancedSearchResult&service=direct&session=T&sp=Sgb273oEpqbLm177RXr7ITQ%3D%3D
261,2025_EB_609103_1,[Procurement of LT BI Metallic clamp 120Sqmm],26-Sep-2025 02:00 PM,TNEB Limited||TANGEDCO||CE-Distribution-Erode - TANGEDCO||SE-Salem - TANGEDCO,09-Oct-2025 02:30 PM,https://etender.up.nic.in/nicgep/app?component=%24DirectLink_0&page=FrontEndAdvancedSearchResult&service=direct&session=T&sp=Sbh%2BJ%2BQdkoBAC7BVj3nOFnw%3D%3D
262,2025_EB_599951_1,[Supply of Three Phase DLMS Static Meter(10-60A)(Programmable as bidirectional)],03-Sep-2025 10:00 AM,TNEB Limited||TANGEDCO||CE-Material Management - TANGEDCO,16-Oct-2025 02:00 PM,https://tntenders.gov.in/nicgep/app?component=%24DirectLink&page=FrontEndLatestActiveCorrigendums&service=direct&session=T&sp=STm5Z7wVR%2FMPe7Qf0arCt8Q%3D%3D
263,2025_RDTN_609567_1,[Tirupathur District 15 CFC 2025-26 Providing Interlocking Paver Block From Deva House to Rajendiran House in Poongan Vattam H/O Agraharam Package No.10],27-Sep-2025 02:00 PM,Rural Development and Panchayat Raj Department||Tirupathur RD TN||Jolarpet Tirupathur RD TN,10-Oct-2025 03:00 PM,https://etender.up.nic.in/nicgep/app?component=%24DirectLink_0&page=FrontEndAdvancedSearchResult&service=direct&session=T&sp=S0CuLmoYgFw1Mp4YIgpWRBg%3D%3D
264,2025_RDTN_604951_9,[Construction  of    Retaining wall   at Villiyanallur   in Mathanam  Panchayat in Kollidam  Block NNT 2025-26],17-Sep-2025 09:00 AM,Rural Development and Panchayat Raj Department||Mayiladuthurai RD TN||Kollidam Mayiladuthurai RD TN,03-Oct-2025 06:00 PM,https://tntenders.gov.in/nicgep/app?component=%24DirectLink&page=FrontEndLatestActiveCorrigendums&service=direct&session=T&sp=SFZ0R4OGqPS8enILqkf6%2BCA%3D%3D
265,2025_CoC_607591_1,[Proposal for Beach Front Development at Ennore Thazhakuppam Beach in Zone-1.],22-Sep-2025 06:55 PM,"Corporation of Chennai||Head Quarters,CoC",06-Oct-2025 03:00 PM,https://tntenders.gov.in/nicgep/app?component=%24DirectLink&page=FrontEndLatestActiveCorrigendums&service=direct&session=T&sp=SRifbC8XlNDgDZfYhDY1SSg%3D%3D
266,2025_EB_608844_1,[AMBATTUR SD CONTRACT],25-Sep-2025 05:40 PM,TNEB Limited||TANGEDCO||CE-Distribution-Chennai-North - TANGEDCO||SE-West-Chennai - TANGEDCO,09-Oct-2025 03:00 PM,https://etender.up.nic.in/nicgep/app?component=%24DirectLink_0&page=FrontEndAdvancedSearchResult&service=direct&session=T&sp=SiZ10zbr51OhbLhmaT54u4Q%3D%3D
267,2025_RDTN_608510_1,[Construction of Culvert and retaining wall on the road from Marur to forest border H/O Thalavadi Panchayat],25-Sep-2025 09:00 AM,"Rural Development and Panchayat Raj Department||Erode,RD,TN||TALAVADI, ERODE,RD,TN",07-Oct-2025 03:00 PM,https://etender.up.nic.in/nicgep/app?component=%24DirectLink_0&page=FrontEndAdvancedSearchResult&service=direct&session=T&sp=S3%2F88L1uSk1UxwfrwQBtI2Q%3D%3D
268,2025_RDTN_602608_1,[Construction of Kalaiyarangam at Sunthanur Perumal Kovil Near in SENGANAM Panchayat.],10-Sep-2025 06:30 PM,"Rural Development and Panchayat Raj Department||Pudhukottai,RD,TN||AVUDAYARKOIL - VP, PUDUKKOTTAI,RD,TN",08-Oct-2025 03:00 PM,https://tntenders.gov.in/nicgep/app?component=%24DirectLink&page=FrontEndLatestActiveCorrigendums&service=direct&session=T&sp=SrI1rvNgvW4nN7GbUUazX%2Fg%3D%3D
269,2025_MAWS_605833_1,"[Namakkal City Municipal Corporation-Supply, Errection and Commissioning of 12m Ladder type highmast pole with 6 Nos of 200W LED in Periyapatty buriyal ground road junction at W37]",19-Sep-2025 09:00 AM,MAWS||Nammakkal Municipality,30-Sep-2025 03:00 PM,https://etender.up.nic.in/nicgep/app?component=%24DirectLink_0&page=FrontEndAdvancedSearchResult&service=direct&session=T&sp=SAKQ50fH1mftKbDrigKC7BQ%3D%3D
270,2025_RDTN_608498_1,[Construction Work a STAGE (Small stadium ) for Middle school at Keelamangalam Village and Panchayat],24-Sep-2025 06:40 PM,"Rural Development and Panchayat Raj Department||Thoothukudi,RD,TN||OTTAPIDARAM, THOOTHUKUDI,RD,TN",29-Sep-2025 06:50 PM,https://etender.up.nic.in/nicgep/app?component=%24DirectLink_0&page=FrontEndAdvancedSearchResult&service=direct&session=T&sp=SDSBBjQedQa2r1QMRWt3EcA%3D%3D
271,2025_TNHB_607248_1,[Maintenance of 32 flats at Sholinganallur Phase II Scheme Chennai for the Period from 10.10.2025 to 31.03.2026  ],23-Sep-2025 10:00 AM,Tamil Nadu Housing Board||Chennai Circle-II||Besant Nagar Division,07-Oct-2025 11:00 AM,https://etender.up.nic.in/nicgep/app?component=%24DirectLink_0&page=FrontEndAdvancedSearchResult&service=direct&session=T&sp=SrCoylO4oG1BW6dM%2Bg48PNg%3D%3D
272,2025_HWAY_607037_1,[Hosur (H) CandM Sub Division (SLM-91)],22-Sep-2025 10:00 AM,Highways||Construction and Maintenance Wing||Salem Circle,23-Oct-2025 10:30 AM,https://etender.up.nic.in/nicgep/app?component=%24DirectLink_0&page=FrontEndAdvancedSearchResult&service=direct&session=T&sp=SNJm4K8mG3wA0%2BMq3Wq%2B0dA%3D%3D
273,2025_RDTN_606481_1,[Thanjavur District Kumbakonam- Construction Shopping Complex Near Arasalaru River at Sakkottai Panchayat Under General Fund 2025-2026 Kumbakonam Block],24-Sep-2025 09:00 AM,"Rural Development and Panchayat Raj Department||Thanjavur,RD,TN||KUMBAKONAM, THANJAVUR,RD,TN",03-Oct-2025 03:00 PM,https://etender.up.nic.in/nicgep/app?component=%24DirectLink_0&page=FrontEndAdvancedSearchResult&service=direct&session=T&sp=SbtC4Ivqz4boJeDUGENV9Jg%3D%3D
274,2025_DTP_609190_1,[Kanyakumri Distict - Anjugramam TP -15th 2025-26],26-Sep-2025 04:00 PM,Directorate of Town Panchayats||Nagercoil Zone||Anjugramam Town Panchayat,30-Sep-2025 03:00 PM,https://etender.up.nic.in/nicgep/app?component=%24DirectLink_0&page=FrontEndAdvancedSearchResult&service=direct&session=T&sp=SxdlF3YXqQ3JWafqj3PlxJQ%3D%3D
275,2025_CMDAC_607543_1,[Construction of Amudham Stores at Periyar Nagar],22-Sep-2025 05:45 PM,Chennai Metropolitan Development Authority||Construction Wing,16-Oct-2025 03:00 PM,https://etender.up.nic.in/nicgep/app?component=%24DirectLink_0&page=FrontEndAdvancedSearchResult&service=direct&session=T&sp=SvtJZptF3OyX6I9pjtEbQ8Q%3D%3D
276,2024_TNMSC_511412_1,[ONLINE TENDER FOR FIXING RATE CONTRACT FOR SUPPLY AND INSTALLATION OF VARIOUS TYPE OF ELECTROLYTE ANALYZER AND AUTOMATED ESR ANALYZER TO VARIOUS GOVT. INSTITUTIONS],16-Dec-2024 06:30 PM,Tamilnadu Medical Services Corporation||Equipment,15-Oct-2025 11:00 AM,https://tntenders.gov.in/nicgep/app?component=%24DirectLink&page=FrontEndLatestActiveCorrigendums&service=direct&session=T&sp=S10tlwbrsbmZw9AsxmEowLg%3D%3D
277,2025_RDTN_609757_1,[VELLORE DISTRICT PROVIDING EXTENSION OF PIPE LINE KILALATHUR AD COLONY IN KILALATHUR PANCHAYAT KVKUPPAM BLOCK 15 CFC 2025-26 PACKAGE NO 03],27-Sep-2025 05:25 PM,"Rural Development and Panchayat Raj Department||Vellore,RD,TN||K.V.KUPPAM, VELLORE,RD,TN",06-Oct-2025 03:00 PM,https://etender.up.nic.in/nicgep/app?component=%24DirectLink_0&page=FrontEndAdvancedSearchResult&service=direct&session=T&sp=SryDzAtIfEF9p%2Fr%2FFzPWj2g%3D%3D
278,2025_HWAY_599220_1,[TN 22 25 26 Dharapuram Division TPR 051],01-Sep-2025 05:30 PM,Highways||Construction and Maintenance Wing||Tiruppur Circle,09-Oct-2025 10:45 AM,https://etender.up.nic.in/nicgep/app?component=%24DirectLink_0&page=FrontEndAdvancedSearchResult&service=direct&session=T&sp=SF2RFV58ePaX1cA%2FQ7sZOgw%3D%3D
279,2025_EB_606099_1,"[Supply, Fabrication, Erection of GI steel structures, earthing, materials, etc., for new Nallandipuram 110kV SS]",19-Sep-2025 09:00 AM,TNEB Limited||TANTRANSCO||CE-Transmission Projects-II-Trichy - TANTRANSCO,06-Oct-2025 11:00 AM,https://etender.up.nic.in/nicgep/app?component=%24DirectLink_0&page=FrontEndAdvancedSearchResult&service=direct&session=T&sp=SqH19WXa2iFcT38ozYKdUAw%3D%3D
280,2025_RDTN_608709_1,[Vellore district Providing CC Pavement at Kurukku Street in Palampakkam Panchayat  in Kaniyambadi Block General Fund 2025-26 PACKAGE NO 13],25-Sep-2025 02:00 PM,"Rural Development and Panchayat Raj Department||Vellore,RD,TN||KANIAMBADI, VELLORE,RD,TN",10-Oct-2025 03:00 PM,https://etender.up.nic.in/nicgep/app?component=%24DirectLink_0&page=FrontEndAdvancedSearchResult&service=direct&session=T&sp=S9oJ43fJkbDEYjf0TClbqHQ%3D%3D
281,2025_DoTE_609093_1,[PURCHASE OF EQUIPMENT],26-Sep-2025 02:00 PM,"Directorate of Technical Education||Govt. Polytechnic College - DOTE||Government Polytechnic College, Perundurai, Erode",06-Oct-2025 11:00 AM,https://etender.up.nic.in/nicgep/app?component=%24DirectLink_0&page=FrontEndAdvancedSearchResult&service=direct&session=T&sp=S0%2FVgug8g4y6JSqxvoL6LkQ%3D%3D
282,2025_EB_606859_1,"[Supply, erection, testing and commissioning of new 33KV source line and  11 KV link lines for newly proposed Kadambur 33/11 KV SS (hills)  in Sathy Division of Gobi EDC ]",20-Sep-2025 03:00 PM,TNEB Limited||TANGEDCO||CE-Distribution-Erode - TANGEDCO||SE-Gobi - TANGEDCO,09-Oct-2025 02:00 PM,https://tntenders.gov.in/nicgep/app?component=%24DirectLink&page=FrontEndLatestActiveCorrigendums&service=direct&session=T&sp=SaQuckm6tJD%2B%2B1%2BRWuU3WOw%3D%3D
283,2025_TNPL_604400_1,"[Dismantling, Fabrication and Erection of ECF D0, EOP and  D1 Tower scrapper top corroded structurals at Pulp  Mechanical in TNPL Unit 1.]",15-Sep-2025 06:45 PM,Tamilnadu Newsprint and Papers Limited||TNPL Unit-1||TNPL TOS,03-Oct-2025 03:00 PM,https://tntenders.gov.in/nicgep/app?component=%24DirectLink&page=FrontEndLatestActiveCorrigendums&service=direct&session=T&sp=Sy0t9H%2BQhw3ayMJn0q4cQSg%3D%3D
284,2025_EB_597143_1,[New 33/11 KV SS at V.Kumaramangalam],26-Aug-2025 06:00 PM,TNEB Limited||TANGEDCO||CE-Distribution-Villupuram - TANGEDCO,06-Oct-2025 02:00 PM,https://tntenders.gov.in/nicgep/app?component=%24DirectLink&page=FrontEndLatestActiveCorrigendums&service=direct&session=T&sp=SFz%2F14A8Aij39buKE1Mol7g%3D%3D
285,2025_RDTN_604951_20,[Construction  of    Retaining wall   at Mela theru 80 M in Agaravataram  Panchayat in Kollidam  Block NNT 2025-26],17-Sep-2025 09:00 AM,Rural Development and Panchayat Raj Department||Mayiladuthurai RD TN||Kollidam Mayiladuthurai RD TN,03-Oct-2025 06:00 PM,https://tntenders.gov.in/nicgep/app?component=%24DirectLink&page=FrontEndLatestActiveCorrigendums&service=direct&session=T&sp=SIpMOnTguNsh5ZAbX0gTI6A%3D%3D
286,2025_DTP_609638_1,[6th Finance 2025-2026-6],27-Sep-2025 03:00 PM,"Directorate of Town Panchayats||Dindigul Zone||Aravakurichi Town Panchayat, Karur",30-Sep-2025 03:00 PM,https://etender.up.nic.in/nicgep/app?component=%24DirectLink_0&page=FrontEndAdvancedSearchResult&service=direct&session=T&sp=Sa4FldkXXwbjwX11SOo3rLQ%3D%3D
287,2025_MAWS_607148_1,[GENERAL FUND-2025-2026-Repair and Maintanace of  CC Road at Ward No.23 Vaaniyar Street Area  in Karamadai Municipality.],22-Sep-2025 09:00 AM,MAWS||Karamadai Municipality,30-Sep-2025 03:00 PM,https://etender.up.nic.in/nicgep/app?component=%24DirectLink_0&page=FrontEndAdvancedSearchResult&service=direct&session=T&sp=Six2KzuPZcJ9OYVXoRNGHAw%3D%3D
288,2025_EB_596227_2,[Hiring of one No. Diesel driven TATA SUMO (or)  equivalent Vehicle for the daily official use  under the control of Assistant Executive  Engineer / Special Maintenance / Virudhunagar],15-Sep-2025 06:00 PM,TNEB Limited||TANGEDCO||CE-Tirunelveli - TANGEDCO||SE-Virudhunagar - TANGEDCO,30-Sep-2025 02:00 PM,https://etender.up.nic.in/nicgep/app?component=%24DirectLink_0&page=FrontEndAdvancedSearchResult&service=direct&session=T&sp=SUCYclEh27ks6lJ5ea3jVBg%3D%3D
289,2025_HWAY_606145_1,[TN 41 25 26 Dharapuram Division TPR 090],19-Sep-2025 05:30 PM,Highways||Construction and Maintenance Wing||Tiruppur Circle,09-Oct-2025 10:45 AM,https://etender.up.nic.in/nicgep/app?component=%24DirectLink_0&page=FrontEndAdvancedSearchResult&service=direct&session=T&sp=SS2QVC301hBbJm6WGxMUArA%3D%3D
290,2025_DoTE_609986_1,[INSTALLATION OF VISION MISSION BOARDS],29-Sep-2025 01:00 PM,"Directorate of Technical Education||Govt. Polytechnic College - DOTE||Govt. Polytechnic College for Women, coimbatore",13-Oct-2025 12:00 PM,https://etender.up.nic.in/nicgep/app?component=%24DirectLink_0&page=FrontEndAdvancedSearchResult&service=direct&session=T&sp=SN2gZP%2FZhLTRha0ekK8LgRw%3D%3D
291,2025_MSME_609068_1,[443 Procurement of ERW Steel CR Tube Pipe of various sizes and Thickness],26-Sep-2025 05:30 PM,Micro Small and Medium Enterprises||Tamil Nadu Small Industries Corporation||Purchase - TANSI,09-Oct-2025 11:30 AM,https://etender.up.nic.in/nicgep/app?component=%24DirectLink_0&page=FrontEndAdvancedSearchResult&service=direct&session=T&sp=SKl98NGtIyHOoHtjhiA17KA%3D%3D
292,2025_HRCE_602750_1,"[Construction of Swamy Sannathi Five Tire Rajagopuram Up To Kalkaram in Arulmigu Naganatha Swamy Temple At Nainarkovil Village, ParamakudiTaluk, Ramanathapuram District]",11-Sep-2025 11:30 AM,Hindu Religious and Charitable Endowments||Joint Commissioner office - Sivagangai||Arulmigu Naganathaswamy Temple - Nayinarkoil,29-Sep-2025 05:00 PM,https://etender.up.nic.in/nicgep/app?component=%24DirectLink_0&page=FrontEndAdvancedSearchResult&service=direct&session=T&sp=Sd%2BE0Zph8pTjJ77TH1Np%2FXA%3D%3D
293,2025_EB_579993_1,[Hiring of 1.No diesel driven Van/Jeep/car for the official use of the Executive Engineer/Operation/Thiruvalam 230 KV SS.],09-Jul-2025 06:00 PM,TNEB Limited||TANTRANSCO||CE-System Operation-Chennai - TANTRANSCO||SE-Operation-Tiruvalam - TANTRANSCO,03-Oct-2025 02:00 PM,https://tntenders.gov.in/nicgep/app?component=%24DirectLink&page=FrontEndLatestActiveCorrigendums&service=direct&session=T&sp=S%2BzFiPMtyTsXQtp2zW0Z28g%3D%3D
294,2025_HWAY_608515_1,[TN No 10 2025 26 SDO Dated 01.09.2025],25-Sep-2025 09:00 AM,Highways||Projects Wing||Madurai Circle,06-Oct-2025 11:00 AM,https://etender.up.nic.in/nicgep/app?component=%24DirectLink_0&page=FrontEndAdvancedSearchResult&service=direct&session=T&sp=Sjig7ru%2FXghCcWk1%2BF5LkKA%3D%3D
295,2025_HWAY_609664_1,[Pennagaram (H) CandM Sub Division (SLM-102)],29-Sep-2025 10:00 AM,Highways||Construction and Maintenance Wing||Salem Circle,23-Oct-2025 10:30 AM,https://etender.up.nic.in/nicgep/app?component=%24DirectLink_0&page=FrontEndAdvancedSearchResult&service=direct&session=T&sp=SgUUw0bNsbGpZZFSnqWhL5Q%3D%3D
296,2025_RDTN_608570_1,[Thanjavur District Kumbakonam- Strengthening of Thiruvalanjuli Village Road Km - 0/0-0/290 (R-43 PUR) at Thiruvalanjuli Panchayat.  Under SFC (District Panchayat) Kumbakonam Block],25-Sep-2025 09:00 AM,"Rural Development and Panchayat Raj Department||Thanjavur,RD,TN||KUMBAKONAM, THANJAVUR,RD,TN",03-Oct-2025 03:00 PM,https://etender.up.nic.in/nicgep/app?component=%24DirectLink_0&page=FrontEndAdvancedSearchResult&service=direct&session=T&sp=SmgdBahsj7k3pHOVBHmXsJQ%3D%3D
297,2025_MAWS_603357_1,[6th SFC Construction of Community Hall at ward no 7  Nehuru Nagar  in Karamadai Municipality],15-Sep-2025 09:00 AM,MAWS||Karamadai Municipality,30-Sep-2025 03:00 PM,https://etender.up.nic.in/nicgep/app?component=%24DirectLink_0&page=FrontEndAdvancedSearchResult&service=direct&session=T&sp=SpfqUPJDv34KjVuvDVhX5WA%3D%3D
298,2025_DoTE_603381_1,[PURCHASE OF FUEL CELL TEST STATION FOR MECH],17-Sep-2025 05:00 PM,Directorate of Technical Education||Govt. Engineering College - DOTE||Government College of Technology - Coimbatore,03-Oct-2025 10:00 AM,https://etender.up.nic.in/nicgep/app?component=%24DirectLink_0&page=FrontEndAdvancedSearchResult&service=direct&session=T&sp=SP5mMUgepwmCrSBUTIeiyvw%3D%3D
299,2025_HWAY_601345_1,[VPM-085-Non Plan-2025-26],11-Sep-2025 10:00 AM,Highways||Construction and Maintenance Wing||Villupuram Circle,15-Oct-2025 12:00 PM,https://etender.up.nic.in/nicgep/app?component=%24DirectLink_0&page=FrontEndAdvancedSearchResult&service=direct&session=T&sp=SRpkGVtHd%2B9DVbfV04mH6IA%3D%3D
300,2025_CoC_608260_1,[Z.O.1.C.No.B2/3039/2025],24-Sep-2025 12:00 PM,"Corporation of Chennai||Regional Office North,CoC",06-Oct-2025 03:00 PM,https://etender.up.nic.in/nicgep/app?component=%24DirectLink_0&page=FrontEndAdvancedSearchResult&service=direct&session=T&sp=SBInE1N9DwDG%2FZssZqD7zRQ%3D%3D
301,2025_MAWS_609201_1,[Construction of SWD at Annasalai Near Kulam ward no 10 in Melvisahram Municipality],26-Sep-2025 04:00 PM,MAWS||Arani Municipality,03-Oct-2025 03:00 PM,https://etender.up.nic.in/nicgep/app?component=%24DirectLink_0&page=FrontEndAdvancedSearchResult&service=direct&session=T&sp=StDjX75LqxcTfqX0CsIf3EA%3D%3D
302,2025_EB_609151_1,[Procurement of 4 Feet Telescopic Earth Rod Extendable Type ],26-Sep-2025 02:30 PM,TNEB Limited||TANGEDCO||CE-Distribution-Erode - TANGEDCO||SE-Salem - TANGEDCO,13-Oct-2025 02:30 PM,https://etender.up.nic.in/nicgep/app?component=%24DirectLink_0&page=FrontEndAdvancedSearchResult&service=direct&session=T&sp=S9Rozg5TuZt0pcKXfL0tAPA%3D%3D
303,2025_DTP_609655_1,[RSMANGALAM 15TH FC Compound wall at  Pitchanakottai OHT],27-Sep-2025 03:30 PM,Directorate of Town Panchayats||Sivaganga Zone||RS Mangalam Town Panchayat,30-Sep-2025 09:00 AM,https://etender.up.nic.in/nicgep/app?component=%24DirectLink_0&page=FrontEndAdvancedSearchResult&service=direct&session=T&sp=SsXmvkVyBGuQbVpPo0Vtf3A%3D%3D
304,2025_CoC_609230_1,[Deepening of Kulakkarai 2nd street pond Gangaiamman kulam in div 187 unit 42 zone 14],26-Sep-2025 06:20 PM,"Corporation of Chennai||Regional office South,CoC",03-Oct-2025 03:00 PM,https://etender.up.nic.in/nicgep/app?component=%24DirectLink_0&page=FrontEndAdvancedSearchResult&service=direct&session=T&sp=Swq%2BHaoJsJ60Qx67rtRmzrg%3D%3D
305,2025_MAWS_609887_1,[Construction of Storm Water Drain and Culvert at Ward No.12 Ayyasamy Nagar Colony Arch Street in Kangeyam Municipality],29-Sep-2025 09:00 AM,MAWS||Kangeyam Municipality,30-Sep-2025 03:00 PM,https://etender.up.nic.in/nicgep/app?component=%24DirectLink_0&page=FrontEndAdvancedSearchResult&service=direct&session=T&sp=SpvV4p8uKJ2GwPNTxCsrtXw%3D%3D
306,2025_EB_605968_1,"[Execution of works contract for Capital, DCW, Improvement, HT/LT lines and DT maintenance works in Rural Sub-Division of Rural-Tin Division in respect of Tirunelveli EDC for an amount of Rs.10 Lakhs (Incl.GST) for 12 months ]",19-Sep-2025 12:00 PM,TNEB Limited||TANGEDCO||CE-Tirunelveli - TANGEDCO||SE-Tirunelveli - TANGEDCO,03-Oct-2025 02:00 PM,https://etender.up.nic.in/nicgep/app?component=%24DirectLink_0&page=FrontEndAdvancedSearchResult&service=direct&session=T&sp=SHXyzAimdh7yIAXiSwgAXmQ%3D%3D
307,2025_RDTN_607396_1,"[Construction Of Community Hall Type II At Palakurichy Near Thundikaruppar Kovil , Palakurichy Panchayat in Marungapuri Block,Tiruchirappalli District.pkg01]",22-Sep-2025 04:50 PM,"Rural Development and Panchayat Raj Department||Trichirapalli,RD,TN",07-Oct-2025 03:00 PM,https://etender.up.nic.in/nicgep/app?component=%24DirectLink_0&page=FrontEndAdvancedSearchResult&service=direct&session=T&sp=S3ft1bHK2USh4ESxeEPWyCA%3D%3D
308,2025_DoTE_604843_1,[PURCHASE OF RISE],16-Sep-2025 06:00 PM,Directorate of Technical Education||Govt. Engineering College - DOTE||Government College of Engineering - Bargur,06-Oct-2025 06:00 PM,https://etender.up.nic.in/nicgep/app?component=%24DirectLink_0&page=FrontEndAdvancedSearchResult&service=direct&session=T&sp=SHXfkw3npPLEN2zXFSQ0sxQ%3D%3D
309,2025_DoTE_600453_1,[purchase of mech lab items],04-Sep-2025 01:30 PM,"Directorate of Technical Education||Govt. Polytechnic College - DOTE||Government Polytechnic College, Aundipatti",07-Oct-2025 12:00 PM,https://tntenders.gov.in/nicgep/app?component=%24DirectLink&page=FrontEndLatestActiveCorrigendums&service=direct&session=T&sp=Smur8YgmmfnROsDEhpJVaIg%3D%3D
310,2025_HWAY_601568_1,[TN.33/Sl.No.02/KPM/CRIDP Work 2025-26],11-Sep-2025 06:00 PM,Highways||Construction and Maintenance Wing||Chennai Circle,16-Oct-2025 10:15 AM,https://etender.up.nic.in/nicgep/app?component=%24DirectLink_0&page=FrontEndAdvancedSearchResult&service=direct&session=T&sp=SnGfJYoNojrUu5W70QUf18A%3D%3D
311,2025_RDTN_606516_1,[PROVIDING INTER LOCKING PAVER BLOCK WITH DRAINAGE FROM MUTHUMANI - PANDI HOUSE TO MAIN ROAD AT MARUGALPATTI IN GULLAPURAM  PANCHAYAT],19-Sep-2025 05:00 PM,"Rural Development and Panchayat Raj Department||Theni,RD,TN||PERIYAKULAM - VP, THENI,RD,TN",30-Sep-2025 03:00 PM,https://etender.up.nic.in/nicgep/app?component=%24DirectLink_0&page=FrontEndAdvancedSearchResult&service=direct&session=T&sp=SzQpjN3wruljwiB6v9z3i3Q%3D%3D
312,2025_MAWS_605451_35,[CUDDALORE CORPORATION - Construction of karumariya kottagai in ward no 36 in cuddalore city municipal corporation],19-Sep-2025 04:00 PM,MAWS||Cuddalore Municipality,30-Sep-2025 03:00 PM,https://etender.up.nic.in/nicgep/app?component=%24DirectLink_0&page=FrontEndAdvancedSearchResult&service=direct&session=T&sp=S4KxkrM6SWKrZoWSTDr3gIA%3D%3D
313,2025_TCSC_602558_1,[APPOINTMENT OF TRANSPORT CONTRACTORS FOR TRANSPORTATION OF SUGAR FROM CO-OPERATIVE / PUBLIC SECTOR SUGAR MILLS SITUATED IN TAMIL NADU BY ROAD TO VARIOUS STORAGE POINTS / GODOWNS ETC WITHIN THE DISTRICT AND OUTSIDE THE DISTRICT],11-Sep-2025 05:00 PM,Tamil Nadu Civil Supplies Corporation||Head Office - Chennai||Region - Nagapattinam,04-Oct-2025 11:00 AM,https://etender.up.nic.in/nicgep/app?component=%24DirectLink_0&page=FrontEndAdvancedSearchResult&service=direct&session=T&sp=SSAA2jk4ZBivUwkbI7jj6Hg%3D%3D
314,2025_EB_608178_1,"[ICHP-Reconditioning of various sizes of idler rollers for 1800mm BW of Stage-III Conveyors-49,54,50,50A,57,57A  56]",24-Sep-2025 09:00 AM,TNEB Limited||TANGEDCO||CE-TTPS - TANGEDCO||SE-Mechanical Maintenance I-TTPS - TANGEDCO,09-Oct-2025 02:00 PM,https://etender.up.nic.in/nicgep/app?component=%24DirectLink_0&page=FrontEndAdvancedSearchResult&service=direct&session=T&sp=SN5%2FyepiKFdKLDr50J0JGNw%3D%3D
315,2025_HWAY_600358_1,[TN.42/Sl.No.02/KPM/CRIDP Work 2025-26],24-Sep-2025 06:30 PM,Highways||Construction and Maintenance Wing||Chennai Circle,16-Oct-2025 10:15 AM,https://etender.up.nic.in/nicgep/app?component=%24DirectLink_0&page=FrontEndAdvancedSearchResult&service=direct&session=T&sp=ST9FBz%2FWLH%2FLM72CbrXmcKw%3D%3D
316,2025_HWAY_607567_1,[VPM-110-CRIDP 2025-26],25-Sep-2025 10:00 AM,Highways||Construction and Maintenance Wing||Villupuram Circle,15-Oct-2025 12:00 PM,https://etender.up.nic.in/nicgep/app?component=%24DirectLink_0&page=FrontEndAdvancedSearchResult&service=direct&session=T&sp=SQiEoPKVlf6i4G9odbBOTRg%3D%3D
317,2025_DTP_609808_5,[Providing  150mm dia borewell and at  Ward No 15 Govt Hr.sec.school Deep borewell with minitank provision Annavasal TP  Pudukkottai Dt],29-Sep-2025 09:00 AM,"Directorate of Town Panchayats||Tiruchirappalli Zone||Annavasal Town Panchayat, Pudukkottai",03-Oct-2025 03:00 PM,https://etender.up.nic.in/nicgep/app?component=%24DirectLink_0&page=FrontEndAdvancedSearchResult&service=direct&session=T&sp=SnBT%2F5jlkFkffz%2Fyg38B6PQ%3D%3D
318,2025_MAWS_609312_1,[RAJAPALAYAM MUNICIPALITY - SUPPLY AND INSTALLATION OF UGSS PUC PIPES ],26-Sep-2025 06:00 PM,MAWS||Rajapalayam Municipality,03-Oct-2025 03:00 PM,https://etender.up.nic.in/nicgep/app?component=%24DirectLink_0&page=FrontEndAdvancedSearchResult&service=direct&session=T&sp=STFZ2MFi8rfmhvVPAmOfu5g%3D%3D
319,2025_PWD_610135_1,"[Special Repairs to leaky roof, partition for lab building and Pharamacy shed, Ambulance shed, Cupboard arrangements in Upgraded Primary Health Centre at Parandur , Kancheepuram District]",29-Sep-2025 04:50 PM,"PWD||PWD CE buildings||Buildings (C and M) Circle, PWD, Vellore||Buildings (C and M) Division, PWD, Kancheepuram",10-Oct-2025 03:00 PM,https://etender.up.nic.in/nicgep/app?component=%24DirectLink_0&page=FrontEndAdvancedSearchResult&service=direct&session=T&sp=Sp%2FODVOgsWAgjaKzGDWHsXw%3D%3D
320,2025_EB_600055_1,[SE/EGC/UKT SCRAP SPEC.NO.ETA 02/2025-26 Dt.14 .08.2025 ],08-Sep-2025 05:00 PM,TNEB Limited||TANGEDCO||CE-Hydro - TANGEDCO||SE-Generation-Erode - TANGEDCO,07-Oct-2025 02:00 PM,https://tntenders.gov.in/nicgep/app?component=%24DirectLink&page=FrontEndLatestActiveCorrigendums&service=direct&session=T&sp=SbJBjDJjzNLC39LgGdbCLHw%3D%3D
321,2025_EB_606556_1,[supply of  200Nos. of  22 KV Standalone complete sets of structure materials],19-Sep-2025 05:15 PM,TNEB Limited||TANGEDCO||CE-Trichy EDC - TANGEDCO,03-Oct-2025 02:00 PM,https://etender.up.nic.in/nicgep/app?component=%24DirectLink_0&page=FrontEndAdvancedSearchResult&service=direct&session=T&sp=SjonKgWwpQN03y5V2jAkGEw%3D%3D
322,2025_EB_608976_1,"[Fabrication, supply, erection, testing and commissioning of 33/11 KV SS with 2X8 MVA PrTrs, associated equipments, accessories, control panels etc. at Vengateswarapuram and 33KV bay extension works at 110/33/11 KV Keelaveeranam SS in Tirunelveli EDC.]",26-Sep-2025 10:30 AM,TNEB Limited||TANGEDCO||CE-Tirunelveli - TANGEDCO,13-Oct-2025 02:00 PM,https://etender.up.nic.in/nicgep/app?component=%24DirectLink_0&page=FrontEndAdvancedSearchResult&service=direct&session=T&sp=SJCUgPOS8egGRnsz37lQQJA%3D%3D
323,2025_HWAY_607703_1,[Roadwork],27-Sep-2025 10:00 AM,Highways||NABARD and Rural Roads||Tirunelveli,14-Oct-2025 11:00 AM,https://etender.up.nic.in/nicgep/app?component=%24DirectLink_0&page=FrontEndAdvancedSearchResult&service=direct&session=T&sp=SMcE173wqooSOBWCEdL%2FJnw%3D%3D
324,2025_CoC_609553_1,"[Z.O.XIV.C.NO.E1/5024-1/2025 RESTORATION OF METRO WATER  CMWSSB  ROAD CUT AT  ALL INDIA RADIO COLONY MAIN ROAD, ALL INDIA RADIO COLONY 4TH STREET IN DN-183, UNIT-41, ZONE-14]",27-Sep-2025 01:00 PM,"Corporation of Chennai||Regional office South,CoC",30-Sep-2025 10:00 AM,https://tntenders.gov.in/nicgep/app?component=%24DirectLink&page=FrontEndLatestActiveCorrigendums&service=direct&session=T&sp=Sb7SfUa92%2BjTMcF7%2F6bDRtA%3D%3D
325,2025_DTP_609660_1,[15th FC UNTIED 2025-2026 Gopalasamudram Town Panchayat],27-Sep-2025 04:00 PM,Directorate of Town Panchayats||Tirunelveli Zone||Gopalasamudram Town Panchayat,30-Sep-2025 03:00 PM,https://etender.up.nic.in/nicgep/app?component=%24DirectLink_0&page=FrontEndAdvancedSearchResult&service=direct&session=T&sp=Swn4OcpOG%2BhwYEwyk9Ir2fg%3D%3D
326,2025_RDTN_607542_1,"[Salem Block -PTMGR Noonmeal Scheme 2025-26 - Construction of Kitchen cum store Type I at Govt. H.S. School in A.R line , Salem]",22-Sep-2025 06:00 PM,"Rural Development and Panchayat Raj Department||Salem,RD,TN||SALEM, SALEM,RD,TN",30-Sep-2025 03:00 PM,https://etender.up.nic.in/nicgep/app?component=%24DirectLink_0&page=FrontEndAdvancedSearchResult&service=direct&session=T&sp=SYAiUzXyfRJdi7Ru4aRON6Q%3D%3D
327,2025_EB_604484_1,[Establishment of new 33/11kv ss at Kattampatty(civil works) under turn key],18-Sep-2025 10:00 AM,TNEB Limited||TANGEDCO||CE-Thiruvannamalai - TANGEDCO,22-Oct-2025 02:00 PM,https://etender.up.nic.in/nicgep/app?component=%24DirectLink_0&page=FrontEndAdvancedSearchResult&service=direct&session=T&sp=SERDQ%2FaKi8Norxf3rHFW79g%3D%3D
328,2025_DTP_606163_1,[ Providing New pipe line at 2nd ward Adulkalam nagar in Boothapandi Town Panchayat.],19-Sep-2025 09:00 AM,Directorate of Town Panchayats||Nagercoil Zone||Bhoothapandy Town Panchayat,30-Sep-2025 03:00 PM,https://etender.up.nic.in/nicgep/app?component=%24DirectLink_0&page=FrontEndAdvancedSearchResult&service=direct&session=T&sp=SmrEwbxTO1Nz%2F%2F5Vts%2BeDRg%3D%3D
329,2025_HWAY_607368_2,[Upgradation of Panchayat Union /Panchayat Roads to Other District Roads TRY-71],23-Sep-2025 10:00 AM,Highways||NABARD and Rural Roads||Trichy,09-Oct-2025 11:00 AM,https://etender.up.nic.in/nicgep/app?component=%24DirectLink_0&page=FrontEndAdvancedSearchResult&service=direct&session=T&sp=SxCn4x9MkPHI1tpR0dEXShg%3D%3D
330,2025_HWAY_603653_1,[MDU 116 / Mudukulathur Sub Division / CRIDP 2025 26],15-Sep-2025 06:45 PM,Highways||Construction and Maintenance Wing||Madurai Circle,07-Oct-2025 11:00 AM,https://etender.up.nic.in/nicgep/app?component=%24DirectLink_0&page=FrontEndAdvancedSearchResult&service=direct&session=T&sp=SfA5WUYBv0xyrgc6IeTpktw%3D%3D
331,2025_RDTN_607226_1,"[PACKAGE NO.03 - Construction of houses for Combined House (4 Nos.) with Ceramic Tiles flooring at Aliyanilai Refugee Camp in Aliyanilai Panchayat (5 GROUP HOUSES 20 NO.OF HOUSES) in Aranthangi Block, Pudukkottai Dt under SRI LANKAN REFUGEES-2025-26 P]",22-Sep-2025 10:00 AM,"Rural Development and Panchayat Raj Department||Pudhukottai,RD,TN",03-Oct-2025 03:00 PM,https://etender.up.nic.in/nicgep/app?component=%24DirectLink_0&page=FrontEndAdvancedSearchResult&service=direct&session=T&sp=S9im0z%2FNfdTp98yqVBhXJ4A%3D%3D
332,2025_DMA_609966_2,[Construction of New ICDS Center at Padasalai Street Ward No 29 ZONE 1 Tambaram City Municipal Corporation ],29-Sep-2025 01:00 PM,Directorate Of Municipal Administration||Tambaram City Municipal Corporation,06-Oct-2025 03:00 PM,https://etender.up.nic.in/nicgep/app?component=%24DirectLink_0&page=FrontEndAdvancedSearchResult&service=direct&session=T&sp=SgxtiCUaDwsL6IUYzHDXP6A%3D%3D
333,2025_RDTN_609576_1,[Vellore district Dismantling of PUES School Building at Arunagiri RCC  Roof in  Kammasamuthiram Panchayat in Kaniyambadi Block General Fund 2025-26 PACKAGE NO 23],27-Sep-2025 01:30 PM,"Rural Development and Panchayat Raj Department||Vellore,RD,TN||KANIAMBADI, VELLORE,RD,TN",10-Oct-2025 03:00 PM,https://etender.up.nic.in/nicgep/app?component=%24DirectLink_0&page=FrontEndAdvancedSearchResult&service=direct&session=T&sp=SBreYsfPgwkOy2598M%2FXQig%3D%3D
334,2025_RDTN_608425_1,[Specification report to accompany the estimate for the work of construction of Community Sanitary complex for Girls (Elementary) School with toilet Provision for children with special need in jambulingapuram village and kuthiraikulam Panchayat],24-Sep-2025 05:00 PM,"Rural Development and Panchayat Raj Department||Thoothukudi,RD,TN||OTTAPIDARAM, THOOTHUKUDI,RD,TN",29-Sep-2025 05:10 PM,https://etender.up.nic.in/nicgep/app?component=%24DirectLink_0&page=FrontEndAdvancedSearchResult&service=direct&session=T&sp=SI2ySh0wFJV9L1PHONQStjQ%3D%3D
335,2025_MAWS_589946_1,[Construction of 1 MLD STP in Pugalur Municipality ],07-Aug-2025 05:00 PM,MAWS||Pugalur Municipality,30-Sep-2025 03:00 PM,https://tntenders.gov.in/nicgep/app?component=%24DirectLink&page=FrontEndLatestActiveCorrigendums&service=direct&session=T&sp=Sc5pRBGZAcDt%2Bfn8RDI1dzA%3D%3D
336,2025_HWAY_605292_1,[MDU 132 / Thiruvadanai Sub Division / CRIDP 2025 26],20-Sep-2025 06:55 PM,Highways||Construction and Maintenance Wing||Madurai Circle,07-Oct-2025 11:00 AM,https://etender.up.nic.in/nicgep/app?component=%24DirectLink_0&page=FrontEndAdvancedSearchResult&service=direct&session=T&sp=SLwuop823mjU3j9xSlAAmOQ%3D%3D
337,2025_DTP_608187_1,[2025-26 15th FC Un Tied 1st Installment  Pudupalayam Town Panchayat],24-Sep-2025 09:00 AM,"Directorate of Town Panchayats||Vellore Zone||Pudupalayam Town Panchayat, Tiruvannamalai",30-Sep-2025 03:00 PM,https://etender.up.nic.in/nicgep/app?component=%24DirectLink_0&page=FrontEndAdvancedSearchResult&service=direct&session=T&sp=STcTmkdVPlxP3lq1cci6xeQ%3D%3D
338,2025_RDTN_609971_1,[Providing paver block arrangment at Vadivammanpatti in Kottaikarunkulam v.pt],29-Sep-2025 01:00 PM,"Rural Development and Panchayat Raj Department||Tirunelveli,RD,TN||RADHAPURAM, TIRUNELVELI,RD,TN",03-Oct-2025 05:00 PM,https://etender.up.nic.in/nicgep/app?component=%24DirectLink_0&page=FrontEndAdvancedSearchResult&service=direct&session=T&sp=Sy3iBLKXItMKuT7u0Kc2evg%3D%3D
339,2025_CoC_609781_1,"[Providing SS Handrails and Repairs to the Footpath at South Canal Bank Road (Under Councilor Fund) in Div-126, Unit-25, Zone-09]",27-Sep-2025 06:55 PM,"Corporation of Chennai||Regional office Central ,CoC",06-Oct-2025 03:00 PM,https://etender.up.nic.in/nicgep/app?component=%24DirectLink_0&page=FrontEndAdvancedSearchResult&service=direct&session=T&sp=SXPHUsNpRzFxnJ3gvhbwE4A%3D%3D
340,2025_TNMSC_576601_1,[ONLINE TENDER FOR FIXING RATE CONTRACT FOR SUPPLY AND INSTALLATION OF PORTABLE HANDHELD X-RAY MACHINE WITH AI-BASED REPORTING TO VARIOUS GOVT. INSTITUTIONS],01-Jul-2025 06:50 PM,Tamilnadu Medical Services Corporation||Equipment,15-Oct-2025 11:00 AM,https://tntenders.gov.in/nicgep/app?component=%24DirectLink&page=FrontEndLatestActiveCorrigendums&service=direct&session=T&sp=SuXXpj7gp62Fj6lztKSY0Lw%3D%3D
341,2025_RDTN_609213_1,[Construction of 30000 lit Cap. OHT with Pipeline at Melakkottai in Kovilur Panchayat],26-Sep-2025 04:00 PM,"Rural Development and Panchayat Raj Department||Pudhukottai,RD,TN||THIRUVARANKULAM, PUDUKKOTTAI,RD,TN",30-Sep-2025 03:00 PM,https://etender.up.nic.in/nicgep/app?component=%24DirectLink_0&page=FrontEndAdvancedSearchResult&service=direct&session=T&sp=SF0hb%2BvUqfDDOhzzwGxyjAQ%3D%3D
342,2025_EB_606215_1,[OT 186 Mill reject],19-Sep-2025 12:00 PM,TNEB Limited||TANGEDCO||CE-MTPS-II - TANGEDCO||SE-Mechanical Maintenance I-MTPS-II - TANGEDCO,03-Oct-2025 02:00 PM,https://etender.up.nic.in/nicgep/app?component=%24DirectLink_0&page=FrontEndAdvancedSearchResult&service=direct&session=T&sp=SafWvI3It8IWMRrVdpy42Ow%3D%3D
343,2025_RDTN_604799_1,[Tirupathur District MLACDS 2025-26 Construction Of Multipurpose Building At Chinnur In Kandhili Panchayat Package No.02],19-Sep-2025 09:00 AM,Rural Development and Panchayat Raj Department||Tirupathur RD TN||Kandili Tirupathur RD TN,30-Sep-2025 03:00 PM,https://etender.up.nic.in/nicgep/app?component=%24DirectLink_0&page=FrontEndAdvancedSearchResult&service=direct&session=T&sp=S9mJH%2BzfP6QSe2IDt%2Fb3FnA%3D%3D
344,2025_TNSTC_608663_1,[Supply of FRP Cowl Materials],25-Sep-2025 01:15 PM,Tamilnadu State Transport Corporation||Kumbakonam Corporation,03-Oct-2025 11:00 AM,https://etender.up.nic.in/nicgep/app?component=%24DirectLink_0&page=FrontEndAdvancedSearchResult&service=direct&session=T&sp=SGa5WJkywY%2BUF%2FjislemdyA%3D%3D
345,2025_RDTN_602506_1,[Tirupathur District Providing Paver block at Nallakinfanapalli pudumani H/O K.Bandarapalli Panchayat length 86.5 Package No.03],11-Sep-2025 09:00 AM,Rural Development and Panchayat Raj Department||Tirupathur RD TN||Natrampalli Tirupathur RD TN,03-Oct-2025 03:00 PM,https://tntenders.gov.in/nicgep/app?component=%24DirectLink&page=FrontEndLatestActiveCorrigendums&service=direct&session=T&sp=Sw0gAobJTMDRt2bAfIiVTUA%3D%3D
346,2025_CoC_609694_1,"[Proposed Construction of  Ladies Toilet Block and Gents Toilet Block at  Chennai Higher Secondary School (Under MLACDS FUND) in Palavayal  Market Road at Division-98, Unit-23, Zone-8.]",27-Sep-2025 04:30 PM,"Corporation of Chennai||Regional office Central ,CoC",09-Oct-2025 03:00 PM,https://etender.up.nic.in/nicgep/app?component=%24DirectLink_0&page=FrontEndAdvancedSearchResult&service=direct&session=T&sp=SUV1uM8%2B4DO4KcHl%2B0ARj6A%3D%3D
347,2025_DTP_607071_1,"[Providing Borewell at Zeropoint in Kadayal Town Panchayat, Kanyakumari District, 15th Finance 2025-26 Tied grant 2nd Installment]",20-Sep-2025 05:40 PM,Directorate of Town Panchayats||Nagercoil Zone||Kadayal Town Panchayat,30-Sep-2025 03:00 PM,https://etender.up.nic.in/nicgep/app?component=%24DirectLink_0&page=FrontEndAdvancedSearchResult&service=direct&session=T&sp=SLyz3mbHczcyDjyJaWNfaNA%3D%3D
348,2025_MAWS_607849_1,[Construction of Storm water drain at Ward No 06 Makthum Maraikayar Street in Vandavasi Municipality],23-Sep-2025 02:00 PM,MAWS||Vandavasi Municipality,30-Sep-2025 03:00 PM,https://etender.up.nic.in/nicgep/app?component=%24DirectLink_0&page=FrontEndAdvancedSearchResult&service=direct&session=T&sp=STGG1OTsHXplbqLtuysFyHg%3D%3D
349,2025_EB_608035_1,"[Construction of Control room building, Cable duct,  revetment wall, approach road, road culvert, yard filling , fencing bore well , water pipe line, metal filling , Transformer plinth and other related civil works for  Establishment of T.S.Puram  33/]",24-Sep-2025 10:00 AM,TNEB Limited||TANGEDCO||CE-Tirunelveli - TANGEDCO,09-Oct-2025 02:00 PM,https://etender.up.nic.in/nicgep/app?component=%24DirectLink_0&page=FrontEndAdvancedSearchResult&service=direct&session=T&sp=Sv20AGkPR7umXPq59aMz1aQ%3D%3D
350,2025_HWAY_606340_1,[TN.No.27 / SI.No.05 / 2025-2026 / SDO / CPT - 38],20-Sep-2025 03:00 PM,Highways||NABARD and Rural Roads||Chengalpattu,07-Oct-2025 12:00 PM,https://etender.up.nic.in/nicgep/app?component=%24DirectLink_0&page=FrontEndAdvancedSearchResult&service=direct&session=T&sp=Si7UaE3E5WuHL%2FDbA5WS6Rg%3D%3D
351,2025_EB_605012_1,[Supply of  Analogue Earth Megger],17-Sep-2025 04:00 PM,TNEB Limited||TANGEDCO||CE-Distribution-Erode - TANGEDCO||SE-Erode - TANGEDCO,30-Sep-2025 02:00 PM,https://etender.up.nic.in/nicgep/app?component=%24DirectLink_0&page=FrontEndAdvancedSearchResult&service=direct&session=T&sp=SZ1OmuN9%2BZ7oxBJhZouwrzQ%3D%3D
352,2025_HWAY_606468_1,[TN.No.27 / SI.No.16 / 2025-2026 / SDO / CPT - 49],20-Sep-2025 05:15 PM,Highways||NABARD and Rural Roads||Chengalpattu,07-Oct-2025 12:00 PM,https://etender.up.nic.in/nicgep/app?component=%24DirectLink_0&page=FrontEndAdvancedSearchResult&service=direct&session=T&sp=SXytDut16Wyo%2F%2FHIRHnESWA%3D%3D
353,2025_HWAY_603472_1,[VPM-102-Non Plan-2025-26],18-Sep-2025 10:00 AM,Highways||Construction and Maintenance Wing||Villupuram Circle,15-Oct-2025 12:00 PM,https://etender.up.nic.in/nicgep/app?component=%24DirectLink_0&page=FrontEndAdvancedSearchResult&service=direct&session=T&sp=STJvOhmvMOiU29elX8y6Byg%3D%3D
354,2025_EB_609264_1,[TP1-98/2025-26],26-Sep-2025 05:30 PM,TNEB Limited||TANTRANSCO||CE-Transmission Projects-I-Chennai - TANTRANSCO,09-Oct-2025 02:00 PM,https://etender.up.nic.in/nicgep/app?component=%24DirectLink_0&page=FrontEndAdvancedSearchResult&service=direct&session=T&sp=SHLL5gZ1WX9yIryZV9VSwgQ%3D%3D
355,2025_RDTN_610103_1,[Vellore District Construction of Collection Channel with Horizontal Filter at Oddu Street in Nellorepet Panchayat of Gudiyatham Block 15th CFC (BP) 2025 -2026 Package no 09],29-Sep-2025 03:50 PM,"Rural Development and Panchayat Raj Department||Vellore,RD,TN||GUDIYATHAM, VELLORE,RD,TN",09-Oct-2025 03:00 PM,https://etender.up.nic.in/nicgep/app?component=%24DirectLink_0&page=FrontEndAdvancedSearchResult&service=direct&session=T&sp=S0I%2B4BpbK%2Fb38fX6fNVDuIA%3D%3D
356,2025_HWAY_602843_1,"[TNV 94 Thuckalayl H C M, Sub division]",11-Sep-2025 03:00 PM,Highways||Construction and Maintenance Wing||Tirunelveli Circle,03-Oct-2025 02:00 PM,https://etender.up.nic.in/nicgep/app?component=%24DirectLink_0&page=FrontEndAdvancedSearchResult&service=direct&session=T&sp=SMJluUb1Zbe7uoMukY3qdSw%3D%3D
357,2025_EB_606545_1,[Spares for K.G.KHOSALA Make Air Compressor Model 2HA2QT LP and HP suction and Delivery valve Assembly 4 Items],19-Sep-2025 04:45 PM,TNEB Limited||TANGEDCO||CE-MTPS-I - TANGEDCO||SE-Purchase and Administration-MTPS-I - TANGEDCO,08-Oct-2025 02:00 PM,https://etender.up.nic.in/nicgep/app?component=%24DirectLink_0&page=FrontEndAdvancedSearchResult&service=direct&session=T&sp=S%2FCTE6t62EbOi7xwOR38D9Q%3D%3D
358,2025_MSME_598386_1,[334 Procurement of Mineral Turpentine Oil as per Schedule-A.],01-Sep-2025 05:30 PM,Micro Small and Medium Enterprises||Tamil Nadu Small Industries Corporation||Purchase - TANSI,07-Oct-2025 11:30 AM,https://tntenders.gov.in/nicgep/app?component=%24DirectLink&page=FrontEndLatestActiveCorrigendums&service=direct&session=T&sp=Szbg%2BigDsGv2wG2Y79NXS8w%3D%3D
359,2025_EB_608710_1,[TTPS Mech II BM Unit V Strengthening of attachment welding joint in radiant roof tube rear side of Unit V Boiler during overhaul for the year 2025 2026],25-Sep-2025 02:00 PM,TNEB Limited||TANGEDCO||CE-TTPS - TANGEDCO||SE-Mechanical Maintenance II-TTPS - TANGEDCO,13-Oct-2025 02:00 PM,https://etender.up.nic.in/nicgep/app?component=%24DirectLink_0&page=FrontEndAdvancedSearchResult&service=direct&session=T&sp=SMes4JatS6tAQ3QP4SsU6Aw%3D%3D
360,2025_DoTE_601670_1,[purchase of lab equipments / kit for power electronics lab and PLC LAB],25-Sep-2025 04:15 PM,Directorate of Technical Education||Govt. Polytechnic College - DOTE||GPT-Melur - Madurai,06-Oct-2025 11:00 AM,https://etender.up.nic.in/nicgep/app?component=%24DirectLink_0&page=FrontEndAdvancedSearchResult&service=direct&session=T&sp=SyOnirOG7YrE1AnPYmgIa5w%3D%3D
361,2025_DTP_607728_1,"[Repair and Maintenance of Anganwadi Building  at Keelamaruthuvakudi Weathering work, pressed tiles, Door and window Maintenance work, painting work,plumbing and Electrical work in Aduthurai Town panchayat]",24-Sep-2025 09:00 AM,"Directorate of Town Panchayats||Thanjavur Zone||Aduthurai Town Panchayat, Thanjavur",03-Oct-2025 03:00 PM,https://etender.up.nic.in/nicgep/app?component=%24DirectLink_0&page=FrontEndAdvancedSearchResult&service=direct&session=T&sp=SQ6eIO1jZZ4QXqY7DSz54Cw%3D%3D
362,2025_MAWS_607227_1,[GENERAL FUND-2025-2026-Repair and Maintanace of Over Head Tank and Drain at Ward No.15 Area in Karamadai Municipality.],22-Sep-2025 09:00 AM,MAWS||Karamadai Municipality,30-Sep-2025 03:00 PM,https://etender.up.nic.in/nicgep/app?component=%24DirectLink_0&page=FrontEndAdvancedSearchResult&service=direct&session=T&sp=SsUmr%2B69PuMA1ARnP6SEYlQ%3D%3D
363,2025_CTNC_594930_1,[RFP for Establishing and Managing the Waste Intelligence and Monitoring Cell for Clean Tamil Nadu Company Limited],28-Aug-2025 06:10 PM,Clean Tamil Nadu Company Limited,08-Oct-2025 03:00 PM,https://tntenders.gov.in/nicgep/app?component=%24DirectLink&page=FrontEndLatestActiveCorrigendums&service=direct&session=T&sp=SRt0cjlaWbOU4sJ4EdYzVAw%3D%3D
364,2025_EB_605840_1,[Supply of White cotton waste],19-Sep-2025 02:00 PM,TNEB Limited||TANGEDCO||CE-Distribution-Coimbatore - TANGEDCO||SE-Udumalpet - TANGEDCO,06-Oct-2025 02:00 PM,https://etender.up.nic.in/nicgep/app?component=%24DirectLink_0&page=FrontEndAdvancedSearchResult&service=direct&session=T&sp=S9l%2BDPDnNpmTZKdrtpUC5Kg%3D%3D
365,2025_HWAY_598758_4,[Widening from TL to FL and Strengthening Incl Sub Works in Aranthagi Subdivision TRY-47],30-Aug-2025 06:30 PM,Highways||Construction and Maintenance Wing||Trichy Circle,30-Sep-2025 11:00 AM,https://etender.up.nic.in/nicgep/app?component=%24DirectLink_0&page=FrontEndAdvancedSearchResult&service=direct&session=T&sp=S1fIWFBUskFF8i8ZjnB1f7Q%3D%3D
366,2025_HWAY_605766_1,[TN.No.26 / SI.No.12 / 2025-2026 / SDO / CPT - 33],20-Sep-2025 09:00 AM,Highways||NABARD and Rural Roads||Chengalpattu,07-Oct-2025 12:00 PM,https://etender.up.nic.in/nicgep/app?component=%24DirectLink_0&page=FrontEndAdvancedSearchResult&service=direct&session=T&sp=SNH96i193waG3M78aO1veww%3D%3D
367,2025_HWAY_603525_1,[VPM-105-Non Plan-2025-26],18-Sep-2025 10:00 AM,Highways||Construction and Maintenance Wing||Villupuram Circle,15-Oct-2025 12:00 PM,https://etender.up.nic.in/nicgep/app?component=%24DirectLink_0&page=FrontEndAdvancedSearchResult&service=direct&session=T&sp=SLApvtVm21R8nY%2BQmgFtSGA%3D%3D
368,2025_TASMA_606329_1,[SALE OF EATABLES AND  COLLTECTION OF EMPTY BOTTLES],20-Sep-2025 11:00 AM,"Tamil Nadu State Marketing Corporation Ltd (TASMAC)||Senior Regional Manager Office-Salem||District Manager, Dharmapuri",06-Oct-2025 10:00 AM,https://etender.up.nic.in/nicgep/app?component=%24DirectLink_0&page=FrontEndAdvancedSearchResult&service=direct&session=T&sp=SJoWpiEl%2BEYmJ6DCnIQlOqg%3D%3D
369,2025_DTP_606470_1,[2025-2026 General Fund work in Alwarthirunagari Town Panchayat],19-Sep-2025 03:40 PM,Directorate of Town Panchayats||Tirunelveli Zone||Alwarthirunagiri Town Panchayat,30-Sep-2025 03:00 PM,https://etender.up.nic.in/nicgep/app?component=%24DirectLink_0&page=FrontEndAdvancedSearchResult&service=direct&session=T&sp=SrPmZB1zh%2B1w9lHcYUpU4qA%3D%3D
370,2025_RDTN_609059_1,[Construction of Passanger Shelter at Maranthai village road left side in Maranthai panchayat in Alangulam panchayat union],26-Sep-2025 03:00 PM,Rural Development and Panchayat Raj Department||Tenkasi RD TN||Alangulam Tenkasi RD TN,06-Oct-2025 03:00 PM,https://etender.up.nic.in/nicgep/app?component=%24DirectLink_0&page=FrontEndAdvancedSearchResult&service=direct&session=T&sp=SLgIU9pt7jnM%2FTOzOZYnjaA%3D%3D
371,2025_PWD_610101_1,"[Special repairs to leaky roof, doors, window, water supply, sanitary arrangements, Interior , Exterior wall and Compound wall emulsion painting works in Government School Girls Hostel at Kancheepuram]",29-Sep-2025 04:15 PM,"PWD||PWD CE buildings||Buildings (C and M) Circle, PWD, Vellore||Buildings (C and M) Division, PWD, Kancheepuram",09-Oct-2025 03:00 PM,https://etender.up.nic.in/nicgep/app?component=%24DirectLink_0&page=FrontEndAdvancedSearchResult&service=direct&session=T&sp=Sqq1OA58hgu4BI3HgTDLrxQ%3D%3D
372,2025_DTP_606507_1,[15th Finance 2025-26 1st Installment - Arumanai TP - Manneduppankuzhi azhagal drainage - Retender],19-Sep-2025 04:30 PM,Directorate of Town Panchayats||Nagercoil Zone||Arumanai Town Panchayat,30-Sep-2025 03:00 PM,https://etender.up.nic.in/nicgep/app?component=%24DirectLink_0&page=FrontEndAdvancedSearchResult&service=direct&session=T&sp=SokE5tnbSsxU4BdM%2FhG6Rng%3D%3D
373,2025_EB_607486_1,[MTPS I BM Unit III Boiler pressure parts AOH 2025 Water Washing of Boiler Ist and IInd pass area  Removal of heavy particle of soot deposited on Water wall tube etc],22-Sep-2025 05:00 PM,TNEB Limited||TANGEDCO||CE-MTPS-I - TANGEDCO||SE-Mechanical Maintenance I-MTPS-I - TANGEDCO,06-Oct-2025 02:00 PM,https://etender.up.nic.in/nicgep/app?component=%24DirectLink_0&page=FrontEndAdvancedSearchResult&service=direct&session=T&sp=SvTPv3FcUZ%2FXmhorePDbvJQ%3D%3D
374,2025_DTP_609623_1,[129/2025 Third Call Retender BPHU],27-Sep-2025 02:25 PM,"Directorate of Town Panchayats||Coimbatore Zone||Sarkar Samakulam Town Panchayat, Coimbatore",15-Oct-2025 03:00 PM,https://tntenders.gov.in/nicgep/app?component=%24DirectLink&page=FrontEndLatestActiveCorrigendums&service=direct&session=T&sp=Sdvxdk0yVToRoGJtzPh9FKA%3D%3D
375,2025_HWAY_604673_1,[Restoration Works -2025-26],17-Sep-2025 06:30 PM,Highways||Construction and Maintenance Wing||Coimbatore Circle||Coimbatore,03-Oct-2025 03:00 PM,https://etender.up.nic.in/nicgep/app?component=%24DirectLink_0&page=FrontEndAdvancedSearchResult&service=direct&session=T&sp=SxPSxoWbxkelt9yRvh7Xrvw%3D%3D
376,2025_MAWS_607230_1,[GENERAL FUND-2025-2026-Repair and Maintanace of Drain at Ward No.20 Library Near  in Karamadai Municipality.],22-Sep-2025 09:00 AM,MAWS||Karamadai Municipality,30-Sep-2025 03:00 PM,https://etender.up.nic.in/nicgep/app?component=%24DirectLink_0&page=FrontEndAdvancedSearchResult&service=direct&session=T&sp=SJJdYnCtYTKdc70byiE6taQ%3D%3D
377,2025_RDTN_608116_1,[Providing Basic infrastructure works at Kasthambadi Camps in Polur Block Package No. TVM/2025-26/193 of Tiruvannamalai District],24-Sep-2025 09:00 AM,"Rural Development and Panchayat Raj Department||Tiruvannamalai,RD,TN",03-Oct-2025 03:00 PM,https://tntenders.gov.in/nicgep/app?component=%24DirectLink&page=FrontEndLatestActiveCorrigendums&service=direct&session=T&sp=SdVXmOixncRRR%2BEBR%2FaSSPQ%3D%3D
378,2025_TNFDC_606792_1,[Construction of 10 MT Block Ice Plant Facilities in Keelamoovarkarai at Mayiladuthurai District],22-Sep-2025 09:00 AM,Tamil Nadu Fisheries Development Corporation Ltd,08-Oct-2025 11:00 AM,https://etender.up.nic.in/nicgep/app?component=%24DirectLink_0&page=FrontEndAdvancedSearchResult&service=direct&session=T&sp=S5gCiEQPGSHQp6pPL%2FnaZUw%3D%3D
379,2025_HWAY_603992_1,"[TRY-92 / 2025-26, Pudukkottai EastSubDivision]",13-Sep-2025 06:55 PM,Highways||Construction and Maintenance Wing||Trichy Circle,07-Oct-2025 11:00 AM,https://tntenders.gov.in/nicgep/app?component=%24DirectLink&page=FrontEndLatestActiveCorrigendums&service=direct&session=T&sp=S4bSGVA9wP9co4kLOuPkztA%3D%3D
380,2025_CoC_609990_1,"[ 	Z.O. XIV.C.No.E2/6922/2025 Removal of Debris deposited on the Radial Road North side Using JCB and HMV Tipper 5 MT at Division 189, Unit43, Zone-14]",29-Sep-2025 12:45 PM,"Corporation of Chennai||Regional office South,CoC",29-Sep-2025 06:30 PM,https://etender.up.nic.in/nicgep/app?component=%24DirectLink_0&page=FrontEndAdvancedSearchResult&service=direct&session=T&sp=S7Jga3Iout1eY40XWD5ykug%3D%3D
381,2025_HWAY_598558_1,[TN 21 25 26 Erode Division TPR 047],29-Aug-2025 05:30 PM,Highways||Construction and Maintenance Wing||Tiruppur Circle,30-Sep-2025 10:45 AM,https://etender.up.nic.in/nicgep/app?component=%24DirectLink_0&page=FrontEndAdvancedSearchResult&service=direct&session=T&sp=Slr2n8oEmjJBZQYsxoHC8Kg%3D%3D
382,2025_TNHB_605937_1,[Special Maintenance Repair Works],18-Sep-2025 06:00 PM,Tamil Nadu Housing Board||Project Circle (City)||SAF Games Village Division,07-Oct-2025 11:00 AM,https://etender.up.nic.in/nicgep/app?component=%24DirectLink_0&page=FrontEndAdvancedSearchResult&service=direct&session=T&sp=Sg7GOCPtqI2nv09NI6K1LKQ%3D%3D
383,2025_HWAY_609727_1,[Dharmapuri (H) CandM Sub Division (SLM-110)],29-Sep-2025 10:00 AM,Highways||Construction and Maintenance Wing||Salem Circle,23-Oct-2025 10:30 AM,https://etender.up.nic.in/nicgep/app?component=%24DirectLink_0&page=FrontEndAdvancedSearchResult&service=direct&session=T&sp=SOyKcySm9gXsr0G0m04F%2Beg%3D%3D
384,2025_EB_609020_1,"[TTPS Operation Circle  CAD Water leak arresting by patch welding clamping the punctured portion of various sizes of Sea water, service water and Raw water pipe lines and replacement of 300,200,150NB pipelines and overhauling of 100NB gate valves]",26-Sep-2025 05:30 PM,TNEB Limited||TANGEDCO||CE-TTPS - TANGEDCO||SE-Operation-TTPS - TANGEDCO,13-Oct-2025 02:00 PM,https://etender.up.nic.in/nicgep/app?component=%24DirectLink_0&page=FrontEndAdvancedSearchResult&service=direct&session=T&sp=SX30m%2BaesGJ%2Fb9f2hULi1lg%3D%3D
385,2025_PWD_606053_1,[Construction of New Grainage Building in Sericulture Campus at Hosur in Krishnagiri District .],19-Sep-2025 03:00 PM,"PWD||PWD CE buildings||Chief  Engineer-Coimbatore Region - Coimbatore||Buildings (C and M) Circle, Salem",06-Oct-2025 03:00 PM,https://etender.up.nic.in/nicgep/app?component=%24DirectLink_0&page=FrontEndAdvancedSearchResult&service=direct&session=T&sp=S7PprqxOl6Qvt7crTjq16nQ%3D%3D
386,2025_HWAY_609362_1,[TN No 5 2025 26 SDO Dated 14.08.2025],27-Sep-2025 11:00 AM,Highways||Projects Wing||Madurai Circle,15-Oct-2025 11:00 AM,https://tntenders.gov.in/nicgep/app?component=%24DirectLink&page=FrontEndLatestActiveCorrigendums&service=direct&session=T&sp=STQdFJymfXp0P8RJzcqSFwQ%3D%3D
387,2025_HWAY_602907_2,"[TRY-78 / 2025-26, Pudukkottai East SubDivision]",13-Sep-2025 06:00 PM,Highways||Construction and Maintenance Wing||Trichy Circle,07-Oct-2025 11:00 AM,https://tntenders.gov.in/nicgep/app?component=%24DirectLink&page=FrontEndLatestActiveCorrigendums&service=direct&session=T&sp=SMEH1Edu3Qpg2dAZ1qNawcA%3D%3D
388,2025_TNSTC_608797_1,[Display of Advertisement in Rear body panel Below the wind screen glass and Below the Middle beading of both Left and Right side body panel as in enclosed diagram in 478 Nos Excluding AC Buses of Buses of Kumbakonam Region],25-Sep-2025 04:15 PM,Tamilnadu State Transport Corporation||Kumbakonam Corporation,03-Oct-2025 11:00 AM,https://tntenders.gov.in/nicgep/app?component=%24DirectLink&page=FrontEndLatestActiveCorrigendums&service=direct&session=T&sp=ShtFie2z0oanJaEyJEq2y2A%3D%3D
389,2025_DTP_609641_1,"[KORADACHERY TP GENERAL FUND 2025-2026 Restoration Of Pot Holes  other Repairs Patch works in BT Road  at  Vellamadhagu colony, Palavanagudy, Palavanagudy colony, Mangalapuram, Gandhi]",27-Sep-2025 03:30 PM,"Directorate of Town Panchayats||Thanjavur Zone||Koradacheri Town Panchayat, Thiruvarur",30-Sep-2025 03:00 PM,https://etender.up.nic.in/nicgep/app?component=%24DirectLink_0&page=FrontEndAdvancedSearchResult&service=direct&session=T&sp=SGFkK406%2FwYCKgBkSdhupOQ%3D%3D
390,2025_EB_604737_1,[Supply of High Voltage Rectifier Transformer for Unit-III ESP],16-Sep-2025 06:00 PM,TNEB Limited||TANGEDCO||CE-TTPS - TANGEDCO||SE-Purchase and Administration-TTPS - TANGEDCO,06-Oct-2025 02:00 PM,https://etender.up.nic.in/nicgep/app?component=%24DirectLink_0&page=FrontEndAdvancedSearchResult&service=direct&session=T&sp=S15gQanTz5caKOR36gfVfZA%3D%3D
391,2025_HWAY_607119_1,[Pennagaram (H) CandM Sub Division (SLM-96)],22-Sep-2025 10:00 AM,Highways||Construction and Maintenance Wing||Salem Circle,23-Oct-2025 10:30 AM,https://etender.up.nic.in/nicgep/app?component=%24DirectLink_0&page=FrontEndAdvancedSearchResult&service=direct&session=T&sp=SgrSSXqoI7AUTBqSJDPgdoQ%3D%3D
392,2025_RDTN_609765_1,[CONSTRUCTION OF DRAINAGE AT AD COLONY  ANNAMALAI STREET (WELL STREET) JAYAVEL HOUSE TO KANAGARAJ HOUSE IN PASUMATHUR PANCHAYAT FOR K.V.KUPPAM BLOCK MLACDS 2025-26 PACKAGE NO 03],27-Sep-2025 05:30 PM,"Rural Development and Panchayat Raj Department||Vellore,RD,TN||K.V.KUPPAM, VELLORE,RD,TN",06-Oct-2025 03:00 PM,https://etender.up.nic.in/nicgep/app?component=%24DirectLink_0&page=FrontEndAdvancedSearchResult&service=direct&session=T&sp=S5kjaegVaQlV1lhQvwBq9tg%3D%3D
393,2025_TNSTC_609485_1,[ENGAGEMENTOF BUSES WITHDRIVERS FROM PRIVATE OPERATORS ON HIRE BASIS],27-Sep-2025 01:15 PM,Tamilnadu State Transport Corporation||Tirunelveli Corporation||Tirunelveli,13-Oct-2025 05:00 PM,https://etender.up.nic.in/nicgep/app?component=%24DirectLink_0&page=FrontEndAdvancedSearchResult&service=direct&session=T&sp=SnLB5lz7pV6FZ6V1VbNLkaw%3D%3D
394,2025_EB_586416_1,[Procurement of 200nos. of 110KV Outdoor SF6 Breaker],28-Jul-2025 05:00 PM,TNEB Limited||TANTRANSCO||CE-Transmission - TANTRANSCO||SE-Transmission II - TANTRANSCO,13-Oct-2025 02:00 PM,https://tntenders.gov.in/nicgep/app?component=%24DirectLink&page=FrontEndLatestActiveCorrigendums&service=direct&session=T&sp=SXtN7ImZ9Pt3Qw1YM2zuRMw%3D%3D
395,2025_AHDF_602120_1,[REQUIREMENT OF VACANT LAND FOR SETTINGUP AND OPERATING 50-TONNE CAPACITY ICE PLANT AT THIRUVOTTIYUR TUNA FISHING HARBOUR],09-Sep-2025 06:00 PM,Fisheries and Fishermen Welfare Department||Fishing Harbour Project Circle,06-Oct-2025 12:00 PM,https://tntenders.gov.in/nicgep/app?component=%24DirectLink&page=FrontEndLatestActiveCorrigendums&service=direct&session=T&sp=SiJFeXCUhX9tzeOKe%2Bb2syA%3D%3D
396,2025_MAWS_605451_21,[CUDDALORE CORPORATION - Construction of Culvert in ward no 21 	],19-Sep-2025 04:00 PM,MAWS||Cuddalore Municipality,30-Sep-2025 03:00 PM,https://etender.up.nic.in/nicgep/app?component=%24DirectLink_0&page=FrontEndAdvancedSearchResult&service=direct&session=T&sp=SdhCqfXClx6wwGk1hZ10itw%3D%3D
397,2025_RDTN_606832_15,[Providing School furniture Bench Desk and Materils at Agaranallur Panchayat Union Elementary School in Agaranallur Panchayat under MLACDS 2025-26],27-Sep-2025 09:00 AM,"Rural Development and Panchayat Raj Department||Cuddalore,RD,TN||KOMARATCHI,CUDDALORE,RD,TN",30-Sep-2025 06:50 PM,https://etender.up.nic.in/nicgep/app?component=%24DirectLink_0&page=FrontEndAdvancedSearchResult&service=direct&session=T&sp=SjOU61%2FYR9INY6c1y0ROPuA%3D%3D
398,2025_EB_600406_1,"[LIMITED AUCTION FOR MICRO SMALL  AND MEDIUM ENTERPRISES FOR LIFTING AND DISPOSAL OF DRY FLY ASH OF 72,000 MT PER ANNUM FOR A PERIOD OF  ONEYEAR THROUGH E-TENDER CUM AUCTION FROM  NORTH CHENNAI THERMAL POWER STATION-1 (3 X 210 MW)]",04-Sep-2025 01:00 PM,TNEB Limited||TANGEDCO||CE-CivilDesigns - TANGEDCO||SE-Civil Designs and Hydro Projects - TANGEDCO,23-Oct-2025 02:00 PM,https://tntenders.gov.in/nicgep/app?component=%24DirectLink&page=FrontEndLatestActiveCorrigendums&service=direct&session=T&sp=SCh35oTCepMtPMZSmlp3EgA%3D%3D
399,2025_RDTN_608740_1,[A3/2512/2025],26-Sep-2025 09:00 AM,Rural Development and Panchayat Raj Department||Tirupathur RD TN||Jolarpet Tirupathur RD TN,06-Oct-2025 03:00 PM,https://etender.up.nic.in/nicgep/app?component=%24DirectLink_0&page=FrontEndAdvancedSearchResult&service=direct&session=T&sp=SvjFBupf%2Fy5S8eNJCjdMPhA%3D%3D
400,2025_HWAY_601850_11,[TRY-74/2025-26/Aavudauyarkovil (H) C and M Sub Division ],09-Sep-2025 06:45 PM,Highways||Construction and Maintenance Wing||Trichy Circle,07-Oct-2025 11:00 AM,https://tntenders.gov.in/nicgep/app?component=%24DirectLink&page=FrontEndLatestActiveCorrigendums&service=direct&session=T&sp=SKzgICoBSUQNR4oGEPOv73Q%3D%3D
401,2025_HWAY_598082_1,[CRIDP 2025-26 (MCB)],01-Sep-2025 06:00 PM,Highways||Construction and Maintenance Wing||Coimbatore Circle,09-Oct-2025 10:30 AM,https://etender.up.nic.in/nicgep/app?component=%24DirectLink_0&page=FrontEndAdvancedSearchResult&service=direct&session=T&sp=Sz6hvYXtNOKzxRI17%2BdLASw%3D%3D
402,2025_TNMSC_599342_1,[ONLINE TENDER FOR SUPPLY AND INSTALLTION OF VITAL SIGN MONITOR TO VARIOUS GOVT.  INSTITUTIONS],01-Sep-2025 04:45 PM,Tamilnadu Medical Services Corporation||Equipment,14-Oct-2025 11:00 AM,https://tntenders.gov.in/nicgep/app?component=%24DirectLink&page=FrontEndLatestActiveCorrigendums&service=direct&session=T&sp=SzbW3H5A1K05nADsXbaG2hA%3D%3D
403,2025_EB_598052_1,[Establishment of New 33/11KV SS],28-Aug-2025 06:00 PM,TNEB Limited||TANGEDCO||CE-Distribution-Villupuram - TANGEDCO,15-Oct-2025 02:00 PM,https://tntenders.gov.in/nicgep/app?component=%24DirectLink&page=FrontEndLatestActiveCorrigendums&service=direct&session=T&sp=Sks0vP3UUEVVbgml9kk6VBg%3D%3D
404,2025_EB_608395_1,"[Construction of Control Room Building extension , Providing foundation concrete structure Equipment Plinth, Transformer Plinth, Cable Duct  and other Civil related works for the Introduction of 110 33kV ratio at the existing 110 11kV SS in Natham]",24-Sep-2025 05:00 PM,TNEB Limited||TANTRANSCO||CE-Transmission Projects-II-Trichy - TANTRANSCO||SE-GCC-Trichy - TANTRANSCO,13-Oct-2025 02:00 PM,https://etender.up.nic.in/nicgep/app?component=%24DirectLink_0&page=FrontEndAdvancedSearchResult&service=direct&session=T&sp=SL62VX51U4xxOLVV%2FM1fJMA%3D%3D
405,2025_DTP_608267_1,[Vadipatti Town Panchayat Providing cement concrete paver block road at ward.17 unione office cross street balan nagar and ward.6 mettuperumalnagar cross street in Vadipatti Town Panchayat],24-Sep-2025 12:00 PM,"Directorate of Town Panchayats||Madurai Zone||Vadipatti Town Panchayat, Madurai",30-Sep-2025 03:00 PM,https://etender.up.nic.in/nicgep/app?component=%24DirectLink_0&page=FrontEndAdvancedSearchResult&service=direct&session=T&sp=SOvmbztDiquTl5guEP7wruQ%3D%3D
406,2025_HWAY_603140_1,[VPM-108-Non Plan-2025-26],18-Sep-2025 10:00 AM,Highways||Construction and Maintenance Wing||Villupuram Circle,15-Oct-2025 12:00 PM,https://etender.up.nic.in/nicgep/app?component=%24DirectLink_0&page=FrontEndAdvancedSearchResult&service=direct&session=T&sp=SyX8sGRW9oypFe3a9fiHtSQ%3D%3D
407,2025_TNSTC_606113_1,"[Engagement of buses along with driver from private operators on hire basis for crowed clearance during weekend, Festival days Deepavali and Pongal, Full Moon  days, New moon days etc.. by TNSTC(MDU)Ltd., Dindigul Region]",19-Sep-2025 11:00 AM,Tamilnadu State Transport Corporation||Madurai Corporation||Central Purchase Department||Procurement,06-Oct-2025 11:00 AM,https://etender.up.nic.in/nicgep/app?component=%24DirectLink_0&page=FrontEndAdvancedSearchResult&service=direct&session=T&sp=SF%2FcNzpBgXkqUSUoXok02Qg%3D%3D
408,2025_CoC_608257_1,[Z.O.II.C.No.E1/574559/2025],26-Sep-2025 03:00 PM,"Corporation of Chennai||Regional Office North,CoC",09-Oct-2025 03:00 PM,https://etender.up.nic.in/nicgep/app?component=%24DirectLink_0&page=FrontEndAdvancedSearchResult&service=direct&session=T&sp=SB%2BxlcY3j6v0QMo3KN2upEA%3D%3D
409,2025_SETC_607886_1,[SUPPLY OF ONE LITER DRINKING WATER BOTTLE TO PASSENGER  IN SETC BUSES.],24-Sep-2025 03:00 PM,State Express Transport Corporation Tamilnadu Limited||Chennai-Materials,03-Nov-2025 03:00 PM,https://etender.up.nic.in/nicgep/app?component=%24DirectLink_0&page=FrontEndAdvancedSearchResult&service=direct&session=T&sp=S3GJFG%2FFTta3BnlwOUhj%2FRA%3D%3D
410,2025_EB_606260_1,[Supply of 36 Inch Center Distance Worm Gear and shaft assembly for HP 803 Bowl Mills in Unit V ],19-Sep-2025 12:00 PM,TNEB Limited||TANGEDCO||CE-TTPS - TANGEDCO||SE-Purchase and Administration-TTPS - TANGEDCO,06-Oct-2025 02:00 PM,https://etender.up.nic.in/nicgep/app?component=%24DirectLink_0&page=FrontEndAdvancedSearchResult&service=direct&session=T&sp=SpNAgEFGCuvcNO%2FO%2Baxm5QQ%3D%3D
411,2025_EB_606077_1,[Hiring Vehicle for Diesel or Petrol driven Van or Jeep  AEE Spl NEDC],19-Sep-2025 11:00 AM,TNEB Limited||TANGEDCO||CE-Distribution-Erode - TANGEDCO||SE-Namakkal - TANGEDCO,03-Oct-2025 02:00 PM,https://etender.up.nic.in/nicgep/app?component=%24DirectLink_0&page=FrontEndAdvancedSearchResult&service=direct&session=T&sp=S57xqZX6D4q5FXEcgFjKm8w%3D%3D
412,2025_HWAY_608021_1,[Construction of High Level Bridge at Km 1/2 of the road branching from Km 34/6 of NH 46 to Vellanaickaneri road across Saraswathi river in lieu of existing causeway],26-Sep-2025 09:00 AM,Highways||NABARD and Rural Roads||Chengalpattu,22-Oct-2025 12:00 PM,https://etender.up.nic.in/nicgep/app?component=%24DirectLink_0&page=FrontEndAdvancedSearchResult&service=direct&session=T&sp=SbpLxA0LAu%2BtW7z8dZcx7PA%3D%3D
413,2025_HWAY_606647_1,[TN.No.28 / SI.No.04 / 2025-2026 / SDO / CPT - 53],20-Sep-2025 06:55 PM,Highways||NABARD and Rural Roads||Chengalpattu,22-Oct-2025 12:00 PM,https://tntenders.gov.in/nicgep/app?component=%24DirectLink&page=FrontEndLatestActiveCorrigendums&service=direct&session=T&sp=SoE0%2BUqgr5aau28Z0WTmsiA%3D%3D
414,2025_HWAY_598718_1,[VPM-065-Non Plan-2025-26],04-Sep-2025 10:00 AM,Highways||Construction and Maintenance Wing||Villupuram Circle,15-Oct-2025 12:00 PM,https://etender.up.nic.in/nicgep/app?component=%24DirectLink_0&page=FrontEndAdvancedSearchResult&service=direct&session=T&sp=SgH%2B6vanMjyLSZrwK19uHbA%3D%3D
415,2025_MAWS_607994_1,"[Finding and raising in kulamangalam main road highway road and important bus route in ward 4,17,18]",24-Sep-2025 09:55 AM,MAWS||Madurai Municipal Corporation,06-Oct-2025 03:00 PM,https://etender.up.nic.in/nicgep/app?component=%24DirectLink_0&page=FrontEndAdvancedSearchResult&service=direct&session=T&sp=SSfQlP5X9EaxA1dXCL9WYIQ%3D%3D
416,2025_MAWS_608931_1,[Providing and Laying Pipeline at Ward No 03 Agazhi Street in Vandavasi Municipality],26-Sep-2025 09:00 AM,MAWS||Vandavasi Municipality,07-Oct-2025 03:00 PM,https://etender.up.nic.in/nicgep/app?component=%24DirectLink_0&page=FrontEndAdvancedSearchResult&service=direct&session=T&sp=S1SjcUsNAaCpr%2BXoSI59Y5A%3D%3D
417,2025_DoTE_608003_1,[2230/C4/2025],24-Sep-2025 09:00 AM,Directorate of Technical Education||Govt. Polytechnic College - DOTE||Thanthai Periyar EVR GPT - Vellore,10-Oct-2025 05:45 PM,https://etender.up.nic.in/nicgep/app?component=%24DirectLink_0&page=FrontEndAdvancedSearchResult&service=direct&session=T&sp=ScwrXbn8eaELD0ae80Y%2F7kw%3D%3D
418,2025_MAWS_558595_2,[Improvement of Water Supply System in Rameswaram Municipality],20-Sep-2025 01:00 PM,MAWS||Rameswaram Municipality,30-Sep-2025 03:00 PM,https://tntenders.gov.in/nicgep/app?component=%24DirectLink&page=FrontEndLatestActiveCorrigendums&service=direct&session=T&sp=SC7u4OiBmTunOKB6yo9f7%2Fg%3D%3D
419,2025_DTP_608768_1,[15 th Finance Ist  Untied 2025-26],25-Sep-2025 04:00 PM,"Directorate of Town Panchayats||Salem Zone||Senthamangalam Town Panchayat, Namakkal",30-Sep-2025 04:00 PM,https://etender.up.nic.in/nicgep/app?component=%24DirectLink_0&page=FrontEndAdvancedSearchResult&service=direct&session=T&sp=SKKi%2FBJy%2BP5OLmmcSXEGScg%3D%3D
420,2025_CoC_605100_1,"[Rejuvenation and Restoration of Elanthanur Pond in Dn.16, Zone 2 and Additional improvements to Thamarai Kulam at Valluvar Street in Dn.23, Zone 3]",20-Sep-2025 01:00 PM,"Corporation of Chennai||Regional Office North,CoC",03-Oct-2025 03:00 PM,https://tntenders.gov.in/nicgep/app?component=%24DirectLink&page=FrontEndLatestActiveCorrigendums&service=direct&session=T&sp=SGmQy8KcYOMZvT5OADdq5LQ%3D%3D
421,2025_RDTN_608786_1,[Vellore District Construction of Kitchenshed (Type-I) at VG Rao Nagar PUES School in Katpadi Block PMGRST 2025-26 Package No 01],25-Sep-2025 05:00 PM,"Rural Development and Panchayat Raj Department||Vellore,RD,TN||KATPADI, VELLORE,RD,TN",07-Oct-2025 03:00 PM,https://etender.up.nic.in/nicgep/app?component=%24DirectLink_0&page=FrontEndAdvancedSearchResult&service=direct&session=T&sp=SwQhJbdba9p3%2BrNg%2Fe2Vn%2FA%3D%3D
422,2025_DMDW_604849_1,[Distribution of LPG Iron Box],19-Sep-2025 10:00 AM,Directorate of MBC - DNC  Welfare,06-Oct-2025 03:00 PM,https://etender.up.nic.in/nicgep/app?component=%24DirectLink_0&page=FrontEndAdvancedSearchResult&service=direct&session=T&sp=Sfd4WHB3IhMWLu967Zl5tUQ%3D%3D
423,2025_TNSTC_608845_1,[Display of Advertisement in Rear body panel Below the wind screen glass and Below the Middle beading of both Left and Right side body panel as in enclosed diagram in 424 Nos Excluding AC Buses of Buses of Pudukkottai Region],25-Sep-2025 05:15 PM,Tamilnadu State Transport Corporation||Kumbakonam Corporation,03-Oct-2025 11:00 AM,https://tntenders.gov.in/nicgep/app?component=%24DirectLink&page=FrontEndLatestActiveCorrigendums&service=direct&session=T&sp=SswBRGgBCQATv9mRi4zkV%2FQ%3D%3D
424,2025_MAWS_609552_1,[EAUCTION FOR BUS STAND SHOP NO 6],27-Sep-2025 01:00 PM,MAWS||Vellakoil Municipality,10-Oct-2025 11:00 AM,https://etender.up.nic.in/nicgep/app?component=%24DirectLink_0&page=FrontEndAdvancedSearchResult&service=direct&session=T&sp=STaqpFPOGvVWXY35yns%2FkKA%3D%3D
425,2025_MAWS_609401_1,[EAUCTION FOR WEEKLY MARKET SHOP NO 18],27-Sep-2025 09:00 AM,MAWS||Vellakoil Municipality,10-Oct-2025 11:00 AM,https://etender.up.nic.in/nicgep/app?component=%24DirectLink_0&page=FrontEndAdvancedSearchResult&service=direct&session=T&sp=SMC4EAP0YyRWw5%2FD6%2FZjUJg%3D%3D
426,2025_AED_604689_1,"[Supply and Installation of HDPE pipeline suitable for pressurized irrigation system in Eastern Block (75 acres) of AIIRLIVAS, Thalaivasal, Salem District]",17-Sep-2025 10:00 AM,Agricultural Engineering Department - Chennai,03-Oct-2025 03:00 PM,https://etender.up.nic.in/nicgep/app?component=%24DirectLink_0&page=FrontEndAdvancedSearchResult&service=direct&session=T&sp=SDoManYWus%2BnAP11Z%2FFjmkg%3D%3D
427,2025_TNSTC_607624_1,[Face Lifting Work for Pudukkottai Region],23-Sep-2025 10:00 AM,Tamilnadu State Transport Corporation||Kumbakonam Corporation,03-Oct-2025 11:00 AM,https://etender.up.nic.in/nicgep/app?component=%24DirectLink_0&page=FrontEndAdvancedSearchResult&service=direct&session=T&sp=SQ98A7cAM7Bw5KuNeIBpcNw%3D%3D
428,2025_DTP_604991_1,[15th Finnance 2025-26 II phase Providing new pipeline at Mangalam pump room to Ponmanai OHT in Ponmanai Town Panchayat.],17-Sep-2025 10:45 AM,Directorate of Town Panchayats||Nagercoil Zone||Ponmanai Town Panchayat,30-Sep-2025 03:00 PM,https://etender.up.nic.in/nicgep/app?component=%24DirectLink_0&page=FrontEndAdvancedSearchResult&service=direct&session=T&sp=S52FvhGq5%2BRarlDIPW1M8Dw%3D%3D
429,2025_HWAY_601850_10,[TRy-73/2025-26/Aranthangi and Alangudi (H) C and M Sub Division],09-Sep-2025 06:45 PM,Highways||Construction and Maintenance Wing||Trichy Circle,07-Oct-2025 11:00 AM,https://tntenders.gov.in/nicgep/app?component=%24DirectLink&page=FrontEndLatestActiveCorrigendums&service=direct&session=T&sp=SAKcYyux8OL3%2BGxeHrWudgA%3D%3D
430,2025_CoC_606841_1,[Construction of the 2nd floor in CMS at Amman Koil Street in Div  54 Zone 5 MLA CDS Fund],20-Sep-2025 02:00 PM,"Corporation of Chennai||Head Quarters,CoC",06-Oct-2025 03:00 PM,https://etender.up.nic.in/nicgep/app?component=%24DirectLink_0&page=FrontEndAdvancedSearchResult&service=direct&session=T&sp=SI67HaRhpaRe1YHHqzcLV4Q%3D%3D
431,2025_DTP_607460_1,"[15th FC Tied IInd Insallment  25-26 Providing new borewell near Subbaiah shop in Subramaniyapuram water supply scheme, Erection of 1000 litre syntex opposite to Muppandal temple, Providing new borewell near Malaikinaru wss in Aralvoimozhi TP]",22-Sep-2025 04:30 PM,Directorate of Town Panchayats||Nagercoil Zone||Aralvaimozhy Town Panchayat,30-Sep-2025 03:00 PM,https://etender.up.nic.in/nicgep/app?component=%24DirectLink_0&page=FrontEndAdvancedSearchResult&service=direct&session=T&sp=S4gF1yjVV%2B5RAcdlgeedYzA%3D%3D
432,2025_EB_608442_1,[Dindigul EDC - Supply of LT BRASS BUSHING ROD 12MM],24-Sep-2025 06:00 PM,TNEB Limited||TANGEDCO||CE-Distribution-Madurai - TANGEDCO||SE-Dindugal - TANGEDCO,09-Oct-2025 03:00 PM,https://etender.up.nic.in/nicgep/app?component=%24DirectLink_0&page=FrontEndAdvancedSearchResult&service=direct&session=T&sp=SOpUKzs3ipHXCKlGPYvkPew%3D%3D
433,2025_MAWS_605451_41,[CUDDALORE CORPORATION -  ReConstruction of Storm Water Drain and Culvert at kasukadai street and other areas in ward no 42 in cuddalore corporation	],19-Sep-2025 02:00 PM,MAWS||Cuddalore Municipality,30-Sep-2025 03:00 PM,https://etender.up.nic.in/nicgep/app?component=%24DirectLink_0&page=FrontEndAdvancedSearchResult&service=direct&session=T&sp=SGaTbOWj1CbZHpor%2FZhk%2BPg%3D%3D
434,2025_TNPHC_610102_1,"[Construction of New Kitchen Room, OHT and Separate Gas room arrangements at Virudhachalam Sub Jail in Cuddalore District.]",29-Sep-2025 04:30 PM,Tamil Nadu Police Housing Corporation||Supdt. Engineer(North Circle) - TNPHC||Salem Division - TNPHC||Salem Sub Division - TNPHC,13-Oct-2025 06:00 PM,https://etender.up.nic.in/nicgep/app?component=%24DirectLink_0&page=FrontEndAdvancedSearchResult&service=direct&session=T&sp=SB68AYsAZDE6VuUvDAEfuOA%3D%3D
435,2025_MAWS_608960_1,[Construction of  Culvert Ward No 07 Nemandhakara Street  in Vandavasi Municipality],26-Sep-2025 09:00 AM,MAWS||Vandavasi Municipality,07-Oct-2025 03:00 PM,https://etender.up.nic.in/nicgep/app?component=%24DirectLink_0&page=FrontEndAdvancedSearchResult&service=direct&session=T&sp=SxJcfr%2BHa2upjZY4sErgRAg%3D%3D
436,2025_HWAY_608534_1,[TN No 53 2025 26 HDO Dt 17 09 2025 TVM 158],26-Sep-2025 11:00 AM,Highways||Construction and Maintenance Wing||Tiruvannamalai Circle,16-Oct-2025 11:00 AM,https://etender.up.nic.in/nicgep/app?component=%24DirectLink_0&page=FrontEndAdvancedSearchResult&service=direct&session=T&sp=SbWf6%2FRTwlkKuuc%2Fx5z3b3g%3D%3D
437,2025_RDTN_609490_1,[Vellore district Providing New Borewell with 2HP Motor and Specials with Extension pipe line Eriyur in Serpadi Panchayat Anaicut Block 15th CFC-BP 2025-2026(TIED and UNTIED) Scheme Package no  37],27-Sep-2025 11:25 AM,"Rural Development and Panchayat Raj Department||Vellore,RD,TN||ANAICUT, VELLORE,RD,TN",06-Oct-2025 03:00 PM,https://etender.up.nic.in/nicgep/app?component=%24DirectLink_0&page=FrontEndAdvancedSearchResult&service=direct&session=T&sp=S2vPKN40cP3cHlyKmGx%2FWZg%3D%3D
438,2025_MAWS_606182_1,[Karur Corporation_NNT Scheme_2025-26],19-Sep-2025 09:10 AM,MAWS||Karur Municipality,08-Oct-2025 03:00 PM,https://tntenders.gov.in/nicgep/app?component=%24DirectLink&page=FrontEndLatestActiveCorrigendums&service=direct&session=T&sp=S0toBZ4X6xL3kbnWN5FeN2g%3D%3D
439,2025_EB_603447_1,"[SUPPLY, ERECTION AND COMMISSIONING OF 1200 MM DIA CWP DISCHARGE  BUTTERFLY VALVE WITH MOTOR OPERATED ACTUATOR FOR UNIT III   ]",15-Sep-2025 12:00 PM,TNEB Limited||TANGEDCO||CE-TTPS - TANGEDCO||SE-Purchase and Administration-TTPS - TANGEDCO,03-Oct-2025 02:00 PM,https://etender.up.nic.in/nicgep/app?component=%24DirectLink_0&page=FrontEndAdvancedSearchResult&service=direct&session=T&sp=SW82OisY7eGqIwYMHyU4%2F5g%3D%3D
440,2025_EB_598475_1,"[Supply, Erection, Testing and commisioning of new Thirupanjeeli 33/11KV SS with 2x8 MVA in Trichy Metro EDC in Trichy Region on total Turnkey basis]",29-Aug-2025 02:00 PM,TNEB Limited||TANGEDCO||CE-Trichy EDC - TANGEDCO,30-Sep-2025 02:30 PM,https://tntenders.gov.in/nicgep/app?component=%24DirectLink&page=FrontEndLatestActiveCorrigendums&service=direct&session=T&sp=Sl2f98k%2Bx14%2FKEcDE39cRmA%3D%3D
441,2025_HWAY_608159_1,[TN No 54 2025 26 HDO Dt 18 09 2025 TVM 160],24-Sep-2025 11:00 AM,Highways||Construction and Maintenance Wing||Tiruvannamalai Circle,16-Oct-2025 11:00 AM,https://etender.up.nic.in/nicgep/app?component=%24DirectLink_0&page=FrontEndAdvancedSearchResult&service=direct&session=T&sp=S2qDN0ircgCO7YEYppIyzWQ%3D%3D
442,2025_HWAY_604989_1,[Restoration Works -2025-26],17-Sep-2025 06:30 PM,Highways||Construction and Maintenance Wing||Coimbatore Circle||Coimbatore,03-Oct-2025 03:00 PM,https://etender.up.nic.in/nicgep/app?component=%24DirectLink_0&page=FrontEndAdvancedSearchResult&service=direct&session=T&sp=SbcNAW9nLAiQa0kME1%2Bh7dw%3D%3D
443,2025_RDTN_607229_1,"[PACKAGE NO.04 - Construction of houses for Combined House (4 Nos.) with Ceramic Tiles flooring at Aliyanilai Refugee Camp in Aliyanilai Pts (5 GROUP HOUSES 20 NO.OF HOUSES) in Aranthangi Block, Pudukkottai Dt under SRI LANKAN REFUGEES-2025-26 Phase-3]",22-Sep-2025 10:00 AM,"Rural Development and Panchayat Raj Department||Pudhukottai,RD,TN",03-Oct-2025 03:00 PM,https://etender.up.nic.in/nicgep/app?component=%24DirectLink_0&page=FrontEndAdvancedSearchResult&service=direct&session=T&sp=SbS9QWkaMFYlUQLRieuweZw%3D%3D
444,2025_EB_604204_1,[Protective Maintenance Works to the TG Column between EL 0.00m to EL 15.50m of Unit 4],15-Sep-2025 06:00 PM,TNEB Limited||TANGEDCO||CE-TTPS - TANGEDCO||SE-Civil-TTPS - TANGEDCO,06-Oct-2025 02:00 PM,https://etender.up.nic.in/nicgep/app?component=%24DirectLink_0&page=FrontEndAdvancedSearchResult&service=direct&session=T&sp=SlmnW9NOePpC5UCZq8JuHJw%3D%3D
445,2025_RDTN_609758_1,[ VELLORE DISTRICT PROVIDING CEMENT CONCRETE  PAVEMENT AT AD COLONY UMA HOUSE TO GOPI  HOUSE AND  RAVI HOUSE TO SETHIL HOUSE IN K.V.KUPPAM PANCHAYAT AT K.V.KUPPAM BLOCK MLACDS 2025-26 PACKAGE NO 02],27-Sep-2025 05:30 PM,"Rural Development and Panchayat Raj Department||Vellore,RD,TN||K.V.KUPPAM, VELLORE,RD,TN",06-Oct-2025 03:00 PM,https://etender.up.nic.in/nicgep/app?component=%24DirectLink_0&page=FrontEndAdvancedSearchResult&service=direct&session=T&sp=STKWs%2B5OITfepz5Pm6J1kbw%3D%3D
446,2025_CoA_608716_1,[Purchase of organic liquid manure ],25-Sep-2025 03:00 PM,Commissionerate of Agriculture||Joint Directorate of Agriculture - Tiruppathur,03-Oct-2025 11:00 AM,https://etender.up.nic.in/nicgep/app?component=%24DirectLink_0&page=FrontEndAdvancedSearchResult&service=direct&session=T&sp=S8J4GnMtQjFWlF00OR99oBQ%3D%3D
447,2025_CoC_609381_1,"[Construction of Storm  Water Drain of Size 600x750mm at Bharathidasan Salai Main Road, Kongu Nagar 2nd Street in Dn.92 and Construction of Storm water drain of size 900x900mm at Elango Street (Shakthi Nagar) in Dn.87, Zone 7.]",27-Sep-2025 09:00 AM,"Corporation of Chennai||Regional office Central ,CoC",03-Oct-2025 03:00 PM,https://etender.up.nic.in/nicgep/app?component=%24DirectLink_0&page=FrontEndAdvancedSearchResult&service=direct&session=T&sp=SrlCsyZmw5QhDGhsrTSBDEQ%3D%3D
448,2025_MAWS_607188_1,"[Dharapuram Municipality Construction of Knowledge Center at NCP School  at Ward No. 6, Suvery No.1 in Dharapuram Municipality]",22-Sep-2025 09:00 AM,MAWS||Dharapuram Municipality,07-Oct-2025 03:00 PM,https://etender.up.nic.in/nicgep/app?component=%24DirectLink_0&page=FrontEndAdvancedSearchResult&service=direct&session=T&sp=SFOYX28E9P2i8judwxe7q8Q%3D%3D
449,2025_DTP_608955_3,[15TH FINANCE 2025-26 2nd INSTALMENT_4.50 Lakh],26-Sep-2025 09:00 AM,Directorate of Town Panchayats||Tirunelveli Zone||Panagudi Town Panchayat,30-Sep-2025 03:00 PM,https://etender.up.nic.in/nicgep/app?component=%24DirectLink_0&page=FrontEndAdvancedSearchResult&service=direct&session=T&sp=S04Ix4WBS7ibbfJFjJ2QILA%3D%3D
450,2025_HWAY_607121_1,[Pennagaram (H) CandM Sub Division (SLM-98)],22-Sep-2025 10:00 AM,Highways||Construction and Maintenance Wing||Salem Circle,23-Oct-2025 10:30 AM,https://etender.up.nic.in/nicgep/app?component=%24DirectLink_0&page=FrontEndAdvancedSearchResult&service=direct&session=T&sp=SksASHZEB1WxGX3qSNhMEWg%3D%3D
451,2025_MAWS_609858_1,[Providing RCC Pavement at  New  Bus stand ],28-Sep-2025 10:00 AM,MAWS||Tiruttani Municipality,08-Oct-2025 03:00 PM,https://etender.up.nic.in/nicgep/app?component=%24DirectLink_0&page=FrontEndAdvancedSearchResult&service=direct&session=T&sp=SR8yjqaPrLFaUR%2FnFeRSoAA%3D%3D
452,2025_HWAY_605293_1,[Construction of High level bridge at Km 2/4 of  M.Kunnathur - Dhamal Road  in lieu of existing causeway],20-Sep-2025 09:00 AM,Highways||NABARD and Rural Roads||Chengalpattu,07-Oct-2025 12:00 PM,https://etender.up.nic.in/nicgep/app?component=%24DirectLink_0&page=FrontEndAdvancedSearchResult&service=direct&session=T&sp=SUnYLgg8BH8PsX9jMHlSJiQ%3D%3D
453,2025_RDTN_596616_3,[CONSTRUCTION OF NEW ANGANWADI BUILDING AND PLAYING SCHOOL AT NAINAPURAM VILLAGE IN VADIKOTTAI  PANCHAYAT IN SANKARANKOVIL],24-Sep-2025 09:30 AM,Rural Development and Panchayat Raj Department||Tenkasi RD TN||Sankarankoil Tenkasi RD TN,03-Oct-2025 04:00 PM,https://etender.up.nic.in/nicgep/app?component=%24DirectLink_0&page=FrontEndAdvancedSearchResult&service=direct&session=T&sp=SLFPh%2BsLoYcq10za8RBb7Dw%3D%3D
454,2025_RDTN_610125_1,[Vellore District Construction of  Retaining Wall  (From Mogilliyappan House to Poongavanam House) in Modikuppam Panchayat of Gudiyatham Block 15th CFC (BP) 2025 -2026 Package no 12],29-Sep-2025 04:10 PM,"Rural Development and Panchayat Raj Department||Vellore,RD,TN||GUDIYATHAM, VELLORE,RD,TN",09-Oct-2025 03:00 PM,https://etender.up.nic.in/nicgep/app?component=%24DirectLink_0&page=FrontEndAdvancedSearchResult&service=direct&session=T&sp=SMd%2Fqw%2B9i%2B0QaTnk1BiNzxA%3D%3D
455,2025_CoC_609738_1,"[PROVIDING OUTDOOR SHUTTLE COURT , OPEN GYM APPARATUS AND OTHER FASILITY WORK TO THE THIRU NAGAR PARK AT THIRU NAGAR 20TH STREET IN DIV-95, UNIT-21, ZONE-8 (UNDER MLA FUND)]",27-Sep-2025 05:30 PM,"Corporation of Chennai||Regional office Central ,CoC",09-Oct-2025 03:00 PM,https://etender.up.nic.in/nicgep/app?component=%24DirectLink_0&page=FrontEndAdvancedSearchResult&service=direct&session=T&sp=S6%2F8WXhUZX8aMi4sccVEEuQ%3D%3D
456,2025_TTDCL_604890_1,[Providing security guards to various Hotels  and Boat Houses etc. of TTDC North Region Hotels for the period of three years.],17-Sep-2025 09:00 AM,Tamil Nadu Tourism Development Corporation Limited||Engineering Wing,14-Oct-2025 12:00 PM,https://etender.up.nic.in/nicgep/app?component=%24DirectLink_0&page=FrontEndAdvancedSearchResult&service=direct&session=T&sp=SJirPoi84vWj%2FxI7qYp02Lw%3D%3D
457,2025_DoTE_609083_1,[SUPPLY OF EQUIPMENTS FOR MECHANICAL (CAD) CNC LATHE AND MILLING MACHINE],26-Sep-2025 01:15 PM,"Directorate of Technical Education||Govt. Polytechnic College - DOTE||Govt. Polytechnic College, Thuvakudi Malai, Trichy",07-Oct-2025 05:45 PM,https://etender.up.nic.in/nicgep/app?component=%24DirectLink_0&page=FrontEndAdvancedSearchResult&service=direct&session=T&sp=S8%2Fs5e5ItOsszx5F0SYCEDg%3D%3D
458,2025_RDTN_608055_1,[Construction of  60000 lit OHT 12M Stage including Pumping Main Line Open Well to OHT (270m) in Srilankan Refugee Camp ],23-Sep-2025 06:55 PM,"Rural Development and Panchayat Raj Department||Tiruvannamalai,RD,TN",03-Oct-2025 03:00 PM,https://tntenders.gov.in/nicgep/app?component=%24DirectLink&page=FrontEndLatestActiveCorrigendums&service=direct&session=T&sp=SKfyA%2FOZZCs4jCGCqmtqmag%3D%3D
459,2025_CoC_608807_1,[Consultancy Work  preparation DPR for construction of Dog Shelter for Rabies affected and aggressive dogs with Dog Kennel  Fencing Work  Security Room Toilet Block CCTV provisions at Survey no 19 Chettimedu Madhavaram in Dn 17 Zn 02],25-Sep-2025 05:00 PM,"Corporation of Chennai||Head Quarters,CoC",06-Oct-2025 03:00 PM,https://etender.up.nic.in/nicgep/app?component=%24DirectLink_0&page=FrontEndAdvancedSearchResult&service=direct&session=T&sp=Sza%2Fg7XDS%2B9TDlJn3pWEXhw%3D%3D
460,2025_RDTN_608095_1,[Providing Basic infrastructure works at Kasthambadi Camps in Polur Block Package No. TVM/2025-26/188 of Tiruvannamalai District],23-Sep-2025 06:55 PM,"Rural Development and Panchayat Raj Department||Tiruvannamalai,RD,TN",03-Oct-2025 03:00 PM,https://tntenders.gov.in/nicgep/app?component=%24DirectLink&page=FrontEndLatestActiveCorrigendums&service=direct&session=T&sp=SC0i1QaqH%2FyYJqR0fRkxifA%3D%3D
461,2025_MAWS_602971_6,"[Tiruppur Corporation_GF_Repair and Maintenance of Nallathupalayam, Pooluvappatty JJ Nagar and Kanjampalayam Micro Composting Centre MCC in Ward No 04 06 and 07 in Zone 2]",11-Sep-2025 06:00 PM,MAWS||Trippur City Municipal Corporation,30-Sep-2025 03:00 PM,https://tntenders.gov.in/nicgep/app?component=%24DirectLink&page=FrontEndLatestActiveCorrigendums&service=direct&session=T&sp=SE7QPDrGUwmN1uOOGc%2F7h2g%3D%3D
462,2025_HWAY_609426_1,[Upgradation of Panchayat Union / Panchayat Roads to Other District Roads (SLM-30)],27-Sep-2025 11:00 AM,Highways||NABARD and Rural Roads||Salem,14-Oct-2025 11:00 AM,https://etender.up.nic.in/nicgep/app?component=%24DirectLink_0&page=FrontEndAdvancedSearchResult&service=direct&session=T&sp=S1bKR2%2BgdIOvsCZbIuaZ%2FLw%3D%3D
463,2025_SETC_595299_1,[TENDER FOR THE WORK OF BUS WASHING INSIDE AND OUT SIDE OF VARIOUS TYPES OF BUSES IN SETC KARAIKUDI  DEPOT.],20-Aug-2025 04:15 PM,State Express Transport Corporation Tamilnadu Limited,07-Oct-2025 03:00 PM,https://tntenders.gov.in/nicgep/app?component=%24DirectLink&page=FrontEndLatestActiveCorrigendums&service=direct&session=T&sp=SajCT5Juc8C440eAFihEF%2FA%3D%3D
464,2025_RDTN_602616_1,[Construction of PDS Building at Velivayal in VELIVAYAL Panchayat.],10-Sep-2025 06:30 PM,"Rural Development and Panchayat Raj Department||Pudhukottai,RD,TN||AVUDAYARKOIL - VP, PUDUKKOTTAI,RD,TN",08-Oct-2025 03:00 PM,https://tntenders.gov.in/nicgep/app?component=%24DirectLink&page=FrontEndLatestActiveCorrigendums&service=direct&session=T&sp=SFRnN%2FcGbf4ekVUMtwtGdJQ%3D%3D
465,2025_HWAY_603695_1,[Construction of High level Bridge at Km 0/10 of Thumbalam - Kolakudi Road in  lieu of existing causeway],15-Sep-2025 10:00 AM,Highways||NABARD and Rural Roads||Trichy,07-Oct-2025 11:00 AM,https://etender.up.nic.in/nicgep/app?component=%24DirectLink_0&page=FrontEndAdvancedSearchResult&service=direct&session=T&sp=SEkmdP3czBgtVovr1q0vBBQ%3D%3D
466,2025_ROCS_600767_1,[24x7 Contact Centre Solution],06-Sep-2025 10:00 AM,Registrar of Cooperative Societies||Additional Registrar of Cooperative Societies  Chennai||TNSC BANK - CHENNAI,15-Oct-2025 03:00 PM,https://tntenders.gov.in/nicgep/app?component=%24DirectLink&page=FrontEndLatestActiveCorrigendums&service=direct&session=T&sp=SYXbrN1B40EmJIBnG4AwJ9A%3D%3D
467,2025_HWAY_599662_1,[TN 26 25 26 Tirupur Division TPR 058],03-Sep-2025 05:30 PM,Highways||Construction and Maintenance Wing||Tiruppur Circle,09-Oct-2025 10:45 AM,https://etender.up.nic.in/nicgep/app?component=%24DirectLink_0&page=FrontEndAdvancedSearchResult&service=direct&session=T&sp=SOydqd0CyKLJAyuTxbQNx%2BQ%3D%3D
468,2025_RDTN_608358_1,[Thanjavur District-Thiruvonam Block- Construction of Drama Stage at Thaligaividuthi  Panchayat under MLACDS Peravurani - 2025-2026 - Tranche],24-Sep-2025 04:00 PM,"Rural Development and Panchayat Raj Department||Thanjavur,RD,TN||THIRUVONAM, THANJAVUR,RD,TN",30-Sep-2025 03:00 PM,https://etender.up.nic.in/nicgep/app?component=%24DirectLink_0&page=FrontEndAdvancedSearchResult&service=direct&session=T&sp=S2irMYMfUF5LRlaHGw6bEtQ%3D%3D
469,2025_CoC_609622_1,"[Laying of road with DBM and BC along with traffic improvement in GanesapuramBridge Approach road to subway, Southern Side, Length-150m, in Div-71,zone-06.]",27-Sep-2025 06:00 PM,"Corporation of Chennai||Head Quarters,CoC",03-Oct-2025 03:00 PM,https://etender.up.nic.in/nicgep/app?component=%24DirectLink_0&page=FrontEndAdvancedSearchResult&service=direct&session=T&sp=SQ3cjTtESJ0xv58zkhG9lBQ%3D%3D
470,2025_MAWS_609425_1,[EAUCTION FOR WEEKLY MARKET SHOP NO 22],27-Sep-2025 09:00 AM,MAWS||Vellakoil Municipality,10-Oct-2025 11:00 AM,https://etender.up.nic.in/nicgep/app?component=%24DirectLink_0&page=FrontEndAdvancedSearchResult&service=direct&session=T&sp=SugOXI3OTpCxDBta8%2FdBFqw%3D%3D
471,2025_DTP_609735_1,[15TH FINANCE  TIED GRANT 2025 26 IInd  INSTALLMENT Thevaram Town Panchayat  Construction of GLR at Ward No 2 and Providing Pipeline in Ward No 15  16 in Thevaram Town Panchayat],27-Sep-2025 05:00 PM,Directorate of Town Panchayats||Theni Zone||Melachokkanathapuram Town Panchayat - Theni,30-Sep-2025 03:00 PM,https://etender.up.nic.in/nicgep/app?component=%24DirectLink_0&page=FrontEndAdvancedSearchResult&service=direct&session=T&sp=SFwehNOsI26loXGsQOS1x8Q%3D%3D
472,2025_MAWS_609370_1,[WATER SUPPLY FUND-2025-2026-Repair and Fixing of Motor and Extension of Water Supply Distribution Pipe Line at Ward No.7 J.P.R Avenue Area in Karamadai Muncipality.],27-Sep-2025 09:00 AM,MAWS||Karamadai Municipality,30-Sep-2025 03:00 PM,https://etender.up.nic.in/nicgep/app?component=%24DirectLink_0&page=FrontEndAdvancedSearchResult&service=direct&session=T&sp=SOJXMZoRDQzQzZdC17aFW%2BA%3D%3D
473,2025_EB_607452_1,[SUPPLY OF TRAVELLING WATER SCREEN GEAR BOX ASSEMBLY FOR UNIT IV and V  ],22-Sep-2025 04:00 PM,TNEB Limited||TANGEDCO||CE-TTPS - TANGEDCO||SE-Purchase and Administration-TTPS - TANGEDCO,09-Oct-2025 02:00 PM,https://etender.up.nic.in/nicgep/app?component=%24DirectLink_0&page=FrontEndAdvancedSearchResult&service=direct&session=T&sp=SZH4f5HdFMM9xJC0vSHfPkg%3D%3D
474,2025_EB_599814_1,[Hiring Vehicle for the Official use of EE O and M Uthukuli],02-Sep-2025 06:00 PM,TNEB Limited||TANGEDCO||CE-Distribution-Coimbatore - TANGEDCO||SE-Tiruppur - TANGEDCO,03-Oct-2025 03:00 PM,https://tntenders.gov.in/nicgep/app?component=%24DirectLink&page=FrontEndLatestActiveCorrigendums&service=direct&session=T&sp=SmTUCRI4fN5HLSUaUQlagxA%3D%3D
475,2025_MAWS_592650_1,"[CONSTRUCTION OF NEW BUS TERMINAL PROJECT AT T.S.NO.8,WARD.C,BLOCK.38,AT ARANTHANGI TOWN, PUTHUKKOTTAI DISTRICT, THANJAVUR REGION ]",13-Aug-2025 06:30 PM,MAWS||Aranthangi Municipality,30-Sep-2025 03:00 PM,https://tntenders.gov.in/nicgep/app?component=%24DirectLink&page=FrontEndLatestActiveCorrigendums&service=direct&session=T&sp=SCXiqWpYLkvY%2F60V695AyYA%3D%3D
476,2025_HRCE_606567_1,[Renovation of Arulmigu Vaigundaperumal and Dharmaraja Temple],19-Sep-2025 05:20 PM,Hindu Religious and Charitable Endowments||Joint Commissioner office - Chennai - 1||Arulmigu Vaigundaperumal and Dharmaraja -Sowcarpet,07-Oct-2025 03:00 PM,https://etender.up.nic.in/nicgep/app?component=%24DirectLink_0&page=FrontEndAdvancedSearchResult&service=direct&session=T&sp=SOyuk6qC8PoFVV5CPmknSsg%3D%3D
477,2025_CoC_607325_1,"[Demolition and Reconstruction of Storm Water drain of Size 900x900 mm at Church Street and River View Colony Link Road in Dn 157, Zn-12.]",25-Sep-2025 06:00 PM,"Corporation of Chennai||Regional office South,CoC",03-Oct-2025 03:00 PM,https://etender.up.nic.in/nicgep/app?component=%24DirectLink_0&page=FrontEndAdvancedSearchResult&service=direct&session=T&sp=SeFcaRrI%2BM8mC4Eu4%2BVjSSQ%3D%3D
478,2025_EB_605294_1,"[Construction of control room building wih Electrification works,Bore well, Providing Transformer Plinth and various SS structures Plinth foundation, Cable duct,   and allied civil works for 33KVSS at Kunnathur in Vellore EDC]",23-Sep-2025 02:00 PM,TNEB Limited||TANGEDCO||CE-Distribution-Vellore - TANGEDCO,23-Oct-2025 05:00 PM,https://etender.up.nic.in/nicgep/app?component=%24DirectLink_0&page=FrontEndAdvancedSearchResult&service=direct&session=T&sp=SVMRcg3SdL1FfqtOGFSy%2F4Q%3D%3D
479,2025_HWAY_601687_1,[TNV 73 Radhapuram  H C and M Sub Division],10-Sep-2025 09:00 AM,Highways||Construction and Maintenance Wing||Tirunelveli Circle,03-Oct-2025 02:00 PM,https://etender.up.nic.in/nicgep/app?component=%24DirectLink_0&page=FrontEndAdvancedSearchResult&service=direct&session=T&sp=SlBa2pD3zKmxc9yvxz7Sqkw%3D%3D
480,2025_EB_607434_1,[Supply of 33 KV 800A DB CR AB Switch with PT insulator],22-Sep-2025 03:30 PM,TNEB Limited||TANGEDCO||CE-Distribution-Chennai-South - TANGEDCO||SE-Kanchipuram - TANGEDCO,07-Oct-2025 02:00 PM,https://etender.up.nic.in/nicgep/app?component=%24DirectLink_0&page=FrontEndAdvancedSearchResult&service=direct&session=T&sp=SI9ScSZPNv2Pvej%2FiwqEJvg%3D%3D
481,2025_TTDCL_565514_3,"[Design, Supply, Install, Test and Commission Innovative and Immersive 3D Projection Mapping shows at Ooty Lake and Yercaud Lake (Package-1) with Operations and Maintenance for a period of 10 years on PPP basis]",11-Sep-2025 09:00 AM,Tamil Nadu Tourism Development Corporation Limited||Engineering Wing,07-Oct-2025 03:00 PM,https://tntenders.gov.in/nicgep/app?component=%24DirectLink&page=FrontEndLatestActiveCorrigendums&service=direct&session=T&sp=SbNZ%2BbDJ9ZOD6DMhlNw0erA%3D%3D
482,2025_TNCSF_604271_1,[ROLLING SHATTER INSTALLATION],15-Sep-2025 05:10 PM,Department of Sugar||CHEYYAR COOPERATIVE  SUGAR MILLS LTD,09-Oct-2025 02:00 PM,https://tntenders.gov.in/nicgep/app?component=%24DirectLink&page=FrontEndLatestActiveCorrigendums&service=direct&session=T&sp=SPO0hZjNrXEzNyj857sHRfQ%3D%3D
483,2025_EB_608738_1,[Erection of 110 kV DC line on DC Towers by making LILO of the existing Pudukottai - EID feeder  at the proposed Vamban 110 kV SS with supply of all materials],25-Sep-2025 05:00 PM,TNEB Limited||TANTRANSCO||CE-Transmission Projects-II-Trichy - TANTRANSCO||SE-GCC-Trichy - TANTRANSCO,14-Oct-2025 02:00 PM,https://etender.up.nic.in/nicgep/app?component=%24DirectLink_0&page=FrontEndAdvancedSearchResult&service=direct&session=T&sp=SoupL5yKjDlMJHLuz%2BE037Q%3D%3D
484,2025_RDTN_604951_3,[Strengthening of Periyakuthuvakarai street road  in Gobalasamuthiram Panchayat in Kollidam  Block NNT 2025-26],17-Sep-2025 09:00 AM,Rural Development and Panchayat Raj Department||Mayiladuthurai RD TN||Kollidam Mayiladuthurai RD TN,30-Sep-2025 06:00 PM,https://tntenders.gov.in/nicgep/app?component=%24DirectLink&page=FrontEndLatestActiveCorrigendums&service=direct&session=T&sp=SKHFRT%2BtkAXcXhwUc3DwJFQ%3D%3D
485,2025_DoTE_607940_1,[ 	PURCHASE OF EQUIPMENTS FOR PLC AND AUTOMATION LAB],23-Sep-2025 05:15 PM,"Directorate of Technical Education||Govt. Polytechnic College - DOTE||Govt. Polytechnic College, Thuvakudi Malai, Trichy",03-Oct-2025 05:45 PM,https://etender.up.nic.in/nicgep/app?component=%24DirectLink_0&page=FrontEndAdvancedSearchResult&service=direct&session=T&sp=S4fMOphLawYw2%2BCzptP9u1Q%3D%3D
486,2025_MAWS_607979_1,[Mannargudi Municipality-15th CFC-Supply And Delivery of Battery Operated E- Push Cart],23-Sep-2025 05:30 PM,MAWS||Kumbakonam Municipality,03-Oct-2025 03:00 PM,https://etender.up.nic.in/nicgep/app?component=%24DirectLink_0&page=FrontEndAdvancedSearchResult&service=direct&session=T&sp=SZbkFL0b%2FYATFRshXknWJGg%3D%3D
487,2025_HWAY_603338_1,[CRIDP 2025 - 2026],15-Sep-2025 06:00 PM,Highways||Construction and Maintenance Wing||Coimbatore Circle,09-Oct-2025 10:30 AM,https://etender.up.nic.in/nicgep/app?component=%24DirectLink_0&page=FrontEndAdvancedSearchResult&service=direct&session=T&sp=StUubi07XiQYH59ATAO6sPw%3D%3D
488,2025_TNHB_605342_1,[Special Maintenance Repair Works],18-Sep-2025 10:00 AM,Tamil Nadu Housing Board||Project Circle (City)||SAF Games Village Division,06-Oct-2025 10:00 AM,https://etender.up.nic.in/nicgep/app?component=%24DirectLink_0&page=FrontEndAdvancedSearchResult&service=direct&session=T&sp=SG6bqF2ZCxiUW6veOtXQtXA%3D%3D
489,2025_RDTN_609484_1,[Vellore district Repair and Renovation of PUES Building at kil kothur Panchayat Anaicut Block 15th CFC-BP 2025-2026(TIED and UNTIED) Scheme Package no  35],27-Sep-2025 11:00 AM,"Rural Development and Panchayat Raj Department||Vellore,RD,TN||ANAICUT, VELLORE,RD,TN",06-Oct-2025 03:00 PM,https://etender.up.nic.in/nicgep/app?component=%24DirectLink_0&page=FrontEndAdvancedSearchResult&service=direct&session=T&sp=ShbPCJE96%2F2MASl2GbPwT6Q%3D%3D
490,2025_DTP_609809_1,[CONSTRUCTION OF TWO SHEET REST ROOM  AT      ATHANKARAI STREET  IN PARANGIPETTAI   TOWNPANCHAYAT    ],28-Sep-2025 09:00 AM,"Directorate of Town Panchayats||Cuddalore Zone||Parangipettai Town Panchayat, Cuddalore",30-Sep-2025 04:00 PM,https://etender.up.nic.in/nicgep/app?component=%24DirectLink_0&page=FrontEndAdvancedSearchResult&service=direct&session=T&sp=S27Ujv5e5FDu3XMFJaiILQA%3D%3D
491,2025_RDTN_605488_1,"[Construction of Submersible Bridge Near Adayar river at Jegadeesh Nagar at Annai Anjugam Nagar in Urapakkam Panchayat, Kattankulathur Block of Chengalpattu District under SCPAR Having Pkg No.01]",19-Sep-2025 02:00 PM,Rural Development and Panchayat Raj Department||Chengalpattu RD TN,03-Oct-2025 03:00 PM,https://etender.up.nic.in/nicgep/app?component=%24DirectLink_0&page=FrontEndAdvancedSearchResult&service=direct&session=T&sp=SPoUsChA2g6s330Wj2sLTqg%3D%3D
492,2025_CoC_607348_1,"[Demolition and Reconstruction of Storm Water Drain of Size 900x900mm at Sathiya Nagar Main Road and 1st Street and Indra Nagar 1st Main Road in Dn.157,Zone-12]",25-Sep-2025 06:00 PM,"Corporation of Chennai||Regional office South,CoC",03-Oct-2025 03:00 PM,https://etender.up.nic.in/nicgep/app?component=%24DirectLink_0&page=FrontEndAdvancedSearchResult&service=direct&session=T&sp=SsOow3sNTqctXvWZJCi6jzA%3D%3D
493,2025_HWAY_606433_1,[TN.No.27 / SI.No.12 / 2025-2026 / SDO / CPT - 45],20-Sep-2025 04:00 PM,Highways||NABARD and Rural Roads||Chengalpattu,07-Oct-2025 12:00 PM,https://etender.up.nic.in/nicgep/app?component=%24DirectLink_0&page=FrontEndAdvancedSearchResult&service=direct&session=T&sp=SIRkPwC63kjJ0jM0oOShniQ%3D%3D
494,2025_TNSTC_609307_1,[HIRING PRIVATE VEHICLES WITH DRIVERS],26-Sep-2025 05:45 PM,Tamilnadu State Transport Corporation||Coimbatore Corporation||Disposal,07-Oct-2025 11:00 AM,https://etender.up.nic.in/nicgep/app?component=%24DirectLink_0&page=FrontEndAdvancedSearchResult&service=direct&session=T&sp=SO0k9OPdH%2Fy9M%2BHqfSHRQzA%3D%3D
495,2025_TNPL_605885_1,[Manufacture and Supply of GI Gratings for Pipe rack platform walkways and Stair Case Steps for RSPS-2 Project at TNPL UNIT-I],22-Sep-2025 10:00 AM,Tamilnadu Newsprint and Papers Limited||TNPL Unit-1||TNPL Projects,04-Oct-2025 03:00 PM,https://etender.up.nic.in/nicgep/app?component=%24DirectLink_0&page=FrontEndAdvancedSearchResult&service=direct&session=T&sp=SrsPpJZU20ztzQOVOvdBDrg%3D%3D
496,2025_MAWS_605927_1,[Providing new CI 250mm dia pumping main arrangements at uzhavar santhai sub pumping station to munthrithoppu main pumping station in ward no 34],19-Sep-2025 06:55 PM,MAWS||Madurai Municipal Corporation,03-Oct-2025 03:00 PM,https://etender.up.nic.in/nicgep/app?component=%24DirectLink_0&page=FrontEndAdvancedSearchResult&service=direct&session=T&sp=S8oMidCbNgSCP%2FWKE3aXkbQ%3D%3D
497,2025_DoTE_603503_1,[PURCHASE OF CONSUMABLES],16-Sep-2025 06:00 PM,Directorate of Technical Education||Govt. Engineering College - DOTE||Government College of Engineering - Bargur,15-Oct-2025 06:00 PM,https://etender.up.nic.in/nicgep/app?component=%24DirectLink_0&page=FrontEndAdvancedSearchResult&service=direct&session=T&sp=S1l%2Fqv9T5coKpHFAbIbkOOA%3D%3D
498,2025_RDTN_608794_1,[Construction of Co Location of CSC with Panchayat Office Building at Nalli Village and Panchayat],25-Sep-2025 04:10 PM,"Rural Development and Panchayat Raj Department||Virudhunagar,RD,TN||SATHUR, VIRUDHUNAGAR,RD,TN",30-Sep-2025 03:00 PM,https://etender.up.nic.in/nicgep/app?component=%24DirectLink_0&page=FrontEndAdvancedSearchResult&service=direct&session=T&sp=SNnrUiApSVw8zzTPw4WNixw%3D%3D
499,2025_RDTN_604951_18,[Strengthening of Anthonydoss mela theru and construction of Culvert 1.50 M Span  in Oothavanthankudi  Panchayat in Kollidam  Block NNT 2025-26],18-Sep-2025 06:00 PM,Rural Development and Panchayat Raj Department||Mayiladuthurai RD TN||Kollidam Mayiladuthurai RD TN,03-Oct-2025 06:00 PM,https://tntenders.gov.in/nicgep/app?component=%24DirectLink&page=FrontEndLatestActiveCorrigendums&service=direct&session=T&sp=SB8CzSs5r3Nk8Y%2BXLLae9Nw%3D%3D
500,2025_HWAY_606149_1,[TN 42 25 26 Tirupur Division TPR 091],19-Sep-2025 05:30 PM,Highways||Construction and Maintenance Wing||Tiruppur Circle,09-Oct-2025 10:45 AM,https://etender.up.nic.in/nicgep/app?component=%24DirectLink_0&page=FrontEndAdvancedSearchResult&service=direct&session=T&sp=SCoQ3LSr8WWPCoRCrbb4d0g%3D%3D
501,2025_RDTN_609477_1,[Vellore district Repair and Renovation of Narayanapuram PUES Building in Unaivaniyambadi Panchayat Anaicut Block 15th CFC-BP 2025-2026(TIED and UNTIED) Scheme Package no  31],27-Sep-2025 10:30 AM,"Rural Development and Panchayat Raj Department||Vellore,RD,TN||ANAICUT, VELLORE,RD,TN",06-Oct-2025 03:00 PM,https://etender.up.nic.in/nicgep/app?component=%24DirectLink_0&page=FrontEndAdvancedSearchResult&service=direct&session=T&sp=SIZ2RafaGSezlNkNJVFYQRQ%3D%3D
502,2025_EB_598503_2,"[CONSTRUCTION OF CONTROL ROOM BUILDING AND ALL OTHER CIVIL WORKS AT NADUPATTY IN TRICHY EDC, TRICHY REGION]",05-Sep-2025 03:00 PM,TNEB Limited||TANGEDCO||CE-Trichy EDC - TANGEDCO,08-Oct-2025 02:30 PM,https://etender.up.nic.in/nicgep/app?component=%24DirectLink_0&page=FrontEndAdvancedSearchResult&service=direct&session=T&sp=SCbVEqpATi7ZzUeA8liDFeQ%3D%3D
503,2025_MAWS_607593_2,[CONSTRUCTION OF MOTOR ROOM AT WARD No.16 NEAR BELL NAGAR OHT  IN THUVAKUDI MUNICIPALITY.],22-Sep-2025 06:50 PM,MAWS||Thuvakudi Municipality,03-Oct-2025 03:00 PM,https://etender.up.nic.in/nicgep/app?component=%24DirectLink_0&page=FrontEndAdvancedSearchResult&service=direct&session=T&sp=Stw47Y3C4A6BsqhsRL0IZ2g%3D%3D
504,2025_CoC_609069_1,[Z.O.II.C.No.E1/607858/2025],26-Sep-2025 06:00 PM,"Corporation of Chennai||Regional Office North,CoC",02-Oct-2025 03:00 PM,https://etender.up.nic.in/nicgep/app?component=%24DirectLink_0&page=FrontEndAdvancedSearchResult&service=direct&session=T&sp=SmeGwnYr%2FFyX57ucWWBMX9Q%3D%3D
505,2025_CoC_609695_1,"[Z.O.XIV.C.NO.E2/1860-7/2025 Attending Road Cut Restoration Work (CMWSSB) at Sai Ganesh Nagar 25th Street Part in Dn. 191, Unit-43, Zone-14.]",27-Sep-2025 04:30 PM,"Corporation of Chennai||Regional office South,CoC",29-Sep-2025 06:00 PM,https://etender.up.nic.in/nicgep/app?component=%24DirectLink_0&page=FrontEndAdvancedSearchResult&service=direct&session=T&sp=Sbxx4safkEdU9NofLmy%2Bocw%3D%3D
506,2025_MAWS_609907_1,"[Supply of Turn Cock, Pump Operator, Jeep Driver, Technical Assistant ]",29-Sep-2025 09:00 AM,MAWS||Kangeyam Municipality,30-Sep-2025 03:00 PM,https://etender.up.nic.in/nicgep/app?component=%24DirectLink_0&page=FrontEndAdvancedSearchResult&service=direct&session=T&sp=Sxti0LiYpX6ewkkkwGf5FIw%3D%3D
507,2025_EB_606485_1,[Engagement of Consultancy service Contract for preparation of DPR for setting  up of One Model Solar Village in each District of Tamil Nadu except Chennai District  totally 37 Villages  under Pradhan Mantri -Surya Ghar- Muft  Bijli Yojana],19-Sep-2025 05:00 PM,TNEB Limited||TNGECL||CE/NCES,03-Oct-2025 02:00 PM,https://tntenders.gov.in/nicgep/app?component=%24DirectLink&page=FrontEndLatestActiveCorrigendums&service=direct&session=T&sp=SLK5DsEzFqQjbSfVzzVMfiA%3D%3D
508,2025_HWAY_583064_1,[TN.24/Sl.No.02/CCR II/CRIDP Work 2025-26],30-Aug-2025 06:55 PM,Highways||Construction and Maintenance Wing||Chennai Circle,30-Sep-2025 11:00 AM,https://etender.up.nic.in/nicgep/app?component=%24DirectLink_0&page=FrontEndAdvancedSearchResult&service=direct&session=T&sp=SfUWpaOJ6aQvrlBm2UM9gaQ%3D%3D
509,2025_HWAY_583061_1,[TN.24/Sl.No.01/CCR I/CRIDP Work 2025-26],30-Aug-2025 06:55 PM,Highways||Construction and Maintenance Wing||Chennai Circle,30-Sep-2025 11:00 AM,https://etender.up.nic.in/nicgep/app?component=%24DirectLink_0&page=FrontEndAdvancedSearchResult&service=direct&session=T&sp=SnNeCxqON4%2BLgYYl0cQUEug%3D%3D
510,2025_MAWS_608949_1,"[Tiruvannamalai City Municipal Corporation Providing Dozing arrangements,  Leveling and  Dewatering arrangements for  North East Monsoon  in Tiruvannamalai City Municipal Corporation.]",26-Sep-2025 09:00 AM,MAWS||Tiruvannamalai Municipality,30-Sep-2025 03:00 PM,https://etender.up.nic.in/nicgep/app?component=%24DirectLink_0&page=FrontEndAdvancedSearchResult&service=direct&session=T&sp=SYgMlzyxiIkPdjdSa1YNR5g%3D%3D
511,2025_EB_605278_1,[Supply of MS Back Clamp for 8m psc pole 5000 Nos],17-Sep-2025 05:00 PM,TNEB Limited||TANGEDCO||CE-Distribution-Coimbatore - TANGEDCO||SE-Palladam - TANGEDCO,03-Oct-2025 03:00 PM,https://etender.up.nic.in/nicgep/app?component=%24DirectLink_0&page=FrontEndAdvancedSearchResult&service=direct&session=T&sp=SB0ZAhFZS3Bp9lOXv3fVW3w%3D%3D
512,2025_HWAY_598658_1,[VPM-061-Non Plan-2025-26],04-Sep-2025 10:00 AM,Highways||Construction and Maintenance Wing||Villupuram Circle,15-Oct-2025 12:00 PM,https://etender.up.nic.in/nicgep/app?component=%24DirectLink_0&page=FrontEndAdvancedSearchResult&service=direct&session=T&sp=SYrHH14KPeNYV7%2FND48Tsxw%3D%3D
513,2025_EB_600652_1,[Supply erection testing and commissioning of Lead Acid Tubular battery set 400AH 360 Volts 180 cells with accessories by replacing the existing LATB set 180 cells 360 volts 400 AH],04-Sep-2025 05:40 PM,TNEB Limited||TANGEDCO||CE-MTPS-I - TANGEDCO||SE-Purchase and Administration-MTPS-I - TANGEDCO,06-Oct-2025 02:00 PM,https://tntenders.gov.in/nicgep/app?component=%24DirectLink&page=FrontEndLatestActiveCorrigendums&service=direct&session=T&sp=S%2FGuvkCCx9li5LgJV6YGY2Q%3D%3D
514,2025_MAWS_607533_13,"[15th CFC 2025-26 Tied SWM Construction of Strom water Drain at Mathinanagar West (14th) Street in ward no.20, Vadakkuvilai Colony East 2nd Street in ward no.01,Attakulam Street in ward no.25]",23-Sep-2025 11:00 AM,MAWS||Kadayanallur Municipality,06-Oct-2025 03:00 PM,https://etender.up.nic.in/nicgep/app?component=%24DirectLink_0&page=FrontEndAdvancedSearchResult&service=direct&session=T&sp=S%2FSRmzdZ6pwKwGgK%2BJjL4cA%3D%3D
515,2025_HWAY_604509_1,[Improvements to Riding Quality and Junction Improvements Works to the Government Roads in Nagapattinam H  CandM Sub Division Jurisdiction TNJ-84],16-Sep-2025 06:45 PM,Highways||Construction and Maintenance Wing||Thanjavur Circle,07-Oct-2025 11:30 AM,https://etender.up.nic.in/nicgep/app?component=%24DirectLink_0&page=FrontEndAdvancedSearchResult&service=direct&session=T&sp=StCPvVmoej9z273lcqb0BYQ%3D%3D
516,2025_HWAY_604259_1,[TNV 103 Nanguneri H C M  Sub Division],15-Sep-2025 06:15 PM,Highways||Construction and Maintenance Wing||Tirunelveli Circle,03-Oct-2025 02:00 PM,https://etender.up.nic.in/nicgep/app?component=%24DirectLink_0&page=FrontEndAdvancedSearchResult&service=direct&session=T&sp=S44ysvzmaP26u1dpAB0xZGA%3D%3D
517,2025_RDTN_608094_1,[Erode District - Construction of CC Drainage with Horizontal Planted Filter to Internal Street of Srilankan Refugees Camp Phase II in Bhavanisagar Town Panchayat under Srilankan Tamil Refugees Welfare Scheme 2025-26],24-Sep-2025 11:00 AM,"Rural Development and Panchayat Raj Department||Erode,RD,TN",03-Oct-2025 03:00 PM,https://etender.up.nic.in/nicgep/app?component=%24DirectLink_0&page=FrontEndAdvancedSearchResult&service=direct&session=T&sp=S6EHK5y7PpJvFXTn23alXOw%3D%3D
518,2025_TNCSF_609251_1,[Chemical Lifting and Milk of Lime Preparation Work ],26-Sep-2025 04:30 PM,Department of Sugar||PERAMBALUR SUGAR MILLS LTD,06-Oct-2025 01:00 PM,https://etender.up.nic.in/nicgep/app?component=%24DirectLink_0&page=FrontEndAdvancedSearchResult&service=direct&session=T&sp=StxWlfaZ8ij80%2BkyOfBQs1g%3D%3D
519,2025_TCMPF_609647_1,"[Sweeper Cleaning Works in Dairy,Admin,Roads  on Contract Basis at EDCMPU Ltd]",27-Sep-2025 04:00 PM,Tamilnadu Co-op Milk Producers Federation Ltd.||EDCMPU Ltd - Erode - TCMPF,15-Oct-2025 11:00 AM,https://etender.up.nic.in/nicgep/app?component=%24DirectLink_0&page=FrontEndAdvancedSearchResult&service=direct&session=T&sp=SBDR3phcY4pQJcMaavoPz%2FQ%3D%3D
520,2025_EB_523656_1,[work of collection of Tapals from all  offices of TNPDCL and TANTRANSCO in Vellore EDC including the offices of the Chief Engineer Distribution Vellore for delivery all over the State of Tamil Nadu and outside the State of Tamil Nadu],10-Feb-2025 02:00 PM,TNEB Limited||TANGEDCO||CE-Distribution-Vellore - TANGEDCO||SE-Vellore - TANGEDCO,03-Oct-2025 02:00 PM,https://tntenders.gov.in/nicgep/app?component=%24DirectLink&page=FrontEndLatestActiveCorrigendums&service=direct&session=T&sp=S9D0%2F3ZK2pOGBVBIQ%2BJV5tw%3D%3D
521,2025_CoC_604697_1,"[Construction of SWD along Kotturpuram 1st Main Road Rajiv Gandhi Avenue, Bharathi Avenue Laying of  HDPE Pipe 500mm dia along Sardar Patel Rd Supplying and fixing 52 HP diesel pumpset and Construction of motor room at Rajiv Gandhi Salai OMR at MS Swa]",18-Sep-2025 05:20 PM,"Corporation of Chennai||Regional office South,CoC",03-Oct-2025 03:00 PM,https://tntenders.gov.in/nicgep/app?component=%24DirectLink&page=FrontEndLatestActiveCorrigendums&service=direct&session=T&sp=SedDpTDSS7L1R3%2FAw2Hu2GQ%3D%3D
522,2025_HWAY_599078_1,[TN No 31 2025 26 HDO Dt 19 08 2025 TVM 92],30-Aug-2025 06:00 PM,Highways||Construction and Maintenance Wing||Tiruvannamalai Circle,30-Sep-2025 11:00 AM,https://etender.up.nic.in/nicgep/app?component=%24DirectLink_0&page=FrontEndAdvancedSearchResult&service=direct&session=T&sp=Sb2%2Fc%2B7Pol5pS2x6lmGPEbA%3D%3D
523,2025_EB_608350_1,[Dindigul EDC - Supply of Guarding Cross Arm for all PSC  pole],24-Sep-2025 04:00 PM,TNEB Limited||TANGEDCO||CE-Distribution-Madurai - TANGEDCO||SE-Dindugal - TANGEDCO,09-Oct-2025 03:00 PM,https://etender.up.nic.in/nicgep/app?component=%24DirectLink_0&page=FrontEndAdvancedSearchResult&service=direct&session=T&sp=SfEjWYDRSwiwfsg7V4GT8KQ%3D%3D
524,2025_EB_605138_1,"[Construction of Control room building with Electrification works and Providing various SS structure Plinth foundation, Cable duct, Yard retaining wall, Road,  and allied civil works for 33/11 KV SS at Virupatchipuram in Vellore EDC]",23-Sep-2025 02:00 PM,TNEB Limited||TANGEDCO||CE-Distribution-Vellore - TANGEDCO,23-Oct-2025 05:00 PM,https://etender.up.nic.in/nicgep/app?component=%24DirectLink_0&page=FrontEndAdvancedSearchResult&service=direct&session=T&sp=SBEQakavcWCqslbDyxp2Qqg%3D%3D
525,2025_HWAY_598331_1,[2_Thiruvannamalai - Arur (Via) Thanipadi Road],29-Aug-2025 12:00 PM,Highways||Construction and Maintenance Wing||Salem Circle,30-Sep-2025 10:30 AM,https://tntenders.gov.in/nicgep/app?component=%24DirectLink&page=FrontEndLatestActiveCorrigendums&service=direct&session=T&sp=ScqZSCl4%2BzAdkymTr3cr7og%3D%3D
526,2025_TNSTC_607617_1,[Face Lifting Work for Trichy Region],23-Sep-2025 10:00 AM,Tamilnadu State Transport Corporation||Kumbakonam Corporation,03-Oct-2025 11:00 AM,https://etender.up.nic.in/nicgep/app?component=%24DirectLink_0&page=FrontEndAdvancedSearchResult&service=direct&session=T&sp=SQ%2BIMbtchsMltbhr0lZUs7g%3D%3D
527,2025_RDTN_608554_2,[Providing Pumping Main Line (2810M)at Munnur Panchayat Under 15th CFC D.P 25-26],25-Sep-2025 09:00 AM,"Rural Development and Panchayat Raj Department||Villupuram,RD,TN||MARAKKANAM, VILLUPURAM,RD,TN",30-Sep-2025 03:00 PM,https://etender.up.nic.in/nicgep/app?component=%24DirectLink_0&page=FrontEndAdvancedSearchResult&service=direct&session=T&sp=SRsfhGI5mS1WeykOSFyeYtg%3D%3D
528,2025_CoC_608252_1,"[PROVIDING CONSULTANCY CHARGES FOR PROPOSED CONSTRUCTION OF NEW ACADEMIC BLOCK AT CHENNAI MIDDLE SCHOOL AT SCHOOL ROAD  C BLOCK MMDA COLONY  IN DIV -105, UNIT - 22, ZONE - 8.]",24-Sep-2025 11:45 AM,"Corporation of Chennai||Regional office Central ,CoC",07-Oct-2025 03:00 PM,https://etender.up.nic.in/nicgep/app?component=%24DirectLink_0&page=FrontEndAdvancedSearchResult&service=direct&session=T&sp=S11BHd3ezjUJj4iO6PKN84g%3D%3D
529,2025_HWAY_603201_1,[TN.44/Sl.No.01/CPT/CRIDP Work 2025-26],24-Sep-2025 06:30 PM,Highways||Construction and Maintenance Wing||Chennai Circle,16-Oct-2025 10:15 AM,https://etender.up.nic.in/nicgep/app?component=%24DirectLink_0&page=FrontEndAdvancedSearchResult&service=direct&session=T&sp=Sd0lfu6SHaA3DQsC3XJUZpw%3D%3D
530,2025_CMWSS_577025_1,[Request for Proposal (RfP) for Selection of Consultant for conducting Conditional Assessment and Preparation of Detailed Project Report for the Rehabilitation of 100 MLD Sea Water Reverse Osmosis SWRO Desalination Plant At Minjur],03-Jul-2025 02:00 PM,CMWSS Board||Contracts and Monitoring||SE C and M,08-Oct-2025 03:00 PM,https://tntenders.gov.in/nicgep/app?component=%24DirectLink&page=FrontEndLatestActiveCorrigendums&service=direct&session=T&sp=S3Y2g4MN6pgN1NEDKnBxHZw%3D%3D
531,2025_EB_599823_1,[Hiring Vehicle for the Official use of Exservicemen Squad Tirupur],02-Sep-2025 06:05 PM,TNEB Limited||TANGEDCO||CE-Distribution-Coimbatore - TANGEDCO||SE-Tiruppur - TANGEDCO,03-Oct-2025 03:00 PM,https://tntenders.gov.in/nicgep/app?component=%24DirectLink&page=FrontEndLatestActiveCorrigendums&service=direct&session=T&sp=Sp4ZPoQa1BTauCw82qixBCA%3D%3D
532,2025_HWAY_605860_1,[Improvements to Riding Quality works to the Government roads in Thiruthuraipoondi H CandM Sub division Jurisdiction TNJ91],18-Sep-2025 06:45 PM,Highways||Construction and Maintenance Wing||Thanjavur Circle,07-Oct-2025 11:30 AM,https://etender.up.nic.in/nicgep/app?component=%24DirectLink_0&page=FrontEndAdvancedSearchResult&service=direct&session=T&sp=SCrBsGNrxI9YUUxvQEenQIQ%3D%3D
533,2025_MAWS_604987_3,[Tiruppur City Municipal Corporation_Maintenance and Special Repair works to MCC Centre at Kuppandampalayam MCC Centre I in ward No57],17-Sep-2025 01:00 PM,MAWS||Trippur City Municipal Corporation,30-Sep-2025 03:00 PM,https://tntenders.gov.in/nicgep/app?component=%24DirectLink&page=FrontEndLatestActiveCorrigendums&service=direct&session=T&sp=Sv5D%2FUNUiY7a2n2N6vfsNyQ%3D%3D
534,2025_HWAY_609382_1,[Upgradation of Panchayat Union / Panchayat Roads to Other District Roads (SLM-18)],27-Sep-2025 11:00 AM,Highways||NABARD and Rural Roads||Salem,14-Oct-2025 11:00 AM,https://etender.up.nic.in/nicgep/app?component=%24DirectLink_0&page=FrontEndAdvancedSearchResult&service=direct&session=T&sp=SM7mGNW0tBshGBgMAxDG57g%3D%3D
535,2025_DTP_573014_4,"[NNT 2024-25 Construction of Gym at Thottakurichi in Punjai Thottakurichi Town Panchayat, Karur  District.]",22-Sep-2025 10:45 AM,"Directorate of Town Panchayats||Dindigul Zone||Punjai Thottakurichi Town Panchayat, Karur",30-Sep-2025 03:00 PM,https://etender.up.nic.in/nicgep/app?component=%24DirectLink_0&page=FrontEndAdvancedSearchResult&service=direct&session=T&sp=SDm1eO3bwQCWCnQ3oJZUn8g%3D%3D
536,2025_DTP_609631_1,[2025-26 -15th Finance Commission - 2nd  Installment Untied Grant -  Road works],27-Sep-2025 02:25 PM,"Directorate of Town Panchayats||Cuddalore Zone||Bhuvanagiri Town Panchayat, Cuddalore",03-Oct-2025 03:00 PM,https://tntenders.gov.in/nicgep/app?component=%24DirectLink&page=FrontEndLatestActiveCorrigendums&service=direct&session=T&sp=SFBXzquQaV2xTOY%2B%2BGHKxEw%3D%3D
537,2025_HWAY_598769_1,[TNV 70 Aruppukottai H C M  Sub Division],30-Aug-2025 09:00 AM,Highways||Construction and Maintenance Wing||Tirunelveli Circle,30-Sep-2025 02:00 PM,https://etender.up.nic.in/nicgep/app?component=%24DirectLink_0&page=FrontEndAdvancedSearchResult&service=direct&session=T&sp=SpR48LW%2BxtSn28wwpr8MnyQ%3D%3D
538,2025_HWAY_606636_1,[Construction of High Level Bridge at Km 1/4 of Singarampalayam - Kondampatti road in lieu of existing causeway],20-Sep-2025 11:00 AM,Highways||NABARD and Rural Roads||Salem,07-Oct-2025 11:00 AM,https://etender.up.nic.in/nicgep/app?component=%24DirectLink_0&page=FrontEndAdvancedSearchResult&service=direct&session=T&sp=S0Iw9Kod9RiSE%2B0gy%2BJf3dQ%3D%3D
539,2025_EB_604695_1,[enq42-supplyofaluminiumflat],16-Sep-2025 06:00 PM,TNEB Limited||TANGEDCO||CE-Distribution-Chennai-South - TANGEDCO||SE-South I-Chennai - TANGEDCO,03-Oct-2025 03:00 PM,https://etender.up.nic.in/nicgep/app?component=%24DirectLink_0&page=FrontEndAdvancedSearchResult&service=direct&session=T&sp=Sqom9elgG2pF%2FOZTbpifnoA%3D%3D
540,2025_CoC_609793_1,"[Construction of storm water drain of Size 600x750mm along 61st street Ashok Nagar (From jn of 57th street towards WestEast side of 100m) in Div-131, Unit-31, Zone-10 (Under T.Nagar MLA Fund)]",27-Sep-2025 06:55 PM,"Corporation of Chennai||Regional office Central ,CoC",03-Oct-2025 03:00 PM,https://etender.up.nic.in/nicgep/app?component=%24DirectLink_0&page=FrontEndAdvancedSearchResult&service=direct&session=T&sp=SaDA9RGt%2B8F7EgUdRuwgKdQ%3D%3D
541,2025_TWAD_587963_1,[Implementation of Energy Saving Measures 10 Water supply Schemes in Madurai and Thanjavur Regions],01-Aug-2025 06:00 PM,TWAD||CE-SR/Madurai,10-Oct-2025 03:00 PM,https://tntenders.gov.in/nicgep/app?component=%24DirectLink&page=FrontEndLatestActiveCorrigendums&service=direct&session=T&sp=Scshj%2BH8wI%2FKb6uB504fS7w%3D%3D
542,2025_RDTN_604951_24,[Strengthening of Kadavadal   in Kadavadal Panchayat in Kollidam  Block NNT 2025-26],23-Sep-2025 06:00 PM,Rural Development and Panchayat Raj Department||Mayiladuthurai RD TN||Kollidam Mayiladuthurai RD TN,03-Oct-2025 06:00 PM,https://tntenders.gov.in/nicgep/app?component=%24DirectLink&page=FrontEndLatestActiveCorrigendums&service=direct&session=T&sp=SGqByHErtGE1%2FdXChrRxxRg%3D%3D
543,2025_MAWS_605451_10,[CUDDALORE CORPORATION- ReConstruction of Storm Water Drain and Culvert at Karumarapet ward 10 in cuddalore corporation	],19-Sep-2025 02:00 PM,MAWS||Cuddalore Municipality,30-Sep-2025 03:00 PM,https://etender.up.nic.in/nicgep/app?component=%24DirectLink_0&page=FrontEndAdvancedSearchResult&service=direct&session=T&sp=Sn4r0bTU97PTIHwrZMY%2Bc9Q%3D%3D
544,2025_EB_609968_1,[Supply of Hot end sacrificing Heating elements  DH3 for both APH A and B- 96 Nos],29-Sep-2025 01:00 PM,TNEB Limited||TANGEDCO||CE-MTPS-II - TANGEDCO||SE-Purchase and Administration-MTPS-II - TANGEDCO,13-Oct-2025 02:00 PM,https://etender.up.nic.in/nicgep/app?component=%24DirectLink_0&page=FrontEndAdvancedSearchResult&service=direct&session=T&sp=SE0WiQQgcZFT%2FlBLygm4k6A%3D%3D
545,2025_CoC_607357_1,"[Demolition and Recons of SWD of Size 900x900mm st Sathya Ngr 2nd, 3rd, 4th, 5th street and 1st, 2nd and 3rd Cross st, Dr.Ambedkar salai and indra nagar 2nd Main Road in Dn-157, Zn-12]",25-Sep-2025 06:00 PM,"Corporation of Chennai||Regional office South,CoC",03-Oct-2025 03:00 PM,https://etender.up.nic.in/nicgep/app?component=%24DirectLink_0&page=FrontEndAdvancedSearchResult&service=direct&session=T&sp=S9IvH0ii4oIeI27nW4SKS6g%3D%3D
546,2025_RDTN_609130_1,[Providing Cement Concrete Road  to Kamarajar Street in Kolathur Panchayat at Kattankolathur Panchayat Union],26-Sep-2025 05:00 PM,Rural Development and Panchayat Raj Department||Chengalpattu RD TN||Kattankolattur Chengalpattu RD TN,07-Oct-2025 03:00 PM,https://etender.up.nic.in/nicgep/app?component=%24DirectLink_0&page=FrontEndAdvancedSearchResult&service=direct&session=T&sp=SLPTYFr%2F%2FYsxUw7gVPuiTbw%3D%3D
547,2025_EB_604694_1,[Establishment of new 33/11 KV Outdoor Substation at  Vallam in Kongarapattu village with 2x8 MVA Power Transformer  (Electrical works only) in Villupuram EDC in Villupuram Region of TNPDCL under total Turnkey Basis],17-Sep-2025 06:00 PM,TNEB Limited||TANGEDCO||CE-Distribution-Villupuram - TANGEDCO,06-Oct-2025 02:00 PM,https://etender.up.nic.in/nicgep/app?component=%24DirectLink_0&page=FrontEndAdvancedSearchResult&service=direct&session=T&sp=SvmvkH6z97tYZGrehEclifw%3D%3D
548,2025_EB_608391_1,[Housekeeping of plant areas and buildings of Phase -I at   Valuthur Gas Turbine Power Station in Ramanathapuram District for a period of two years from the date of commencement],25-Sep-2025 03:20 PM,TNEB Limited||TANGEDCO||CE-GTS - TANGEDCO||SE-Valuthur Gas Turbine Power Stations,13-Oct-2025 02:00 PM,https://etender.up.nic.in/nicgep/app?component=%24DirectLink_0&page=FrontEndAdvancedSearchResult&service=direct&session=T&sp=SWmhwM0Txe%2FAhDT51FyQrYw%3D%3D
549,2025_MAWS_609897_1,[Providing Patch work at Existing Damaged Roads at W.No.1 to 18 in Kangeyam Municipality],29-Sep-2025 09:00 AM,MAWS||Kangeyam Municipality,30-Sep-2025 03:00 PM,https://etender.up.nic.in/nicgep/app?component=%24DirectLink_0&page=FrontEndAdvancedSearchResult&service=direct&session=T&sp=SBqQKgAEb0l9K85eEn7E%2Bmg%3D%3D
550,2025_HWAY_589236_1,[MDU 001 / Theni Division /CRIDP Works 2025 26],08-Aug-2025 06:00 PM,Highways||Construction and Maintenance Wing||Madurai Circle,07-Oct-2025 11:00 AM,https://tntenders.gov.in/nicgep/app?component=%24DirectLink&page=FrontEndLatestActiveCorrigendums&service=direct&session=T&sp=S%2FRb6SCJiEEcqtkEVaBd%2B3g%3D%3D
551,2025_AHDF_606657_1,[Construction of River Training wall and Stability of Barmouth in Vellaiyar River at Seruthur in Nagapattinam District],20-Sep-2025 05:00 PM,Fisheries and Fishermen Welfare Department||Fishing Harbour Project Circle,08-Oct-2025 03:00 PM,https://tntenders.gov.in/nicgep/app?component=%24DirectLink&page=FrontEndLatestActiveCorrigendums&service=direct&session=T&sp=Szxv34tGjprU9mIbCJH6WFQ%3D%3D
552,2025_MAWS_608966_1,[ Repair and Maintanance of Sintex Tank at Ward No 12 Kadharjanda Street in Vandavasi Municipality],26-Sep-2025 09:00 AM,MAWS||Vandavasi Municipality,07-Oct-2025 03:00 PM,https://etender.up.nic.in/nicgep/app?component=%24DirectLink_0&page=FrontEndAdvancedSearchResult&service=direct&session=T&sp=SLVfDtNY3Kim58v1o9V%2BIAw%3D%3D
553,2025_MAWS_607533_14,[15th CFC 2025-26 Tied SWM Construction of Strom water Drain at Krishnankovil North street (Unicode-141032S232) in ward no.32 and Mathankovil street (Unicode-141028R313) in ward no.28],23-Sep-2025 11:00 AM,MAWS||Kadayanallur Municipality,06-Oct-2025 03:00 PM,https://etender.up.nic.in/nicgep/app?component=%24DirectLink_0&page=FrontEndAdvancedSearchResult&service=direct&session=T&sp=S7mCB7Invn%2FGeiIr1lxZPKQ%3D%3D
554,2025_MAWS_609491_1,[EAUCTION FOR WEEKLY MARKET SHOP NO 27],27-Sep-2025 01:00 PM,MAWS||Vellakoil Municipality,10-Oct-2025 11:00 AM,https://etender.up.nic.in/nicgep/app?component=%24DirectLink_0&page=FrontEndAdvancedSearchResult&service=direct&session=T&sp=SntFHyIZuTqrt71G8ugMglg%3D%3D
555,2025_MAWS_605451_28,[CUDDALORE CORPORATION -   PROVIDING  CULVERT FOR  RAJAM NAGAR SURESH NAGAR AND  KESAV NAGAR AT WARD  28  						],18-Sep-2025 06:00 PM,MAWS||Cuddalore Municipality,30-Sep-2025 03:00 PM,https://etender.up.nic.in/nicgep/app?component=%24DirectLink_0&page=FrontEndAdvancedSearchResult&service=direct&session=T&sp=SoD%2F3dJVlGWYP6S7uiWb4gQ%3D%3D
556,2025_HWAY_603337_1,[CRIDP 2025-26],15-Sep-2025 06:00 PM,Highways||Construction and Maintenance Wing||Coimbatore Circle,09-Oct-2025 10:30 AM,https://etender.up.nic.in/nicgep/app?component=%24DirectLink_0&page=FrontEndAdvancedSearchResult&service=direct&session=T&sp=SMvLFpONfbQLM2JS0zMoc9w%3D%3D
557,2025_RDTN_607687_1,"[Construction of New Two Class Room Building PUES at Palambakkam Village in Mukkurumbai Panchayat, Polur Block, Tiruvannamalai District]",23-Sep-2025 10:30 AM,"Rural Development and Panchayat Raj Department||Tiruvannamalai,RD,TN||POLUR, TIRUVANNAMALAI,RD,TN",30-Sep-2025 03:00 PM,https://tntenders.gov.in/nicgep/app?component=%24DirectLink&page=FrontEndLatestActiveCorrigendums&service=direct&session=T&sp=SYqEAPBUywdVopXumw8KUUQ%3D%3D
558,2025_HWAY_598770_1,[TNV 71  Aruppukottai H C and M Sub Division],30-Aug-2025 09:00 AM,Highways||Construction and Maintenance Wing||Tirunelveli Circle,30-Sep-2025 02:00 PM,https://etender.up.nic.in/nicgep/app?component=%24DirectLink_0&page=FrontEndAdvancedSearchResult&service=direct&session=T&sp=SG0knXaMB37X3EhjtGf4sig%3D%3D
559,2025_HWAY_599725_1,[TN 27 25 26 Tirupur Division TPR 060],03-Sep-2025 05:30 PM,Highways||Construction and Maintenance Wing||Tiruppur Circle,09-Oct-2025 10:45 AM,https://etender.up.nic.in/nicgep/app?component=%24DirectLink_0&page=FrontEndAdvancedSearchResult&service=direct&session=T&sp=S0dhYWXbmliludk8CQin1BQ%3D%3D
560,2025_EB_608175_1,[ECHP-I Cleaning of HT 6.6KV and LT 3 phase 415V Horizontal and vertical bus bars and tightness checking in Coal Handling Control room SS-III Switch Gear 3A  3B bus in ECHP-I Division],24-Sep-2025 09:00 AM,TNEB Limited||TANGEDCO||CE-TTPS - TANGEDCO||SE-Mechanical Maintenance I-TTPS - TANGEDCO,09-Oct-2025 02:00 PM,https://etender.up.nic.in/nicgep/app?component=%24DirectLink_0&page=FrontEndAdvancedSearchResult&service=direct&session=T&sp=SYNPkYwdZsIktypXm55Oo1g%3D%3D
561,2025_DTP_608524_1,[15th Finance Commission Tied IInd 2025 26 in Thirukkurungudi Town Panchayat],24-Sep-2025 06:45 PM,Directorate of Town Panchayats||Tirunelveli Zone||Thirukarungudi Town Panchayat,30-Sep-2025 03:00 PM,https://etender.up.nic.in/nicgep/app?component=%24DirectLink_0&page=FrontEndAdvancedSearchResult&service=direct&session=T&sp=SA4zOJmnMyUBPBx4xHsLgTQ%3D%3D
562,2025_MAWS_608122_1,[Attending drainage main burst rectification work at palanganatham RC street in ward 71],24-Sep-2025 06:55 PM,MAWS||Madurai Municipal Corporation,06-Oct-2025 03:00 PM,https://etender.up.nic.in/nicgep/app?component=%24DirectLink_0&page=FrontEndAdvancedSearchResult&service=direct&session=T&sp=SS%2FoHgYMDHNRLeT5h2ctlcw%3D%3D
563,2025_CoC_609709_1,"[Z.O.XIV.C.NO.E2/5964/2025 SUPPLYING AND FIXING OF MS FABRICATED OPEN CHANNEL GATE AT VEERANGAL ODAI  IN BALAJI NAGAR 24TH STREET, IN DIV 186, U 42, Z 14]",27-Sep-2025 05:00 PM,"Corporation of Chennai||Regional office South,CoC",29-Sep-2025 06:00 PM,https://etender.up.nic.in/nicgep/app?component=%24DirectLink_0&page=FrontEndAdvancedSearchResult&service=direct&session=T&sp=S%2F%2FqEGvhspz2EVKkKFAJ%2FkA%3D%3D
564,2025_MAWS_607663_1,[Repair and Maintance at Anganvadi Center Ward No 3 Kottai colony in Vandavasi Municipality],23-Sep-2025 10:00 AM,MAWS||Vandavasi Municipality,08-Oct-2025 03:00 PM,https://etender.up.nic.in/nicgep/app?component=%24DirectLink_0&page=FrontEndAdvancedSearchResult&service=direct&session=T&sp=Sw4L5N7ejutW6fZO6CaMYjg%3D%3D
565,2025_EB_607194_1,[Works Contract for rural panapakkam section.],22-Sep-2025 09:00 AM,TNEB Limited||TANGEDCO||CE-Distribution-Vellore - TANGEDCO||SE-Vellore - TANGEDCO,06-Oct-2025 02:00 PM,https://etender.up.nic.in/nicgep/app?component=%24DirectLink_0&page=FrontEndAdvancedSearchResult&service=direct&session=T&sp=SvB51JySGE%2FxKqTpAcHtDRA%3D%3D
566,2025_RDTN_609217_1,[Construction of Panchayat Union Middle School Building (Two Class Room) to  Athur Village in Athur Panchayat in Kattankolathur Panchayat Union],26-Sep-2025 05:00 PM,Rural Development and Panchayat Raj Department||Chengalpattu RD TN||Kattankolattur Chengalpattu RD TN,07-Oct-2025 03:00 PM,https://tntenders.gov.in/nicgep/app?component=%24DirectLink&page=FrontEndLatestActiveCorrigendums&service=direct&session=T&sp=SJV4cdNfBegYQPYGPKEFRnQ%3D%3D
567,2025_HWAY_603631_1,[TN No 43 2025 26 HDO Dt 04 09 2025 TVM 128],22-Sep-2025 11:00 AM,Highways||Construction and Maintenance Wing||Tiruvannamalai Circle,16-Oct-2025 11:00 AM,https://etender.up.nic.in/nicgep/app?component=%24DirectLink_0&page=FrontEndAdvancedSearchResult&service=direct&session=T&sp=Sa0DTjM9i5hrV2r%2Fgb1w8Tw%3D%3D
568,2025_MAWS_606847_1,[0905/2025/E1],20-Sep-2025 04:00 PM,MAWS||Devakottai Municipality,03-Oct-2025 03:00 PM,https://etender.up.nic.in/nicgep/app?component=%24DirectLink_0&page=FrontEndAdvancedSearchResult&service=direct&session=T&sp=Syg6k8lACQTviSjaZU%2BU4kg%3D%3D
569,2025_DoTE_610111_1,[SERVICE OF PNEUMATIC ITEMS],29-Sep-2025 04:30 PM,Directorate of Technical Education||Govt. Engineering College - DOTE||Government College of Engineering - Thanjavur,13-Oct-2025 10:00 AM,https://etender.up.nic.in/nicgep/app?component=%24DirectLink_0&page=FrontEndAdvancedSearchResult&service=direct&session=T&sp=STSNtTk6onxYNHyS%2BstuChQ%3D%3D
570,2025_MAWS_609997_9,[Providing Distribution Main at Melakkarai North 3rd and 4th Street in New Ward No. 13],29-Sep-2025 04:45 PM,MAWS||Tirunelveli City Municipal Corporation,07-Oct-2025 03:00 PM,https://etender.up.nic.in/nicgep/app?component=%24DirectLink_0&page=FrontEndAdvancedSearchResult&service=direct&session=T&sp=SwR5ju9MNbl6LNd19dJ087g%3D%3D
571,2025_MAWS_535523_4,"[Reconstruction of Anganwadi Building Centre Code 33626040312 at Kendamadana Parvatham, Ward No 03 in Rameswaram Municipality]",19-Sep-2025 04:00 PM,MAWS||Rameswaram Municipality,30-Sep-2025 03:00 PM,https://tntenders.gov.in/nicgep/app?component=%24DirectLink&page=FrontEndLatestActiveCorrigendums&service=direct&session=T&sp=S17eA8CS%2FCMcwtzh2wN09Ug%3D%3D
572,2025_RDTN_609561_2,[Sangolikuppam to Sedapalayam Road ],27-Sep-2025 01:00 PM,"Rural Development and Panchayat Raj Department||Cuddalore,RD,TN||CUDDALORE, CUDDALORE,RD,TN",30-Sep-2025 06:00 PM,https://etender.up.nic.in/nicgep/app?component=%24DirectLink_0&page=FrontEndAdvancedSearchResult&service=direct&session=T&sp=ShB705ws2E0zwYt%2F%2Bvh5o3A%3D%3D
573,2025_MTC_609832_1,[PROVISION OF SERVICES FOR FULL AND PARTIAL BUS BODY PAINTING WORK OF FC AND HFC BUSES UNDER LABOUR CONTRACT],29-Sep-2025 09:00 AM,Metropolitan Transport Corporation(Chennai) Ltd.||Purchase Section,27-Oct-2025 02:30 PM,https://etender.up.nic.in/nicgep/app?component=%24DirectLink_0&page=FrontEndAdvancedSearchResult&service=direct&session=T&sp=SxAoaDYEzDj05d6fIJ0sUfw%3D%3D
574,2025_HWAY_602798_1,"[TNV 92 Ambasamudam  H C M, Sub division]",11-Sep-2025 03:00 PM,Highways||Construction and Maintenance Wing||Tirunelveli Circle,03-Oct-2025 02:00 PM,https://etender.up.nic.in/nicgep/app?component=%24DirectLink_0&page=FrontEndAdvancedSearchResult&service=direct&session=T&sp=SH96vSE%2BF3pAUD1Kg%2FnYHrQ%3D%3D
575,2025_MAWS_609838_1,[Dharapuram Municipality Supply of 2 Nos Heavy Vehicle Drivers to operate Sullage Lorry and two Cleanliness Workers in Dharapuram Municipality.],29-Sep-2025 09:00 AM,MAWS||Dharapuram Municipality,14-Oct-2025 03:00 PM,https://etender.up.nic.in/nicgep/app?component=%24DirectLink_0&page=FrontEndAdvancedSearchResult&service=direct&session=T&sp=SgmYXER8akN%2B9aV%2BcwqOIDQ%3D%3D
576,2025_DoTE_606448_1,[purchase of npkins destroyer],19-Sep-2025 04:00 PM,Directorate of Technical Education||Govt. Polytechnic College - DOTE||GPT-Kelamangalam - Krishnagiri,06-Oct-2025 04:00 PM,https://etender.up.nic.in/nicgep/app?component=%24DirectLink_0&page=FrontEndAdvancedSearchResult&service=direct&session=T&sp=SuJ6f4gFd%2B9wXBmiGyBnQbA%3D%3D
577,2025_HWAY_609398_1,[Upgradation of Panchayat Union / Panchayat Roads to Other District Roads (SLM-10)],27-Sep-2025 11:00 AM,Highways||NABARD and Rural Roads||Salem,14-Oct-2025 11:00 AM,https://etender.up.nic.in/nicgep/app?component=%24DirectLink_0&page=FrontEndAdvancedSearchResult&service=direct&session=T&sp=SmDpABT1etwBoL15dI0PXpw%3D%3D
578,2025_EB_609092_1,[NCTPS I SE MI circle TurbineMaintenance Division Repair Maintenancework for the year 25 26 Specification No 199 25 26],26-Sep-2025 06:00 PM,TNEB Limited||TANGEDCO||CE-NCTPS-I - TANGEDCO||SE-Mechanical Maintenance I-NCTPS-I - TANGEDCO,09-Oct-2025 02:00 PM,https://etender.up.nic.in/nicgep/app?component=%24DirectLink_0&page=FrontEndAdvancedSearchResult&service=direct&session=T&sp=SS402QMgwUKVQinaUjuE43Q%3D%3D
579,2025_EB_605172_1,[NCTPS  I  ES Circle  EM I Dn  ESP  SDn   III  Charges for Healthiness checking and replacement of defective Hopper Heaters and replacement of the damaged Hopper Heater Cable trays in Unit II during AOH 2025 26],17-Sep-2025 06:45 PM,TNEB Limited||TANGEDCO||CE-NCTPS-I - TANGEDCO||SE-Electrical Systems-NCTPS-I - TANGEDCO,03-Oct-2025 02:00 PM,https://etender.up.nic.in/nicgep/app?component=%24DirectLink_0&page=FrontEndAdvancedSearchResult&service=direct&session=T&sp=Se6DniMiNLXRQE58tMnaHLg%3D%3D
580,2025_RDTN_608816_1,[Vellore District Construction of Kitchenshed (Type-II) at Thiruvalam Boys Govt Higher Secondary School at Katpadi Block PMGRST 2025-26 Package No 04],25-Sep-2025 05:00 PM,"Rural Development and Panchayat Raj Department||Vellore,RD,TN||KATPADI, VELLORE,RD,TN",07-Oct-2025 03:00 PM,https://etender.up.nic.in/nicgep/app?component=%24DirectLink_0&page=FrontEndAdvancedSearchResult&service=direct&session=T&sp=SARUd1BR1XXNChMiFsI%2F%2Fog%3D%3D
581,2025_TNMSC_598839_1,"[ONLINE TENDER FOR SUPPLY AND INSTALLTION OF ADVANCED SURGICAL ROBOTIC SYSTEM TO GOVT. ARIGNAR ANNA MEMORIAL CANCER HOSPITAL, KARAPETTAI, KANCHEEPURAM ]",30-Aug-2025 02:00 PM,Tamilnadu Medical Services Corporation||Equipment,14-Oct-2025 11:00 AM,https://tntenders.gov.in/nicgep/app?component=%24DirectLink&page=FrontEndLatestActiveCorrigendums&service=direct&session=T&sp=S1QCuqHUfR6GT7smlZ%2FgDPQ%3D%3D
582,2025_EB_608396_1,[Providing outer repair works and laying weather proof tiles to T_1 block at Vallur camp],24-Sep-2025 06:00 PM,TNEB Limited||TANGEDCO||CE-NCTPS-I - TANGEDCO||SE-Civil Maintenance-NCTPS-I - TANGEDCO,08-Oct-2025 02:00 PM,https://etender.up.nic.in/nicgep/app?component=%24DirectLink_0&page=FrontEndAdvancedSearchResult&service=direct&session=T&sp=SVCjqw%2BidaWAStNmmQJ9JzQ%3D%3D
583,2025_MAWS_607533_2,[15th CFC 2025-26 Tied WS Providing and laying of Pumping Main From Krishnapuram Park OHT to Muthukrishnapuram OHT],23-Sep-2025 11:00 AM,MAWS||Kadayanallur Municipality,06-Oct-2025 03:00 PM,https://etender.up.nic.in/nicgep/app?component=%24DirectLink_0&page=FrontEndAdvancedSearchResult&service=direct&session=T&sp=SyJNx5EfXE9dwBQsPXqFNyw%3D%3D
584,2025_HWAY_604623_1,[Restoration Works -2025-26],17-Sep-2025 06:30 PM,Highways||Construction and Maintenance Wing||Coimbatore Circle||Coimbatore,03-Oct-2025 03:00 PM,https://etender.up.nic.in/nicgep/app?component=%24DirectLink_0&page=FrontEndAdvancedSearchResult&service=direct&session=T&sp=S%2BxGf2fUrgqaeiWB02Rw27w%3D%3D
585,2025_HWAY_609698_1,[Harur (H) CandM Sub Division (SLM-106)],29-Sep-2025 10:00 AM,Highways||Construction and Maintenance Wing||Salem Circle,23-Oct-2025 10:30 AM,https://etender.up.nic.in/nicgep/app?component=%24DirectLink_0&page=FrontEndAdvancedSearchResult&service=direct&session=T&sp=SPbUQ3KAZiZ%2F27r5KvVdRhA%3D%3D
586,2025_MAWS_609866_1,[Repair and Maintenance of Anganvadi Centre at Nehru Nagar ],28-Sep-2025 10:00 AM,MAWS||Tiruttani Municipality,08-Oct-2025 03:00 PM,https://etender.up.nic.in/nicgep/app?component=%24DirectLink_0&page=FrontEndAdvancedSearchResult&service=direct&session=T&sp=SR98r0AxzydQW8SoWMIsEPA%3D%3D
587,2025_DTP_609617_1,[2025-26 -15th Finance Commission - 1st  Installment Untied Grant -  Road works],27-Sep-2025 02:05 PM,"Directorate of Town Panchayats||Cuddalore Zone||Bhuvanagiri Town Panchayat, Cuddalore",03-Oct-2025 03:00 PM,https://tntenders.gov.in/nicgep/app?component=%24DirectLink&page=FrontEndLatestActiveCorrigendums&service=direct&session=T&sp=S%2BGWNyO2tapBgn9%2BWdZY5BA%3D%3D
588,2025_CoC_609683_1,"[Z.O.XIV.C.NO.E1/01962-2/2025 Attending Road Cut Restoration Work (CMWSSB) at Ancheneyar Nagar Kannadasan Street,Dr. Ramadoss Street, Pudhu Nagar 1st Street in Dn. 191, Unit-43, Zone-14.]",27-Sep-2025 04:00 PM,"Corporation of Chennai||Regional office South,CoC",29-Sep-2025 06:00 PM,https://etender.up.nic.in/nicgep/app?component=%24DirectLink_0&page=FrontEndAdvancedSearchResult&service=direct&session=T&sp=SO%2FNBGeJibL6Jf%2BNaYN76%2BA%3D%3D
589,2025_MAWS_605429_1,[Removal of existing disfunctioned Aeration tank Blower  and insatllation of new Aeration tank Blower arrangements to STP ],19-Sep-2025 11:00 AM,MAWS||Perambalur Municipality,03-Oct-2025 03:00 PM,https://tntenders.gov.in/nicgep/app?component=%24DirectLink&page=FrontEndLatestActiveCorrigendums&service=direct&session=T&sp=SqSHF75%2FWkqP%2Fcu9G0hFCaA%3D%3D
590,2025_SETC_595337_1,[TENDER FOR THE WORK OF BUS WASHING INSIDE AND OUT SIDE OF VARIOUS TYPES OF BUSES IN SETC MARTHANDAM DEPOT.],20-Aug-2025 05:00 PM,State Express Transport Corporation Tamilnadu Limited,07-Oct-2025 03:00 PM,https://tntenders.gov.in/nicgep/app?component=%24DirectLink&page=FrontEndLatestActiveCorrigendums&service=direct&session=T&sp=SzoO149D9mu0AN%2B5j4TjHfg%3D%3D
591,2025_DTP_608545_1,"[General fund 2025-2026 Relaying of Potholes  work  Cement concrete  in  Ward 16 Angathevar street, Ward 16 Pallikuda street in Devathanapatti Town Panchayat.]",25-Sep-2025 09:00 AM,Directorate of Town Panchayats||Theni Zone||Devadanapatti Town Panchayat - Theni,30-Sep-2025 03:00 PM,https://etender.up.nic.in/nicgep/app?component=%24DirectLink_0&page=FrontEndAdvancedSearchResult&service=direct&session=T&sp=SwWvLxANlyxZ%2BuoD0HzT3rw%3D%3D
592,2025_EB_607464_1,[Hiring Vehicle for the use of AEE Manapparai],22-Sep-2025 05:00 PM,TNEB Limited||TANGEDCO||CE-Trichy EDC - TANGEDCO||SE-Trichy-Metro - TANGEDCO,06-Oct-2025 02:00 PM,https://etender.up.nic.in/nicgep/app?component=%24DirectLink_0&page=FrontEndAdvancedSearchResult&service=direct&session=T&sp=SM4t%2F96Ux0sVFrV963HUsBA%3D%3D
593,2025_RDTN_608434_1,[Construction of Community Sanitary Complex For Boys School With Toilet Provision for Children With Special Need in Mettupatcheri Village and Ottapidaram Panchayat],24-Sep-2025 05:00 PM,"Rural Development and Panchayat Raj Department||Thoothukudi,RD,TN||OTTAPIDARAM, THOOTHUKUDI,RD,TN",29-Sep-2025 05:40 PM,https://etender.up.nic.in/nicgep/app?component=%24DirectLink_0&page=FrontEndAdvancedSearchResult&service=direct&session=T&sp=SWuzIomikQSvE5rf80Wu%2BHg%3D%3D
594,2025_HWAY_606296_1,[TN.No.27 / SI.No.03 / 2025-2026 / SDO / CPT - 36],20-Sep-2025 05:00 PM,Highways||NABARD and Rural Roads||Chengalpattu,07-Oct-2025 12:00 PM,https://etender.up.nic.in/nicgep/app?component=%24DirectLink_0&page=FrontEndAdvancedSearchResult&service=direct&session=T&sp=SDj6iBN3EtcykIocVR%2BpTdg%3D%3D
595,2025_RDTN_607242_1,[ Construction of kitchen Shed cum Stroe Room at Government Higher Secondary School in Mela Thayilpatti village in Thayilpatti panchayat],22-Sep-2025 09:00 AM,"Rural Development and Panchayat Raj Department||Virudhunagar,RD,TN||VEMBAKOTTAI, VIRUDHUNAGAR,RD,TN",30-Sep-2025 05:00 PM,https://etender.up.nic.in/nicgep/app?component=%24DirectLink_0&page=FrontEndAdvancedSearchResult&service=direct&session=T&sp=S7OU59WtzoXua5l19D%2BFisw%3D%3D
596,2025_MAWS_609536_9,[ School Improvement Grant Operation and Maintenance works -2025-26 Retender],27-Sep-2025 02:00 PM,MAWS||Karur Municipality,30-Sep-2025 03:00 PM,https://etender.up.nic.in/nicgep/app?component=%24DirectLink_0&page=FrontEndAdvancedSearchResult&service=direct&session=T&sp=SdCkNhGkoIYgjz%2BUD%2F69z6A%3D%3D
597,2025_RDTN_609530_1,[Tirupathur District 15 CFC 2025-26 Providing New Deep Borewell at Mahakavi Barathiyar Nagar in Kalendira H/O Kalendira Package No.05],27-Sep-2025 02:00 PM,Rural Development and Panchayat Raj Department||Tirupathur RD TN||Jolarpet Tirupathur RD TN,10-Oct-2025 03:00 PM,https://etender.up.nic.in/nicgep/app?component=%24DirectLink_0&page=FrontEndAdvancedSearchResult&service=direct&session=T&sp=S8kB%2FiQWwTI19nTajhs7X8w%3D%3D
598,2025_TNMSC_587974_1,[ONLINE TENDER FOR SUPPLY OF PUNCTURE PROOF SHARP CONTAINER TO GOVT. INSTITUTIONS],01-Aug-2025 05:00 PM,Tamilnadu Medical Services Corporation||Equipment,15-Oct-2025 11:00 AM,https://tntenders.gov.in/nicgep/app?component=%24DirectLink&page=FrontEndLatestActiveCorrigendums&service=direct&session=T&sp=S99tQU7rDlJnA%2B1ubj2V%2Fxw%3D%3D
599,2025_MAWS_605268_1,[Providing CC Road to Parathasarathy Koil Cross Street in ward no.19 in Ponneri Municipality],17-Sep-2025 05:00 PM,MAWS||Ponneri Municipality,30-Sep-2025 03:00 PM,https://tntenders.gov.in/nicgep/app?component=%24DirectLink&page=FrontEndLatestActiveCorrigendums&service=direct&session=T&sp=SToQ7NAgHOQv3R1bFfsPg%2BA%3D%3D
600,2025_HWAY_606320_1,[TN.No.27 / SI.No.04 / 2025-2026 / SDO / CPT - 37],20-Sep-2025 03:00 PM,Highways||NABARD and Rural Roads||Chengalpattu,07-Oct-2025 12:00 PM,https://etender.up.nic.in/nicgep/app?component=%24DirectLink_0&page=FrontEndAdvancedSearchResult&service=direct&session=T&sp=Sppcqcoy%2FC0TjsTvG3QiziQ%3D%3D
601,2025_CoC_608424_1,"[IMPROVEMENTS TO EXISTING CHENNAI PRIMARY SCHOOL (STAGE WORK) AT PARI 1ST CROSS STREET, SECTOR 3 IN DIVISION - 93, UNIT - 20, ZONE - VII]",24-Sep-2025 06:00 PM,"Corporation of Chennai||Regional office Central ,CoC",06-Oct-2025 03:00 PM,https://etender.up.nic.in/nicgep/app?component=%24DirectLink_0&page=FrontEndAdvancedSearchResult&service=direct&session=T&sp=SNudEZRZM%2BBaYSalGMP86FQ%3D%3D
602,2025_RDTN_608883_1,[Vellore district  Construction of  Cement Concrete  Drainage   Anna nagar in   Kaniayambadi  Panchayat in Kaniyambadi Block General Fund 2025-26 PACKAGE NO 39],25-Sep-2025 06:00 PM,"Rural Development and Panchayat Raj Department||Vellore,RD,TN||KANIAMBADI, VELLORE,RD,TN",10-Oct-2025 03:00 PM,https://etender.up.nic.in/nicgep/app?component=%24DirectLink_0&page=FrontEndAdvancedSearchResult&service=direct&session=T&sp=SoG%2BjfiDQrSwVS3Pcmxggnw%3D%3D
603,2025_EB_582871_1,[Hiring of 1.No diesel driven Van/Jeep for the official use of the Junior Engineer / Lines / Mosur.],17-Jul-2025 06:00 PM,TNEB Limited||TANTRANSCO||CE-System Operation-Chennai - TANTRANSCO||SE-Operation-Tiruvalam - TANTRANSCO,03-Oct-2025 02:00 PM,https://tntenders.gov.in/nicgep/app?component=%24DirectLink&page=FrontEndLatestActiveCorrigendums&service=direct&session=T&sp=SVj%2Bc2PuSqpyeUlyzg0Ga3Q%3D%3D
604,2025_MAWS_609543_1,[EAUCTION FOR WEEKLY MARKET SHOP NO 32],27-Sep-2025 01:00 PM,MAWS||Vellakoil Municipality,10-Oct-2025 11:00 AM,https://etender.up.nic.in/nicgep/app?component=%24DirectLink_0&page=FrontEndAdvancedSearchResult&service=direct&session=T&sp=STfUHicEzgPnnrQkwgXJVDg%3D%3D
605,2025_DTP_609640_1,[2025-26 -15th Finance Commission - 2nd  Installment Untied Grant -  Road works],27-Sep-2025 02:35 PM,"Directorate of Town Panchayats||Cuddalore Zone||Bhuvanagiri Town Panchayat, Cuddalore",03-Oct-2025 03:00 PM,https://tntenders.gov.in/nicgep/app?component=%24DirectLink&page=FrontEndLatestActiveCorrigendums&service=direct&session=T&sp=SegCyxoBYv%2BvjqIyTZe9g0g%3D%3D
606,2025_EB_605116_1,[Running Work Contract for AEE / Operation / Kanchipuram inrespect of North Kpm Division],17-Sep-2025 02:50 PM,TNEB Limited||TANGEDCO||CE-Distribution-Chennai-South - TANGEDCO||SE-Kanchipuram - TANGEDCO,03-Oct-2025 02:00 PM,https://etender.up.nic.in/nicgep/app?component=%24DirectLink_0&page=FrontEndAdvancedSearchResult&service=direct&session=T&sp=S%2BwIjmPqz1112VqUd%2Bn4ymw%3D%3D
607,2025_SETC_595285_1,[TENDER FOR THE WORK OF BUS WASHING INSIDE AND OUT SIDE OF VARIOUS TYPES OF BUSES IN SETC KANYAKUMARI DEPOT.],20-Aug-2025 04:00 PM,State Express Transport Corporation Tamilnadu Limited,07-Oct-2025 03:00 PM,https://tntenders.gov.in/nicgep/app?component=%24DirectLink&page=FrontEndLatestActiveCorrigendums&service=direct&session=T&sp=S%2Bv3BaJsPUwyf%2Ba75tdK%2BEw%3D%3D
608,2025_HWAY_606090_1,[TN 38 25 26 Tirupur Division TPR 082],19-Sep-2025 05:30 PM,Highways||Construction and Maintenance Wing||Tiruppur Circle,09-Oct-2025 10:45 AM,https://etender.up.nic.in/nicgep/app?component=%24DirectLink_0&page=FrontEndAdvancedSearchResult&service=direct&session=T&sp=S7fMM5LMhA%2Fue9tGi0F6roA%3D%3D
609,2025_PWD_607614_1,[Porunai Museum - Electrification works],23-Sep-2025 09:00 AM,"PWD||Planning and Design Circle-PWD-Chennai||Building Centre and Conservation Division, PWD",03-Oct-2025 03:00 PM,https://etender.up.nic.in/nicgep/app?component=%24DirectLink_0&page=FrontEndAdvancedSearchResult&service=direct&session=T&sp=SOnySdLp5Ub1mJ0zxcms0jQ%3D%3D
610,2025_MAWS_608246_1,[GF 2025-26],24-Sep-2025 11:25 AM,MAWS||Karumathampatti Municipality,30-Sep-2025 03:00 PM,https://etender.up.nic.in/nicgep/app?component=%24DirectLink_0&page=FrontEndAdvancedSearchResult&service=direct&session=T&sp=S3mk0S3HI6NEa%2BUFtLSNrhQ%3D%3D
611,2025_HWAY_601557_1,[TN.33/Sl.No.01/CPT/CRIDP Work 2025-26],11-Sep-2025 06:30 PM,Highways||Construction and Maintenance Wing||Chennai Circle,16-Oct-2025 10:15 AM,https://etender.up.nic.in/nicgep/app?component=%24DirectLink_0&page=FrontEndAdvancedSearchResult&service=direct&session=T&sp=SAm80VLn4f6GUqwCfzyLA2Q%3D%3D
612,2025_RDTN_609321_1,"[Vellore district Providing New Borewell with 2 HP Motor, Pipe, Cable wire and Pipeline at Battaiveethi Near Sub Health Center in Mohamadhupuram Panchayat Anaicut Block 15th CFC-BP 2025-2026(TIED and UNTIED) Scheme Package no  07]",26-Sep-2025 06:00 PM,"Rural Development and Panchayat Raj Department||Vellore,RD,TN||ANAICUT, VELLORE,RD,TN",06-Oct-2025 03:00 PM,https://etender.up.nic.in/nicgep/app?component=%24DirectLink_0&page=FrontEndAdvancedSearchResult&service=direct&session=T&sp=SbG%2FqFji9LpO3OJ3U%2Bd3Y0w%3D%3D
613,2025_EB_608784_1,[Supply of Worm shaft Gland Packing bush  16 Nos  Oil line  View glass assembly with fittings 16 sets suitable for XRP 803 Bowl mills],25-Sep-2025 05:00 PM,TNEB Limited||TANGEDCO||CE-MTPS-I - TANGEDCO||SE-Purchase and Administration-MTPS-I - TANGEDCO,13-Oct-2025 02:00 PM,https://etender.up.nic.in/nicgep/app?component=%24DirectLink_0&page=FrontEndAdvancedSearchResult&service=direct&session=T&sp=SHoosvcP5FAGdvoYyYlzF%2Bg%3D%3D
614,2025_RDTN_609340_1,[Leveling the School Ground in Mullur village and Panchayat],26-Sep-2025 06:00 PM,"Rural Development and Panchayat Raj Department||Thoothukudi,RD,TN||OTTAPIDARAM, THOOTHUKUDI,RD,TN",01-Oct-2025 06:10 PM,https://etender.up.nic.in/nicgep/app?component=%24DirectLink_0&page=FrontEndAdvancedSearchResult&service=direct&session=T&sp=SkzZWSsD0R5SmJbPL1UDHiw%3D%3D
615,2025_EB_607449_1,[Supply of DPCA wires and DPCC wire],22-Sep-2025 06:00 PM,TNEB Limited||TANGEDCO||CE-Tirunelveli - TANGEDCO||SE-Virudhunagar - TANGEDCO,07-Oct-2025 02:00 PM,https://etender.up.nic.in/nicgep/app?component=%24DirectLink_0&page=FrontEndAdvancedSearchResult&service=direct&session=T&sp=Sp4CPPLfHEjK%2FOW1%2FDJ%2BrSw%3D%3D
616,2025_RDTN_609715_5,[Construction of Retaining Wall M.Kuppunapuram Burialground Road in Manur Panchayat],27-Sep-2025 05:30 PM,"Rural Development and Panchayat Raj Department||Tirunelveli,RD,TN||MANUR, TIRUNELVELI,RD,TN",06-Oct-2025 03:00 PM,https://etender.up.nic.in/nicgep/app?component=%24DirectLink_0&page=FrontEndAdvancedSearchResult&service=direct&session=T&sp=Sy2HUpv6tb%2BSdY4FmkmrMwA%3D%3D
617,2025_RDTN_610017_1,[Providing pipe line to Irular Pagudhi in Perumperkandigai village at Perumperkandigai Panchayat in Acharapakkam  Panchayat Union in Chengalpattu  District Under SFC- District Panchayat (General Fund) 2025-26],29-Sep-2025 03:00 PM,Rural Development and Panchayat Raj Department||Chengalpattu RD TN||Acharapakkam - VP Chengalpattu RD TN,07-Oct-2025 03:00 PM,https://etender.up.nic.in/nicgep/app?component=%24DirectLink_0&page=FrontEndAdvancedSearchResult&service=direct&session=T&sp=SBMq%2FZdDdK450v%2BLtIR00tg%3D%3D
618,2025_RDTN_604168_1,[Construction of 60000 Lits Capacity OHT at Kudi Street Ayilpatty H/O Ayilpatty Panchayat Namagiripet Block of Namakkal District  under Mines and Minerals 2025-2026 NPT-2],15-Sep-2025 01:00 PM,"Rural Development and Panchayat Raj Department||Namakkal,RD,TN||NAMAGIRIPET, NAMAKKAL,RD,TN",30-Sep-2025 03:00 PM,https://tntenders.gov.in/nicgep/app?component=%24DirectLink&page=FrontEndLatestActiveCorrigendums&service=direct&session=T&sp=SE%2F%2BULBqwInyluCEHV9E6AQ%3D%3D
619,2025_DTP_608193_1,[2025-26 15th FC Tied 2nd Installment  Pudupalayam Town Panchayat],24-Sep-2025 09:00 AM,"Directorate of Town Panchayats||Vellore Zone||Pudupalayam Town Panchayat, Tiruvannamalai",30-Sep-2025 03:00 PM,https://etender.up.nic.in/nicgep/app?component=%24DirectLink_0&page=FrontEndAdvancedSearchResult&service=direct&session=T&sp=SKvy0CM9AofIzc4XjjYalDw%3D%3D
620,2025_HWAY_605738_1,[TN.No.26 / SI.No.10 / 2025-2026 / SDO / CPT - 31],20-Sep-2025 09:00 AM,Highways||NABARD and Rural Roads||Chengalpattu,07-Oct-2025 12:00 PM,https://etender.up.nic.in/nicgep/app?component=%24DirectLink_0&page=FrontEndAdvancedSearchResult&service=direct&session=T&sp=SeSP3sbunmCzqH2BYlkRdvw%3D%3D
621,2025_HWAY_608076_1,[TN No 52 2025 26 HDO Dt 16 09 2025 TVM 154],24-Sep-2025 11:00 AM,Highways||Construction and Maintenance Wing||Tiruvannamalai Circle,16-Oct-2025 11:00 AM,https://etender.up.nic.in/nicgep/app?component=%24DirectLink_0&page=FrontEndAdvancedSearchResult&service=direct&session=T&sp=SYJoJMJM9gZ8h0f3PA4EhNA%3D%3D
622,2025_DTP_599509_4,[ABIRAMAM 15TH FINANCE 2025-26 Purchase of Bailing Machine],27-Sep-2025 04:45 PM,Directorate of Town Panchayats||Sivaganga Zone||Abiramam Town Panchayat,30-Sep-2025 03:00 PM,https://etender.up.nic.in/nicgep/app?component=%24DirectLink_0&page=FrontEndAdvancedSearchResult&service=direct&session=T&sp=SDsYR%2BZ92Gvdf1qU4OJbclQ%3D%3D
623,2025_TNSTC_608817_1,[Display of Advertisement in Rear body panel Below the wind screen glass and Below the Middle beading of both Left and Right side body panel as in enclosed diagram in 1010 Nos Excluding AC Buses of Buses of Trichy Region],25-Sep-2025 04:45 PM,Tamilnadu State Transport Corporation||Kumbakonam Corporation,03-Oct-2025 11:00 AM,https://tntenders.gov.in/nicgep/app?component=%24DirectLink&page=FrontEndLatestActiveCorrigendums&service=direct&session=T&sp=SOG8bnUPdm8H2BNDS4OQ5zQ%3D%3D
624,2025_MAWS_609494_1,[EAUCTION FOR WEEKLY MARKET SHOP NO 28],27-Sep-2025 01:00 PM,MAWS||Vellakoil Municipality,10-Oct-2025 11:00 AM,https://etender.up.nic.in/nicgep/app?component=%24DirectLink_0&page=FrontEndAdvancedSearchResult&service=direct&session=T&sp=Sy4kaZeUQBTwpzb1xNVN97Q%3D%3D
625,2025_DTP_607537_1,[General Fund 2025-2026  in Sawyerpuram Town Panchayat],25-Sep-2025 06:50 PM,Directorate of Town Panchayats||Tirunelveli Zone||Sayapuram Town Panchayat,30-Sep-2025 06:55 PM,https://etender.up.nic.in/nicgep/app?component=%24DirectLink_0&page=FrontEndAdvancedSearchResult&service=direct&session=T&sp=SjgwFQZDPnrQMEpWnIr4ilg%3D%3D
626,2025_ROCS_606710_1,[RC NO 1737/2025/AM_BS],20-Sep-2025 11:00 AM,Registrar of Cooperative Societies||Additional Registrar of Cooperative Societies  Chennai||TANFED - CHENNAI,10-Oct-2025 11:00 AM,https://tntenders.gov.in/nicgep/app?component=%24DirectLink&page=FrontEndLatestActiveCorrigendums&service=direct&session=T&sp=SHxeCF%2F3vT%2FbVUanIyWkysA%3D%3D
627,2025_RDTN_609193_3,[Construction of Kitchen Shed in Govt Hr Sec School at Tholar panchayat],26-Sep-2025 04:00 PM,"Rural Development and Panchayat Raj Department||Cuddalore,RD,TN||NALLUR,CUDDALORE,RD,TN",03-Oct-2025 03:00 PM,https://etender.up.nic.in/nicgep/app?component=%24DirectLink_0&page=FrontEndAdvancedSearchResult&service=direct&session=T&sp=SWNmyZpY76Z6S8Dvkej16Ag%3D%3D
628,2025_DTP_609706_1,[15th CFC 2025-26 2nd Instalment 2 CTP],27-Sep-2025 04:30 PM,Directorate of Town Panchayats||Madurai Zone||Chettiarpatti Town Panchayat - Madurai,30-Sep-2025 03:00 PM,https://etender.up.nic.in/nicgep/app?component=%24DirectLink_0&page=FrontEndAdvancedSearchResult&service=direct&session=T&sp=SmhBc4vUKdWqoJEeqtOGWjA%3D%3D
629,2025_RDTN_608450_1,[  Renovation of Govt Hospital Building at Ottapidaram Village and Panchayat in Ottapidaram Union],24-Sep-2025 05:15 PM,"Rural Development and Panchayat Raj Department||Thoothukudi,RD,TN||OTTAPIDARAM, THOOTHUKUDI,RD,TN",29-Sep-2025 05:30 PM,https://etender.up.nic.in/nicgep/app?component=%24DirectLink_0&page=FrontEndAdvancedSearchResult&service=direct&session=T&sp=Si0hBquHZwvfWhn%2BFCD9VyA%3D%3D
630,2025_HWAY_598758_2,[Widening from TL to FL and Strengthening Incl Sub Works in Pudukkottai East Subdivision TRY-45],30-Aug-2025 06:55 PM,Highways||Construction and Maintenance Wing||Trichy Circle,30-Sep-2025 11:00 AM,https://etender.up.nic.in/nicgep/app?component=%24DirectLink_0&page=FrontEndAdvancedSearchResult&service=direct&session=T&sp=S32xemXH2axI6Ejk%2FjTDNAA%3D%3D
631,2025_EB_608778_1,[Erection of 110 kV DC line on DC Towers by making LILO of the existing Sankarapuram - Thiyagadurgam feeder  at the proposed Peruvangur 110 22 kV SS with supply of all materials],25-Sep-2025 05:00 PM,TNEB Limited||TANTRANSCO||CE-Transmission Projects-II-Trichy - TANTRANSCO||SE-GCC-Trichy - TANTRANSCO,14-Oct-2025 02:00 PM,https://etender.up.nic.in/nicgep/app?component=%24DirectLink_0&page=FrontEndAdvancedSearchResult&service=direct&session=T&sp=SfkZLOmkINW%2Bk1FdWqIO%2BEw%3D%3D
632,2025_TNPL_601633_1,"[Intercarting of wet fly Ash Generated in Power Boiler 4,5,6.and 7 to LSFM at Energy Process]",08-Sep-2025 06:30 PM,Tamilnadu Newsprint and Papers Limited||TNPL Unit-1||TNPL TOS,03-Oct-2025 03:00 PM,https://tntenders.gov.in/nicgep/app?component=%24DirectLink&page=FrontEndLatestActiveCorrigendums&service=direct&session=T&sp=S%2Fz310Mj0QvnvRs4ioNDEMA%3D%3D
633,2025_HWAY_606284_1,[Construction of High level bridge at Km 15/4 of Indili - Sembakurichi road (via) Pukkiravari road in lieu of existing causeway],20-Sep-2025 03:00 PM,Highways||NABARD and Rural Roads||Chengalpattu,07-Oct-2025 12:00 PM,https://etender.up.nic.in/nicgep/app?component=%24DirectLink_0&page=FrontEndAdvancedSearchResult&service=direct&session=T&sp=Si%2Bg%2FPQTstHPo7eHYcESX2A%3D%3D
634,2025_DTP_609808_4,"[Providing  150mm dia borewell  Ward No 13 Indra colony 3rd street,pichai house near -Deep borewell with minitank provision Annavasal Town Pudukottai Dt.]",29-Sep-2025 09:00 AM,"Directorate of Town Panchayats||Tiruchirappalli Zone||Annavasal Town Panchayat, Pudukkottai",03-Oct-2025 03:00 PM,https://etender.up.nic.in/nicgep/app?component=%24DirectLink_0&page=FrontEndAdvancedSearchResult&service=direct&session=T&sp=SPEJc9MHk4f8d6vwMuvMFEw%3D%3D
635,2025_HWAY_603384_1,[CRIDP 2025 - 2026],15-Sep-2025 06:00 PM,Highways||Construction and Maintenance Wing||Coimbatore Circle,09-Oct-2025 10:30 AM,https://etender.up.nic.in/nicgep/app?component=%24DirectLink_0&page=FrontEndAdvancedSearchResult&service=direct&session=T&sp=Sbk8KMu0m1%2FTwLPYx3bvSmQ%3D%3D
636,2025_RDTN_609143_1,[Construction of Cremation Shed  at Pillakurichi Aathithiravidartheru BG in Kulanthiranpattu Panchayat],26-Sep-2025 05:00 PM,"Rural Development and Panchayat Raj Department||Pudhukottai,RD,TN||KARAMBAKUDI, PUDUKKOTTAI,RD,TN",07-Oct-2025 03:00 PM,https://etender.up.nic.in/nicgep/app?component=%24DirectLink_0&page=FrontEndAdvancedSearchResult&service=direct&session=T&sp=SFEs2qmc%2FVy%2FD2qrgYfY5dg%3D%3D
637,2025_DTP_609889_1,[Providing  150mm dia borewell and Syntax Tank at Ward No 01 in Illuppur Town Panchayat Pudukkottai District under MLA Fund 2025-2026],29-Sep-2025 09:00 AM,"Directorate of Town Panchayats||Tiruchirappalli Zone||Iluppur Town Panchayat, Pudukkottai",07-Oct-2025 03:00 PM,https://etender.up.nic.in/nicgep/app?component=%24DirectLink_0&page=FrontEndAdvancedSearchResult&service=direct&session=T&sp=SucwRtZUXsFQivKl3FoEObA%3D%3D
638,2025_DTP_609601_1,[15th SFC 2024 2025 2nd  Installment  arakandanallur  Townpanchayat],27-Sep-2025 02:00 PM,"Directorate of Town Panchayats||Cuddalore Zone||Arakandanallur Town Panchayat, Villupuram",30-Sep-2025 03:00 PM,https://etender.up.nic.in/nicgep/app?component=%24DirectLink_0&page=FrontEndAdvancedSearchResult&service=direct&session=T&sp=S7NIZ2Oz4UdGXy1skWcAUVw%3D%3D
639,2025_MAWS_609347_1,[WATER SUPPLY FUND-2025-2026-Supply and Laying of Pipeleine from Sivanpuram colony  Borewell (near Vinayagar koil) to OHT of ward No.7 at Karamadai Municipality],26-Sep-2025 06:00 PM,MAWS||Karamadai Municipality,30-Sep-2025 03:00 PM,https://etender.up.nic.in/nicgep/app?component=%24DirectLink_0&page=FrontEndAdvancedSearchResult&service=direct&session=T&sp=SEGAo5aCpSjn4cVziN2t96g%3D%3D
640,2025_DTP_606164_1,[Providing New pipe line at 12th ward Ponamaninagar in Boothapandi Town Panchayat.],19-Sep-2025 09:00 AM,Directorate of Town Panchayats||Nagercoil Zone||Bhoothapandy Town Panchayat,30-Sep-2025 03:00 PM,https://etender.up.nic.in/nicgep/app?component=%24DirectLink_0&page=FrontEndAdvancedSearchResult&service=direct&session=T&sp=SPFrfOaCLoKzVSImc9CFAVg%3D%3D
641,2025_AHDF_609080_1,[Renovation of Government Fish seed farm at Agaram in Cuddalore District],26-Sep-2025 05:00 PM,Fisheries and Fishermen Welfare Department||Fishing Harbour Project Circle,13-Oct-2025 03:00 PM,https://etender.up.nic.in/nicgep/app?component=%24DirectLink_0&page=FrontEndAdvancedSearchResult&service=direct&session=T&sp=S5O%2Bnrk4cQzsNDgCuP4VCNg%3D%3D
642,2025_MAWS_609884_1,[Repair and Maintenance of FSTP at W.No.4 Chennimalai Road Compost Yard in Kangeyam Municipality],29-Sep-2025 09:00 AM,MAWS||Kangeyam Municipality,30-Sep-2025 03:00 PM,https://etender.up.nic.in/nicgep/app?component=%24DirectLink_0&page=FrontEndAdvancedSearchResult&service=direct&session=T&sp=SoJodyXhzdu577pvLPZur9A%3D%3D
643,2025_MAWS_608968_1,[Maintenance of water supply works at ward 1 to 24 minipower pump Hand pumps and other repair of Vandavasi Municipality],26-Sep-2025 09:30 AM,MAWS||Vandavasi Municipality,07-Oct-2025 03:00 PM,https://etender.up.nic.in/nicgep/app?component=%24DirectLink_0&page=FrontEndAdvancedSearchResult&service=direct&session=T&sp=SFsR%2BDJezRHXOJEZrDegCLw%3D%3D
644,2025_MAWS_607235_1,[GENERAL FUND-2025-2026-Repair and Maintanace of  Drain at Ward No.26 KR colony Area  in Karamadai Municipality.],22-Sep-2025 09:00 AM,MAWS||Karamadai Municipality,30-Sep-2025 03:00 PM,https://etender.up.nic.in/nicgep/app?component=%24DirectLink_0&page=FrontEndAdvancedSearchResult&service=direct&session=T&sp=S%2F6QNcJzjDSTTVpWpRAloYg%3D%3D
645,2025_MAWS_609294_1,[GF-2025-2026 Attending Repairs to Deep Bore Well Mini Power  Pump in Municipal Areas for the the year 2025 - 2026 (Aug 2025 - Mar 2026) ],26-Sep-2025 06:00 PM,MAWS||Sankarankoil Municipality,03-Oct-2025 03:00 PM,https://etender.up.nic.in/nicgep/app?component=%24DirectLink_0&page=FrontEndAdvancedSearchResult&service=direct&session=T&sp=SVx9uA9h4FSsF1Hi%2F5UneWg%3D%3D
646,2025_HWAY_599807_1,[VPM-071-CRIDP 2025-26],04-Sep-2025 10:00 AM,Highways||Construction and Maintenance Wing||Villupuram Circle,15-Oct-2025 12:00 PM,https://tntenders.gov.in/nicgep/app?component=%24DirectLink&page=FrontEndLatestActiveCorrigendums&service=direct&session=T&sp=SXUnzCzgAJLYZB8H%2F2Z8nYw%3D%3D
647,2025_TNPHC_609635_1,[Modernization of the Infrastructure facilities to Sub Registrar Office Operating in the Government building at URAIYUR in Trichy District],27-Sep-2025 04:00 PM,Tamil Nadu Police Housing Corporation||Supdt. Engineer(South Circle) - TNPHC||Madurai Division - TNPHC||Dindigul Sub Division - TNPHC,08-Oct-2025 06:00 PM,https://etender.up.nic.in/nicgep/app?component=%24DirectLink_0&page=FrontEndAdvancedSearchResult&service=direct&session=T&sp=SgP7aGVFAHJXZCCDJD%2B2CYQ%3D%3D
648,2025_DMA_609966_3,[Construction of New ICDS Center at  Thiruneermalai Middle School  Ward No 31 ZONE 1 Tambaram City Municipal Corporation ],29-Sep-2025 01:00 PM,Directorate Of Municipal Administration||Tambaram City Municipal Corporation,06-Oct-2025 03:00 PM,https://etender.up.nic.in/nicgep/app?component=%24DirectLink_0&page=FrontEndAdvancedSearchResult&service=direct&session=T&sp=SU71jh4SE4%2FLtmfJhg6udBw%3D%3D
649,2025_HWAY_606459_1,[TN.No.27 / SI.No.15 / 2025-2026 / SDO / CPT - 48],20-Sep-2025 05:15 PM,Highways||NABARD and Rural Roads||Chengalpattu,07-Oct-2025 12:00 PM,https://etender.up.nic.in/nicgep/app?component=%24DirectLink_0&page=FrontEndAdvancedSearchResult&service=direct&session=T&sp=SVXvv%2BssxLWleLex5hZJEuQ%3D%3D
650,2025_RDTN_607223_1,"[PACKAGE NO.02 - Construction of houses for Combined House (4 Nos.) with Ceramic Tiles flooring at Aliyanilai Refugee Camp in Aliyanilai Panchayat (5 GROUP HOUSES 20 NO.OF HOUSES) in Aranthangi Panchayat Union, Pudukkottai District under SRI LANKAN RE]",22-Sep-2025 10:00 AM,"Rural Development and Panchayat Raj Department||Pudhukottai,RD,TN",03-Oct-2025 03:00 PM,https://etender.up.nic.in/nicgep/app?component=%24DirectLink_0&page=FrontEndAdvancedSearchResult&service=direct&session=T&sp=SAyaviVIOcCJ3i62eSTOhVQ%3D%3D
651,2025_MAWS_605451_23,[CUDDALORE CORPORATION -   CONSTRUCTION OF CULVERT AT SUBARAYALU  STREET IN WARD 23 ],18-Sep-2025 06:00 PM,MAWS||Cuddalore Municipality,30-Sep-2025 03:00 PM,https://etender.up.nic.in/nicgep/app?component=%24DirectLink_0&page=FrontEndAdvancedSearchResult&service=direct&session=T&sp=SuePnzQk6US6ifKnydzbVag%3D%3D
652,2025_SETC_596656_1,"[WASHING WORK OF HEAD REST COVER, BERTH COVER , BLANKET OF SETC BUSES AT  TRIVANDRUM   DEPOT.]",23-Aug-2025 12:05 PM,State Express Transport Corporation Tamilnadu Limited,08-Oct-2025 03:00 PM,https://tntenders.gov.in/nicgep/app?component=%24DirectLink&page=FrontEndLatestActiveCorrigendums&service=direct&session=T&sp=SmRRrLm04M1U6liTi0rXWcw%3D%3D
653,2025_DTP_609871_1,"[Construction of Grama Saba Paltform at Ward No 01 Olaimaanpatti in Illuppur Town Panchayat, Pudhukottai District]",29-Sep-2025 09:00 AM,"Directorate of Town Panchayats||Tiruchirappalli Zone||Iluppur Town Panchayat, Pudukkottai",07-Oct-2025 03:00 PM,https://etender.up.nic.in/nicgep/app?component=%24DirectLink_0&page=FrontEndAdvancedSearchResult&service=direct&session=T&sp=SNeBIAnRr2mMf1GaUFCI3Fw%3D%3D
654,2025_DTP_607210_1,[15th Finance - 2025-2026 - Untied work - Burial Ground],21-Sep-2025 02:15 PM,Directorate of Town Panchayats||Nagercoil Zone||Thazhakkudi Town Panchayat,30-Sep-2025 03:00 PM,https://etender.up.nic.in/nicgep/app?component=%24DirectLink_0&page=FrontEndAdvancedSearchResult&service=direct&session=T&sp=SE7B6fK%2F2Jsl7mJ3QG2FVEw%3D%3D
655,2025_RDTN_609492_1,[Vellore district Providing New Borewell with 2HP Motor and Specials with Extension pipe line at Thenthur in peenjamandai Panchayat Anaicut Block 15th CFC-BP 2025-2026(TIED and UNTIED) Scheme Package no  38],27-Sep-2025 11:30 AM,"Rural Development and Panchayat Raj Department||Vellore,RD,TN||ANAICUT, VELLORE,RD,TN",06-Oct-2025 03:00 PM,https://etender.up.nic.in/nicgep/app?component=%24DirectLink_0&page=FrontEndAdvancedSearchResult&service=direct&session=T&sp=SIJELCiV6%2BgJ30IgZWiS53A%3D%3D
656,2025_DTP_604894_1,[15th Finance - Untied Grant-2025-26 - Maintenance and painting work at Cheruppaloor Govt. High School building in Kulasekharam Town Panchayat.],16-Sep-2025 06:55 PM,Directorate of Town Panchayats||Nagercoil Zone||Kulasekharam Town Panchayat,30-Sep-2025 03:00 PM,https://etender.up.nic.in/nicgep/app?component=%24DirectLink_0&page=FrontEndAdvancedSearchResult&service=direct&session=T&sp=Ss03cVyzITXNNKC5qSAzscw%3D%3D
657,2025_AHDF_603933_1,[Leasing of Four wheeler and Two Wheeler parking at Kolathur Ornamental fish trade centre Chennai],13-Sep-2025 06:00 PM,Fisheries and Fishermen Welfare Department||Inland Fisheries - Head Office||Chennai Region||Assistant Director of Fisheries -  Kancheepuram,06-Oct-2025 12:00 PM,https://tntenders.gov.in/nicgep/app?component=%24DirectLink&page=FrontEndLatestActiveCorrigendums&service=direct&session=T&sp=SeBeC1gExNAyQK8aUyEFsGg%3D%3D
658,2025_RDTN_609311_1,[Vellore district Providing New 2HP Motor and Specials with Extension pipe line at Existing Bore well in Kuttapalli in Karungali Panchayat Anaicut Block 15th CFC-BP 2025-2026(TIED and UNTIED) Scheme Package no  06],26-Sep-2025 06:00 PM,"Rural Development and Panchayat Raj Department||Vellore,RD,TN||ANAICUT, VELLORE,RD,TN",06-Oct-2025 03:00 PM,https://etender.up.nic.in/nicgep/app?component=%24DirectLink_0&page=FrontEndAdvancedSearchResult&service=direct&session=T&sp=SbBBz6N1wMBxichUIsYU%2F%2BQ%3D%3D
659,2025_MAWS_607626_1,[Repair and Maintance of Anganvadi Center at Ward No 16 Eda Street in Vandavasi Municipality],23-Sep-2025 10:00 AM,MAWS||Vandavasi Municipality,08-Oct-2025 03:00 PM,https://etender.up.nic.in/nicgep/app?component=%24DirectLink_0&page=FrontEndAdvancedSearchResult&service=direct&session=T&sp=SWuYGk7h%2F0FJuJ2ye2SLtmw%3D%3D
660,2025_TNPL_608802_1,"[Dismantling, Fabrication and Erection of Light Structurals required for Dregs filter chute modification work at SRP -Mechanical]",25-Sep-2025 06:30 PM,Tamilnadu Newsprint and Papers Limited||TNPL Unit-1||TNPL TOS,09-Oct-2025 03:00 PM,https://etender.up.nic.in/nicgep/app?component=%24DirectLink_0&page=FrontEndAdvancedSearchResult&service=direct&session=T&sp=SIoMO8TNIBKV10o1r429NmA%3D%3D
661,2025_DTP_608436_1,[Elumalai Town Panchayat Providing Borewell and Ro Plant in Ward no.2 E.Gopalapuram In Elumalai Town Panchayat],24-Sep-2025 05:00 PM,"Directorate of Town Panchayats||Madurai Zone||Elumalai Town Panchayat, Madurai",30-Sep-2025 03:00 PM,https://etender.up.nic.in/nicgep/app?component=%24DirectLink_0&page=FrontEndAdvancedSearchResult&service=direct&session=T&sp=Saji6IhYidn%2FDKbzVVMLbhw%3D%3D
662,2025_TCMPF_602443_1,"[ Annual Operation and Maintenance,technical service of Refrigeration system consisting of Compressor,Condensor, Refrigerant pump,Evaporator, Ice Banks at Madurai Dairy for a period of two years(2025-2027) ]",10-Sep-2025 05:00 PM,Tamilnadu Co-op Milk Producers Federation Ltd.||Madurai DCMPU - Madurai - TCMPF,06-Oct-2025 12:00 PM,https://etender.up.nic.in/nicgep/app?component=%24DirectLink_0&page=FrontEndAdvancedSearchResult&service=direct&session=T&sp=S1%2BKEvrrGV4bR5rgHr7QEhQ%3D%3D
663,2025_EB_604751_1,[enq43-supplyofGIstemboltandnut],16-Sep-2025 06:00 PM,TNEB Limited||TANGEDCO||CE-Distribution-Chennai-South - TANGEDCO||SE-South I-Chennai - TANGEDCO,03-Oct-2025 03:00 PM,https://etender.up.nic.in/nicgep/app?component=%24DirectLink_0&page=FrontEndAdvancedSearchResult&service=direct&session=T&sp=S8Im4c5LOcHCj6xnoC3gg1Q%3D%3D
664,2025_RDTN_606004_1,[Providing Black Topping  Road to Perunthalaivar Street  in Kulasekarapatti Panchayat at Keelapavoor Panchayat Union],19-Sep-2025 11:00 AM,Rural Development and Panchayat Raj Department||Tenkasi RD TN||Keezhapavur Tenkasi RD TN,30-Sep-2025 03:00 PM,https://etender.up.nic.in/nicgep/app?component=%24DirectLink_0&page=FrontEndAdvancedSearchResult&service=direct&session=T&sp=SI6qqmoUxrcsQRRkFU8VA8w%3D%3D
665,2025_EB_610038_1,[Erection of 110 KV DC Line on DC tower with Panther Conductor by making LILO in the existing 110 KV Thiruvarur Kovilvenni Feeder at the Proposed Koradacherry 110 kV SS.],29-Sep-2025 04:00 PM,TNEB Limited||TANTRANSCO||CE-Transmission Projects-II-Trichy - TANTRANSCO||SE-GCC-Trichy - TANTRANSCO,13-Oct-2025 02:00 PM,https://etender.up.nic.in/nicgep/app?component=%24DirectLink_0&page=FrontEndAdvancedSearchResult&service=direct&session=T&sp=SXfqZNDaeDzbW6HZyob%2BN%2BA%3D%3D
666,2025_RDTN_608474_1,[Providing CC Pavement Thottikuppam Mariamman Kovil Street at Parukkal Panchayat in Chithamur Block under Union General Fund for the year 2025-26],24-Sep-2025 05:50 PM,Rural Development and Panchayat Raj Department||Chengalpattu RD TN||Chithamur Chengalpattu RD TN,30-Sep-2025 03:00 PM,https://etender.up.nic.in/nicgep/app?component=%24DirectLink_0&page=FrontEndAdvancedSearchResult&service=direct&session=T&sp=SoI%2BF1KLgO3J%2F7Noyz1%2BEHw%3D%3D
667,2025_CoC_609822_1,"[Z.O.XIV.C.NO.E1/6979/2025 Restoration of Metro water (CMWSSB) BT Roadcut portion at Gandhi nagar 1st street in Div-183, Unit-41 Zone-14]",27-Sep-2025 06:55 PM,"Corporation of Chennai||Regional office South,CoC",29-Sep-2025 06:00 PM,https://etender.up.nic.in/nicgep/app?component=%24DirectLink_0&page=FrontEndAdvancedSearchResult&service=direct&session=T&sp=SmHaAaceLJRwVG8t2OwJxEQ%3D%3D
668,2025_DoTE_600817_1,[purchase of on delay timer],05-Sep-2025 01:25 PM,"Directorate of Technical Education||Govt. Polytechnic College - DOTE||Government Polytechnic College, Aundipatti",07-Oct-2025 12:00 PM,https://tntenders.gov.in/nicgep/app?component=%24DirectLink&page=FrontEndLatestActiveCorrigendums&service=direct&session=T&sp=SODbFrShocidNrNAv2VhXFQ%3D%3D
669,2025_EB_605075_1,[Establishment of new Srineduncherry   33/11 KV Outdoor Substation    with 1x8 MVA Power Transformer  (Electrical works only) in Cuddalore EDC in Villupuram Region of TNPDCL under total Turnkey Basis.],17-Sep-2025 06:00 PM,TNEB Limited||TANGEDCO||CE-Distribution-Villupuram - TANGEDCO,07-Oct-2025 02:00 PM,https://etender.up.nic.in/nicgep/app?component=%24DirectLink_0&page=FrontEndAdvancedSearchResult&service=direct&session=T&sp=SL0RLvGZ%2BpbSAtInklllCgA%3D%3D
670,2025_ELCO_598466_1,[Project Management Consultant PMC for Tamil Nadu State Data Centre  TNSDC Project],29-Aug-2025 01:30 PM,ELCOT,30-Sep-2025 03:00 PM,https://tntenders.gov.in/nicgep/app?component=%24DirectLink&page=FrontEndLatestActiveCorrigendums&service=direct&session=T&sp=S1pj8XVxGIprRHg82hR3ZMQ%3D%3D
671,2025_HWAY_605542_1,[MDU 126 / Devakottai Sub Division / CRIDP 2025 26],20-Sep-2025 06:55 PM,Highways||Construction and Maintenance Wing||Madurai Circle,07-Oct-2025 11:00 AM,https://etender.up.nic.in/nicgep/app?component=%24DirectLink_0&page=FrontEndAdvancedSearchResult&service=direct&session=T&sp=Sn8OfHTwRUXgIoDDX94Qjgg%3D%3D
672,2025_TNCSF_609712_1,[for Purchase of Mechanical Slat Chain Conveyor],27-Sep-2025 05:00 PM,Department of Sugar||DHARMAPURI DISTRICT COOPERATIVE  SUGAR MILLS LTD,06-Oct-2025 04:00 PM,https://etender.up.nic.in/nicgep/app?component=%24DirectLink_0&page=FrontEndAdvancedSearchResult&service=direct&session=T&sp=Sg6TY565ZCVoltO1wmJybaQ%3D%3D
673,2025_DTP_609358_1,[V.PUDUR TP- 15 TH FINANCE COMMISSION-  TIED  GRANT II INSTALLMENT 2025-2026 -  Water Supply Pipeline Work],27-Sep-2025 09:00 AM,Directorate of Town Panchayats||Tirunelveli Zone||V Pudur Town Panchayat,07-Oct-2025 03:00 PM,https://etender.up.nic.in/nicgep/app?component=%24DirectLink_0&page=FrontEndAdvancedSearchResult&service=direct&session=T&sp=StcEuoxuZXNOcq%2BSAvIG69A%3D%3D
674,2025_DTP_609676_1,[MLACD 2025 - 2026],27-Sep-2025 04:00 PM,"Directorate of Town Panchayats||Thanjavur Zone||Peravurani Town Panchayat, Thanjavur",07-Oct-2025 03:00 PM,https://etender.up.nic.in/nicgep/app?component=%24DirectLink_0&page=FrontEndAdvancedSearchResult&service=direct&session=T&sp=S%2F0YromCDJKGGO4KGwRFXvw%3D%3D
675,2025_HWAY_600519_1,[Deposit Work],06-Sep-2025 06:00 PM,Highways||Construction and Maintenance Wing||Coimbatore Circle,09-Oct-2025 10:30 AM,https://etender.up.nic.in/nicgep/app?component=%24DirectLink_0&page=FrontEndAdvancedSearchResult&service=direct&session=T&sp=SPZqp9kqY7aXb7DAJzFkf1Q%3D%3D
676,2025_EB_604836_1,[CE/D/VPM/OTE NO.06/25-26- Hiring of One  Number Petrol/Diesel driven Jeep/VAN TATA SUMO and Qualis or other superior model for the official use of Executive Engineer/Civil /Regional Office/ Villupuram for a period of One year],17-Sep-2025 12:35 PM,TNEB Limited||TANGEDCO||CE-Distribution-Villupuram - TANGEDCO,07-Oct-2025 02:00 PM,https://etender.up.nic.in/nicgep/app?component=%24DirectLink_0&page=FrontEndAdvancedSearchResult&service=direct&session=T&sp=ST86T8Kz9OetP7ppwnkijpA%3D%3D
677,2025_DTP_607497_1,[2025-26 -15th Finance Commission - 2nd Installment Tied Grant],22-Sep-2025 04:40 PM,"Directorate of Town Panchayats||Cuddalore Zone||Bhuvanagiri Town Panchayat, Cuddalore",03-Oct-2025 03:00 PM,https://tntenders.gov.in/nicgep/app?component=%24DirectLink&page=FrontEndLatestActiveCorrigendums&service=direct&session=T&sp=SRS%2FYJdU1TS37gCGiaDt2hA%3D%3D
678,2025_EB_606990_1,[Procurement of AC panel ],20-Sep-2025 05:30 PM,TNEB Limited||TANGEDCO||CE-Distribution-Erode - TANGEDCO||SE-Mettur - TANGEDCO,07-Oct-2025 11:00 AM,https://etender.up.nic.in/nicgep/app?component=%24DirectLink_0&page=FrontEndAdvancedSearchResult&service=direct&session=T&sp=Sd71TQoPlEVmzie3mDdz%2FJA%3D%3D
679,2025_DTP_609637_1,[T.Kallupatti 15th finance 2025-2026 untied 2nd instalment],27-Sep-2025 02:35 PM,"Directorate of Town Panchayats||Madurai Zone||T Kallupatti Town Panchayat, Madurai",30-Sep-2025 03:00 PM,https://etender.up.nic.in/nicgep/app?component=%24DirectLink_0&page=FrontEndAdvancedSearchResult&service=direct&session=T&sp=SVfgCFor2OOZpCbZoyl9wsg%3D%3D
680,2025_EB_604830_1,[Supply and Erection of Conveyor 48 B Receiving Chute],16-Sep-2025 05:00 PM,TNEB Limited||TANGEDCO||CE-TTPS - TANGEDCO||SE-Purchase and Administration-TTPS - TANGEDCO,06-Oct-2025 02:00 PM,https://etender.up.nic.in/nicgep/app?component=%24DirectLink_0&page=FrontEndAdvancedSearchResult&service=direct&session=T&sp=SvfMlKO%2By2eTJx80hJ7Stlg%3D%3D
681,2025_MAWS_570137_1,"[CUDDALORE CORPORATION - Construction of pcc strom water Drain at Shanmugam Gandhi nagar,Arunthathiyar street , Pudukuppam Cuddalore city Municipal Corporation.							]",17-Jun-2025 06:55 PM,MAWS||Cuddalore Municipality,06-Oct-2025 03:00 PM,https://tntenders.gov.in/nicgep/app?component=%24DirectLink&page=FrontEndLatestActiveCorrigendums&service=direct&session=T&sp=SrtlgNIpm5s%2BLxdOOBz6Png%3D%3D
682,2025_RDTN_609202_1,[Construction of RCC Slab Culvert 1.50 m Span at Venkitakulam Panchayat Office Road in Venkitakulam Panchayat],26-Sep-2025 04:00 PM,"Rural Development and Panchayat Raj Department||Pudhukottai,RD,TN||THIRUVARANKULAM, PUDUKKOTTAI,RD,TN",30-Sep-2025 03:00 PM,https://etender.up.nic.in/nicgep/app?component=%24DirectLink_0&page=FrontEndAdvancedSearchResult&service=direct&session=T&sp=S92J8toILUV%2F%2FVIZmYPED%2FA%3D%3D
683,2025_RDTN_609299_1,"[Vellore district Providing New Borewell with 2 HP Motor, Pipe, Cable wire and Pipeline at Battaiveethi Anna Nagar in Mohamadhupuram Panchayat Anaicut Block 15th CFC-BP 2025-2026(TIED and UNTIED) Scheme Package no  04]",26-Sep-2025 06:00 PM,"Rural Development and Panchayat Raj Department||Vellore,RD,TN||ANAICUT, VELLORE,RD,TN",06-Oct-2025 03:00 PM,https://etender.up.nic.in/nicgep/app?component=%24DirectLink_0&page=FrontEndAdvancedSearchResult&service=direct&session=T&sp=SgY9pS552d4v%2BoExX8bcIvQ%3D%3D
684,2025_EB_600024_1,[Refurbishing of Unit-III (100MW) Generator of Kadamparai Power House],04-Sep-2025 04:00 PM,TNEB Limited||TANGEDCO||CE-Hydro - TANGEDCO,06-Oct-2025 12:00 PM,https://tntenders.gov.in/nicgep/app?component=%24DirectLink&page=FrontEndLatestActiveCorrigendums&service=direct&session=T&sp=StOqIWNYm1Ox43hqjYAaN6g%3D%3D
685,2025_CoC_609770_1,"[Hiring and Deployment for Machinery and Vehicles in Flood Prone areas at Parangusapuram Street and Various streets in Div-132, U-31,Z-10]",27-Sep-2025 06:55 PM,"Corporation of Chennai||Regional office Central ,CoC",03-Oct-2025 03:00 PM,https://etender.up.nic.in/nicgep/app?component=%24DirectLink_0&page=FrontEndAdvancedSearchResult&service=direct&session=T&sp=SvtPfRyVJKG5vRiOI3LXang%3D%3D
686,2025_EB_606642_1,[CE-MTPSI-SE-ES-EMII-OT77-25-26],19-Sep-2025 06:55 PM,TNEB Limited||TANGEDCO||CE-MTPS-I - TANGEDCO||SE-Electrical Systems-MTPS-I - TANGEDCO,06-Oct-2025 02:00 PM,https://etender.up.nic.in/nicgep/app?component=%24DirectLink_0&page=FrontEndAdvancedSearchResult&service=direct&session=T&sp=Sj2%2Fo1YyxBcUTracpK134dw%3D%3D
687,2025_MAWS_609324_1,[Construction of SWD at Jameelabad 3rd main road cross at link ward 21 in Melvisharam Municipality],26-Sep-2025 06:00 PM,MAWS||Arani Municipality,03-Oct-2025 03:00 PM,https://etender.up.nic.in/nicgep/app?component=%24DirectLink_0&page=FrontEndAdvancedSearchResult&service=direct&session=T&sp=SntN1zBwoSHDlh1tkOoDDzA%3D%3D
688,2025_CWDA_599028_1,[Procurement of assessment and therapy equipments for 77 block one stop centers ],01-Sep-2025 10:00 AM,Commissionerate for Welfare of the Differently Abled,08-Oct-2025 04:00 PM,https://etender.up.nic.in/nicgep/app?component=%24DirectLink_0&page=FrontEndAdvancedSearchResult&service=direct&session=T&sp=SsovnfzTkWLo85l%2BCci%2FP%2Bg%3D%3D
689,2025_EB_604397_1,"[Procurement of NB 100mm SS316 Gate Valve, Short Bend, Pipeline and Flange for Unit I and II]",15-Sep-2025 06:00 PM,TNEB Limited||TANGEDCO||CE-NCTPS-II - TANGEDCO||SE-Purchase and Administration-NCTPS-II - TANGEDCO,03-Oct-2025 02:00 PM,https://etender.up.nic.in/nicgep/app?component=%24DirectLink_0&page=FrontEndAdvancedSearchResult&service=direct&session=T&sp=S93crPJ91Knq6eY6%2FiYE8Ew%3D%3D
690,2025_HWAY_603412_1,[TN No 42 2025 26 HDO Dt 03 09 2025 TVM 125],22-Sep-2025 11:00 AM,Highways||Construction and Maintenance Wing||Tiruvannamalai Circle,16-Oct-2025 11:00 AM,https://etender.up.nic.in/nicgep/app?component=%24DirectLink_0&page=FrontEndAdvancedSearchResult&service=direct&session=T&sp=SFRNS6LSxzIu1wyO%2Fev8l2w%3D%3D
691,2025_EB_602013_1,[Establishment of new 33/11kv ss at Kilvelliyur(Electrical works) under turn key],11-Sep-2025 12:00 PM,TNEB Limited||TANGEDCO||CE-Thiruvannamalai - TANGEDCO,09-Oct-2025 02:00 PM,https://etender.up.nic.in/nicgep/app?component=%24DirectLink_0&page=FrontEndAdvancedSearchResult&service=direct&session=T&sp=Sh%2BSryQV7UHccNHGhzjWp2A%3D%3D
692,2025_TNCSF_609710_1,[Tube cleaning of 1 No of Semikestner and 4nos of Evaporators periodically],27-Sep-2025 04:30 PM,Department of Sugar||PERAMBALUR SUGAR MILLS LTD,07-Oct-2025 01:00 PM,https://etender.up.nic.in/nicgep/app?component=%24DirectLink_0&page=FrontEndAdvancedSearchResult&service=direct&session=T&sp=Sz8zN53LeFEo2zSDmWTCdFw%3D%3D
693,2025_MAWS_609817_1,[Construction of New ICDS Center at  New Ward No.13 Sengundarpettai-2  (Chinna Colony)  - 33730050218  Building in Madhuranthagam Municipality],27-Sep-2025 06:55 PM,MAWS||Madhuranthagam Municipality,08-Oct-2025 03:00 PM,https://etender.up.nic.in/nicgep/app?component=%24DirectLink_0&page=FrontEndAdvancedSearchResult&service=direct&session=T&sp=SDwiqb%2FyBIQn5Bv3ex9P4LA%3D%3D
694,2025_EB_597755_1,[Establishment of New 33/11KV SS],26-Aug-2025 06:00 PM,TNEB Limited||TANGEDCO||CE-Distribution-Villupuram - TANGEDCO,15-Oct-2025 02:00 PM,https://tntenders.gov.in/nicgep/app?component=%24DirectLink&page=FrontEndLatestActiveCorrigendums&service=direct&session=T&sp=SqGYsATBOJh9%2B72ZJ%2BBYKDg%3D%3D
695,2025_HWAY_602469_1,[TN.46/Sl.No.01/CPT/CRIDP Work 2025-26],24-Sep-2025 06:30 PM,Highways||Construction and Maintenance Wing||Chennai Circle,16-Oct-2025 10:15 AM,https://etender.up.nic.in/nicgep/app?component=%24DirectLink_0&page=FrontEndAdvancedSearchResult&service=direct&session=T&sp=SFNMUAkN4yLEmtGPfy9uNdw%3D%3D
696,2025_RDTN_609715_4,[Providing CC Pavement at Post Office Street  in Moovirunthali Panchayat],27-Sep-2025 05:00 PM,"Rural Development and Panchayat Raj Department||Tirunelveli,RD,TN||MANUR, TIRUNELVELI,RD,TN",06-Oct-2025 03:00 PM,https://etender.up.nic.in/nicgep/app?component=%24DirectLink_0&page=FrontEndAdvancedSearchResult&service=direct&session=T&sp=SdbI7MQIXiPJ%2B8JImqOai%2Fg%3D%3D
697,2025_DTP_609577_1,[SPECIAL FUND 2025-2026 - 2],27-Sep-2025 03:00 PM,"Directorate of Town Panchayats||Dindigul Zone||Aravakurichi Town Panchayat, Karur",30-Sep-2025 03:00 PM,https://etender.up.nic.in/nicgep/app?component=%24DirectLink_0&page=FrontEndAdvancedSearchResult&service=direct&session=T&sp=S5eE9rXp762hqnxu2ou6G0w%3D%3D
698,2025_TNCSF_602369_1,[SULPUR TRANSPORT WORK],10-Sep-2025 12:25 PM,Department of Sugar||TIRUPATTUR COOPERATIVE SUGAR MILLS LTD,03-Oct-2025 12:00 PM,https://tntenders.gov.in/nicgep/app?component=%24DirectLink&page=FrontEndLatestActiveCorrigendums&service=direct&session=T&sp=Sc1gYerj4SWD3BeTiWjdwvw%3D%3D
699,2025_MAWS_609277_3,"[Providing Formation of  C.C.Road at Dharmaraja Kovil street, Town Big street,Town Big street, Jeyapraksh Street, and Mohamed Ali North 2nd Street in Tirunelveli Ward Zone.]",26-Sep-2025 05:30 PM,MAWS||Tirunelveli City Municipal Corporation,03-Oct-2025 03:00 PM,https://etender.up.nic.in/nicgep/app?component=%24DirectLink_0&page=FrontEndAdvancedSearchResult&service=direct&session=T&sp=Sy7DZ402AtJr3JIzkZrFMmg%3D%3D
700,2025_EB_606730_1,[Construction of Control room building and other related civil works for new Kadavur  33/11 KV SS],20-Sep-2025 03:00 PM,TNEB Limited||TANGEDCO||CE-Karur- TANGEDCO,07-Oct-2025 02:00 PM,https://etender.up.nic.in/nicgep/app?component=%24DirectLink_0&page=FrontEndAdvancedSearchResult&service=direct&session=T&sp=SKj8s%2FNFWmlzpxprC%2FvHJig%3D%3D
701,2025_DTP_608197_1,[2025-26 15th FC Un Tied 2nd Installment  Pudupalayam Town Panchayat],24-Sep-2025 09:00 AM,"Directorate of Town Panchayats||Vellore Zone||Pudupalayam Town Panchayat, Tiruvannamalai",30-Sep-2025 03:00 PM,https://etender.up.nic.in/nicgep/app?component=%24DirectLink_0&page=FrontEndAdvancedSearchResult&service=direct&session=T&sp=Sj03XNfRBKxBJ8xKnGWnjoQ%3D%3D
702,2025_RDTN_609961_1,[providing new bore well at Avudaiyalpuram in Vijayapathi villlage Panchayat],29-Sep-2025 01:00 PM,"Rural Development and Panchayat Raj Department||Tirunelveli,RD,TN||RADHAPURAM, TIRUNELVELI,RD,TN",03-Oct-2025 05:00 PM,https://etender.up.nic.in/nicgep/app?component=%24DirectLink_0&page=FrontEndAdvancedSearchResult&service=direct&session=T&sp=S6USDcahGgDhoN0QKVYe1Ag%3D%3D
703,2025_DTP_609053_1,[15th 2025-2026 2nd DRAIN 8.70],26-Sep-2025 01:00 PM,Directorate of Town Panchayats||Madurai Zone||V.Pudupatti Town Panchayat - Madurai,30-Sep-2025 03:00 PM,https://etender.up.nic.in/nicgep/app?component=%24DirectLink_0&page=FrontEndAdvancedSearchResult&service=direct&session=T&sp=S9dd0p8nbeiSv48NZHG8MzQ%3D%3D
704,2025_HWAY_608522_1,[TN No 53 2025 26 HDO Dt 17 09 2025 TVM 157],26-Sep-2025 11:00 AM,Highways||Construction and Maintenance Wing||Tiruvannamalai Circle,16-Oct-2025 11:00 AM,https://etender.up.nic.in/nicgep/app?component=%24DirectLink_0&page=FrontEndAdvancedSearchResult&service=direct&session=T&sp=SIVnMfl8DIUUxz%2FZ10N5Wyw%3D%3D
705,2025_RDTN_609205_1,[Construction of Kalaiyarangam Building at Kaveri Nagar Muthu Mariyamman Kovil Near  in Muthukadu Panchayat.],26-Sep-2025 03:45 PM,"Rural Development and Panchayat Raj Department||Pudhukottai,RD,TN||ANNAVASAL, PUDUKKOTTAI,RD,TN",06-Oct-2025 03:00 PM,https://etender.up.nic.in/nicgep/app?component=%24DirectLink_0&page=FrontEndAdvancedSearchResult&service=direct&session=T&sp=SiK%2FNy5SlaZFramqwXwehLQ%3D%3D
706,2025_EB_608661_1,[LT-14/2025-26 of SE/GCC-II],25-Sep-2025 02:00 PM,TNEB Limited||TANTRANSCO||CE-Transmission Projects-I-Chennai - TANTRANSCO||SE-GCC II - TANTRANSCO,08-Oct-2025 02:00 PM,https://etender.up.nic.in/nicgep/app?component=%24DirectLink_0&page=FrontEndAdvancedSearchResult&service=direct&session=T&sp=SZyL9K%2BXG%2B%2F2Sa7Kj%2BWFmLg%3D%3D
707,2025_MAWS_608060_1,[Providing BT road surface at bharathiyarpuram street in ward 25],24-Sep-2025 09:00 AM,MAWS||Madurai Municipal Corporation,06-Oct-2025 03:00 PM,https://etender.up.nic.in/nicgep/app?component=%24DirectLink_0&page=FrontEndAdvancedSearchResult&service=direct&session=T&sp=SH94dTRATXWPXzc5Zqwxncw%3D%3D
708,2025_EB_606577_1,"[Supply, Fabrication, Erection of GI steel structures, earthing, materials, etc., for new Madavilagam 110kV SS]",19-Sep-2025 05:10 PM,TNEB Limited||TANTRANSCO||CE-Transmission Projects-II-Trichy - TANTRANSCO,06-Oct-2025 11:00 AM,https://etender.up.nic.in/nicgep/app?component=%24DirectLink_0&page=FrontEndAdvancedSearchResult&service=direct&session=T&sp=SXLjGBzTX2u04KUkBzAtMJw%3D%3D
709,2025_HWAY_602404_1,[Construction of High level bridge at km 0/10 of Pandur - Ulundhandarkoil Road in lieu of existing causeway],15-Sep-2025 09:00 AM,Highways||NABARD and Rural Roads||Chengalpattu,07-Oct-2025 12:00 PM,https://etender.up.nic.in/nicgep/app?component=%24DirectLink_0&page=FrontEndAdvancedSearchResult&service=direct&session=T&sp=SSF0z5h7WXvykgICJ%2FTQbGw%3D%3D
710,2025_AHDF_605353_1,[ LEASING OF FISHERY RIGHTS OF THE VEEDUR RESERVOIR IN VILLUPURAM DISTRICT],18-Sep-2025 09:00 AM,Fisheries and Fishermen Welfare Department||Inland Fisheries - Head Office,06-Oct-2025 09:00 AM,https://etender.up.nic.in/nicgep/app?component=%24DirectLink_0&page=FrontEndAdvancedSearchResult&service=direct&session=T&sp=Si6XzIxS%2FlOo0Y9gI3McVBQ%3D%3D
711,2025_RDTN_609216_1,"[Providing New Borewell , Pumpset  at Annapatti GLR Near  in Sathiyamangalam Panchayat.]",26-Sep-2025 03:45 PM,"Rural Development and Panchayat Raj Department||Pudhukottai,RD,TN||ANNAVASAL, PUDUKKOTTAI,RD,TN",06-Oct-2025 03:00 PM,https://etender.up.nic.in/nicgep/app?component=%24DirectLink_0&page=FrontEndAdvancedSearchResult&service=direct&session=T&sp=SLj2CLGeurPEGEu9TN%2F9ftQ%3D%3D
712,2025_HWAY_601742_1,[TNV 74 Nagercoil  H C and M Sub Division],10-Sep-2025 09:00 AM,Highways||Construction and Maintenance Wing||Tirunelveli Circle,03-Oct-2025 02:00 PM,https://etender.up.nic.in/nicgep/app?component=%24DirectLink_0&page=FrontEndAdvancedSearchResult&service=direct&session=T&sp=SwzTRPqk8VlSbZTJQlt6FmQ%3D%3D
713,2025_MAWS_608508_1,[Demolishing the Existing kitchen building and construction of Lab Building at Masathiyar Girls Higher Secondary School in ward no 47 zone 4],26-Sep-2025 09:00 AM,MAWS||Madurai Municipal Corporation,08-Oct-2025 03:00 PM,https://etender.up.nic.in/nicgep/app?component=%24DirectLink_0&page=FrontEndAdvancedSearchResult&service=direct&session=T&sp=SNFVeGdiDAgke6cs0HESYJg%3D%3D
714,2025_HWAY_605816_1,[Strengthening at Km.62/0 - 64/0 of Thanjavur - Mannargudi - Thiruthuraipoondi - Vedaranyam - Kodiyakkarai road TNJ-89],18-Sep-2025 06:45 PM,Highways||Construction and Maintenance Wing||Thanjavur Circle,07-Oct-2025 11:30 AM,https://etender.up.nic.in/nicgep/app?component=%24DirectLink_0&page=FrontEndAdvancedSearchResult&service=direct&session=T&sp=SR00XhTtwxfq%2BW%2BtLxrMUpg%3D%3D
715,2025_EB_608427_1,[Repair works to the Dispensary building at Vallur camp],24-Sep-2025 06:00 PM,TNEB Limited||TANGEDCO||CE-NCTPS-I - TANGEDCO||SE-Civil Maintenance-NCTPS-I - TANGEDCO,08-Oct-2025 01:00 PM,https://etender.up.nic.in/nicgep/app?component=%24DirectLink_0&page=FrontEndAdvancedSearchResult&service=direct&session=T&sp=SQXuLrdNyF%2FmC8VToR%2B%2FvHA%3D%3D
716,2025_CoC_607790_1,"[Desilting and minor repairs of strom water drain at various street in Dn-23,32,29,30 and 33, U-6 and 8, Zone-3]",23-Sep-2025 02:00 PM,"Corporation of Chennai||Regional Office North,CoC",29-Sep-2025 05:00 PM,https://etender.up.nic.in/nicgep/app?component=%24DirectLink_0&page=FrontEndAdvancedSearchResult&service=direct&session=T&sp=SKaldN2kxIfb5X1eJQXhL2w%3D%3D
717,2025_HWAY_609419_1,[Upgradation of Panchayat Union / Panchayat Roads to Other District Roads (SLM-33)],27-Sep-2025 11:00 AM,Highways||NABARD and Rural Roads||Salem,14-Oct-2025 11:00 AM,https://etender.up.nic.in/nicgep/app?component=%24DirectLink_0&page=FrontEndAdvancedSearchResult&service=direct&session=T&sp=S8XwyCTf2Mw4oe0y5lyH5qQ%3D%3D
718,2025_RDTN_605581_1,[VIK/NNT-2025-26/SATHANUR],18-Sep-2025 06:00 PM,"Rural Development and Panchayat Raj Department||Villupuram,RD,TN||VIKKARAVANDI, VILLUPURAM,RD,TN",30-Sep-2025 03:00 PM,https://etender.up.nic.in/nicgep/app?component=%24DirectLink_0&page=FrontEndAdvancedSearchResult&service=direct&session=T&sp=Sx%2FC4SkrJqsZvsnR6JxoWiA%3D%3D
719,2025_HWAY_607368_1,[Upgradation of Panchayat Union /Panchayat Roads to Other District Roads TRY-70],23-Sep-2025 10:00 AM,Highways||NABARD and Rural Roads||Trichy,09-Oct-2025 11:00 AM,https://etender.up.nic.in/nicgep/app?component=%24DirectLink_0&page=FrontEndAdvancedSearchResult&service=direct&session=T&sp=SnX%2FmjQyRNwEhgIHIYtdUwg%3D%3D
720,2025_SIPCT_606506_1,"[Construction of Female Hostel Building in Mega Leather Park at SIPCOT Industrial Park, Panapakkam.]",19-Sep-2025 06:55 PM,State Industries Promotion Corporation Of TamilNadu||Civil,23-Oct-2025 03:30 PM,https://etender.up.nic.in/nicgep/app?component=%24DirectLink_0&page=FrontEndAdvancedSearchResult&service=direct&session=T&sp=SuJcciWGfJIzuH%2BMxYLfFRg%3D%3D
721,2025_CoC_608684_1,[Construction of a Dog Shelter for Rabies affected and aggressive dogs with a Dog Kennel  Fencing Work Security Room Toilet Block CCTV provisions at Ram Nagar South Velachery Tambaram Main Road Madipakkam in Dn188 Zone 14],25-Sep-2025 01:30 PM,"Corporation of Chennai||Head Quarters,CoC",06-Oct-2025 03:00 PM,https://etender.up.nic.in/nicgep/app?component=%24DirectLink_0&page=FrontEndAdvancedSearchResult&service=direct&session=T&sp=Semt%2F7yRnxPleUKC4j2r%2FYw%3D%3D
722,2025_RDTN_609692_1,[Dharapuram Block - Mines and Minerals- Drainage Construction],27-Sep-2025 05:10 PM,"Rural Development and Panchayat Raj Department||Tiruppur,RD,TN||DHARAPURAM - VP,TIRUPPUR,RD,TN",07-Oct-2025 03:00 PM,https://etender.up.nic.in/nicgep/app?component=%24DirectLink_0&page=FrontEndAdvancedSearchResult&service=direct&session=T&sp=SnR3QjlkKGvIduVQmtqrVnA%3D%3D
723,2025_MAWS_609303_1,[WATER SUPPLY FUND-2025-2026-Supply and Fixing of  2000 lit Sintex tank with Towerand Extension of Water Supply Distribution Line at Ward no.9 Kamaraj Nagar in Karamadai Municipality.],26-Sep-2025 06:00 PM,MAWS||Karamadai Municipality,30-Sep-2025 03:00 PM,https://etender.up.nic.in/nicgep/app?component=%24DirectLink_0&page=FrontEndAdvancedSearchResult&service=direct&session=T&sp=SdS4FQFpx8WPGt04RwIQbXQ%3D%3D
724,2025_HWAY_609346_1,[Upgradation of Panchayat Union / Panchayat Roads to Other District Roads (SLM-12)],27-Sep-2025 11:00 AM,Highways||NABARD and Rural Roads||Salem,14-Oct-2025 11:00 AM,https://etender.up.nic.in/nicgep/app?component=%24DirectLink_0&page=FrontEndAdvancedSearchResult&service=direct&session=T&sp=S9OFDTnmuBhhL7JCUEzHKjg%3D%3D
725,2025_EB_609012_1,"[Provision of Additional 8 MVA 33/11 KV Power Transformer with associated accessories, control panels and civil works complete at Bannari 33/11 kV SS in Gobi EDC in Erode Region on total turnkey basis]",26-Sep-2025 05:30 PM,TNEB Limited||TANGEDCO||CE-Distribution-Erode - TANGEDCO,15-Oct-2025 03:00 PM,https://etender.up.nic.in/nicgep/app?component=%24DirectLink_0&page=FrontEndAdvancedSearchResult&service=direct&session=T&sp=Sqc7DdrdS6LbOQuEnY7TZow%3D%3D
726,2025_TNPL_590276_1,[Overhauling of Gear box at ETP in Energy Mechanical at TNPL Unit - 1.],07-Aug-2025 06:40 PM,Tamilnadu Newsprint and Papers Limited||TNPL Unit-1||TNPL TOS,03-Oct-2025 03:00 PM,https://tntenders.gov.in/nicgep/app?component=%24DirectLink&page=FrontEndLatestActiveCorrigendums&service=direct&session=T&sp=SAj6rWq21C7LV8lPFycJqIg%3D%3D
727,2025_HWAY_604511_1,[TNV 101 Nangunei H C and M Sub Division],16-Sep-2025 09:00 AM,Highways||Construction and Maintenance Wing||Tirunelveli Circle,03-Oct-2025 02:00 PM,https://tntenders.gov.in/nicgep/app?component=%24DirectLink&page=FrontEndLatestActiveCorrigendums&service=direct&session=T&sp=SoRKIcwdDNk4LNB%2B%2FmR4lxA%3D%3D
728,2025_AHDF_608454_1,[ leasing of fishery rights of  23 tanks in Villupuram district.],24-Sep-2025 06:00 PM,Fisheries and Fishermen Welfare Department||Inland Fisheries - Head Office||Cuddalore Region||Assistant Director of Fisheries - Villupuram,09-Oct-2025 10:00 AM,https://etender.up.nic.in/nicgep/app?component=%24DirectLink_0&page=FrontEndAdvancedSearchResult&service=direct&session=T&sp=SztVzc33ThDPvGoYoZoks2g%3D%3D
729,2025_DoTE_610105_1,[SUPPLY OF CONSUMABLE ITEMS],29-Sep-2025 04:00 PM,Directorate of Technical Education||Govt. Polytechnic College - DOTE||GPT-Sevvapet - Thiruvallur,06-Oct-2025 10:00 AM,https://etender.up.nic.in/nicgep/app?component=%24DirectLink_0&page=FrontEndAdvancedSearchResult&service=direct&session=T&sp=Sh4KnzRHp6U%2BSjsCozJxfGg%3D%3D
730,2025_RDTN_609621_1,[Tirupathur District 15 CFC 2025-26 Construction Toilet at PUMS Type-3 in Chinnamottur H/O Chinnamottur Package No.18],27-Sep-2025 02:30 PM,Rural Development and Panchayat Raj Department||Tirupathur RD TN||Jolarpet Tirupathur RD TN,10-Oct-2025 03:00 PM,https://etender.up.nic.in/nicgep/app?component=%24DirectLink_0&page=FrontEndAdvancedSearchResult&service=direct&session=T&sp=Sqcg18eXqq07aJgNKmoaaAA%3D%3D
731,2025_EB_607812_1,"[Construction of control room building with Electrification works,Bore well, Providing Transformer Plinth and various SS structures Plinth foundation, Cable duct,and allied civil works for the New 33/11 KV SS at Ulagam in Krishnagiri ]",26-Sep-2025 02:00 PM,TNEB Limited||TANGEDCO||CE-Distribution-Vellore - TANGEDCO,03-Nov-2025 05:00 PM,https://etender.up.nic.in/nicgep/app?component=%24DirectLink_0&page=FrontEndAdvancedSearchResult&service=direct&session=T&sp=SnpCgRHbt%2BhEl3MmAsC8tbA%3D%3D
732,2025_RDTN_609593_1,[Tirupathur District MPLADS 2024-25Providing Highmass light at T.Veerapalli in Somanaickenpatti],27-Sep-2025 03:00 PM,Rural Development and Panchayat Raj Department||Tirupathur RD TN||Jolarpet Tirupathur RD TN,30-Sep-2025 03:00 PM,https://etender.up.nic.in/nicgep/app?component=%24DirectLink_0&page=FrontEndAdvancedSearchResult&service=direct&session=T&sp=Sk%2Bf3Qn1OsmSDP7msw40XmA%3D%3D
733,2025_HWAY_599287_1,[TN 23 25 26 Tirupur Division TPR 052],01-Sep-2025 05:30 PM,Highways||Construction and Maintenance Wing||Tiruppur Circle,09-Oct-2025 10:45 AM,https://etender.up.nic.in/nicgep/app?component=%24DirectLink_0&page=FrontEndAdvancedSearchResult&service=direct&session=T&sp=SM7X9mVYVU1AKl6OkgFtaBg%3D%3D
734,2025_TNCSF_606915_1,[PURCHASE OF RUBBER SEAL KIT],20-Sep-2025 04:00 PM,Department of Sugar||MOHANUR COOPERATIVE SUGAR MILLS LTD,03-Oct-2025 02:00 PM,https://tntenders.gov.in/nicgep/app?component=%24DirectLink&page=FrontEndLatestActiveCorrigendums&service=direct&session=T&sp=Sot6zFyDRX20wD4Fnx26sGw%3D%3D
735,2025_HWAY_609365_1,[Upgradation of Panchayat Union / Panchayat Roads to Other District Roads (SLM-15)],27-Sep-2025 11:00 AM,Highways||NABARD and Rural Roads||Salem,14-Oct-2025 11:00 AM,https://etender.up.nic.in/nicgep/app?component=%24DirectLink_0&page=FrontEndAdvancedSearchResult&service=direct&session=T&sp=Se8w01uYR1SAPd%2FwMSvApyQ%3D%3D
736,2025_EB_606559_1,[MTPS BM Overhauling and attending repair works at the work shop machineries of Lathe No II of Beco make Model MD 630P 3000mm],19-Sep-2025 05:00 PM,TNEB Limited||TANGEDCO||CE-MTPS-I - TANGEDCO||SE-Mechanical Maintenance I-MTPS-I - TANGEDCO,03-Oct-2025 02:00 PM,https://etender.up.nic.in/nicgep/app?component=%24DirectLink_0&page=FrontEndAdvancedSearchResult&service=direct&session=T&sp=SU0T1fcvKOLZD3sryAZiR8A%3D%3D
737,2025_DTP_609836_1,[15TH CFC 1ST 2025-26 ILANJI ],28-Sep-2025 09:00 AM,Directorate of Town Panchayats||Tirunelveli Zone||Puthur S Town Panchayat,30-Sep-2025 03:00 PM,https://etender.up.nic.in/nicgep/app?component=%24DirectLink_0&page=FrontEndAdvancedSearchResult&service=direct&session=T&sp=SgGCjbRiXFgbSuHI7%2F16Wuw%3D%3D
738,2025_DTP_609851_1,[OM 2025-26],28-Sep-2025 09:00 AM,Directorate of Town Panchayats||Tirunelveli Zone||Puthur S Town Panchayat,30-Sep-2025 03:00 PM,https://etender.up.nic.in/nicgep/app?component=%24DirectLink_0&page=FrontEndAdvancedSearchResult&service=direct&session=T&sp=ShwmQP1dcgL2oV3kYZcfNyQ%3D%3D
739,2025_HWAY_603614_1,[VPM-095-CRIDP-2025-26],18-Sep-2025 10:00 AM,Highways||Construction and Maintenance Wing||Villupuram Circle,15-Oct-2025 12:00 PM,https://etender.up.nic.in/nicgep/app?component=%24DirectLink_0&page=FrontEndAdvancedSearchResult&service=direct&session=T&sp=SEzRLan3TY9Tzw%2FoMp1ou0Q%3D%3D
740,2025_TNPL_608392_1,[PROCUREMENT OF COOLING TOWER ALGAE CONTROL CHEMICAL FOR BOARD MACHINE OF TNPL UNIT II],24-Sep-2025 05:30 PM,Tamilnadu Newsprint and Papers Limited||TNPL Unit-2||TNPL Purchase,03-Oct-2025 03:00 PM,https://etender.up.nic.in/nicgep/app?component=%24DirectLink_0&page=FrontEndAdvancedSearchResult&service=direct&session=T&sp=SjfrMfrqtjP60XntaSkMYXA%3D%3D
741,2025_TNPL_605192_1,[Procurement of Bio Surfactant for De Inking plant at Unit I],17-Sep-2025 06:45 PM,Tamilnadu Newsprint and Papers Limited||TNPL Unit-1||TNPL Purchase,30-Sep-2025 03:00 PM,https://etender.up.nic.in/nicgep/app?component=%24DirectLink_0&page=FrontEndAdvancedSearchResult&service=direct&session=T&sp=Sk2HYeW1G2P6eYfjdV8%2BoMQ%3D%3D
742,2025_HWAY_609671_1,[Denkanikottai (H) CandM Sub Division (SLM-103)],29-Sep-2025 10:00 AM,Highways||Construction and Maintenance Wing||Salem Circle,23-Oct-2025 10:30 AM,https://etender.up.nic.in/nicgep/app?component=%24DirectLink_0&page=FrontEndAdvancedSearchResult&service=direct&session=T&sp=Skk0w%2BHSAIHjh49XgfzvoeA%3D%3D
743,2025_DTP_608582_7,[MANDAPAM 15TH FINANCE 2025-2026 Storm Water Drain],27-Sep-2025 02:00 PM,Directorate of Town Panchayats||Sivaganga Zone||Mandapam Town Panchayat,30-Sep-2025 03:00 PM,https://etender.up.nic.in/nicgep/app?component=%24DirectLink_0&page=FrontEndAdvancedSearchResult&service=direct&session=T&sp=SKI%2BWr6b%2BpvLlRQBVXas1SA%3D%3D
744,2025_HWAY_600342_1,[ TN.39/Sl.No.02/KPM/CRIDP Work 2025-26 ],17-Sep-2025 06:30 PM,Highways||Construction and Maintenance Wing||Chennai Circle,16-Oct-2025 10:15 AM,https://etender.up.nic.in/nicgep/app?component=%24DirectLink_0&page=FrontEndAdvancedSearchResult&service=direct&session=T&sp=SW8P0KwiuYQ%2BVVGFZBHwToA%3D%3D
745,2025_EB_598740_1,"[Supply, erection, testing and commisioning of 33/11KV Pilakurichi SS with 1x8 MVA at perambalur EDC in Trichy Region with total Turnkey basis]",30-Aug-2025 10:00 AM,TNEB Limited||TANGEDCO||CE-Trichy EDC - TANGEDCO,08-Oct-2025 02:30 PM,https://tntenders.gov.in/nicgep/app?component=%24DirectLink&page=FrontEndLatestActiveCorrigendums&service=direct&session=T&sp=SPFTswibIGm5k9I5r%2F6zCLw%3D%3D
746,2025_MAWS_607665_2,"[ Construction of Additional  Class  Rooms Building  Municipal Middle School East, in  Aranthangi  Municipality.]",26-Sep-2025 09:00 AM,MAWS||Aranthangi Municipality,30-Sep-2025 03:00 PM,https://etender.up.nic.in/nicgep/app?component=%24DirectLink_0&page=FrontEndAdvancedSearchResult&service=direct&session=T&sp=SyFzmcOW149Xxl7uyiy9%2BUg%3D%3D
747,2025_TNPL_609268_1,[FABRICATION OF BED COIL BENDS OUT OF GIVEN TUBES],26-Sep-2025 06:00 PM,Tamilnadu Newsprint and Papers Limited||TNPL Unit-1||TNPL Purchase,09-Oct-2025 03:00 PM,https://etender.up.nic.in/nicgep/app?component=%24DirectLink_0&page=FrontEndAdvancedSearchResult&service=direct&session=T&sp=SDDdhQysxBrSD7b1p01D0Dw%3D%3D
748,2025_DTP_609802_1,[Providing  CC Road  Ward No1 Vaddakkuthrai vannarappalaiyam Street In Parangipettai Town Panchayat],28-Sep-2025 09:00 AM,"Directorate of Town Panchayats||Cuddalore Zone||Parangipettai Town Panchayat, Cuddalore",30-Sep-2025 04:00 PM,https://etender.up.nic.in/nicgep/app?component=%24DirectLink_0&page=FrontEndAdvancedSearchResult&service=direct&session=T&sp=SADyFd8phbEVbBYwe7Kqk2g%3D%3D
749,2025_DTP_606495_1,"[Restoration of BT Road at  Kalaingar Colony- IV, Keelasunnambukara Street to Ambethkar Nagar Road Link, Bus Stand - I in Alangudi Town Panchayat]",19-Sep-2025 05:00 PM,"Directorate of Town Panchayats||Tiruchirappalli Zone||Alangudi Town Panchayat, Pudukkottai",30-Sep-2025 03:00 PM,https://etender.up.nic.in/nicgep/app?component=%24DirectLink_0&page=FrontEndAdvancedSearchResult&service=direct&session=T&sp=SGi%2Fr7t3bivMyOUdfK0g6aQ%3D%3D
750,2025_RDTN_610007_1,[Providing Paver block arrangment at Kallikumarapuram East street  New builtup area in K.Navalady V.pt],29-Sep-2025 01:00 PM,"Rural Development and Panchayat Raj Department||Tirunelveli,RD,TN||RADHAPURAM, TIRUNELVELI,RD,TN",03-Oct-2025 05:00 PM,https://etender.up.nic.in/nicgep/app?component=%24DirectLink_0&page=FrontEndAdvancedSearchResult&service=direct&session=T&sp=S8AfBZHbclmGtaQmz3V6Zeg%3D%3D
751,2025_MAWS_609334_1,[WATER SUPPLY FUND-2025-2026-Supply and Fixing of 5000lit Sintex tank with Tower at Ward no.17 Sasthirinagar North Side  Area in Karamadai Municipality.],26-Sep-2025 06:00 PM,MAWS||Karamadai Municipality,30-Sep-2025 03:00 PM,https://etender.up.nic.in/nicgep/app?component=%24DirectLink_0&page=FrontEndAdvancedSearchResult&service=direct&session=T&sp=SITTg68P%2BmTWlgNkgpWznJQ%3D%3D
752,2025_EB_609199_1,[Procurement of L.T. Shackle insulator ],26-Sep-2025 04:00 PM,TNEB Limited||TANGEDCO||CE-Distribution-Erode - TANGEDCO||SE-Salem - TANGEDCO,13-Oct-2025 02:30 PM,https://etender.up.nic.in/nicgep/app?component=%24DirectLink_0&page=FrontEndAdvancedSearchResult&service=direct&session=T&sp=SozjZln4Bgaxi1fNhJifB2Q%3D%3D
753,2025_MAWS_608505_1,[Construction of Anganwadi center at VST street in Tiruvarur Municipality],25-Sep-2025 09:00 AM,MAWS||Tiruvarur Municipality,08-Oct-2025 03:00 PM,https://etender.up.nic.in/nicgep/app?component=%24DirectLink_0&page=FrontEndAdvancedSearchResult&service=direct&session=T&sp=S1hnETnIguC0qXyAuwBkXCg%3D%3D
754,2025_TCMPF_603640_1,"[Supply, Erection And Commissioning of  Industrial Lift]",13-Sep-2025 03:15 PM,Tamilnadu Co-op Milk Producers Federation Ltd.||EDCMPU Ltd - Erode - TCMPF,30-Sep-2025 11:00 AM,https://tntenders.gov.in/nicgep/app?component=%24DirectLink&page=FrontEndLatestActiveCorrigendums&service=direct&session=T&sp=ScV4RagjrKZApL2oSjcHTug%3D%3D
755,2025_RDTN_610089_1,[Vellore District Construction of Collection Channel with Horizontal Filter at AD Colony kizhaku colony in Agaramcheri Panchayat of Gudiyatham Block. 15th CFC (BP) 2025 -2026 Package no 08],29-Sep-2025 03:30 PM,"Rural Development and Panchayat Raj Department||Vellore,RD,TN||GUDIYATHAM, VELLORE,RD,TN",09-Oct-2025 03:00 PM,https://etender.up.nic.in/nicgep/app?component=%24DirectLink_0&page=FrontEndAdvancedSearchResult&service=direct&session=T&sp=SD66TW4rZYQ5v%2BRFn0I6ufw%3D%3D
756,2025_MAWS_609997_8,[providing distribution main tharapuram new colony street in ward no. 13],29-Sep-2025 04:30 PM,MAWS||Tirunelveli City Municipal Corporation,07-Oct-2025 03:00 PM,https://etender.up.nic.in/nicgep/app?component=%24DirectLink_0&page=FrontEndAdvancedSearchResult&service=direct&session=T&sp=Sf4SaRqnYf7X%2FXXlPpvNTiA%3D%3D
757,2025_DTP_604932_1,[15th finnance 2025-26Improvements of paver block road at Vendalicode to Essakkiammankovil temple Eanchacode road in Ponmanai Town Panchayat.],17-Sep-2025 09:00 AM,Directorate of Town Panchayats||Nagercoil Zone||Ponmanai Town Panchayat,30-Sep-2025 03:00 PM,https://etender.up.nic.in/nicgep/app?component=%24DirectLink_0&page=FrontEndAdvancedSearchResult&service=direct&session=T&sp=SRTx5naRmVBbD0K3LNa6BFQ%3D%3D
758,2025_AHDF_607114_1,[Leasing of Fishing rights of mathur Lake],22-Sep-2025 11:00 AM,Fisheries and Fishermen Welfare Department||Inland Fisheries - Head Office||Chennai Region||Assistant Director of Fisheries -  Kancheepuram,08-Oct-2025 12:00 PM,https://etender.up.nic.in/nicgep/app?component=%24DirectLink_0&page=FrontEndAdvancedSearchResult&service=direct&session=T&sp=SVxGMonBZtFjzVI26JIwggw%3D%3D
759,2025_CoC_603207_1,"[El.D.C.No.Centre/3800/2025/ Supply and Erection of 43 nos of 7 Mtr lamp posts with LED fittings at Tagore nagar 3rd Street, Dharmaraja Koil Street and various locations in Div 96, 100, Zone 8]",17-Sep-2025 03:00 PM,"Corporation of Chennai||Head Quarters,CoC",03-Oct-2025 02:15 PM,https://etender.up.nic.in/nicgep/app?component=%24DirectLink_0&page=FrontEndAdvancedSearchResult&service=direct&session=T&sp=SOFYv1w2d6k7JmEoHxPm7cQ%3D%3D
760,2025_HWAY_603198_1,[TN.38/Sl.No.02/KPM/CRIDP Work 2025-26],17-Sep-2025 06:40 PM,Highways||Construction and Maintenance Wing||Chennai Circle,16-Oct-2025 10:15 AM,https://etender.up.nic.in/nicgep/app?component=%24DirectLink_0&page=FrontEndAdvancedSearchResult&service=direct&session=T&sp=SmMhpOZ4SxWZXfWqISZaRiA%3D%3D
761,2025_HWAY_604783_1,[Restoration Works -2025-26],17-Sep-2025 06:30 PM,Highways||Construction and Maintenance Wing||Coimbatore Circle||Coimbatore,03-Oct-2025 03:00 PM,https://etender.up.nic.in/nicgep/app?component=%24DirectLink_0&page=FrontEndAdvancedSearchResult&service=direct&session=T&sp=SdXtsrqgEnAAxZy1pED9XEg%3D%3D
762,2025_HWAY_609350_1,[Upgradation of Panchayat Union / Panchayat Roads to Other District Roads (SLM-13)],27-Sep-2025 11:00 AM,Highways||NABARD and Rural Roads||Salem,14-Oct-2025 11:00 AM,https://etender.up.nic.in/nicgep/app?component=%24DirectLink_0&page=FrontEndAdvancedSearchResult&service=direct&session=T&sp=S6WB9awPMoHYsvfvAKtaFnQ%3D%3D
763,2025_MAWS_608637_1,[CONSTRUCTION OF ANGANWADI BUILDING  CENTRE AT KEEZHA THENPATHI  MUNICIPAL PRIMARY SCHOOL CAMPUS WARD NO17 SIRKALI MUNICIPALITY],25-Sep-2025 01:05 PM,MAWS||Sirkazhi Municipality,08-Oct-2025 03:00 PM,https://etender.up.nic.in/nicgep/app?component=%24DirectLink_0&page=FrontEndAdvancedSearchResult&service=direct&session=T&sp=SXSGSr6LgEMwY%2Be2w9pcoig%3D%3D
764,2025_DTP_609918_1,[MLA CDS Fund Scheme  2024 2025 Temporary Passenger Shelter set in Front of the Marriage hall on LF Road  in C Pudupatti Town Panchayat],29-Sep-2025 09:00 AM,Directorate of Town Panchayats||Theni Zone||Pudupatti Town Panchayat - Theni,30-Sep-2025 06:00 PM,https://etender.up.nic.in/nicgep/app?component=%24DirectLink_0&page=FrontEndAdvancedSearchResult&service=direct&session=T&sp=SfmnV1TcQaD0jjpgJEU3FkA%3D%3D
765,2025_EB_605207_1,"[Online Effluent Quality Monitoring System software, online monitoring and data transmission of stack parameters from VGTPS to TNPCB / CPCB software merging and migration works with 1 year AMC support]",17-Sep-2025 05:10 PM,TNEB Limited||TANGEDCO||CE-GTS - TANGEDCO||SE-Valuthur Gas Turbine Power Stations,03-Oct-2025 02:00 PM,https://etender.up.nic.in/nicgep/app?component=%24DirectLink_0&page=FrontEndAdvancedSearchResult&service=direct&session=T&sp=SY0jM0AyFkkR%2B%2B3Vr7OPvLA%3D%3D
766,2025_EB_609280_1,[TP1-99/2025-26],26-Sep-2025 05:30 PM,TNEB Limited||TANTRANSCO||CE-Transmission Projects-I-Chennai - TANTRANSCO,09-Oct-2025 02:00 PM,https://etender.up.nic.in/nicgep/app?component=%24DirectLink_0&page=FrontEndAdvancedSearchResult&service=direct&session=T&sp=SW%2F7I44K3ejsdYfZu2BGRdQ%3D%3D
767,2025_DTP_609856_1,[Genguvarpatti Town Panchayat Theni District15 TH FINANCE 2nd INSTALMENT  2025 2026],29-Sep-2025 09:00 AM,Directorate of Town Panchayats||Theni Zone||Ganguvarpatti Town Panchayat - Theni,30-Sep-2025 03:00 PM,https://etender.up.nic.in/nicgep/app?component=%24DirectLink_0&page=FrontEndAdvancedSearchResult&service=direct&session=T&sp=Sp9yaIxqYutfW72Ojxx1QiQ%3D%3D
768,2025_RDTN_607813_1,[Providing Basic infrastructure works at Sorakolathur and Thenpallipattu Camps in Thurinjapuram Block Package No. TVM/2025-26/179 of Tiruvannamalai District],23-Sep-2025 02:00 PM,"Rural Development and Panchayat Raj Department||Tiruvannamalai,RD,TN",30-Sep-2025 03:00 PM,https://tntenders.gov.in/nicgep/app?component=%24DirectLink&page=FrontEndLatestActiveCorrigendums&service=direct&session=T&sp=SqrG0oBEjjd1aTLqk5FK%2FxQ%3D%3D
769,2025_MAWS_609536_6,[ School Improvement Grant Operation and Maintenance works -2025-26 Retender],27-Sep-2025 02:00 PM,MAWS||Karur Municipality,30-Sep-2025 03:00 PM,https://etender.up.nic.in/nicgep/app?component=%24DirectLink_0&page=FrontEndAdvancedSearchResult&service=direct&session=T&sp=STq%2FWZRXBwk4hhMQ1sicuyQ%3D%3D
770,2025_HWAY_598758_5,[Widening from TL to FL and Strengthening in Aranthangi SubDivision incl. SubWorks (TRY-48)],30-Aug-2025 06:30 PM,Highways||Construction and Maintenance Wing||Trichy Circle,30-Sep-2025 11:00 AM,https://etender.up.nic.in/nicgep/app?component=%24DirectLink_0&page=FrontEndAdvancedSearchResult&service=direct&session=T&sp=S2h6LSGnHuKotWplRnx3uPg%3D%3D
771,2025_HWAY_605884_1,[Special Repairs to the Government roads in Mannargudi H CandM sub division Jurisdiction TNJ93],18-Sep-2025 06:45 PM,Highways||Construction and Maintenance Wing||Thanjavur Circle,07-Oct-2025 11:30 AM,https://etender.up.nic.in/nicgep/app?component=%24DirectLink_0&page=FrontEndAdvancedSearchResult&service=direct&session=T&sp=SPdogO%2F8C9z0M3E6H5Nytsw%3D%3D
772,2025_EB_604845_1,[Fabrication and Supply of RBFD 21 Forward chute for Top Portion A  B Middle Portion  Bottom Portion  at Secondary Crusher House I ],16-Sep-2025 05:30 PM,TNEB Limited||TANGEDCO||CE-TTPS - TANGEDCO||SE-Purchase and Administration-TTPS - TANGEDCO,06-Oct-2025 02:00 PM,https://etender.up.nic.in/nicgep/app?component=%24DirectLink_0&page=FrontEndAdvancedSearchResult&service=direct&session=T&sp=SWbq6YZiLqKVaM%2B9j68qyuA%3D%3D
773,2025_RDTN_608748_1,[Vellore district Providing CC Pavement at Saraswathi Nagar in Kilarasamapet Panchayat  in Kaniyambadi Block General Fund 2025-26 PACKAGE NO 17],25-Sep-2025 03:00 PM,"Rural Development and Panchayat Raj Department||Vellore,RD,TN||KANIAMBADI, VELLORE,RD,TN",10-Oct-2025 03:00 PM,https://etender.up.nic.in/nicgep/app?component=%24DirectLink_0&page=FrontEndAdvancedSearchResult&service=direct&session=T&sp=S0xP%2BX7tc%2FdhMyM35lgRehA%3D%3D
774,2025_HWAY_602913_4,"[TRY-83 / 2025-26, Aranthangi SubDivision]",13-Sep-2025 06:00 PM,Highways||Construction and Maintenance Wing||Trichy Circle,07-Oct-2025 11:00 AM,https://tntenders.gov.in/nicgep/app?component=%24DirectLink&page=FrontEndLatestActiveCorrigendums&service=direct&session=T&sp=SzDUTu2AzwQosJRsiPZcIUw%3D%3D
775,2025_SETC_597926_1,"[SUPPLY OF MEALS ,CURD AND TEA TO OUR EMPLOYEES AT SHENKOTTAIDEPOT.]",27-Aug-2025 04:30 PM,State Express Transport Corporation Tamilnadu Limited||Chennai-Materials,03-Oct-2025 03:00 PM,https://tntenders.gov.in/nicgep/app?component=%24DirectLink&page=FrontEndLatestActiveCorrigendums&service=direct&session=T&sp=SrXD6Entv4E%2FzhXicpwjAXw%3D%3D
776,2025_HWAY_607118_1,[Hosur (H) CandM Sub Division (SLM-95)],22-Sep-2025 10:00 AM,Highways||Construction and Maintenance Wing||Salem Circle,23-Oct-2025 10:30 AM,https://etender.up.nic.in/nicgep/app?component=%24DirectLink_0&page=FrontEndAdvancedSearchResult&service=direct&session=T&sp=SvmDNt7KKWlPL946jnC17kg%3D%3D
777,2025_EB_605101_1,[Establishment of new Esanur    33/11 KV Outdoor Substation    with 2 x8 MVA Power Transformer  (Electrical works only) in Cuddalore EDC in Villupuram Region of TNPDCL under total Turnkey Basis.],17-Sep-2025 06:00 PM,TNEB Limited||TANGEDCO||CE-Distribution-Villupuram - TANGEDCO,07-Oct-2025 02:00 PM,https://etender.up.nic.in/nicgep/app?component=%24DirectLink_0&page=FrontEndAdvancedSearchResult&service=direct&session=T&sp=S7JITz0vY7mH8wkdU4Hv%2BcA%3D%3D
778,2025_HWAY_606623_1,[Construction of High Level Bridge at 0/6 of Pillaiyarkoilthurai -E.Chettipalayam road in lieu of existing causeway],20-Sep-2025 11:00 AM,Highways||NABARD and Rural Roads||Salem,07-Oct-2025 11:00 AM,https://etender.up.nic.in/nicgep/app?component=%24DirectLink_0&page=FrontEndAdvancedSearchResult&service=direct&session=T&sp=Si%2F2g3MmKIwLNL2kg4KaBHA%3D%3D
779,2025_EB_600536_1,[Works Contract in EE O and M Urban Karur division at Karur EDC ],04-Sep-2025 04:00 PM,TNEB Limited||TANGEDCO||CE-Karur- TANGEDCO||SE-Karur - TANGEDCO,10-Oct-2025 03:00 PM,https://tntenders.gov.in/nicgep/app?component=%24DirectLink&page=FrontEndLatestActiveCorrigendums&service=direct&session=T&sp=S10EnkWPeu7tSoxvfOusOMw%3D%3D
780,2025_EB_604996_1,"[SUPPLY OF SPARES FOR 210MW KWU TURBINE, BEARING PEDESTAL OF UNIT IV and  V. ]",17-Sep-2025 12:00 PM,TNEB Limited||TANGEDCO||CE-TTPS - TANGEDCO||SE-Purchase and Administration-TTPS - TANGEDCO,03-Oct-2025 02:00 PM,https://etender.up.nic.in/nicgep/app?component=%24DirectLink_0&page=FrontEndAdvancedSearchResult&service=direct&session=T&sp=SM6Kv9GxPaYblYiU8EXT8fQ%3D%3D
781,2025_HWAY_603395_1,[TN No 42 2025 26 HDO Dt 03 09 2025 TVM 124],22-Sep-2025 11:00 AM,Highways||Construction and Maintenance Wing||Tiruvannamalai Circle,16-Oct-2025 11:00 AM,https://etender.up.nic.in/nicgep/app?component=%24DirectLink_0&page=FrontEndAdvancedSearchResult&service=direct&session=T&sp=SyZTlcMLLdfS0mxFAW8Q8dg%3D%3D
782,2025_TNSTC_606283_1,"[Engagement of buses along with driver from private operators on hire basis for crowed clearance during weekend, Festival days Deepavali and Pongal, Full Moon  days, New moon days etc.. by TNSTC(MDU)Ltd., Virudhunagar Region]",19-Sep-2025 12:00 PM,Tamilnadu State Transport Corporation||Madurai Corporation||Central Purchase Department||Procurement,06-Oct-2025 11:00 AM,https://etender.up.nic.in/nicgep/app?component=%24DirectLink_0&page=FrontEndAdvancedSearchResult&service=direct&session=T&sp=SIVY88HS78yYBMlN01Hop7g%3D%3D
783,2025_RDTN_607570_1,[Salem District (Thalaivasal Block) Construction of Kitchen Cum Store room Building in Govt Higher Secondary School H/o Deviyakurichi.Work No.02/2025-2026.PT MGR Noon Meal Scheme 2025 - 2026.],22-Sep-2025 06:00 PM,"Rural Development and Panchayat Raj Department||Salem,RD,TN||THALAIVASAL, SALEM,RD,TN",07-Oct-2025 03:00 PM,https://etender.up.nic.in/nicgep/app?component=%24DirectLink_0&page=FrontEndAdvancedSearchResult&service=direct&session=T&sp=SCfUqNbi7abJYra1fHXRV0g%3D%3D
784,2025_EB_609281_1,[TTPS Operation Circle  O E II FPS Overhauling of fire hydrant gate valves in various sizes 300/250/200/150/100 and 80 NB],26-Sep-2025 05:45 PM,TNEB Limited||TANGEDCO||CE-TTPS - TANGEDCO||SE-Operation-TTPS - TANGEDCO,13-Oct-2025 02:00 PM,https://etender.up.nic.in/nicgep/app?component=%24DirectLink_0&page=FrontEndAdvancedSearchResult&service=direct&session=T&sp=SmRt39O4Y8o4ibmtNz8fs8Q%3D%3D
785,2025_RDTN_609333_1,"[Vellore district Providing Existing Borewell with 2 HP Motor, Cable, Rope Extension of Pipe line at Near Balakrishnan House Narayanapuram in Unaivaniyambadi Panchayat Anaicut Block 15th CFC-BP 2025-2026(TIED and UNTIED) Scheme Package no  09]",26-Sep-2025 06:00 PM,"Rural Development and Panchayat Raj Department||Vellore,RD,TN||ANAICUT, VELLORE,RD,TN",06-Oct-2025 03:00 PM,https://etender.up.nic.in/nicgep/app?component=%24DirectLink_0&page=FrontEndAdvancedSearchResult&service=direct&session=T&sp=SXWqGKN6BV5nLunqjsiyQ3g%3D%3D
786,2025_HWAY_606377_1,[TN.No.27 / SI.No.09 / 2025-2026 / SDO / CPT - 42],20-Sep-2025 03:00 PM,Highways||NABARD and Rural Roads||Chengalpattu,07-Oct-2025 12:00 PM,https://etender.up.nic.in/nicgep/app?component=%24DirectLink_0&page=FrontEndAdvancedSearchResult&service=direct&session=T&sp=Stt39eA9Pmt2rjBaXnxeYTQ%3D%3D
787,2025_MAWS_609298_1,[WATER SUPPLY FUND-2025-2026-Supply and Fixing of Tower at Ward no.8 Ayarpadi Area in Karamadai Municipality.],26-Sep-2025 06:00 PM,MAWS||Karamadai Municipality,30-Sep-2025 03:00 PM,https://etender.up.nic.in/nicgep/app?component=%24DirectLink_0&page=FrontEndAdvancedSearchResult&service=direct&session=T&sp=Sy1F7XiTHyvRjeohkmPCdwg%3D%3D
788,2025_CoC_609414_1,[E.L.D.C.No.SM II/P3/4088/ 2025                      Replacement of 24 nos. of 240 to 300W out of warranty non repairable LED FL fittings to new 300W LED FL fittings for 2 nos. of Umbrella HM at Kathipara junction in  Div160  Zone XII ],27-Sep-2025 09:00 AM,"Corporation of Chennai||Head Quarters,CoC||L-Electrical,HQ,CoC",06-Oct-2025 02:15 PM,https://etender.up.nic.in/nicgep/app?component=%24DirectLink_0&page=FrontEndAdvancedSearchResult&service=direct&session=T&sp=SoUFODWZ7gpIT3vyRtTJ2tw%3D%3D
789,2025_DTP_605788_1,[2025-2026 15th Finance Scheme Tied Grant IInd  Installment in Alwarthirunagari Town Panchayat],19-Sep-2025 03:00 PM,Directorate of Town Panchayats||Tirunelveli Zone||Alwarthirunagiri Town Panchayat,30-Sep-2025 03:00 PM,https://etender.up.nic.in/nicgep/app?component=%24DirectLink_0&page=FrontEndAdvancedSearchResult&service=direct&session=T&sp=SwBpk9joO1QOE3%2Fq%2BV3dcQg%3D%3D
790,2025_CoC_609669_1,"[Z.O.XIV.C.NO.E2/4619-13/2025 Attending Road Cut Restoration Work (CMWSSB) at  Nesavalar nagar MGR street ,Nesavalar nagar Indragandhi street ,Nesavalar nagar Ma.Po.Ci street,Nesavalar nagar Rajiv gandhi street,Nesavalar nagar in dn-191]",27-Sep-2025 04:00 PM,"Corporation of Chennai||Regional office South,CoC",29-Sep-2025 06:00 PM,https://etender.up.nic.in/nicgep/app?component=%24DirectLink_0&page=FrontEndAdvancedSearchResult&service=direct&session=T&sp=Sn9K4SiokS9yZXukAj%2B7rZg%3D%3D
791,2025_RDTN_608728_1,"[Construction of  30,000 LITRES CAPACITY SERVICE RESERVOIR - 12.00m STAGING HEIGHT at Kinippalayam Habitation H/O Mettupudhur Panchayat  in Perundurai  Panchayat Union  of  Erode District under MLACDS 2025 26]",25-Sep-2025 03:05 PM,"Rural Development and Panchayat Raj Department||Erode,RD,TN||PERUNDURAI, ERODE,RD,TN",30-Sep-2025 03:00 PM,https://etender.up.nic.in/nicgep/app?component=%24DirectLink_0&page=FrontEndAdvancedSearchResult&service=direct&session=T&sp=SVoiceAh4JgGwS7j75Sn3aA%3D%3D
792,2025_MAWS_609881_1,[Supply and Fixing of Motor and Pipe at W.No.6 Vanitha Kalvi Nilayam Borewell in Kangeyam Municipality],29-Sep-2025 09:00 AM,MAWS||Kangeyam Municipality,30-Sep-2025 03:00 PM,https://etender.up.nic.in/nicgep/app?component=%24DirectLink_0&page=FrontEndAdvancedSearchResult&service=direct&session=T&sp=SZDNNVY7ru49uKAluMdJncQ%3D%3D
793,2025_HWAY_605719_1,[TN.No.26 / SI.No.08 / 2025-2026 / SDO / CPT - 29],20-Sep-2025 09:00 AM,Highways||NABARD and Rural Roads||Chengalpattu,07-Oct-2025 12:00 PM,https://etender.up.nic.in/nicgep/app?component=%24DirectLink_0&page=FrontEndAdvancedSearchResult&service=direct&session=T&sp=S8pVW3VlO5ikrW4h8xAumOQ%3D%3D
794,2025_WRD_609071_1,[Construction of Check dam across Uppar Odai in S.F.No.422 of Periyakumarapalayam Village in Dharapuram Taluk of Tiruppur District],26-Sep-2025 02:00 PM,Water Resources Department||CE WRD Coimbatore Region - Coimbatore||SE Parambikulam Aliyar Basin Circle WRD - Pollachi,15-Oct-2025 02:00 PM,https://etender.up.nic.in/nicgep/app?component=%24DirectLink_0&page=FrontEndAdvancedSearchResult&service=direct&session=T&sp=SPvBlqO7gubV4W94S%2BG8fuw%3D%3D
795,2025_RDTN_609583_1,[Vellore district Construction of Compound wall in PUES and sentex renovaion in vallam Panchayat  in Kaniyambadi Block General Fund 2025-26 PACKAGE NO 41],27-Sep-2025 01:30 PM,"Rural Development and Panchayat Raj Department||Vellore,RD,TN||KANIAMBADI, VELLORE,RD,TN",10-Oct-2025 03:00 PM,https://etender.up.nic.in/nicgep/app?component=%24DirectLink_0&page=FrontEndAdvancedSearchResult&service=direct&session=T&sp=SVvYuwa3bEo96FfCXOlVj6A%3D%3D
796,2025_HWAY_605270_1,[MDU 129 / Mudukulathur Sub Division / CRIDP 2025 26],20-Sep-2025 04:00 PM,Highways||Construction and Maintenance Wing||Madurai Circle,07-Oct-2025 11:00 AM,https://etender.up.nic.in/nicgep/app?component=%24DirectLink_0&page=FrontEndAdvancedSearchResult&service=direct&session=T&sp=SEPp3ReW0ngu%2B%2FBMKPYeS5Q%3D%3D
797,2025_EB_600169_1,[Supply of LT Metal Parts],08-Sep-2025 12:00 PM,TNEB Limited||TANGEDCO||CE-Distribution-Vellore - TANGEDCO||SE-Vellore - TANGEDCO,09-Oct-2025 02:00 PM,https://tntenders.gov.in/nicgep/app?component=%24DirectLink&page=FrontEndLatestActiveCorrigendums&service=direct&session=T&sp=SCixB8eQ504aR7lSuKuF9yQ%3D%3D
798,2025_HWAY_606418_1,[MDU 149 / Thiruppathur and Karaikudi Sub Divisions / CRIDP 2025 26],23-Sep-2025 09:00 AM,Highways||Construction and Maintenance Wing||Madurai Circle,07-Oct-2025 11:00 AM,https://etender.up.nic.in/nicgep/app?component=%24DirectLink_0&page=FrontEndAdvancedSearchResult&service=direct&session=T&sp=Sf3dZxPmb5Y937lQO7Ykkyw%3D%3D
799,2025_HWAY_606187_3,[Upgradation of Panchayat Union /Panchayat Roads to Other District Roads TRY-64],20-Sep-2025 10:00 AM,Highways||NABARD and Rural Roads||Trichy,07-Oct-2025 11:00 AM,https://etender.up.nic.in/nicgep/app?component=%24DirectLink_0&page=FrontEndAdvancedSearchResult&service=direct&session=T&sp=Sh7EV2mGI1MvTizjpgp3X1w%3D%3D
800,2025_MAWS_604987_5,[Tiruppur City Municipal Corporation_Maintenance and Special Repair works to MCC Centre at Palavanjipalayam MCC Centre II in ward No57],17-Sep-2025 01:00 PM,MAWS||Trippur City Municipal Corporation,30-Sep-2025 03:00 PM,https://tntenders.gov.in/nicgep/app?component=%24DirectLink&page=FrontEndLatestActiveCorrigendums&service=direct&session=T&sp=SVBbNxnN10kTvCIpudmXAsg%3D%3D
801,2025_MAWS_607224_1,[GENERAL FUND-2025-2026-Repair and Maintanace of Compound Wall at Ward no.15 Mangalakaraiputhur School in Karamadai Municipality.],22-Sep-2025 09:00 AM,MAWS||Karamadai Municipality,30-Sep-2025 03:00 PM,https://etender.up.nic.in/nicgep/app?component=%24DirectLink_0&page=FrontEndAdvancedSearchResult&service=direct&session=T&sp=SjfkxKN9ASc5ctsv2M9vMGQ%3D%3D
802,2025_HRCE_607524_1,[Construction of Residential Building for Archagar and Staff Quarters at Vyasarpadi],22-Sep-2025 05:40 PM,Hindu Religious and Charitable Endowments||Joint Commissioner office - Chennai - 1||Arulmigu Raveeswarar Temple - Vyasarpadi,08-Oct-2025 11:00 AM,https://etender.up.nic.in/nicgep/app?component=%24DirectLink_0&page=FrontEndAdvancedSearchResult&service=direct&session=T&sp=SHilEZZSpEydvd0LsZt9L%2Bg%3D%3D
803,2025_EB_607138_1,[Works Contract for rural panapakkam section.],22-Sep-2025 09:00 AM,TNEB Limited||TANGEDCO||CE-Distribution-Vellore - TANGEDCO||SE-Vellore - TANGEDCO,06-Oct-2025 02:00 PM,https://etender.up.nic.in/nicgep/app?component=%24DirectLink_0&page=FrontEndAdvancedSearchResult&service=direct&session=T&sp=Sst4CWiW2eF9%2FmD89ZVnO6A%3D%3D
804,2025_TNMSC_584533_1,"[ONLINE TENDER FOR SUPPLY AND INSTALLATION OF KINETIC ENDOTOXIN DETECTION SYSTEM TO DEPT. OF BIOLOGICAL CONTROL, KING INSTITUTE OF PREVENTIVE MEDICINE AND RESEARCH, CHENNAI]",22-Jul-2025 06:30 PM,Tamilnadu Medical Services Corporation||Equipment,30-Sep-2025 11:00 AM,https://tntenders.gov.in/nicgep/app?component=%24DirectLink&page=FrontEndLatestActiveCorrigendums&service=direct&session=T&sp=SKBC6mkdLPwdHaAWQ5R7HRA%3D%3D
805,2025_HWAY_598326_1,[TN 21 25 26 Tirupur Division TPR 046],29-Aug-2025 05:30 PM,Highways||Construction and Maintenance Wing||Tiruppur Circle,30-Sep-2025 10:45 AM,https://etender.up.nic.in/nicgep/app?component=%24DirectLink_0&page=FrontEndAdvancedSearchResult&service=direct&session=T&sp=SCub%2Fdri1KSOo7kcSf1GqIQ%3D%3D
806,2025_DTP_609651_1,[Providing Footpath with sidewall at Nunthalamattam],27-Sep-2025 05:00 PM,"Directorate of Town Panchayats||Udhagamandalam||Keti Town Panchayat, The Nilgiris",30-Sep-2025 03:00 PM,https://etender.up.nic.in/nicgep/app?component=%24DirectLink_0&page=FrontEndAdvancedSearchResult&service=direct&session=T&sp=SAB7X5abiuAJYBlpM4tuL9A%3D%3D
807,2025_HWAY_605839_1,[Non Plan 2025 - 2026],22-Sep-2025 06:00 PM,Highways||Construction and Maintenance Wing||Coimbatore Circle,09-Oct-2025 10:30 AM,https://etender.up.nic.in/nicgep/app?component=%24DirectLink_0&page=FrontEndAdvancedSearchResult&service=direct&session=T&sp=SmXI7lLIXknPboKhcVSz%2BAg%3D%3D
808,2025_DTP_609893_1,"[Construction of Bus Shelter at Bypass Alathur Division Road Near In Illuppur Town Panchayat, Pudukkottai District under MLA Fund 2024-2025]",29-Sep-2025 09:00 AM,"Directorate of Town Panchayats||Tiruchirappalli Zone||Iluppur Town Panchayat, Pudukkottai",07-Oct-2025 03:00 PM,https://etender.up.nic.in/nicgep/app?component=%24DirectLink_0&page=FrontEndAdvancedSearchResult&service=direct&session=T&sp=SdzaFwMxE6tlthknok2wk6Q%3D%3D
809,2025_DTP_609701_1,[15TH FINANCE    TIED GRANT 2025 26 IInd  INSTALLMENT Thevaram Town Panchayat Construction of Storm Water Drain at Ward No 16 Pattallamman Kovil Street  Ward No 18 Amaravathi Nagar in Thevaram Town Panchayat],27-Sep-2025 04:30 PM,Directorate of Town Panchayats||Theni Zone||Melachokkanathapuram Town Panchayat - Theni,30-Sep-2025 03:00 PM,https://etender.up.nic.in/nicgep/app?component=%24DirectLink_0&page=FrontEndAdvancedSearchResult&service=direct&session=T&sp=STPGogqN7cVRh5R1EdlOymg%3D%3D
810,2025_TNMSC_576581_1,[TENDER FOR EMPANELMENT OF SERVICE PROVIDER FOR ESTABLISHMENT OF HEMODIALYSIS SERVICE IN VARIOUS PHCS THROUGH PUBLIC PRIVATE PARTNERSHIP MODE],01-Jul-2025 06:40 PM,Tamilnadu Medical Services Corporation||Equipment,07-Oct-2025 11:00 AM,https://tntenders.gov.in/nicgep/app?component=%24DirectLink&page=FrontEndLatestActiveCorrigendums&service=direct&session=T&sp=SlrnKYiUSPdEsFFp1A4LG%2Bg%3D%3D
811,2025_PWD_607599_1,[Construction of Additional Four Class Room Building under NABARD RIDF XXXI in Government Higher Secondary School at Kadathur in Erode District.],23-Sep-2025 10:00 AM,"PWD||PWD CE buildings||Chief  Engineer-Coimbatore Region - Coimbatore||Buildings (C and M) Circle, Erode",30-Sep-2025 03:00 PM,https://etender.up.nic.in/nicgep/app?component=%24DirectLink_0&page=FrontEndAdvancedSearchResult&service=direct&session=T&sp=Sd9l%2BDTyUSo0joAhz96zqCQ%3D%3D
812,2025_RDTN_609556_1,[Tirupathur District 15 CFC 2025-26 Providing Paver Block From Govindharaj House to Shanmugam House in Velakalnatham H/O Velakalnatham Package No.08],27-Sep-2025 02:00 PM,Rural Development and Panchayat Raj Department||Tirupathur RD TN||Jolarpet Tirupathur RD TN,10-Oct-2025 03:00 PM,https://etender.up.nic.in/nicgep/app?component=%24DirectLink_0&page=FrontEndAdvancedSearchResult&service=direct&session=T&sp=ShcUI4og2F8g%2FW8yk2k3NCw%3D%3D
813,2025_RDTN_610092_1,[Vellore District Construction of 30000 litre RCC OHT (12.00 m Staging Height) at Samundipuram in Seruvangi Panchayat of Gudiyatham Block 15th CFC (BP) 2025 -2026 Package no 16],29-Sep-2025 03:45 PM,"Rural Development and Panchayat Raj Department||Vellore,RD,TN||GUDIYATHAM, VELLORE,RD,TN",09-Oct-2025 03:00 PM,https://etender.up.nic.in/nicgep/app?component=%24DirectLink_0&page=FrontEndAdvancedSearchResult&service=direct&session=T&sp=S0zBT4zS%2Fp9M%2Bsh6wuELgDQ%3D%3D
814,2025_CoC_608649_1,[M.E.D.C.C.D.C.No. C1/281/001/2025 ],25-Sep-2025 02:30 PM,"Corporation of Chennai||Head Quarters,CoC",13-Oct-2025 03:00 PM,https://etender.up.nic.in/nicgep/app?component=%24DirectLink_0&page=FrontEndAdvancedSearchResult&service=direct&session=T&sp=SZd65sBZryzP5E0Wz%2BQEfbw%3D%3D
815,2025_MAWS_609766_1,[Supply and Delivery of 46 nos Gas Chlorine in Usilampatti municipality],29-Sep-2025 09:00 AM,MAWS||Tirumangalam Municipality,06-Oct-2025 03:00 PM,https://etender.up.nic.in/nicgep/app?component=%24DirectLink_0&page=FrontEndAdvancedSearchResult&service=direct&session=T&sp=SzFGLF2VM5FYOhbidvMzkzw%3D%3D
816,2025_MAWS_609888_1,"[Providing Cement Concrete Road at ward no 04, Chinnamudhaliyar Chavadykuppam North Street in Kottakuppam Municipality]",29-Sep-2025 09:00 AM,MAWS||Kottakuppam Municipality,03-Oct-2025 03:00 PM,https://tntenders.gov.in/nicgep/app?component=%24DirectLink&page=FrontEndLatestActiveCorrigendums&service=direct&session=T&sp=Sd76zVB13zLvRbAEHnWKKeA%3D%3D
817,2025_CoC_609594_1,"[Z.O.XIV.C.NO.E2/0989-21/2025 Attending Road Cut Restoration Work (CMWSSB) at Padmavathi Nagar Maheswari Street in Dn. 191, Unit-43, Zone-14.]",27-Sep-2025 02:00 PM,"Corporation of Chennai||Regional office South,CoC",29-Sep-2025 06:00 PM,https://etender.up.nic.in/nicgep/app?component=%24DirectLink_0&page=FrontEndAdvancedSearchResult&service=direct&session=T&sp=S5StZ2XCMQiWiG8cdNln1dQ%3D%3D
818,2025_SETC_597790_1,"[SUPPLY OF MEALS ,CURD AND TEA TO OUR EMPLOYEES AT CWS TRICHY  DEPOT.]",27-Aug-2025 04:30 PM,State Express Transport Corporation Tamilnadu Limited||Chennai-Materials,03-Oct-2025 03:00 PM,https://tntenders.gov.in/nicgep/app?component=%24DirectLink&page=FrontEndLatestActiveCorrigendums&service=direct&session=T&sp=Si311p5R7ObgYlyGg3gak3g%3D%3D
819,2025_DTP_607402_1,[15th Finance Tied Grant 2025-20256 (Pacode Town Panchayat)],22-Sep-2025 03:00 PM,Directorate of Town Panchayats||Nagercoil Zone||Pacode Town Panchayat,30-Sep-2025 03:00 PM,https://etender.up.nic.in/nicgep/app?component=%24DirectLink_0&page=FrontEndAdvancedSearchResult&service=direct&session=T&sp=SLPLW%2BcIMcUU3Zrjdyv9MQQ%3D%3D
820,2025_EB_576952_1,[Hiring Vehicle of 1 No. Diesel/Petrol Driven  VAN / JEEP for the use of Ex-Serviceman Military Squad attached to Assistant Executive Engineer / Operation / Kanchipuram a period of THREE years],02-Jul-2025 04:20 PM,TNEB Limited||TANGEDCO||CE-Distribution-Chennai-South - TANGEDCO||SE-Kanchipuram - TANGEDCO,03-Oct-2025 02:00 PM,https://tntenders.gov.in/nicgep/app?component=%24DirectLink&page=FrontEndLatestActiveCorrigendums&service=direct&session=T&sp=SmBWH43uM%2BfISFgwF%2F5dK4w%3D%3D
821,2025_EB_605237_1,[Supply of Back clamp and Stay Clamp],17-Sep-2025 06:00 PM,TNEB Limited||TANGEDCO||CE-Distribution-Madurai - TANGEDCO||SE-Madurai Metro - TANGEDCO,06-Oct-2025 12:00 PM,https://etender.up.nic.in/nicgep/app?component=%24DirectLink_0&page=FrontEndAdvancedSearchResult&service=direct&session=T&sp=SJjd7qkb%2FpmJXuAl5S69sog%3D%3D
822,2025_MAWS_607533_11,"[15th CFC 2025-26 Tied SWM Construction of Strom Water Drain at Paruthivilai North 1st Cross Street in ward No.15,Thilagar Street  in ward no.04, Pallikoodm 6th street in ward no.08 at Kadayanallur Municipality]",23-Sep-2025 11:00 AM,MAWS||Kadayanallur Municipality,06-Oct-2025 03:00 PM,https://etender.up.nic.in/nicgep/app?component=%24DirectLink_0&page=FrontEndAdvancedSearchResult&service=direct&session=T&sp=S0RGRWP4JDUl6ALdgKt3zfQ%3D%3D
823,2025_EB_605087_1,"[Manufacture, fabrication, supply, erection, testing and commissioning of 33/11 KV SS with 2X8 MVA Power transformers, associated equipments, accessories, control panels at Virupatchipuram in Vellore EDC in Vellore Region on total turnkey basis]",23-Sep-2025 02:00 PM,TNEB Limited||TANGEDCO||CE-Distribution-Vellore - TANGEDCO,23-Oct-2025 02:00 PM,https://etender.up.nic.in/nicgep/app?component=%24DirectLink_0&page=FrontEndAdvancedSearchResult&service=direct&session=T&sp=SlHkdweRdQqCtABUjGQGQwg%3D%3D
824,2025_TNMIN_600195_1,[PRODUCTION CUM PURCHASE CONTRACTOR FOR PRODUCTION AND PURCHASE OF GRADE WISE EXFOLIATED VERMICULITE ],04-Sep-2025 10:00 AM,Tamil Nadu Minerals Limited||Head Office - TNMIN||Production - TNMIN,06-Oct-2025 04:00 PM,https://etender.up.nic.in/nicgep/app?component=%24DirectLink_0&page=FrontEndAdvancedSearchResult&service=direct&session=T&sp=SXTp0ErDrLiyIu20J7jDw2Q%3D%3D
825,2025_DMA_609966_6,"[Providing of Interlocking Paver Block at pathway and Raising  Compound wall ,Doors and Windows Community Hall ,Nallathambi Road in Ward No.07 Zone No.01 TCMC]",29-Sep-2025 01:00 PM,Directorate Of Municipal Administration||Tambaram City Municipal Corporation,06-Oct-2025 03:00 PM,https://tntenders.gov.in/nicgep/app?component=%24DirectLink&page=FrontEndLatestActiveCorrigendums&service=direct&session=T&sp=SR08%2FoXvpdRCGPO%2B%2BSJ%2F7lw%3D%3D
826,2025_RDTN_609471_9,[Providing CC Pavement at Therkku Achampatty Pillayarkovil Street in Achampatty Panchayat],27-Sep-2025 10:00 AM,"Rural Development and Panchayat Raj Department||Tirunelveli,RD,TN||MANUR, TIRUNELVELI,RD,TN",06-Oct-2025 03:00 PM,https://etender.up.nic.in/nicgep/app?component=%24DirectLink_0&page=FrontEndAdvancedSearchResult&service=direct&session=T&sp=STZwM%2B37PVp7lBcqPOoNr%2Bg%3D%3D
827,2025_HWAY_603419_1,[TN.41/Sl.No.01/CPT/CRIDP Work 2025-26],24-Sep-2025 06:50 PM,Highways||Construction and Maintenance Wing||Chennai Circle,16-Oct-2025 10:15 AM,https://etender.up.nic.in/nicgep/app?component=%24DirectLink_0&page=FrontEndAdvancedSearchResult&service=direct&session=T&sp=SovMjEgRbt%2BgjARKwwJLQqw%3D%3D
828,2025_TCMPF_608470_1,[MARKETING ROUTE VEHICLE TENDER],24-Sep-2025 06:05 PM,Tamilnadu Co-op Milk Producers Federation Ltd.||TDCMPU Ltd-Tirupur-TCMPF,27-Oct-2025 10:30 AM,https://etender.up.nic.in/nicgep/app?component=%24DirectLink_0&page=FrontEndAdvancedSearchResult&service=direct&session=T&sp=S4Pc2BG12A6qxcJekD7KR6w%3D%3D
829,2025_DTP_609252_1,[207/2025 15th Finance IInd Installment Mayanam Comboundwal],26-Sep-2025 04:20 PM,"Directorate of Town Panchayats||Salem Zone||Seerapalli Town Panchayat, Namakkal",03-Oct-2025 03:00 PM,https://etender.up.nic.in/nicgep/app?component=%24DirectLink_0&page=FrontEndAdvancedSearchResult&service=direct&session=T&sp=SaRMJyRzYS3JapMusqhGqvA%3D%3D
830,2025_RDTN_609540_1,[irupathur District 15 CFC 2025-26 Construction of Mini CSC Toilet at Kalnarsampatti H/o Kalnarsampatti Type-3 Package No.06],27-Sep-2025 02:00 PM,Rural Development and Panchayat Raj Department||Tirupathur RD TN||Jolarpet Tirupathur RD TN,10-Oct-2025 03:00 PM,https://etender.up.nic.in/nicgep/app?component=%24DirectLink_0&page=FrontEndAdvancedSearchResult&service=direct&session=T&sp=SBIb2BoUmBi7ap%2FLjCq3H%2FA%3D%3D
831,2025_MAWS_608813_1,[Chidambaram Municipality-Construction of Kitchen and Store Room at Anganwadi Building  Kothangudi street ward no 21 in Chidambaram Municipality],25-Sep-2025 05:00 PM,MAWS||Mayiladuthurai Municipality,08-Oct-2025 03:00 PM,https://etender.up.nic.in/nicgep/app?component=%24DirectLink_0&page=FrontEndAdvancedSearchResult&service=direct&session=T&sp=SxidXN2s9XFitBT2EyWJRbQ%3D%3D
832,2025_EB_592920_1,[M 182 PROCUREMENT OF 33 KV METERING SET OF VARIOUS RATIOS],14-Aug-2025 04:20 PM,TNEB Limited||TANGEDCO||CE-Material Management - TANGEDCO,23-Oct-2025 02:00 PM,https://tntenders.gov.in/nicgep/app?component=%24DirectLink&page=FrontEndLatestActiveCorrigendums&service=direct&session=T&sp=SBXoC3ED2ZSnCTgsk7GMspQ%3D%3D
833,2025_HWAY_609028_1,[Roadwork],27-Sep-2025 10:00 AM,Highways||NABARD and Rural Roads||Tirunelveli,14-Oct-2025 11:00 AM,https://etender.up.nic.in/nicgep/app?component=%24DirectLink_0&page=FrontEndAdvancedSearchResult&service=direct&session=T&sp=SmbaHAw9Q6XuVw6NfaWmgCw%3D%3D
834,2025_DoTE_603413_1,"[Supply of 80W laser type domestic CO2 glass sealed laser tube, Servicing of Laser Engraving machine (Non-Metal) and fixing of 80W (CO2) laser glass sealed tube]",12-Sep-2025 05:00 PM,"Directorate of Technical Education||Govt. Polytechnic College - DOTE||Tamil Nadu Polytechnic College, TPK Road, Madurai",13-Oct-2025 12:00 PM,https://tntenders.gov.in/nicgep/app?component=%24DirectLink&page=FrontEndLatestActiveCorrigendums&service=direct&session=T&sp=SIdsgZRVdiXa3NFNjrOHFrw%3D%3D
835,2025_CoC_609818_1,"[Z.O. XIV.C.No.E1/3668-2/2025  Restoration of Metro water CMWSSB BT Roadcut portion at Palkalai nagar 5th link 1st cross street, Palkalai nagar 5th link 2nd cross street, Palkalai nagar Avenue 7th cross street, Palkalai nagar Avenue 8th cross street i]",27-Sep-2025 06:50 PM,"Corporation of Chennai||Regional office South,CoC",29-Sep-2025 06:00 PM,https://etender.up.nic.in/nicgep/app?component=%24DirectLink_0&page=FrontEndAdvancedSearchResult&service=direct&session=T&sp=SgXkQkKcEG3nl5p1JsraxIg%3D%3D
836,2025_TNMIN_597283_1,[Sale of Tailing sand (below 0.09 mm size) (as is where is condition)],26-Aug-2025 10:00 AM,Tamil Nadu Minerals Limited||Head Office - TNMIN||Production - TNMIN,09-Oct-2025 04:00 PM,https://tntenders.gov.in/nicgep/app?component=%24DirectLink&page=FrontEndLatestActiveCorrigendums&service=direct&session=T&sp=Sv6OuPw3it%2BmYl8PRw7fEBw%3D%3D
837,2025_TNPL_598309_1,[Repairing and Reconditioning of Sludge Screw Press in DIP at Pulp Mill - Mechanical in TNPL Unit - I],28-Aug-2025 06:30 PM,Tamilnadu Newsprint and Papers Limited||TNPL Unit-1||TNPL TOS,03-Oct-2025 03:00 PM,https://tntenders.gov.in/nicgep/app?component=%24DirectLink&page=FrontEndLatestActiveCorrigendums&service=direct&session=T&sp=S7KcKvs1V17x4eo%2BCgt2i1A%3D%3D
838,2025_HWAY_582710_1,[TN.24/Sl.No.03/TVLR/CRIDP Work 2025-26],30-Aug-2025 06:55 PM,Highways||Construction and Maintenance Wing||Chennai Circle,30-Sep-2025 11:00 AM,https://etender.up.nic.in/nicgep/app?component=%24DirectLink_0&page=FrontEndAdvancedSearchResult&service=direct&session=T&sp=SWwx5gMRUuW%2FbNiqOz2nNuA%3D%3D
839,2025_HWAY_601228_1,[Krishnagiri (H) CandM Sub Division (SLM-81)],08-Sep-2025 10:00 AM,Highways||Construction and Maintenance Wing||Salem Circle,23-Oct-2025 10:30 AM,https://etender.up.nic.in/nicgep/app?component=%24DirectLink_0&page=FrontEndAdvancedSearchResult&service=direct&session=T&sp=SQxmXXGB9QBvPfakSJYWzeA%3D%3D
840,2025_HWAY_604193_1,[VPM-094-CRIDP 2025-26],18-Sep-2025 10:00 AM,Highways||Construction and Maintenance Wing||Villupuram Circle,15-Oct-2025 12:00 PM,https://etender.up.nic.in/nicgep/app?component=%24DirectLink_0&page=FrontEndAdvancedSearchResult&service=direct&session=T&sp=Sm28%2Ba9RUCf1osYBoFYosUw%3D%3D
841,2025_TNPL_601538_1,[Replacement of Water Coil Tube in Diesel fired Canteen Boiler at Energy - Mechanical in TNPL Unit - I],08-Sep-2025 05:30 PM,Tamilnadu Newsprint and Papers Limited||TNPL Unit-1||TNPL TOS,03-Oct-2025 03:00 PM,https://tntenders.gov.in/nicgep/app?component=%24DirectLink&page=FrontEndLatestActiveCorrigendums&service=direct&session=T&sp=ScbYp4%2BjqQx3FEFuvpZu05w%3D%3D
842,2025_MAWS_608214_1,[SFC 2025-26 Reconstruction of Anganvadi Building at Jawahar street (Centre Code No. 33733030209) in Kadayanallur Municipality],24-Sep-2025 11:00 AM,MAWS||Kadayanallur Municipality,08-Oct-2025 03:00 PM,https://etender.up.nic.in/nicgep/app?component=%24DirectLink_0&page=FrontEndAdvancedSearchResult&service=direct&session=T&sp=Ssl2COx%2Fi5krKvs4ueVWSXA%3D%3D
843,2025_CoC_607371_1,"[New Constr of SWD of Size 900x900mm at Sundar Ngr 2nd Ave,Woodcrek County Mn Rd and Padmini Garden in Dn158 and Demolition and Reconst of SWD size 900x900mm at Kumaran St,Perya Colony Bajanai Koil St and Dr.Ambedkar Ngr 5th Mn Rd in Dn157and159,Zn-12]",25-Sep-2025 06:00 PM,"Corporation of Chennai||Regional office South,CoC",03-Oct-2025 03:00 PM,https://etender.up.nic.in/nicgep/app?component=%24DirectLink_0&page=FrontEndAdvancedSearchResult&service=direct&session=T&sp=SOartr6Ex0XsNwVGz%2FidQQg%3D%3D
844,2025_TNMSC_600255_1,[ONLINE TENDER FOR FIXING RATE CONTRACT FOR SUPPLY AND INSTALLTION OF ULTRASOUND SCANNER TO VARIOUS GOVT. INSTITUTIONS],03-Sep-2025 06:55 PM,Tamilnadu Medical Services Corporation||Equipment,07-Oct-2025 11:00 AM,https://etender.up.nic.in/nicgep/app?component=%24DirectLink_0&page=FrontEndAdvancedSearchResult&service=direct&session=T&sp=SlpvWhSB6rqZ8jdAatRmRBQ%3D%3D
845,2025_EB_602383_1,[Provision of One number Petrol (fuel cost on par with diesel rate) / Diesel Driven / Van / Jeep / vehicle for the Official use of the Vigilance Officer / Madurai on daily hire basis for a period of One Year with 7 years registration.],10-Sep-2025 01:00 PM,TNEB Limited||TANGEDCO||CE-Distribution-Madurai - TANGEDCO||SE-Madurai - TANGEDCO,03-Oct-2025 02:30 PM,https://tntenders.gov.in/nicgep/app?component=%24DirectLink&page=FrontEndLatestActiveCorrigendums&service=direct&session=T&sp=SQcoSNOSHP1RVL8AEke77kQ%3D%3D
846,2025_TNCSF_604595_1,[sale of bagasse/6834/2013/sale],27-Sep-2025 02:00 PM,Department of Sugar||SUBRAMANIYA SIVA COOPERATIVE SUGAR MILLS LTD,06-Oct-2025 06:00 PM,https://etender.up.nic.in/nicgep/app?component=%24DirectLink_0&page=FrontEndAdvancedSearchResult&service=direct&session=T&sp=SAJygW7ydEynUI9Tt%2B6q93Q%3D%3D
847,2025_EB_606084_1,[Supply and Erection of 15 deg Fabricated Ceramic Coal bend for HP 803 Bowl Mills],19-Sep-2025 09:00 AM,TNEB Limited||TANGEDCO||CE-NCTPS-I - TANGEDCO||SE-Purchase and Administration-NCTPS-I - TANGEDCO,03-Oct-2025 02:00 PM,https://etender.up.nic.in/nicgep/app?component=%24DirectLink_0&page=FrontEndAdvancedSearchResult&service=direct&session=T&sp=SZtfi70pvhvbl%2BUdRGjY3Bg%3D%3D
848,2025_HWAY_601212_1,[Yercaud (H) CandM Sub Division (SLM-77)],08-Sep-2025 10:00 AM,Highways||Construction and Maintenance Wing||Salem Circle,23-Oct-2025 10:30 AM,https://etender.up.nic.in/nicgep/app?component=%24DirectLink_0&page=FrontEndAdvancedSearchResult&service=direct&session=T&sp=STEbx1q2ae39voAxjYCgX9w%3D%3D
849,2025_EB_598731_1,"[Supply, erection, testing and commisioning of 33/11KV Nadupatty SS with 2x8 MVA at Trichy Metro EDC in Trichy Region with total Turnkey basis]",30-Aug-2025 10:00 AM,TNEB Limited||TANGEDCO||CE-Trichy EDC - TANGEDCO,08-Oct-2025 02:30 PM,https://tntenders.gov.in/nicgep/app?component=%24DirectLink&page=FrontEndLatestActiveCorrigendums&service=direct&session=T&sp=SVr%2FNaTGzrm%2FHRA%2FDrMKhoA%3D%3D
850,2025_MAWS_609850_1,[Dharapuram Municipality Supply of 15 Nos Cleanliness Workers for Government and Municipal School Cleanliness Wordk in Dharapuram Municipality.],29-Sep-2025 09:00 AM,MAWS||Dharapuram Municipality,14-Oct-2025 03:00 PM,https://etender.up.nic.in/nicgep/app?component=%24DirectLink_0&page=FrontEndAdvancedSearchResult&service=direct&session=T&sp=SkmzbeB3sT4d%2FupAbZgvrYw%3D%3D
851,2025_HWAY_606597_1,[Upgradation of Vellimalai - Chinnathirupathi Road Km 0/0 - 16/8],20-Sep-2025 06:55 PM,Highways||NABARD and Rural Roads||Chengalpattu,22-Oct-2025 12:00 PM,https://etender.up.nic.in/nicgep/app?component=%24DirectLink_0&page=FrontEndAdvancedSearchResult&service=direct&session=T&sp=Sxj2F4CVoGial4Bo7dgq2vw%3D%3D
852,2025_RDTN_610037_1,[providing paver block at idinthakarai st.joseph school backside in vijayapathi v.pt],29-Sep-2025 03:00 PM,"Rural Development and Panchayat Raj Department||Tirunelveli,RD,TN||RADHAPURAM, TIRUNELVELI,RD,TN",03-Oct-2025 05:00 PM,https://etender.up.nic.in/nicgep/app?component=%24DirectLink_0&page=FrontEndAdvancedSearchResult&service=direct&session=T&sp=S0mE1%2BA4f7RVyyMZk9phL2g%3D%3D
853,2025_PWD_610119_1,"[Special repairs to Compound wall and toilet in Primary Health centre at Kooram, Kancheepuram District]",29-Sep-2025 04:30 PM,"PWD||PWD CE buildings||Buildings (C and M) Circle, PWD, Vellore||Buildings (C and M) Division, PWD, Kancheepuram",10-Oct-2025 03:00 PM,https://etender.up.nic.in/nicgep/app?component=%24DirectLink_0&page=FrontEndAdvancedSearchResult&service=direct&session=T&sp=STFsRgs2YZ1%2Fr1IMzFz1F9g%3D%3D
854,2025_PWD_605018_1,[Construction of New Industrial Training Institute Building at Kamuthi in Ramanathapuram District],18-Sep-2025 06:55 PM,"PWD||PWD CE buildings||Chief Engineer - Madurai Region - Madurai||Buildings (C and M) Circle, Sivagangai||Buildings (C and M) Division, Sivagangai",07-Oct-2025 03:00 PM,https://etender.up.nic.in/nicgep/app?component=%24DirectLink_0&page=FrontEndAdvancedSearchResult&service=direct&session=T&sp=Sji80Ktve88S5CehApu2DqQ%3D%3D
855,2025_HWAY_595608_1,[CRIDP 2025 - 2026],25-Aug-2025 06:00 PM,Highways||Construction and Maintenance Wing||Coimbatore Circle,09-Oct-2025 10:30 AM,https://etender.up.nic.in/nicgep/app?component=%24DirectLink_0&page=FrontEndAdvancedSearchResult&service=direct&session=T&sp=ScGKgezKHDO67w7U%2FeX7%2B5A%3D%3D
856,2025_CoC_609590_1,"[Relaying the road with B.C. after cold milling by Paver finsher along with traffic improvement in Dr.Ambedkar College Road(stephenson Bridge to Aaduthotti (LHS)) in Div-71, zone-06]",27-Sep-2025 06:00 PM,"Corporation of Chennai||Head Quarters,CoC",03-Oct-2025 03:00 PM,https://etender.up.nic.in/nicgep/app?component=%24DirectLink_0&page=FrontEndAdvancedSearchResult&service=direct&session=T&sp=S%2BGtTsg7rgN9jMKSdV2g2Tg%3D%3D
857,2025_MAWS_608136_1,[Providing of ARK DACADE CROSS LENS FLOODHigh bay Light 200W  Light at Palai Road Sports Arena Near APC School in Thoothukudi City Municipal Corporation],24-Sep-2025 10:00 AM,MAWS||Tuticorin Municipal Corporation,06-Oct-2025 03:00 PM,https://etender.up.nic.in/nicgep/app?component=%24DirectLink_0&page=FrontEndAdvancedSearchResult&service=direct&session=T&sp=S%2BiOBlTIxG%2FSH03zzj3Lprg%3D%3D
858,2025_HWAY_602907_1,"[TRY-77 / 2025-26, Pudukkottai West SubDivision]",13-Sep-2025 06:00 PM,Highways||Construction and Maintenance Wing||Trichy Circle,07-Oct-2025 11:00 AM,https://tntenders.gov.in/nicgep/app?component=%24DirectLink&page=FrontEndLatestActiveCorrigendums&service=direct&session=T&sp=SLeIhdgPv%2FycmRSWF%2FGx18Q%3D%3D
859,2025_EB_599617_1,[Works contract for Preventive and Breakdown Maintenance including Emergency breakdowns for 3 years at Thiruvannamalai lines section ],06-Sep-2025 05:00 PM,TNEB Limited||TANTRANSCO||CE-System Operation-Chennai - TANTRANSCO||SE-Operation-Villupuram - TANTRANSCO,06-Oct-2025 02:00 PM,https://etender.up.nic.in/nicgep/app?component=%24DirectLink_0&page=FrontEndAdvancedSearchResult&service=direct&session=T&sp=SJLz0y45weX77fffDng1qnA%3D%3D
860,2025_EB_605208_1,[Procurement of 4by2 way dual coil solenoid valve for HAG 110 V AC ],17-Sep-2025 05:00 PM,TNEB Limited||TANGEDCO||CE-TTPS - TANGEDCO||SE-Purchase and Administration-TTPS - TANGEDCO,07-Oct-2025 02:00 PM,https://etender.up.nic.in/nicgep/app?component=%24DirectLink_0&page=FrontEndAdvancedSearchResult&service=direct&session=T&sp=SYsaysCA1E0AgCN5e8eYtHQ%3D%3D
861,2025_EB_607203_1,[Works Contract for rural panapakkam section.],22-Sep-2025 09:00 AM,TNEB Limited||TANGEDCO||CE-Distribution-Vellore - TANGEDCO||SE-Vellore - TANGEDCO,06-Oct-2025 02:00 PM,https://etender.up.nic.in/nicgep/app?component=%24DirectLink_0&page=FrontEndAdvancedSearchResult&service=direct&session=T&sp=SubcmBaZF%2FMvWjkE6aWNgnw%3D%3D
862,2025_HWAY_602985_1,"[TNV 95 Nangunei  H C M, Sub division]",12-Sep-2025 09:00 AM,Highways||Construction and Maintenance Wing||Tirunelveli Circle,03-Oct-2025 02:00 PM,https://etender.up.nic.in/nicgep/app?component=%24DirectLink_0&page=FrontEndAdvancedSearchResult&service=direct&session=T&sp=StSaRkob0PAhgJ8u7kDuoZg%3D%3D
863,2025_EB_609088_1,"[Improvement work by construction of Pocket Stores at  AE O M  West  Vellore section, Vellore division]",26-Sep-2025 01:15 PM,TNEB Limited||TANGEDCO||CE-Distribution-Vellore - TANGEDCO||SE-Vellore - TANGEDCO,09-Oct-2025 01:00 PM,https://etender.up.nic.in/nicgep/app?component=%24DirectLink_0&page=FrontEndAdvancedSearchResult&service=direct&session=T&sp=SlzTOcJg8G4Yhv8%2BMpzBcPA%3D%3D
864,2025_RDTN_607551_1,"[Salem Block -PTMGR Noonmeal Scheme 2025-26 - Construction of Kitchen cum store at Corporation H.S. School in Jahir Ammapalayam, Salem]",22-Sep-2025 06:00 PM,"Rural Development and Panchayat Raj Department||Salem,RD,TN||SALEM, SALEM,RD,TN",30-Sep-2025 03:00 PM,https://etender.up.nic.in/nicgep/app?component=%24DirectLink_0&page=FrontEndAdvancedSearchResult&service=direct&session=T&sp=SHDGR74CzqVSRaca7AQYT9w%3D%3D
865,2025_HWAY_609214_1,[Upgradation of Panchayat Union /Panchayat Roads to Other District Roads TRY-88],27-Sep-2025 10:00 AM,Highways||NABARD and Rural Roads||Trichy,14-Oct-2025 11:00 AM,https://etender.up.nic.in/nicgep/app?component=%24DirectLink_0&page=FrontEndAdvancedSearchResult&service=direct&session=T&sp=StFpTJI8t4NVw8bcIdwsk2g%3D%3D
866,2025_DTP_608123_1,[15th CFC 2025-26 2nd Instalment-3],24-Sep-2025 09:00 AM,Directorate of Town Panchayats||Madurai Zone||Chettiarpatti Town Panchayat - Madurai,30-Sep-2025 03:00 PM,https://etender.up.nic.in/nicgep/app?component=%24DirectLink_0&page=FrontEndAdvancedSearchResult&service=direct&session=T&sp=SghBm27qCmk9LyUmh9HmABA%3D%3D
867,2025_EB_608348_1,[LT-09/2025-26 of SE/GCC-II],24-Sep-2025 03:00 PM,TNEB Limited||TANTRANSCO||CE-Transmission Projects-I-Chennai - TANTRANSCO||SE-GCC II - TANTRANSCO,06-Oct-2025 02:00 PM,https://etender.up.nic.in/nicgep/app?component=%24DirectLink_0&page=FrontEndAdvancedSearchResult&service=direct&session=T&sp=SOF0wH4M4qyGjfeV1UGH0dQ%3D%3D
868,2025_DoTE_602437_1,[BATTERY (BUY BACK SCHEME)],10-Sep-2025 03:00 PM,"Directorate of Technical Education||Govt. Polytechnic College - DOTE||Srinivasa Subbaraya Polytechnic College, Puthur",30-Sep-2025 11:00 AM,https://etender.up.nic.in/nicgep/app?component=%24DirectLink_0&page=FrontEndAdvancedSearchResult&service=direct&session=T&sp=SJqINrXvB7sgxzYrmEFF%2BcA%3D%3D
869,2025_HWAY_605773_1,[Non Plan 2025-26],22-Sep-2025 06:00 PM,Highways||Construction and Maintenance Wing||Coimbatore Circle,09-Oct-2025 10:30 AM,https://etender.up.nic.in/nicgep/app?component=%24DirectLink_0&page=FrontEndAdvancedSearchResult&service=direct&session=T&sp=SqGFf5lm5TCxOhNaJPGK6bw%3D%3D
870,2025_CoC_608920_1,[Procurement of Stainless Steel Tiffin Box along with insulated Thermal Carrying Bag],26-Sep-2025 09:00 AM,"Corporation of Chennai||Head Quarters,CoC",03-Oct-2025 03:00 PM,https://tntenders.gov.in/nicgep/app?component=%24DirectLink&page=FrontEndLatestActiveCorrigendums&service=direct&session=T&sp=SCNo9IsjnJFoR2%2F7HrhXEUw%3D%3D
871,2025_TNSTC_608805_1,[Display of Advertisement in Rear body panel Below the wind screen glass and Below the Middle beading of both Left and Right side body panel as in enclosed diagram in 598 Nos Excluding AC Buses of Buses of Nagapattinam Region],25-Sep-2025 04:30 PM,Tamilnadu State Transport Corporation||Kumbakonam Corporation,03-Oct-2025 11:00 AM,https://tntenders.gov.in/nicgep/app?component=%24DirectLink&page=FrontEndLatestActiveCorrigendums&service=direct&session=T&sp=SfDlZ9p1E1O9%2Fqa%2BBrh2gDw%3D%3D
872,2025_RDTN_606663_1,[Thanjavur District Kumbakonam- Strengthening of Premier T-Garden and Anumanth Nagar in Ullur Panchayat.  Under General Fund 2025-2026 Kumbakonam Block],24-Sep-2025 09:00 AM,"Rural Development and Panchayat Raj Department||Thanjavur,RD,TN||KUMBAKONAM, THANJAVUR,RD,TN",03-Oct-2025 03:00 PM,https://etender.up.nic.in/nicgep/app?component=%24DirectLink_0&page=FrontEndAdvancedSearchResult&service=direct&session=T&sp=SZlr22MSnrBFgHYvBj1t7SA%3D%3D
873,2025_EB_606860_1,[Supply of   M.S.Back Clamp for 9.0Mtre PSC Pole 300Kg for Operation and Maintenance works  in Cuddalore EDC],20-Sep-2025 04:00 PM,TNEB Limited||TANGEDCO||CE-Distribution-Villupuram - TANGEDCO||SE-Cuddalore - TANGEDCO,06-Oct-2025 01:00 PM,https://etender.up.nic.in/nicgep/app?component=%24DirectLink_0&page=FrontEndAdvancedSearchResult&service=direct&session=T&sp=Sdv%2BTgT9xkLhIItQCxBhWuQ%3D%3D
874,2025_HWAY_604017_1,[Palacode (H) CandM Sub Division (SLM-86)],15-Sep-2025 10:00 AM,Highways||Construction and Maintenance Wing||Salem Circle,23-Oct-2025 10:30 AM,https://etender.up.nic.in/nicgep/app?component=%24DirectLink_0&page=FrontEndAdvancedSearchResult&service=direct&session=T&sp=Su%2BPVuQJs1KlhIm5VwX3EFw%3D%3D
875,2025_DTP_609796_1,[Constrution of   new bus shelter Kodimara street in parangipettai town pachayat],28-Sep-2025 09:00 AM,"Directorate of Town Panchayats||Cuddalore Zone||Parangipettai Town Panchayat, Cuddalore",30-Sep-2025 04:00 PM,https://etender.up.nic.in/nicgep/app?component=%24DirectLink_0&page=FrontEndAdvancedSearchResult&service=direct&session=T&sp=S%2F1xv351nomEQaZ04HOjcbg%3D%3D
876,2025_TNRDC_606437_1,[Resurfacing including milling of BT surface of selected stretches in East Coast Road from Kovalam to Mahabalipuram LHS 2.80km Ch 46.000 to 48.800 RHS 1.85km Ch 34.850 to 35.850 48.450 to 48800 51.000 to 51.500],19-Sep-2025 06:00 PM,TamilNadu Road Development Company Limited(TNRDC),06-Oct-2025 03:00 PM,https://etender.up.nic.in/nicgep/app?component=%24DirectLink_0&page=FrontEndAdvancedSearchResult&service=direct&session=T&sp=SWC9eNiDjyZ1rDiEyKX3Nqg%3D%3D
877,2025_TTPCL_608235_1,"[EOI Sales Bunk at Greater Chennai Corporation Ripon Buildiing Complex, chennai]",24-Sep-2025 11:15 AM,Tamilnadu Tea Plantation Corporation Limited,08-Oct-2025 10:30 AM,https://tntenders.gov.in/nicgep/app?component=%24DirectLink&page=FrontEndLatestActiveCorrigendums&service=direct&session=T&sp=StaBu0LC7f%2FsqnI9E7F%2Fg4g%3D%3D
878,2025_EB_605631_1,"[Work contract for carrying out day to day Preventive and Breakdown Mtc. and Emergency works in all equipments at 230 KV Basin Bridge AIS SS, 230KV Central CMRL GIS SS and 230KV TNEB HQ GIS SS in Chennai South Operation circle for a period of 1 year.]",18-Sep-2025 05:00 PM,TNEB Limited||TANTRANSCO||CE-System Operation-Chennai - TANTRANSCO,03-Oct-2025 02:00 PM,https://tntenders.gov.in/nicgep/app?component=%24DirectLink&page=FrontEndLatestActiveCorrigendums&service=direct&session=T&sp=SwsbJi7%2FIyarx2j1nTgCyhw%3D%3D
879,2025_TNMSC_589238_1,"[TENDER FOR EMPANELMENT OF SERVICE PROVIDER FOR ESTABLISHMENT OF FETAL ANOMALY SCAN SERVICES IN VARIOUS GOVT., MEDICAL INSTITUTIONS THROUGH PUBLIC PRIVATE PARTNERSHIP MODE]",05-Aug-2025 04:15 PM,Tamilnadu Medical Services Corporation||Equipment,30-Sep-2025 11:00 AM,https://tntenders.gov.in/nicgep/app?component=%24DirectLink&page=FrontEndLatestActiveCorrigendums&service=direct&session=T&sp=SaraGz2nEyHMJnMmcgoGQiA%3D%3D
880,2025_MAWS_608130_1,[Construction of SWD With Culvert at Fathima Nagar Church North Street and Laying of Paver Block Road at Fathima nagar 5th 6th Connecting street  in East Zone ],24-Sep-2025 10:00 AM,MAWS||Tuticorin Municipal Corporation,06-Oct-2025 03:00 PM,https://etender.up.nic.in/nicgep/app?component=%24DirectLink_0&page=FrontEndAdvancedSearchResult&service=direct&session=T&sp=S2YzEN0HvtCQlYXLFy0Qe5w%3D%3D
881,2025_HWAY_604506_1,[Urban Improvements Strengthening and Improvements to Riding Quality works to the Government roads in Kodavasal H CandM Sub division Jurisdiction TNJ-83],16-Sep-2025 06:45 PM,Highways||Construction and Maintenance Wing||Thanjavur Circle,07-Oct-2025 11:30 AM,https://etender.up.nic.in/nicgep/app?component=%24DirectLink_0&page=FrontEndAdvancedSearchResult&service=direct&session=T&sp=STgtmZdWeogkRae5tGQck6w%3D%3D
882,2025_DTP_604901_1,[15th Finance Tied Grant-2025-26- Providing new bore well and water supply arrangements at Thettiyode Nagar community hall in Kulasekharam Town Panchayat.],16-Sep-2025 06:55 PM,Directorate of Town Panchayats||Nagercoil Zone||Kulasekharam Town Panchayat,30-Sep-2025 03:00 PM,https://etender.up.nic.in/nicgep/app?component=%24DirectLink_0&page=FrontEndAdvancedSearchResult&service=direct&session=T&sp=SzgR17mqTSle0VEPHP5P3ag%3D%3D
883,2025_DTP_608192_1,[2025-26 15th FC Tied 2nd Installment  Pudupalayam Town Panchayat],24-Sep-2025 09:00 AM,"Directorate of Town Panchayats||Vellore Zone||Pudupalayam Town Panchayat, Tiruvannamalai",30-Sep-2025 03:00 PM,https://etender.up.nic.in/nicgep/app?component=%24DirectLink_0&page=FrontEndAdvancedSearchResult&service=direct&session=T&sp=ScrzkvL1HNq7Wiex%2FE6YduQ%3D%3D
884,2025_HWAY_607988_1,[TN No 51 2025 26 HDO Dt 15 09 2025 TVM 152],24-Sep-2025 11:00 AM,Highways||Construction and Maintenance Wing||Tiruvannamalai Circle,16-Oct-2025 11:00 AM,https://etender.up.nic.in/nicgep/app?component=%24DirectLink_0&page=FrontEndAdvancedSearchResult&service=direct&session=T&sp=S1CSK4yuYq%2B3dFGknkQAyvA%3D%3D
885,2025_HWAY_599810_1,[TN 27 25 26 Dharapuram Division TPR 061],03-Sep-2025 05:30 PM,Highways||Construction and Maintenance Wing||Tiruppur Circle,09-Oct-2025 10:45 AM,https://etender.up.nic.in/nicgep/app?component=%24DirectLink_0&page=FrontEndAdvancedSearchResult&service=direct&session=T&sp=SzELw8xqTWuy4sN0KB0w5sQ%3D%3D
886,2025_AHDF_606870_1,[Leasing of FIshing rights of Uthukadu Lake],22-Sep-2025 11:00 AM,Fisheries and Fishermen Welfare Department||Inland Fisheries - Head Office||Chennai Region||Assistant Director of Fisheries -  Kancheepuram,08-Oct-2025 12:00 PM,https://etender.up.nic.in/nicgep/app?component=%24DirectLink_0&page=FrontEndAdvancedSearchResult&service=direct&session=T&sp=S%2BcJyDf%2FvHF1H6OuAkV8bUQ%3D%3D
887,2025_TCSC_608410_1,"[Special repairs to the Existing flooring in Godown No.3 and 6, Drainage and Providing Paver Block Flooring in TNCSC Godown campus at Mint in Chennai North Region ]",24-Sep-2025 04:30 PM,Tamil Nadu Civil Supplies Corporation||Head Office - Chennai,06-Oct-2025 02:00 PM,https://etender.up.nic.in/nicgep/app?component=%24DirectLink_0&page=FrontEndAdvancedSearchResult&service=direct&session=T&sp=SE1cMqcYl5DMOctpuLa1EtA%3D%3D
888,2025_RDTN_607804_1,[Providing Basic infrastructure works at Sorakolathur and Thenpallipattu Camps in Thurinjapuram Block Package No. TVM/2025-26/177 of Tiruvannamalai District],23-Sep-2025 02:00 PM,"Rural Development and Panchayat Raj Department||Tiruvannamalai,RD,TN",30-Sep-2025 03:00 PM,https://tntenders.gov.in/nicgep/app?component=%24DirectLink&page=FrontEndLatestActiveCorrigendums&service=direct&session=T&sp=SkNbEp6OKDfhpy5G7mlF6Vw%3D%3D
889,2025_DTP_609771_1,[Madathukulam Town Panchayat Maintenance of drainage at ward no 01 and 02 in Palani main Road Krishnapuram],27-Sep-2025 06:00 PM,"Directorate of Town Panchayats||Erode Zone||Sankararamanallur Town Panchayat, Tiruppur",03-Oct-2025 03:00 PM,https://etender.up.nic.in/nicgep/app?component=%24DirectLink_0&page=FrontEndAdvancedSearchResult&service=direct&session=T&sp=SDErMyPAEkrL%2BmFeOKbNj9w%3D%3D
890,2025_MAWS_607370_1,[Repair and maintanence at New Bus Stand Toilet Public Toilet retrofitting Near Ulavar Santhai Ward13 in North zone],22-Sep-2025 06:00 PM,MAWS||Tuticorin Municipal Corporation,30-Sep-2025 03:00 PM,https://etender.up.nic.in/nicgep/app?component=%24DirectLink_0&page=FrontEndAdvancedSearchResult&service=direct&session=T&sp=SxiZWGJABcQmX6ueZc0AakQ%3D%3D
891,2025_CoC_609446_1,"[Construction of Compound wall and Footpath, Playarea at Market Lane in Div-50, Unit-12, Zone-5.( under counsilor fund)]",27-Sep-2025 12:30 PM,"Corporation of Chennai||Regional Office North,CoC",03-Oct-2025 03:00 PM,https://etender.up.nic.in/nicgep/app?component=%24DirectLink_0&page=FrontEndAdvancedSearchResult&service=direct&session=T&sp=S1Hw8Yq95OdXtAMesPlLBpA%3D%3D
892,2025_HWAY_602527_1,"[TNV 76 Palayamkottai H C M, Sub division]",10-Sep-2025 06:00 PM,Highways||Construction and Maintenance Wing||Tirunelveli Circle,03-Oct-2025 02:00 PM,https://etender.up.nic.in/nicgep/app?component=%24DirectLink_0&page=FrontEndAdvancedSearchResult&service=direct&session=T&sp=SUyc0BONRWmlw8NUvDZuUVA%3D%3D
893,2025_TNMSC_595313_1,[Speciality Drugs],21-Aug-2025 04:00 PM,Tamilnadu Medical Services Corporation||Drug,09-Oct-2025 03:00 PM,https://tntenders.gov.in/nicgep/app?component=%24DirectLink&page=FrontEndLatestActiveCorrigendums&service=direct&session=T&sp=SoSvYAlQJ%2BsMls4JS2BNZzA%3D%3D
894,2025_DMA_609966_1,[Construction of Toilet and other Improvement Work to Padasalai Street Govt.School in TCMC Zone -1],29-Sep-2025 01:00 PM,Directorate Of Municipal Administration||Tambaram City Municipal Corporation,06-Oct-2025 03:00 PM,https://etender.up.nic.in/nicgep/app?component=%24DirectLink_0&page=FrontEndAdvancedSearchResult&service=direct&session=T&sp=SNn0qgRRAfcQY7Ns3wVsfEQ%3D%3D
895,2025_HWAY_604589_1,[Restoration 2025-26],17-Sep-2025 06:30 PM,Highways||Construction and Maintenance Wing||Coimbatore Circle||Coimbatore,03-Oct-2025 03:00 PM,https://etender.up.nic.in/nicgep/app?component=%24DirectLink_0&page=FrontEndAdvancedSearchResult&service=direct&session=T&sp=S5D7hc1K4VMcmL1Blo16zxA%3D%3D
896,2025_HWAY_604683_1,[CRIDP -2022-23],17-Sep-2025 06:30 PM,Highways||Construction and Maintenance Wing||Coimbatore Circle||Coimbatore,03-Oct-2025 03:00 PM,https://etender.up.nic.in/nicgep/app?component=%24DirectLink_0&page=FrontEndAdvancedSearchResult&service=direct&session=T&sp=S7JGIiqH8ndKZ9eovfSHrAw%3D%3D
897,2025_RDTN_608875_5,[Gingee 15th CFC (BP)  2025-26 Pack5],26-Sep-2025 09:00 AM,"Rural Development and Panchayat Raj Department||Villupuram,RD,TN||GINGEE, VILLUPURAM,RD,TN",03-Oct-2025 03:00 PM,https://etender.up.nic.in/nicgep/app?component=%24DirectLink_0&page=FrontEndAdvancedSearchResult&service=direct&session=T&sp=SaRf3yCodDtMrVcRG3dpQcg%3D%3D
898,2025_HWAY_598566_1,[TN 21 25 26 Karur Division TPR 048],29-Aug-2025 05:30 PM,Highways||Construction and Maintenance Wing||Tiruppur Circle,30-Sep-2025 10:45 AM,https://etender.up.nic.in/nicgep/app?component=%24DirectLink_0&page=FrontEndAdvancedSearchResult&service=direct&session=T&sp=Su7pVy9cycRNEyxxfZEUL1Q%3D%3D
899,2025_RDTN_608437_7,[Ammerimedu Road KM 0/0 to 1/0],25-Sep-2025 05:00 PM,"Rural Development and Panchayat Raj Department||Cuddalore,RD,TN||VIRUDHACHALAM,CUDDALORE,RD,TN",06-Oct-2025 04:00 PM,https://tntenders.gov.in/nicgep/app?component=%24DirectLink&page=FrontEndLatestActiveCorrigendums&service=direct&session=T&sp=SKj8%2B4S2WZmlKy54j%2FEnumQ%3D%3D
900,2025_RDTN_609108_1,[Construction of Open Well in Kolathur Mettu Street Survey No 362 in Kolathur Panchayat ],26-Sep-2025 05:00 PM,Rural Development and Panchayat Raj Department||Chengalpattu RD TN||Kattankolattur Chengalpattu RD TN,07-Oct-2025 03:00 PM,https://etender.up.nic.in/nicgep/app?component=%24DirectLink_0&page=FrontEndAdvancedSearchResult&service=direct&session=T&sp=SMCIwJ93iENR2z0JV6%2FkkfA%3D%3D
901,2025_HWAY_604024_1,[Krishnagiri (H) CandM Sub Division (SLM-87)],15-Sep-2025 10:00 AM,Highways||Construction and Maintenance Wing||Salem Circle,23-Oct-2025 10:30 AM,https://etender.up.nic.in/nicgep/app?component=%24DirectLink_0&page=FrontEndAdvancedSearchResult&service=direct&session=T&sp=SL9tqqLg%2Bp6QIaY8G3UUcuw%3D%3D
902,2025_EB_604764_1,"[MM-E-06/2025-26, Dt.15.09.2025.]",17-Sep-2025 06:00 PM,TNEB Limited||TANGEDCO||CE-Trichy EDC - TANGEDCO||SE-Perambalur - TANGEDCO,02-Oct-2025 02:00 PM,https://etender.up.nic.in/nicgep/app?component=%24DirectLink_0&page=FrontEndAdvancedSearchResult&service=direct&session=T&sp=S5C1tC9c1QuYmYlcb8qsBwQ%3D%3D
903,2025_TNHB_601700_1,"[Rental Proposal of 6 Nos of Commercial Shops at Ground plus 1st floor, Service yard at 1st Floor and office Space at 3rd floor in Erode Division Office complex T.S.No.No.1 Old T.S.No.2/1,Ward E, Block No.23 at EVN Road, Erode]",09-Sep-2025 10:00 AM,Tamil Nadu Housing Board||Salem Circle||Erode Housing Unit,08-Oct-2025 11:00 AM,https://etender.up.nic.in/nicgep/app?component=%24DirectLink_0&page=FrontEndAdvancedSearchResult&service=direct&session=T&sp=SgIgq1jZoVFmS4bvdZWseSg%3D%3D
904,2025_HWAY_609685_1,[Denkanikottai (H) CandM Sub Division (SLM-105)],29-Sep-2025 10:00 AM,Highways||Construction and Maintenance Wing||Salem Circle,23-Oct-2025 10:30 AM,https://etender.up.nic.in/nicgep/app?component=%24DirectLink_0&page=FrontEndAdvancedSearchResult&service=direct&session=T&sp=SbnR4cfQ1L5BHoLFjqukRpw%3D%3D
905,2025_RDTN_609934_1,[Construction of Kitchen shed at Govt Adidravidar Hr Sec School at Ma.Podaiyur],29-Sep-2025 11:00 AM,"Rural Development and Panchayat Raj Department||Cuddalore,RD,TN||MANGALUR,CUDDALORE,RD,TN",30-Sep-2025 03:00 PM,https://tntenders.gov.in/nicgep/app?component=%24DirectLink&page=FrontEndLatestActiveCorrigendums&service=direct&session=T&sp=SK1KMNm3pJxBetXg7i9tW1A%3D%3D
906,2025_TIDEC_601686_2,"[E TENDER FOR SELECTION OF CONSULTANT FOR PROVIDING DESIGN ENGINEERING AND PROJECT MANAGEMENT CONSULTANCY SERVICES FOR ESTABLISHING MINI TIDEL PARK AT ERODE DISTRICT, TAMIL NADU, INDIA ]",23-Sep-2025 02:00 PM,Tidel Park Ltd Chennai||Operation and Maintenance||Civil,06-Oct-2025 03:00 PM,https://tntenders.gov.in/nicgep/app?component=%24DirectLink&page=FrontEndLatestActiveCorrigendums&service=direct&session=T&sp=SHaX%2FFt3tmX5YSsqRmp%2FbTA%3D%3D
907,2025_DoTE_608777_2,[conmsumable raw materials],25-Sep-2025 05:00 PM,Directorate of Technical Education||Govt. Polytechnic College - DOTE||GPT-Kilapalur - Ariyalur,06-Oct-2025 11:00 AM,https://etender.up.nic.in/nicgep/app?component=%24DirectLink_0&page=FrontEndAdvancedSearchResult&service=direct&session=T&sp=S%2Fvd%2BJtv0bTi3WD11yrZ8Yg%3D%3D
908,2025_MAWS_605451_33,[CUDDALORE CORPORATION -  Maintenance and Repair work to Public toilet at alai colony and kulanthai colony in ward no 34 cuddalore corporation],19-Sep-2025 04:00 PM,MAWS||Cuddalore Municipality,30-Sep-2025 03:00 PM,https://etender.up.nic.in/nicgep/app?component=%24DirectLink_0&page=FrontEndAdvancedSearchResult&service=direct&session=T&sp=S9uCHJCNWyE8wDuW2OZPBeA%3D%3D
909,2025_HWAY_607048_1,[Palacode (H) CandM Sub Division (SLM-92)],22-Sep-2025 10:00 AM,Highways||Construction and Maintenance Wing||Salem Circle,23-Oct-2025 10:30 AM,https://etender.up.nic.in/nicgep/app?component=%24DirectLink_0&page=FrontEndAdvancedSearchResult&service=direct&session=T&sp=Stn873lUrlgN0cfRnT9v3tg%3D%3D
910,2025_CoC_608745_1,[Construction of Dog Shelter for Rabies affected and aggressive dogs  Dog Kennel  Fencing Work Security Room Toilet Block CCTV provisions at Survey No 19 Chettimedu Madhavaram in DN 17 Zone 02],25-Sep-2025 03:00 PM,"Corporation of Chennai||Head Quarters,CoC",06-Oct-2025 03:00 PM,https://etender.up.nic.in/nicgep/app?component=%24DirectLink_0&page=FrontEndAdvancedSearchResult&service=direct&session=T&sp=SWQDsOKaq41d5W77UHgipQw%3D%3D
911,2025_RDTN_608144_1,[Formation of Gravel Filling at 9th Cross Street in Vijayamanagaram Panchayat],24-Sep-2025 09:00 AM,"Rural Development and Panchayat Raj Department||Cuddalore,RD,TN||VIRUDHACHALAM - VP,CUDDALORE,RD,TN",03-Oct-2025 04:00 PM,https://etender.up.nic.in/nicgep/app?component=%24DirectLink_0&page=FrontEndAdvancedSearchResult&service=direct&session=T&sp=SW1KTSOAJH4mNhG35BhT8FA%3D%3D
912,2025_RDTN_607334_1,[Construction of Compoundwall  alround Mettu Colony  Burial Ground  in Thenneri panchayat],23-Sep-2025 10:00 AM,"Rural Development and Panchayat Raj Department||Kancheepuram,RD,TN||KANCHEEPURAM, KANCHEEPURAM,RD,TN",06-Oct-2025 03:00 PM,https://etender.up.nic.in/nicgep/app?component=%24DirectLink_0&page=FrontEndAdvancedSearchResult&service=direct&session=T&sp=SwyAdVzPzcUeuktDcthshkg%3D%3D
913,2025_EB_607176_1,[Works Contract for rural panapakkam section.],22-Sep-2025 09:00 AM,TNEB Limited||TANGEDCO||CE-Distribution-Vellore - TANGEDCO||SE-Vellore - TANGEDCO,06-Oct-2025 02:00 PM,https://etender.up.nic.in/nicgep/app?component=%24DirectLink_0&page=FrontEndAdvancedSearchResult&service=direct&session=T&sp=SykxeiePCYsXxUkVPb1t%2FZg%3D%3D
914,2025_HWAY_601548_1,[TN.31/Sl.No.01/CPT/CRIDP Work 2025-26],11-Sep-2025 06:00 PM,Highways||Construction and Maintenance Wing||Chennai Circle,16-Oct-2025 10:15 AM,https://etender.up.nic.in/nicgep/app?component=%24DirectLink_0&page=FrontEndAdvancedSearchResult&service=direct&session=T&sp=SAStWHne9zI0claWepjs%2F9g%3D%3D
915,2025_DTP_609862_1,[15TH CFC 2nd 2025-26 ILANJI ],28-Sep-2025 09:00 AM,Directorate of Town Panchayats||Tirunelveli Zone||Puthur S Town Panchayat,30-Sep-2025 03:00 PM,https://etender.up.nic.in/nicgep/app?component=%24DirectLink_0&page=FrontEndAdvancedSearchResult&service=direct&session=T&sp=SEIVgSYALedRaN3YK%2BLWd3w%3D%3D
916,2025_HWAY_604530_1,[TNV 107 Ambasamudram H C M  Sub Division],16-Sep-2025 09:00 AM,Highways||Construction and Maintenance Wing||Tirunelveli Circle,03-Oct-2025 02:00 PM,https://tntenders.gov.in/nicgep/app?component=%24DirectLink&page=FrontEndLatestActiveCorrigendums&service=direct&session=T&sp=SIyxO%2FR2ET07eTxSqjMeIhA%3D%3D
917,2025_PWD_607620_1,[Town hall Trichy - Electrical],23-Sep-2025 09:00 AM,"PWD||Planning and Design Circle-PWD-Chennai||Building Centre and Conservation Division, PWD",03-Oct-2025 03:00 PM,https://etender.up.nic.in/nicgep/app?component=%24DirectLink_0&page=FrontEndAdvancedSearchResult&service=direct&session=T&sp=SNGZb8E6A97gJCXOkRrdydA%3D%3D
918,2025_HWAY_606394_1,[MDU 144 / Sivagangai Sub Division / CRIDP 2025 26],23-Sep-2025 09:00 AM,Highways||Construction and Maintenance Wing||Madurai Circle,07-Oct-2025 11:00 AM,https://etender.up.nic.in/nicgep/app?component=%24DirectLink_0&page=FrontEndAdvancedSearchResult&service=direct&session=T&sp=S0wxvfW062ZZrfDjgPs2u2A%3D%3D
919,2025_EB_608847_1,"[Construction of Control room, Cable Duct, Revetment Wall, approach road, road Culvert, Yard filling, Fencing ,Bore well,  water pipe line arrangements for earth pit, metal filling and entrance gate for the establishment of Iynthamkattalai 33/11 KV SS]",26-Sep-2025 10:00 AM,TNEB Limited||TANGEDCO||CE-Tirunelveli - TANGEDCO,13-Oct-2025 02:00 PM,https://etender.up.nic.in/nicgep/app?component=%24DirectLink_0&page=FrontEndAdvancedSearchResult&service=direct&session=T&sp=SXLPuFl14VHAOoeVMpNZZNA%3D%3D
920,2025_RDTN_607818_1,[Providing Basic infrastructure works at Sorakolathur and Thenpallipattu Camps in Thurinjapuram Block Package No. TVM/2025-26/180 of Tiruvannamalai District],23-Sep-2025 02:00 PM,"Rural Development and Panchayat Raj Department||Tiruvannamalai,RD,TN",30-Sep-2025 03:00 PM,https://tntenders.gov.in/nicgep/app?component=%24DirectLink&page=FrontEndLatestActiveCorrigendums&service=direct&session=T&sp=S%2BzQCUDMOCyIu0T0vWuh6uA%3D%3D
921,2025_TNVAS_607438_1,"[Creation of facilities in Madhavaram Campus such as Construction of Boys and Girls Hostel, Residential Blocks A and B and C and Evaluation Hall and Modern Piggery shed at Madhavaram Milk Colony Chennai-51.]",22-Sep-2025 04:30 PM,Tamil Nadu Veterinary and Animal Sciences University||Estate Office-TANUVAS||Drawing Branch-TANUVAS,21-Oct-2025 10:00 AM,https://etender.up.nic.in/nicgep/app?component=%24DirectLink_0&page=FrontEndAdvancedSearchResult&service=direct&session=T&sp=S01dCs9ZeUjGdh8qpFHSSfQ%3D%3D
922,2025_DTP_609668_1,[15th Finance 2025-26 2nd installment  Supply and Erection of one Bio  Waste Shredding Machine with Conveyor to  Kannampalayam Town Panchayat Coimbatore District],27-Sep-2025 03:45 PM,"Directorate of Town Panchayats||Coimbatore Zone||Kannampalayam Town Panchayat, Coimbatore",06-Oct-2025 03:00 PM,https://etender.up.nic.in/nicgep/app?component=%24DirectLink_0&page=FrontEndAdvancedSearchResult&service=direct&session=T&sp=S5Z5VWOIZJ6tDJwNcsA0pBg%3D%3D
923,2025_HWAY_608135_1,[TN No 54 2025 26 HDO Dt 18 09 2025 TVM 159],24-Sep-2025 11:00 AM,Highways||Construction and Maintenance Wing||Tiruvannamalai Circle,16-Oct-2025 11:00 AM,https://etender.up.nic.in/nicgep/app?component=%24DirectLink_0&page=FrontEndAdvancedSearchResult&service=direct&session=T&sp=SxQo%2F4ineCw%2BbQPzLFfBgag%3D%3D
924,2025_EB_599737_1,"[Spec.no.21-II/25-26,hiring of Vehicle to Executive Engineer/OM/Pallavaram for a period of three years from the date of receipt of award of contract under open tender]",02-Sep-2025 04:45 PM,TNEB Limited||TANGEDCO||CE-Distribution-Chennai-South - TANGEDCO||SE-South II-Chennai - TANGEDCO,06-Oct-2025 12:00 PM,https://tntenders.gov.in/nicgep/app?component=%24DirectLink&page=FrontEndLatestActiveCorrigendums&service=direct&session=T&sp=SyPBu8z5orzTTzPAZzKIBhQ%3D%3D
925,2025_CoC_608935_1,"[Demolition and Reconstruction of Stormwater drain of size 900x90mm at Amaravathi Nagar to Panchaliamman Koil Street and Ashoka Street (from Mariamman koil street to Pillayar koil Street) in Dn.105, Zone 8]",26-Sep-2025 09:00 AM,"Corporation of Chennai||Regional office Central ,CoC",03-Oct-2025 03:00 PM,https://etender.up.nic.in/nicgep/app?component=%24DirectLink_0&page=FrontEndAdvancedSearchResult&service=direct&session=T&sp=SLa%2FxoKQdojr8K74qgY%2BuwQ%3D%3D
926,2025_HWAY_601186_1,[VPM-093-Non Plan-2025-26],11-Sep-2025 10:00 AM,Highways||Construction and Maintenance Wing||Villupuram Circle,15-Oct-2025 12:00 PM,https://etender.up.nic.in/nicgep/app?component=%24DirectLink_0&page=FrontEndAdvancedSearchResult&service=direct&session=T&sp=SxVlCn3cuqH2DihQVWG98YQ%3D%3D
927,2025_MAWS_610043_4,[Tiruppur Corporation_SFC O and M_Construction of Toilet at Sri Venkatachalapathy Corporation Elementary School in Ward No 31],29-Sep-2025 03:00 PM,MAWS||Trippur City Municipal Corporation,08-Oct-2025 03:00 PM,https://etender.up.nic.in/nicgep/app?component=%24DirectLink_0&page=FrontEndAdvancedSearchResult&service=direct&session=T&sp=SXmYxZbU5txGBcZiVL2o7lQ%3D%3D
928,2025_RDTN_609471_5,[Providing CC Pavement at Therkkupatty Krishnan Kovil Street in Therkkupatty Panchayat],27-Sep-2025 10:00 AM,"Rural Development and Panchayat Raj Department||Tirunelveli,RD,TN||MANUR, TIRUNELVELI,RD,TN",06-Oct-2025 03:00 PM,https://etender.up.nic.in/nicgep/app?component=%24DirectLink_0&page=FrontEndAdvancedSearchResult&service=direct&session=T&sp=SbOqu5tc7tkFfxTBAHrSGAw%3D%3D
929,2025_RDTN_606832_1,[Construction of Bus Shelter at Near High Level Bridge in Perampattu Panchayat under MLACDS 2025-2026],22-Sep-2025 09:00 AM,"Rural Development and Panchayat Raj Department||Cuddalore,RD,TN||KOMARATCHI,CUDDALORE,RD,TN",29-Sep-2025 06:50 PM,https://etender.up.nic.in/nicgep/app?component=%24DirectLink_0&page=FrontEndAdvancedSearchResult&service=direct&session=T&sp=Sr%2FLcdzdC6k8cooghkXKGNA%3D%3D
930,2025_EB_598719_1,"[Supply, erection, testing and commisioning of 33/11KV Madhagam SS with 1x8 MVA at pudukottai EDC in Trichy Region with total Turnkey basis]",30-Aug-2025 10:00 AM,TNEB Limited||TANGEDCO||CE-Trichy EDC - TANGEDCO,06-Oct-2025 02:30 PM,https://tntenders.gov.in/nicgep/app?component=%24DirectLink&page=FrontEndLatestActiveCorrigendums&service=direct&session=T&sp=SJLeDTuTG1WboAaebdkwW4Q%3D%3D
931,2025_HWAY_609357_1,[Upgradation of Panchayat Union / Panchayat Roads to Other District Roads (SLM-14)],27-Sep-2025 11:00 AM,Highways||NABARD and Rural Roads||Salem,14-Oct-2025 11:00 AM,https://etender.up.nic.in/nicgep/app?component=%24DirectLink_0&page=FrontEndAdvancedSearchResult&service=direct&session=T&sp=Stdw09gMFyEGNV7BVSQWDNw%3D%3D
932,2025_EB_605190_1,[THE VARIOUS DCW WORKS AND IMPROVEMENT WORKS IN O AND M PERAMBALUR DIVISION ],17-Sep-2025 06:00 PM,TNEB Limited||TANGEDCO||CE-Trichy EDC - TANGEDCO||SE-Perambalur - TANGEDCO,02-Oct-2025 02:00 PM,https://etender.up.nic.in/nicgep/app?component=%24DirectLink_0&page=FrontEndAdvancedSearchResult&service=direct&session=T&sp=S9rWbS7pB1bq2nU89zq6qVQ%3D%3D
933,2025_EB_606262_1,"[Supply, Fabrication, Erection of GI steel structures, earthing, materials, etc., for new Kethaiyurambu 110kV SS]",19-Sep-2025 12:00 PM,TNEB Limited||TANTRANSCO||CE-Transmission Projects-II-Trichy - TANTRANSCO,06-Oct-2025 11:00 AM,https://etender.up.nic.in/nicgep/app?component=%24DirectLink_0&page=FrontEndAdvancedSearchResult&service=direct&session=T&sp=S0UWvKzjlPIoObee0toq%2F8A%3D%3D
934,2025_DTP_609718_1,[15th CFC 2025-26 2nd Instalment-4 CTP],27-Sep-2025 04:35 PM,Directorate of Town Panchayats||Madurai Zone||Chettiarpatti Town Panchayat - Madurai,30-Sep-2025 03:00 PM,https://etender.up.nic.in/nicgep/app?component=%24DirectLink_0&page=FrontEndAdvancedSearchResult&service=direct&session=T&sp=SUxSzLwhfn3BG96DQ9WQizQ%3D%3D
935,2025_MAWS_607140_1,[GENERAL FUND-2025-2026-Repair and Maintanace of  Drain at Ward No.18 Sirumugai Road Viragukadai Santhu in Karamadai Municipality.],22-Sep-2025 09:00 AM,MAWS||Karamadai Municipality,30-Sep-2025 03:00 PM,https://etender.up.nic.in/nicgep/app?component=%24DirectLink_0&page=FrontEndAdvancedSearchResult&service=direct&session=T&sp=SetduclJJxGDPl%2FRv8g4ILg%3D%3D
936,2025_CoC_608775_1,"[Restoration of Road Cut Made by CMWSSB at Astalakshmi Nagar 3rd Street, 6th Street, 3rd Main Road in Dn 147, Unit 32, Zone 11]",25-Sep-2025 04:00 PM,"Corporation of Chennai||Regional office South,CoC",30-Sep-2025 03:00 PM,https://etender.up.nic.in/nicgep/app?component=%24DirectLink_0&page=FrontEndAdvancedSearchResult&service=direct&session=T&sp=SkwjbUFrw6MO4G1ja8BvaSw%3D%3D
937,2025_EB_581614_1,[HIRING OF ONE NUMBER OF  DIESEL  PETROL DRIVEN (ON PAR WITH DIESEL RATE) VAN/JEEP FOR 1 YEAR],14-Jul-2025 06:30 PM,TNEB Limited||TANGEDCO||CE-Distribution-Coimbatore - TANGEDCO,15-Oct-2025 02:00 PM,https://tntenders.gov.in/nicgep/app?component=%24DirectLink&page=FrontEndLatestActiveCorrigendums&service=direct&session=T&sp=SuCFJomPebjbmnMPfaKJtyw%3D%3D
938,2025_TNPL_600565_1,[Manual Packing and Gunny stitching and stacking of Reels and Bundles at Mayanur Godown.],04-Sep-2025 06:30 PM,Tamilnadu Newsprint and Papers Limited||TNPL Unit-1||TNPL TOS,03-Oct-2025 03:00 PM,https://tntenders.gov.in/nicgep/app?component=%24DirectLink&page=FrontEndLatestActiveCorrigendums&service=direct&session=T&sp=SzUjKcSe0I5crrx3IRdjx%2FA%3D%3D
939,2025_EB_608176_1,[ICHP- Dismantling of worn out earth flats and providing new earth flats and earth pipes in Conveyor-49  54 track path at both east and west side.],24-Sep-2025 09:00 AM,TNEB Limited||TANGEDCO||CE-TTPS - TANGEDCO||SE-Mechanical Maintenance I-TTPS - TANGEDCO,09-Oct-2025 02:00 PM,https://etender.up.nic.in/nicgep/app?component=%24DirectLink_0&page=FrontEndAdvancedSearchResult&service=direct&session=T&sp=Sbbyql3Hmvbgv8ayTONX1Kg%3D%3D
940,2025_WRD_599734_1,[Widening the Pappankulam supply channel to divert the surplus Flood Water of Varadhamanathi Dam in Palani Taluk of Dindigul District to Non-system tanks of Nallathangal odai and Nallathangal Reservoir in Oddanchathiram Taluk of Dindigul District.],03-Sep-2025 10:00 AM,Water Resources Department||CE WRD Coimbatore Region - Coimbatore||SE Special Project Circle WRD - Palani,03-Oct-2025 03:00 PM,https://etender.up.nic.in/nicgep/app?component=%24DirectLink_0&page=FrontEndAdvancedSearchResult&service=direct&session=T&sp=SGZyBZz0XD29xrT4i%2BPJMfA%3D%3D
941,2025_HWAY_598628_1,[VPM-067-CRIDP 2025-26],04-Sep-2025 10:00 AM,Highways||Construction and Maintenance Wing||Villupuram Circle,15-Oct-2025 12:00 PM,https://etender.up.nic.in/nicgep/app?component=%24DirectLink_0&page=FrontEndAdvancedSearchResult&service=direct&session=T&sp=SrHrP7IC%2FKAIxFI8kJf6g4A%3D%3D
942,2025_EB_609036_1,[Supply of 1000Nos of 11KV PT Insulator],26-Sep-2025 02:00 PM,TNEB Limited||TANGEDCO||CE-Trichy EDC - TANGEDCO||SE-Pudukottai EDC - TANGEDCO,14-Oct-2025 02:00 PM,https://etender.up.nic.in/nicgep/app?component=%24DirectLink_0&page=FrontEndAdvancedSearchResult&service=direct&session=T&sp=SV1AZ%2FYeyDRmOPz841xMsGg%3D%3D
943,2025_MAWS_607970_1,[Construction of valve chamber with 300mm sluice valve with special in sellur OHT palam station road in ward 28],24-Sep-2025 06:55 PM,MAWS||Madurai Municipal Corporation,06-Oct-2025 03:00 PM,https://etender.up.nic.in/nicgep/app?component=%24DirectLink_0&page=FrontEndAdvancedSearchResult&service=direct&session=T&sp=Sx7kiUO3q9FSA0wGb1SVI8w%3D%3D
944,2025_HWAY_606429_1,[TN.No.27 / SI.No.11 / 2025-2026 / SDO / CPT - 44],20-Sep-2025 03:00 PM,Highways||NABARD and Rural Roads||Chengalpattu,07-Oct-2025 12:00 PM,https://etender.up.nic.in/nicgep/app?component=%24DirectLink_0&page=FrontEndAdvancedSearchResult&service=direct&session=T&sp=SJFGjmTDpKO141ZJvtqap5Q%3D%3D
945,2025_RDTN_609184_1,[VELLORE DISTRICT Providing New Bore Well with 2HP Motor and Specials with Extension of Pipeline at Pachayamman Koil Near Bomankottai  in Pinnathurai Panchayat  ANAICUT BLOCK 15 CFC  DP 2025-2026 PACKAGE NO 01],26-Sep-2025 04:00 PM,"Rural Development and Panchayat Raj Department||Vellore,RD,TN||ANAICUT, VELLORE,RD,TN",06-Oct-2025 03:00 PM,https://etender.up.nic.in/nicgep/app?component=%24DirectLink_0&page=FrontEndAdvancedSearchResult&service=direct&session=T&sp=SQMNBpr3%2FD7k67eBnQHg2jQ%3D%3D
946,2025_MAWS_609547_1,[EAUCTION FOR BUS STAND SHOP NO 7],27-Sep-2025 01:00 PM,MAWS||Vellakoil Municipality,10-Oct-2025 11:00 AM,https://etender.up.nic.in/nicgep/app?component=%24DirectLink_0&page=FrontEndAdvancedSearchResult&service=direct&session=T&sp=SawC2lojboXRK7%2FAc7WLGTQ%3D%3D
947,2025_RDTN_610104_1,[Vellore District Construction of  30000 litre RCC OHT  (12.00 m Staging Height) at Sathiram in Erthangal Panchayat of Gudiyatham Block 15th CFC (BP) 2025 -2026 Package no 15],29-Sep-2025 03:45 PM,"Rural Development and Panchayat Raj Department||Vellore,RD,TN||GUDIYATHAM, VELLORE,RD,TN",09-Oct-2025 03:00 PM,https://etender.up.nic.in/nicgep/app?component=%24DirectLink_0&page=FrontEndAdvancedSearchResult&service=direct&session=T&sp=SNqqxtpBNzjFAJShqUgzyKA%3D%3D
948,2025_RDTN_609360_1,[Dismantling of PUPS at Eppodhuvendran Village and panchayat ],26-Sep-2025 06:20 PM,"Rural Development and Panchayat Raj Department||Thoothukudi,RD,TN||OTTAPIDARAM, THOOTHUKUDI,RD,TN",01-Oct-2025 06:30 PM,https://etender.up.nic.in/nicgep/app?component=%24DirectLink_0&page=FrontEndAdvancedSearchResult&service=direct&session=T&sp=Sl2Of77KKHt8JLwqhUKljlw%3D%3D
949,2025_WRD_608134_1,[Renovation of Kalingarayan Channel from Mile 12-3-348 to mile 15-4.5-195 in Erode taluk of Erode District],24-Sep-2025 09:00 AM,Water Resources Department||CE WRD Coimbatore Region - Coimbatore||SE Bhavani Basin Circle WRD - Erode,23-Oct-2025 03:00 PM,https://etender.up.nic.in/nicgep/app?component=%24DirectLink_0&page=FrontEndAdvancedSearchResult&service=direct&session=T&sp=SytiHG1YpcjhKpzqcrTADsA%3D%3D
950,2025_DTP_609842_1,[Genguvarpatti Town Panchayat Theni District15 TH FINANCE 1ST INSTALMENT  2025 2026],29-Sep-2025 09:00 AM,Directorate of Town Panchayats||Theni Zone||Ganguvarpatti Town Panchayat - Theni,30-Sep-2025 03:00 PM,https://etender.up.nic.in/nicgep/app?component=%24DirectLink_0&page=FrontEndAdvancedSearchResult&service=direct&session=T&sp=SA1CvzpNIWIGTlmziswawpw%3D%3D
951,2025_RDTN_609259_1,[VELLORE DISTRICT  Renovation of PUMS Twe class Rcc Building at Otteripalayam in Nemanthapuram Panchayat ANAICUT BLOCK 15 CFC  DP 2025-2026 PACKAGE NO 08],26-Sep-2025 05:00 PM,"Rural Development and Panchayat Raj Department||Vellore,RD,TN||ANAICUT, VELLORE,RD,TN",06-Oct-2025 03:00 PM,https://etender.up.nic.in/nicgep/app?component=%24DirectLink_0&page=FrontEndAdvancedSearchResult&service=direct&session=T&sp=STcEF6QQZp33NyCr9cKNZ4A%3D%3D
952,2025_HWAY_605746_1,[CRIDP 2025-26],22-Sep-2025 06:00 PM,Highways||Construction and Maintenance Wing||Coimbatore Circle,09-Oct-2025 10:30 AM,https://etender.up.nic.in/nicgep/app?component=%24DirectLink_0&page=FrontEndAdvancedSearchResult&service=direct&session=T&sp=SwlKs7FmZ7AL6McMAj1rGzg%3D%3D
953,2025_EB_607358_1,[NCTPSI SEMII Circle ECHS Dn Strengthening of existing severely damaged or corroded boom conveyor structures MCC room and operator cabin in Reclaimer1B],22-Sep-2025 06:00 PM,TNEB Limited||TANGEDCO||CE-NCTPS-I - TANGEDCO||SE-Mechanical Maintenance II-NCTPS-I - TANGEDCO,06-Oct-2025 02:00 PM,https://etender.up.nic.in/nicgep/app?component=%24DirectLink_0&page=FrontEndAdvancedSearchResult&service=direct&session=T&sp=Soto%2BdYIOmiT%2FDhHbqOmN8w%3D%3D
954,2025_RDTN_608234_1,[Providing Cement concrete pavement at Kanakkampalayam Pudur Boyar Street H/O.Kanakkampalayam],24-Sep-2025 12:00 PM,"Rural Development and Panchayat Raj Department||Erode,RD,TN||THOOCKANAICKENPAM, ERODE,RD,TN",30-Sep-2025 03:00 PM,https://etender.up.nic.in/nicgep/app?component=%24DirectLink_0&page=FrontEndAdvancedSearchResult&service=direct&session=T&sp=S2J1WwvtPJPEMGR1dN0wQlw%3D%3D
955,2025_MAWS_608837_1,[Chidambaram Municipality-Supply and delivery and Installation of Mini High Mast Solar Lighting arrangments at Ward No 26 in Chidambaram Municipality],25-Sep-2025 05:15 PM,MAWS||Mayiladuthurai Municipality,08-Oct-2025 03:00 PM,https://etender.up.nic.in/nicgep/app?component=%24DirectLink_0&page=FrontEndAdvancedSearchResult&service=direct&session=T&sp=SD8mDhfB%2F2WIPkwm4uBNqCA%3D%3D
956,2025_HWAY_607688_1,[Roadwork],27-Sep-2025 10:00 AM,Highways||NABARD and Rural Roads||Tirunelveli,14-Oct-2025 11:00 AM,https://etender.up.nic.in/nicgep/app?component=%24DirectLink_0&page=FrontEndAdvancedSearchResult&service=direct&session=T&sp=S9jJeVU3ke8S55A9vrYXaDg%3D%3D
957,2025_EB_604714_1,[CE/D/VPM/OTE NO.05/25-26- SUPPLY OF MULTIFUNCTIONAL PRINTERS FOR REGIONAL OFFICE VILLUPURAM],17-Sep-2025 12:30 PM,TNEB Limited||TANGEDCO||CE-Distribution-Villupuram - TANGEDCO,07-Oct-2025 11:00 AM,https://etender.up.nic.in/nicgep/app?component=%24DirectLink_0&page=FrontEndAdvancedSearchResult&service=direct&session=T&sp=STZwUNmFuYwkDpzzrVnsF0w%3D%3D
958,2025_EB_606666_1,[CE-MTPSI-SE-ES-MRT-OT78-25-26],19-Sep-2025 06:55 PM,TNEB Limited||TANGEDCO||CE-MTPS-I - TANGEDCO||SE-Electrical Systems-MTPS-I - TANGEDCO,06-Oct-2025 02:00 PM,https://etender.up.nic.in/nicgep/app?component=%24DirectLink_0&page=FrontEndAdvancedSearchResult&service=direct&session=T&sp=S3HkrgWaS61yJo9bHBwAF%2Fw%3D%3D
959,2025_TNHB_601480_1,[e-tender cum open auction commerical sites in pertaining to besant nagar division at sholinganallur sithalapakkam thiruvanmiyur extension scheme in chennai district],09-Sep-2025 10:00 AM,Tamil Nadu Housing Board||Chennai Circle-II||Besant Nagar Division,08-Oct-2025 05:00 PM,https://etender.up.nic.in/nicgep/app?component=%24DirectLink_0&page=FrontEndAdvancedSearchResult&service=direct&session=T&sp=S0%2FLQnxCSAhbLOGhVBue80w%3D%3D
960,2025_SIPCT_607615_1,"[Relaying of Roads in Phase 1 (Cross Roads-2, 3 and  6, Nallah road and loop road -2 and 9) roads and Providing Mini mast light at Nallah road (3rd and 6th Cross roads) Junctions at SIPCOT Industrial Park, Perundurai.]",23-Sep-2025 09:00 AM,State Industries Promotion Corporation Of TamilNadu||Civil,07-Oct-2025 03:30 PM,https://etender.up.nic.in/nicgep/app?component=%24DirectLink_0&page=FrontEndAdvancedSearchResult&service=direct&session=T&sp=S3TYwmxwgyVRJXMnKlPeLuQ%3D%3D
961,2025_EB_607425_1,[MTPS I TM Unit III Removal and Re insulation of HP IP control Valve area Spindle leak off lines  Gland steam pipes of LP front  rear in Main Turbine during Annual Maintenance work 2025 26],22-Sep-2025 03:45 PM,TNEB Limited||TANGEDCO||CE-MTPS-I - TANGEDCO||SE-Mechanical Maintenance I-MTPS-I - TANGEDCO,06-Oct-2025 02:00 PM,https://etender.up.nic.in/nicgep/app?component=%24DirectLink_0&page=FrontEndAdvancedSearchResult&service=direct&session=T&sp=SwucjoLANIYfVIzK2H5KOpw%3D%3D
962,2025_EB_601496_1,[Supply of LT Pin Insulator],08-Sep-2025 01:00 PM,TNEB Limited||TANGEDCO||CE-Distribution-Vellore - TANGEDCO||SE-Vellore - TANGEDCO,09-Oct-2025 02:00 PM,https://tntenders.gov.in/nicgep/app?component=%24DirectLink&page=FrontEndLatestActiveCorrigendums&service=direct&session=T&sp=SW1b4bc4bY%2FhlvTOCeygLwQ%3D%3D
963,2025_SETC_605767_1,[Parking of SETC AND TNSTC Buses in Motels  Missing Sector 2],20-Sep-2025 03:00 PM,State Express Transport Corporation Tamilnadu Limited,07-Oct-2025 05:00 PM,https://etender.up.nic.in/nicgep/app?component=%24DirectLink_0&page=FrontEndAdvancedSearchResult&service=direct&session=T&sp=S7%2BHGMBa%2Bmk8pR2dgGLf9bA%3D%3D
964,2025_RDTN_604951_5,[Construction  of   C C Road at  Esmail nagar BG road     in Anaikarachathiram Panchayat in Kollidam  Block NNT 2025-26],17-Sep-2025 09:00 AM,Rural Development and Panchayat Raj Department||Mayiladuthurai RD TN||Kollidam Mayiladuthurai RD TN,30-Sep-2025 06:00 PM,https://etender.up.nic.in/nicgep/app?component=%24DirectLink_0&page=FrontEndAdvancedSearchResult&service=direct&session=T&sp=SoPlyU%2FgQRBst8uYn3vrRmQ%3D%3D
965,2025_EB_608303_1,[Procurement of M.S Bolt and Nut size   2 1/2 X 5/8as per sketch and specification-1000Kgs],24-Sep-2025 04:00 PM,TNEB Limited||TANGEDCO||CE-Distribution-Madurai - TANGEDCO||SE-Madurai - TANGEDCO,08-Oct-2025 02:30 PM,https://etender.up.nic.in/nicgep/app?component=%24DirectLink_0&page=FrontEndAdvancedSearchResult&service=direct&session=T&sp=Sdy6Z1L1T64CdHE4V8CJJRA%3D%3D
966,2025_TNHB_609164_1,[FSE/04/2025-2026],26-Sep-2025 06:10 PM,Tamil Nadu Housing Board||Project Circle (City)||Foreshore Estate Division,10-Oct-2025 11:00 AM,https://etender.up.nic.in/nicgep/app?component=%24DirectLink_0&page=FrontEndAdvancedSearchResult&service=direct&session=T&sp=SiFk0UNQPhE0LcIZ4zG0vBw%3D%3D
967,2025_MAWS_605429_4,[Replacement of  90mm PVC Pipe to 300mm HDPE Pipe in Roever Arch road at Perambalur Municipality],19-Sep-2025 11:00 AM,MAWS||Perambalur Municipality,03-Oct-2025 03:00 PM,https://tntenders.gov.in/nicgep/app?component=%24DirectLink&page=FrontEndLatestActiveCorrigendums&service=direct&session=T&sp=SXR%2FfO0iFSw1UwAxq2ivc2w%3D%3D
968,2025_HWAY_599840_1,[MDU 082 / Dindigul Sub Division / FOOT OVER BRIDGE / CRIDP Works 2025 26],09-Sep-2025 06:45 PM,Highways||Construction and Maintenance Wing||Madurai Circle,07-Oct-2025 11:00 AM,https://tntenders.gov.in/nicgep/app?component=%24DirectLink&page=FrontEndLatestActiveCorrigendums&service=direct&session=T&sp=SRWegQSR8R5N9PnhGuwdseQ%3D%3D
969,2025_HWAY_601727_1,[TNV 75 Kuzhithurai  H C and M Sub Division],10-Sep-2025 09:00 AM,Highways||Construction and Maintenance Wing||Tirunelveli Circle,03-Oct-2025 02:00 PM,https://etender.up.nic.in/nicgep/app?component=%24DirectLink_0&page=FrontEndAdvancedSearchResult&service=direct&session=T&sp=SLm%2B%2FjkW3CGA7s2SNzLrlhw%3D%3D
970,2025_MAWS_602971_10,[Tiruppur Corporation_GF_Overhauling and Servicing Aathupalayam MCC Shredder machine bearings mechanical rollershaft Hopper MS box provisions Vengamedu step belt conveyor mechanical  roller gear box bearing  repair Rectifications centre  in WN 10],11-Sep-2025 06:40 PM,MAWS||Trippur City Municipal Corporation,30-Sep-2025 03:00 PM,https://tntenders.gov.in/nicgep/app?component=%24DirectLink&page=FrontEndLatestActiveCorrigendums&service=direct&session=T&sp=SFukw1NoOwROTcjH%2FlpafPA%3D%3D
971,2025_MAWS_609901_1,[Construction of Storm Water Drain Ward No.17 Janani Nagar in Kangeyam Municipality],29-Sep-2025 09:00 AM,MAWS||Kangeyam Municipality,30-Sep-2025 03:00 PM,https://etender.up.nic.in/nicgep/app?component=%24DirectLink_0&page=FrontEndAdvancedSearchResult&service=direct&session=T&sp=SBi6t4HTBRvTbDxcAWZsQsw%3D%3D
972,2025_TNMSC_587875_1,[ONLINE TENDER FOR FIXING RATE CONTRACT FOR SUPPLY AND INSTALLATION OF SHOULDER CPM UNIT AND ISOKINETIC EQUIPMENT TO GOVT. INSTITUTIONS],01-Aug-2025 03:00 PM,Tamilnadu Medical Services Corporation||Equipment,08-Oct-2025 11:00 AM,https://tntenders.gov.in/nicgep/app?component=%24DirectLink&page=FrontEndLatestActiveCorrigendums&service=direct&session=T&sp=S%2B0GGUqBRv85j56gYkjJtdQ%3D%3D
973,2025_HWAY_606655_1,[Construction of High Level bridge at Km  11/10 of Negamam - Erisanampatti Road  in lieu of existing causeway],20-Sep-2025 11:00 AM,Highways||NABARD and Rural Roads||Salem,07-Oct-2025 11:00 AM,https://etender.up.nic.in/nicgep/app?component=%24DirectLink_0&page=FrontEndAdvancedSearchResult&service=direct&session=T&sp=SzdLHEv7HxKw8%2BxDjvV34jA%3D%3D
974,2025_RDTN_608964_1,[Providing  CC Pavement at  Alagiapandiapuram Bus Stand in Alagiapandiapuram  Panchayat],26-Sep-2025 09:00 AM,"Rural Development and Panchayat Raj Department||Tirunelveli,RD,TN||MANUR, TIRUNELVELI,RD,TN",06-Oct-2025 03:00 PM,https://etender.up.nic.in/nicgep/app?component=%24DirectLink_0&page=FrontEndAdvancedSearchResult&service=direct&session=T&sp=SDAJFm1fOaLoS%2FBljNrAZ4A%3D%3D
975,2025_HWAY_603656_1,[MDU 117 / Thiruvadanai Sub Division / CRIDP 2025 26],15-Sep-2025 06:45 PM,Highways||Construction and Maintenance Wing||Madurai Circle,07-Oct-2025 11:00 AM,https://etender.up.nic.in/nicgep/app?component=%24DirectLink_0&page=FrontEndAdvancedSearchResult&service=direct&session=T&sp=Sfg22RY8kZ9YeLQivg61wOg%3D%3D
976,2025_SETC_597920_1,"[SUPPLY OF MEALS ,CURD AND TEA TO OUR EMPLOYEES AT  TUTCORIN DEPOT.]",27-Aug-2025 04:30 PM,State Express Transport Corporation Tamilnadu Limited||Chennai-Materials,03-Oct-2025 03:00 PM,https://tntenders.gov.in/nicgep/app?component=%24DirectLink&page=FrontEndLatestActiveCorrigendums&service=direct&session=T&sp=SPrtCXLRbzZEJViA7HkchKA%3D%3D
977,2025_RDTN_609955_1,[Providing Paver block arrangment at Seelathikulam west street in Samugarengapuram v.pt],29-Sep-2025 01:00 PM,"Rural Development and Panchayat Raj Department||Tirunelveli,RD,TN||RADHAPURAM, TIRUNELVELI,RD,TN",03-Oct-2025 05:00 PM,https://etender.up.nic.in/nicgep/app?component=%24DirectLink_0&page=FrontEndAdvancedSearchResult&service=direct&session=T&sp=SzAlHd%2Fj2n4fa51%2FXySSw1A%3D%3D
978,2025_MAWS_607146_1,"[GENERAL FUND-2025-2026-Repair and Maintanace of  CC Road at Ward No.20 Oorgowder Street 4th, 5th and 6th Street  in Karamadai Municipality.]",22-Sep-2025 09:00 AM,MAWS||Karamadai Municipality,30-Sep-2025 03:00 PM,https://etender.up.nic.in/nicgep/app?component=%24DirectLink_0&page=FrontEndAdvancedSearchResult&service=direct&session=T&sp=SBS6um8CV388hVOvTXgekcw%3D%3D
979,2025_HWAY_606127_1,[TN 41 25 26 Tirupur Division TPR 088],19-Sep-2025 05:30 PM,Highways||Construction and Maintenance Wing||Tiruppur Circle,09-Oct-2025 10:45 AM,https://etender.up.nic.in/nicgep/app?component=%24DirectLink_0&page=FrontEndAdvancedSearchResult&service=direct&session=T&sp=SFnWXKJPutInCTcLaVJomvQ%3D%3D
980,2025_RDTN_609509_1,[Tirupathur District 15 CFC 2025-26 Construction of New 10000Lit OHT 7m Stage at Mannan vattam H/O Kalendra Package No.02],27-Sep-2025 02:00 PM,Rural Development and Panchayat Raj Department||Tirupathur RD TN||Jolarpet Tirupathur RD TN,10-Oct-2025 03:00 PM,https://etender.up.nic.in/nicgep/app?component=%24DirectLink_0&page=FrontEndAdvancedSearchResult&service=direct&session=T&sp=SCd%2B01gLJNkSEymmfsiZgMA%3D%3D
981,2025_TNHTD_607307_1,[Supply of Automotive Batteries under rate contract for a period of One year.],22-Sep-2025 02:00 PM,Tamil Nadu State Health Transport Department||Material Management Section,09-Oct-2025 02:00 PM,https://etender.up.nic.in/nicgep/app?component=%24DirectLink_0&page=FrontEndAdvancedSearchResult&service=direct&session=T&sp=Sl1L2MKdGgLZACvSQfQLxdQ%3D%3D
982,2025_HWAY_601850_9,[TRY-72/2025-26 / Aranthangi and Alangudi (H) C and M Sub Division ],09-Sep-2025 06:45 PM,Highways||Construction and Maintenance Wing||Trichy Circle,07-Oct-2025 11:00 AM,https://tntenders.gov.in/nicgep/app?component=%24DirectLink&page=FrontEndLatestActiveCorrigendums&service=direct&session=T&sp=SDh9sNnfkODuPN4sFiD0G6A%3D%3D
983,2025_MAWS_603995_1,[CONSTRUCTION OPERATION AND MAINTENANCE OF BUS SHELTERS ERECTED IN WARD NO56 AT TIRUCHIRAPPALLI CITY CORPORATION ],13-Sep-2025 05:50 PM,MAWS||Tiruchirappalli City Municipal Corporation,30-Sep-2025 03:00 PM,https://tntenders.gov.in/nicgep/app?component=%24DirectLink&page=FrontEndLatestActiveCorrigendums&service=direct&session=T&sp=Sq%2BYjM659rYsFnV5t9QdM%2BA%3D%3D
984,2025_HWAY_605806_1,[TN.No.26 / SI.No.13 / 2025-2026 / SDO / CPT - 34],20-Sep-2025 09:00 AM,Highways||NABARD and Rural Roads||Chengalpattu,07-Oct-2025 12:00 PM,https://etender.up.nic.in/nicgep/app?component=%24DirectLink_0&page=FrontEndAdvancedSearchResult&service=direct&session=T&sp=SiJdmBRV4aHRZXMb8fT3kDw%3D%3D
985,2025_EB_596296_1,[To call Request For Empanelment (RFE) for Empanelment of Exploration Agency for carrying out of Detailed Exploration work in Coal Block],26-Aug-2025 05:30 PM,TNEB Limited||TANGEDCO||CE-Mech-Coal - TANGEDCO,07-Oct-2025 02:00 PM,https://tntenders.gov.in/nicgep/app?component=%24DirectLink&page=FrontEndLatestActiveCorrigendums&service=direct&session=T&sp=S2E5%2Bjc%2FIIEGalAMwdPFkmw%3D%3D
986,2025_RDTN_609759_1,[Providing CC Road at Mariamman Kovil Street in S.Kuppanapuram Village in Seliyanallur Panchayat],27-Sep-2025 05:30 PM,"Rural Development and Panchayat Raj Department||Tirunelveli,RD,TN||MANUR, TIRUNELVELI,RD,TN",06-Oct-2025 03:00 PM,https://etender.up.nic.in/nicgep/app?component=%24DirectLink_0&page=FrontEndAdvancedSearchResult&service=direct&session=T&sp=SJzR9mIil5xwEbSAclhxq%2BA%3D%3D
987,2025_DTP_608145_1,[15th CFC 2025-26 2nd Instalment-4],24-Sep-2025 09:00 AM,Directorate of Town Panchayats||Madurai Zone||Chettiarpatti Town Panchayat - Madurai,30-Sep-2025 03:00 PM,https://etender.up.nic.in/nicgep/app?component=%24DirectLink_0&page=FrontEndAdvancedSearchResult&service=direct&session=T&sp=SLVPMBXtkMawhMypq6gMmig%3D%3D
988,2025_DTP_609655_4,[RSMANGALAM 15TH FC Drainage at pullamadai road west and  keelakottai],27-Sep-2025 03:30 PM,Directorate of Town Panchayats||Sivaganga Zone||RS Mangalam Town Panchayat,30-Sep-2025 09:00 AM,https://etender.up.nic.in/nicgep/app?component=%24DirectLink_0&page=FrontEndAdvancedSearchResult&service=direct&session=T&sp=SQeObH2aXgzy2mYRny1%2FGlg%3D%3D
989,2025_RDTN_609773_1,[VELLORE DISTRICT CONSTRUCTION  OF  DRAINAGE AT  AD COLONY IN NETTERI   PANCHAYAT KVKUPPAM BLOCK 15 CFC 2025-26 PACKAGE NO 08],27-Sep-2025 05:45 PM,"Rural Development and Panchayat Raj Department||Vellore,RD,TN||K.V.KUPPAM, VELLORE,RD,TN",06-Oct-2025 03:00 PM,https://etender.up.nic.in/nicgep/app?component=%24DirectLink_0&page=FrontEndAdvancedSearchResult&service=direct&session=T&sp=SoUh7fg8r4Qry1Rs%2F9nVsaA%3D%3D
990,2025_RDTN_592381_4,[Construction of Co Location of Common Service Center Building at Vadakkupalayam Panchayat],25-Sep-2025 05:00 PM,"Rural Development and Panchayat Raj Department||Cuddalore,RD,TN||Srimushnam - VP Cuddalore RD TN",30-Sep-2025 03:00 PM,https://etender.up.nic.in/nicgep/app?component=%24DirectLink_0&page=FrontEndAdvancedSearchResult&service=direct&session=T&sp=SzOzuAi4snzRodw%2F%2F4uXQ%2Fw%3D%3D
991,2025_RDTN_610118_1,[Vellore District Construction of Collection Channel with Horizontal Filter at Pudhumanai AD Colony in DP Palayam  Panchayat of Gudiyatham Block 15th CFC (BP) 2025 -2026 Package no 10],29-Sep-2025 04:00 PM,"Rural Development and Panchayat Raj Department||Vellore,RD,TN||GUDIYATHAM, VELLORE,RD,TN",09-Oct-2025 03:00 PM,https://etender.up.nic.in/nicgep/app?component=%24DirectLink_0&page=FrontEndAdvancedSearchResult&service=direct&session=T&sp=S3g15PtRwq2SnjofVRizpZg%3D%3D
992,2025_CoC_608000_1,"[Tender for Repairs and Improvement works to Ramachandra Kulam in  Dn.26,Improvement works to Padavattamman Koil Kulam in Dn.27 and providing  Compound wall, Security room, Toilet, Water supply,]",23-Sep-2025 05:15 PM,"Corporation of Chennai||Regional Office North,CoC",03-Oct-2025 03:00 PM,https://tntenders.gov.in/nicgep/app?component=%24DirectLink&page=FrontEndLatestActiveCorrigendums&service=direct&session=T&sp=S0%2F4ftIyVuxOxWyPRjjyMYQ%3D%3D
993,2025_TNPL_608810_1,[PROCUREMENT OF WOODEN PALLET (RUBBER WOOD)],25-Sep-2025 06:30 PM,Tamilnadu Newsprint and Papers Limited||TNPL Unit-1||TNPL Purchase,06-Oct-2025 03:00 PM,https://etender.up.nic.in/nicgep/app?component=%24DirectLink_0&page=FrontEndAdvancedSearchResult&service=direct&session=T&sp=SeCFwdg02XIz3%2FUiywQVu3w%3D%3D
994,2025_HWAY_609457_1,[Upgradation of Panchayat Union / Panchayat Roads to Other District Roads (SLM-46)],27-Sep-2025 11:00 AM,Highways||NABARD and Rural Roads||Salem,14-Oct-2025 11:00 AM,https://etender.up.nic.in/nicgep/app?component=%24DirectLink_0&page=FrontEndAdvancedSearchResult&service=direct&session=T&sp=SblN81Wado%2FZTszhai0XLIA%3D%3D
995,2025_MSME_598381_1,[330 Procurement of Titanium Dioxide (Rutile Grade) and (Anatase Grade)  as per Schedule-A],01-Sep-2025 05:30 PM,Micro Small and Medium Enterprises||Tamil Nadu Small Industries Corporation||Purchase - TANSI,07-Oct-2025 11:30 AM,https://tntenders.gov.in/nicgep/app?component=%24DirectLink&page=FrontEndLatestActiveCorrigendums&service=direct&session=T&sp=SeuiqGksBvfwlqikAzscfCw%3D%3D
996,2025_HWAY_597530_1,[TN.39/Sl.No.01/CPT/CRIDP Work 2025-26],17-Sep-2025 06:55 PM,Highways||Construction and Maintenance Wing||Chennai Circle,16-Oct-2025 10:15 AM,https://etender.up.nic.in/nicgep/app?component=%24DirectLink_0&page=FrontEndAdvancedSearchResult&service=direct&session=T&sp=SEF%2BHPBaEIB7A26NSjkVhkg%3D%3D
997,2024_DTP_476998_1,[CGF 2024 - 25 - Office Builing Alangulam TP],24-Aug-2024 02:20 PM,Directorate of Town Panchayats||Tirunelveli Zone||Allangulam Town Panchayat,17-Oct-2025 03:00 PM,https://tntenders.gov.in/nicgep/app?component=%24DirectLink&page=FrontEndLatestActiveCorrigendums&service=direct&session=T&sp=SRqIMf2pOuh53WLnVlx51Jw%3D%3D
998,2025_RDTN_609605_1,[Tirupathur District Construction of new kitchen shed with stock room 2025-26 Construction of a kitchen building with a storage room at Pudupettai Panchayat Union Middle School Package No.01],27-Sep-2025 03:00 PM,Rural Development and Panchayat Raj Department||Tirupathur RD TN||Jolarpet Tirupathur RD TN,10-Oct-2025 03:00 PM,https://etender.up.nic.in/nicgep/app?component=%24DirectLink_0&page=FrontEndAdvancedSearchResult&service=direct&session=T&sp=SdQFzLluVTikqfkH0SYoYVg%3D%3D
999,2025_TNCSF_609554_1,[Milk of lime Preparation sulphur chemicals for process and Boiling house entrusting the contract],27-Sep-2025 01:00 PM,Department of Sugar||DHARMAPURI DISTRICT COOPERATIVE  SUGAR MILLS LTD,06-Oct-2025 04:00 PM,https://etender.up.nic.in/nicgep/app?component=%24DirectLink_0&page=FrontEndAdvancedSearchResult&service=direct&session=T&sp=S2UVD92P4FmNGT4mGtSHIhQ%3D%3D
1000,2025_EB_607526_1,[Supply of SS Hardware fittings for XLPE Insulated conductor],22-Sep-2025 06:00 PM,TNEB Limited||TANGEDCO||CE-Distribution-Coimbatore - TANGEDCO||SE-Coimbatore-South - TANGEDCO,07-Oct-2025 02:00 PM,https://etender.up.nic.in/nicgep/app?component=%24DirectLink_0&page=FrontEndAdvancedSearchResult&service=direct&session=T&sp=S34cDR7Lqdb2PPsZRMkQIJw%3D%3D
1001,2025_RDTN_609118_1,[Construction of Horizontal Filter to Mannivakkam Anna Nagar Point AR509 in Mannivakkam Panchayat at Kattankolathur Panchayat Union],26-Sep-2025 05:00 PM,Rural Development and Panchayat Raj Department||Chengalpattu RD TN||Kattankolattur Chengalpattu RD TN,07-Oct-2025 03:00 PM,https://etender.up.nic.in/nicgep/app?component=%24DirectLink_0&page=FrontEndAdvancedSearchResult&service=direct&session=T&sp=SGciiurjbIxwcsUc4XzxF6A%3D%3D
1002,2025_HWAY_601850_3,[TRY-66 KEERANUR SUB DIVISION],09-Sep-2025 06:45 PM,Highways||Construction and Maintenance Wing||Trichy Circle,07-Oct-2025 11:00 AM,https://tntenders.gov.in/nicgep/app?component=%24DirectLink&page=FrontEndLatestActiveCorrigendums&service=direct&session=T&sp=STtHJD2yzIGe%2F6WWvBLlpXA%3D%3D
1003,2025_HWAY_607698_1,[Roadwork],27-Sep-2025 10:00 AM,Highways||NABARD and Rural Roads||Tirunelveli,14-Oct-2025 11:00 AM,https://etender.up.nic.in/nicgep/app?component=%24DirectLink_0&page=FrontEndAdvancedSearchResult&service=direct&session=T&sp=S8G89TW0ql7BiPKRvcnpH1w%3D%3D
1004,2025_CoC_607389_1,"[Improvement Work to Thithi Pond, Manapakkam in Dn 157 Zone 12.]",27-Sep-2025 03:30 PM,"Corporation of Chennai||Regional office South,CoC",03-Oct-2025 03:00 PM,https://etender.up.nic.in/nicgep/app?component=%24DirectLink_0&page=FrontEndAdvancedSearchResult&service=direct&session=T&sp=S%2BzY03S5%2Bna9JRyPZ6Nl6fQ%3D%3D
1005,2025_TNRDC_605869_1,"[Strengthening  Improvement of main carriageway and Relaying of service road including divider kerb wall and replacing the damaged manhole cover slabs with new cover slabs from Km 4.070 to 4.300, 4.970 to 5.380 and 5.800 to 5.950 (LHS and RHS) of OMR]",18-Sep-2025 06:00 PM,TamilNadu Road Development Company Limited(TNRDC),06-Oct-2025 03:00 PM,https://etender.up.nic.in/nicgep/app?component=%24DirectLink_0&page=FrontEndAdvancedSearchResult&service=direct&session=T&sp=SyViTzWtciHhgPjqhkBgWKw%3D%3D
1006,2025_DTP_608693_1,[15 th Finance 2nd Untied  2025-26],25-Sep-2025 03:00 PM,"Directorate of Town Panchayats||Salem Zone||Senthamangalam Town Panchayat, Namakkal",30-Sep-2025 03:00 PM,https://etender.up.nic.in/nicgep/app?component=%24DirectLink_0&page=FrontEndAdvancedSearchResult&service=direct&session=T&sp=SNldDm%2FUkJMoRy5SKySJnow%3D%3D
1007,2025_CoC_607531_1,[R.D.C.N.C.D.C.No. B4 / 338 / 2025],22-Sep-2025 05:30 PM,"Corporation of Chennai||Regional Office North,CoC",06-Oct-2025 03:00 PM,https://etender.up.nic.in/nicgep/app?component=%24DirectLink_0&page=FrontEndAdvancedSearchResult&service=direct&session=T&sp=Sc7367eZppPnbnAwz1XP41g%3D%3D
1008,2025_DTP_609181_1,[Odugathur Tp/15th CFC 2025-2026/Ward-6 Vanigar Street Drain],26-Sep-2025 03:45 PM,Directorate of Town Panchayats||Vellore Zone||Panapakkam Town Panchayat,30-Sep-2025 03:00 PM,https://etender.up.nic.in/nicgep/app?component=%24DirectLink_0&page=FrontEndAdvancedSearchResult&service=direct&session=T&sp=SaGSKgwAyMDSV3aViaeBytg%3D%3D
1009,2025_RDTN_608618_1,[CONSTRUCTION OF STOREROOM CUM KITCHENSHED AT PUMS AT MULLIGOOR],25-Sep-2025 02:00 PM,"Rural Development and Panchayat Raj Department||The Nilgiris,RD,TN||UTHAGAMANDALAM, THE NILGIRIS,RD,TN",30-Sep-2025 03:00 PM,https://etender.up.nic.in/nicgep/app?component=%24DirectLink_0&page=FrontEndAdvancedSearchResult&service=direct&session=T&sp=SLfaHpF6lu6mMWMS7p9hfSQ%3D%3D
1010,2025_DTP_609734_1,"[Madathukulam  town panchayat Providing Paver block road at  ward no. 3, KPN Nagar in]",27-Sep-2025 06:00 PM,"Directorate of Town Panchayats||Erode Zone||Sankararamanallur Town Panchayat, Tiruppur",03-Oct-2025 03:00 PM,https://etender.up.nic.in/nicgep/app?component=%24DirectLink_0&page=FrontEndAdvancedSearchResult&service=direct&session=T&sp=Se35iAqvHmfWMZfpwPdrvjQ%3D%3D
1011,2025_CoC_607345_1,"[Tender for Demolition and Reconstruction of Storm water drain along Thandavarayan Gramani Street, Old Amaranjapuram Street and Construction of Storm water drain at Basin Bridge Road in Dn.49 and  53, Zone 5.]",22-Sep-2025 02:00 PM,"Corporation of Chennai||Regional Office North,CoC",03-Oct-2025 03:00 PM,https://tntenders.gov.in/nicgep/app?component=%24DirectLink&page=FrontEndLatestActiveCorrigendums&service=direct&session=T&sp=S4QPjTFjojE28ELCsD%2FFA%2Bg%3D%3D
1012,2025_EB_600124_1,[Supply of  22KV AB Switch with PT Insulator  ],25-Sep-2025 02:00 PM,TNEB Limited||TANGEDCO||CE-Distribution-Madurai - TANGEDCO||SE-Sivaganga - TANGEDCO,13-Oct-2025 02:00 PM,https://etender.up.nic.in/nicgep/app?component=%24DirectLink_0&page=FrontEndAdvancedSearchResult&service=direct&session=T&sp=SQLeHwogAh1y4XPmV3r%2BDMg%3D%3D
1013,2025_SETC_596335_1,"[WASHING WORK OF HEAD REST COVER, BERTH COVER , BLANKET OF SETC BUSES AT  KANYAKUMARI DEPOT.]",22-Aug-2025 04:00 PM,State Express Transport Corporation Tamilnadu Limited,08-Oct-2025 03:00 PM,https://tntenders.gov.in/nicgep/app?component=%24DirectLink&page=FrontEndLatestActiveCorrigendums&service=direct&session=T&sp=S50uHFBa%2Fstja7PqR0W1LTQ%3D%3D
1014,2025_EB_605171_1,[Replacement of CO2 flooding system with detectors in the fire protection system],17-Sep-2025 05:10 PM,TNEB Limited||TANGEDCO||CE-GTS - TANGEDCO||SE-Valuthur Gas Turbine Power Stations,03-Oct-2025 02:00 PM,https://etender.up.nic.in/nicgep/app?component=%24DirectLink_0&page=FrontEndAdvancedSearchResult&service=direct&session=T&sp=SL0eV7NPWuQvAguUinpSj4A%3D%3D
1015,2025_RDTN_608541_1,"[Providing Cement Concrete road at Mozhiyanur Indhira Nagar street in Nedimozhiyanur Panchayat,   Mailam Block , Villupuram District]",25-Sep-2025 10:00 AM,"Rural Development and Panchayat Raj Department||Villupuram,RD,TN||MAILAM, VILLUPURAM,RD,TN",10-Oct-2025 03:00 PM,https://etender.up.nic.in/nicgep/app?component=%24DirectLink_0&page=FrontEndAdvancedSearchResult&service=direct&session=T&sp=SysB0TLkO99SlQGZgJfEV8w%3D%3D
1016,2025_DTP_608955_4,[15TH FINANCE 2025-26 2nd INSTALMENT_4.00 Lakh],26-Sep-2025 09:00 AM,Directorate of Town Panchayats||Tirunelveli Zone||Panagudi Town Panchayat,30-Sep-2025 03:00 PM,https://etender.up.nic.in/nicgep/app?component=%24DirectLink_0&page=FrontEndAdvancedSearchResult&service=direct&session=T&sp=SqY%2BpBcSkxqJRk8TP5eDt3g%3D%3D
1017,2025_MAWS_607377_1,[Repair and Maintenance of Public Toilet Building in mini sahayapuram South beach road in East zonePublic Toilet retrofiting],22-Sep-2025 06:00 PM,MAWS||Tuticorin Municipal Corporation,30-Sep-2025 03:00 PM,https://etender.up.nic.in/nicgep/app?component=%24DirectLink_0&page=FrontEndAdvancedSearchResult&service=direct&session=T&sp=SBsohNT%2FCZw3JznbHTd7XRA%3D%3D
1018,2025_DTP_609656_1,[2025-26 -15th Finance Commission - 2nd  Installment Untied Grant -  Drain works],27-Sep-2025 03:15 PM,"Directorate of Town Panchayats||Cuddalore Zone||Bhuvanagiri Town Panchayat, Cuddalore",03-Oct-2025 03:00 PM,https://tntenders.gov.in/nicgep/app?component=%24DirectLink&page=FrontEndLatestActiveCorrigendums&service=direct&session=T&sp=SMpiK66FM3xYIQDfo7B9Qkw%3D%3D
1019,2025_EB_605904_1,[SE/CEDC/N/CBE/15/2025-26],18-Sep-2025 06:00 PM,TNEB Limited||TANGEDCO||CE-Distribution-Coimbatore - TANGEDCO||SE-Coimbatore-North - TANGEDCO,06-Oct-2025 02:00 PM,https://etender.up.nic.in/nicgep/app?component=%24DirectLink_0&page=FrontEndAdvancedSearchResult&service=direct&session=T&sp=Smxif4EHW8SpiKvW%2FIaigNg%3D%3D
1020,2025_CoC_609250_1,[Z.O.1.C.No.B1/04497/2025 	],26-Sep-2025 06:00 PM,"Corporation of Chennai||Regional Office North,CoC",06-Oct-2025 03:00 PM,https://etender.up.nic.in/nicgep/app?component=%24DirectLink_0&page=FrontEndAdvancedSearchResult&service=direct&session=T&sp=SsG7G2GDgpZ%2ByhYjHL5dX5Q%3D%3D
1021,2025_POLIS_607861_1,[Procurement of BDDS Equipments for Greater Chennai police],23-Sep-2025 03:00 PM,Police Department||Greater Chennai Police,08-Oct-2025 02:00 PM,https://tntenders.gov.in/nicgep/app?component=%24DirectLink&page=FrontEndLatestActiveCorrigendums&service=direct&session=T&sp=S9LrvVNb%2FkLkRheSJ5YMvDA%3D%3D
1022,2025_RDTN_608360_3,[BDOKRM/309/2025/A3 / 15CFC / Providing Interlocking Paver Block Pavement at CSI Church Back Side Street in Kulakkattakurichi Village and Panchayat in Kuruvikulam Panchayat Union],25-Sep-2025 09:10 AM,Rural Development and Panchayat Raj Department||Tenkasi RD TN||Kuruvikulam Tenkasi RD TN,29-Sep-2025 05:00 PM,https://etender.up.nic.in/nicgep/app?component=%24DirectLink_0&page=FrontEndAdvancedSearchResult&service=direct&session=T&sp=SGu4cXwSGYYLEflvMv%2F6qtw%3D%3D
1023,2025_MAWS_553912_2,[Construction of 4 Class room 2 2 at Govt Primary School Karaiyur in Ward No 21],19-Sep-2025 05:00 PM,MAWS||Rameswaram Municipality,30-Sep-2025 03:00 PM,https://etender.up.nic.in/nicgep/app?component=%24DirectLink_0&page=FrontEndAdvancedSearchResult&service=direct&session=T&sp=STZySyVk9UPBGAGWim4wsGQ%3D%3D
1024,2025_DTP_606075_1,[15TH FINANCE 2025-26 II Nd  INSTALLMENT UN TIED Unnamalaikadai TP],18-Sep-2025 06:55 PM,Directorate of Town Panchayats||Nagercoil Zone||Unnamalaikadai Town Panchayat,03-Oct-2025 03:00 PM,https://etender.up.nic.in/nicgep/app?component=%24DirectLink_0&page=FrontEndAdvancedSearchResult&service=direct&session=T&sp=SdTO5Hu1pPiferyP9t17Wfw%3D%3D
1025,2025_MAWS_609463_1,[Construction of Anganwadi at Vilavancode school campus in ward no.9  in Kuzhithurai Muncipality],27-Sep-2025 09:00 AM,MAWS||Colachal Municipality,08-Oct-2025 03:00 PM,https://etender.up.nic.in/nicgep/app?component=%24DirectLink_0&page=FrontEndAdvancedSearchResult&service=direct&session=T&sp=S8p41TORHWn%2FOCZj%2FC%2FZdPw%3D%3D
1026,2025_HWAY_609109_1,[Roadwork],27-Sep-2025 10:00 AM,Highways||NABARD and Rural Roads||Tirunelveli,14-Oct-2025 11:00 AM,https://etender.up.nic.in/nicgep/app?component=%24DirectLink_0&page=FrontEndAdvancedSearchResult&service=direct&session=T&sp=SwU0AMUSTk03fjL9llYm3Iw%3D%3D
1027,2025_HWAY_598356_1,[7_Rayakottai - Athipalli Road],29-Aug-2025 12:00 PM,Highways||Construction and Maintenance Wing||Salem Circle,30-Sep-2025 10:30 AM,https://tntenders.gov.in/nicgep/app?component=%24DirectLink&page=FrontEndLatestActiveCorrigendums&service=direct&session=T&sp=SHkB%2BkS7HtrAtLuPKCrobMA%3D%3D
1028,2025_MAWS_609536_5,[ School Improvement Grant Operation and Maintenance works -2025-26 Retender],27-Sep-2025 01:00 PM,MAWS||Karur Municipality,30-Sep-2025 03:00 PM,https://etender.up.nic.in/nicgep/app?component=%24DirectLink_0&page=FrontEndAdvancedSearchResult&service=direct&session=T&sp=SkWgkVbYHxPypfW%2F2X6O1HA%3D%3D
1029,2025_CTARS_602490_1,[VLTD],13-Sep-2025 09:00 AM,Commissionerate of Transport and Road Safety,22-Oct-2025 03:00 PM,https://tntenders.gov.in/nicgep/app?component=%24DirectLink&page=FrontEndLatestActiveCorrigendums&service=direct&session=T&sp=S16t0uUf6Xduej7Y1Uh1pyA%3D%3D
1030,2025_HWAY_595612_1,[CRIDP 2025-26],25-Aug-2025 06:00 PM,Highways||Construction and Maintenance Wing||Coimbatore Circle,09-Oct-2025 10:30 AM,https://etender.up.nic.in/nicgep/app?component=%24DirectLink_0&page=FrontEndAdvancedSearchResult&service=direct&session=T&sp=SwYUQ2t%2FkxdNYvuk5K292lQ%3D%3D
1031,2025_EB_609270_1,"[TTPS Operation Circle OE II  Breakdown Maintenance of fire hydrant, Mulsifyre, MVWS system and sprinkler system of pipelines in unit I to V for the period from the date of entrusting the work upto 31.03.2026]",26-Sep-2025 05:45 PM,TNEB Limited||TANGEDCO||CE-TTPS - TANGEDCO||SE-Operation-TTPS - TANGEDCO,13-Oct-2025 02:00 PM,https://etender.up.nic.in/nicgep/app?component=%24DirectLink_0&page=FrontEndAdvancedSearchResult&service=direct&session=T&sp=S0Ti7RGY70u7nIAOnKRaXVg%3D%3D
1032,2025_HWAY_601196_1,[Yercaud (H) CandM Sub Division (SLM-74)],08-Sep-2025 10:00 AM,Highways||Construction and Maintenance Wing||Salem Circle,23-Oct-2025 10:30 AM,https://etender.up.nic.in/nicgep/app?component=%24DirectLink_0&page=FrontEndAdvancedSearchResult&service=direct&session=T&sp=S679EXOK0gpW3JYi15ocDZA%3D%3D
1033,2025_DTP_608757_1,[15 th Finance Ist  Tied 2025-26],25-Sep-2025 04:00 PM,"Directorate of Town Panchayats||Salem Zone||Senthamangalam Town Panchayat, Namakkal",30-Sep-2025 04:00 PM,https://etender.up.nic.in/nicgep/app?component=%24DirectLink_0&page=FrontEndAdvancedSearchResult&service=direct&session=T&sp=SMyNR2XdhytvPE7xv%2Fv%2FcTw%3D%3D
1034,2025_SETC_597919_1,"[SUPPLY OF MEALS ,CURD AND TEA TO OUR EMPLOYEES AT  MADURAI DEPOT.]",27-Aug-2025 04:30 PM,State Express Transport Corporation Tamilnadu Limited||Chennai-Materials,03-Oct-2025 03:00 PM,https://tntenders.gov.in/nicgep/app?component=%24DirectLink&page=FrontEndLatestActiveCorrigendums&service=direct&session=T&sp=S9aXdsyQYBgwm9k%2BaZyxCQw%3D%3D
1035,2025_MAWS_608945_1,"[Repair and maintenance of Anganvadi centre no 3321020809,Indra nagar  at Aranthangi Municipality.]",26-Sep-2025 09:00 AM,MAWS||Aranthangi Municipality,30-Sep-2025 03:00 PM,https://etender.up.nic.in/nicgep/app?component=%24DirectLink_0&page=FrontEndAdvancedSearchResult&service=direct&session=T&sp=SdMcfBjpgJCOeDrbT8H6oMw%3D%3D
1036,2025_RDTN_604730_1,[Tirupathur District MLACDS 2025-26 Construction of Multipurpose Building Velmurugan Vattam H/O Elavampatti Panchayat Package No.02],19-Sep-2025 09:00 AM,Rural Development and Panchayat Raj Department||Tirupathur RD TN||Kandili Tirupathur RD TN,30-Sep-2025 03:00 PM,https://etender.up.nic.in/nicgep/app?component=%24DirectLink_0&page=FrontEndAdvancedSearchResult&service=direct&session=T&sp=S5K8BPAR0fihAWrEk4g1v3Q%3D%3D
1037,2025_MAWS_609886_1,[ Repair and Maintenance of Slaughter House in Kangeyam Municipality],29-Sep-2025 09:00 AM,MAWS||Kangeyam Municipality,30-Sep-2025 03:00 PM,https://etender.up.nic.in/nicgep/app?component=%24DirectLink_0&page=FrontEndAdvancedSearchResult&service=direct&session=T&sp=S0EbohogwKonnBFdPzEbWMA%3D%3D
1038,2025_HWAY_602850_1,[TN No 6 2025 26 SDO Dated 18.08.2025],11-Sep-2025 04:00 PM,Highways||Projects Wing||Madurai Circle,09-Oct-2025 11:00 AM,https://tntenders.gov.in/nicgep/app?component=%24DirectLink&page=FrontEndLatestActiveCorrigendums&service=direct&session=T&sp=SIUnXW3T1Kr4VaJIgBV3msw%3D%3D
1039,2025_HWAY_605800_1,[Non Plan 2025-26],22-Sep-2025 06:00 PM,Highways||Construction and Maintenance Wing||Coimbatore Circle,09-Oct-2025 10:30 AM,https://etender.up.nic.in/nicgep/app?component=%24DirectLink_0&page=FrontEndAdvancedSearchResult&service=direct&session=T&sp=SNjjCrmK64F%2FpUtXThcT%2BkQ%3D%3D
1040,2025_TNPL_604357_1,[Procurement of Spares required for PM3 Nipco Flex Rolls servicing],15-Sep-2025 04:50 PM,Tamilnadu Newsprint and Papers Limited||TNPL Unit-1||TNPL Purchase,30-Sep-2025 03:00 PM,https://tntenders.gov.in/nicgep/app?component=%24DirectLink&page=FrontEndLatestActiveCorrigendums&service=direct&session=T&sp=S9IFpzYkOst0TbD5WRAsLqw%3D%3D
1041,2025_TNRDC_606426_1,[Resurfacing including milling of BT surface of selected stretches in East Coast Road from Kanathur to Kovalam LHS 1.00km Ch  27.800 to 28.800 RHS 4.30km Ch 26.800 to 27.500 28.800 to 31.600 33.200 to 34.000],19-Sep-2025 06:00 PM,TamilNadu Road Development Company Limited(TNRDC),06-Oct-2025 03:00 PM,https://etender.up.nic.in/nicgep/app?component=%24DirectLink_0&page=FrontEndAdvancedSearchResult&service=direct&session=T&sp=Sxyom%2BiSpH2z7ksAOEmQkHg%3D%3D
1042,2025_TNCSF_609033_2,[LAB CHEMICALS],26-Sep-2025 04:05 PM,Department of Sugar||CHEYYAR COOPERATIVE  SUGAR MILLS LTD,09-Oct-2025 02:00 PM,https://etender.up.nic.in/nicgep/app?component=%24DirectLink_0&page=FrontEndAdvancedSearchResult&service=direct&session=T&sp=S96w20Z2OT0ILwYom57IMAA%3D%3D
1043,2025_EB_605241_1,[Civil Works],22-Sep-2025 02:00 PM,TNEB Limited||TANGEDCO||CE-Tirunelveli - TANGEDCO||SE-Kannyakumari - TANGEDCO,04-Oct-2025 02:00 PM,https://etender.up.nic.in/nicgep/app?component=%24DirectLink_0&page=FrontEndAdvancedSearchResult&service=direct&session=T&sp=SOlRLJ3rAxV3%2BnEgt4goPEw%3D%3D
1044,2025_MAWS_609318_1,[WATER SUPPLY FUND-2025-2026-Repair and Fixing of EB Meter box Switch and Panel Board at Ward no.23 North Car Street in Karamadai Municipality.],26-Sep-2025 06:00 PM,MAWS||Karamadai Municipality,30-Sep-2025 03:00 PM,https://etender.up.nic.in/nicgep/app?component=%24DirectLink_0&page=FrontEndAdvancedSearchResult&service=direct&session=T&sp=SScMHZL9FNB%2FcCV2Lzx6YMA%3D%3D
1045,2025_MAWS_561623_1,[CUDDALORE CORPORATION - Providing Toilet for ICDS at akkaraigori south street Icds in (33617020102) in cuddalore city municipal corporation.					],26-May-2025 12:00 PM,MAWS||Cuddalore Municipality,06-Oct-2025 03:00 PM,https://tntenders.gov.in/nicgep/app?component=%24DirectLink&page=FrontEndLatestActiveCorrigendums&service=direct&session=T&sp=SRuYJRT2LfaTP%2BJL8Kcditw%3D%3D
1046,2025_DTP_608927_1,[School Improvement Grant 6 th Finance Grant 2025-26],26-Sep-2025 09:00 AM,Directorate of Town Panchayats||Tirunelveli Zone||Panboli Town Panchayat,06-Oct-2025 03:00 PM,https://etender.up.nic.in/nicgep/app?component=%24DirectLink_0&page=FrontEndAdvancedSearchResult&service=direct&session=T&sp=SnotAqNc6OdsOG3eYOB6MNQ%3D%3D
1047,2025_HWAY_601850_5,[TRY-68/25-26 Aavudaiyarkovil (H) C and M Sub Division],09-Sep-2025 06:45 PM,Highways||Construction and Maintenance Wing||Trichy Circle,07-Oct-2025 11:00 AM,https://tntenders.gov.in/nicgep/app?component=%24DirectLink&page=FrontEndLatestActiveCorrigendums&service=direct&session=T&sp=SQPH%2FTprED3bol6J3ZxBz6A%3D%3D
1048,2025_HWAY_603271_1,[TN.45/Sl.No.02/KPM/CRIDP Work 2025-26],24-Sep-2025 06:50 PM,Highways||Construction and Maintenance Wing||Chennai Circle,16-Oct-2025 10:15 AM,https://etender.up.nic.in/nicgep/app?component=%24DirectLink_0&page=FrontEndAdvancedSearchResult&service=direct&session=T&sp=SeckCDB31B1CCcxXOY%2FnN1A%3D%3D
1049,2025_DTP_604905_1,[15th Finance Tied Grant-2025-26- Construction of drainage at Cheruppaloor Ammankovil to Taluk Office road in Kulasekharam Town Panchayat.],16-Sep-2025 06:55 PM,Directorate of Town Panchayats||Nagercoil Zone||Kulasekharam Town Panchayat,30-Sep-2025 03:00 PM,https://etender.up.nic.in/nicgep/app?component=%24DirectLink_0&page=FrontEndAdvancedSearchResult&service=direct&session=T&sp=SIhZtY7eGKAhSV2HDAFf1OQ%3D%3D
1050,2025_RDTN_608643_1,[CONSTRUCTION OF STOREROOM CUM KITCHENSHED AT GHS AT KINNAKORAI],25-Sep-2025 02:00 PM,"Rural Development and Panchayat Raj Department||The Nilgiris,RD,TN||UTHAGAMANDALAM, THE NILGIRIS,RD,TN",30-Sep-2025 03:00 PM,https://etender.up.nic.in/nicgep/app?component=%24DirectLink_0&page=FrontEndAdvancedSearchResult&service=direct&session=T&sp=SWTQUu5D3sPTWhhhEd%2FmX4A%3D%3D
1051,2025_HWAY_605855_1,[Non Plan 2025 - 2026],22-Sep-2025 06:00 PM,Highways||Construction and Maintenance Wing||Coimbatore Circle,09-Oct-2025 10:30 AM,https://etender.up.nic.in/nicgep/app?component=%24DirectLink_0&page=FrontEndAdvancedSearchResult&service=direct&session=T&sp=S4wn%2BfLAvlIXJJsCwKCC2bw%3D%3D
1052,2025_MAWS_607134_1,[GENERAL FUND-2025-2026-Repair and Maintanace of  Drain at Ward No.17 Ambethkar Nagar and Sasthirinagar Area  in Karamadai Municipality.],22-Sep-2025 09:00 AM,MAWS||Karamadai Municipality,30-Sep-2025 03:00 PM,https://etender.up.nic.in/nicgep/app?component=%24DirectLink_0&page=FrontEndAdvancedSearchResult&service=direct&session=T&sp=Sqprab928MFbvywwGtRi5oA%3D%3D
1053,2025_MAWS_608965_1,[Repairs to Storm Water Drain at Ward No 08 Kaitheymillath Nagar in Vandavasi Municipality],26-Sep-2025 09:00 AM,MAWS||Vandavasi Municipality,07-Oct-2025 03:00 PM,https://etender.up.nic.in/nicgep/app?component=%24DirectLink_0&page=FrontEndAdvancedSearchResult&service=direct&session=T&sp=SH1WzCB%2FyFpEbaSUvS3VODw%3D%3D
1054,2025_RDTN_608928_2,[Renovation of Three Phase Panel Board Arrangements at Rubanarayananallur  Panchayat],26-Sep-2025 09:00 AM,"Rural Development and Panchayat Raj Department||Cuddalore,RD,TN||VIRUDHACHALAM - VP,CUDDALORE,RD,TN",06-Oct-2025 04:00 PM,https://etender.up.nic.in/nicgep/app?component=%24DirectLink_0&page=FrontEndAdvancedSearchResult&service=direct&session=T&sp=SH1uc3tu8K5jpruy8JP%2Fp7g%3D%3D
1055,2025_HWAY_598396_1,[TNV 68 Tiruchendur  H C and M Sub Division],30-Aug-2025 09:00 AM,Highways||Construction and Maintenance Wing||Tirunelveli Circle,03-Oct-2025 02:00 PM,https://etender.up.nic.in/nicgep/app?component=%24DirectLink_0&page=FrontEndAdvancedSearchResult&service=direct&session=T&sp=SwLG4Fqa%2FiVPK9LVq1oEF4Q%3D%3D
1056,2025_RDTN_606626_1,[Salem District (Thalaivasal Block) Construction of Passengers Shelter at New Taluk Office front Side H/o Deviyakurichi.Work No.01/2025-2026.MLACDS 2025-2026],19-Sep-2025 06:00 PM,"Rural Development and Panchayat Raj Department||Salem,RD,TN||THALAIVASAL, SALEM,RD,TN",07-Oct-2025 03:00 PM,https://etender.up.nic.in/nicgep/app?component=%24DirectLink_0&page=FrontEndAdvancedSearchResult&service=direct&session=T&sp=SJX8F9yItsPLgg0qVdu9sOA%3D%3D
1057,2025_TNHB_604972_1,[Sale of Commercial units in Thirukatchur and Nesapakkam Schemes pertaining to KK Nagar Division.],17-Sep-2025 11:00 AM,Tamil Nadu Housing Board||Chennai Circle-I||K. K. Nagar Division,15-Oct-2025 11:00 AM,https://etender.up.nic.in/nicgep/app?component=%24DirectLink_0&page=FrontEndAdvancedSearchResult&service=direct&session=T&sp=SzyLlMhITu1fHYnb8zpwdkA%3D%3D
1058,2025_EB_608182_1,[ECHP-I- Providing rubber lagging of various conveyor pulleys in ECHP-I Division],24-Sep-2025 09:00 AM,TNEB Limited||TANGEDCO||CE-TTPS - TANGEDCO||SE-Mechanical Maintenance I-TTPS - TANGEDCO,09-Oct-2025 02:00 PM,https://etender.up.nic.in/nicgep/app?component=%24DirectLink_0&page=FrontEndAdvancedSearchResult&service=direct&session=T&sp=Sp7FgP9iAdtWrX3nraGAoqw%3D%3D
1059,2025_RDTN_608694_1,[CONSTRUCTION OF STOREROOM CUM KITCHENSHED AT PUMS AT ADASOLAI],25-Sep-2025 02:00 PM,"Rural Development and Panchayat Raj Department||The Nilgiris,RD,TN||UTHAGAMANDALAM, THE NILGIRIS,RD,TN",30-Sep-2025 03:00 PM,https://etender.up.nic.in/nicgep/app?component=%24DirectLink_0&page=FrontEndAdvancedSearchResult&service=direct&session=T&sp=S7SoUNfhO%2BgiQCc%2FuvajieQ%3D%3D
1060,2025_RDTN_609481_1,[Vellore district Construction of Ceremony shed Ramanayanikuppam in Ramanayanikuppam Panchayat Anaicut Block 15th CFC-BP 2025-2026(TIED and UNTIED) Scheme Package no  34],27-Sep-2025 11:00 AM,"Rural Development and Panchayat Raj Department||Vellore,RD,TN||ANAICUT, VELLORE,RD,TN",06-Oct-2025 03:00 PM,https://etender.up.nic.in/nicgep/app?component=%24DirectLink_0&page=FrontEndAdvancedSearchResult&service=direct&session=T&sp=SDcKsOJ5HveH4s0o2lJMNkA%3D%3D
1061,2025_DTP_606674_1,[15th Finance 2025-2026 2nd Installment - Maintenance Filter House - Arumanai TP],19-Sep-2025 06:55 PM,Directorate of Town Panchayats||Nagercoil Zone||Arumanai Town Panchayat,30-Sep-2025 03:00 PM,https://etender.up.nic.in/nicgep/app?component=%24DirectLink_0&page=FrontEndAdvancedSearchResult&service=direct&session=T&sp=SsbNSxc%2FY1TErGXaSOzw4AQ%3D%3D
1062,2025_WRD_605025_1,[Rehabilitation to Irrigation Channel of Thumbalkattupallam Tank in Alamarathupatty Village of Mettur Taluk in Salem District.],19-Sep-2025 10:00 AM,Water Resources Department||CE WRD Trichy Region - Trichy||SE Upper Cauvery Basin Circle WRD - Salem,23-Oct-2025 03:00 PM,https://etender.up.nic.in/nicgep/app?component=%24DirectLink_0&page=FrontEndAdvancedSearchResult&service=direct&session=T&sp=SMr7wzviZo2cWOwBLv6lnwQ%3D%3D
1063,2025_MAWS_609551_1,[GF 2025-26],27-Sep-2025 12:50 PM,MAWS||Karumathampatti Municipality,09-Oct-2025 03:00 PM,https://etender.up.nic.in/nicgep/app?component=%24DirectLink_0&page=FrontEndAdvancedSearchResult&service=direct&session=T&sp=SMWqxKlycJ3CYRZWawvL7yw%3D%3D
1064,2025_HWAY_595582_1,[CRIDP 2025-26],25-Aug-2025 06:00 PM,Highways||Construction and Maintenance Wing||Coimbatore Circle,09-Oct-2025 10:30 AM,https://etender.up.nic.in/nicgep/app?component=%24DirectLink_0&page=FrontEndAdvancedSearchResult&service=direct&session=T&sp=SxT4MYPbayCDeCxJM%2B0ayMg%3D%3D
1065,2025_DTP_600632_2,[General Fund  2025-26  Patch Work in Pudupalayam Town Panchayat ],24-Sep-2025 09:00 AM,"Directorate of Town Panchayats||Vellore Zone||Pudupalayam Town Panchayat, Tiruvannamalai",30-Sep-2025 03:00 PM,https://tntenders.gov.in/nicgep/app?component=%24DirectLink&page=FrontEndLatestActiveCorrigendums&service=direct&session=T&sp=SHnVjkAXaIOZ2oLhDeJjstQ%3D%3D
1066,2025_AHDF_606594_1,[Construction of Shore protection at Velankanni village in Nagapattinam District],20-Sep-2025 05:00 PM,Fisheries and Fishermen Welfare Department||Fishing Harbour Project Circle,08-Oct-2025 03:00 PM,https://tntenders.gov.in/nicgep/app?component=%24DirectLink&page=FrontEndLatestActiveCorrigendums&service=direct&session=T&sp=SD3%2FtMCd7oM4cYDgLcixwHQ%3D%3D
1067,2025_MAWS_607999_1,[Proposed wiring and lighting tank at community hall building anuman nagar chinthamani in ward 89],24-Sep-2025 09:00 AM,MAWS||Madurai Municipal Corporation,06-Oct-2025 03:00 PM,https://etender.up.nic.in/nicgep/app?component=%24DirectLink_0&page=FrontEndAdvancedSearchResult&service=direct&session=T&sp=SXbNucRt59NfzkmbguACouA%3D%3D
1068,2025_DoTE_602900_1,[Consumable Materials                                  ],11-Sep-2025 05:30 PM,Directorate of Technical Education||Govt. Engineering College - DOTE||Government  College of Engineering - Srirangam,29-Sep-2025 05:00 PM,https://etender.up.nic.in/nicgep/app?component=%24DirectLink_0&page=FrontEndAdvancedSearchResult&service=direct&session=T&sp=Sdt5Ah%2FEA2rZ1%2FT3j5NTz8Q%3D%3D
1069,2025_RDTN_610120_1,[Vellore District Construction of  30000 litre RCC OHT  (12.00 m Staging Height) at Sathiram in Erthangal Panchayat of Gudiyatham Block 15th CFC (BP) 2025 -2026 Package no 13],29-Sep-2025 04:00 PM,"Rural Development and Panchayat Raj Department||Vellore,RD,TN||GUDIYATHAM, VELLORE,RD,TN",09-Oct-2025 03:00 PM,https://etender.up.nic.in/nicgep/app?component=%24DirectLink_0&page=FrontEndAdvancedSearchResult&service=direct&session=T&sp=SPDVmqOLrX2Tvca%2FsRxgQHA%3D%3D
1070,2025_HWAY_598352_1,[6_Jandamedu - Puliyur road],29-Aug-2025 12:00 PM,Highways||Construction and Maintenance Wing||Salem Circle,30-Sep-2025 10:30 AM,https://tntenders.gov.in/nicgep/app?component=%24DirectLink&page=FrontEndLatestActiveCorrigendums&service=direct&session=T&sp=SzD5fRT54quGc84MwQmH13g%3D%3D
1071,2025_DTP_609988_1,[15th Finance Commission  Tied Grant  2025-2026 Borewll with Mini Power Pump and pipe line Extension  Ward No 15 Thirumagal 2nd street Ward  No 01 Sitherikodi in Thiruvalam Town Panchayat],29-Sep-2025 01:00 PM,Directorate of Town Panchayats||Vellore Zone||Thiruvalam Town Panchayat,07-Oct-2025 03:00 PM,https://etender.up.nic.in/nicgep/app?component=%24DirectLink_0&page=FrontEndAdvancedSearchResult&service=direct&session=T&sp=Sj%2FIm%2B9HizCVuAnZdq5YpFQ%3D%3D
1072,2025_HWAY_609650_1,[Pennagaram (H) CandM Sub Division (SLM-100)],29-Sep-2025 10:00 AM,Highways||Construction and Maintenance Wing||Salem Circle,23-Oct-2025 10:30 AM,https://etender.up.nic.in/nicgep/app?component=%24DirectLink_0&page=FrontEndAdvancedSearchResult&service=direct&session=T&sp=SGZwch8UPkn5NylyG%2F0mBfA%3D%3D
1073,2025_HWAY_605246_1,[MDU 128 / Thiruvadanai Sub Division / CRIDP 2025 26],20-Sep-2025 04:00 PM,Highways||Construction and Maintenance Wing||Madurai Circle,07-Oct-2025 11:00 AM,https://etender.up.nic.in/nicgep/app?component=%24DirectLink_0&page=FrontEndAdvancedSearchResult&service=direct&session=T&sp=So6ClKHBPp%2F%2FqD6hwjbtoWQ%3D%3D
1074,2025_CoC_609238_1,[Z.O.1.C.No.B1/04496/2025 	],26-Sep-2025 06:00 PM,"Corporation of Chennai||Regional Office North,CoC",06-Oct-2025 03:00 PM,https://etender.up.nic.in/nicgep/app?component=%24DirectLink_0&page=FrontEndAdvancedSearchResult&service=direct&session=T&sp=SIrxviPFW6Cdw96%2BJ0b8hUA%3D%3D
1075,2025_DTP_609790_1,[Cuddalore District - Pennadam TP ],29-Sep-2025 09:00 AM,"Directorate of Town Panchayats||Cuddalore Zone||Pennadam Town Panchayat, Cuddalore",30-Sep-2025 03:00 PM,https://etender.up.nic.in/nicgep/app?component=%24DirectLink_0&page=FrontEndAdvancedSearchResult&service=direct&session=T&sp=SXfmgH6mBxrf6Kk9BNNF1vQ%3D%3D
1076,2025_RDTN_608222_1,[PUO_ST_01],24-Sep-2025 12:00 PM,"Rural Development and Panchayat Raj Department||Theni,RD,TN||K. MAILADUMPARAI - VP, THENI,RD,TN",30-Sep-2025 03:00 PM,https://etender.up.nic.in/nicgep/app?component=%24DirectLink_0&page=FrontEndAdvancedSearchResult&service=direct&session=T&sp=S84Zkm%2BsOBHo0vFn%2BnMkFFA%3D%3D
1077,2025_HWAY_604000_2,[TRY 94/2025-26 THIRUMAYAM (H) C AND M SUBDIVISION],13-Sep-2025 06:55 PM,Highways||Construction and Maintenance Wing||Trichy Circle,07-Oct-2025 11:00 AM,https://tntenders.gov.in/nicgep/app?component=%24DirectLink&page=FrontEndLatestActiveCorrigendums&service=direct&session=T&sp=S1ms0zHmDLRP79YHyvuVq1g%3D%3D
1078,2025_MAWS_609903_1,[Engaging Sanitary worker and Sanitary Supervisor for Operation and Maintenance of FSTP in Kangeyam Municipality],29-Sep-2025 09:00 AM,MAWS||Kangeyam Municipality,30-Sep-2025 03:00 PM,https://etender.up.nic.in/nicgep/app?component=%24DirectLink_0&page=FrontEndAdvancedSearchResult&service=direct&session=T&sp=StfRGhZAdohllaVzlK9IdSA%3D%3D
1079,2025_MAWS_609442_1,[EAUCTION FOR WEEKLY MARKET SHOP NO 25],27-Sep-2025 09:00 AM,MAWS||Vellakoil Municipality,10-Oct-2025 11:00 AM,https://etender.up.nic.in/nicgep/app?component=%24DirectLink_0&page=FrontEndAdvancedSearchResult&service=direct&session=T&sp=S08PZoVXN0MmPWzXqnSp2Zg%3D%3D
1080,2025_RDTN_609405_1,[Vellore district Construction of Cement Concrete Drainage at Chinna Genganallore in Genganallore Panchayat Anaicut Block 15th CFC-BP 2025-2026(TIED and UNTIED) Scheme Package no  18],27-Sep-2025 09:00 AM,"Rural Development and Panchayat Raj Department||Vellore,RD,TN||ANAICUT, VELLORE,RD,TN",06-Oct-2025 03:00 PM,https://etender.up.nic.in/nicgep/app?component=%24DirectLink_0&page=FrontEndAdvancedSearchResult&service=direct&session=T&sp=SqYBfEAqq60wp17KwpKPXsQ%3D%3D
1081,2025_DoTE_609188_1,[SUPPLY OF CCTV CAMERA],26-Sep-2025 04:00 PM,"Directorate of Technical Education||Govt. Polytechnic College - DOTE||Govt. Polytechnic College, Gandharvakottai",13-Oct-2025 10:00 AM,https://etender.up.nic.in/nicgep/app?component=%24DirectLink_0&page=FrontEndAdvancedSearchResult&service=direct&session=T&sp=SqY2YnmB9GwRLT4Rh7ocYyg%3D%3D
1082,2025_TNPL_609775_1,[Procurement of Cement Grade Lime Stone - 76-78Percent CaCO3],27-Sep-2025 06:30 PM,Tamilnadu Newsprint and Papers Limited||TNPL Unit-1||TNPL Purchase,07-Oct-2025 03:00 PM,https://etender.up.nic.in/nicgep/app?component=%24DirectLink_0&page=FrontEndAdvancedSearchResult&service=direct&session=T&sp=SrWPdbf6j5nvmrUHweXudAQ%3D%3D
1083,2025_HWAY_598324_1,[1_Mohanur - Valayapatty Road],29-Aug-2025 12:00 PM,Highways||Construction and Maintenance Wing||Salem Circle,30-Sep-2025 10:30 AM,https://tntenders.gov.in/nicgep/app?component=%24DirectLink&page=FrontEndLatestActiveCorrigendums&service=direct&session=T&sp=S%2BDLq0%2BYxbYai71MZ3kulCQ%3D%3D
1084,2025_MAWS_609277_6,[Construction of R.C.C Culvert and Compound wall at Common Kitchen at Bharathiyar School Campus in ward no. 28],26-Sep-2025 05:40 PM,MAWS||Tirunelveli City Municipal Corporation,03-Oct-2025 03:00 PM,https://etender.up.nic.in/nicgep/app?component=%24DirectLink_0&page=FrontEndAdvancedSearchResult&service=direct&session=T&sp=SWjfgPQtm5hcAI3FJqnU%2FXg%3D%3D
1085,2025_HWAY_606560_1,[MDU 161 / Sivagangai Sub Division / CRIDP 2025 26],22-Sep-2025 06:55 PM,Highways||Construction and Maintenance Wing||Madurai Circle,07-Oct-2025 11:00 AM,https://etender.up.nic.in/nicgep/app?component=%24DirectLink_0&page=FrontEndAdvancedSearchResult&service=direct&session=T&sp=SvfsNXs9af2KmtIryxj5uEw%3D%3D
1086,2025_MAWS_609122_1,[Dismantling the Existing damaged Slaughter House building at Papparapalli in Kayalpatnarn Municipality],26-Sep-2025 02:00 PM,MAWS||Kayalpattinam Municipality,06-Oct-2025 03:00 PM,https://etender.up.nic.in/nicgep/app?component=%24DirectLink_0&page=FrontEndAdvancedSearchResult&service=direct&session=T&sp=SUEcVJp2jMBR23NZw%2FytrJA%3D%3D
1087,2025_RDTN_608796_1,[Vellore district  Construction of  Cement Concrete  Drainage  in Pallaparai  street  Kaniayambadi  Panchayat in Kaniyambadi Block General Fund 2025-26 PACKAGE NO 27],25-Sep-2025 05:00 PM,"Rural Development and Panchayat Raj Department||Vellore,RD,TN||KANIAMBADI, VELLORE,RD,TN",10-Oct-2025 03:00 PM,https://etender.up.nic.in/nicgep/app?component=%24DirectLink_0&page=FrontEndAdvancedSearchResult&service=direct&session=T&sp=S8YdNLox8Xl%2BKEyJ1wNYSKQ%3D%3D
1088,2025_EB_608001_1,"[Running  Contract for Carrying out the Extension, Improvement and Maintenance work in   Subramaniyapuram  Sub Division of East Division]",23-Sep-2025 05:30 PM,TNEB Limited||TANGEDCO||CE-Trichy EDC - TANGEDCO||SE-Trichy-Metro - TANGEDCO,07-Oct-2025 02:00 PM,https://etender.up.nic.in/nicgep/app?component=%24DirectLink_0&page=FrontEndAdvancedSearchResult&service=direct&session=T&sp=SO5qIRsAxHuSlRoTpBsrKCg%3D%3D
1089,2025_WRD_598181_1,"[Rehabilitation of Palar river from Devalapuram Village to Malligaithoppu Village by removing encroachments, constructing protection wall along both sides of river, Providing Boundary stones on both sides of river boundary in Ambur Town and Taluk of T]",29-Aug-2025 09:00 AM,Water Resources Department||CE WRD Chennai Region - Chennai||SE Upper Palar Basin Circle WRD - Vellore,07-Oct-2025 03:00 PM,https://tntenders.gov.in/nicgep/app?component=%24DirectLink&page=FrontEndLatestActiveCorrigendums&service=direct&session=T&sp=SR9ucnlV960lQssk8iNSxhA%3D%3D
1090,2025_PWD_605385_1,[Upgradation of Girls and Boys Hostel in Government Medical College and Hospital at Tiruvannamalai in Tiruvannamalai District.],18-Sep-2025 12:00 PM,"PWD||PWD CE buildings||Buildings (C and M) Circle, PWD, Tiruvannamalai",30-Sep-2025 03:00 PM,https://tntenders.gov.in/nicgep/app?component=%24DirectLink&page=FrontEndLatestActiveCorrigendums&service=direct&session=T&sp=SJfpEO2Nwg3uIDdnuY%2B04oQ%3D%3D
1091,2025_MAWS_609957_1,[KARUR CORPORATION_WATER SUPPLY FUND 2025-26],29-Sep-2025 04:50 PM,MAWS||Karur Municipality,30-Sep-2025 03:00 PM,https://etender.up.nic.in/nicgep/app?component=%24DirectLink_0&page=FrontEndAdvancedSearchResult&service=direct&session=T&sp=S3mPTpq1FkEL1hoAakV2qnw%3D%3D
1092,2025_EB_599941_1,[Supply of Single Phase DLMS Static Meter(5-20A)(Programmable as bidirectional)],03-Sep-2025 10:00 AM,TNEB Limited||TANGEDCO||CE-Material Management - TANGEDCO,16-Oct-2025 02:00 PM,https://tntenders.gov.in/nicgep/app?component=%24DirectLink&page=FrontEndLatestActiveCorrigendums&service=direct&session=T&sp=SMRJvE5T17kxcqVqWXMCxZQ%3D%3D
1093,2025_POLIS_598608_1,[Tiruppur city - Police Department -Supply and Installation of 1200 CCTV cameras in Tiruppur City at 442 locations],05-Sep-2025 09:00 AM,Police Department||Chief Office - Police||ADGP HeadQuarters||IGP HeadQuarters||Commissioner of Police Tiruppur City,07-Oct-2025 03:00 PM,https://etender.up.nic.in/nicgep/app?component=%24DirectLink_0&page=FrontEndAdvancedSearchResult&service=direct&session=T&sp=S%2Fz8O2oCsT3Ta5hti1nNr1g%3D%3D
1094,2025_TNCSF_609488_1,[Purchase of PVC pipe and Plumbing materials],27-Sep-2025 11:00 AM,Department of Sugar||DHARMAPURI DISTRICT COOPERATIVE  SUGAR MILLS LTD,06-Oct-2025 04:00 PM,https://etender.up.nic.in/nicgep/app?component=%24DirectLink_0&page=FrontEndAdvancedSearchResult&service=direct&session=T&sp=SOvGzcL%2F8vUpQ2l0Kha1hrQ%3D%3D
1095,2025_RDTN_609715_2,[Construction of Bus Shelter at Therkkupatty Village Near Puliyamaram in Therkkupatty  Panchayat],27-Sep-2025 05:00 PM,"Rural Development and Panchayat Raj Department||Tirunelveli,RD,TN||MANUR, TIRUNELVELI,RD,TN",06-Oct-2025 03:00 PM,https://etender.up.nic.in/nicgep/app?component=%24DirectLink_0&page=FrontEndAdvancedSearchResult&service=direct&session=T&sp=SJO%2B%2BvAIuxDNuompdRyzijA%3D%3D
1096,2025_HWAY_603698_3,[Construction of High level Bridge at Km 2/6 of the Road  from Kallimandayam - Edayakottai Road to Thopputhottam Bus Stop in  lieu of existing causeway],15-Sep-2025 10:00 AM,Highways||NABARD and Rural Roads||Trichy,07-Oct-2025 11:00 AM,https://etender.up.nic.in/nicgep/app?component=%24DirectLink_0&page=FrontEndAdvancedSearchResult&service=direct&session=T&sp=SLNFFmygtkx8zR0A9jUkEsQ%3D%3D
1097,2025_DoTE_600784_1,[PURCHASE OF CCTV],05-Sep-2025 11:55 AM,"Directorate of Technical Education||Govt. Polytechnic College - DOTE||Government Polytechnic College, Aundipatti",07-Oct-2025 12:00 PM,https://tntenders.gov.in/nicgep/app?component=%24DirectLink&page=FrontEndLatestActiveCorrigendums&service=direct&session=T&sp=ScYfTI237G6QzO%2FpCYg%2BiNQ%3D%3D
1098,2025_HWAY_597744_1,[Widening from Single Lane toIntermediate Lane andStrengthening at Km.5/0 - 6/6of Tiruvarur - Alivalam -Vadugachery RoadTNJ 43],01-Sep-2025 03:00 PM,Highways||Construction and Maintenance Wing||Thanjavur Circle,07-Oct-2025 11:30 AM,https://etender.up.nic.in/nicgep/app?component=%24DirectLink_0&page=FrontEndAdvancedSearchResult&service=direct&session=T&sp=Sj1Sysj5g%2F2N2gQPMC1VZqw%3D%3D
1099,2025_DTP_604924_1,[15th Finnance 2025-26 II phase Providing draiange at Eanchacode Rajeev Gandhi statue to RC Church in Ponmanai Town Panchayat.],17-Sep-2025 09:00 AM,Directorate of Town Panchayats||Nagercoil Zone||Ponmanai Town Panchayat,30-Sep-2025 03:00 PM,https://etender.up.nic.in/nicgep/app?component=%24DirectLink_0&page=FrontEndAdvancedSearchResult&service=direct&session=T&sp=SUD506PmsFH7Kjuz7dl6xWA%3D%3D
1100,2025_CoC_609018_1,"[Roadcut restoration made by CMWSSB Dept at Thikkakulam in Division-70, Unit-16, Zone-6]",26-Sep-2025 03:00 PM,"Corporation of Chennai||Regional office Central ,CoC",13-Oct-2025 03:00 PM,https://etender.up.nic.in/nicgep/app?component=%24DirectLink_0&page=FrontEndAdvancedSearchResult&service=direct&session=T&sp=SFcOGx1n23h8OPURBptu7zA%3D%3D
1101,2025_DTP_605257_1,[15th Finance - Tied Grant - 2025-26 - 2nd Installment Construction of compound wall at RR park in Villukuri Town Panchayat.],17-Sep-2025 04:35 PM,Directorate of Town Panchayats||Nagercoil Zone||Villukuri Town Panchayat,30-Sep-2025 03:00 PM,https://etender.up.nic.in/nicgep/app?component=%24DirectLink_0&page=FrontEndAdvancedSearchResult&service=direct&session=T&sp=SWR%2F2Bg3Yg2TXkUewmPFurg%3D%3D
1102,2025_DTP_608529_1,[15th Finance Commission Tied Ist 2025 26 in Thirukkruungudi Town Panchayat],25-Sep-2025 06:15 PM,Directorate of Town Panchayats||Tirunelveli Zone||Thirukarungudi Town Panchayat,30-Sep-2025 03:00 PM,https://etender.up.nic.in/nicgep/app?component=%24DirectLink_0&page=FrontEndAdvancedSearchResult&service=direct&session=T&sp=SJErS8nT2QZUhzzz39wR12g%3D%3D
1103,2025_HWAY_598552_1,[VPM-069-Non Plan-2025-26],04-Sep-2025 10:00 AM,Highways||Construction and Maintenance Wing||Villupuram Circle,15-Oct-2025 12:00 PM,https://etender.up.nic.in/nicgep/app?component=%24DirectLink_0&page=FrontEndAdvancedSearchResult&service=direct&session=T&sp=S5rzqz%2BBMBOmW7xTpSjUtRQ%3D%3D
1104,2025_MAWS_607232_1,[GENERAL FUND-2025-2026-Repair and Maintanace of  Drain at Ward No.21GH Front and Opposite  in Karamadai Municipality.],22-Sep-2025 09:00 AM,MAWS||Karamadai Municipality,30-Sep-2025 03:00 PM,https://etender.up.nic.in/nicgep/app?component=%24DirectLink_0&page=FrontEndAdvancedSearchResult&service=direct&session=T&sp=SyYEFsvi6NKpMFtXXokPgVg%3D%3D
1105,2025_TNPL_598332_1,[Removal of Flap Gates in Pre Heater Cyclones at LSFM - Mechanical in TNPL Unit - I],28-Aug-2025 06:30 PM,Tamilnadu Newsprint and Papers Limited||TNPL Unit-1||TNPL TOS,03-Oct-2025 03:00 PM,https://tntenders.gov.in/nicgep/app?component=%24DirectLink&page=FrontEndLatestActiveCorrigendums&service=direct&session=T&sp=S7gWK83nGydPHE%2B%2F4piwceA%3D%3D
1106,2025_MAWS_609277_2,[Construction of Compound Wall and Granite Flooring at Bharathiyar Statue Premises Opposite to Periyar Bus Stand in ward No. 30],26-Sep-2025 05:30 PM,MAWS||Tirunelveli City Municipal Corporation,03-Oct-2025 03:00 PM,https://etender.up.nic.in/nicgep/app?component=%24DirectLink_0&page=FrontEndAdvancedSearchResult&service=direct&session=T&sp=SIzLejRBpiRLmGdzbFwP1Og%3D%3D
1107,2025_HWAY_609428_1,[Upgradation of Panchayat Union / Panchayat Roads to Other District Roads (SLM-29)],27-Sep-2025 11:00 AM,Highways||NABARD and Rural Roads||Salem,14-Oct-2025 11:00 AM,https://etender.up.nic.in/nicgep/app?component=%24DirectLink_0&page=FrontEndAdvancedSearchResult&service=direct&session=T&sp=SEsexxtG00BRFLjbT%2FZOOOw%3D%3D
1108,2025_HWAY_609145_1,[Upgradation of Panchayat Union / Panchayat Roads to Other District Roads (SLM-51)],27-Sep-2025 11:00 AM,Highways||NABARD and Rural Roads||Salem,14-Oct-2025 11:00 AM,https://etender.up.nic.in/nicgep/app?component=%24DirectLink_0&page=FrontEndAdvancedSearchResult&service=direct&session=T&sp=S%2Bal8BD9jXQLaYWdJ4RII0w%3D%3D
1109,2025_EB_609110_1,[Repair and Maintenance Works to the Outside of North and South Wall of Switchyard 1 of Unit 3],26-Sep-2025 06:00 PM,TNEB Limited||TANGEDCO||CE-TTPS - TANGEDCO||SE-Civil-TTPS - TANGEDCO,14-Oct-2025 02:00 PM,https://etender.up.nic.in/nicgep/app?component=%24DirectLink_0&page=FrontEndAdvancedSearchResult&service=direct&session=T&sp=SkW4uoD7pJMxAWl3tNYdv%2FQ%3D%3D
1110,2025_EB_608904_1,[NCTPS I SE M II Circle ECHS Dn Supply Erection and Commissioning of Railway track points and crossing 2 Nos Point No 136 and 138 in NCTPS I siding],26-Sep-2025 06:00 PM,TNEB Limited||TANGEDCO||CE-NCTPS-I - TANGEDCO||SE-Mechanical Maintenance II-NCTPS-I - TANGEDCO,10-Oct-2025 02:00 PM,https://etender.up.nic.in/nicgep/app?component=%24DirectLink_0&page=FrontEndAdvancedSearchResult&service=direct&session=T&sp=SywRs6JJvAVumnRyqD4feUA%3D%3D
1111,2025_TNHB_605090_1,[Engaging Essential services to 606 TNGRHS Flats at Anna Nagar Western Extension for the period from 01.10.2025  to 31.03.2026],17-Sep-2025 02:00 PM,Tamil Nadu Housing Board||Chennai Circle-I,30-Sep-2025 11:00 AM,https://etender.up.nic.in/nicgep/app?component=%24DirectLink_0&page=FrontEndAdvancedSearchResult&service=direct&session=T&sp=Sb4xp4guChLv9G0n1diL12g%3D%3D
1112,2025_MAWS_609207_1,"[Supply,delivery and errection of  highmast (16.00m pole)  In Rasipuram kooturoad junction at Narasingapuram municipality]",26-Sep-2025 04:15 PM,MAWS||Narasingapuram Municipality,08-Oct-2025 03:00 PM,https://etender.up.nic.in/nicgep/app?component=%24DirectLink_0&page=FrontEndAdvancedSearchResult&service=direct&session=T&sp=Sgq720iEVjwfWigYQ8T%2F2rw%3D%3D
1113,2025_DTP_606682_1,[15th Finance 2025-2026 2nd Installment -  Marappadi Madam road drainage and culvert - Arumanai TP],19-Sep-2025 06:55 PM,Directorate of Town Panchayats||Nagercoil Zone||Arumanai Town Panchayat,30-Sep-2025 03:00 PM,https://etender.up.nic.in/nicgep/app?component=%24DirectLink_0&page=FrontEndAdvancedSearchResult&service=direct&session=T&sp=Sz2%2FIjEIXPV4Jn84jBqLjdw%3D%3D
1114,2025_EB_605797_1,"[Manufacture, fabrication, supply, erection, testing and commissioning of 33/11 KV SS with 1X8 MVA Power transformers, associated equipments, accessories, control panels at Kunnathur in Vellore EDC in Vellore Region on total turnkey basis ]",23-Sep-2025 02:00 PM,TNEB Limited||TANGEDCO||CE-Distribution-Vellore - TANGEDCO,23-Oct-2025 02:00 PM,https://etender.up.nic.in/nicgep/app?component=%24DirectLink_0&page=FrontEndAdvancedSearchResult&service=direct&session=T&sp=SLvVu3MFLNL5lUpZePUd48Q%3D%3D
1115,2025_MAWS_610043_3,[Tiruppur Corporation_SFC O and M_Maintainance and Special Repair Works to Pappanaickenpalayam Corporation Middle School in Ward No 18],29-Sep-2025 03:00 PM,MAWS||Trippur City Municipal Corporation,08-Oct-2025 03:00 PM,https://etender.up.nic.in/nicgep/app?component=%24DirectLink_0&page=FrontEndAdvancedSearchResult&service=direct&session=T&sp=S%2F5ZueyepxIPTLpoV0NiqwA%3D%3D
1116,2025_EB_607182_1,[Works Contract for rural panapakkam section.],22-Sep-2025 09:00 AM,TNEB Limited||TANGEDCO||CE-Distribution-Vellore - TANGEDCO||SE-Vellore - TANGEDCO,06-Oct-2025 02:00 PM,https://etender.up.nic.in/nicgep/app?component=%24DirectLink_0&page=FrontEndAdvancedSearchResult&service=direct&session=T&sp=SgFYAhAzaYN40yZp43rShOQ%3D%3D
1117,2025_TNRDC_606389_1,"[Resurfacing including milling of BT surface of selected stretches in East Coast Road from Akkarai to Uthandi LHS 2.00km Ch 22.300 to 24.300, RHS 1.00km Ch  22.300 to 23.300]",19-Sep-2025 06:00 PM,TamilNadu Road Development Company Limited(TNRDC),06-Oct-2025 03:00 PM,https://etender.up.nic.in/nicgep/app?component=%24DirectLink_0&page=FrontEndAdvancedSearchResult&service=direct&session=T&sp=S0t0NOCCJly6UJoxg9QZOQQ%3D%3D
1118,2025_MAWS_608214_3,[SFC 2025-26 Maintenance of Krishnan Kovil Street Ankanvadi Centre  (Centre Code No. 33733030105) in Kadayanallur Municipality],24-Sep-2025 11:00 AM,MAWS||Kadayanallur Municipality,08-Oct-2025 03:00 PM,https://etender.up.nic.in/nicgep/app?component=%24DirectLink_0&page=FrontEndAdvancedSearchResult&service=direct&session=T&sp=SOrBo6FTd5gExYnGEl0xoqA%3D%3D
1119,2025_RDTN_608549_1,"[Construction of Drainage with Vertical fiter at Ananthampettai street in Veedur Panchayat,   Mailam Block , Villupuram District]",25-Sep-2025 10:00 AM,"Rural Development and Panchayat Raj Department||Villupuram,RD,TN||MAILAM, VILLUPURAM,RD,TN",10-Oct-2025 03:00 PM,https://etender.up.nic.in/nicgep/app?component=%24DirectLink_0&page=FrontEndAdvancedSearchResult&service=direct&session=T&sp=SwscbFFIGJk1UsvshkujgYg%3D%3D
1120,2025_RDTN_609355_1,[Dismantling of PUPS old Building at k.Shanmugapuram Village and Panchayat ],26-Sep-2025 06:15 PM,"Rural Development and Panchayat Raj Department||Thoothukudi,RD,TN||OTTAPIDARAM, THOOTHUKUDI,RD,TN",01-Oct-2025 06:25 PM,https://etender.up.nic.in/nicgep/app?component=%24DirectLink_0&page=FrontEndAdvancedSearchResult&service=direct&session=T&sp=SdFnexAzNBvPy%2FtkdulzIiQ%3D%3D
1121,2025_RDTN_608554_6,[Construction of CC Road at Periyar Nagar in Kilsithamur panchayat under 15th CFC D.P-25-26],25-Sep-2025 09:00 AM,"Rural Development and Panchayat Raj Department||Villupuram,RD,TN||MARAKKANAM, VILLUPURAM,RD,TN",30-Sep-2025 03:00 PM,https://etender.up.nic.in/nicgep/app?component=%24DirectLink_0&page=FrontEndAdvancedSearchResult&service=direct&session=T&sp=SJfc7cGwoTkUOpLMVnsdWuA%3D%3D
1122,2025_RDTN_605985_1,[Extension of  Delivery Pipe line and  Providing 55  Nos of FHTCs at Samathanapuram at Perunthalaiver Street  in Kulasekarapatty Panchayat at Keelapavoor  Panchayat  Union],19-Sep-2025 11:00 AM,Rural Development and Panchayat Raj Department||Tenkasi RD TN||Keezhapavur Tenkasi RD TN,30-Sep-2025 03:00 PM,https://etender.up.nic.in/nicgep/app?component=%24DirectLink_0&page=FrontEndAdvancedSearchResult&service=direct&session=T&sp=SQQI%2FRqLtjLrqLH4fS%2BtvxA%3D%3D
1123,2025_HE_608435_1,[Chemicals],24-Sep-2025 05:00 PM,Higher Education||Bharathiar University||Centre for Research and Technology Development,09-Oct-2025 03:00 PM,https://etender.up.nic.in/nicgep/app?component=%24DirectLink_0&page=FrontEndAdvancedSearchResult&service=direct&session=T&sp=SqNF2%2BJiFduOMdiDFdy9Dnw%3D%3D
1124,2025_EB_605003_1,"[FABRICATION AND SUPPLY OF SEALING STRIP FOR HP HEATER NO 5,6 and 7 IN UNIT   III.  ]",17-Sep-2025 12:00 PM,TNEB Limited||TANGEDCO||CE-TTPS - TANGEDCO||SE-Purchase and Administration-TTPS - TANGEDCO,06-Oct-2025 02:00 PM,https://etender.up.nic.in/nicgep/app?component=%24DirectLink_0&page=FrontEndAdvancedSearchResult&service=direct&session=T&sp=S2kuhtFskLSuENCxn%2ByYMBQ%3D%3D
1125,2025_RDTN_607557_1,[Salem District (Thalaivasal Block) Construction of Kitchen Cum Store room Building in Govt Higher Secondary School H/o Kattukottai.Work No.01/2025-2026.PT MGR Noon Meal Scheme 2025 - 2026.],22-Sep-2025 06:00 PM,"Rural Development and Panchayat Raj Department||Salem,RD,TN||THALAIVASAL, SALEM,RD,TN",07-Oct-2025 03:00 PM,https://etender.up.nic.in/nicgep/app?component=%24DirectLink_0&page=FrontEndAdvancedSearchResult&service=direct&session=T&sp=SZWKpMymwW4TH6SXRbrhfJg%3D%3D
1126,2025_DTP_608171_1,[2025-26 15th FC Tied 1st Installment  Pudupalayam Town Panchayat],24-Sep-2025 09:00 AM,"Directorate of Town Panchayats||Vellore Zone||Pudupalayam Town Panchayat, Tiruvannamalai",30-Sep-2025 03:00 PM,https://etender.up.nic.in/nicgep/app?component=%24DirectLink_0&page=FrontEndAdvancedSearchResult&service=direct&session=T&sp=SOqwSfHllqaNqLSaovQ%2FuCw%3D%3D
1127,2025_HWAY_595587_1,[CRIDP 2025-26],25-Aug-2025 06:00 PM,Highways||Construction and Maintenance Wing||Coimbatore Circle,09-Oct-2025 10:30 AM,https://etender.up.nic.in/nicgep/app?component=%24DirectLink_0&page=FrontEndAdvancedSearchResult&service=direct&session=T&sp=SBqYafovAcLM29%2B1KJ5TGKw%3D%3D
1128,2025_MAWS_607533_12,"[15th CFC 2025-26 Tied SWM Construction of Strom water Drain at Athidiravidar South street and Athidiravidar North Street in ward no.30,Poonthottam Cross Street  in ward no.07, Puliyamukku street West Portion in ward No.18 ]",23-Sep-2025 11:00 AM,MAWS||Kadayanallur Municipality,06-Oct-2025 03:00 PM,https://etender.up.nic.in/nicgep/app?component=%24DirectLink_0&page=FrontEndAdvancedSearchResult&service=direct&session=T&sp=Sxj81ttqu4RZH92X1bs8oWA%3D%3D
1129,2025_EB_550224_1,"[Hiring of 1 No. Diesel or Petrol driven motor vehicle under the control of AEE Town Arcot for the official use of AEE O and M Town Arcot, Timiri and Mambakkam for a period of one year]",23-Apr-2025 04:00 PM,TNEB Limited||TANGEDCO||CE-Distribution-Vellore - TANGEDCO||SE-Vellore - TANGEDCO,03-Oct-2025 02:00 PM,https://tntenders.gov.in/nicgep/app?component=%24DirectLink&page=FrontEndLatestActiveCorrigendums&service=direct&session=T&sp=SBym1XaouP%2FOoMKPS3YDS7g%3D%3D
1130,2025_EB_607346_1,[NCTPSI SEMII Circle ECHS Dn Reconditioning of wornout roller screen shaft released from EDS 3A Equipment at SCHII],22-Sep-2025 06:00 PM,TNEB Limited||TANGEDCO||CE-NCTPS-I - TANGEDCO||SE-Mechanical Maintenance II-NCTPS-I - TANGEDCO,06-Oct-2025 02:00 PM,https://etender.up.nic.in/nicgep/app?component=%24DirectLink_0&page=FrontEndAdvancedSearchResult&service=direct&session=T&sp=SxBbXSjzpYV%2Bt0cE%2BxYx0tQ%3D%3D
1131,2025_DTP_609808_1,"[Providing  150mm dia borewell and at Ward No 04   Chinna sengampatti ,Muthukaruppan house near  Deep borewell with minitank provision in Annavasal TP Pudukkottai Dt]",29-Sep-2025 09:00 AM,"Directorate of Town Panchayats||Tiruchirappalli Zone||Annavasal Town Panchayat, Pudukkottai",03-Oct-2025 03:00 PM,https://etender.up.nic.in/nicgep/app?component=%24DirectLink_0&page=FrontEndAdvancedSearchResult&service=direct&session=T&sp=SBACxYHkHALjj48AAFaiHzQ%3D%3D
1132,2025_HWAY_599111_1,[TN 22 25 26 Tirupur Division TPR 050],01-Sep-2025 05:30 PM,Highways||Construction and Maintenance Wing||Tiruppur Circle,09-Oct-2025 10:45 AM,https://etender.up.nic.in/nicgep/app?component=%24DirectLink_0&page=FrontEndAdvancedSearchResult&service=direct&session=T&sp=Sv6skRsN6VZpgWXSh3HSvhA%3D%3D
1133,2025_CGAM_606621_1,[Leasing out of Rough Stone in Pudukkottai District],20-Sep-2025 10:00 AM,Commissionerate of Geology and Mining||RJD of Geology and Mining - Tiruchirapalli||O/o DD/AD of Geology and Mining - Pudukottai,13-Oct-2025 05:00 PM,https://etender.up.nic.in/nicgep/app?component=%24DirectLink_0&page=FrontEndAdvancedSearchResult&service=direct&session=T&sp=SAnbtcHFI7wcVw06K1%2F2zPw%3D%3D
1134,2025_MAWS_605451_25,[CUDDALORE CORPORATION -  Maintenance and Repair work to UPHC at  ward no 25],18-Sep-2025 06:00 PM,MAWS||Cuddalore Municipality,30-Sep-2025 03:00 PM,https://etender.up.nic.in/nicgep/app?component=%24DirectLink_0&page=FrontEndAdvancedSearchResult&service=direct&session=T&sp=S96Q%2Ble7L0mTVn0fNgmBS0w%3D%3D
1135,2025_EB_602961_1,[Establishment of new 33/11kv ss at Kozhipuliyur (civil works) under turn key],11-Sep-2025 05:30 PM,TNEB Limited||TANGEDCO||CE-Thiruvannamalai - TANGEDCO,13-Oct-2025 02:00 PM,https://etender.up.nic.in/nicgep/app?component=%24DirectLink_0&page=FrontEndAdvancedSearchResult&service=direct&session=T&sp=Soh%2BK%2BdTRcPlAaJTX7BU1fw%3D%3D
1136,2025_DTP_609613_1,[6th Finance 2025-2026-4],27-Sep-2025 03:00 PM,"Directorate of Town Panchayats||Dindigul Zone||Aravakurichi Town Panchayat, Karur",30-Sep-2025 03:00 PM,https://etender.up.nic.in/nicgep/app?component=%24DirectLink_0&page=FrontEndAdvancedSearchResult&service=direct&session=T&sp=Stk0GbT4yMBUS775X8Ck5vw%3D%3D
1137,2025_HWAY_601850_7,[TRY-70 /25-26 Avudaiyakovil (H) C and M Sub Division ],09-Sep-2025 06:45 PM,Highways||Construction and Maintenance Wing||Trichy Circle,07-Oct-2025 11:00 AM,https://tntenders.gov.in/nicgep/app?component=%24DirectLink&page=FrontEndLatestActiveCorrigendums&service=direct&session=T&sp=SCnsWj3evxRsTI%2FvcqvgwZg%3D%3D
1138,2025_HWAY_602913_2,"[TRY-81 / 2025-26, Pudukkottai West SubDivision]",13-Sep-2025 06:00 PM,Highways||Construction and Maintenance Wing||Trichy Circle,07-Oct-2025 11:00 AM,https://tntenders.gov.in/nicgep/app?component=%24DirectLink&page=FrontEndLatestActiveCorrigendums&service=direct&session=T&sp=S13gO9sPQ%2BefgLvoWU1fCEA%3D%3D
1139,2025_HWAY_604821_1,[Strengthening works to the Government roads in Nannilam H CandM Sub division Jurisdiction TNJ-86],16-Sep-2025 06:45 PM,Highways||Construction and Maintenance Wing||Thanjavur Circle,07-Oct-2025 11:30 AM,https://etender.up.nic.in/nicgep/app?component=%24DirectLink_0&page=FrontEndAdvancedSearchResult&service=direct&session=T&sp=SsC6ruDNGZeGh1r5aQ2nxLw%3D%3D
1140,2025_EB_607316_1,[NCTPSI SEMII CircleAHP Dn UnitIII  AOH202526BAH Overhauling of Bottom ash hopper Scrapper feeders and Clinker Grinders during overhaul of unit.],22-Sep-2025 06:00 PM,TNEB Limited||TANGEDCO||CE-NCTPS-I - TANGEDCO||SE-Mechanical Maintenance II-NCTPS-I - TANGEDCO,06-Oct-2025 02:00 PM,https://etender.up.nic.in/nicgep/app?component=%24DirectLink_0&page=FrontEndAdvancedSearchResult&service=direct&session=T&sp=SasdMPPU%2Bv8JooW712u6qHg%3D%3D
1141,2025_RDTN_608064_1,[Providing Basic infrastructure works at Kasthambadi Camps in Polur Block Package No. TVM/2025-26/185 of Tiruvannamalai District],23-Sep-2025 06:55 PM,"Rural Development and Panchayat Raj Department||Tiruvannamalai,RD,TN",03-Oct-2025 03:00 PM,https://tntenders.gov.in/nicgep/app?component=%24DirectLink&page=FrontEndLatestActiveCorrigendums&service=direct&session=T&sp=SzC1dw6DUPRgalJwvBvOmMA%3D%3D
1142,2025_DTP_606904_1,[Alanganallur Town Panchayat Providing cement concrete paver block road at Ward.4 North cross Street in Alanganallur Town Panchayat],20-Sep-2025 03:30 PM,"Directorate of Town Panchayats||Madurai Zone||Alanganallur Town Panchayat, Madurai",30-Sep-2025 03:00 PM,https://etender.up.nic.in/nicgep/app?component=%24DirectLink_0&page=FrontEndAdvancedSearchResult&service=direct&session=T&sp=SF4ZM0e3lORb%2BJNCFQfGfmA%3D%3D
1143,2025_EB_605121_1,[Fabrication Supply and Erection of Discharge Chute Assembly Middle for 1400 mm belt width Conveyor 13A at Coal Jetty I],17-Sep-2025 05:00 PM,TNEB Limited||TANGEDCO||CE-TTPS - TANGEDCO||SE-Purchase and Administration-TTPS - TANGEDCO,07-Oct-2025 02:00 PM,https://etender.up.nic.in/nicgep/app?component=%24DirectLink_0&page=FrontEndAdvancedSearchResult&service=direct&session=T&sp=SjCEUf0B%2FKoHD4j3ZLi1O%2BA%3D%3D
1144,2025_EB_606833_1,[Supply of   LT Three Phase Channel Cross Arm  for Operation and Maintenance works  in Cuddalore EDC],20-Sep-2025 04:00 PM,TNEB Limited||TANGEDCO||CE-Distribution-Villupuram - TANGEDCO||SE-Cuddalore - TANGEDCO,06-Oct-2025 01:00 PM,https://etender.up.nic.in/nicgep/app?component=%24DirectLink_0&page=FrontEndAdvancedSearchResult&service=direct&session=T&sp=SGvG4EUQ%2F0mhaNGUZenFsnQ%3D%3D
1145,2025_HWAY_606343_1,[MDU 136 / Thiruppathur Sub Division / CRIDP 2025 26],22-Sep-2025 06:55 PM,Highways||Construction and Maintenance Wing||Madurai Circle,07-Oct-2025 11:00 AM,https://etender.up.nic.in/nicgep/app?component=%24DirectLink_0&page=FrontEndAdvancedSearchResult&service=direct&session=T&sp=SGu0jwqBpDxqQzJ4JfzfS7A%3D%3D
1146,2025_MAWS_609997_7,"[ Providing deep borewell and Construction of Mini OHT at Megalingapuram opp. Milk society, Sastha kovil and Udayar patti road   in ward no.12]",29-Sep-2025 04:30 PM,MAWS||Tirunelveli City Municipal Corporation,07-Oct-2025 03:00 PM,https://etender.up.nic.in/nicgep/app?component=%24DirectLink_0&page=FrontEndAdvancedSearchResult&service=direct&session=T&sp=S9cgQuzXK8Q%2BYL5la13LCWA%3D%3D
1147,2025_CoC_608938_1,[E.L.D.C.No/SMII/P10/3945/2025 Supply of 15 nos. of Cable climper tools for Zones 1 to 15],26-Sep-2025 09:00 AM,"Corporation of Chennai||Head Quarters,CoC",06-Oct-2025 02:15 PM,https://etender.up.nic.in/nicgep/app?component=%24DirectLink_0&page=FrontEndAdvancedSearchResult&service=direct&session=T&sp=S2EGW50skVSy6yHy0P%2F7Ebg%3D%3D
1148,2025_MAWS_609288_1,[Repairs and maintenance of High mast lights Vickramasingapuram Municipality],26-Sep-2025 05:30 PM,MAWS||Vikramasingapuram Municipality,06-Oct-2025 03:00 PM,https://etender.up.nic.in/nicgep/app?component=%24DirectLink_0&page=FrontEndAdvancedSearchResult&service=direct&session=T&sp=SXfAc81lhLBYKP181%2FsSF7w%3D%3D
1149,2025_RDTN_608452_1,[Strengthening the road Thangaraj House to Ayyamuthu Nagar Sethuraman House in Birundavan Garden at Malumichampatti HO malumichampatti Panchayat],24-Sep-2025 06:00 PM,"Rural Development and Panchayat Raj Department||Coimbatore,RD,TN||MADUKKARAI - VP, COIMBATORE,RD,TN",30-Sep-2025 03:30 PM,https://etender.up.nic.in/nicgep/app?component=%24DirectLink_0&page=FrontEndAdvancedSearchResult&service=direct&session=T&sp=Scef6GkcJo8y2OqmerWwzgA%3D%3D
1150,2025_EB_609275_1,[Supply of Various sizes of SS316 Bolts and nuts with spring washers  ],26-Sep-2025 05:00 PM,TNEB Limited||TANGEDCO||CE-NCTPS-II - TANGEDCO||SE-Purchase and Administration-NCTPS-II - TANGEDCO,13-Oct-2025 02:00 PM,https://etender.up.nic.in/nicgep/app?component=%24DirectLink_0&page=FrontEndAdvancedSearchResult&service=direct&session=T&sp=S%2FILMip7X5U6u7Zi0gdYoKQ%3D%3D
1151,2025_EB_607857_1,[Supply of 11 KV Metal parts],23-Sep-2025 02:30 PM,TNEB Limited||TANGEDCO||CE-Distribution-Coimbatore - TANGEDCO||SE-Nilgiris - TANGEDCO,07-Oct-2025 02:00 PM,https://etender.up.nic.in/nicgep/app?component=%24DirectLink_0&page=FrontEndAdvancedSearchResult&service=direct&session=T&sp=Shc9BAKYWyra%2FGgypCY5guQ%3D%3D
1152,2025_MAWS_609277_5,[Construction of R.C.C Culvert at Nainar Kulam road corner South Side near New UGD Pumbing Station in ward no. 14],26-Sep-2025 05:40 PM,MAWS||Tirunelveli City Municipal Corporation,03-Oct-2025 03:00 PM,https://etender.up.nic.in/nicgep/app?component=%24DirectLink_0&page=FrontEndAdvancedSearchResult&service=direct&session=T&sp=SyUQa7ttZGzhEjXkrD7VoRA%3D%3D
1153,2025_CoC_609025_1,"[Roadcut restoration made by CMWSSB Dept at Murugesan Street and Sababathi Lane in Division-70, Unit-16, Zone-6]",26-Sep-2025 03:00 PM,"Corporation of Chennai||Regional office Central ,CoC",13-Oct-2025 03:00 PM,https://etender.up.nic.in/nicgep/app?component=%24DirectLink_0&page=FrontEndAdvancedSearchResult&service=direct&session=T&sp=SmAaCODz8vos%2BwVBwsFtqyA%3D%3D
1154,2025_SETC_596434_1,"[WASHING WORK OF HEAD REST COVER, BERTH COVER , BLANKET OF SETC BUSES AT MARTHANDAM DEPOT.]",22-Aug-2025 04:35 PM,State Express Transport Corporation Tamilnadu Limited,08-Oct-2025 03:00 PM,https://tntenders.gov.in/nicgep/app?component=%24DirectLink&page=FrontEndLatestActiveCorrigendums&service=direct&session=T&sp=S55vDVCi2uaOUEyWjvOkL6g%3D%3D
1155,2025_RDTN_608739_1,[Construction of 1 lakh liter capacity 12m height OHT at Ayeegoundenpalayam H/O Seenapuramr Panchayat  in Perundurai  Panchayat Union  of  Erode District under MLACDS 2025 26],25-Sep-2025 03:05 PM,"Rural Development and Panchayat Raj Department||Erode,RD,TN||PERUNDURAI, ERODE,RD,TN",30-Sep-2025 03:00 PM,https://etender.up.nic.in/nicgep/app?component=%24DirectLink_0&page=FrontEndAdvancedSearchResult&service=direct&session=T&sp=SKMv3wXTIN5zsIl6bqa%2FrYw%3D%3D
1156,2025_HWAY_601850_13,[TRY-76/2025-26/Thirumayam  (H) C and M Sub Division ],09-Sep-2025 06:55 PM,Highways||Construction and Maintenance Wing||Trichy Circle,07-Oct-2025 11:00 AM,https://tntenders.gov.in/nicgep/app?component=%24DirectLink&page=FrontEndLatestActiveCorrigendums&service=direct&session=T&sp=SuPDs8uUlOITYdDsShnP8VQ%3D%3D
1157,2025_EB_608841_1,[MTPS I BM Unit III Boiler pressure parts AOH 2025 Rectification Replacement of defective tubes in water wall area S panel area etc],25-Sep-2025 05:15 PM,TNEB Limited||TANGEDCO||CE-MTPS-I - TANGEDCO||SE-Mechanical Maintenance I-MTPS-I - TANGEDCO,09-Oct-2025 02:00 PM,https://etender.up.nic.in/nicgep/app?component=%24DirectLink_0&page=FrontEndAdvancedSearchResult&service=direct&session=T&sp=Slfb6gfuvimBwm2vht0ISNQ%3D%3D
1158,2025_HWAY_607123_1,[Denkanikottai (H) CandM Sub Division (SLM-99)],22-Sep-2025 10:00 AM,Highways||Construction and Maintenance Wing||Salem Circle,23-Oct-2025 10:30 AM,https://etender.up.nic.in/nicgep/app?component=%24DirectLink_0&page=FrontEndAdvancedSearchResult&service=direct&session=T&sp=SdVwcymxWHoSj4wTTC5S%2BBQ%3D%3D
1159,2025_MAWS_607544_1,[Construction of Anganwadi Building at Manakarai School Campus Ward No. 05 In Jayankondam Municipality],22-Sep-2025 06:30 PM,MAWS||Jayankondam Municipality,08-Oct-2025 03:00 PM,https://etender.up.nic.in/nicgep/app?component=%24DirectLink_0&page=FrontEndAdvancedSearchResult&service=direct&session=T&sp=SwN2n2IvB3kjLxrAXpStl8A%3D%3D
1160,2025_HWAY_599140_1,[VPM-063-CRIDP 2025-26],04-Sep-2025 10:00 AM,Highways||Construction and Maintenance Wing||Villupuram Circle,15-Oct-2025 12:00 PM,https://etender.up.nic.in/nicgep/app?component=%24DirectLink_0&page=FrontEndAdvancedSearchResult&service=direct&session=T&sp=SUYbqCBkIih77jkbOwBB%2BWQ%3D%3D
1161,2025_HWAY_609125_1,[Upgradation of Panchayat Union /Panchayat Roads to Other District Roads TRY-87],27-Sep-2025 10:00 AM,Highways||NABARD and Rural Roads||Trichy,14-Oct-2025 11:00 AM,https://etender.up.nic.in/nicgep/app?component=%24DirectLink_0&page=FrontEndAdvancedSearchResult&service=direct&session=T&sp=Sy5ZRPRvYXsdkCAsRGp6Qhg%3D%3D
1162,2025_MAWS_607533_6,[15th CFC 2025-26 Tied WS Purchase of 100mm and 150mm Sluice Valves for Water supply distribution],23-Sep-2025 11:00 AM,MAWS||Kadayanallur Municipality,06-Oct-2025 03:00 PM,https://etender.up.nic.in/nicgep/app?component=%24DirectLink_0&page=FrontEndAdvancedSearchResult&service=direct&session=T&sp=SKvbDF15fJXKXXcMnwyxduA%3D%3D
1163,2025_TNCSF_610141_1,[SUPPLY OF COW DUNG],29-Sep-2025 04:40 PM,Department of Sugar||CHENGALRAYAN COOPERATIVE SUGAR MILLS LTD,10-Oct-2025 11:00 AM,https://etender.up.nic.in/nicgep/app?component=%24DirectLink_0&page=FrontEndAdvancedSearchResult&service=direct&session=T&sp=SmQ5W%2F0q%2Fm%2FOsPKOvPgtAug%3D%3D
1164,2025_TNSTC_607471_1,[SALE OF CONDEMNED VEHICLE KUMBAKONAM REGION],22-Sep-2025 04:20 PM,Tamilnadu State Transport Corporation||Kumbakonam Corporation||Kumbakonam||Disposal,07-Oct-2025 10:00 AM,https://etender.up.nic.in/nicgep/app?component=%24DirectLink_0&page=FrontEndAdvancedSearchResult&service=direct&session=T&sp=SXPPjeJxDDq8g%2FFmmhJ5esg%3D%3D
1165,2025_SETC_597673_1,"[SUPPLY OF MEALS ,CURD AND TEA TO OUR EMPLOYEES AT kUMBAKONNAM DEPOT.]",27-Aug-2025 04:30 PM,State Express Transport Corporation Tamilnadu Limited||Chennai-Materials,03-Oct-2025 03:00 PM,https://tntenders.gov.in/nicgep/app?component=%24DirectLink&page=FrontEndLatestActiveCorrigendums&service=direct&session=T&sp=SH4KKLrszqbvcJJQwtC%2BL7g%3D%3D
1166,2025_HWAY_604000_1,[TRY 93/20256-26 KEERANUR (H) C AND SUB DIVISION],13-Sep-2025 06:30 PM,Highways||Construction and Maintenance Wing||Trichy Circle,07-Oct-2025 11:00 AM,https://tntenders.gov.in/nicgep/app?component=%24DirectLink&page=FrontEndLatestActiveCorrigendums&service=direct&session=T&sp=SYp3PpkGzD0UWpWMJ328JeQ%3D%3D
1167,2025_DTP_604724_1,[Construction of retaining wall at Chirakulam in Thirparappu Town Panchayat.],16-Sep-2025 03:00 PM,Directorate of Town Panchayats||Nagercoil Zone||Thirpparappu Town Panchayat,30-Sep-2025 03:00 PM,https://tntenders.gov.in/nicgep/app?component=%24DirectLink&page=FrontEndLatestActiveCorrigendums&service=direct&session=T&sp=SKnz2v4j5PxktN7IhgCHKRw%3D%3D
1168,2025_HWAY_603847_2,[TRY 90/2025-26 VIRALIMALI (H) C AND M SUBDIVISION],13-Sep-2025 06:30 PM,Highways||Construction and Maintenance Wing||Trichy Circle,07-Oct-2025 11:00 AM,https://tntenders.gov.in/nicgep/app?component=%24DirectLink&page=FrontEndLatestActiveCorrigendums&service=direct&session=T&sp=SkYBwqMyxFOECn6en8B5UMA%3D%3D
1169,2025_TNCSF_609778_1,[Sugar Stacking and bagging labour contract ],27-Sep-2025 05:50 PM,Department of Sugar||PERAMBALUR SUGAR MILLS LTD,08-Oct-2025 03:00 PM,https://etender.up.nic.in/nicgep/app?component=%24DirectLink_0&page=FrontEndAdvancedSearchResult&service=direct&session=T&sp=SYaHOwhQFGAKuaPv2xh23yQ%3D%3D
1170,2025_EB_605124_1,[Supply of High voltage rectifier transformer for Unit-V ESP],17-Sep-2025 06:00 PM,TNEB Limited||TANGEDCO||CE-TTPS - TANGEDCO||SE-Purchase and Administration-TTPS - TANGEDCO,07-Oct-2025 02:00 PM,https://etender.up.nic.in/nicgep/app?component=%24DirectLink_0&page=FrontEndAdvancedSearchResult&service=direct&session=T&sp=SvpuOxjp4tfZMXn1HDHWbgw%3D%3D
1171,2025_HWAY_609453_1,[Upgradation of Panchayat Union / Panchayat Roads to Other District Roads (SLM-50)],27-Sep-2025 11:00 AM,Highways||NABARD and Rural Roads||Salem,14-Oct-2025 11:00 AM,https://etender.up.nic.in/nicgep/app?component=%24DirectLink_0&page=FrontEndAdvancedSearchResult&service=direct&session=T&sp=SLwWxDSd5RjPEtASGbY2Ujw%3D%3D
1172,2025_HWAY_598366_1,[9_Hosur - Denkanikottai (via) Thalli Road],29-Aug-2025 12:00 PM,Highways||Construction and Maintenance Wing||Salem Circle,30-Sep-2025 10:30 AM,https://tntenders.gov.in/nicgep/app?component=%24DirectLink&page=FrontEndLatestActiveCorrigendums&service=direct&session=T&sp=SOqucAg3NnchVrOxwlnX0bw%3D%3D
1173,2025_TNPL_605205_1,[Conducting FD Fan Performance test at Kachirayapalayam Offsite],17-Sep-2025 06:00 PM,Tamilnadu Newsprint and Papers Limited||TNPL Unit-1||TNPL TOS,03-Oct-2025 03:00 PM,https://etender.up.nic.in/nicgep/app?component=%24DirectLink_0&page=FrontEndAdvancedSearchResult&service=direct&session=T&sp=S7yXNE0vzPyteLsTg5Mm3cA%3D%3D
1174,2025_DTP_606982_1,"[Construction of drainage at Kaliyal Junction in Kadayal Town Panchayat, Kanyakumari District 15th Finance Untied 2025-26 2nd Installment]",20-Sep-2025 05:15 PM,Directorate of Town Panchayats||Nagercoil Zone||Kadayal Town Panchayat,30-Sep-2025 03:00 PM,https://etender.up.nic.in/nicgep/app?component=%24DirectLink_0&page=FrontEndAdvancedSearchResult&service=direct&session=T&sp=SDRHQ%2BDJU7ZXuo39RqiQqYQ%3D%3D
1175,2025_DoTE_602427_1,[ONLINE UPS FOR MECHANICAL ENGINEERING],10-Sep-2025 02:00 PM,"Directorate of Technical Education||Govt. Polytechnic College - DOTE||Srinivasa Subbaraya Polytechnic College, Puthur",30-Sep-2025 11:00 AM,https://etender.up.nic.in/nicgep/app?component=%24DirectLink_0&page=FrontEndAdvancedSearchResult&service=direct&session=T&sp=SKwKHtthFeUcxi4RWcZwbLw%3D%3D
1176,2025_RDTN_602481_1,[Tirupathur District Providing Paver block at Melthoppalagunda H/O Thoppalagunda Panchayat length 86.5 Package No.01],11-Sep-2025 09:00 AM,Rural Development and Panchayat Raj Department||Tirupathur RD TN||Natrampalli Tirupathur RD TN,03-Oct-2025 03:00 PM,https://tntenders.gov.in/nicgep/app?component=%24DirectLink&page=FrontEndLatestActiveCorrigendums&service=direct&session=T&sp=SZL%2FLq6YrZCIkzXkWuvfS2A%3D%3D
1177,2025_TNSTC_607616_1,[Face Lifting Work for Nagapattinam Region],23-Sep-2025 10:00 AM,Tamilnadu State Transport Corporation||Kumbakonam Corporation,03-Oct-2025 11:00 AM,https://etender.up.nic.in/nicgep/app?component=%24DirectLink_0&page=FrontEndAdvancedSearchResult&service=direct&session=T&sp=Sy7kFySqXb%2F4fy2NJ8ceetw%3D%3D
1178,2025_EB_608634_1,[LT-12/2025-26 of SE/GCC-II],25-Sep-2025 02:00 PM,TNEB Limited||TANTRANSCO||CE-Transmission Projects-I-Chennai - TANTRANSCO||SE-GCC II - TANTRANSCO,08-Oct-2025 02:00 PM,https://etender.up.nic.in/nicgep/app?component=%24DirectLink_0&page=FrontEndAdvancedSearchResult&service=direct&session=T&sp=SBV7hW2iz4%2B8Q4d5etxSV5Q%3D%3D
1179,2025_DTP_608486_1,[15th FINANCE COMMISSION  2025-26 in Vasudevanallur Town Panchayat],24-Sep-2025 06:25 PM,Directorate of Town Panchayats||Tirunelveli Zone||Vasudevanallur Town Panchayat,30-Sep-2025 03:00 PM,https://etender.up.nic.in/nicgep/app?component=%24DirectLink_0&page=FrontEndAdvancedSearchResult&service=direct&session=T&sp=SQDp2tdOW47kzjEaNEYvTsA%3D%3D
1180,2025_RDTN_609045_1,[Providing CC pavement (Wearing Coat) at Braminar Street in Alapakkam Panchayat],26-Sep-2025 12:00 PM,Rural Development and Panchayat Raj Department||Ranipet RD TN||Kaveripakkam Ranipet RD TN,30-Sep-2025 03:00 PM,https://tntenders.gov.in/nicgep/app?component=%24DirectLink&page=FrontEndLatestActiveCorrigendums&service=direct&session=T&sp=SIqKiEjwdWvHQEP9W28pwWg%3D%3D
1181,2025_MAWS_607934_1,"[Dharapuram Municipality Construction of  HDPE tank with plate at sathya theater backside and Extension of pipe line   at ward 18 Cristhuva annuper street,New majeeth street area  in Dharapuram Municipality                   ]",23-Sep-2025 04:30 PM,MAWS||Dharapuram Municipality,07-Oct-2025 03:00 PM,https://tntenders.gov.in/nicgep/app?component=%24DirectLink&page=FrontEndLatestActiveCorrigendums&service=direct&session=T&sp=SxlN6fijvsaR0dYuxcOMKsQ%3D%3D
1182,2025_CoC_609233_1,"[Annual maintanace work to the Arignar Anna Mandapam At Sachithanantham Street in Div-78, unit 17 , Zone -6 ]",26-Sep-2025 06:00 PM,"Corporation of Chennai||Regional office Central ,CoC",09-Oct-2025 03:00 PM,https://etender.up.nic.in/nicgep/app?component=%24DirectLink_0&page=FrontEndAdvancedSearchResult&service=direct&session=T&sp=SN%2Ftxws0wGvmvt1sWb5irCA%3D%3D
1183,2025_CoC_609760_1,"[Engaging Additional Private Labours for Flood Prone areas at Parangusapuram street and  Various street for in Div-132, U-31,Z-10]",27-Sep-2025 06:55 PM,"Corporation of Chennai||Regional office Central ,CoC",03-Oct-2025 03:00 PM,https://etender.up.nic.in/nicgep/app?component=%24DirectLink_0&page=FrontEndAdvancedSearchResult&service=direct&session=T&sp=Sz7Xo0ZJqW5gR%2FKJ6pjwwaA%3D%3D
1184,2025_PWD_606316_1,[Providing One No of twenty six persons capacity Bed Cum Passenger lift for Thoracic Medicine ward at Government Rajaji Hospital in Madurai District],23-Sep-2025 05:30 PM,"PWD||PWD CE buildings||Chief Engineer - Madurai Region - Madurai||Buildings (C and M) Circle, Madurai||Buildings Construction Division, Madurai",08-Oct-2025 03:00 PM,https://etender.up.nic.in/nicgep/app?component=%24DirectLink_0&page=FrontEndAdvancedSearchResult&service=direct&session=T&sp=SXaXtuXKNOXnSVDruLa0W4Q%3D%3D
1185,2025_CoC_609373_1,[R.D.C.N.C.D.C.No. B4 / 347 / 2025],27-Sep-2025 01:00 PM,"Corporation of Chennai||Regional Office North,CoC",06-Oct-2025 03:00 PM,https://etender.up.nic.in/nicgep/app?component=%24DirectLink_0&page=FrontEndAdvancedSearchResult&service=direct&session=T&sp=SaT9TAEKgB3RtkjFS6sCwjQ%3D%3D
1186,2025_DTP_607257_1,[15th Finance Untied Grant 2025-26 I Phase],22-Sep-2025 10:45 AM,Directorate of Town Panchayats||Nagercoil Zone||Azhagiapandiapuram Town Panchayat,30-Sep-2025 03:00 PM,https://etender.up.nic.in/nicgep/app?component=%24DirectLink_0&page=FrontEndAdvancedSearchResult&service=direct&session=T&sp=S8M0BhAlyoTa8HTPIO%2FcL%2Bw%3D%3D
1187,2025_HWAY_605770_1,[Non Plan 2025-26],22-Sep-2025 06:00 PM,Highways||Construction and Maintenance Wing||Coimbatore Circle,09-Oct-2025 10:30 AM,https://etender.up.nic.in/nicgep/app?component=%24DirectLink_0&page=FrontEndAdvancedSearchResult&service=direct&session=T&sp=S8Suymp4aW7wlvY%2B27%2F%2FOvA%3D%3D
1188,2025_RDTN_609588_1,[Vellore district Construction of Compound wall in Santhanakotta PUES and sentex renovaion in vallam Panchayat  in Kaniyambadi Block General Fund 2025-26 PACKAGE NO 42],27-Sep-2025 01:30 PM,"Rural Development and Panchayat Raj Department||Vellore,RD,TN||KANIAMBADI, VELLORE,RD,TN",10-Oct-2025 03:00 PM,https://etender.up.nic.in/nicgep/app?component=%24DirectLink_0&page=FrontEndAdvancedSearchResult&service=direct&session=T&sp=S%2BxAE3UF89%2Ft4YTJLQPq0SQ%3D%3D
1189,2025_CoC_609742_1,"[Z.O. XIV.C.No.E1/6502-1/2025 Providing 600mm dia rcc hume pipe at VGP 4th cross street and VGP 4th main road in Div-183, Unit-41 Zone-14]",27-Sep-2025 06:00 PM,"Corporation of Chennai||Regional office South,CoC",29-Sep-2025 06:00 PM,https://etender.up.nic.in/nicgep/app?component=%24DirectLink_0&page=FrontEndAdvancedSearchResult&service=direct&session=T&sp=SxQffjeLLnQls1at8CzgiHA%3D%3D
1190,2025_MAWS_608106_1,[Providing of Open gym items at Palai Road Sports Arena Near APC School in Thoothukudi City Municipal Corporation ],24-Sep-2025 10:00 AM,MAWS||Tuticorin Municipal Corporation,06-Oct-2025 03:00 PM,https://etender.up.nic.in/nicgep/app?component=%24DirectLink_0&page=FrontEndAdvancedSearchResult&service=direct&session=T&sp=S0unK%2FfvptsJkMb3RuKw1cA%3D%3D
1191,2025_RDTN_608785_1,[Vellore district  Construction of  Cement Concrete  Drainage  in Periya street in  Kaniayambadi  Panchayat in Kaniyambadi Block General Fund 2025-26 PACKAGE NO 25],25-Sep-2025 04:00 PM,"Rural Development and Panchayat Raj Department||Vellore,RD,TN||KANIAMBADI, VELLORE,RD,TN",10-Oct-2025 03:00 PM,https://etender.up.nic.in/nicgep/app?component=%24DirectLink_0&page=FrontEndAdvancedSearchResult&service=direct&session=T&sp=S7G3SirO%2FD3zzIsBMNo5KRQ%3D%3D
1192,2025_RDTN_608402_1,[construction of compound wall Arround Bus depo at kothakollakandigai  ramapuram in Podaturpet Town panchayat ],24-Sep-2025 04:20 PM,"Rural Development and Panchayat Raj Department||Tiruvallur,RD,TN||PALLIPATTU, THIRUVALLUR,RD,TN",30-Sep-2025 03:00 PM,https://etender.up.nic.in/nicgep/app?component=%24DirectLink_0&page=FrontEndAdvancedSearchResult&service=direct&session=T&sp=S0Fclw0GUR6pTPlMq6IHyoA%3D%3D
1193,2025_MAWS_605833_2,[Namakkal City Municipal Corporation-Providing GI waiting shed and Sitting benches in Mullai nagar park near Knowledge centre in W34],19-Sep-2025 09:00 AM,MAWS||Nammakkal Municipality,30-Sep-2025 03:00 PM,https://etender.up.nic.in/nicgep/app?component=%24DirectLink_0&page=FrontEndAdvancedSearchResult&service=direct&session=T&sp=SC9C3Q1gVfqXyODPPSXFkQw%3D%3D
1194,2025_EB_605023_1,[AEEMRT HIRING OF VEHICLE],17-Sep-2025 05:00 PM,TNEB Limited||TANGEDCO||CE-Distribution-Chennai-South - TANGEDCO||SE-Chenglepet - TANGEDCO,30-Sep-2025 02:00 PM,https://etender.up.nic.in/nicgep/app?component=%24DirectLink_0&page=FrontEndAdvancedSearchResult&service=direct&session=T&sp=SMGlUsA0nzkIdQfybtAu3pQ%3D%3D
1195,2025_HWAY_603695_2,[Construction of High Level bridge at km 37/6 of Mannargudi - Orathanadu - Thiruvonam Road in lieu of existing causeway],15-Sep-2025 10:00 AM,Highways||NABARD and Rural Roads||Trichy,07-Oct-2025 11:00 AM,https://etender.up.nic.in/nicgep/app?component=%24DirectLink_0&page=FrontEndAdvancedSearchResult&service=direct&session=T&sp=SJVQat117LpIgvLCyHLCbPQ%3D%3D
1196,2025_EB_608889_1,[SE/CEDC/N/CBE/18/2025-26],25-Sep-2025 06:45 PM,TNEB Limited||TANGEDCO||CE-Distribution-Coimbatore - TANGEDCO||SE-Coimbatore-North - TANGEDCO,09-Oct-2025 02:00 PM,https://etender.up.nic.in/nicgep/app?component=%24DirectLink_0&page=FrontEndAdvancedSearchResult&service=direct&session=T&sp=SVEud5kJYTxf19BRqJXr2Hw%3D%3D
1197,2025_HWAY_598615_1,[VPM-070-Non Plan-2025-26],04-Sep-2025 10:00 AM,Highways||Construction and Maintenance Wing||Villupuram Circle,15-Oct-2025 12:00 PM,https://etender.up.nic.in/nicgep/app?component=%24DirectLink_0&page=FrontEndAdvancedSearchResult&service=direct&session=T&sp=SCV88QJn5yBgaQD8g8b2u0Q%3D%3D
1198,2025_EB_606367_1,[Supply of 11KV Standalone structure material complete  set],19-Sep-2025 04:00 PM,TNEB Limited||TANGEDCO||CE-Karur- TANGEDCO,07-Oct-2025 02:00 PM,https://etender.up.nic.in/nicgep/app?component=%24DirectLink_0&page=FrontEndAdvancedSearchResult&service=direct&session=T&sp=S9u%2FMlLgCGuqj0cKfXgd3og%3D%3D
1199,2025_HWAY_583075_1,[TN.24/Sl.No.07/TVLR/CMRDP Work 2025-26],30-Aug-2025 06:55 PM,Highways||Construction and Maintenance Wing||Chennai Circle,30-Sep-2025 11:00 AM,https://etender.up.nic.in/nicgep/app?component=%24DirectLink_0&page=FrontEndAdvancedSearchResult&service=direct&session=T&sp=SAZUewR5dVniHj5Fys66USQ%3D%3D
1200,2025_RDTN_608733_1,[CONSTRUCTION OF STOREROOM CUM KITCHENSHED AT PUPS AT LABOUR CAMP],25-Sep-2025 02:15 PM,"Rural Development and Panchayat Raj Department||The Nilgiris,RD,TN||UTHAGAMANDALAM, THE NILGIRIS,RD,TN",30-Sep-2025 03:00 PM,https://etender.up.nic.in/nicgep/app?component=%24DirectLink_0&page=FrontEndAdvancedSearchResult&service=direct&session=T&sp=SwM%2FnvY%2FoIWnPUWdXR2Cb5A%3D%3D
1201,2025_CoC_609504_1,[R.D.C.N.C.D.C.No. B4 / 223B / 2025],27-Sep-2025 01:30 PM,"Corporation of Chennai||Regional Office North,CoC",06-Oct-2025 03:00 PM,https://etender.up.nic.in/nicgep/app?component=%24DirectLink_0&page=FrontEndAdvancedSearchResult&service=direct&session=T&sp=SUtbOvk42sFcPjq0BaDuiZw%3D%3D
1202,2025_MAWS_609277_1,[ Renewal of Cement Concrete Pavement at Gangai Amman Kovil Street in ward No. 13],26-Sep-2025 05:00 PM,MAWS||Tirunelveli City Municipal Corporation,03-Oct-2025 03:00 PM,https://etender.up.nic.in/nicgep/app?component=%24DirectLink_0&page=FrontEndAdvancedSearchResult&service=direct&session=T&sp=SydgWLBEIeomg1W%2Fwr4Q7cg%3D%3D
1203,2025_HWAY_595599_1,[CRIDP 2025-26],25-Aug-2025 06:00 PM,Highways||Construction and Maintenance Wing||Coimbatore Circle,09-Oct-2025 10:30 AM,https://etender.up.nic.in/nicgep/app?component=%24DirectLink_0&page=FrontEndAdvancedSearchResult&service=direct&session=T&sp=S%2Bm0dHhqrvmaKv6qWsuI%2Btg%3D%3D
1204,2025_RDTN_607836_1,[Renewal Bt road in Uppuvanimuthur Sudalai kovil road - Amman kovil in Vellanguli Panchayat    Ambasamudram  Union in Tirunelveli District],23-Sep-2025 02:00 PM,"Rural Development and Panchayat Raj Department||Tirunelveli,RD,TN||AMBASAMUDRAM, TIRUNELVELI,RD,TN",03-Oct-2025 04:00 PM,https://etender.up.nic.in/nicgep/app?component=%24DirectLink_0&page=FrontEndAdvancedSearchResult&service=direct&session=T&sp=S3hMOYNt6S7quRtOItQ3Ktw%3D%3D
1205,2025_HWAY_601550_1,[ TN.31/Sl.No.02/KPM/CRIDP Work 2025-26 ],11-Sep-2025 06:00 PM,Highways||Construction and Maintenance Wing||Chennai Circle,16-Oct-2025 10:15 AM,https://etender.up.nic.in/nicgep/app?component=%24DirectLink_0&page=FrontEndAdvancedSearchResult&service=direct&session=T&sp=SxANgRTdZ81pN7woKsXMLlQ%3D%3D
1206,2025_EB_606504_1,[Supply of Boiler Feed Pump shaft size 70 mm suitable for WEIR Make BFP Model FK6D30 3 Nos],19-Sep-2025 04:30 PM,TNEB Limited||TANGEDCO||CE-MTPS-I - TANGEDCO||SE-Purchase and Administration-MTPS-I - TANGEDCO,08-Oct-2025 02:00 PM,https://etender.up.nic.in/nicgep/app?component=%24DirectLink_0&page=FrontEndAdvancedSearchResult&service=direct&session=T&sp=SHjxp9FeICEjtY8%2FSlqR8hQ%3D%3D
1207,2025_EB_604744_1,[ MTPS I OAH Stage I  II Attending the breakdown Maintenance work in ash slurry line IA IB IC ID IIA IIB IIC  IID Streams from outside the Ash],16-Sep-2025 03:55 PM,TNEB Limited||TANGEDCO||CE-MTPS-I - TANGEDCO||SE-Mechanical Maintenance II-MTPS-I - TANGEDCO,03-Oct-2025 02:00 PM,https://etender.up.nic.in/nicgep/app?component=%24DirectLink_0&page=FrontEndAdvancedSearchResult&service=direct&session=T&sp=S4Ch1zE37scPSf%2F4FncogNA%3D%3D
1208,2025_TCMPF_602094_1,"[Operation and Maintenance Of 2 Ton Boiler, 6 Ton Boiler and 5 Ton Forbes Marshall Make Dual Burner (Furnace Oil And LPG)Boiler and Steam Lines And Valves and other related work for carrying out works in Madurai dairy premises for two years ]",10-Sep-2025 05:00 PM,Tamilnadu Co-op Milk Producers Federation Ltd.||Madurai DCMPU - Madurai - TCMPF,06-Oct-2025 12:00 PM,https://tntenders.gov.in/nicgep/app?component=%24DirectLink&page=FrontEndLatestActiveCorrigendums&service=direct&session=T&sp=Sf22MTI8jAPJ3S5RkzJfhhQ%3D%3D
1209,2025_HWAY_606510_1,[Tender Notice No 05 2025 26 CMDP DO dt 16.09.2025],19-Sep-2025 06:55 PM,Highways||Metro Wing||CMDP Circle,06-Oct-2025 02:00 PM,https://etender.up.nic.in/nicgep/app?component=%24DirectLink_0&page=FrontEndAdvancedSearchResult&service=direct&session=T&sp=S9Vm%2FKBikgpvmbgXZQqrnJw%3D%3D
1210,2025_HWAY_603718_1,"[TRY-85 / 2025-26, Viralimalai SubDivision]",13-Sep-2025 06:00 PM,Highways||Construction and Maintenance Wing||Trichy Circle,07-Oct-2025 11:00 AM,https://tntenders.gov.in/nicgep/app?component=%24DirectLink&page=FrontEndLatestActiveCorrigendums&service=direct&session=T&sp=Sd8j9utpXewZlO1%2BBrFjwvg%3D%3D
1211,2025_MAWS_609906_1,"[Providing Cement Concrete Road at ward no 08, Kottaimedu Thennathoppu Main Road Mariyammankoil to ECR in Kottakuppam Municipality]",29-Sep-2025 09:00 AM,MAWS||Kottakuppam Municipality,03-Oct-2025 03:00 PM,https://tntenders.gov.in/nicgep/app?component=%24DirectLink&page=FrontEndLatestActiveCorrigendums&service=direct&session=T&sp=SaNRhSQWxc95dBEo5MuDtuA%3D%3D
1212,2025_TNPL_602845_1,"[Cleaning of digester strainer plates (Top, Middle and Degassing strainer plates) at Pulp  Process in TNPL Unit - 1.]",11-Sep-2025 06:30 PM,Tamilnadu Newsprint and Papers Limited||TNPL Unit-1||TNPL TOS,03-Oct-2025 03:00 PM,https://tntenders.gov.in/nicgep/app?component=%24DirectLink&page=FrontEndLatestActiveCorrigendums&service=direct&session=T&sp=Seg99AI8VAJBV9ZAKcKp5IQ%3D%3D
1213,2025_MAWS_609826_1,[Maintenance and operation work for sintex tank borewells at Usilampatti Municipality],29-Sep-2025 09:00 AM,MAWS||Tirumangalam Municipality,06-Oct-2025 03:00 PM,https://etender.up.nic.in/nicgep/app?component=%24DirectLink_0&page=FrontEndAdvancedSearchResult&service=direct&session=T&sp=ScNFNo50hwRZZLashVlG7kw%3D%3D
1214,2025_DTP_608173_1,[2025-26 15th FC Tied 1st Installment  Pudupalayam Town Panchayat],24-Sep-2025 09:00 AM,"Directorate of Town Panchayats||Vellore Zone||Pudupalayam Town Panchayat, Tiruvannamalai",30-Sep-2025 03:00 PM,https://etender.up.nic.in/nicgep/app?component=%24DirectLink_0&page=FrontEndAdvancedSearchResult&service=direct&session=T&sp=SWTuaUxaUU3MEqtqtJEWgCQ%3D%3D
1215,2025_EB_607493_1,[MTPS I BM Unit III Boiler Pressure parts AOH 2025 Tube thickness survey Water wall buffing providing platform renewal of shroudings and allied works],22-Sep-2025 05:00 PM,TNEB Limited||TANGEDCO||CE-MTPS-I - TANGEDCO||SE-Mechanical Maintenance I-MTPS-I - TANGEDCO,06-Oct-2025 02:00 PM,https://etender.up.nic.in/nicgep/app?component=%24DirectLink_0&page=FrontEndAdvancedSearchResult&service=direct&session=T&sp=S4Y8M5pDCKRUWYMzl3gz%2B7w%3D%3D
1216,2025_EB_609187_1,"[Improvement work by construction of Pocket Stores at  AE/ Senbakkam Office Complex premises, Vellore division]",26-Sep-2025 03:30 PM,TNEB Limited||TANGEDCO||CE-Distribution-Vellore - TANGEDCO||SE-Vellore - TANGEDCO,13-Oct-2025 01:00 PM,https://etender.up.nic.in/nicgep/app?component=%24DirectLink_0&page=FrontEndAdvancedSearchResult&service=direct&session=T&sp=SHBvyF7jV7WL2uE5%2BkAHqkQ%3D%3D
1217,2025_DTP_609731_1,[ABIRAMAM 15TH FINANCE 2025-26 II 30000 litre OHT],27-Sep-2025 05:00 PM,Directorate of Town Panchayats||Sivaganga Zone||Abiramam Town Panchayat,30-Sep-2025 03:00 PM,https://etender.up.nic.in/nicgep/app?component=%24DirectLink_0&page=FrontEndAdvancedSearchResult&service=direct&session=T&sp=So8fSUK3ep77KrPAPiwo88Q%3D%3D
1218,2025_MAWS_600700_1,[Santhai pettai main pumping station 200HP vertical type motor stator and winding and providing panel box work in ward 43],08-Sep-2025 06:55 PM,MAWS||Madurai Municipal Corporation,03-Oct-2025 03:00 PM,https://tntenders.gov.in/nicgep/app?component=%24DirectLink&page=FrontEndLatestActiveCorrigendums&service=direct&session=T&sp=ScHYdYWHm%2F4WowmaX3u09Yg%3D%3D
1219,2025_WRD_604380_1,"[Construction of 240 numbers of Artificial Recharge Shafts in Cuddalore, Kallakurichi and Villupuram Districts]",16-Sep-2025 10:00 AM,Water Resources Department||CE WRD SGSWRDC Tharamani - Chennai||SE Ground Water circle Tharamani - Chennai,09-Oct-2025 03:00 PM,https://tntenders.gov.in/nicgep/app?component=%24DirectLink&page=FrontEndLatestActiveCorrigendums&service=direct&session=T&sp=SGSNoV5vrOJP2NVmrnly3%2BQ%3D%3D
1220,2025_RDTN_606246_2,[Construction of Library Building with Computer facilities in Kasathambadi Panchayat of Polur Block Package No. TVM/2025-26/176 in Tiruvannamalai District],26-Sep-2025 05:00 PM,"Rural Development and Panchayat Raj Department||Tiruvannamalai,RD,TN",03-Oct-2025 03:00 PM,https://etender.up.nic.in/nicgep/app?component=%24DirectLink_0&page=FrontEndAdvancedSearchResult&service=direct&session=T&sp=StoLuzeVrpbXw6L7Vcx2ASw%3D%3D
1221,2025_MAWS_600818_1,[ADDITIONAL GH BUILDING],08-Sep-2025 10:00 AM,MAWS||Pallipalayam Municipality,10-Oct-2025 03:00 PM,https://etender.up.nic.in/nicgep/app?component=%24DirectLink_0&page=FrontEndAdvancedSearchResult&service=direct&session=T&sp=SPx1cyok59b0HlrZN1sTyUA%3D%3D
1222,2025_CGAM_606711_1,[Grant of Black Granite Quarry Leases],20-Sep-2025 10:00 AM,Commissionerate of Geology and Mining||RJD of Geology and Mining - Villupuram||O/o DD/AD of Geology and Mining - Dharmapuri,15-Oct-2025 06:00 PM,https://etender.up.nic.in/nicgep/app?component=%24DirectLink_0&page=FrontEndAdvancedSearchResult&service=direct&session=T&sp=SwVZJVVl9gu1ySipVRMBzqA%3D%3D
1223,2025_CoC_602332_1,"[El.D.C.No.North/3843/2025/ Replacement of 4167 Mtrs of 31/2 x 25 Sqmm cable at VP Hall Road and other locations in Div 58, Zone 5]",10-Sep-2025 06:00 PM,"Corporation of Chennai||Head Quarters,CoC",03-Oct-2025 02:15 PM,https://tntenders.gov.in/nicgep/app?component=%24DirectLink&page=FrontEndLatestActiveCorrigendums&service=direct&session=T&sp=Sj6xRTu9fg6yBoijzLME3tQ%3D%3D
1224,2025_HRCE_607088_1,[Licence to Sell Pooja Products at Amma Mandapam],22-Sep-2025 11:00 AM,Hindu Religious and Charitable Endowments||Joint Commissioner office - Trichy||Arulmigu Aranganathswamy Temple - Srirangam,07-Oct-2025 11:00 AM,https://etender.up.nic.in/nicgep/app?component=%24DirectLink_0&page=FrontEndAdvancedSearchResult&service=direct&session=T&sp=SkN2Ocv5gAFVGQApfB3y2pA%3D%3D
1225,2025_EB_602471_1,[Establishment of new 33/11kv ss at Kelur (civil works) under turn key],11-Sep-2025 12:00 PM,TNEB Limited||TANGEDCO||CE-Thiruvannamalai - TANGEDCO,09-Oct-2025 02:00 PM,https://etender.up.nic.in/nicgep/app?component=%24DirectLink_0&page=FrontEndAdvancedSearchResult&service=direct&session=T&sp=Sic%2BgwaATllnsU4EiZGaepw%3D%3D
1226,2025_SETC_597743_1,"[SUPPLY OF MEALS ,CURD AND TEA TO OUR EMPLOYEES AT  TRICHY  DEPOT.]",27-Aug-2025 04:30 PM,State Express Transport Corporation Tamilnadu Limited||Chennai-Materials,03-Oct-2025 03:00 PM,https://tntenders.gov.in/nicgep/app?component=%24DirectLink&page=FrontEndLatestActiveCorrigendums&service=direct&session=T&sp=SMDgrlUrKtryeD2YUaCz9EQ%3D%3D
1227,2025_EB_605934_1,[TP1-62/2025-26 BandC Mill laying],19-Sep-2025 04:30 PM,TNEB Limited||TANTRANSCO||CE-Transmission Projects-I-Chennai - TANTRANSCO,23-Oct-2025 02:00 PM,https://etender.up.nic.in/nicgep/app?component=%24DirectLink_0&page=FrontEndAdvancedSearchResult&service=direct&session=T&sp=SaEkXLg%2Bfdj0S98smTI%2BMvw%3D%3D
1228,2025_HWAY_600868_2,"[Widening , Improvements , Improvements to Riding Quality and Box Culvert Works to the Government Roads in Nagapattinam H CandM Sub Division Jurisdiction TNJ-56]",18-Sep-2025 09:00 AM,Highways||Construction and Maintenance Wing||Thanjavur Circle,07-Oct-2025 11:30 AM,https://tntenders.gov.in/nicgep/app?component=%24DirectLink&page=FrontEndLatestActiveCorrigendums&service=direct&session=T&sp=Sy%2Fq%2FifakhhuloFnA%2BplBhg%3D%3D
1229,2025_EB_608692_1,[supply of basket tray assembly for travelling water screen systems ],25-Sep-2025 04:00 PM,TNEB Limited||TANGEDCO||CE-NCTPS-II - TANGEDCO||SE-Purchase and Administration-NCTPS-II - TANGEDCO,13-Oct-2025 02:00 PM,https://etender.up.nic.in/nicgep/app?component=%24DirectLink_0&page=FrontEndAdvancedSearchResult&service=direct&session=T&sp=SkYHftS4FgnvgNZOi3DP06A%3D%3D
1230,2025_TWAD_606526_1,[Replacement of Pipes and Pumpsets in CWSS to Kottur Vettaikaranpudur Odayakulam TP and 38 RH in Anaimalai Union in CBE District Honble Chief Minister of Tamil Nadu Announcement Schemes Under Revamping 2025 26 - 2nd call],20-Sep-2025 09:00 AM,TWAD||CE-WR/Coimbatore,06-Oct-2025 03:00 PM,https://etender.up.nic.in/nicgep/app?component=%24DirectLink_0&page=FrontEndAdvancedSearchResult&service=direct&session=T&sp=SfzLdpS4N39NAKZYGG07HPg%3D%3D
1231,2025_DTP_607603_1,[15th FC Untied 2nd Installment 2025 - 2026 Construction of Compound wall in Kumarapuram Primary School  in Aralvoimozhi  Town Panchayat ],22-Sep-2025 06:55 PM,Directorate of Town Panchayats||Nagercoil Zone||Aralvaimozhy Town Panchayat,30-Sep-2025 03:00 PM,https://etender.up.nic.in/nicgep/app?component=%24DirectLink_0&page=FrontEndAdvancedSearchResult&service=direct&session=T&sp=SZRRTLsbAGfTNFIuVMZGoRA%3D%3D
1232,2025_EB_541211_1,"[Spec.no.03-II/25-26,hiring of Vehicle to Assistant Engineer /Cables /CEDC/South-II for a period of one year ]",08-Apr-2025 04:00 PM,TNEB Limited||TANGEDCO||CE-Distribution-Chennai-South - TANGEDCO||SE-South II-Chennai - TANGEDCO,16-Oct-2025 12:00 PM,https://tntenders.gov.in/nicgep/app?component=%24DirectLink&page=FrontEndLatestActiveCorrigendums&service=direct&session=T&sp=S3YOqcFpH9dZcDI7sX4uylA%3D%3D
1233,2025_EB_603374_1,[entrusting works contract for carrying out all type of maintenance and emergency works in all equipments in 230kV Koyambedu AIS and Koyambedu GIS SS in Chennai North Operation circle for a period of 2Years ],19-Sep-2025 03:00 PM,TNEB Limited||TANTRANSCO||CE-System Operation-Chennai - TANTRANSCO||SE-Operation-Korattur - TANTRANSCO,17-Oct-2025 03:00 PM,https://etender.up.nic.in/nicgep/app?component=%24DirectLink_0&page=FrontEndAdvancedSearchResult&service=direct&session=T&sp=SHqe9F4oNYq4yWbAePKLaWQ%3D%3D
1234,2025_HRCE_595356_1,"[ Repair and Renovation of Arulmigu Kulasekaramudaiyar Thirukovil, Kallidaikuruchi, Ambasamudram taluk, Tirunelveli district.]",21-Aug-2025 11:00 AM,Hindu Religious and Charitable Endowments||Joint Commissioner office - Tirunelveli||Arulmigu Kulesagaramudaiyar Temple-Kallidaikurichi,09-Oct-2025 02:00 PM,https://tntenders.gov.in/nicgep/app?component=%24DirectLink&page=FrontEndLatestActiveCorrigendums&service=direct&session=T&sp=SJEiK1occKKrKWocPyMT9pA%3D%3D
1235,2025_HWAY_600822_1,[Widening from Two lane to Two lane with Paved shoulder and Strengthening at Km. 0/6 - 1/6 of Tiruvarur - Kodavasal - Kumbakonam road TNJ49],09-Sep-2025 06:30 PM,Highways||Construction and Maintenance Wing||Thanjavur Circle,07-Oct-2025 11:30 AM,https://etender.up.nic.in/nicgep/app?component=%24DirectLink_0&page=FrontEndAdvancedSearchResult&service=direct&session=T&sp=SUhlaEqjkXWbwxA7zn6kSYw%3D%3D
1236,2025_EB_600640_1,[Supply erection testing and commissioning of 384 Volts 400AH 192 cells Lead Acid Tubular battery set with accessories by replacing the existing LATB set 192 cells 384 volts 400 AH],04-Sep-2025 05:30 PM,TNEB Limited||TANGEDCO||CE-MTPS-I - TANGEDCO||SE-Purchase and Administration-MTPS-I - TANGEDCO,06-Oct-2025 02:00 PM,https://tntenders.gov.in/nicgep/app?component=%24DirectLink&page=FrontEndLatestActiveCorrigendums&service=direct&session=T&sp=SVaPKVeLnkolCcwpZDG2KMA%3D%3D
1237,2025_EB_603457_1,[Establishment of new 33/11kv ss at Kovur (Electrical works) under turn key],15-Sep-2025 12:00 PM,TNEB Limited||TANGEDCO||CE-Thiruvannamalai - TANGEDCO,16-Oct-2025 02:00 PM,https://etender.up.nic.in/nicgep/app?component=%24DirectLink_0&page=FrontEndAdvancedSearchResult&service=direct&session=T&sp=S1YvoqnOMnUbSLaqEobDvOg%3D%3D
1238,2025_SDAT_590501_1,[Supply and Installation of 8 lane Synthetic Athletic Track at Multipurpose Sports Complex in Salem District ],08-Aug-2025 12:30 PM,Sports Development Authority Of TamilNadu,09-Oct-2025 03:00 PM,https://tntenders.gov.in/nicgep/app?component=%24DirectLink&page=FrontEndLatestActiveCorrigendums&service=direct&session=T&sp=SSgJXHPpYnaZtbio4M6cHyA%3D%3D
1239,2025_HWAY_605823_1,[Non Plan 2025 - 2026],22-Sep-2025 06:00 PM,Highways||Construction and Maintenance Wing||Coimbatore Circle,09-Oct-2025 10:30 AM,https://etender.up.nic.in/nicgep/app?component=%24DirectLink_0&page=FrontEndAdvancedSearchResult&service=direct&session=T&sp=SYpCOT8E%2FPJj177w6JS2r5Q%3D%3D
1240,2025_TAMBC_605091_1,[Construction of Fertilizer Control Laboratory FCL at Palayamkottai in Tirunelveli District under NADP 2025  2026],17-Sep-2025 01:30 PM,Tamilnadu State Agricultural Marketing Board Chennai,06-Oct-2025 05:45 PM,https://tntenders.gov.in/nicgep/app?component=%24DirectLink&page=FrontEndLatestActiveCorrigendums&service=direct&session=T&sp=S%2BFVqJt5ZSzgw7v634C7BRw%3D%3D
1241,2025_RDTN_608148_1,[Construction of Ground Level Reservoir at Kattunaval Adi Dravidar Colony Theru in Kattunaval Panchayat],24-Sep-2025 09:00 AM,"Rural Development and Panchayat Raj Department||Pudhukottai,RD,TN||GANDARVAKOTTAI, PUDUKKOTTAI,RD,TN",06-Oct-2025 03:00 PM,https://tntenders.gov.in/nicgep/app?component=%24DirectLink&page=FrontEndLatestActiveCorrigendums&service=direct&session=T&sp=SJUd6NGeJKKVnm0NgBM7Yig%3D%3D
1242,2025_SETC_604756_1,[Open Tender for Display of Advertisement on the Exterior left and Right side of Bus Body below the Middle beading of the Body Sheet  and Rear panel only in 200 white buses],16-Sep-2025 04:15 PM,State Express Transport Corporation Tamilnadu Limited,16-Oct-2025 03:00 PM,https://etender.up.nic.in/nicgep/app?component=%24DirectLink_0&page=FrontEndAdvancedSearchResult&service=direct&session=T&sp=S8AsWEhb2R90FWl9LiTMRZw%3D%3D
1243,2025_MAWS_606760_1,"[Providing   New   Drilling   Borewell and Submersible motor at Consalpet Gandhi  Nagar  in Ward No.17 , Zone - IV, Vellore Corporation ]",20-Sep-2025 01:00 PM,MAWS||Vellore City Municipal Corporation,06-Oct-2025 03:00 PM,https://etender.up.nic.in/nicgep/app?component=%24DirectLink_0&page=FrontEndAdvancedSearchResult&service=direct&session=T&sp=Sl875lMf2c0UugbqoniTT1g%3D%3D
1244,2025_DTP_609335_1,"[Maintenance of  Sun shade, Flooring, Painting and Toilet in  Government High School at Thirunanthikarai]",26-Sep-2025 06:10 PM,Directorate of Town Panchayats||Nagercoil Zone||Thirpparappu Town Panchayat,10-Oct-2025 03:00 PM,https://etender.up.nic.in/nicgep/app?component=%24DirectLink_0&page=FrontEndAdvancedSearchResult&service=direct&session=T&sp=SlbCjXCnUezfdazcux%2FToyg%3D%3D
1245,2025_MAWS_607147_1,[GENERAL FUND-2025-2026-Repair and Maintanace of  Drain at Ward No.21 Anna Veethi Area in Karamadai Municipality.],22-Sep-2025 09:00 AM,MAWS||Karamadai Municipality,30-Sep-2025 03:00 PM,https://etender.up.nic.in/nicgep/app?component=%24DirectLink_0&page=FrontEndAdvancedSearchResult&service=direct&session=T&sp=Sn4tuVwBSCdVtnP7wdLBh4g%3D%3D
1246,2025_TWAD_593297_1,[Replacement of Pipes Pumpsets Cables Valves and Accessories in CWSS to Muthur Kangayam 3 municipalities 6 TP and 1790 RH in 66 VP in Erode Tiruppur and Karur District Under Revamping for the year 2025-26 2nd call],15-Aug-2025 09:00 AM,TWAD||CE-WR/Coimbatore,30-Sep-2025 03:00 PM,https://tntenders.gov.in/nicgep/app?component=%24DirectLink&page=FrontEndLatestActiveCorrigendums&service=direct&session=T&sp=SQKX50mxTNEnqOG5EYXuqLg%3D%3D
1247,2025_DTP_608195_1,[2025-26 15th FC Un Tied 2nd Installment  Pudupalayam Town Panchayat],24-Sep-2025 09:00 AM,"Directorate of Town Panchayats||Vellore Zone||Pudupalayam Town Panchayat, Tiruvannamalai",30-Sep-2025 03:00 PM,https://etender.up.nic.in/nicgep/app?component=%24DirectLink_0&page=FrontEndAdvancedSearchResult&service=direct&session=T&sp=Sx0bTRyQPN3hB%2FJPtyvmS6g%3D%3D
1248,2025_HWAY_606271_1,[Construction of High Level bridge at Km 5/6 of Erappavur - Narasingamangalam - Thallanallur road in lieu of existing causeway],20-Sep-2025 03:00 PM,Highways||NABARD and Rural Roads||Chengalpattu,07-Oct-2025 12:00 PM,https://etender.up.nic.in/nicgep/app?component=%24DirectLink_0&page=FrontEndAdvancedSearchResult&service=direct&session=T&sp=SBpg6iueP5u6F8%2Fg13gi2LA%3D%3D
1249,2025_DoTE_600413_1,[EQUIPMENTS FOR LOGISTICS TECHNOLOGY],04-Sep-2025 02:00 PM,"Directorate of Technical Education||Govt. Polytechnic College - DOTE||Srinivasa Subbaraya Polytechnic College, Puthur",03-Oct-2025 12:00 PM,https://tntenders.gov.in/nicgep/app?component=%24DirectLink&page=FrontEndLatestActiveCorrigendums&service=direct&session=T&sp=SuSpUuEbqvdkOyiYmWS1r7w%3D%3D
1250,2025_EB_608871_1,[SE/CEDC/N/CBE/17/2025-26],25-Sep-2025 06:30 PM,TNEB Limited||TANGEDCO||CE-Distribution-Coimbatore - TANGEDCO||SE-Coimbatore-North - TANGEDCO,09-Oct-2025 02:00 PM,https://etender.up.nic.in/nicgep/app?component=%24DirectLink_0&page=FrontEndAdvancedSearchResult&service=direct&session=T&sp=SKY%2Fbjiatnj13NnRdPCDcYw%3D%3D
1251,2025_HWAY_603752_1,[TN 37 25 26 Tirupur Division TPR 080],16-Sep-2025 05:30 PM,Highways||Construction and Maintenance Wing||Tiruppur Circle,09-Oct-2025 10:45 AM,https://etender.up.nic.in/nicgep/app?component=%24DirectLink_0&page=FrontEndAdvancedSearchResult&service=direct&session=T&sp=SHZIn019ljICuZsYZF2KJZg%3D%3D
1252,2025_CoC_608774_1,[Consultancy Work  preparation DPR for construction of Dog Shelter for Rabies affected and aggressive dogs with Dog Kennel Fencing Work  SecurityRoom Toilet Block CCTV provisions at Ram Nagar South Velachery Tambaram Main Road Madipakkam in Dn188 Zn14],25-Sep-2025 04:15 PM,"Corporation of Chennai||Head Quarters,CoC",06-Oct-2025 03:00 PM,https://etender.up.nic.in/nicgep/app?component=%24DirectLink_0&page=FrontEndAdvancedSearchResult&service=direct&session=T&sp=SskSlJnX3JlszjHaAbIAESw%3D%3D
1253,2025_EB_607515_1,[MTPS I BM Unit III Boiler pressure parts AOH 2025 Erection and operation of sky climbers for assisting various maintenance works and dismantling of sky climbers],22-Sep-2025 05:10 PM,TNEB Limited||TANGEDCO||CE-MTPS-I - TANGEDCO||SE-Mechanical Maintenance I-MTPS-I - TANGEDCO,06-Oct-2025 02:00 PM,https://etender.up.nic.in/nicgep/app?component=%24DirectLink_0&page=FrontEndAdvancedSearchResult&service=direct&session=T&sp=SVuW%2FpAw%2FE1pPaFT0uiDvqg%3D%3D
1254,2025_MAWS_609847_1,[Dharapuram Municipality Supply of 20Nos Casual Labour(Un Skilled) for Domestic Breeding Checkers(DBC) in Dharapuram Municipality],29-Sep-2025 09:00 AM,MAWS||Dharapuram Municipality,14-Oct-2025 03:00 PM,https://etender.up.nic.in/nicgep/app?component=%24DirectLink_0&page=FrontEndAdvancedSearchResult&service=direct&session=T&sp=SmVoi9gw5Csq%2BOnumdKNAlg%3D%3D
1255,2025_EB_605158_1,"[TTPS Operation Circle Chemical Division Operation of Ferrous sulphate pumps for units 3, 4 and 5 and the operation of phosphate, Morpholine and Hydrazine dozing pumps for units 3 on round the clock basis for 6 months period from 01.10.2025 to 31.03.2]",17-Sep-2025 04:00 PM,TNEB Limited||TANGEDCO||CE-TTPS - TANGEDCO||SE-Operation-TTPS - TANGEDCO,03-Oct-2025 02:00 PM,https://etender.up.nic.in/nicgep/app?component=%24DirectLink_0&page=FrontEndAdvancedSearchResult&service=direct&session=T&sp=S%2FgIQF3gbTk3QzsiaWHLqfA%3D%3D
1256,2025_CoC_606162_1,"[Demolition and Reconstruction of Storm water drain along Brickline Road (opposite of Shanmugarayan Street to inside of Otteri Burial ground Park) (Chainage 307.98m to 633.21m) in Dn.99, Zone 8]",19-Sep-2025 09:00 AM,"Corporation of Chennai||Regional office Central ,CoC",03-Oct-2025 03:00 PM,https://tntenders.gov.in/nicgep/app?component=%24DirectLink&page=FrontEndLatestActiveCorrigendums&service=direct&session=T&sp=S7Gv%2FnTYYWSUqEF%2Fn%2FdV7eA%3D%3D
1257,2025_DTP_609849_1,[Genguvarpatti Town Panchayat Theni District15 TH FINANCE 1ST INSTALMENT  2025 2026],29-Sep-2025 09:00 AM,Directorate of Town Panchayats||Theni Zone||Ganguvarpatti Town Panchayat - Theni,30-Sep-2025 03:00 PM,https://etender.up.nic.in/nicgep/app?component=%24DirectLink_0&page=FrontEndAdvancedSearchResult&service=direct&session=T&sp=Sdfe4TGbvWdC9hoGN3FGVNw%3D%3D
1258,2025_EB_590515_1,[M-177/2025-26],08-Aug-2025 01:30 PM,TNEB Limited||TANGEDCO||CE-Material Management - TANGEDCO,08-Oct-2025 02:30 PM,https://tntenders.gov.in/nicgep/app?component=%24DirectLink&page=FrontEndLatestActiveCorrigendums&service=direct&session=T&sp=S%2FaQ7VaZyLeQ7ndVOnv82Ig%3D%3D
1259,2025_HWAY_609070_1,[Road Work],27-Sep-2025 10:00 AM,Highways||NABARD and Rural Roads||Tirunelveli,14-Oct-2025 11:00 AM,https://etender.up.nic.in/nicgep/app?component=%24DirectLink_0&page=FrontEndAdvancedSearchResult&service=direct&session=T&sp=SwL6XDCt6CsDuryGZ%2B0q59A%3D%3D
1260,2025_DTP_609989_1,[General Fund 25-26 Reconstruction of Storm water drain with culvert at ward no.15 Nehru nagar in Sulur Town Panchayat],29-Sep-2025 12:40 PM,"Directorate of Town Panchayats||Coimbatore Zone||Sulur Town Panchayat, Coimbatore",08-Oct-2025 03:00 PM,https://etender.up.nic.in/nicgep/app?component=%24DirectLink_0&page=FrontEndAdvancedSearchResult&service=direct&session=T&sp=SrfNLQFTLvodw0DpiTHfVkg%3D%3D
1261,2025_HWAY_598572_1,[TN 21 25 26 Karur Division TPR 049],29-Aug-2025 05:30 PM,Highways||Construction and Maintenance Wing||Tiruppur Circle,30-Sep-2025 10:45 AM,https://etender.up.nic.in/nicgep/app?component=%24DirectLink_0&page=FrontEndAdvancedSearchResult&service=direct&session=T&sp=SiPIa3y0DAL9v753RSdTtpw%3D%3D
1262,2025_MSME_609104_1,[444 Procurement of  1mm Laminated Sheet of various colours and different shades],26-Sep-2025 05:30 PM,Micro Small and Medium Enterprises||Tamil Nadu Small Industries Corporation||Purchase - TANSI,09-Oct-2025 11:30 AM,https://etender.up.nic.in/nicgep/app?component=%24DirectLink_0&page=FrontEndAdvancedSearchResult&service=direct&session=T&sp=SaFMqtLX6hvqywak6FZ1Mcw%3D%3D
1263,2025_MAWS_609828_1,[Supplying and Filling of Well  Gravel at Ward No 5 Pandi kovil street in Usilampatti Municipality.],29-Sep-2025 09:00 AM,MAWS||Tirumangalam Municipality,06-Oct-2025 03:00 PM,https://etender.up.nic.in/nicgep/app?component=%24DirectLink_0&page=FrontEndAdvancedSearchResult&service=direct&session=T&sp=S895P4IjW3CPx%2Fh5tZQitDw%3D%3D
1264,2025_RDTN_609857_2,"[Repairs To Library Building At Kattukoodalur Under General Fund(Block Panchayat), Kumaratchi Panchayat Union, Cuddalore District 2025-2026]",29-Sep-2025 09:00 AM,"Rural Development and Panchayat Raj Department||Cuddalore,RD,TN||KOMARATCHI,CUDDALORE,RD,TN",06-Oct-2025 06:50 PM,https://etender.up.nic.in/nicgep/app?component=%24DirectLink_0&page=FrontEndAdvancedSearchResult&service=direct&session=T&sp=SgN9xGXgvG0QCQ2EiekUbmA%3D%3D
1265,2025_MAWS_607593_1,[CONSTRUCTION OF STORM WATER DRAIN WITH RCC SLAB CULVERT AT WARD NO 16 BELL NAGAR LIBRARY TO SIDCO TASMAC GODOWN ROAD CULVERT IN THUVAKUDI MUNICIPALITY.],22-Sep-2025 06:40 PM,MAWS||Thuvakudi Municipality,03-Oct-2025 03:00 PM,https://etender.up.nic.in/nicgep/app?component=%24DirectLink_0&page=FrontEndAdvancedSearchResult&service=direct&session=T&sp=Sc%2B6DmB3kmIaSCrFAJF4LHA%3D%3D
1266,2025_MAWS_607533_15,[15th CFC 2025-26 Un Tied Construction of Strom water Drain and Culvert at Rahumaniyapuram west street (Unicode -141006R079) in  ward no.06 at Kadayanallur Municipality],23-Sep-2025 11:00 AM,MAWS||Kadayanallur Municipality,06-Oct-2025 03:00 PM,https://etender.up.nic.in/nicgep/app?component=%24DirectLink_0&page=FrontEndAdvancedSearchResult&service=direct&session=T&sp=S6RFz1Jr%2FojI5gBTF4rgzNQ%3D%3D
1267,2025_RDTN_608464_1,[Construction of 10000 litr GLR tank at Thennampatti Village and Panchayat],24-Sep-2025 05:40 PM,"Rural Development and Panchayat Raj Department||Thoothukudi,RD,TN||OTTAPIDARAM, THOOTHUKUDI,RD,TN",29-Sep-2025 05:50 PM,https://etender.up.nic.in/nicgep/app?component=%24DirectLink_0&page=FrontEndAdvancedSearchResult&service=direct&session=T&sp=SCrecvu6%2FtlcEwqCMCtBUiQ%3D%3D
1268,2025_DTP_608559_1,[Erode Zone Tiruppur District Sangaramanallur Town panchayat 15 th FINANCE COMMISSION UNTIED  2nd INSTALMENT   2025 2026  Providing CC Road  Ward no 14 Rutharapalayam in Sangaramanallur Town panchayat  ],25-Sep-2025 09:00 AM,"Directorate of Town Panchayats||Erode Zone||Sankararamanallur Town Panchayat, Tiruppur",30-Sep-2025 03:00 PM,https://etender.up.nic.in/nicgep/app?component=%24DirectLink_0&page=FrontEndAdvancedSearchResult&service=direct&session=T&sp=SyU3v%2FfMqF2EZkbvey2yzTw%3D%3D
1269,2025_TNPL_576079_2,[Twin Roll Press 15XX Prebreaker Screw Changing Works at Pulp - Mechanical in TNPL Unit - I],22-Sep-2025 06:00 PM,Tamilnadu Newsprint and Papers Limited||TNPL Unit-1||TNPL TOS,06-Oct-2025 03:00 PM,https://etender.up.nic.in/nicgep/app?component=%24DirectLink_0&page=FrontEndAdvancedSearchResult&service=direct&session=T&sp=SSigAiENS6BaqunmXTxeOdw%3D%3D
1270,2025_RDTN_608440_1,[Providing retaining wall at Thottakombai Melur Kumar House to South Mani House H/O Perumugai Panchayat in T.N.Palayam  Panchayat Union  of  Erode District under  6th FC 2022-2023 (OMDGF],24-Sep-2025 05:00 PM,"Rural Development and Panchayat Raj Department||Erode,RD,TN||THOOCKANAICKENPAM, ERODE,RD,TN",08-Oct-2025 03:00 PM,https://etender.up.nic.in/nicgep/app?component=%24DirectLink_0&page=FrontEndAdvancedSearchResult&service=direct&session=T&sp=SbOGHXHg1Aa9C%2BC0wM%2BByLQ%3D%3D
1271,2025_RDTN_608091_1,[Providing Basic infrastructure works at Kasthambadi Camps in Polur Block Package No. TVM/2025-26/191 of Tiruvannamalai District],23-Sep-2025 06:55 PM,"Rural Development and Panchayat Raj Department||Tiruvannamalai,RD,TN",03-Oct-2025 03:00 PM,https://tntenders.gov.in/nicgep/app?component=%24DirectLink&page=FrontEndLatestActiveCorrigendums&service=direct&session=T&sp=SsujeKdzy7m3QYeLeewI%2F1Q%3D%3D
1272,2025_EB_608282_1,[Spec No.02/2025-26],24-Sep-2025 03:00 PM,TNEB Limited||TANGEDCO||CE-GTS - TANGEDCO||SE-Basin Bridge Gas Turbine Power Stations,08-Oct-2025 12:00 PM,https://etender.up.nic.in/nicgep/app?component=%24DirectLink_0&page=FrontEndAdvancedSearchResult&service=direct&session=T&sp=SGbsKJeZfpZ38uoyMTNoj8w%3D%3D
1273,2025_EB_604807_1,[MTPS I OAH Wet Ash  Strengthening of the bunds  segregation of LAD  Removal and transportation of accumulated ash  over and under the Ash slurry line at the time of attending the breakdown B1 to UAD],16-Sep-2025 04:50 PM,TNEB Limited||TANGEDCO||CE-MTPS-I - TANGEDCO||SE-Mechanical Maintenance II-MTPS-I - TANGEDCO,03-Oct-2025 02:00 PM,https://etender.up.nic.in/nicgep/app?component=%24DirectLink_0&page=FrontEndAdvancedSearchResult&service=direct&session=T&sp=S45%2ByoHbQqRSugVWnO%2FYjYg%3D%3D
1274,2025_EB_608180_1,[ECHP-II- Releasing of 415V LT XLPE 1Cx1000 Sq.mm alluminium armoured cable of length 2100 mtrs. cable tray of Conveyor-67 at Coal Jetty-II Red Gate VOCPA winding in the cable drum and transporting to ICHP Division TTPS],24-Sep-2025 09:00 AM,TNEB Limited||TANGEDCO||CE-TTPS - TANGEDCO||SE-Mechanical Maintenance I-TTPS - TANGEDCO,09-Oct-2025 02:00 PM,https://etender.up.nic.in/nicgep/app?component=%24DirectLink_0&page=FrontEndAdvancedSearchResult&service=direct&session=T&sp=S5OoFzLfiLy56Hhnb7pa5Fg%3D%3D
1275,2025_TNMSC_599406_1,[ONLINE TENDER FOR FIXING RATE CONTRACT FOR SUPPLY AND INSTALLTION OF CRYOSTAT TO VARIOUS GOVT. INSTITUTIONS],01-Sep-2025 06:50 PM,Tamilnadu Medical Services Corporation||Equipment,03-Oct-2025 11:00 AM,https://tntenders.gov.in/nicgep/app?component=%24DirectLink&page=FrontEndLatestActiveCorrigendums&service=direct&session=T&sp=STV%2BAOXDDQczlDRZmbFASRQ%3D%3D
1276,2025_HWAY_597523_1,[TN.37/Sl.No.02/KPM/CRIDP Work 2025-26],17-Sep-2025 06:30 PM,Highways||Construction and Maintenance Wing||Chennai Circle,16-Oct-2025 10:15 AM,https://etender.up.nic.in/nicgep/app?component=%24DirectLink_0&page=FrontEndAdvancedSearchResult&service=direct&session=T&sp=S3P76sxNemRwSVdrld8ntBQ%3D%3D
1277,2025_MAWS_604987_4,[Tiruppur City Municipal Corporation_Maintenance and Special Repair works to MCC Centre at Sundamedu (Kuppandampalayam Main Road) MCC Centre in ward No53],17-Sep-2025 01:00 PM,MAWS||Trippur City Municipal Corporation,30-Sep-2025 03:00 PM,https://tntenders.gov.in/nicgep/app?component=%24DirectLink&page=FrontEndLatestActiveCorrigendums&service=direct&session=T&sp=SieVSElLcwlDVX%2B7JzM3umQ%3D%3D
1278,2025_RDTN_597883_6,"[Rejuvenation of Sitheri at Annagramam Panchayat in Annagramam Block , Cuddalore District.Under MI Tanks -CSR Fund 2024-25 - Phase II Package no 01]",24-Sep-2025 12:00 PM,"Rural Development and Panchayat Raj Department||Cuddalore,RD,TN",07-Oct-2025 03:00 PM,https://tntenders.gov.in/nicgep/app?component=%24DirectLink&page=FrontEndLatestActiveCorrigendums&service=direct&session=T&sp=SOhZkHlOyY%2FXon4ae49wqiQ%3D%3D
1279,2025_DTP_609861_1,[15TH CFC 2nd 2025-26 ILANJI UNTIED ],28-Sep-2025 09:00 AM,Directorate of Town Panchayats||Tirunelveli Zone||Puthur S Town Panchayat,30-Sep-2025 03:00 PM,https://etender.up.nic.in/nicgep/app?component=%24DirectLink_0&page=FrontEndAdvancedSearchResult&service=direct&session=T&sp=SmGcqBJ6EREsKx70SeX4U3g%3D%3D
1280,2025_TCMPF_607112_1,[Papanasam Milk Distribution Route],20-Sep-2025 06:55 PM,Tamilnadu Co-op Milk Producers Federation Ltd.||TDCMPU Ltd - Tirunelveli - TCMPF,14-Oct-2025 10:00 AM,https://etender.up.nic.in/nicgep/app?component=%24DirectLink_0&page=FrontEndAdvancedSearchResult&service=direct&session=T&sp=SSgPdPQ7RtR6mwvyPNZoUdw%3D%3D
1281,2025_TNMSC_589232_1,"[Quotations for supply and Installation of Nitric Oxide Delivery System to Govt. Medical College Hospital, Coimbatore ]",05-Aug-2025 03:00 PM,Tamilnadu Medical Services Corporation||Equipment,15-Oct-2025 11:00 AM,https://tntenders.gov.in/nicgep/app?component=%24DirectLink&page=FrontEndLatestActiveCorrigendums&service=direct&session=T&sp=S3bi%2B%2BEUNWn8FMNxZ2YvDkg%3D%3D
1282,2025_HWAY_603353_1,[CRIDP 2025 - 2026],15-Sep-2025 06:00 PM,Highways||Construction and Maintenance Wing||Coimbatore Circle,09-Oct-2025 10:30 AM,https://etender.up.nic.in/nicgep/app?component=%24DirectLink_0&page=FrontEndAdvancedSearchResult&service=direct&session=T&sp=SYdkx13YsSJIF314peTiUZg%3D%3D
1283,2025_EB_606371_1,"[Execution of Contract towards Extension of supply works For capital, DCW and improvement works through Construction Keelapavoor section, Tenkasi sub-division in Tenkasi Division]",19-Sep-2025 03:00 PM,TNEB Limited||TANGEDCO||CE-Tirunelveli - TANGEDCO||SE-Tirunelveli - TANGEDCO,03-Oct-2025 02:00 PM,https://etender.up.nic.in/nicgep/app?component=%24DirectLink_0&page=FrontEndAdvancedSearchResult&service=direct&session=T&sp=SmiXFd7UxsNuDWzFJkxyh3g%3D%3D
1284,2025_DoTE_608238_1,[SERVICE OF COMPUTERS],24-Sep-2025 12:00 PM,"Directorate of Technical Education||Govt. Polytechnic College - DOTE||Govt. Polytechnic College, Gandharvakottai",09-Oct-2025 10:00 AM,https://etender.up.nic.in/nicgep/app?component=%24DirectLink_0&page=FrontEndAdvancedSearchResult&service=direct&session=T&sp=SHxdQQDWrHS6A5ktaY4mg%2Fw%3D%3D
1285,2025_CoC_609746_1,"[Desilting of Subway Collection well (3No.s) at Madley Subway - Eswaran Koil Street in Div-134, U-31,Z-10]",27-Sep-2025 06:55 PM,"Corporation of Chennai||Regional office Central ,CoC",03-Oct-2025 03:00 PM,https://etender.up.nic.in/nicgep/app?component=%24DirectLink_0&page=FrontEndAdvancedSearchResult&service=direct&session=T&sp=SmKlm%2BqnbXQbW68JBXfzv5g%3D%3D
1286,2025_TNPL_601446_1,[Overhauling of Dual Drive Decanters in ETP at Energy - Mechanical in TNPL Unit - I],08-Sep-2025 05:30 PM,Tamilnadu Newsprint and Papers Limited||TNPL Unit-1||TNPL TOS,30-Sep-2025 03:00 PM,https://tntenders.gov.in/nicgep/app?component=%24DirectLink&page=FrontEndLatestActiveCorrigendums&service=direct&session=T&sp=Ss7G%2BAPGjy6t1HUVZOwCEyQ%3D%3D
1287,2025_ELCO_596631_1,[IT solution ELCOT Angadi e-commerce Portal],23-Aug-2025 09:00 AM,ELCOT,30-Sep-2025 03:00 PM,https://tntenders.gov.in/nicgep/app?component=%24DirectLink&page=FrontEndLatestActiveCorrigendums&service=direct&session=T&sp=Sr210fnz5mPVSSwB3DiDWuw%3D%3D
1288,2025_MAWS_608484_1,[Maintenance and Repair Works to Dr.Madhuram Corporation Higher Secondary School at EB Road in ward no18.],24-Sep-2025 06:15 PM,MAWS||Tiruchirappalli City Municipal Corporation,30-Sep-2025 03:00 PM,https://etender.up.nic.in/nicgep/app?component=%24DirectLink_0&page=FrontEndAdvancedSearchResult&service=direct&session=T&sp=SBWYteDfdfkHkDScJdKrlrQ%3D%3D
1289,2025_MAWS_609076_1,[CUDDALORE CORPORATION CMBFS REQUEST FOR PROPOSAL FOR SELECTION OF FOOD SERVICE PROVIDER FOR CHIEF MINISTERS BREAKFAST SCHEME TO SCHOOL CHILDREN FROM THE COMMON KITCHEN LOCATED AT GUNDU SALAI IN CUDDALORE MUNICIPAL CORPORATION AREA.],26-Sep-2025 03:00 PM,MAWS||Cuddalore Municipality,23-Oct-2025 03:00 PM,https://etender.up.nic.in/nicgep/app?component=%24DirectLink_0&page=FrontEndAdvancedSearchResult&service=direct&session=T&sp=Sr%2B56rakzFtb%2FkpnEJ2HFCg%3D%3D
1290,2025_EB_606846_1,[Supply of   Stay Set Complete  for Operation and Maintenance works  in Cuddalore EDC],20-Sep-2025 04:00 PM,TNEB Limited||TANGEDCO||CE-Distribution-Villupuram - TANGEDCO||SE-Cuddalore - TANGEDCO,06-Oct-2025 01:00 PM,https://etender.up.nic.in/nicgep/app?component=%24DirectLink_0&page=FrontEndAdvancedSearchResult&service=direct&session=T&sp=SR4loLQGIqh7XAvLBlODB4A%3D%3D
1291,2025_HWAY_605571_1,[MDU 133 / Sivagangai Sub Division / CRIDP 2025 26],22-Sep-2025 06:55 PM,Highways||Construction and Maintenance Wing||Madurai Circle,07-Oct-2025 11:00 AM,https://etender.up.nic.in/nicgep/app?component=%24DirectLink_0&page=FrontEndAdvancedSearchResult&service=direct&session=T&sp=SvJUleP3wUhhQPMZv2lbEkA%3D%3D
1292,2025_EB_608291_1,"[Construction of control room building with Electrification works,Bore well, Providing Transformer Plinth and various SS structures Plinth foundation, Cable ductand allied civil works for the New 33/11 KV SS at Kumaramangalam in Tirupattur EDC]",26-Sep-2025 02:00 PM,TNEB Limited||TANGEDCO||CE-Distribution-Vellore - TANGEDCO,06-Nov-2025 05:00 PM,https://etender.up.nic.in/nicgep/app?component=%24DirectLink_0&page=FrontEndAdvancedSearchResult&service=direct&session=T&sp=SeSPFpsigjyVLyeHiewb65Q%3D%3D
1293,2025_HWAY_609166_1,[Upgradation of Panchayat Union / Panchayat Roads to Other District Roads (SLM-8)],27-Sep-2025 11:00 AM,Highways||NABARD and Rural Roads||Salem,14-Oct-2025 11:00 AM,https://etender.up.nic.in/nicgep/app?component=%24DirectLink_0&page=FrontEndAdvancedSearchResult&service=direct&session=T&sp=SI0jc0bd5fgFnRLuk0z60rw%3D%3D
1294,2025_HWAY_598062_1,[CRIDP 2025 - 2026],01-Sep-2025 06:00 PM,Highways||Construction and Maintenance Wing||Coimbatore Circle,09-Oct-2025 10:30 AM,https://etender.up.nic.in/nicgep/app?component=%24DirectLink_0&page=FrontEndAdvancedSearchResult&service=direct&session=T&sp=SNfq054%2FnmkkPkVakQmth4A%3D%3D
1295,2025_RDTN_609517_1,[Providing CC Road and Drainage in  New SLR Camp 1st Street at Pethikuppam Panchayat. Length 110 M and Width  3.75M at Pethikuppam Panchayat of Gummidipoondi Block Pac.02],29-Sep-2025 09:00 AM,"Rural Development and Panchayat Raj Department||Tiruvallur,RD,TN",13-Oct-2025 03:00 PM,https://etender.up.nic.in/nicgep/app?component=%24DirectLink_0&page=FrontEndAdvancedSearchResult&service=direct&session=T&sp=SUoEfdS%2BLVXfuVXpgLD9aLA%3D%3D
1296,2025_DTP_608248_1,[Vadipatti Town Panchayat Distruction of pipe line PVC At Ward.1 Sanampatti And ward.18 Mettuneerethan Vadipatti Town Panchayat ],24-Sep-2025 12:00 PM,"Directorate of Town Panchayats||Madurai Zone||Vadipatti Town Panchayat, Madurai",30-Sep-2025 03:00 PM,https://etender.up.nic.in/nicgep/app?component=%24DirectLink_0&page=FrontEndAdvancedSearchResult&service=direct&session=T&sp=SBerc%2FMkhohB4zZ6UudNsQA%3D%3D
1297,2025_RDTN_608087_1,[Providing Basic infrastructure works at Kasthambadi Camps in Polur Block Package No. TVM/2025-26/184 of Tiruvannamalai District],23-Sep-2025 06:55 PM,"Rural Development and Panchayat Raj Department||Tiruvannamalai,RD,TN",03-Oct-2025 03:00 PM,https://tntenders.gov.in/nicgep/app?component=%24DirectLink&page=FrontEndLatestActiveCorrigendums&service=direct&session=T&sp=SflYYCwpgJ5L7d6BOKN4G3g%3D%3D
1298,2025_DoTE_607571_1,[Equipment for Embedded System],22-Sep-2025 06:30 PM,"Directorate of Technical Education||Govt. Polytechnic College - DOTE||Central Polytechnic College, Tharamani",10-Oct-2025 03:00 PM,https://etender.up.nic.in/nicgep/app?component=%24DirectLink_0&page=FrontEndAdvancedSearchResult&service=direct&session=T&sp=SgO6z6khzYiaHDGCjbH%2B0mg%3D%3D
1299,2025_EB_604597_1,[Establishment of new 33/11kv ss at Nagadasampatty(civil works) under turn key],18-Sep-2025 10:00 AM,TNEB Limited||TANGEDCO||CE-Thiruvannamalai - TANGEDCO,22-Oct-2025 02:00 PM,https://etender.up.nic.in/nicgep/app?component=%24DirectLink_0&page=FrontEndAdvancedSearchResult&service=direct&session=T&sp=SMLP8bQ7iqeae88LTBb6oNg%3D%3D
1300,2025_DTP_609062_1,[Construction of New shop building at Mondaikadu Colachel road (Re.Sy.No. 93/4) in Mondaikadu Town Panchayat],26-Sep-2025 01:20 PM,Directorate of Town Panchayats||Nagercoil Zone||Mandaicadu Town Panchayat,09-Oct-2025 03:00 PM,https://etender.up.nic.in/nicgep/app?component=%24DirectLink_0&page=FrontEndAdvancedSearchResult&service=direct&session=T&sp=Sykt7pONIbgSTESC62PpL6Q%3D%3D
1301,2025_TNPL_609930_1,[PROCUREMENT OF CS PIPE],29-Sep-2025 12:30 PM,Tamilnadu Newsprint and Papers Limited||TNPL Unit-1||TNPL Purchase,13-Oct-2025 03:00 PM,https://etender.up.nic.in/nicgep/app?component=%24DirectLink_0&page=FrontEndAdvancedSearchResult&service=direct&session=T&sp=SXv7%2Bnm6TjSzxb4z6Vzhgdw%3D%3D
1302,2025_EB_604814_1,[Procurement of Knife edge gate valve with power cylinder assembly for T.I Chute and pyrite hopper pipe line of XRP 1043 Bowl Mill],16-Sep-2025 05:00 PM,TNEB Limited||TANGEDCO||CE-NCTPS-II - TANGEDCO||SE-Purchase and Administration-NCTPS-II - TANGEDCO,03-Oct-2025 02:00 PM,https://etender.up.nic.in/nicgep/app?component=%24DirectLink_0&page=FrontEndAdvancedSearchResult&service=direct&session=T&sp=SAuf%2BEh9C4qHiTrHVQIZVyg%3D%3D
1303,2025_DoTE_600419_1,[purchase of eee lab items],04-Sep-2025 12:50 PM,"Directorate of Technical Education||Govt. Polytechnic College - DOTE||Government Polytechnic College, Aundipatti",07-Oct-2025 12:00 PM,https://tntenders.gov.in/nicgep/app?component=%24DirectLink&page=FrontEndLatestActiveCorrigendums&service=direct&session=T&sp=SEbFLFyKe45ZMk9VvdQt0ig%3D%3D
1304,2025_MAWS_608262_1,[GF 2025-26],24-Sep-2025 11:45 AM,MAWS||Karumathampatti Municipality,30-Sep-2025 03:00 PM,https://etender.up.nic.in/nicgep/app?component=%24DirectLink_0&page=FrontEndAdvancedSearchResult&service=direct&session=T&sp=SAnpFf6xRdOS46moU8aZjbg%3D%3D
1305,2025_HWAY_605272_1,[Reconstruction of Minor Bridge in lieu of existing causeway at Km 0/10 of Kiliyanour junction to L.Endathur - Perumbakkam(via) Sempoondi Road],20-Sep-2025 09:00 AM,Highways||NABARD and Rural Roads||Chengalpattu,07-Oct-2025 12:00 PM,https://etender.up.nic.in/nicgep/app?component=%24DirectLink_0&page=FrontEndAdvancedSearchResult&service=direct&session=T&sp=Scywzg8oMS1jxxx79Ivg3LA%3D%3D
1306,2025_SETC_596381_1,"[WASHING WORK OF HEAD REST COVER, BERTH COVER , BLANKET OF SETC BUSES AT  KARAIKUDI  DEPOT.]",22-Aug-2025 04:00 PM,State Express Transport Corporation Tamilnadu Limited,08-Oct-2025 03:00 PM,https://tntenders.gov.in/nicgep/app?component=%24DirectLink&page=FrontEndLatestActiveCorrigendums&service=direct&session=T&sp=S1fMshwuvZNtkQdb2lanOiw%3D%3D
1307,2025_MAWS_607391_1,[Construction Of New Toilet Block at Balavinayakar Kovil Street near Pumproom Corporation  Ward29 East Zone],22-Sep-2025 06:00 PM,MAWS||Tuticorin Municipal Corporation,30-Sep-2025 03:00 PM,https://etender.up.nic.in/nicgep/app?component=%24DirectLink_0&page=FrontEndAdvancedSearchResult&service=direct&session=T&sp=SOx9y2PzaTUv0Ig9jW0K1ew%3D%3D
1308,2025_TNSTC_607621_1,[Face Lifting Work for Karur Region],23-Sep-2025 10:00 AM,Tamilnadu State Transport Corporation||Kumbakonam Corporation,03-Oct-2025 11:00 AM,https://etender.up.nic.in/nicgep/app?component=%24DirectLink_0&page=FrontEndAdvancedSearchResult&service=direct&session=T&sp=SWCXlRalv4aiaxpWMztFqqA%3D%3D
1309,2025_HWAY_606749_1,[VPM-109-CRIDP 2025-26],25-Sep-2025 10:00 AM,Highways||Construction and Maintenance Wing||Villupuram Circle,15-Oct-2025 12:00 PM,https://etender.up.nic.in/nicgep/app?component=%24DirectLink_0&page=FrontEndAdvancedSearchResult&service=direct&session=T&sp=SyrFmgltyQvQ8%2B2ak804gHg%3D%3D
1310,2025_EB_609090_1,[NCTPS I SE MI circle Boiler Maintenance Division Annual Overhaul work for the year 25 26 Specification No 200 25 26],26-Sep-2025 06:00 PM,TNEB Limited||TANGEDCO||CE-NCTPS-I - TANGEDCO||SE-Mechanical Maintenance I-NCTPS-I - TANGEDCO,09-Oct-2025 02:00 PM,https://etender.up.nic.in/nicgep/app?component=%24DirectLink_0&page=FrontEndAdvancedSearchResult&service=direct&session=T&sp=SKFZyfAmyla1mXPGOjR0VEg%3D%3D
1311,2025_MAWS_607381_3,[Construction of omni bus office in newbusstand north side ],22-Sep-2025 02:30 PM,MAWS||Rajapalayam Municipality,03-Oct-2025 03:00 PM,https://etender.up.nic.in/nicgep/app?component=%24DirectLink_0&page=FrontEndAdvancedSearchResult&service=direct&session=T&sp=SrOtW7oMghPcgMjOOUvmPOA%3D%3D
1312,2025_DTP_609211_1,[Paravai Town Panchayat Renovation of Storm Water Drain with BT Road at Paravai Dindigul Main Road to Vagai  River  Mayanam Salai  in Paravai Town Panchayat],26-Sep-2025 04:00 PM,"Directorate of Town Panchayats||Madurai Zone||Paravai Town Panchayat, Madurai",30-Sep-2025 03:00 PM,https://etender.up.nic.in/nicgep/app?component=%24DirectLink_0&page=FrontEndAdvancedSearchResult&service=direct&session=T&sp=SVMatQnXLjbrXIGgL4h6%2B7A%3D%3D
1313,2025_RDTN_609921_1,[Providing Borewell with Bathing Tub in Sundarakudumbanpatti village atChettudaiyanpatti Panchayat ],29-Sep-2025 09:00 AM,"Rural Development and Panchayat Raj Department||Virudhunagar,RD,TN||VIRUDHUNAGAR, VIRUDHUNAGAR,RD,TN",30-Sep-2025 04:00 PM,https://etender.up.nic.in/nicgep/app?component=%24DirectLink_0&page=FrontEndAdvancedSearchResult&service=direct&session=T&sp=SZf11edolUVR%2FigwT9DOSrA%3D%3D
1314,2025_EB_608896_1,[TTPS ES Circle EM III Erection and commissioning of 2 Nos additional Spare LT Breaker panels in the Existing Station Service Switchgear Buses of Unit IV and V],25-Sep-2025 06:45 PM,TNEB Limited||TANGEDCO||CE-TTPS - TANGEDCO||SE-Electrical Systems-TTPS - TANGEDCO,13-Oct-2025 02:00 PM,https://etender.up.nic.in/nicgep/app?component=%24DirectLink_0&page=FrontEndAdvancedSearchResult&service=direct&session=T&sp=S%2B4GvmlckLdnzVzF6HaZjxg%3D%3D
1315,2025_CoC_609662_1,"[Z.O.XIV.C.NO.E2/0989-4/2025 Attending Road Cut Restoration Work (CMWSSB) at Anchaneyar Nagar Kannadasan Street in Dn. 191, Unit-43, Zone-14.]",27-Sep-2025 03:30 PM,"Corporation of Chennai||Regional office South,CoC",29-Sep-2025 06:00 PM,https://etender.up.nic.in/nicgep/app?component=%24DirectLink_0&page=FrontEndAdvancedSearchResult&service=direct&session=T&sp=SHUIIDL9S0UBYREf%2FurGEXA%3D%3D
1316,2025_MAWS_605955_1,[Operation and Mainatainanace for underground Sewage System UGSS O and M for sewer Legth of 176.30 km and 27806 HSC Manhole 7610 for Package 2 Sewer Length of 148.00 km and 18411 hscs Manhole 6186 and Package 3],19-Sep-2025 06:55 PM,MAWS||Madurai Municipal Corporation,03-Oct-2025 03:00 PM,https://etender.up.nic.in/nicgep/app?component=%24DirectLink_0&page=FrontEndAdvancedSearchResult&service=direct&session=T&sp=SaHinnwKARNdQXXiDt1PlDQ%3D%3D
1317,2025_CoC_609445_1,"[Electrification works at kathbada urudu school, Padavattamman school, Bojaraja nagar anganwadi and availing TNEB supply for C.B road subway and Health and wellness center loacted at kathbada main road in Div-53,Zone-05.]",27-Sep-2025 12:30 PM,"Corporation of Chennai||Regional Office North,CoC",03-Oct-2025 03:00 PM,https://etender.up.nic.in/nicgep/app?component=%24DirectLink_0&page=FrontEndAdvancedSearchResult&service=direct&session=T&sp=Suy68MLRBXZt5q66KM8w1OA%3D%3D
1318,2025_HWAY_609462_1,[Upgradation of Panchayat Union / Panchayat Roads to Other District Roads (SLM-22)],27-Sep-2025 11:00 AM,Highways||NABARD and Rural Roads||Salem,14-Oct-2025 11:00 AM,https://etender.up.nic.in/nicgep/app?component=%24DirectLink_0&page=FrontEndAdvancedSearchResult&service=direct&session=T&sp=SNFblXWp4VAvsB3%2BA7YB%2Bog%3D%3D
1319,2025_TCMPF_602722_1,[Engaging hired route vehicle for Veppur team routes for the period of 02 years (2025-2027) under contract Basis],15-Sep-2025 11:30 AM,Tamilnadu Co-op Milk Producers Federation Ltd.||Cuddalore DCMPU Ltd,22-Oct-2025 03:30 PM,https://tntenders.gov.in/nicgep/app?component=%24DirectLink&page=FrontEndLatestActiveCorrigendums&service=direct&session=T&sp=SBxSOswiYKVGX4YucUNa0gw%3D%3D
1320,2025_EB_608908_1,"[Fabrication, supply, erection, testing and commissioning of 33/11 KV SS with 2X8 MVA PrTr, associated equipments, accessories, control panels etc. at T.S.Puram Village and 33KV bay extension at 110/33/11 KV Alankulam SS in Tirunelveli EDC.]",26-Sep-2025 10:00 AM,TNEB Limited||TANGEDCO||CE-Tirunelveli - TANGEDCO,13-Oct-2025 02:00 PM,https://etender.up.nic.in/nicgep/app?component=%24DirectLink_0&page=FrontEndAdvancedSearchResult&service=direct&session=T&sp=SBj%2FAbXpOvK%2Fi3uDyXdMzPw%3D%3D
1321,2025_TNPL_601608_1,[Taking various size MS and SS tapping from water and air Pipelines at Energy-Mechanical],08-Sep-2025 06:30 PM,Tamilnadu Newsprint and Papers Limited||TNPL Unit-1||TNPL TOS,03-Oct-2025 03:00 PM,https://tntenders.gov.in/nicgep/app?component=%24DirectLink&page=FrontEndLatestActiveCorrigendums&service=direct&session=T&sp=SiH07txfiy4d7SaYApMDMcg%3D%3D
1322,2025_EB_607171_1,[Works Contract for rural panapakkam section.],22-Sep-2025 09:00 AM,TNEB Limited||TANGEDCO||CE-Distribution-Vellore - TANGEDCO||SE-Vellore - TANGEDCO,06-Oct-2025 02:00 PM,https://etender.up.nic.in/nicgep/app?component=%24DirectLink_0&page=FrontEndAdvancedSearchResult&service=direct&session=T&sp=SzRApbec2ImdTJBkvfpLMKQ%3D%3D
1323,2025_CoC_609518_1,[R.D.C.N.C.D.C.No. B3 / 326A / 2025],27-Sep-2025 01:30 PM,"Corporation of Chennai||Regional Office North,CoC",06-Oct-2025 03:00 PM,https://etender.up.nic.in/nicgep/app?component=%24DirectLink_0&page=FrontEndAdvancedSearchResult&service=direct&session=T&sp=S8jRc7S6x1kWI%2FJhFMVPJ4g%3D%3D
1324,2025_HWAY_598473_1,[VPM-059-CRIDP 2025-26],04-Sep-2025 10:00 AM,Highways||Construction and Maintenance Wing||Villupuram Circle,15-Oct-2025 12:00 PM,https://etender.up.nic.in/nicgep/app?component=%24DirectLink_0&page=FrontEndAdvancedSearchResult&service=direct&session=T&sp=S0gmZZ1E2mzQUQx6%2Fspk72g%3D%3D
1325,2025_HWAY_609429_1,[Upgradation of Panchayat Union / Panchayat Roads to Other District Roads (SLM-28)],27-Sep-2025 11:00 AM,Highways||NABARD and Rural Roads||Salem,14-Oct-2025 11:00 AM,https://etender.up.nic.in/nicgep/app?component=%24DirectLink_0&page=FrontEndAdvancedSearchResult&service=direct&session=T&sp=SfTYTDYZW4LR41j%2FXvsuQTw%3D%3D
1326,2025_TNPL_609940_1,[Supply and installation of Fire rated steel door in MCC Building of TM#5 area at TNPL Unit II],29-Sep-2025 02:00 PM,Tamilnadu Newsprint and Papers Limited||TNPL Unit-1||TNPL Projects,06-Oct-2025 03:00 PM,https://tntenders.gov.in/nicgep/app?component=%24DirectLink&page=FrontEndLatestActiveCorrigendums&service=direct&session=T&sp=SAvtauodM%2BsQBgBnxuICJFQ%3D%3D
1327,2025_MAWS_607239_1,"[GENERAL FUND-2025-2026-Fixing of GPRS in 10 Nos at LCV, fixing of 16 Nos CCTV at Compost yard and supply and fixing of 1 No Desktop in Karamadai Municipality.   ]",22-Sep-2025 09:00 AM,MAWS||Karamadai Municipality,30-Sep-2025 03:00 PM,https://etender.up.nic.in/nicgep/app?component=%24DirectLink_0&page=FrontEndAdvancedSearchResult&service=direct&session=T&sp=SJi7tJTnWpMAsiEu%2BhdWB5w%3D%3D
1328,2025_HWAY_607968_1,[ 	TN No 51 2025 26 HDO Dt 15 09 2025 TVM 151],24-Sep-2025 11:00 AM,Highways||Construction and Maintenance Wing||Tiruvannamalai Circle,16-Oct-2025 11:00 AM,https://etender.up.nic.in/nicgep/app?component=%24DirectLink_0&page=FrontEndAdvancedSearchResult&service=direct&session=T&sp=ScsRFzzQVzNygX63Ve7FiNA%3D%3D
1329,2025_HWAY_597759_1,[Widening from Two Lane toTwo Lane with Paved Shoulders and Strengthening at km 102/2-103/4 of Grandanaicut-Cauveripattinam road TNJ 45],01-Sep-2025 03:00 PM,Highways||Construction and Maintenance Wing||Thanjavur Circle,07-Oct-2025 11:30 AM,https://etender.up.nic.in/nicgep/app?component=%24DirectLink_0&page=FrontEndAdvancedSearchResult&service=direct&session=T&sp=SWl1k8m5pmiPRn2iRF4hGKQ%3D%3D
1330,2025_HWAY_605641_1,[Construction of High level bridge at Km 0/6 of Sadathangal road across surplus channel],20-Sep-2025 09:00 AM,Highways||NABARD and Rural Roads||Chengalpattu,07-Oct-2025 12:00 PM,https://etender.up.nic.in/nicgep/app?component=%24DirectLink_0&page=FrontEndAdvancedSearchResult&service=direct&session=T&sp=SN3IntNxn%2F9luOj8%2FF4k%2Flw%3D%3D
1331,2025_TNPL_605119_1,[PROCUREMENT OF SPARES REQUIRED FOR PM2  NIPCO FLEX ROLL SERVICING],17-Sep-2025 05:15 PM,Tamilnadu Newsprint and Papers Limited||TNPL Unit-1||TNPL Purchase,30-Sep-2025 03:00 PM,https://etender.up.nic.in/nicgep/app?component=%24DirectLink_0&page=FrontEndAdvancedSearchResult&service=direct&session=T&sp=SYf1pDl2nE8%2F%2FPATx6v5Rlw%3D%3D
1332,2025_RDTN_609085_1,[Nallampalli Block - Construction of Community centre at Indur Panchayat near Dharmapuri Pennagarm Road H/o. Indur - Package No.TN04-P01-MPLADS 2024-25 - Nallampalli Block - P01],26-Sep-2025 01:10 PM,"Rural Development and Panchayat Raj Department||Dharmapuri,RD,TN||NALLAMPALLI, DHARMAPURI,RD,TN",15-Oct-2025 03:00 PM,https://etender.up.nic.in/nicgep/app?component=%24DirectLink_0&page=FrontEndAdvancedSearchResult&service=direct&session=T&sp=S69dfgpZ37Xeah%2FBBA4XM9g%3D%3D
1333,2025_DTP_609666_1,[025-26 -15th Finance Commission - 1st  Installment Untied Grant -  Burial Ground works],27-Sep-2025 03:35 PM,"Directorate of Town Panchayats||Cuddalore Zone||Bhuvanagiri Town Panchayat, Cuddalore",03-Oct-2025 03:00 PM,https://tntenders.gov.in/nicgep/app?component=%24DirectLink&page=FrontEndLatestActiveCorrigendums&service=direct&session=T&sp=SmujuCM%2BmqLAyqeA%2BRNQwGA%3D%3D
1334,2025_CoC_609564_1,"[Supply and Installation testing and Commissioing of 58.5 KVA Genset at East Kalamandapam Road in Dn-50, unit-12, Zone-5]",27-Sep-2025 03:00 PM,"Corporation of Chennai||Regional Office North,CoC",03-Oct-2025 03:00 PM,https://etender.up.nic.in/nicgep/app?component=%24DirectLink_0&page=FrontEndAdvancedSearchResult&service=direct&session=T&sp=SrzxSn6td7JLP%2FDkhgM32ww%3D%3D
1335,2025_EB_608430_1,[Running works contract for execution of erection and dismantling works in HT LT electrical network in sections  pertaining to Rural Ooty Sub division of Ooty division of Nilgiris EDC ],24-Sep-2025 05:00 PM,TNEB Limited||TANGEDCO||CE-Distribution-Coimbatore - TANGEDCO||SE-Nilgiris - TANGEDCO,08-Oct-2025 02:00 PM,https://etender.up.nic.in/nicgep/app?component=%24DirectLink_0&page=FrontEndAdvancedSearchResult&service=direct&session=T&sp=S2okPSh2VYW8LvKCc9bKpHQ%3D%3D
1336,2025_CoC_609519_1,"[FENCING WORK AT GOLDEN GEORGE NAGAR RATHINAM SALAI BIN POINT IN DIVISION-93, UNIT-20, ZONE-VII]",27-Sep-2025 06:00 PM,"Corporation of Chennai||Regional office Central ,CoC",02-Oct-2025 03:00 PM,https://etender.up.nic.in/nicgep/app?component=%24DirectLink_0&page=FrontEndAdvancedSearchResult&service=direct&session=T&sp=SsQ%2B9XKqCF9ScOolF%2F9sdgw%3D%3D
1337,2025_HWAY_606138_1,[TN 41 25 26 Dharapuram Division TPR 089],19-Sep-2025 05:30 PM,Highways||Construction and Maintenance Wing||Tiruppur Circle,09-Oct-2025 10:45 AM,https://etender.up.nic.in/nicgep/app?component=%24DirectLink_0&page=FrontEndAdvancedSearchResult&service=direct&session=T&sp=SMxtHpRCOi5fHPapfS%2BUVmg%3D%3D
1338,2025_RDTN_608881_1,[Construction of New Library Building ( with computer facility ) in Srilankan Refugee Camp ( Palar Anaicut) at Thirumalaicheri Panchayat  In  Walajah  Block at Ranipet District],26-Sep-2025 10:00 AM,Rural Development and Panchayat Raj Department||Ranipet RD TN,03-Oct-2025 03:00 PM,https://etender.up.nic.in/nicgep/app?component=%24DirectLink_0&page=FrontEndAdvancedSearchResult&service=direct&session=T&sp=SjSPKQICezC9hqfUXZLxclA%3D%3D
1339,2025_EB_607131_1,[Works Contract for Rural Panapakkam Section],22-Sep-2025 09:00 AM,TNEB Limited||TANGEDCO||CE-Distribution-Vellore - TANGEDCO||SE-Vellore - TANGEDCO,06-Oct-2025 02:00 PM,https://etender.up.nic.in/nicgep/app?component=%24DirectLink_0&page=FrontEndAdvancedSearchResult&service=direct&session=T&sp=SwH2x5b6dNN1CbdJ67GWJgQ%3D%3D
1340,2025_RDTN_609538_1,[Providing CC Road and Drainage in  New SLR Camp Main Street at Pethikuppam Panchayat. (Length 125 M and Width 5.5M) Gummidipoondi Block Pac.01],29-Sep-2025 09:00 AM,"Rural Development and Panchayat Raj Department||Tiruvallur,RD,TN",13-Oct-2025 03:00 PM,https://etender.up.nic.in/nicgep/app?component=%24DirectLink_0&page=FrontEndAdvancedSearchResult&service=direct&session=T&sp=SSgFEDTUrkggYexfYT5xzfQ%3D%3D
1341,2025_EB_605925_1,[ETC.NO.12(25-26)],19-Sep-2025 04:00 PM,TNEB Limited||TANGEDCO||CE-Distribution-Madurai - TANGEDCO||SE-Dindugal - TANGEDCO,06-Oct-2025 02:00 PM,https://etender.up.nic.in/nicgep/app?component=%24DirectLink_0&page=FrontEndAdvancedSearchResult&service=direct&session=T&sp=SiwH8W9Q%2F%2Fv7yxRwaAGbRCQ%3D%3D
1342,2025_SETC_597917_1,"[SUPPLY OF MEALS ,CURD AND TEA TO OUR EMPLOYEES AT  DINDIGUL DEPOT.]",27-Aug-2025 04:30 PM,State Express Transport Corporation Tamilnadu Limited||Chennai-Materials,03-Oct-2025 03:00 PM,https://tntenders.gov.in/nicgep/app?component=%24DirectLink&page=FrontEndLatestActiveCorrigendums&service=direct&session=T&sp=SiMN20lS0DKNOpbfp2HQBYg%3D%3D
1343,2025_HWAY_598528_1,[VPM-066-Non Plan 2025-26],04-Sep-2025 10:00 AM,Highways||Construction and Maintenance Wing||Villupuram Circle,15-Oct-2025 12:00 PM,https://etender.up.nic.in/nicgep/app?component=%24DirectLink_0&page=FrontEndAdvancedSearchResult&service=direct&session=T&sp=SfHV5c74jmip1rC3gr36ZGg%3D%3D
1344,2025_MAWS_600713_1,[Madurai Corporation sellur MPS drainage pumping station 100HP submersible motor repair works zone 4 ward 29],08-Sep-2025 06:55 PM,MAWS||Madurai Municipal Corporation,03-Oct-2025 03:00 PM,https://tntenders.gov.in/nicgep/app?component=%24DirectLink&page=FrontEndLatestActiveCorrigendums&service=direct&session=T&sp=STd4MdmPJgRZWijHLIq%2BqgA%3D%3D
1345,2025_RDTN_609223_1,[Package 3 Providing Paver Block Pavement at Prakashapuram Village in Chithambarapuram panchayat],26-Sep-2025 04:00 PM,"Rural Development and Panchayat Raj Department||Tirunelveli,RD,TN||RADHAPURAM, TIRUNELVELI,RD,TN",30-Sep-2025 03:00 PM,https://etender.up.nic.in/nicgep/app?component=%24DirectLink_0&page=FrontEndAdvancedSearchResult&service=direct&session=T&sp=S99fybX%2FygyMVmSY7gs%2BYMw%3D%3D
1346,2025_EB_608177_1,[ICHP-Reconditioning of worn out spare gear box model C100 NAW released from Conveyor-24A B.],24-Sep-2025 09:00 AM,TNEB Limited||TANGEDCO||CE-TTPS - TANGEDCO||SE-Mechanical Maintenance I-TTPS - TANGEDCO,09-Oct-2025 02:00 PM,https://etender.up.nic.in/nicgep/app?component=%24DirectLink_0&page=FrontEndAdvancedSearchResult&service=direct&session=T&sp=ST%2Btqw0xfLOildcBOzlzntA%3D%3D
1347,2025_EB_608441_1,[spec no.23/2025-26 dt.20.09.2025],24-Sep-2025 05:30 PM,TNEB Limited||TANGEDCO||CE-Distribution-Coimbatore - TANGEDCO||SE-Nilgiris - TANGEDCO,08-Oct-2025 02:00 PM,https://etender.up.nic.in/nicgep/app?component=%24DirectLink_0&page=FrontEndAdvancedSearchResult&service=direct&session=T&sp=SVI3t7rVMDYGCGaQCve3viw%3D%3D
1348,2025_EB_607495_1,[Improvement work],22-Sep-2025 05:00 PM,TNEB Limited||TANGEDCO||CE-Distribution-Coimbatore - TANGEDCO||SE-Coimbatore-South - TANGEDCO,07-Oct-2025 02:00 PM,https://etender.up.nic.in/nicgep/app?component=%24DirectLink_0&page=FrontEndAdvancedSearchResult&service=direct&session=T&sp=SowDEULMgJrD%2BykI1q0T%2Bgg%3D%3D
1349,2025_CoC_609351_1,[R.D.C.N.C.D.C.No. B4 / 345 / 2025],27-Sep-2025 01:00 PM,"Corporation of Chennai||Regional Office North,CoC",09-Oct-2025 03:00 PM,https://etender.up.nic.in/nicgep/app?component=%24DirectLink_0&page=FrontEndAdvancedSearchResult&service=direct&session=T&sp=SbAKJUv2pzWdlHNZolAd%2B6A%3D%3D
1350,2025_DTP_605227_1,[15th Finance - Untied Grant - 2025-26 - 2nd Installment Providing pipeline from ward No.1 existing Vellachivilai open well to pipeline extension from Vellachivilai open well to 4 streets sintex tank 4 Nos.  fixed in Villukuri Town Panchayat.],17-Sep-2025 04:15 PM,Directorate of Town Panchayats||Nagercoil Zone||Villukuri Town Panchayat,30-Sep-2025 03:00 PM,https://etender.up.nic.in/nicgep/app?component=%24DirectLink_0&page=FrontEndAdvancedSearchResult&service=direct&session=T&sp=SPgX7aqIJSTZiIqN6nELqPA%3D%3D
1351,2025_RDTN_608456_1,[Supply of Student classroom furniture 70 nos and office Appliances to Govt.Art collage in oottapidaram village and panchayat],24-Sep-2025 05:30 PM,"Rural Development and Panchayat Raj Department||Thoothukudi,RD,TN||OTTAPIDARAM, THOOTHUKUDI,RD,TN",29-Sep-2025 05:40 PM,https://etender.up.nic.in/nicgep/app?component=%24DirectLink_0&page=FrontEndAdvancedSearchResult&service=direct&session=T&sp=SjOHe8hQSix2RQUeBfPy0Bw%3D%3D
1352,2025_HWAY_603758_1,[TN 37 25 26 Dharapuram Division TPR 081],16-Sep-2025 05:30 PM,Highways||Construction and Maintenance Wing||Tiruppur Circle,09-Oct-2025 10:45 AM,https://etender.up.nic.in/nicgep/app?component=%24DirectLink_0&page=FrontEndAdvancedSearchResult&service=direct&session=T&sp=SSMCo%2BVS6mYV1rbXwnOtS%2FA%3D%3D
1353,2025_POLIS_607952_1,[Implementation of Surveillance solution in Vada Chennai],23-Sep-2025 05:00 PM,Police Department||Greater Chennai Police,08-Oct-2025 02:00 PM,https://tntenders.gov.in/nicgep/app?component=%24DirectLink&page=FrontEndLatestActiveCorrigendums&service=direct&session=T&sp=SBxas%2F5%2B%2Fns2Jo%2BO2zC%2BVoQ%3D%3D
1354,2025_RDTN_608779_1,[Vellore district Repairs and Renovation of PUMS at Veppampattu Panchayat  in Kaniyambadi Block General Fund 2025-26 PACKAGE NO 24],25-Sep-2025 04:00 PM,"Rural Development and Panchayat Raj Department||Vellore,RD,TN||KANIAMBADI, VELLORE,RD,TN",10-Oct-2025 03:00 PM,https://etender.up.nic.in/nicgep/app?component=%24DirectLink_0&page=FrontEndAdvancedSearchResult&service=direct&session=T&sp=SI%2FKNKA1M3MLbOmiC%2BHrf4Q%3D%3D
1355,2025_MAWS_609896_1,[Repair and Maintenance work of Community Toilet at W.No.13 Anna Nagar in Kangeyam Municipality],29-Sep-2025 09:00 AM,MAWS||Kangeyam Municipality,30-Sep-2025 03:00 PM,https://etender.up.nic.in/nicgep/app?component=%24DirectLink_0&page=FrontEndAdvancedSearchResult&service=direct&session=T&sp=Sbc1zLkAaVu40vqim%2FglzQQ%3D%3D
1356,2025_EB_606517_1,[supply of ereosion protection shield straight bend and clamp suitable for LTSH Backpass super heater screen tube and water wall screen tubes],19-Sep-2025 05:00 PM,TNEB Limited||TANGEDCO||CE-NCTPS-II - TANGEDCO||SE-Purchase and Administration-NCTPS-II - TANGEDCO,03-Oct-2025 02:00 PM,https://etender.up.nic.in/nicgep/app?component=%24DirectLink_0&page=FrontEndAdvancedSearchResult&service=direct&session=T&sp=SurxtDk%2FibvZ6ZRwEjitxuw%3D%3D
1357,2025_DTP_608194_1,[2025-26 15th FC Tied 2nd Installment  Pudupalayam Town Panchayat],24-Sep-2025 09:00 AM,"Directorate of Town Panchayats||Vellore Zone||Pudupalayam Town Panchayat, Tiruvannamalai",30-Sep-2025 03:00 PM,https://etender.up.nic.in/nicgep/app?component=%24DirectLink_0&page=FrontEndAdvancedSearchResult&service=direct&session=T&sp=S3HZpw1jJF%2FCRJw5bwov5fA%3D%3D
1358,2025_RDTN_608894_1,[Krishnagiri District Shoolagiri Block under the Scheme Union General Fund_2025_26 Construction of Culvert in Sandarasettipalli to Narasimmaswamy Kovil Road in Athimugam  Panchayat Package No_2025_26_SGI_53],25-Sep-2025 06:50 PM,"Rural Development and Panchayat Raj Department||Krishnagiri,RD,TN||SOOLAGIRI, KRISHNAGIRI,RD,TN",07-Oct-2025 03:00 PM,https://etender.up.nic.in/nicgep/app?component=%24DirectLink_0&page=FrontEndAdvancedSearchResult&service=direct&session=T&sp=SCogXVazZfVKLq4X5qMsYUw%3D%3D
1359,2025_MAWS_605451_34,[CUDDALORE CORPORATION -  ReConstruction of Storm Water Drain and Culvert at velli vinayagar kovil street and other areas in ward no 35 in cuddalore corporation	],19-Sep-2025 02:00 PM,MAWS||Cuddalore Municipality,30-Sep-2025 03:00 PM,https://etender.up.nic.in/nicgep/app?component=%24DirectLink_0&page=FrontEndAdvancedSearchResult&service=direct&session=T&sp=Sp634q3O%2BL5oo0x2cbIZClw%3D%3D
1360,2025_RDTN_606489_1,[PROVIDING PAVER BLOCK FROM ANAIKARAIPATTI ROAD TO A.VADIPATTI ROAD AT GULLAPURAM IN GULLAPURAM PANCHAYAT],19-Sep-2025 05:00 PM,"Rural Development and Panchayat Raj Department||Theni,RD,TN||PERIYAKULAM - VP, THENI,RD,TN",30-Sep-2025 03:00 PM,https://etender.up.nic.in/nicgep/app?component=%24DirectLink_0&page=FrontEndAdvancedSearchResult&service=direct&session=T&sp=Sayi%2FncdJWqB3tQcFwaRmvQ%3D%3D
1361,2025_HRCE_608734_1,"[Providing Stainless steel queue line barriers for queueline and Granite seating arrangement at Queue complex of Arulmigu Bhavani Amman Temple, Periyapalayam, Uthukottai Taluk, Thiruvallur District.]",25-Sep-2025 04:00 PM,Hindu Religious and Charitable Endowments||Joint Commissioner office - Vellore||Arulmigu Bhavani amman Temple - Periyapalayam,09-Oct-2025 02:00 PM,https://etender.up.nic.in/nicgep/app?component=%24DirectLink_0&page=FrontEndAdvancedSearchResult&service=direct&session=T&sp=SWTDdn%2FGIHUEE%2BVPVkQso3w%3D%3D
1362,2025_EB_602403_1,[Provision of One number Petrol (fuel cost on par with diesel rate) / Diesel Driven / Van / Jeep / vehicle for the Official use of the Executive Engineer/Enforcement/Madurai on daily hire basis for a period of Two Years with 7 years registration.],10-Sep-2025 02:00 PM,TNEB Limited||TANGEDCO||CE-Distribution-Madurai - TANGEDCO||SE-Madurai - TANGEDCO,03-Oct-2025 02:30 PM,https://tntenders.gov.in/nicgep/app?component=%24DirectLink&page=FrontEndLatestActiveCorrigendums&service=direct&session=T&sp=SuO1f73L8yDQe4xB9Bo5%2B9g%3D%3D
1363,2025_HWAY_605947_1,[Special Repairs to the Government roads in Mannargudi H CandM sub division Jurisdiction TNJ95],18-Sep-2025 06:45 PM,Highways||Construction and Maintenance Wing||Thanjavur Circle,07-Oct-2025 11:30 AM,https://etender.up.nic.in/nicgep/app?component=%24DirectLink_0&page=FrontEndAdvancedSearchResult&service=direct&session=T&sp=Sb2vt9quXklAIsBFwz3ZWyA%3D%3D
1364,2025_RDTN_606726_1,[Tirupathur District 15th CFC 2025-2026 DP Providing of Extension Pipeline work at Jet Vattam in Thimmampet Panchayt Package No.01],20-Sep-2025 11:00 AM,Rural Development and Panchayat Raj Department||Tirupathur RD TN||Natrampalli Tirupathur RD TN,30-Sep-2025 03:00 PM,https://etender.up.nic.in/nicgep/app?component=%24DirectLink_0&page=FrontEndAdvancedSearchResult&service=direct&session=T&sp=SOdwHj%2FuFRJYC3NqieNQpkA%3D%3D
1365,2025_RDTN_608708_1,[CONSTRUCTION OF STOREROOM CUM KITCHENSHED AT ADIDRAVIDAR PRIMARY SCHOOL AT ELKHILL],25-Sep-2025 02:00 PM,"Rural Development and Panchayat Raj Department||The Nilgiris,RD,TN||UTHAGAMANDALAM, THE NILGIRIS,RD,TN",30-Sep-2025 03:00 PM,https://etender.up.nic.in/nicgep/app?component=%24DirectLink_0&page=FrontEndAdvancedSearchResult&service=direct&session=T&sp=SWXtWBVg79vKo785LRr7UGw%3D%3D
1366,2025_RDTN_608767_1,[Vellore district Dismantling of RCC School building at Allivaram penathur Town Panchayat in Kaniyambadi Block General Fund 2025-26 PACKAGE NO 22],25-Sep-2025 04:00 PM,"Rural Development and Panchayat Raj Department||Vellore,RD,TN||KANIAMBADI, VELLORE,RD,TN",10-Oct-2025 03:00 PM,https://etender.up.nic.in/nicgep/app?component=%24DirectLink_0&page=FrontEndAdvancedSearchResult&service=direct&session=T&sp=ShMg2f49hHNqmbRQT47BqpQ%3D%3D
1367,2025_DTP_609917_1,[15th FINANCE SCHEME 2025 2026 II Phase Construction of Drainage from Ward 10 Library Street at C Pudupatti Town Panchayat],29-Sep-2025 09:00 AM,Directorate of Town Panchayats||Theni Zone||Pudupatti Town Panchayat - Theni,30-Sep-2025 06:00 PM,https://etender.up.nic.in/nicgep/app?component=%24DirectLink_0&page=FrontEndAdvancedSearchResult&service=direct&session=T&sp=SCVc4CCBooWuoI75uYhP2lw%3D%3D
1368,2025_DoTE_609987_1,[Supply of Window Curtain with accessories for ECE Dept],29-Sep-2025 04:00 PM,"Directorate of Technical Education||Govt. Polytechnic College - DOTE||Govt. Polytechnic College, coimbatore",13-Oct-2025 02:00 PM,https://etender.up.nic.in/nicgep/app?component=%24DirectLink_0&page=FrontEndAdvancedSearchResult&service=direct&session=T&sp=S2h5HsWPyqsOufe1LFC06Jg%3D%3D
1369,2025_CoC_608401_1,"[Laying of PVC Pipe at Gandhi Street in Division- 92, Unit- 20, Zone-7.]",24-Sep-2025 06:00 PM,"Corporation of Chennai||Regional office Central ,CoC",06-Oct-2025 03:00 PM,https://etender.up.nic.in/nicgep/app?component=%24DirectLink_0&page=FrontEndAdvancedSearchResult&service=direct&session=T&sp=ST2RY5OJvJz6Eqr6F2R%2B%2FyQ%3D%3D
1370,2025_HWAY_603642_1,[VPM-103-CRIDP 2025-26],18-Sep-2025 10:00 AM,Highways||Construction and Maintenance Wing||Villupuram Circle,15-Oct-2025 12:00 PM,https://etender.up.nic.in/nicgep/app?component=%24DirectLink_0&page=FrontEndAdvancedSearchResult&service=direct&session=T&sp=SscBS2ct8uCtemdfWp2Gilg%3D%3D
1371,2025_EB_607167_1,[Works Contract for rural panapakkam section.],22-Sep-2025 09:00 AM,TNEB Limited||TANGEDCO||CE-Distribution-Vellore - TANGEDCO||SE-Vellore - TANGEDCO,06-Oct-2025 02:00 PM,https://etender.up.nic.in/nicgep/app?component=%24DirectLink_0&page=FrontEndAdvancedSearchResult&service=direct&session=T&sp=ShdwIgP65zQ2nJYn2fJ6B0A%3D%3D
1372,2025_HWAY_583067_1,[TN.24/Sl.No.05/TVLR/CRIDP Work 2025-26],30-Aug-2025 06:55 PM,Highways||Construction and Maintenance Wing||Chennai Circle,30-Sep-2025 11:00 AM,https://etender.up.nic.in/nicgep/app?component=%24DirectLink_0&page=FrontEndAdvancedSearchResult&service=direct&session=T&sp=SXTcIsH%2BFb0FpEnu2DVDFvg%3D%3D
1373,2025_RDTN_609345_1,[Dismantling of School Building at Mullur village and Panchayat],26-Sep-2025 06:10 PM,"Rural Development and Panchayat Raj Department||Thoothukudi,RD,TN||OTTAPIDARAM, THOOTHUKUDI,RD,TN",01-Oct-2025 06:20 PM,https://etender.up.nic.in/nicgep/app?component=%24DirectLink_0&page=FrontEndAdvancedSearchResult&service=direct&session=T&sp=SQda%2FPmCHHqqWA5eObeM93g%3D%3D
1374,2025_MAWS_609883_1,[Construction of Culvert at Ward No.6  Vanitha Kalvi Nilayam Street in Kangeyam Municipality],29-Sep-2025 09:00 AM,MAWS||Kangeyam Municipality,30-Sep-2025 03:00 PM,https://etender.up.nic.in/nicgep/app?component=%24DirectLink_0&page=FrontEndAdvancedSearchResult&service=direct&session=T&sp=SLsw%2FQxZaXJKz7m9LUzpuQg%3D%3D
1375,2025_CoC_609806_1,"[Providing and supplying Gym Equipments to the Gym Building at 90th Street, Ashok Nagar and 15th Sector 98th Street in Div-135, Unit-31, Zone-10 (Under T.Nagar MLA Fund)]",27-Sep-2025 06:55 PM,"Corporation of Chennai||Regional office Central ,CoC",06-Oct-2025 03:00 PM,https://etender.up.nic.in/nicgep/app?component=%24DirectLink_0&page=FrontEndAdvancedSearchResult&service=direct&session=T&sp=SGiGg1VQQ1G8du0PmZ2n4HA%3D%3D
1376,2025_MAWS_609510_1,[EAUCTION FOR WEEKLY MARKET SHOP NO 31],27-Sep-2025 01:00 PM,MAWS||Vellakoil Municipality,10-Oct-2025 11:00 AM,https://etender.up.nic.in/nicgep/app?component=%24DirectLink_0&page=FrontEndAdvancedSearchResult&service=direct&session=T&sp=SBnvzdMrmGaC1g5T4BjpW%2Bw%3D%3D
1377,2025_RDTN_602646_1,[Construction of Bus shelter at Veeramangalam Panchayat Office Near in VEERAMANGALAM Panchayat. ],10-Sep-2025 06:45 PM,"Rural Development and Panchayat Raj Department||Pudhukottai,RD,TN||AVUDAYARKOIL - VP, PUDUKKOTTAI,RD,TN",08-Oct-2025 03:00 PM,https://tntenders.gov.in/nicgep/app?component=%24DirectLink&page=FrontEndLatestActiveCorrigendums&service=direct&session=T&sp=Sc%2BezKklccJzjRSfsrq0C3g%3D%3D
1378,2025_EB_605509_1,[supply of   Rain Coat   ],18-Sep-2025 06:55 PM,TNEB Limited||TANGEDCO||CE-Tirunelveli - TANGEDCO||SE-Kannyakumari - TANGEDCO,03-Oct-2025 02:00 PM,https://etender.up.nic.in/nicgep/app?component=%24DirectLink_0&page=FrontEndAdvancedSearchResult&service=direct&session=T&sp=S6a3jsRojVPFcFI9zNkhnhg%3D%3D
1379,2025_DTP_608190_1,[2025-26 15th FC Tied 2nd Installment  Pudupalayam Town Panchayat],24-Sep-2025 09:00 AM,"Directorate of Town Panchayats||Vellore Zone||Pudupalayam Town Panchayat, Tiruvannamalai",30-Sep-2025 03:00 PM,https://etender.up.nic.in/nicgep/app?component=%24DirectLink_0&page=FrontEndAdvancedSearchResult&service=direct&session=T&sp=StR36hH3p6ujeNcFvHyq19w%3D%3D
1380,2025_EB_602020_1,[SE/CEDC/SOUTH/CBE/No.03/25-26],09-Sep-2025 03:00 PM,TNEB Limited||TANGEDCO||CE-Distribution-Coimbatore - TANGEDCO||SE-Coimbatore-South - TANGEDCO,09-Oct-2025 02:00 PM,https://tntenders.gov.in/nicgep/app?component=%24DirectLink&page=FrontEndLatestActiveCorrigendums&service=direct&session=T&sp=SyukwH90dO%2FODVVfGL56qtA%3D%3D
1381,2025_HWAY_600361_1,[TN.46/Sl.No.02/KPM/CRIDP Work 2025-26],24-Sep-2025 06:30 PM,Highways||Construction and Maintenance Wing||Chennai Circle,16-Oct-2025 10:15 AM,https://etender.up.nic.in/nicgep/app?component=%24DirectLink_0&page=FrontEndAdvancedSearchResult&service=direct&session=T&sp=SN6DQbKfwC5dqSVFVrFwrjA%3D%3D
1382,2025_CoC_607336_1,"[New construction of SWD of Size 900x900 mm at Valleswaran Koil St , Demolition and Reconstr of SWD of size 900x900mm at Dr. Ambedkar Nagar 2nd Main Road and Nehru Colony 9thSt and Nehru Colony 16th St in Dn 157 and 164, Zone 12.]",25-Sep-2025 06:00 PM,"Corporation of Chennai||Regional office South,CoC",03-Oct-2025 03:00 PM,https://etender.up.nic.in/nicgep/app?component=%24DirectLink_0&page=FrontEndAdvancedSearchResult&service=direct&session=T&sp=Ssn7kMT8Vv1w4YZ8u%2FngfAA%3D%3D
1383,2025_DoTE_602550_1,[PURCHASE OF BOOKS],10-Sep-2025 06:00 PM,Directorate of Technical Education||Govt. Engineering College - DOTE||Government College of Engineering - Bargur,09-Oct-2025 06:00 PM,https://etender.up.nic.in/nicgep/app?component=%24DirectLink_0&page=FrontEndAdvancedSearchResult&service=direct&session=T&sp=Sr%2BwYvtmlgSwJR01zG5AZBw%3D%3D
1384,2025_HRCE_551342_1,"[Repair,Renovation, and Reconstruction work  for Arulmigu Venkatachalapathy  Temple Pallakal Puthukudi, Ambasamudram Taluk, Tirunelveli District]",30-Apr-2025 11:00 AM,Hindu Religious and Charitable Endowments||Joint Commissioner office - Tirunelveli||Arulmigu Venkatachalapathy Temple-Pallakkal,30-Sep-2025 02:00 PM,https://tntenders.gov.in/nicgep/app?component=%24DirectLink&page=FrontEndLatestActiveCorrigendums&service=direct&session=T&sp=SuPK%2BUIYn%2BuM%2Fg1xrn4Zmhg%3D%3D
1385,2025_MAWS_607238_1,[GENERAL FUND-2025-2026-Repair and Maintanace of Drain at Ward No.26 Kulalapuram  in Karamadai Municipality.],22-Sep-2025 09:00 AM,MAWS||Karamadai Municipality,30-Sep-2025 03:00 PM,https://etender.up.nic.in/nicgep/app?component=%24DirectLink_0&page=FrontEndAdvancedSearchResult&service=direct&session=T&sp=SEdu0pNfO5lxY6bPNcYxfDg%3D%3D
1386,2025_RDTN_610113_1,[Vellore District Construction of  Retaining Wall (From Raja House to Mohan House) at Ramapuarm in Chinnalapalli Panchayat of Gudiyatham Block 15th CFC (BP) 2025 -2026 Package no 14],29-Sep-2025 04:00 PM,"Rural Development and Panchayat Raj Department||Vellore,RD,TN||GUDIYATHAM, VELLORE,RD,TN",09-Oct-2025 03:00 PM,https://etender.up.nic.in/nicgep/app?component=%24DirectLink_0&page=FrontEndAdvancedSearchResult&service=direct&session=T&sp=S2nL0eUyrQ%2B4hKlrYF8HeIg%3D%3D
1387,2025_HWAY_603708_1,[VPM-097-CRIDP 2025-26],18-Sep-2025 10:00 AM,Highways||Construction and Maintenance Wing||Villupuram Circle,15-Oct-2025 12:00 PM,https://etender.up.nic.in/nicgep/app?component=%24DirectLink_0&page=FrontEndAdvancedSearchResult&service=direct&session=T&sp=SeEK6ClFJHBmKyBFwmHaktQ%3D%3D
1388,2025_HWAY_603698_1,[Construction of High level Bridge at Km 2/10 of Sennivanam - Kadugur road in lieu of existing causeway],15-Sep-2025 10:00 AM,Highways||NABARD and Rural Roads||Trichy,07-Oct-2025 11:00 AM,https://etender.up.nic.in/nicgep/app?component=%24DirectLink_0&page=FrontEndAdvancedSearchResult&service=direct&session=T&sp=SwAj3vRcH6T%2F2cf%2BNPrCitQ%3D%3D
1389,2025_EB_605280_1,"[Construction of control room building wih Electrification works,Bore well, Providing Transformer Plinth and various SS structures Plinth foundation, Cable duct,  and allied civil works for 33/11 KV SS at Attupakkam in Vellore EDC]",23-Sep-2025 02:00 PM,TNEB Limited||TANGEDCO||CE-Distribution-Vellore - TANGEDCO,23-Oct-2025 05:00 PM,https://etender.up.nic.in/nicgep/app?component=%24DirectLink_0&page=FrontEndAdvancedSearchResult&service=direct&session=T&sp=Smv%2Br8AMKI1EaDXJnf5Oyqg%3D%3D
1390,2025_HWAY_604653_1,[Restoration Works -2025-26],17-Sep-2025 06:30 PM,Highways||Construction and Maintenance Wing||Coimbatore Circle||Coimbatore,03-Oct-2025 03:00 PM,https://etender.up.nic.in/nicgep/app?component=%24DirectLink_0&page=FrontEndAdvancedSearchResult&service=direct&session=T&sp=SqIxBCs4zBBYcu0EeBIeQVw%3D%3D
1391,2025_EB_608169_1,"[ICHP- Replacement of worn out stringer channel,, vertical supporting angle to a length of 25 mtrs.  from tail end area of Conveyor-28B]",24-Sep-2025 09:00 AM,TNEB Limited||TANGEDCO||CE-TTPS - TANGEDCO||SE-Mechanical Maintenance I-TTPS - TANGEDCO,09-Oct-2025 02:00 PM,https://etender.up.nic.in/nicgep/app?component=%24DirectLink_0&page=FrontEndAdvancedSearchResult&service=direct&session=T&sp=S8kUcpObw7eOYogARDSSElg%3D%3D
1392,2025_DTP_609615_1,[2025-26 15TH SFC MUTHUPET TP Purchase Of TATA ACE With Hydraulic Tipper ],27-Sep-2025 03:00 PM,"Directorate of Town Panchayats||Thanjavur Zone||Muthupet Town Panchayat, Thiruvarur",30-Sep-2025 03:00 PM,https://etender.up.nic.in/nicgep/app?component=%24DirectLink_0&page=FrontEndAdvancedSearchResult&service=direct&session=T&sp=Skl8f4E%2FGbf5rV1etx47hCQ%3D%3D
1393,2025_HWAY_605253_1,[Construction of High level bridge at km 2/6 of S.Naraiyur road in lieu of existing causeway],20-Sep-2025 09:00 AM,Highways||NABARD and Rural Roads||Chengalpattu,07-Oct-2025 12:00 PM,https://etender.up.nic.in/nicgep/app?component=%24DirectLink_0&page=FrontEndAdvancedSearchResult&service=direct&session=T&sp=SYje20MMkLSYw7yh9VTvEJA%3D%3D
1394,2025_TNHB_603592_1,[Sales of Commercial Plots at Kilmudalambedu Phase II],15-Sep-2025 11:00 AM,Tamil Nadu Housing Board||Project Circle (City)||Special Project Division I,15-Oct-2025 11:30 AM,https://etender.up.nic.in/nicgep/app?component=%24DirectLink_0&page=FrontEndAdvancedSearchResult&service=direct&session=T&sp=SkGcksqCZTVIHsBSS0lms9g%3D%3D
1395,2025_HWAY_606738_1,[VPM-114-CRIDP 2025-26],25-Sep-2025 10:00 AM,Highways||Construction and Maintenance Wing||Villupuram Circle,15-Oct-2025 12:00 PM,https://etender.up.nic.in/nicgep/app?component=%24DirectLink_0&page=FrontEndAdvancedSearchResult&service=direct&session=T&sp=SUSR7VbF4fbYDqjMwhmxRpA%3D%3D
1396,2025_HRCE_594769_1,"[Repair and Renovation works in Arulmigu Karpaga Vinayagar Thirukovil, Veeravanallur, Thovalai Taluk and Kanniyakumari District.]",20-Aug-2025 03:00 PM,Hindu Religious and Charitable Endowments||Joint Commissioner office - Tirunelveli||Arulmigu Karpaga Vinayagar Temple - Veeravanallur,10-Oct-2025 02:00 PM,https://tntenders.gov.in/nicgep/app?component=%24DirectLink&page=FrontEndLatestActiveCorrigendums&service=direct&session=T&sp=S6tCGLaE225evG6gRS83g6w%3D%3D
1397,2025_EB_608884_1,[MTPS I BM Unit III Boiler Pressure parts AOH 2025 Maintenance of Burners and replacement of worn out fasteners at cover plates],25-Sep-2025 06:20 PM,TNEB Limited||TANGEDCO||CE-MTPS-I - TANGEDCO||SE-Mechanical Maintenance I-MTPS-I - TANGEDCO,09-Oct-2025 02:00 PM,https://etender.up.nic.in/nicgep/app?component=%24DirectLink_0&page=FrontEndAdvancedSearchResult&service=direct&session=T&sp=SpkhMOsWfyCSheWzOwpzKMA%3D%3D
1398,2025_DTP_609792_1,[Restoration Of Patchwork in Vadugapatti Town Panchayat Under General Fund 2025-2026],27-Sep-2025 06:40 PM,Directorate of Town Panchayats||Theni Zone||Vadugapatti Town Panchayat - Theni,30-Sep-2025 03:00 PM,https://etender.up.nic.in/nicgep/app?component=%24DirectLink_0&page=FrontEndAdvancedSearchResult&service=direct&session=T&sp=S6TiNcYZCo%2BFbZ%2FWB76opTw%3D%3D
1399,2025_EB_606561_1,"[Supply, Fabrication and Erection of GI steel structures, earthing materials,  etc., for introduction of 33 KV Ratio at existing Vanjipalayam 110KV SS]",19-Sep-2025 05:00 PM,TNEB Limited||TANTRANSCO||CE-Transmission Projects-II-Trichy - TANTRANSCO,06-Oct-2025 11:00 AM,https://etender.up.nic.in/nicgep/app?component=%24DirectLink_0&page=FrontEndAdvancedSearchResult&service=direct&session=T&sp=SWQGm671aWY%2FiD0JueS8VlA%3D%3D
1400,2025_PWD_605181_1,[Construction of  Sub Registrar office building at Tiruchuli in Tiruchuli Taluk of Virudhunagar District],18-Sep-2025 11:30 AM,"PWD||PWD CE buildings||Chief Engineer - Madurai Region - Madurai||Buildings (C and M) Circle, Sivagangai||Buildings (C and M) Division, Sivagangai",07-Oct-2025 03:00 PM,https://etender.up.nic.in/nicgep/app?component=%24DirectLink_0&page=FrontEndAdvancedSearchResult&service=direct&session=T&sp=STC2po8PWreXlL9Q7%2BbxPow%3D%3D
1401,2025_DTP_609539_1,[General Fund 2025-26-Resotration Of Patchwork in Uthamapalayam Town Panchayat],27-Sep-2025 01:00 PM,Directorate of Town Panchayats||Theni Zone||Uthamapalayam Town Panchayat - Theni,06-Oct-2025 03:00 PM,https://etender.up.nic.in/nicgep/app?component=%24DirectLink_0&page=FrontEndAdvancedSearchResult&service=direct&session=T&sp=SCLzQwzyi9f9cx1XcBkO92Q%3D%3D
1402,2025_HWAY_605228_1,[Construction of High level bridge at Km 3/4 of S.Kothamangalam - Anilady road (via) Keelvailamur in lieu of existing causeway],20-Sep-2025 09:00 AM,Highways||NABARD and Rural Roads||Chengalpattu,07-Oct-2025 12:00 PM,https://etender.up.nic.in/nicgep/app?component=%24DirectLink_0&page=FrontEndAdvancedSearchResult&service=direct&session=T&sp=S0zrIV%2Fm1MT5SU3z4LizLKQ%3D%3D
1403,2025_MAWS_608079_1,[Providing SMP colony community hall entrance new shed and paver block at SMP colony community hall in ward 34],24-Sep-2025 06:55 PM,MAWS||Madurai Municipal Corporation,06-Oct-2025 03:00 PM,https://etender.up.nic.in/nicgep/app?component=%24DirectLink_0&page=FrontEndAdvancedSearchResult&service=direct&session=T&sp=SDwkRSM9x%2B6SNsi%2B95HLrTw%3D%3D
1404,2025_HWAY_606737_1,[TN No 44 2025 26 HDO Dt 06 09 2025 TVM 129],22-Sep-2025 11:00 AM,Highways||Construction and Maintenance Wing||Tiruvannamalai Circle,16-Oct-2025 11:00 AM,https://etender.up.nic.in/nicgep/app?component=%24DirectLink_0&page=FrontEndAdvancedSearchResult&service=direct&session=T&sp=SowV0eLm5XM76Hq5QOvcgiQ%3D%3D
1405,2025_CWDA_606725_1,[Purchase of Computers and Printers for 28 Sub Divisional One Stop Centres.],20-Sep-2025 11:00 AM,Commissionerate for Welfare of the Differently Abled,30-Oct-2025 03:00 PM,https://etender.up.nic.in/nicgep/app?component=%24DirectLink_0&page=FrontEndAdvancedSearchResult&service=direct&session=T&sp=Sw4T1yhO2wkTVVNGde5jr5Q%3D%3D
1406,2025_RDTN_608071_1,[Providing Basic infrastructure works at Kasthambadi Camps in Polur Block Package No. TVM/2025-26/186 of Tiruvannamalai District],23-Sep-2025 06:55 PM,"Rural Development and Panchayat Raj Department||Tiruvannamalai,RD,TN",03-Oct-2025 03:00 PM,https://tntenders.gov.in/nicgep/app?component=%24DirectLink&page=FrontEndLatestActiveCorrigendums&service=direct&session=T&sp=Svhv8AvqB6Q%2BGHURf22NLhQ%3D%3D
1407,2025_EB_608422_1,[Repair work to the slab and parapet wall in ash water storage tank of Unit_I and II at NCTPS_I premises],24-Sep-2025 06:00 PM,TNEB Limited||TANGEDCO||CE-NCTPS-I - TANGEDCO||SE-Civil Maintenance-NCTPS-I - TANGEDCO,08-Oct-2025 02:00 PM,https://etender.up.nic.in/nicgep/app?component=%24DirectLink_0&page=FrontEndAdvancedSearchResult&service=direct&session=T&sp=SEl4nl1ox1VqMbX%2BzJlOnaw%3D%3D
1408,2025_RDTN_609752_1,[Vellore District Construction of  Kitchen Shed (Type-II) at  PUM School in Erthangal Panchayat at Gudiyatham Block PRMGRST 2025-26 Package No 01],27-Sep-2025 05:20 PM,"Rural Development and Panchayat Raj Department||Vellore,RD,TN||GUDIYATHAM - VP, VELLORE,RD,TN",30-Sep-2025 03:00 PM,https://etender.up.nic.in/nicgep/app?component=%24DirectLink_0&page=FrontEndAdvancedSearchResult&service=direct&session=T&sp=Sdt4T6yW0aLLHZcPv8kQVbg%3D%3D
1409,2025_MAWS_608468_1,[Tcmc_Providing Shed at Masiniyamman Kovil Street in Ward No.29],24-Sep-2025 06:00 PM,MAWS||Trippur City Municipal Corporation,08-Oct-2025 03:00 PM,https://tntenders.gov.in/nicgep/app?component=%24DirectLink&page=FrontEndLatestActiveCorrigendums&service=direct&session=T&sp=SNQIgkdnnDfQTQxq9%2B%2FL6mA%3D%3D
1410,2025_RDTN_608722_1,[A3/2512/2025],26-Sep-2025 09:00 AM,Rural Development and Panchayat Raj Department||Tirupathur RD TN||Jolarpet Tirupathur RD TN,06-Oct-2025 03:00 PM,https://etender.up.nic.in/nicgep/app?component=%24DirectLink_0&page=FrontEndAdvancedSearchResult&service=direct&session=T&sp=ScczoPhLx98sn7vb3%2FqoxJw%3D%3D
1411,2025_MAWS_606774_1,[Construction of Compound wall and Granite Bench at o Vellore New Bus stand near Burial Ground Front side  in Ward No.17 in Vellore Corporation.],20-Sep-2025 01:00 PM,MAWS||Vellore City Municipal Corporation,06-Oct-2025 03:00 PM,https://etender.up.nic.in/nicgep/app?component=%24DirectLink_0&page=FrontEndAdvancedSearchResult&service=direct&session=T&sp=Sc%2BW3QaUXOiSh2eZt1SC6hw%3D%3D
1412,2025_DoTE_607535_1,[Power Electronics Lab Equipments],22-Sep-2025 06:00 PM,"Directorate of Technical Education||Govt. Polytechnic College - DOTE||Central Polytechnic College, Tharamani",10-Oct-2025 03:00 PM,https://etender.up.nic.in/nicgep/app?component=%24DirectLink_0&page=FrontEndAdvancedSearchResult&service=direct&session=T&sp=Sgf00hIKLxLun3u20zxxA2w%3D%3D
1413,2025_EB_599776_1,"[Spec.no.22-II/25-26,hiring of Vehicle to Executive Engineer/OM/Sholinganallur for a period of three years from the date of receipt of award of contract under open tender]",02-Sep-2025 05:15 PM,TNEB Limited||TANGEDCO||CE-Distribution-Chennai-South - TANGEDCO||SE-South II-Chennai - TANGEDCO,06-Oct-2025 12:00 PM,https://tntenders.gov.in/nicgep/app?component=%24DirectLink&page=FrontEndLatestActiveCorrigendums&service=direct&session=T&sp=SixFBEURBsWZgR6mUXaR%2FsQ%3D%3D
1414,2025_TCMPF_607532_1,"[Contract work for milk sachets checking, stacking of milk sachets in plastic tubs and its related works at sholingnallur dairy for the year 2026-2028]",22-Sep-2025 06:55 PM,"Tamilnadu Co-op Milk Producers Federation Ltd.||Sholinganallur Dairy-JMD Unit,TCMPF",27-Oct-2025 03:00 PM,https://etender.up.nic.in/nicgep/app?component=%24DirectLink_0&page=FrontEndAdvancedSearchResult&service=direct&session=T&sp=SwzNLhAABMnurDhS0HLGTVg%3D%3D
1415,2025_MAWS_605451_29,[CUDDALORE CORPORATION -   Providing Distrubution Line at  Iyyanar Kovil Thittu Pandurangan nagar in Ward no 29],18-Sep-2025 06:00 PM,MAWS||Cuddalore Municipality,30-Sep-2025 03:00 PM,https://etender.up.nic.in/nicgep/app?component=%24DirectLink_0&page=FrontEndAdvancedSearchResult&service=direct&session=T&sp=SIFVRUy2TQ1ctDGxYChUFVQ%3D%3D
1416,2025_MAWS_609821_1,[Maintenance work for Head work Boosters at Usilampatti Municipality],29-Sep-2025 09:00 AM,MAWS||Tirumangalam Municipality,06-Oct-2025 03:00 PM,https://etender.up.nic.in/nicgep/app?component=%24DirectLink_0&page=FrontEndAdvancedSearchResult&service=direct&session=T&sp=SQTrwd3iIU2%2Bhcy08osKF4w%3D%3D
1417,2025_TNPL_604855_1,[Chipping of Bamboo Wood Using Contractor Owned Chipper at Forestry Department in TNPL Unit 1],17-Sep-2025 01:30 PM,Tamilnadu Newsprint and Papers Limited||TNPL Unit-1||TNPL TOS,03-Oct-2025 03:00 PM,https://tntenders.gov.in/nicgep/app?component=%24DirectLink&page=FrontEndLatestActiveCorrigendums&service=direct&session=T&sp=Sz5qzP39UtFtyS%2FJAGSA%2FNA%3D%3D
1418,2025_TNPL_607422_1,[PROVIDING DINING FACILITY FOR WTP AREA AT TNPL UNIT II TRICHY],22-Sep-2025 06:00 PM,Tamilnadu Newsprint and Papers Limited||TNPL Unit-2||TNPL TOS,06-Oct-2025 03:00 PM,https://etender.up.nic.in/nicgep/app?component=%24DirectLink_0&page=FrontEndAdvancedSearchResult&service=direct&session=T&sp=SAEe%2BQhL2nAUF449CfDQRiA%3D%3D
1419,2025_HWAY_606849_1,[TN No 45 2025 26 HDO Dt 08 09 2025 TVM 133],22-Sep-2025 11:00 AM,Highways||Construction and Maintenance Wing||Tiruvannamalai Circle,16-Oct-2025 11:00 AM,https://etender.up.nic.in/nicgep/app?component=%24DirectLink_0&page=FrontEndAdvancedSearchResult&service=direct&session=T&sp=S%2BzKYuAvu3jxMBgWfiyaijw%3D%3D
1420,2025_SIPCT_600042_2,"[Engagement of Consultant to act as a Project Management Consultant (PMC) for Infrastructure Development of PM MITRA Park in Virudhunagar, Tamil Nadu]",27-Sep-2025 02:15 PM,State Industries Promotion Corporation Of TamilNadu||Civil,08-Oct-2025 03:30 PM,https://tntenders.gov.in/nicgep/app?component=%24DirectLink&page=FrontEndLatestActiveCorrigendums&service=direct&session=T&sp=S9v6rAIrwxioUnkgLUUZ%2Btw%3D%3D
1421,2025_PWD_598339_2,[Construction of 4 Classroom building 1 Boys Toilet and 1 Girls Toilet in Government High School at Appanoor in Ramanathapuram District.],12-Sep-2025 06:55 PM,"PWD||PWD CE buildings||Chief Engineer - Madurai Region - Madurai||Buildings (C and M) Circle, Sivagangai||Buildings (C and M) Division, Sivagangai",06-Oct-2025 03:00 PM,https://tntenders.gov.in/nicgep/app?component=%24DirectLink&page=FrontEndLatestActiveCorrigendums&service=direct&session=T&sp=SkQOUOOWZ%2FxzB%2FUgBG1Oe6Q%3D%3D
1422,2025_WRD_598228_1,[Construction of Cut and Cover channel to divert sewage water from Vandranthangal surplus course to Tharapadavedu surplus course in Katpadi Taluk of Vellore District],29-Aug-2025 09:00 AM,Water Resources Department||CE WRD Chennai Region - Chennai||SE Upper Palar Basin Circle WRD - Vellore,07-Oct-2025 03:00 PM,https://tntenders.gov.in/nicgep/app?component=%24DirectLink&page=FrontEndLatestActiveCorrigendums&service=direct&session=T&sp=S6I9Xj3No4pqu4nXJjbarPw%3D%3D
1423,2025_HRCE_607008_1,[Sri Pandaram Paniyarapodu Chathirapodu Prasadha Stall Licence],22-Sep-2025 11:00 AM,Hindu Religious and Charitable Endowments||Joint Commissioner office - Trichy||Arulmigu Aranganathswamy Temple - Srirangam,07-Oct-2025 11:00 AM,https://etender.up.nic.in/nicgep/app?component=%24DirectLink_0&page=FrontEndAdvancedSearchResult&service=direct&session=T&sp=S%2BSGJiNyCkUSZla9SQ5ueeQ%3D%3D
1424,2025_HWAY_604690_1,[Restoration Works -2025-26],17-Sep-2025 06:30 PM,Highways||Construction and Maintenance Wing||Coimbatore Circle||Coimbatore,03-Oct-2025 03:00 PM,https://etender.up.nic.in/nicgep/app?component=%24DirectLink_0&page=FrontEndAdvancedSearchResult&service=direct&session=T&sp=SVd1lgliPHRiUX7fKwa4WUQ%3D%3D
1425,2025_DTP_607518_1,[Construction of Safety Wall at Ward No 15 Ethakovil Road Muncipal Court  in Aundipatt iTown Panchayat],22-Sep-2025 05:15 PM,Directorate of Town Panchayats||Theni Zone||Andipatti Town Panchayat - Theni,07-Oct-2025 03:00 PM,https://etender.up.nic.in/nicgep/app?component=%24DirectLink_0&page=FrontEndAdvancedSearchResult&service=direct&session=T&sp=S1zm74ya4EaUZ50qB4ROuwA%3D%3D
1426,2025_HRCE_571073_1,"[Arulmigu Vedhanayagi Udanurai Arulmigu Pushpavananatha Swamy Thirukoil. Vettamangalam, Pugalur Taluk, Karur ]",20-Jun-2025 09:00 AM,Hindu Religious and Charitable Endowments||Joint Commissioner office - Tirupur||Arulmigu Pushpavananathasamy Temple-Vettamangalam,15-Oct-2025 11:30 AM,https://tntenders.gov.in/nicgep/app?component=%24DirectLink&page=FrontEndLatestActiveCorrigendums&service=direct&session=T&sp=SCyDN1Z2L5R%2B7rdW51zJe2g%3D%3D
1427,2025_HWAY_606948_1,[TN No 46 2025 26 HDO Dt 09 09 2025 TVM 136],22-Sep-2025 11:00 AM,Highways||Construction and Maintenance Wing||Tiruvannamalai Circle,16-Oct-2025 11:00 AM,https://etender.up.nic.in/nicgep/app?component=%24DirectLink_0&page=FrontEndAdvancedSearchResult&service=direct&session=T&sp=SPonUf7DSNXGyzh2VLCYIrw%3D%3D
1428,2025_MAWS_609536_3,[ School Improvement Grant Operation and Maintenance works -2025-26 Retender],27-Sep-2025 01:00 PM,MAWS||Karur Municipality,30-Sep-2025 03:00 PM,https://etender.up.nic.in/nicgep/app?component=%24DirectLink_0&page=FrontEndAdvancedSearchResult&service=direct&session=T&sp=Sr%2BSDd9R%2BPYonMnINoWtdYg%3D%3D
1429,2025_DTP_604882_1,[Providing cement concrete to Padappakulam road in Kumarapuram Town Panchayat.],16-Sep-2025 06:35 PM,Directorate of Town Panchayats||Nagercoil Zone||Kumarapuram Town Panchayat,30-Sep-2025 03:00 PM,https://etender.up.nic.in/nicgep/app?component=%24DirectLink_0&page=FrontEndAdvancedSearchResult&service=direct&session=T&sp=Swz8u2dDv80jYVJXBPw3w3A%3D%3D
1430,2025_TNCSF_609700_1,[Purchase of fire wood old],27-Sep-2025 05:00 PM,Department of Sugar||DHARMAPURI DISTRICT COOPERATIVE  SUGAR MILLS LTD,06-Oct-2025 04:00 PM,https://etender.up.nic.in/nicgep/app?component=%24DirectLink_0&page=FrontEndAdvancedSearchResult&service=direct&session=T&sp=Svkh2f8iZu9tYA%2BjUXraKcw%3D%3D
1431,2025_EB_606232_1,[NUMERICAL OVER CURRENT PROTECTION RELAYS FOR LT SWITCHGEAR FEEDERS  ],19-Sep-2025 06:00 PM,TNEB Limited||TANGEDCO||CE-NCTPS-I - TANGEDCO||SE-Purchase and Administration-NCTPS-I - TANGEDCO,06-Oct-2025 02:00 PM,https://etender.up.nic.in/nicgep/app?component=%24DirectLink_0&page=FrontEndAdvancedSearchResult&service=direct&session=T&sp=SSpUB4rI%2F2zifLfTxUzHx9w%3D%3D
1432,2025_TNPL_605243_1,"[Replacement of suction and  delivery valves of Hot well pump 1,2,3 and 4,  Bed Ash Cooler Pump 1 and 2 in Boiler 7 and Replacement of Sealing Rope inside the Furnace in Boiler 6]",17-Sep-2025 06:30 PM,Tamilnadu Newsprint and Papers Limited||TNPL Unit-1||TNPL TOS,03-Oct-2025 03:00 PM,https://etender.up.nic.in/nicgep/app?component=%24DirectLink_0&page=FrontEndAdvancedSearchResult&service=direct&session=T&sp=SG7%2BfeFaHPohXGWHOfB%2Bizw%3D%3D
1433,2025_EB_606239_1,"[Execution of works contract for Capital, DCW, Improvement, HT/LT lines and DT maintenance works in Nanguneri Sub-Division of Rural-Tin Division in respect of Tirunelveli EDC for an amount of Rs.10 Lakhs (Incl.GST) for 12 months ]",19-Sep-2025 12:00 PM,TNEB Limited||TANGEDCO||CE-Tirunelveli - TANGEDCO||SE-Tirunelveli - TANGEDCO,03-Oct-2025 02:00 PM,https://etender.up.nic.in/nicgep/app?component=%24DirectLink_0&page=FrontEndAdvancedSearchResult&service=direct&session=T&sp=SQpWmQvlgqr9Y7BqCJutRKA%3D%3D
1434,2025_HWAY_606148_1,[TN 40 25 26 Dharapuram Division TPR 087],19-Sep-2025 05:30 PM,Highways||Construction and Maintenance Wing||Tiruppur Circle,09-Oct-2025 10:45 AM,https://etender.up.nic.in/nicgep/app?component=%24DirectLink_0&page=FrontEndAdvancedSearchResult&service=direct&session=T&sp=SGWscPT3dUem9RDj9Zm%2BTBg%3D%3D
1435,2025_DTP_606441_1,[2025-2026 15th Finance Scheme  Untied Grant IInd  Installment in Alwarthirunagari Town Panchayat],19-Sep-2025 03:15 PM,Directorate of Town Panchayats||Tirunelveli Zone||Alwarthirunagiri Town Panchayat,30-Sep-2025 03:00 PM,https://etender.up.nic.in/nicgep/app?component=%24DirectLink_0&page=FrontEndAdvancedSearchResult&service=direct&session=T&sp=SD4ubb%2BovIWZTW%2F37r%2FVDtg%3D%3D
1436,2025_DTP_609222_1,[206/2025 15th IInd Installment GI Pipe Line],26-Sep-2025 04:00 PM,"Directorate of Town Panchayats||Salem Zone||Seerapalli Town Panchayat, Namakkal",03-Oct-2025 03:00 PM,https://etender.up.nic.in/nicgep/app?component=%24DirectLink_0&page=FrontEndAdvancedSearchResult&service=direct&session=T&sp=S3Ybxlz1lKW0d3QoB49z%2FDQ%3D%3D
1437,2025_TNCSF_605502_1,[BAGASSE TRANSPORT WORK ],18-Sep-2025 11:20 AM,Department of Sugar||TIRUPATTUR COOPERATIVE SUGAR MILLS LTD,30-Sep-2025 12:00 PM,https://etender.up.nic.in/nicgep/app?component=%24DirectLink_0&page=FrontEndAdvancedSearchResult&service=direct&session=T&sp=SZ8iRtU2f%2FZIDpCkxYSFqWQ%3D%3D
1438,2025_DTP_606085_1,[15TH FINANCE 2025-26 IInd INSTALLMENT TIED],19-Sep-2025 09:00 AM,Directorate of Town Panchayats||Nagercoil Zone||Unnamalaikadai Town Panchayat,03-Oct-2025 03:00 PM,https://etender.up.nic.in/nicgep/app?component=%24DirectLink_0&page=FrontEndAdvancedSearchResult&service=direct&session=T&sp=SfZhldkW4IW%2FZL6ev94ETjA%3D%3D
1439,2025_HWAY_599714_1,[TN 26 25 26 Dharapuram Division TPR 059],03-Sep-2025 05:30 PM,Highways||Construction and Maintenance Wing||Tiruppur Circle,09-Oct-2025 10:45 AM,https://etender.up.nic.in/nicgep/app?component=%24DirectLink_0&page=FrontEndAdvancedSearchResult&service=direct&session=T&sp=SHwBo6gpMpzFPamC8phYMKg%3D%3D
1440,2025_CoC_608439_1,"[MPROVEMENT WORKS (OLD FEMALE TOILET) TO CHENNAI MIDDLE SCHOOL, NAKKEERAN SALAI, SECTOR - 4 IN DN 93, UNIT - 20, ZONE VII]",24-Sep-2025 06:00 PM,"Corporation of Chennai||Regional office Central ,CoC",06-Oct-2025 03:00 PM,https://etender.up.nic.in/nicgep/app?component=%24DirectLink_0&page=FrontEndAdvancedSearchResult&service=direct&session=T&sp=S4l6WN8oJiOZ27FSUGBeynA%3D%3D
1441,2025_CoA_610093_1,[Purchase of Organic inputs],29-Sep-2025 04:20 PM,Commissionerate of Agriculture||Joint Directorate of Agriculture - Tiruvannamalai,13-Oct-2025 03:00 PM,https://etender.up.nic.in/nicgep/app?component=%24DirectLink_0&page=FrontEndAdvancedSearchResult&service=direct&session=T&sp=S3CFMLcZS4kaEMw2q9E0Qfw%3D%3D
1442,2025_DTP_608713_1,[15 th Finance 2nd Tied  2025-26],25-Sep-2025 03:00 PM,"Directorate of Town Panchayats||Salem Zone||Senthamangalam Town Panchayat, Namakkal",30-Sep-2025 03:00 PM,https://etender.up.nic.in/nicgep/app?component=%24DirectLink_0&page=FrontEndAdvancedSearchResult&service=direct&session=T&sp=SuJYjLvWknjz9PA6jGCBxvg%3D%3D
1443,2025_TNCSF_596686_1,[Labour Contractor for sugar stacking work],23-Aug-2025 02:00 PM,Department of Sugar||MADURANTAKAM COOPERATIVE SUGAR MILLS LTD,06-Oct-2025 11:00 AM,https://tntenders.gov.in/nicgep/app?component=%24DirectLink&page=FrontEndLatestActiveCorrigendums&service=direct&session=T&sp=Se1g66Ud0%2BwOi6yk6fSHN%2FA%3D%3D
1444,2025_MAWS_608906_1,[Providing Cement Concrete Pavement at Ward No 22 Kesava Nagar in Vandavasi Municipality],26-Sep-2025 09:00 AM,MAWS||Vandavasi Municipality,07-Oct-2025 03:00 PM,https://etender.up.nic.in/nicgep/app?component=%24DirectLink_0&page=FrontEndAdvancedSearchResult&service=direct&session=T&sp=SJDFDTWW2uV%2F7Y4pF1trVzA%3D%3D
1445,2025_DTP_607286_1,[MLA Scheme 2025-2026],22-Sep-2025 11:30 AM,Directorate of Town Panchayats||Nagercoil Zone||Azhagiapandiapuram Town Panchayat,06-Oct-2025 03:00 PM,https://tntenders.gov.in/nicgep/app?component=%24DirectLink&page=FrontEndLatestActiveCorrigendums&service=direct&session=T&sp=SOkRFbpRLEA0sYHzneSSPRw%3D%3D
1446,2025_RDTN_608630_1,[CONSTRUCTION OF STOREROOM CUM KITCHENSHED AT GHSS AT KANNERI MANTHANAI],25-Sep-2025 02:00 PM,"Rural Development and Panchayat Raj Department||The Nilgiris,RD,TN||UTHAGAMANDALAM, THE NILGIRIS,RD,TN",30-Sep-2025 03:00 PM,https://etender.up.nic.in/nicgep/app?component=%24DirectLink_0&page=FrontEndAdvancedSearchResult&service=direct&session=T&sp=SUrAVxtV%2Fzki7DD2q%2F8dJtw%3D%3D
1447,2025_TNCSF_609511_1,[Purchase of Steel Wire Rope for Roller Lifting],27-Sep-2025 12:00 PM,Department of Sugar||DHARMAPURI DISTRICT COOPERATIVE  SUGAR MILLS LTD,06-Oct-2025 04:00 PM,https://etender.up.nic.in/nicgep/app?component=%24DirectLink_0&page=FrontEndAdvancedSearchResult&service=direct&session=T&sp=S3Ktc%2FiUCZd44ty1JxncrLw%3D%3D
1448,2025_DTP_609803_1,[purchase of tractor trailer],27-Sep-2025 06:30 PM,Directorate of Town Panchayats||Kancheepuram Zone||Karunguzhi Town Panchayat,30-Sep-2025 03:00 PM,https://etender.up.nic.in/nicgep/app?component=%24DirectLink_0&page=FrontEndAdvancedSearchResult&service=direct&session=T&sp=SSAyC9XLjATxnkROmpPzHzA%3D%3D
1449,2025_HWAY_609192_1,[Upgradation of Panchayat Union / Panchayat Roads to Other District Roads (SLM-4)],27-Sep-2025 11:00 AM,Highways||NABARD and Rural Roads||Salem,14-Oct-2025 11:00 AM,https://etender.up.nic.in/nicgep/app?component=%24DirectLink_0&page=FrontEndAdvancedSearchResult&service=direct&session=T&sp=Sp6%2FUCOeYG1%2B3P0nYC0fqng%3D%3D
1450,2025_MAWS_609505_1,[EAUCTION FOR WEEKLY MARKET SHOP NO 30],27-Sep-2025 01:00 PM,MAWS||Vellakoil Municipality,10-Oct-2025 11:00 AM,https://etender.up.nic.in/nicgep/app?component=%24DirectLink_0&page=FrontEndAdvancedSearchResult&service=direct&session=T&sp=SGT3jiNjSoA2OMSSJUWjkNg%3D%3D
1451,2025_HWAY_603326_1,[CRIDP 2025-26],15-Sep-2025 06:00 PM,Highways||Construction and Maintenance Wing||Coimbatore Circle,09-Oct-2025 10:30 AM,https://etender.up.nic.in/nicgep/app?component=%24DirectLink_0&page=FrontEndAdvancedSearchResult&service=direct&session=T&sp=SkUOeDtdh38vZX4QzHIAucg%3D%3D
1452,2025_MAWS_609189_1,[Construction of SWD at hansa nagar wd 18 in Melvisharam Municipality],26-Sep-2025 04:00 PM,MAWS||Arani Municipality,03-Oct-2025 03:00 PM,https://etender.up.nic.in/nicgep/app?component=%24DirectLink_0&page=FrontEndAdvancedSearchResult&service=direct&session=T&sp=Siew0NtyfL7tYgGat4nLSsg%3D%3D
1453,2025_RDTN_610062_1,[Construction of New Building At Thakiyar Nagar Mangulam  Panchayat  For Establsihing Study circle with Library],29-Sep-2025 03:00 PM,"Rural Development and Panchayat Raj Department||Sivagangai,RD,TN||MANAMADURAI, SIVAGANGAI,RD,TN",03-Oct-2025 03:00 PM,https://etender.up.nic.in/nicgep/app?component=%24DirectLink_0&page=FrontEndAdvancedSearchResult&service=direct&session=T&sp=S98ixNwP39YJNiuLiK1Wn1w%3D%3D
1454,2025_RDTN_607231_1,"[PACKAGE NO.05 - Construction of houses for Combined House (4 Nos.) with Ceramic Tiles flooring at Aliyanilai Refugee Camp in Aliyanilai Pts (5 GROUP HOUSES 20 NO.OF HOUSES) in Aranthangi Block, Pudukkottai Dt under SRI LANKAN REFUGEES-2025-26 Phase-3]",22-Sep-2025 10:00 AM,"Rural Development and Panchayat Raj Department||Pudhukottai,RD,TN",03-Oct-2025 03:00 PM,https://etender.up.nic.in/nicgep/app?component=%24DirectLink_0&page=FrontEndAdvancedSearchResult&service=direct&session=T&sp=SFFf3XnQ5%2BES8WjyaC%2FcgUg%3D%3D
1455,2025_RDTN_608752_1,[Upgradation of The Street  from Keeranatham Puthupalayam Road Siva Sakthi Avenue in Main Street and Cut Street H/o Keeranatham Panchayat(195 M)],25-Sep-2025 04:00 PM,"Rural Development and Panchayat Raj Department||Coimbatore,RD,TN||SARKARSAMAKULAM, COIMBATORE,RD,TN",30-Sep-2025 03:00 PM,https://etender.up.nic.in/nicgep/app?component=%24DirectLink_0&page=FrontEndAdvancedSearchResult&service=direct&session=T&sp=SMAxm6z6s6jyGAKUiK35mhA%3D%3D
1456,2025_DTP_608798_6,[15th - Providing CC Road at Mathuriyamman Koil 1st Cross Street in Uthiramerur Town Panchayat.],26-Sep-2025 02:50 PM,Directorate of Town Panchayats||Kancheepuram Zone||Uthiramerur Town Panchayat,30-Sep-2025 03:00 PM,https://etender.up.nic.in/nicgep/app?component=%24DirectLink_0&page=FrontEndAdvancedSearchResult&service=direct&session=T&sp=SSFGFYJGIIekdGzAQ2Q4uPw%3D%3D
1457,2025_CoC_609100_1,[Z.O.II.C.No.E1/608887/2025],26-Sep-2025 06:00 PM,"Corporation of Chennai||Regional Office North,CoC",02-Oct-2025 03:00 PM,https://etender.up.nic.in/nicgep/app?component=%24DirectLink_0&page=FrontEndAdvancedSearchResult&service=direct&session=T&sp=SRztceH7HaZBUNMOK2cPiGA%3D%3D
1458,2025_HWAY_609714_1,[Harur (H) CandM Sub Division (SLM-108)],29-Sep-2025 10:00 AM,Highways||Construction and Maintenance Wing||Salem Circle,23-Oct-2025 10:30 AM,https://etender.up.nic.in/nicgep/app?component=%24DirectLink_0&page=FrontEndAdvancedSearchResult&service=direct&session=T&sp=S2mQwrGbmxSerSvGZs7vjDA%3D%3D
1459,2025_CoC_608926_1,"[Roadcut restoration made by CMWSSB Dept at Ram nagar 2nd street and periyar nagar 2nd and 4th cross street in Division-68, Unit-16, Zone-6]",26-Sep-2025 09:00 AM,"Corporation of Chennai||Regional office Central ,CoC",09-Oct-2025 03:00 PM,https://etender.up.nic.in/nicgep/app?component=%24DirectLink_0&page=FrontEndAdvancedSearchResult&service=direct&session=T&sp=SwJHzrgZ6FDGxVXw%2BqGomwg%3D%3D
1460,2025_EB_608347_1,[Works contract for Outsourcing of Computer Operator/ Data Entry Operator to carry out the day to day (typing) data entry works through licensed contractor For the official use of the SE/OPERATION /Thiruvalam in Thiruvalam Operation circle],24-Sep-2025 06:00 PM,TNEB Limited||TANTRANSCO||CE-System Operation-Chennai - TANTRANSCO||SE-Operation-Tiruvalam - TANTRANSCO,09-Oct-2025 02:00 PM,https://etender.up.nic.in/nicgep/app?component=%24DirectLink_0&page=FrontEndAdvancedSearchResult&service=direct&session=T&sp=SeFthOmXYSKSHvCeLiRFRVQ%3D%3D
1461,2025_HWAY_607655_1,[TN No 50 2025 26 HDO Dt 13 09 2025 TVM 147],24-Sep-2025 11:00 AM,Highways||Construction and Maintenance Wing||Tiruvannamalai Circle,16-Oct-2025 11:00 AM,https://etender.up.nic.in/nicgep/app?component=%24DirectLink_0&page=FrontEndAdvancedSearchResult&service=direct&session=T&sp=SVXdA0SSSlydA7ExwepSMMQ%3D%3D
1462,2025_TNPL_608840_1,[Supply of Suction Strainer for Condensate Transfer Pump under RSPS#2 Project at TNPL UNIT-I],26-Sep-2025 05:30 PM,Tamilnadu Newsprint and Papers Limited||TNPL Unit-1||TNPL Projects,10-Oct-2025 03:00 PM,https://etender.up.nic.in/nicgep/app?component=%24DirectLink_0&page=FrontEndAdvancedSearchResult&service=direct&session=T&sp=SZQI9FBqe2%2FRVM0i18AYsEA%3D%3D
1463,2025_DTP_607003_1,[Eral Town Panchayat  Providing Paver Block Road at Ward No.13 ( Pallivasal Kadai Street 1st reach) ],20-Sep-2025 05:10 PM,Directorate of Town Panchayats||Tirunelveli Zone||Eral Town Panchayat,30-Sep-2025 03:00 PM,https://etender.up.nic.in/nicgep/app?component=%24DirectLink_0&page=FrontEndAdvancedSearchResult&service=direct&session=T&sp=S4CXgsxAIBRhj9FLt30Fjgw%3D%3D
1464,2025_EB_609315_1,[Hiring of Vehicle for AEE/O and M/ Rural/ Perambalur],26-Sep-2025 06:00 PM,TNEB Limited||TANGEDCO||CE-Trichy EDC - TANGEDCO||SE-Perambalur - TANGEDCO,11-Oct-2025 02:00 PM,https://etender.up.nic.in/nicgep/app?component=%24DirectLink_0&page=FrontEndAdvancedSearchResult&service=direct&session=T&sp=SDZuI00X%2FJ5ypJi9rvcvbxA%3D%3D
1465,2025_TNCSF_609033_1,[LAB CHEMICALS],26-Sep-2025 01:05 PM,Department of Sugar||CHEYYAR COOPERATIVE  SUGAR MILLS LTD,09-Oct-2025 02:00 PM,https://etender.up.nic.in/nicgep/app?component=%24DirectLink_0&page=FrontEndAdvancedSearchResult&service=direct&session=T&sp=SPA%2Bp7AiL7WFKy3chc2JcVw%3D%3D
1466,2025_MAWS_609198_1,[ Construction of Anganwadi Building at Ezhudesam Survey no.23/21 in Kollamcode Municipality.],26-Sep-2025 04:00 PM,MAWS||Colachal Municipality,08-Oct-2025 03:00 PM,https://etender.up.nic.in/nicgep/app?component=%24DirectLink_0&page=FrontEndAdvancedSearchResult&service=direct&session=T&sp=S3AGsPC9WbnogsHTEpK%2F76A%3D%3D
1467,2025_CoC_609542_1,"[Z.O.XIV.C.NO.E1/4858-12/2025 Restoration of Metro Water  CMWSSB  Road cut at  Krishna nagar 3rd   Street, Krishna nagar 4th Street IN DN-183, UNIT-41, ZONE-14]",27-Sep-2025 01:00 PM,"Corporation of Chennai||Regional office South,CoC",30-Sep-2025 10:00 AM,https://tntenders.gov.in/nicgep/app?component=%24DirectLink&page=FrontEndLatestActiveCorrigendums&service=direct&session=T&sp=SX8DsjzEjl5gpasBY1CVF0A%3D%3D
1468,2025_MAWS_589498_1,[Providing Underground Sewarage System  in Mangadu Municipality ],06-Aug-2025 10:00 AM,MAWS||Mangadu Municipality,15-Oct-2025 03:00 PM,https://tntenders.gov.in/nicgep/app?component=%24DirectLink&page=FrontEndLatestActiveCorrigendums&service=direct&session=T&sp=SVNGNuBiZ5YwKv1XckO2uzg%3D%3D
1469,2025_HWAY_602693_1,"[TNV 86 Nagercoil H C M, Sub division]",11-Sep-2025 09:00 AM,Highways||Construction and Maintenance Wing||Tirunelveli Circle,03-Oct-2025 02:00 PM,https://tntenders.gov.in/nicgep/app?component=%24DirectLink&page=FrontEndLatestActiveCorrigendums&service=direct&session=T&sp=SUab7voocjBmGhQdj26efrw%3D%3D
1470,2025_EB_604209_1,[Establishment of new 33/11kv ss at Kilvelliyur(civil works) under turn key],18-Sep-2025 10:00 AM,TNEB Limited||TANGEDCO||CE-Thiruvannamalai - TANGEDCO,22-Oct-2025 02:00 PM,https://etender.up.nic.in/nicgep/app?component=%24DirectLink_0&page=FrontEndAdvancedSearchResult&service=direct&session=T&sp=SJwQ%2FyzFHeScpqMumWeAOTw%3D%3D
1471,2025_RDTN_608250_1,[Erode District - Upgradation of the road from Internal Streets in Srilankan Tamil Refugees Camp Phase II H/o Bhavanisagar Town Panchayat under Srilankan Tamil Refugees Welfare Scheme 2025-26],24-Sep-2025 04:30 PM,"Rural Development and Panchayat Raj Department||Erode,RD,TN",03-Oct-2025 03:00 PM,https://etender.up.nic.in/nicgep/app?component=%24DirectLink_0&page=FrontEndAdvancedSearchResult&service=direct&session=T&sp=SRJobIowadnt7ye4xRQbgkA%3D%3D
1472,2025_HWAY_603496_1,[Tender Notice No 04 2025 26 CMDP DO dt 09.09.2025],12-Sep-2025 06:55 PM,Highways||Metro Wing||CMDP Circle,13-Oct-2025 02:00 PM,https://tntenders.gov.in/nicgep/app?component=%24DirectLink&page=FrontEndLatestActiveCorrigendums&service=direct&session=T&sp=SYhDT4ZMQBLrTklDh%2B%2FAdmg%3D%3D
1473,2025_TCMPF_607026_1,"[LABOUR CONTRACT FOR, HOUSE KEEPING, BOILER OPERATOR AND OFFICE ASSISTANT, TECHNICIANS AND OTHERS]",20-Sep-2025 05:50 PM,Tamilnadu Co-op Milk Producers Federation Ltd.||Nilgiris  DCMPU Ltd - Nilgiris - TCMPF,21-Oct-2025 03:00 PM,https://etender.up.nic.in/nicgep/app?component=%24DirectLink_0&page=FrontEndAdvancedSearchResult&service=direct&session=T&sp=SByrNDSQbfMYfOWFUGzZOaQ%3D%3D
1474,2025_MAWS_608932_1,"[Madurai Corporation Zone-3 Melaponnagram Pumping Station 12 Hp ,Sps  5 Santhai Pumping Station 15 Hp Nonclog Submersible Pump Repairing.]",26-Sep-2025 09:00 AM,MAWS||Madurai Municipal Corporation,06-Oct-2025 03:00 PM,https://etender.up.nic.in/nicgep/app?component=%24DirectLink_0&page=FrontEndAdvancedSearchResult&service=direct&session=T&sp=SA9vpmkmkOOnqVN24n8akeQ%3D%3D
1475,2025_EB_608702_1,"[Providing cable duct, precast slab at Vaduganthangal 110/11 KV SS, Katpadi Division.]",25-Sep-2025 01:40 PM,TNEB Limited||TANGEDCO||CE-Distribution-Vellore - TANGEDCO||SE-Vellore - TANGEDCO,08-Oct-2025 01:00 PM,https://etender.up.nic.in/nicgep/app?component=%24DirectLink_0&page=FrontEndAdvancedSearchResult&service=direct&session=T&sp=S4nq%2FaH6edFFyMiqsqUKzjg%3D%3D
1476,2025_AHDF_605336_1,[LEASING OF FISHERY RIGHTS OF THE KARIAKOIL RESERVOIR IN SALEM DISTRICT],17-Sep-2025 06:00 PM,Fisheries and Fishermen Welfare Department||Inland Fisheries - Head Office,06-Oct-2025 09:00 AM,https://etender.up.nic.in/nicgep/app?component=%24DirectLink_0&page=FrontEndAdvancedSearchResult&service=direct&session=T&sp=S9Qkx9BtOyBX%2B%2FE6k1kMx3A%3D%3D
1477,2025_RDTN_609193_2,[Construction of Kitchen Shed in Govt Hr Sec School at Pelathurai panchayat],26-Sep-2025 04:00 PM,"Rural Development and Panchayat Raj Department||Cuddalore,RD,TN||NALLUR,CUDDALORE,RD,TN",03-Oct-2025 03:00 PM,https://etender.up.nic.in/nicgep/app?component=%24DirectLink_0&page=FrontEndAdvancedSearchResult&service=direct&session=T&sp=SL7o2cdPQwEiWR8vB2QKcKg%3D%3D
1478,2025_EB_608699_1,"[Construction of control room building with Electrification works,Bore well, Providing Transformer Plinth and various SS structures Plinth foundation, Cable duct,  and allied civil works for the New 33/11 KV SS at Thandarai in Krishnagiri EDC]",26-Sep-2025 02:00 PM,TNEB Limited||TANGEDCO||CE-Distribution-Vellore - TANGEDCO,06-Nov-2025 05:00 PM,https://etender.up.nic.in/nicgep/app?component=%24DirectLink_0&page=FrontEndAdvancedSearchResult&service=direct&session=T&sp=SpxW%2FOrVvrCGS5L2AdRwsyA%3D%3D
1479,2025_RDTN_609287_1,[Construction of Storage Godown at Thiruengoimalai in Mulipady Panchayat. ],27-Sep-2025 09:00 AM,"Rural Development and Panchayat Raj Department||Trichirapalli,RD,TN||THOTTIYAM, THIRUCHIRAPALLI,RD,TN",14-Oct-2025 04:00 PM,https://etender.up.nic.in/nicgep/app?component=%24DirectLink_0&page=FrontEndAdvancedSearchResult&service=direct&session=T&sp=S%2FgeSOjvvUO8ZkvVA%2Bmk4qw%3D%3D
1480,2025_HWAY_603718_2,"[TRY-86 / 2025-26, Keeranur SubDivision]",13-Sep-2025 06:00 PM,Highways||Construction and Maintenance Wing||Trichy Circle,07-Oct-2025 11:00 AM,https://tntenders.gov.in/nicgep/app?component=%24DirectLink&page=FrontEndLatestActiveCorrigendums&service=direct&session=T&sp=Se0TP2kA1LXMqEmdpjPKp5Q%3D%3D
1481,2025_MAWS_606847_2,[0905/2025/E1],20-Sep-2025 04:00 PM,MAWS||Devakottai Municipality,03-Oct-2025 03:00 PM,https://etender.up.nic.in/nicgep/app?component=%24DirectLink_0&page=FrontEndAdvancedSearchResult&service=direct&session=T&sp=S3sk4Ry5mA1MfO9ydWZCL8g%3D%3D
1482,2025_MAWS_609812_1,[Maintenance work for Water Supply Distribution System at Usilampatti Municipality],29-Sep-2025 09:00 AM,MAWS||Tirumangalam Municipality,06-Oct-2025 03:00 PM,https://etender.up.nic.in/nicgep/app?component=%24DirectLink_0&page=FrontEndAdvancedSearchResult&service=direct&session=T&sp=SWulvPZW0gU9dsDYEQ%2BB2pQ%3D%3D
1483,2025_RDTN_608451_1,[Construction of new storage godown with compound wall in Thottakombai ST Colony H/O Perumugai Panchayat in T.N.Palayam  Panchayat Union  of  Erode District under  6th FC 2022-2023 (OMDGF],24-Sep-2025 06:00 PM,"Rural Development and Panchayat Raj Department||Erode,RD,TN||THOOCKANAICKENPAM, ERODE,RD,TN",08-Oct-2025 03:00 PM,https://etender.up.nic.in/nicgep/app?component=%24DirectLink_0&page=FrontEndAdvancedSearchResult&service=direct&session=T&sp=SgSbj1bTeGlme6p316OpNbQ%3D%3D
1484,2025_DoTE_606487_1,[Purchase of Printer Cum Xerox Machine for Hostel],19-Sep-2025 05:00 PM,"Directorate of Technical Education||Govt. Polytechnic College - DOTE||Govt. Polytechnic College, Chekkanurani",29-Sep-2025 05:00 PM,https://etender.up.nic.in/nicgep/app?component=%24DirectLink_0&page=FrontEndAdvancedSearchResult&service=direct&session=T&sp=SwMaIb71DBQXyjk8Zw8cVYw%3D%3D
1485,2025_TNPL_608345_1,[PROVIDING FLOORING AND CULVERT FOR CRANE MOVEMENT IN VAM COOLING TOWER AREA AT TNPL UNIT-II ],24-Sep-2025 06:00 PM,Tamilnadu Newsprint and Papers Limited||TNPL Unit-2||TNPL TOS,07-Oct-2025 03:00 PM,https://etender.up.nic.in/nicgep/app?component=%24DirectLink_0&page=FrontEndAdvancedSearchResult&service=direct&session=T&sp=Sk8pYGRHj2RxEksxq91o%2BEg%3D%3D
1486,2025_HWAY_603847_3,[TRY-91 / 2025-26 Alangudi SubDivision],13-Sep-2025 06:30 PM,Highways||Construction and Maintenance Wing||Trichy Circle,07-Oct-2025 11:00 AM,https://tntenders.gov.in/nicgep/app?component=%24DirectLink&page=FrontEndLatestActiveCorrigendums&service=direct&session=T&sp=SBS7LCT9Ee9J9X7Ilu0Ocag%3D%3D
1487,2025_DTP_607502_1,[15th FC Tied IInd Installment 25-26 Construction of Storm water drainage at Ist  ward North side from Jino Devadas house to Comorin school  in  Aralvoimozhi Town Panchayat ],22-Sep-2025 05:20 PM,Directorate of Town Panchayats||Nagercoil Zone||Aralvaimozhy Town Panchayat,30-Sep-2025 03:00 PM,https://etender.up.nic.in/nicgep/app?component=%24DirectLink_0&page=FrontEndAdvancedSearchResult&service=direct&session=T&sp=SiMXwL0nM7TJAoDb%2Bmowsaw%3D%3D
1488,2025_EB_605093_1,[M-200/2025-26],17-Sep-2025 05:00 PM,TNEB Limited||TANGEDCO||CE-Material Management - TANGEDCO,09-Oct-2025 02:30 PM,https://etender.up.nic.in/nicgep/app?component=%24DirectLink_0&page=FrontEndAdvancedSearchResult&service=direct&session=T&sp=SVGpFuI0NRhkBmV%2FkrtbKyA%3D%3D
1489,2025_MAWS_608970_1,[Repair and Maintance at  Municipal Office Cash Room  Shed in Vandavasi Municipality],26-Sep-2025 09:45 AM,MAWS||Vandavasi Municipality,07-Oct-2025 03:00 PM,https://etender.up.nic.in/nicgep/app?component=%24DirectLink_0&page=FrontEndAdvancedSearchResult&service=direct&session=T&sp=S8n4qi%2BBG%2BLQ4fX5gdu8fGQ%3D%3D
1490,2025_DoTE_604591_1,[Networking setup],16-Sep-2025 06:00 PM,Directorate of Technical Education||Govt. Polytechnic College - DOTE||GPT-Papanasam - Thanjavur,30-Sep-2025 11:00 AM,https://etender.up.nic.in/nicgep/app?component=%24DirectLink_0&page=FrontEndAdvancedSearchResult&service=direct&session=T&sp=SLvwqbX0gMS6uwxaEAATPwA%3D%3D
1491,2025_HWAY_609195_1,[Upgradation of Panchayat Union / Panchayat Roads to Other District Roads (SLM-3)],27-Sep-2025 11:00 AM,Highways||NABARD and Rural Roads||Salem,14-Oct-2025 11:00 AM,https://etender.up.nic.in/nicgep/app?component=%24DirectLink_0&page=FrontEndAdvancedSearchResult&service=direct&session=T&sp=SGaPlCfgdVW25UOdOTIuKjg%3D%3D
1492,2025_DTP_608170_1,[2025-26 15th FC Tied 1st Installment  Pudupalayam Town Panchayat],24-Sep-2025 09:00 AM,"Directorate of Town Panchayats||Vellore Zone||Pudupalayam Town Panchayat, Tiruvannamalai",30-Sep-2025 03:00 PM,https://etender.up.nic.in/nicgep/app?component=%24DirectLink_0&page=FrontEndAdvancedSearchResult&service=direct&session=T&sp=SgeSmXAtfbsM4WyXN4Zbdsw%3D%3D
1493,2025_RDTN_609208_1,[Construction of 30000 lit Cap. OHT with pipeline at Malavarayan theru muslim street in Manjanviduthi Panchayat],26-Sep-2025 04:00 PM,"Rural Development and Panchayat Raj Department||Pudhukottai,RD,TN||THIRUVARANKULAM, PUDUKKOTTAI,RD,TN",30-Sep-2025 03:00 PM,https://etender.up.nic.in/nicgep/app?component=%24DirectLink_0&page=FrontEndAdvancedSearchResult&service=direct&session=T&sp=SkfH%2FcPluD687aSfET6nMgg%3D%3D
1494,2025_RDTN_609284_1,[Construction of Drain to Pudhu Nagar Roja Street in Mannivakkam Colony at Mannivakkam Panchayat at Kattankolathur Panchayat Union],26-Sep-2025 05:00 PM,Rural Development and Panchayat Raj Department||Chengalpattu RD TN||Kattankolattur Chengalpattu RD TN,07-Oct-2025 03:00 PM,https://etender.up.nic.in/nicgep/app?component=%24DirectLink_0&page=FrontEndAdvancedSearchResult&service=direct&session=T&sp=Sjl6KNntV4Du3lXtTJ0be0A%3D%3D
1495,2025_TNSTC_608836_1,[Display of Advertisement in Rear body panel Below the wind screen glass and Below the Middle beading of both Left and Right side body panel as in enclosed diagram in 641 Nos Excluding AC Buses of Buses of Karaikudi Region],25-Sep-2025 05:00 PM,Tamilnadu State Transport Corporation||Kumbakonam Corporation,03-Oct-2025 11:00 AM,https://tntenders.gov.in/nicgep/app?component=%24DirectLink&page=FrontEndLatestActiveCorrigendums&service=direct&session=T&sp=SXwURbWGYRZkY3Vyh8Er9dQ%3D%3D
1496,2025_HWAY_601850_12,[TRY-75/2025-26/Thirumayam  (H) C and M Sub Division ],09-Sep-2025 06:55 PM,Highways||Construction and Maintenance Wing||Trichy Circle,07-Oct-2025 11:00 AM,https://tntenders.gov.in/nicgep/app?component=%24DirectLink&page=FrontEndLatestActiveCorrigendums&service=direct&session=T&sp=SE34SNOP15xmaFuJbpLpfmw%3D%3D
1497,2025_TNCSF_609493_1,[Purchase of Oxygen Regulators],27-Sep-2025 12:00 PM,Department of Sugar||DHARMAPURI DISTRICT COOPERATIVE  SUGAR MILLS LTD,06-Oct-2025 04:00 PM,https://etender.up.nic.in/nicgep/app?component=%24DirectLink_0&page=FrontEndAdvancedSearchResult&service=direct&session=T&sp=SVyDzns0h89N7yNlGy5asOA%3D%3D
1498,2025_EB_606449_1,[Hire Vehicle for EE/controls /OT11],19-Sep-2025 05:00 PM,TNEB Limited||TANGEDCO||CE-Hydro - TANGEDCO||SE-Generation-Kadamparai - TANGEDCO,06-Oct-2025 02:00 PM,https://etender.up.nic.in/nicgep/app?component=%24DirectLink_0&page=FrontEndAdvancedSearchResult&service=direct&session=T&sp=Sjy4gLun9Jo%2FKbucsSdpt%2FQ%3D%3D
1499,2025_HWAY_598362_1,[8_Hosur - Denkanikottai (via) Thalli Road],29-Aug-2025 12:00 PM,Highways||Construction and Maintenance Wing||Salem Circle,30-Sep-2025 10:30 AM,https://tntenders.gov.in/nicgep/app?component=%24DirectLink&page=FrontEndLatestActiveCorrigendums&service=direct&session=T&sp=SvJ7mt%2BTFZoo5WnbUhFAePA%3D%3D
1500,2025_CoC_608412_1,"[SUPPLYING AND FIXING OF MODERN LED OFFICE BOARD AT AE/JE OFFICE, MC OFFICE, CI OFFICE,SI OFFICE,UPHC ROUND BUILDING AND BOV SHED IN DN 89, UNIT - 20, ZONE - VII. ]",24-Sep-2025 06:00 PM,"Corporation of Chennai||Regional office Central ,CoC",06-Oct-2025 03:00 PM,https://etender.up.nic.in/nicgep/app?component=%24DirectLink_0&page=FrontEndAdvancedSearchResult&service=direct&session=T&sp=SWu3noNI1VXpmWxNNjRPYJA%3D%3D
1501,2025_SETC_596274_1,"[WASHING WORK OF HEAD REST COVER, BERTH COVER , BLANKET OF SETC BUSES AT  HOSUR DEPOT.]",22-Aug-2025 04:00 PM,State Express Transport Corporation Tamilnadu Limited,08-Oct-2025 03:00 PM,https://tntenders.gov.in/nicgep/app?component=%24DirectLink&page=FrontEndLatestActiveCorrigendums&service=direct&session=T&sp=SwX563pRgXLkHN5XvogNwww%3D%3D
1502,2025_EB_609136_1,[Procurement of LT BI Metallic  clamp 185 Sqmm],26-Sep-2025 02:00 PM,TNEB Limited||TANGEDCO||CE-Distribution-Erode - TANGEDCO||SE-Salem - TANGEDCO,09-Oct-2025 02:30 PM,https://etender.up.nic.in/nicgep/app?component=%24DirectLink_0&page=FrontEndAdvancedSearchResult&service=direct&session=T&sp=SKqbOI%2BtVh9lUxVqF6RyzBw%3D%3D
1503,2025_SETC_596567_1,"[WASHING WORK OF HEAD REST COVER, BERTH COVER , BLANKET OF SETC BUSES AT  THANJAVUR DEPOT.]",22-Aug-2025 06:35 PM,State Express Transport Corporation Tamilnadu Limited,08-Oct-2025 03:00 PM,https://tntenders.gov.in/nicgep/app?component=%24DirectLink&page=FrontEndLatestActiveCorrigendums&service=direct&session=T&sp=SVL90QtmqMNLPbdditjWxwg%3D%3D
1504,2025_PWD_605665_1,[Construction of Social Justice College Girls Hostel Building at Bargur in Krishnagiri District],19-Sep-2025 03:00 PM,"PWD||PWD CE buildings||Chief  Engineer-Coimbatore Region - Coimbatore||Buildings (C and M) Circle, Salem",06-Oct-2025 03:00 PM,https://etender.up.nic.in/nicgep/app?component=%24DirectLink_0&page=FrontEndAdvancedSearchResult&service=direct&session=T&sp=SEsGl2iBdlef4amox%2BQjDzQ%3D%3D
1505,2025_TNPL_601115_1,[Supply of Dust Extraction system for two numbers of Tissue Machine Rewinders of TNPL Unit II],06-Sep-2025 05:30 PM,Tamilnadu Newsprint and Papers Limited||TNPL Unit-1||TNPL Projects,30-Sep-2025 03:00 PM,https://tntenders.gov.in/nicgep/app?component=%24DirectLink&page=FrontEndLatestActiveCorrigendums&service=direct&session=T&sp=SuMdWBgQuzBgjvFpYiAsvqg%3D%3D
1506,2025_DTP_609853_1,[Genguvarpatti Town Panchayat Theni District 15 TH FINANCE 2nd INSTALMENT  2025 2026],29-Sep-2025 09:00 AM,Directorate of Town Panchayats||Theni Zone||Ganguvarpatti Town Panchayat - Theni,30-Sep-2025 03:00 PM,https://etender.up.nic.in/nicgep/app?component=%24DirectLink_0&page=FrontEndAdvancedSearchResult&service=direct&session=T&sp=S%2BsD6ue9Bn0xyYgrStwzUdQ%3D%3D
1507,2025_EB_602546_1,[Poompuhar 33 11 KV SS Civil Works],10-Sep-2025 05:00 PM,TNEB Limited||TANGEDCO||CE-Thanjavur - TANGEDCO,06-Oct-2025 12:00 PM,https://etender.up.nic.in/nicgep/app?component=%24DirectLink_0&page=FrontEndAdvancedSearchResult&service=direct&session=T&sp=ShCLgqKolGRNGMB%2BWc7S5%2Bw%3D%3D
1508,2025_EB_601662_1,"[Fabrication, manufacture, supply, erection, testing and commissioning of 33/11 KV SS with 1X8 MVA PrTr associated equipments, accessories, control panels etc. at Kurukkalpatti and 33KV bay extn works at 230/33 KV Amuthapuram SS in Tirunelveli EDC.]",08-Sep-2025 06:00 PM,TNEB Limited||TANGEDCO||CE-Tirunelveli - TANGEDCO,09-Oct-2025 02:00 PM,https://tntenders.gov.in/nicgep/app?component=%24DirectLink&page=FrontEndLatestActiveCorrigendums&service=direct&session=T&sp=Sj%2FSkPxz%2B70TlheNQ9Hj24Q%3D%3D
1509,2025_EB_588752_1,[ Hire Vehicle for SE/KGC/Minparai year of 2025-26],04-Aug-2025 04:30 PM,TNEB Limited||TANGEDCO||CE-Hydro - TANGEDCO||SE-Generation-Kadamparai - TANGEDCO,02-Oct-2025 02:00 PM,https://tntenders.gov.in/nicgep/app?component=%24DirectLink&page=FrontEndLatestActiveCorrigendums&service=direct&session=T&sp=SEcmq%2FeI%2FAMi0auVauQo3Wg%3D%3D
1510,2025_SETC_595105_1,[TENDER WORK FOR  BUS WASHING INSIDE AND OUT SIDE OF VARIOUS TYPES OF BUSES IN SETC COIMBATORE DEPOT.],20-Aug-2025 04:00 PM,State Express Transport Corporation Tamilnadu Limited,07-Oct-2025 03:00 PM,https://tntenders.gov.in/nicgep/app?component=%24DirectLink&page=FrontEndLatestActiveCorrigendums&service=direct&session=T&sp=S%2BrfuY%2BAUYjzS2U5oXMCjOQ%3D%3D
1511,2025_MAWS_609900_1,[Repair and Maintenance of Incinerator at Chennimalai Road Compost Yard in Kangeyam Municipality],29-Sep-2025 09:00 AM,MAWS||Kangeyam Municipality,30-Sep-2025 03:00 PM,https://etender.up.nic.in/nicgep/app?component=%24DirectLink_0&page=FrontEndAdvancedSearchResult&service=direct&session=T&sp=StG3GpNGsEm5TkotbMzqOrQ%3D%3D
1512,2025_EB_608714_1,"[Construction of control room building with Electrification works,Bore well, Providing Transformer Plinth and various SS structures Plinth foundation, Cable duct for the New 33/11 KV SS at Elagiri in Tirupattur EDC]",26-Sep-2025 02:00 PM,TNEB Limited||TANGEDCO||CE-Distribution-Vellore - TANGEDCO,06-Nov-2025 05:00 PM,https://etender.up.nic.in/nicgep/app?component=%24DirectLink_0&page=FrontEndAdvancedSearchResult&service=direct&session=T&sp=S8AK6G8zeMwhzkeEVcJANRg%3D%3D
1513,2025_MAWS_609997_6,[Construction of  R.C.C culvert at Seva Balaji nagar in ward No. 12],29-Sep-2025 04:10 PM,MAWS||Tirunelveli City Municipal Corporation,07-Oct-2025 03:00 PM,https://etender.up.nic.in/nicgep/app?component=%24DirectLink_0&page=FrontEndAdvancedSearchResult&service=direct&session=T&sp=SyQGAt53iKq%2FSUZXAqCydLA%3D%3D
1514,2025_TNRDC_605958_1,"[Strengthening Improvement of main Carriageway and Relaying of service road including divider kerb wall and replacing the damaged manhole cover slabs with new cover slabs from Km 6.100 to 6.490, 9.380 to 9.510, 11.100 to 11.350 (LHS and RHS) of OMR]",18-Sep-2025 06:30 PM,TamilNadu Road Development Company Limited(TNRDC),06-Oct-2025 03:00 PM,https://etender.up.nic.in/nicgep/app?component=%24DirectLink_0&page=FrontEndAdvancedSearchResult&service=direct&session=T&sp=Sl7m0efPsYxHpc%2Fy%2Fsm5Flw%3D%3D
1515,2025_RDTN_604951_6,[Construction  of   C C Road at  Esmail nagar BG road     in Anaikarachathiram Panchayat in Kollidam  Block NNT 2025-26],17-Sep-2025 09:00 AM,Rural Development and Panchayat Raj Department||Mayiladuthurai RD TN||Kollidam Mayiladuthurai RD TN,30-Sep-2025 06:00 PM,https://tntenders.gov.in/nicgep/app?component=%24DirectLink&page=FrontEndLatestActiveCorrigendums&service=direct&session=T&sp=SgpC8ZtyxHNUsZCi874EbzA%3D%3D
1516,2025_RDTN_609761_1,[Vellore District Construction of  Kitchen Shed (Type-II) at  PUM School in Ananganallore Panchayat at Gudiyatham Block PRMGRST 2025-26 Package No 02],27-Sep-2025 05:25 PM,"Rural Development and Panchayat Raj Department||Vellore,RD,TN||GUDIYATHAM - VP, VELLORE,RD,TN",30-Sep-2025 03:00 PM,https://etender.up.nic.in/nicgep/app?component=%24DirectLink_0&page=FrontEndAdvancedSearchResult&service=direct&session=T&sp=SNpWSWIhhFVZcRMTQDYQFCQ%3D%3D
1517,2025_MAWS_605429_3,[Replacement of 450mm dia Pumping main most damaged portion at Thuraimangalam lake bund in Perambalur Municipality],19-Sep-2025 11:00 AM,MAWS||Perambalur Municipality,03-Oct-2025 03:00 PM,https://tntenders.gov.in/nicgep/app?component=%24DirectLink&page=FrontEndLatestActiveCorrigendums&service=direct&session=T&sp=SkFkA5lFOgYXZcFq1wlh8Ew%3D%3D
1518,2025_DoTE_605210_1,[Purchase of Lab Thinks and Installation],17-Sep-2025 05:00 PM,"Directorate of Technical Education||Govt. Polytechnic College - DOTE||BCMW Govt. Polytechnic College, Ettaiyapuram",07-Oct-2025 05:30 PM,https://etender.up.nic.in/nicgep/app?component=%24DirectLink_0&page=FrontEndAdvancedSearchResult&service=direct&session=T&sp=S8kss8%2B9Rz0a%2BWFb%2FvoCCew%3D%3D
1519,2025_HWAY_602424_1,[Construction of High level bridge at Km 6/4 of Marur - Endhal Road in lieu of existing  causeway],15-Sep-2025 09:00 AM,Highways||NABARD and Rural Roads||Chengalpattu,07-Oct-2025 12:00 PM,https://etender.up.nic.in/nicgep/app?component=%24DirectLink_0&page=FrontEndAdvancedSearchResult&service=direct&session=T&sp=S%2BHKea3Af8RMpfGZWro%2F5Jw%3D%3D
1520,2025_EB_607408_1,[MTPS I TM Unit III Annual Maintenance work in Main Turbine its Auxiliaries and Overhauling of Pennwalt Centrifuges 3A and 3B during 2025 26],22-Sep-2025 03:15 PM,TNEB Limited||TANGEDCO||CE-MTPS-I - TANGEDCO||SE-Mechanical Maintenance I-MTPS-I - TANGEDCO,06-Oct-2025 02:00 PM,https://etender.up.nic.in/nicgep/app?component=%24DirectLink_0&page=FrontEndAdvancedSearchResult&service=direct&session=T&sp=SgRtqHndN5YrP5T2V3zKiQQ%3D%3D
1521,2025_EB_607122_1,[Works Contract for Rural Panapakkam Section.],22-Sep-2025 09:00 AM,TNEB Limited||TANGEDCO||CE-Distribution-Vellore - TANGEDCO||SE-Vellore - TANGEDCO,06-Oct-2025 02:00 PM,https://etender.up.nic.in/nicgep/app?component=%24DirectLink_0&page=FrontEndAdvancedSearchResult&service=direct&session=T&sp=SYaxrUKpVP8LBzP%2FV2bf1sQ%3D%3D
1522,2025_DTP_608990_1,[MLA 25 26 Providing Cement Concrete Road with Drainage at 8th ward Boss 2nd Street  in Sriramapuram Town Panchayat],26-Sep-2025 10:30 AM,"Directorate of Town Panchayats||Dindigul Zone||Sriramapuram Town Panchayat, Dindigul",30-Sep-2025 03:00 PM,https://etender.up.nic.in/nicgep/app?component=%24DirectLink_0&page=FrontEndAdvancedSearchResult&service=direct&session=T&sp=S%2FfLELoFsyvkZIq0FPX%2FHQQ%3D%3D
1523,2025_CoC_609632_1,"[Z.O.XIV.C.NO.E2/0989-13/2025 Attending Road Cut Restoration Work (CMWSSB) at Sai ganesh nagar 25th cross street in Dn. 191, Unit-43, Zone-14]",27-Sep-2025 03:00 PM,"Corporation of Chennai||Regional office South,CoC",29-Sep-2025 06:00 PM,https://etender.up.nic.in/nicgep/app?component=%24DirectLink_0&page=FrontEndAdvancedSearchResult&service=direct&session=T&sp=SUiXEyWjagnjTk9ALGEID8A%3D%3D
1524,2025_CMDAC_608489_1,[Disposal of Scrap Materials from Library building in Gandhi Nagar at Adyar],24-Sep-2025 06:55 PM,Chennai Metropolitan Development Authority||Construction Wing,08-Oct-2025 03:00 PM,https://etender.up.nic.in/nicgep/app?component=%24DirectLink_0&page=FrontEndAdvancedSearchResult&service=direct&session=T&sp=SvTb%2B7vXxcXUO0mzyaIGQDw%3D%3D
1525,2025_SIPCT_609394_1,"[Supply and fixing of stainless steel table in dining hall at SMIHP, Vallam Vadagal]",27-Sep-2025 09:00 AM,State Industries Promotion Corporation Of TamilNadu||Civil,13-Oct-2025 03:30 PM,https://etender.up.nic.in/nicgep/app?component=%24DirectLink_0&page=FrontEndAdvancedSearchResult&service=direct&session=T&sp=S8ZFliIvMHwlsfCkQAlvFYw%3D%3D
1526,2025_DTP_609751_1,"[Madathukulam Town Panchayat Construction of 60,000 Litres OHT in Ward No 02 Krishnapuram]",27-Sep-2025 06:00 PM,"Directorate of Town Panchayats||Erode Zone||Sankararamanallur Town Panchayat, Tiruppur",03-Oct-2025 03:00 PM,https://etender.up.nic.in/nicgep/app?component=%24DirectLink_0&page=FrontEndAdvancedSearchResult&service=direct&session=T&sp=SqJWkxLqFNZtLvGKRPCMTtQ%3D%3D
1527,2025_HWAY_603309_1,[VPM-098-CRIDP 2025-26],18-Sep-2025 10:00 AM,Highways||Construction and Maintenance Wing||Villupuram Circle,15-Oct-2025 12:00 PM,https://etender.up.nic.in/nicgep/app?component=%24DirectLink_0&page=FrontEndAdvancedSearchResult&service=direct&session=T&sp=Sy0ulhCqXl7LhPVecBt%2FYRA%3D%3D
1528,2025_EB_607416_1,[Hiring of Diesel Driven Jeep model vehicles for the official use of the Office of the CED Kanchipuram Region],22-Sep-2025 05:00 PM,TNEB Limited||TANGEDCO||CE-Distribution-Chennai-South - TANGEDCO,07-Oct-2025 03:00 PM,https://etender.up.nic.in/nicgep/app?component=%24DirectLink_0&page=FrontEndAdvancedSearchResult&service=direct&session=T&sp=SSgatz0Xe8IXuDcJUkyU0zg%3D%3D
1529,2025_ELCO_604739_1,[LED sign board arrangements on top of IT Towers terrace ],16-Sep-2025 04:30 PM,ELCOT,09-Oct-2025 03:00 PM,https://etender.up.nic.in/nicgep/app?component=%24DirectLink_0&page=FrontEndAdvancedSearchResult&service=direct&session=T&sp=SjLyQENkJ%2BqahRk%2BqKL5yfg%3D%3D
1530,2025_CoC_609813_1,"[Z.O.XIV.C.NO.E1/7247-12/2025 Restoration of Metro water (CMWSSB) BT Roadcut portion at Annai therasa 6th street, Annai therasa 9th street in Div-186, Unit-42, Zone-14]",27-Sep-2025 06:55 PM,"Corporation of Chennai||Regional office South,CoC",29-Sep-2025 06:00 PM,https://etender.up.nic.in/nicgep/app?component=%24DirectLink_0&page=FrontEndAdvancedSearchResult&service=direct&session=T&sp=ScSoYEGt5yp0V6Z%2F5qomGog%3D%3D
1531,2025_TNMSC_600172_1,[ONLINE TENDER FOR FIXING RATE CONTRACT FOR SUPPLY AND INSTALLATION OF CT SCANNER TO VARIOUS GOVT. INSTITUTIONS],03-Sep-2025 06:00 PM,Tamilnadu Medical Services Corporation||Equipment,07-Oct-2025 11:00 AM,https://etender.up.nic.in/nicgep/app?component=%24DirectLink_0&page=FrontEndAdvancedSearchResult&service=direct&session=T&sp=SNOu8N%2BQ%2F4htNFT11MbH47A%3D%3D
1532,2025_DTP_607550_1,[15th FC Untied 2nd Installment 2025 - 2026  Improvement  of CC Road and drainage from Balan nagar Esakkiyamman kovil to 21/81K in Aralvoimozhi  Town Panchayat. ],22-Sep-2025 06:30 PM,Directorate of Town Panchayats||Nagercoil Zone||Aralvaimozhy Town Panchayat,30-Sep-2025 03:00 PM,https://etender.up.nic.in/nicgep/app?component=%24DirectLink_0&page=FrontEndAdvancedSearchResult&service=direct&session=T&sp=SONMCHsVFVFXPMaghyDwFvw%3D%3D
1533,2025_DTP_609707_1,[Agastheeswaram Town Panchayat SPECIAL FUND],27-Sep-2025 05:15 PM,Directorate of Town Panchayats||Nagercoil Zone||Agastheeswaram Town Panchayat,06-Oct-2025 03:00 PM,https://tntenders.gov.in/nicgep/app?component=%24DirectLink&page=FrontEndLatestActiveCorrigendums&service=direct&session=T&sp=SriPYqff1LGtnjbNOcMEJmw%3D%3D
1534,2025_DTP_609258_1,[Paravai  Town Panchayat Providing Super Cholorination Machine at Ward 12 Mahaganapathy nagar AMRUT SUMP Paravai  Town Panchayat],26-Sep-2025 04:20 PM,"Directorate of Town Panchayats||Madurai Zone||Paravai Town Panchayat, Madurai",30-Sep-2025 03:00 PM,https://etender.up.nic.in/nicgep/app?component=%24DirectLink_0&page=FrontEndAdvancedSearchResult&service=direct&session=T&sp=SSFHKg4fUzoj4QtpBfs9dgg%3D%3D
1535,2025_HWAY_604478_1,[Bridge Works],18-Sep-2025 10:00 AM,Highways||NABARD and Rural Roads||Tirunelveli,07-Oct-2025 11:00 AM,https://etender.up.nic.in/nicgep/app?component=%24DirectLink_0&page=FrontEndAdvancedSearchResult&service=direct&session=T&sp=S2sOOjPQvyYzqyStQymmxvw%3D%3D
1536,2025_CoC_609995_1,"[Construction of New Multi purpose hall with necessary infrastructure facility at Raja Garden, Papermills road in Div-68, Unit-16, Zone-6. ]",29-Sep-2025 03:00 PM,"Corporation of Chennai||Regional office Central ,CoC",06-Oct-2025 03:00 PM,https://etender.up.nic.in/nicgep/app?component=%24DirectLink_0&page=FrontEndAdvancedSearchResult&service=direct&session=T&sp=S5NGpm3OvRnmwTOldnKP5zA%3D%3D
1537,2025_EB_602444_1,[Pandanallur 33 11 KV ss Civil Works],10-Sep-2025 04:30 PM,TNEB Limited||TANGEDCO||CE-Thanjavur - TANGEDCO,06-Oct-2025 12:00 PM,https://etender.up.nic.in/nicgep/app?component=%24DirectLink_0&page=FrontEndAdvancedSearchResult&service=direct&session=T&sp=S4PXj%2FmTEat%2BSX35uTC34lQ%3D%3D
1538,2025_TNCSF_605140_1,[Manufacture and supply of Mill drive Planetary Gearbox Spares exactly suitable to our existing gearboxes ],17-Sep-2025 03:45 PM,Department of Sugar||VELLORE COOPERATIVE SUGAR MILLS LTD,03-Oct-2025 12:00 PM,https://etender.up.nic.in/nicgep/app?component=%24DirectLink_0&page=FrontEndAdvancedSearchResult&service=direct&session=T&sp=S6Cw0nqkJHIvz%2B7EWx%2F0QpQ%3D%3D
1539,2025_HWAY_609182_1,[Upgradation of Panchayat Union / Panchayat Roads to Other District Roads (SLM-7)],27-Sep-2025 11:00 AM,Highways||NABARD and Rural Roads||Salem,14-Oct-2025 11:00 AM,https://etender.up.nic.in/nicgep/app?component=%24DirectLink_0&page=FrontEndAdvancedSearchResult&service=direct&session=T&sp=SFvIPfAaEqyRb9v8guVMkLw%3D%3D
1540,2025_CoC_609628_1,"[Laying the road with DBM and  BC after cold milling by Paver finsher along with traffic improvement in Ganesapuram Bridge, Service Road West Side, OtteriNala to Gulmohar Avenue, CH 0 to 350  in Div 71 and 72 zone-06]",27-Sep-2025 06:00 PM,"Corporation of Chennai||Head Quarters,CoC",03-Oct-2025 03:00 PM,https://etender.up.nic.in/nicgep/app?component=%24DirectLink_0&page=FrontEndAdvancedSearchResult&service=direct&session=T&sp=S5QfFK9rGDfNJFHsBKvptMQ%3D%3D
1541,2025_HWAY_604010_1,[Dharmapuri (H) CandM Sub Division (SLM-84)],15-Sep-2025 10:00 AM,Highways||Construction and Maintenance Wing||Salem Circle,23-Oct-2025 10:30 AM,https://etender.up.nic.in/nicgep/app?component=%24DirectLink_0&page=FrontEndAdvancedSearchResult&service=direct&session=T&sp=S0v%2FHrSBVP07V%2BpRsql70YQ%3D%3D
1542,2025_MAWS_607237_1,"[GENERAL FUND-2025-2026-Repair and Maintanace of  Drain at Ward No.27 Cycle Kadai Ramasamy Street, Old EB Line  in Karamadai Municipality.]",22-Sep-2025 09:00 AM,MAWS||Karamadai Municipality,30-Sep-2025 03:00 PM,https://etender.up.nic.in/nicgep/app?component=%24DirectLink_0&page=FrontEndAdvancedSearchResult&service=direct&session=T&sp=S9xFG5oVZ84MrKMNYbimfrw%3D%3D
1543,2025_DTP_609544_1,[General Fund-2025-26-Resotration Of Pot Holes in Uthamapalayam Town Panchayat],27-Sep-2025 01:00 PM,Directorate of Town Panchayats||Theni Zone||Uthamapalayam Town Panchayat - Theni,06-Oct-2025 03:00 PM,https://etender.up.nic.in/nicgep/app?component=%24DirectLink_0&page=FrontEndAdvancedSearchResult&service=direct&session=T&sp=S5H7D%2F%2B8TdEhM5KPP2Y%2B51w%3D%3D
1544,2025_MAWS_608142_1,[Maintenance Work at Commissioners Quarters at Tooveypuram in East Zone Thoothukudi Corporation],24-Sep-2025 10:00 AM,MAWS||Tuticorin Municipal Corporation,06-Oct-2025 03:00 PM,https://etender.up.nic.in/nicgep/app?component=%24DirectLink_0&page=FrontEndAdvancedSearchResult&service=direct&session=T&sp=SCJY6bSFGiJfSSYa4s%2BYQSg%3D%3D
1545,2025_DTP_609816_1,[Restoration of Pot Holes in Vadugapatti Town Panchayat Under General Fund 2025-2026],27-Sep-2025 06:55 PM,Directorate of Town Panchayats||Theni Zone||Vadugapatti Town Panchayat - Theni,30-Sep-2025 03:00 PM,https://etender.up.nic.in/nicgep/app?component=%24DirectLink_0&page=FrontEndAdvancedSearchResult&service=direct&session=T&sp=SorbsfF9%2FWJYSR%2B%2BEbsSALA%3D%3D
1546,2025_DTP_609789_1,[Gravel fill at GST Burial ground],27-Sep-2025 06:30 PM,Directorate of Town Panchayats||Kancheepuram Zone||Karunguzhi Town Panchayat,30-Sep-2025 03:00 PM,https://etender.up.nic.in/nicgep/app?component=%24DirectLink_0&page=FrontEndAdvancedSearchResult&service=direct&session=T&sp=SusGUjFGwwv1hkdw6D72tkg%3D%3D
1547,2025_EB_602265_1,[Sale of scrap SE GCC I],10-Sep-2025 02:00 PM,TNEB Limited||TANTRANSCO||CE-Transmission Projects-I-Chennai - TANTRANSCO,09-Oct-2025 02:00 PM,https://tntenders.gov.in/nicgep/app?component=%24DirectLink&page=FrontEndLatestActiveCorrigendums&service=direct&session=T&sp=ScRAek7pHMmYuUnRcceMAxA%3D%3D
1548,2025_RDTN_608850_1,[Vellore district  Providing main Pipe line Existing at thowpathi amman kovil street in Naganathi village H/O Thuthikadu panchayat  in Kaniyambadi Block General Fund 2025-26 PACKAGE NO 31],25-Sep-2025 05:30 PM,"Rural Development and Panchayat Raj Department||Vellore,RD,TN||KANIAMBADI, VELLORE,RD,TN",10-Oct-2025 03:00 PM,https://etender.up.nic.in/nicgep/app?component=%24DirectLink_0&page=FrontEndAdvancedSearchResult&service=direct&session=T&sp=S17u8NR7mkQhT2qcfuf4KrQ%3D%3D
1549,2025_MAWS_604987_2,[Tiruppur City Municipal Corporation_Maintenance and Special Repair works to MCC Centre at Palavanjipalayam MCC Centre I in ward No57],17-Sep-2025 01:00 PM,MAWS||Trippur City Municipal Corporation,30-Sep-2025 03:00 PM,https://tntenders.gov.in/nicgep/app?component=%24DirectLink&page=FrontEndLatestActiveCorrigendums&service=direct&session=T&sp=St2Qf0pb92r1LlgPAGYcjCg%3D%3D
1550,2025_EB_604854_1,[SUPPLY OF TRANSFORMER STRUCTURE MATERIALS DOUBLE POLE ],17-Sep-2025 06:00 PM,TNEB Limited||TANGEDCO||CE-Trichy EDC - TANGEDCO||SE-Perambalur - TANGEDCO,02-Oct-2025 02:00 PM,https://etender.up.nic.in/nicgep/app?component=%24DirectLink_0&page=FrontEndAdvancedSearchResult&service=direct&session=T&sp=SYAq7IzMgIXirgdb6Q4hOaw%3D%3D
1551,2025_MAWS_608962_1,[Supplying and fixing Minimast Electrical Materials at Municipal Office Inside and Ward No 10 Kannara Street in Vandavasi Municipality],26-Sep-2025 09:00 AM,MAWS||Vandavasi Municipality,07-Oct-2025 03:00 PM,https://etender.up.nic.in/nicgep/app?component=%24DirectLink_0&page=FrontEndAdvancedSearchResult&service=direct&session=T&sp=SBOW%2Fyp5qGHy%2BY9lFlHZyAQ%3D%3D
1552,2025_DTP_609035_1,[15th 2025-2026 2nd Pipeline 8.70],26-Sep-2025 01:00 PM,Directorate of Town Panchayats||Madurai Zone||V.Pudupatti Town Panchayat - Madurai,30-Sep-2025 03:00 PM,https://etender.up.nic.in/nicgep/app?component=%24DirectLink_0&page=FrontEndAdvancedSearchResult&service=direct&session=T&sp=S1B49DT87%2B6OJgU2gSCmyqQ%3D%3D
1553,2025_HWAY_603847_1,"[TRY-89 / 2025-26, Pudukkottai East SubDivision]",13-Sep-2025 06:30 PM,Highways||Construction and Maintenance Wing||Trichy Circle,07-Oct-2025 11:00 AM,https://tntenders.gov.in/nicgep/app?component=%24DirectLink&page=FrontEndLatestActiveCorrigendums&service=direct&session=T&sp=SoST08ZwBbLbSZvPf6JNofA%3D%3D
1554,2025_TNSTC_609472_1,[SCRAP SALES FOR KUMBAKONAM REGION],27-Sep-2025 09:25 AM,Tamilnadu State Transport Corporation||Kumbakonam Corporation||Kumbakonam||Disposal,07-Oct-2025 10:00 AM,https://etender.up.nic.in/nicgep/app?component=%24DirectLink_0&page=FrontEndAdvancedSearchResult&service=direct&session=T&sp=SBEk7sN%2F9rYYq7C4Q3tRW%2Fg%3D%3D
1555,2025_RDTN_608750_1,"[Renovation of Anganwadi Building at Anaipettai in Kelur Panchayat, Polur Block, Tiruvannamalai District]",25-Sep-2025 03:00 PM,"Rural Development and Panchayat Raj Department||Tiruvannamalai,RD,TN||POLUR, TIRUVANNAMALAI,RD,TN",30-Sep-2025 03:00 PM,https://etender.up.nic.in/nicgep/app?component=%24DirectLink_0&page=FrontEndAdvancedSearchResult&service=direct&session=T&sp=St0qLt1cpmtsXrCxgghm%2B8w%3D%3D
1556,2025_HWAY_598521_1,[VPM-064-CRIDP 2025-26],04-Sep-2025 10:00 AM,Highways||Construction and Maintenance Wing||Villupuram Circle,15-Oct-2025 12:00 PM,https://etender.up.nic.in/nicgep/app?component=%24DirectLink_0&page=FrontEndAdvancedSearchResult&service=direct&session=T&sp=SOm1g3netmJYFFEEMuWCUkA%3D%3D
1557,2025_MAWS_608460_1,[Repair and maintenance of Battery Opreated Vehicle in Dharmapuri Municipality ],24-Sep-2025 05:30 PM,MAWS||Dharmapuri Municipality,30-Sep-2025 03:00 PM,https://etender.up.nic.in/nicgep/app?component=%24DirectLink_0&page=FrontEndAdvancedSearchResult&service=direct&session=T&sp=S6O2wsHM6Gng1L%2F3MbSHZeA%3D%3D
1558,2025_TNPCB_606352_1,[TNPCB/LABS/PUR-II/04577/2016 Dt.15.09.2025.],19-Sep-2025 03:00 PM,Tamil Nadu Pollution Control Board,07-Oct-2025 01:00 PM,https://etender.up.nic.in/nicgep/app?component=%24DirectLink_0&page=FrontEndAdvancedSearchResult&service=direct&session=T&sp=S4OZn%2FTeCFts8RWJ5CWwk4w%3D%3D
1559,2025_MAWS_607582_1,[CONSTRUCTION OF COMPOUND WALL AT WARD NO.12 VOC NAGAR OHT PREMISES IN THUVAKUDI MUNICIPALITY.],22-Sep-2025 06:45 PM,MAWS||Thuvakudi Municipality,30-Sep-2025 03:00 PM,https://etender.up.nic.in/nicgep/app?component=%24DirectLink_0&page=FrontEndAdvancedSearchResult&service=direct&session=T&sp=Sa%2BgphnxaPOURTb9OIlClKg%3D%3D
1560,2025_HWAY_599294_1,[TN 23 25 26 Dharapuram Division TPR 053],01-Sep-2025 05:30 PM,Highways||Construction and Maintenance Wing||Tiruppur Circle,09-Oct-2025 10:45 AM,https://etender.up.nic.in/nicgep/app?component=%24DirectLink_0&page=FrontEndAdvancedSearchResult&service=direct&session=T&sp=SZgMhFXKnzy%2BZ5Pq60FNoRA%3D%3D
1561,2025_DoTE_607492_1,[Sports Materials],23-Sep-2025 10:00 AM,Directorate of Technical Education||Govt. Aided Polytechnic College - DOTE||Thiagarajar Polytechnic College,06-Oct-2025 03:00 PM,https://etender.up.nic.in/nicgep/app?component=%24DirectLink_0&page=FrontEndAdvancedSearchResult&service=direct&session=T&sp=Sqv9DqyUT4CQVIgv1MDkOqQ%3D%3D
1562,2025_RDTN_607125_1,"[Construction of Drama stage at Ayilam ADC H/O Ayilam panchayat in Arcot Block, Ranipet District.]",22-Sep-2025 10:00 AM,Rural Development and Panchayat Raj Department||Ranipet RD TN||Arcot - VP Ranipet RD TN,03-Oct-2025 03:00 PM,https://etender.up.nic.in/nicgep/app?component=%24DirectLink_0&page=FrontEndAdvancedSearchResult&service=direct&session=T&sp=Szm9ba1HPOFssFKypOaERcQ%3D%3D
1563,2025_RDTN_609584_1,[Tirupathur District 15 CFC 2025-26 Construction of New Girls Toilet PUMS at Poosanikai Somanaickenpatt vattam H/O Package No.12],27-Sep-2025 02:00 PM,Rural Development and Panchayat Raj Department||Tirupathur RD TN||Jolarpet Tirupathur RD TN,10-Oct-2025 03:00 PM,https://etender.up.nic.in/nicgep/app?component=%24DirectLink_0&page=FrontEndAdvancedSearchResult&service=direct&session=T&sp=SOwihnl5DFgbO8Xnbou10%2FA%3D%3D
1564,2025_DTP_608465_1,[Supply and delivery and installation  Reverse Osmosis plant at Avudaiyapuram in Thiruvengadam Town Panchayat],24-Sep-2025 05:45 PM,Directorate of Town Panchayats||Tirunelveli Zone||Thiruvenkatam Town Panchayat,29-Sep-2025 05:00 PM,https://etender.up.nic.in/nicgep/app?component=%24DirectLink_0&page=FrontEndAdvancedSearchResult&service=direct&session=T&sp=SLsHOH2BHuT6TXMr538IbRA%3D%3D
1565,2025_RDTN_609265_1,[Providing Cement Concrete Pavement from Betthapuram  Chinniyan thottam Layout via to NGM Road     H/O Billichi panchayat  in  Periyanaickenpalayam Block],26-Sep-2025 05:00 PM,"Rural Development and Panchayat Raj Department||Coimbatore,RD,TN||P.N.PALAYAM, COIMBATORE,RD,TN",07-Oct-2025 03:00 PM,https://etender.up.nic.in/nicgep/app?component=%24DirectLink_0&page=FrontEndAdvancedSearchResult&service=direct&session=T&sp=S1CKc%2B78ALnnI%2BKaM6SKLYQ%3D%3D
1566,2025_HWAY_601165_1,[Salem (H) CandM Division (SLM-71)],08-Sep-2025 10:00 AM,Highways||Construction and Maintenance Wing||Salem Circle,23-Oct-2025 10:30 AM,https://etender.up.nic.in/nicgep/app?component=%24DirectLink_0&page=FrontEndAdvancedSearchResult&service=direct&session=T&sp=SSJi7UbiS%2Bq10qxJXT9Nh4g%3D%3D
1567,2025_TNSHA_609245_1,"[DEVELOPMENT OF WAYSIDE AMENITIES ON DESIGN, BUILD, FINANCE, OPERATE AND TRANSFER (DBFOT) BASIS UNDER PPP MODE]",29-Sep-2025 04:00 PM,Tamil Nadu State Highway Authority,25-Nov-2025 03:00 PM,https://etender.up.nic.in/nicgep/app?component=%24DirectLink_0&page=FrontEndAdvancedSearchResult&service=direct&session=T&sp=SD306PiQhGFMp0z2TFV0%2F5g%3D%3D
1568,2025_RDTN_607234_1,"[PACKAGE NO.06 - Construction of houses for Combined House (4 Nos.) with Ceramic Tiles flooring at Aliyanilai Refugee Camp in Aliyanilai Pts (5 GROUP HOUSES 20 NO.OF HOUSES) in Aranthangi Block, Pudukkottai Dt under SRI LANKAN REFUGEES-2025-26 Phase-3]",22-Sep-2025 10:00 AM,"Rural Development and Panchayat Raj Department||Pudhukottai,RD,TN",03-Oct-2025 03:00 PM,https://etender.up.nic.in/nicgep/app?component=%24DirectLink_0&page=FrontEndAdvancedSearchResult&service=direct&session=T&sp=S3uNDUoXY1OmMe4%2Fy2q97lQ%3D%3D
1569,2025_DTP_606910_1,[Alanganallur Town Panchayat Construction of Waiting shed and Compound wall Ward.14 valasai Burial Ground at Alanganallur Town Panchayat],20-Sep-2025 03:30 PM,"Directorate of Town Panchayats||Madurai Zone||Alanganallur Town Panchayat, Madurai",30-Sep-2025 03:00 PM,https://etender.up.nic.in/nicgep/app?component=%24DirectLink_0&page=FrontEndAdvancedSearchResult&service=direct&session=T&sp=S2EK2YJ%2B%2FzjALdOCTs%2FWD4w%3D%3D
1570,2025_HWAY_598349_1,[5_Hosur -Denkanikottai (via) Thalli Road],29-Aug-2025 12:00 PM,Highways||Construction and Maintenance Wing||Salem Circle,30-Sep-2025 10:30 AM,https://tntenders.gov.in/nicgep/app?component=%24DirectLink&page=FrontEndLatestActiveCorrigendums&service=direct&session=T&sp=SueSyVVtC%2FX6D8DmhZwq7BQ%3D%3D
1571,2025_TNHB_603467_1,[Sales of Commercial Plots at Kilmudalambedu Phase II],15-Sep-2025 11:00 AM,Tamil Nadu Housing Board||Project Circle (City)||Special Project Division I,15-Oct-2025 11:30 AM,https://etender.up.nic.in/nicgep/app?component=%24DirectLink_0&page=FrontEndAdvancedSearchResult&service=direct&session=T&sp=SubviRhmvANcaZJStbE7T7w%3D%3D
1572,2025_EB_598298_2,[Hiring of Vehicle for the official use of aee west pollachi],19-Sep-2025 02:00 PM,TNEB Limited||TANGEDCO||CE-Distribution-Coimbatore - TANGEDCO||SE-Udumalpet - TANGEDCO,06-Oct-2025 02:00 PM,https://etender.up.nic.in/nicgep/app?component=%24DirectLink_0&page=FrontEndAdvancedSearchResult&service=direct&session=T&sp=SLg6GCvs2vj8SNvuIpmGYCg%3D%3D
1573,2025_DTP_609655_2,[RSMANGALAM 15TH FC Purchase of Tractor],27-Sep-2025 03:30 PM,Directorate of Town Panchayats||Sivaganga Zone||RS Mangalam Town Panchayat,30-Sep-2025 09:00 AM,https://etender.up.nic.in/nicgep/app?component=%24DirectLink_0&page=FrontEndAdvancedSearchResult&service=direct&session=T&sp=SZWqFMKFHJ121gDfWpx7%2FYw%3D%3D
1574,2025_MSME_598385_1,[333 Procurement of  Soya Fatty Acid Air Drying Alkyd as per Schedule-A],01-Sep-2025 05:30 PM,Micro Small and Medium Enterprises||Tamil Nadu Small Industries Corporation||Purchase - TANSI,07-Oct-2025 11:30 AM,https://tntenders.gov.in/nicgep/app?component=%24DirectLink&page=FrontEndLatestActiveCorrigendums&service=direct&session=T&sp=SjeKDkMGv7O%2FC36MVDNYBCg%3D%3D
1575,2025_DoTE_607414_1,[SUPPLY OF HOSTEL FURNITURES ],22-Sep-2025 03:10 PM,Directorate of Technical Education||Govt. Polytechnic College - DOTE||GPT-Kaniyalampatti - Karur,06-Oct-2025 12:00 PM,https://etender.up.nic.in/nicgep/app?component=%24DirectLink_0&page=FrontEndAdvancedSearchResult&service=direct&session=T&sp=Sq0OATRYO9nWMo0TqXWwKYA%3D%3D
1576,2025_EB_605334_1,[Repair and Maintenance Works to the EE ECHP 1 Division Office Building located to the South of 263 S road near Old Token Gate],17-Sep-2025 06:00 PM,TNEB Limited||TANGEDCO||CE-TTPS - TANGEDCO||SE-Civil-TTPS - TANGEDCO,07-Oct-2025 02:00 PM,https://etender.up.nic.in/nicgep/app?component=%24DirectLink_0&page=FrontEndAdvancedSearchResult&service=direct&session=T&sp=SeiGexFtf61XEGEOCjXH6AQ%3D%3D
1577,2025_EB_608314_1,[Procurement of M.S Bolt and Nut size   3 1/2 X 5/8 as per sketch and specification-1000Kgs],24-Sep-2025 04:00 PM,TNEB Limited||TANGEDCO||CE-Distribution-Madurai - TANGEDCO||SE-Madurai - TANGEDCO,08-Oct-2025 02:30 PM,https://etender.up.nic.in/nicgep/app?component=%24DirectLink_0&page=FrontEndAdvancedSearchResult&service=direct&session=T&sp=S9nYIosOJPSK987QgStnxbA%3D%3D
1578,2025_RDTN_604951_22,[Construction  of    Retaining wall  and Bathing ghatt at Kuruviyallam  in Agaravataram  Panchayat in Kollidam  Block NNT 2025-26],17-Sep-2025 09:00 AM,Rural Development and Panchayat Raj Department||Mayiladuthurai RD TN||Kollidam Mayiladuthurai RD TN,03-Oct-2025 06:00 PM,https://tntenders.gov.in/nicgep/app?component=%24DirectLink&page=FrontEndLatestActiveCorrigendums&service=direct&session=T&sp=S72YWEjXnzWp5Eo4wjP5UOA%3D%3D
1579,2025_MAWS_609536_7,[ School Improvement Grant Operation and Maintenance works -2025-26 Retender],27-Sep-2025 02:00 PM,MAWS||Karur Municipality,30-Sep-2025 03:00 PM,https://etender.up.nic.in/nicgep/app?component=%24DirectLink_0&page=FrontEndAdvancedSearchResult&service=direct&session=T&sp=SpNto%2FjG%2BxjOAPlSBpHXtXA%3D%3D
1580,2025_DTP_609655_3,[RSMANGALAM 15TH FC Paver Block  Road ],27-Sep-2025 03:30 PM,Directorate of Town Panchayats||Sivaganga Zone||RS Mangalam Town Panchayat,30-Sep-2025 09:00 AM,https://etender.up.nic.in/nicgep/app?component=%24DirectLink_0&page=FrontEndAdvancedSearchResult&service=direct&session=T&sp=SljJFtnyGRRBiLgAr3A0i4g%3D%3D
1581,2025_MAWS_605451_39,[CUDDALORE CORPORATION -   ReConstruction of Storm Water Drain and Culvert at ward areas in ward no 40 in cuddalore corporation],19-Sep-2025 02:00 PM,MAWS||Cuddalore Municipality,30-Sep-2025 03:00 PM,https://etender.up.nic.in/nicgep/app?component=%24DirectLink_0&page=FrontEndAdvancedSearchResult&service=direct&session=T&sp=S%2BMlb84KeaMJB5%2BZ8ueBEGA%3D%3D
1582,2025_HWAY_606698_1,[VPM-112-CRIDP 2025-26],25-Sep-2025 10:00 AM,Highways||Construction and Maintenance Wing||Villupuram Circle,15-Oct-2025 12:00 PM,https://etender.up.nic.in/nicgep/app?component=%24DirectLink_0&page=FrontEndAdvancedSearchResult&service=direct&session=T&sp=S2EwohkZa5DhahWY9bFzpGw%3D%3D
1583,2025_RDTN_610126_1,[Vellore District  Construction of  Cremation Shed at Kudimipatti in Modikuppam Panchayat of Gudiyatham Block 15th CFC (BP) 2025 -2026 Package no 11],29-Sep-2025 04:10 PM,"Rural Development and Panchayat Raj Department||Vellore,RD,TN||GUDIYATHAM, VELLORE,RD,TN",09-Oct-2025 03:00 PM,https://etender.up.nic.in/nicgep/app?component=%24DirectLink_0&page=FrontEndAdvancedSearchResult&service=direct&session=T&sp=SEi%2B998NgSKW%2F05EUkAAEPA%3D%3D
1584,2025_CoC_609616_1,"[Relaying the road with B.C. after cold milling by Paver finisher along with traffic improvement in Dr.Ambedkar College Road(Aaduthotti to OtteriNala(LHS)) in Div-71, zone-06.]",27-Sep-2025 06:00 PM,"Corporation of Chennai||Head Quarters,CoC",03-Oct-2025 03:00 PM,https://etender.up.nic.in/nicgep/app?component=%24DirectLink_0&page=FrontEndAdvancedSearchResult&service=direct&session=T&sp=S2z20OZ1KiRR9xZ2rYob5XA%3D%3D
1585,2025_DTP_608124_1,[2024-25 15th FC Untied 2nd Pudupalayam Town Panchayat],24-Sep-2025 09:00 AM,"Directorate of Town Panchayats||Vellore Zone||Pudupalayam Town Panchayat, Tiruvannamalai",30-Sep-2025 03:00 PM,https://tntenders.gov.in/nicgep/app?component=%24DirectLink&page=FrontEndLatestActiveCorrigendums&service=direct&session=T&sp=SMdPNHig5Zg78e%2FJSIJOJLg%3D%3D
1586,2025_EB_605152_1,"[ET/EE/O/OKM/07/2025-26, Dated. 17.09.2025]",17-Sep-2025 05:00 PM,TNEB Limited||TANTRANSCO||CE-System Operation-Trichy - TANTRANSCO||SE-Operation-Coimbatore - TANTRANSCO,01-Oct-2025 02:00 PM,https://etender.up.nic.in/nicgep/app?component=%24DirectLink_0&page=FrontEndAdvancedSearchResult&service=direct&session=T&sp=Sta%2BFBw469PzDjv1ChFneUw%3D%3D
1587,2025_MAWS_609905_1,[Providing Tiles and UPVC Window at W.No.13 Anna Nagar Multi Purpose Center in Kangeyam Municipality],29-Sep-2025 09:00 AM,MAWS||Kangeyam Municipality,30-Sep-2025 03:00 PM,https://etender.up.nic.in/nicgep/app?component=%24DirectLink_0&page=FrontEndAdvancedSearchResult&service=direct&session=T&sp=SLOqXWzevzheJW6m9ksTIQw%3D%3D
1588,2025_EB_600359_1,[Supply of Sox _ Nox  and CO Analyzer _ 1 Set],04-Sep-2025 12:00 PM,TNEB Limited||TANGEDCO||CE-MTPS-I - TANGEDCO||SE-Purchase and Administration-MTPS-I - TANGEDCO,06-Oct-2025 02:00 PM,https://tntenders.gov.in/nicgep/app?component=%24DirectLink&page=FrontEndLatestActiveCorrigendums&service=direct&session=T&sp=SeAvj5INLbTaKVUFtsrCn2Q%3D%3D
1589,2025_HWAY_607656_1,[TN No 50 2025 26 HDO Dt 13 09 2025 TVM 148],24-Sep-2025 11:00 AM,Highways||Construction and Maintenance Wing||Tiruvannamalai Circle,16-Oct-2025 11:00 AM,https://etender.up.nic.in/nicgep/app?component=%24DirectLink_0&page=FrontEndAdvancedSearchResult&service=direct&session=T&sp=Sg1ienFU63w1FmKGCYiaapA%3D%3D
1590,2025_HWAY_595605_1,[CRIDP 2025-26],25-Aug-2025 06:00 PM,Highways||Construction and Maintenance Wing||Coimbatore Circle,09-Oct-2025 10:30 AM,https://etender.up.nic.in/nicgep/app?component=%24DirectLink_0&page=FrontEndAdvancedSearchResult&service=direct&session=T&sp=SyZWjP3m8F99jawbMYRuXMw%3D%3D
1591,2025_MAWS_608967_1,[Supply of skilled and unskilled person for Water Supply Anakavur Headworks 3 Months in  Vandavasi Municipality],26-Sep-2025 09:00 AM,MAWS||Vandavasi Municipality,07-Oct-2025 03:00 PM,https://etender.up.nic.in/nicgep/app?component=%24DirectLink_0&page=FrontEndAdvancedSearchResult&service=direct&session=T&sp=SP5uRzzmwonlYegtTFJeRfg%3D%3D
1592,2025_RDTN_609154_1,[Construction of Cremation Shed  at Rankiyanviduthi Konartheru BG in Rankiyanviduthi Panchayat],26-Sep-2025 05:00 PM,"Rural Development and Panchayat Raj Department||Pudhukottai,RD,TN||KARAMBAKUDI, PUDUKKOTTAI,RD,TN",07-Oct-2025 03:00 PM,https://etender.up.nic.in/nicgep/app?component=%24DirectLink_0&page=FrontEndAdvancedSearchResult&service=direct&session=T&sp=SDBKruizBqLVcuk%2FxqhmIzA%3D%3D
1593,2025_HWAY_601203_1,[Krishnagiri (H) CandM Sub Division (SLM-76)],08-Sep-2025 10:00 AM,Highways||Construction and Maintenance Wing||Salem Circle,23-Oct-2025 10:30 AM,https://etender.up.nic.in/nicgep/app?component=%24DirectLink_0&page=FrontEndAdvancedSearchResult&service=direct&session=T&sp=SK8q86%2FRbHOjpmYm3pFliCg%3D%3D
1594,2025_DoTE_601599_1,[Digital USB microscope with XYZ inspection base and vertical metal stand],09-Sep-2025 10:00 AM,Directorate of Technical Education||Govt. Aided Engineering College - DOTE||PSG College of Technology - Coimbatore,29-Sep-2025 05:00 PM,https://etender.up.nic.in/nicgep/app?component=%24DirectLink_0&page=FrontEndAdvancedSearchResult&service=direct&session=T&sp=SZ2%2B5A%2FLwQ%2F%2Fvz%2Fl3qf881A%3D%3D
1595,2025_TAMBC_605070_1,[Construction of 1000MT Storage Godown at Gingee RM in Villupuram District.],17-Sep-2025 01:15 PM,Tamilnadu State Agricultural Marketing Board Chennai,06-Oct-2025 05:45 PM,https://tntenders.gov.in/nicgep/app?component=%24DirectLink&page=FrontEndLatestActiveCorrigendums&service=direct&session=T&sp=SovHgJAf6lj4uC0a2h2pLBw%3D%3D
1596,2025_EB_605787_1,[Supply of 0.5inch LT Bushing Rod],19-Sep-2025 02:00 PM,TNEB Limited||TANGEDCO||CE-Distribution-Coimbatore - TANGEDCO||SE-Udumalpet - TANGEDCO,06-Oct-2025 02:00 PM,https://etender.up.nic.in/nicgep/app?component=%24DirectLink_0&page=FrontEndAdvancedSearchResult&service=direct&session=T&sp=SZvKjk895GaMW9xWYk4p1gg%3D%3D
1597,2025_EB_608343_1,[Dindigul EDC - Supply of 22 KV STAND ALONE   AB SWITCH WITH STRUCTURE MATERIAL COMPLETE SET ],24-Sep-2025 03:00 PM,TNEB Limited||TANGEDCO||CE-Distribution-Madurai - TANGEDCO||SE-Dindugal - TANGEDCO,09-Oct-2025 03:00 PM,https://etender.up.nic.in/nicgep/app?component=%24DirectLink_0&page=FrontEndAdvancedSearchResult&service=direct&session=T&sp=SSWsIB9sMhwHVvYlDGMhuEg%3D%3D
1598,2025_RDTN_609006_1,[Providing CC pavement at Pudhu Bairava Colony Drama Stage to Muniyammal House in Banavaram Panchayat],26-Sep-2025 11:15 AM,Rural Development and Panchayat Raj Department||Ranipet RD TN||Kaveripakkam Ranipet RD TN,30-Sep-2025 03:00 PM,https://tntenders.gov.in/nicgep/app?component=%24DirectLink&page=FrontEndLatestActiveCorrigendums&service=direct&session=T&sp=Sn930qNgLa3YmRKGhtJ63gA%3D%3D
1599,2025_RDTN_608078_1,[Providing Basic infrastructure works at Kasthambadi Camps in Polur Block Package No. TVM/2025-26/187 of Tiruvannamalai District],23-Sep-2025 06:55 PM,"Rural Development and Panchayat Raj Department||Tiruvannamalai,RD,TN",03-Oct-2025 03:00 PM,https://tntenders.gov.in/nicgep/app?component=%24DirectLink&page=FrontEndLatestActiveCorrigendums&service=direct&session=T&sp=S3BApbdRQHrIPxWoQrKVYMw%3D%3D
1600,2025_RDTN_607850_1,[Construction of Bus shelter at Purisai Panchayat.],23-Sep-2025 02:00 PM,"Rural Development and Panchayat Raj Department||Kancheepuram,RD,TN||WALLAJABAD, KANCHEEPURAM,RD,TN",30-Sep-2025 03:00 PM,https://etender.up.nic.in/nicgep/app?component=%24DirectLink_0&page=FrontEndAdvancedSearchResult&service=direct&session=T&sp=S%2BjWiV7Qq6zL3YYKN%2BsSfBQ%3D%3D
1601,2025_EB_604754_1,[Supply of SS 304 Grade Deck Sheet for Conveyor 24B from Head End to towards JT4],16-Sep-2025 04:00 PM,TNEB Limited||TANGEDCO||CE-TTPS - TANGEDCO||SE-Purchase and Administration-TTPS - TANGEDCO,06-Oct-2025 02:00 PM,https://tntenders.gov.in/nicgep/app?component=%24DirectLink&page=FrontEndLatestActiveCorrigendums&service=direct&session=T&sp=SOh7d6B3bK%2F8oMCcfPySxzQ%3D%3D
1602,2025_EB_604715_1,"[Supply, erection, testing and commissioning of new 33/11kv  Kottanathampatty substation at Vellalore village with 2x8mva outdoor power transformer in Madurai EDC in Madurai Region]",16-Sep-2025 05:00 PM,TNEB Limited||TANGEDCO||CE-Distribution-Madurai - TANGEDCO,01-Oct-2025 02:00 PM,https://etender.up.nic.in/nicgep/app?component=%24DirectLink_0&page=FrontEndAdvancedSearchResult&service=direct&session=T&sp=SY8wbf9gUAyE%2FcOwb6EGXkQ%3D%3D
1603,2025_MAWS_609867_1,[Construction of Anganwadi centre  Pappireddy schoo],28-Sep-2025 10:00 AM,MAWS||Tiruttani Municipality,08-Oct-2025 03:00 PM,https://etender.up.nic.in/nicgep/app?component=%24DirectLink_0&page=FrontEndAdvancedSearchResult&service=direct&session=T&sp=SuwTCoSobU6KjyqS0mvmg%2Fg%3D%3D
1604,2025_DTP_607443_1,[Construction of Drama Stage at  ward 12 Kaliyamman Kovil street at Aundipatti Town Panchayat],22-Sep-2025 04:00 PM,Directorate of Town Panchayats||Theni Zone||Andipatti Town Panchayat - Theni,07-Oct-2025 03:00 PM,https://etender.up.nic.in/nicgep/app?component=%24DirectLink_0&page=FrontEndAdvancedSearchResult&service=direct&session=T&sp=SBKoQS%2BC9b%2FdSKJrnBuUGxQ%3D%3D
1605,2025_HWAY_604852_1,[Junction Improvements Works to the Government Roads in Nagapattinam H  CandM Sub Division Jurisdiction TNJ87],16-Sep-2025 06:45 PM,Highways||Construction and Maintenance Wing||Thanjavur Circle,07-Oct-2025 11:30 AM,https://etender.up.nic.in/nicgep/app?component=%24DirectLink_0&page=FrontEndAdvancedSearchResult&service=direct&session=T&sp=SifWOVTd1wm11D9cjZiNZRw%3D%3D
1606,2025_MAWS_607151_1,[GENERAL FUND-2025-2026-Repair and Maintanace of CC road and Drain at Ward No.27 Cycle Kadai Ramasamy Street  in Karamadai Municipality.],22-Sep-2025 09:00 AM,MAWS||Karamadai Municipality,30-Sep-2025 03:00 PM,https://etender.up.nic.in/nicgep/app?component=%24DirectLink_0&page=FrontEndAdvancedSearchResult&service=direct&session=T&sp=SGWrrRk4AzXk7G%2F2jnWibTQ%3D%3D
1607,2025_RDTN_609612_1,[Tirupathur District Construction of new kitchen shed with stock room 2025-26 Construction of a kitchen building with a storage room in a government higher secondary school Package No.02],27-Sep-2025 03:00 PM,Rural Development and Panchayat Raj Department||Tirupathur RD TN||Jolarpet Tirupathur RD TN,10-Oct-2025 03:00 PM,https://etender.up.nic.in/nicgep/app?component=%24DirectLink_0&page=FrontEndAdvancedSearchResult&service=direct&session=T&sp=Sw8qIlaiEJWuSykf9s0Bu0Q%3D%3D
1608,2025_CWDA_598929_1,[Procurement of assessment and therapy equipments for 84 block one stop centers ],01-Sep-2025 10:00 AM,Commissionerate for Welfare of the Differently Abled,08-Oct-2025 04:00 PM,https://etender.up.nic.in/nicgep/app?component=%24DirectLink_0&page=FrontEndAdvancedSearchResult&service=direct&session=T&sp=S5TBDLPu44cUkt0lzoKLw7A%3D%3D
1609,2025_DTP_609228_1,[Odugathur Tp/15th CFC 2025-2026/Ward-9 O.Rajapalayam - Drain],26-Sep-2025 04:10 PM,Directorate of Town Panchayats||Vellore Zone||Panapakkam Town Panchayat,30-Sep-2025 03:00 PM,https://etender.up.nic.in/nicgep/app?component=%24DirectLink_0&page=FrontEndAdvancedSearchResult&service=direct&session=T&sp=SVLOB25MrRKxsIH%2B4J5OswA%3D%3D
1610,2025_CoC_608851_1,"[Consultancy Work for preparation of DPR for Additional works Barbed lounge gallery with tensile roof and toilets entrance arch wayILP Flooring, additional high mast light building elevation Greenary Video wall Equipment for Gym and all other]",27-Sep-2025 09:00 AM,"Corporation of Chennai||Head Quarters,CoC",09-Oct-2025 09:00 AM,https://etender.up.nic.in/nicgep/app?component=%24DirectLink_0&page=FrontEndAdvancedSearchResult&service=direct&session=T&sp=Sz5s6M60q1oLOjK8jLBihng%3D%3D
1611,2025_TNPL_605814_1,"[SUPPORT SERVICE FOR PLANT OPERATION IN PULP MILL, CL O2 AND CHEMICAL PREPARATION PLANT AT TNPL UNIT - II]",19-Sep-2025 06:00 PM,Tamilnadu Newsprint and Papers Limited||TNPL Unit-2||TNPL TOS,03-Oct-2025 03:00 PM,https://etender.up.nic.in/nicgep/app?component=%24DirectLink_0&page=FrontEndAdvancedSearchResult&service=direct&session=T&sp=SVZGksZHVtUy3%2FrcJ%2BBS72Q%3D%3D
1612,2025_HWAY_606589_1,[Construction of High level Bridge at Km 2/4 of Uppidamangalam - Munaiyanur Road in lieu of existing causeway],20-Sep-2025 11:00 AM,Highways||NABARD and Rural Roads||Salem,07-Oct-2025 11:00 AM,https://etender.up.nic.in/nicgep/app?component=%24DirectLink_0&page=FrontEndAdvancedSearchResult&service=direct&session=T&sp=SEWzz2884o0%2BnWDfUP90W%2Fg%3D%3D
1613,2025_EB_608753_1,[Providing one number Diesel driven Van/Jeep or equivalent vehicle on hire basis for the use of EE/M/Div-VIII/Ennore SEZ STPP ],25-Sep-2025 05:00 PM,TNEB Limited||TANGEDCO||CE/Civil/Ennore SEZ STPP - TANGEDCO,09-Oct-2025 02:00 PM,https://etender.up.nic.in/nicgep/app?component=%24DirectLink_0&page=FrontEndAdvancedSearchResult&service=direct&session=T&sp=SespBpkjSOlByjocCsLYQXQ%3D%3D
1614,2025_HWAY_595935_1,[MDU 059 / Madurai Division /CRIDP Works 2025 26],22-Aug-2025 02:00 PM,Highways||Construction and Maintenance Wing||Madurai Circle,07-Oct-2025 11:00 AM,https://tntenders.gov.in/nicgep/app?component=%24DirectLink&page=FrontEndLatestActiveCorrigendums&service=direct&session=T&sp=SUADDOZDdgmjKBVLw3BBzpQ%3D%3D
1615,2025_TNMSC_600258_1,[ONLINE TENDER FOR FIXING RATE CONTRACT FOR SUPPLY AND INSTALLATION OF 1.5 TESLA MRI TO VARIOUS GOVT. INSTITUTIONS],03-Sep-2025 06:55 PM,Tamilnadu Medical Services Corporation||Equipment,07-Oct-2025 11:00 AM,https://etender.up.nic.in/nicgep/app?component=%24DirectLink_0&page=FrontEndAdvancedSearchResult&service=direct&session=T&sp=Skwms5v6vPs3W9nBI2fXZGw%3D%3D
1616,2025_DTP_606168_1,[ Providing Cement Concrete Road at 14th Ward Sivapuram to Theppakulam Road in Boothapandy Town Panchayat.],19-Sep-2025 09:00 AM,Directorate of Town Panchayats||Nagercoil Zone||Bhoothapandy Town Panchayat,30-Sep-2025 03:00 PM,https://etender.up.nic.in/nicgep/app?component=%24DirectLink_0&page=FrontEndAdvancedSearchResult&service=direct&session=T&sp=SMJymcknsypx6KqSCxsMH0w%3D%3D
1617,2025_DTP_607575_1,[Supply of Public Health Materials in Thenkarai Town Panchayat],22-Sep-2025 06:00 PM,Directorate of Town Panchayats||Theni Zone||Thenkarai Town Panchayat - Theni,30-Sep-2025 03:00 PM,https://etender.up.nic.in/nicgep/app?component=%24DirectLink_0&page=FrontEndAdvancedSearchResult&service=direct&session=T&sp=S9a%2Bl7id%2BZ5IcMtmSYqNn7w%3D%3D
1618,2025_HWAY_598344_1,[4_Thirupathur - Singarapettai Road],29-Aug-2025 12:00 PM,Highways||Construction and Maintenance Wing||Salem Circle,30-Sep-2025 10:30 AM,https://tntenders.gov.in/nicgep/app?component=%24DirectLink&page=FrontEndLatestActiveCorrigendums&service=direct&session=T&sp=ScYgy8UWpAehN19StlsTxvQ%3D%3D
1619,2025_AHDF_609127_1,[Providing Additional Infrastructure facilities at Rameswaram in Ramanathapuram District],26-Sep-2025 05:00 PM,Fisheries and Fishermen Welfare Department||Fishing Harbour Project Circle,13-Oct-2025 03:00 PM,https://etender.up.nic.in/nicgep/app?component=%24DirectLink_0&page=FrontEndAdvancedSearchResult&service=direct&session=T&sp=SOVXAVQGG9QT7SuOU20Hsvw%3D%3D
1620,2025_TNCSF_597626_1,[Labour Contract for lime milk preparation work],26-Aug-2025 04:15 PM,Department of Sugar||MADURANTAKAM COOPERATIVE SUGAR MILLS LTD,06-Oct-2025 11:00 AM,https://tntenders.gov.in/nicgep/app?component=%24DirectLink&page=FrontEndLatestActiveCorrigendums&service=direct&session=T&sp=Sj2TeX8N1GXt1qWc8RBdZEA%3D%3D
1621,2025_MAWS_607927_1,[Providing Stainless Steel Bus Shelter Near District Collector Camp office Opposite to ITI Ground In Ward No 42],23-Sep-2025 05:30 PM,MAWS||Thanjavur Corporation,07-Oct-2025 03:00 PM,https://etender.up.nic.in/nicgep/app?component=%24DirectLink_0&page=FrontEndAdvancedSearchResult&service=direct&session=T&sp=SDTuXs5vqfkqUT3pM9PILmA%3D%3D
1622,2025_RDTN_609768_1,[Vellore District Construction of  Kitchen Shed (Type-II) at Govt. Higher Secondary School in Kallapadi Panchayat at Gudiyatham Block PRMGRST 2025-26 Package No 03],27-Sep-2025 05:35 PM,"Rural Development and Panchayat Raj Department||Vellore,RD,TN||GUDIYATHAM - VP, VELLORE,RD,TN",30-Sep-2025 03:00 PM,https://etender.up.nic.in/nicgep/app?component=%24DirectLink_0&page=FrontEndAdvancedSearchResult&service=direct&session=T&sp=Sr%2FV29CbXF6jyUmawQhQLuA%3D%3D
1623,2025_RDTN_609239_1,"[VELLORE DISTRICT Providing New Borewell with 2.0H.P motor, pipe, cable wire and Pipeline at Govindhappan Kottai in Mohamadhupuram Panchayat ANAICUT BLOCK 15 CFC  DP 2025-2026 PACKAGE NO 05]",26-Sep-2025 04:00 PM,"Rural Development and Panchayat Raj Department||Vellore,RD,TN||ANAICUT, VELLORE,RD,TN",06-Oct-2025 03:00 PM,https://etender.up.nic.in/nicgep/app?component=%24DirectLink_0&page=FrontEndAdvancedSearchResult&service=direct&session=T&sp=SEUXc%2F6%2Fl29%2FbdhA77p48ZQ%3D%3D
1624,2025_RDTN_609330_1,[Construction of Sump Panchayat Union Primary School in Mullur Village and Panchayat],26-Sep-2025 05:50 PM,"Rural Development and Panchayat Raj Department||Thoothukudi,RD,TN||OTTAPIDARAM, THOOTHUKUDI,RD,TN",01-Oct-2025 05:55 PM,https://etender.up.nic.in/nicgep/app?component=%24DirectLink_0&page=FrontEndAdvancedSearchResult&service=direct&session=T&sp=SjRwxnCzelvVk0AFzJ5whAQ%3D%3D
1625,2025_HWAY_607368_6,[Upgradation of Vathalagundu road to Thimmanatham road km 0/0-7/800  TRY-75],23-Sep-2025 11:00 AM,Highways||NABARD and Rural Roads||Trichy,09-Oct-2025 11:00 AM,https://etender.up.nic.in/nicgep/app?component=%24DirectLink_0&page=FrontEndAdvancedSearchResult&service=direct&session=T&sp=S5RVzg2cv%2FMpoDgBtMk6V4w%3D%3D
1626,2025_RDTN_607674_1,[Construction of New Kitchen Shed Type-1 Panchayat Union Primary School at Vilangadu Panchayat in Chithamur Block under Puratchi Thalaivar MGR Noon Meal Scheme for the year 2024-25],23-Sep-2025 09:00 AM,Rural Development and Panchayat Raj Department||Chengalpattu RD TN||Chithamur Chengalpattu RD TN,30-Sep-2025 03:00 PM,https://etender.up.nic.in/nicgep/app?component=%24DirectLink_0&page=FrontEndAdvancedSearchResult&service=direct&session=T&sp=SRowP9URl1WDV1sSPYaGXmA%3D%3D
1627,2025_HWAY_606372_1,[Strengthening and box Culvert works to the Government roads in Mannargudi H CandM Sub division Jurisdiction TNJ98],19-Sep-2025 06:50 PM,Highways||Construction and Maintenance Wing||Thanjavur Circle,07-Oct-2025 11:30 AM,https://etender.up.nic.in/nicgep/app?component=%24DirectLink_0&page=FrontEndAdvancedSearchResult&service=direct&session=T&sp=SXEGPvcmWRZ7CaXRWuSeZTQ%3D%3D
1628,2025_EB_605224_1,[Supply of LT 3 phase angle cross arm 2000 Nos],17-Sep-2025 04:30 PM,TNEB Limited||TANGEDCO||CE-Distribution-Coimbatore - TANGEDCO||SE-Palladam - TANGEDCO,03-Oct-2025 03:00 PM,https://etender.up.nic.in/nicgep/app?component=%24DirectLink_0&page=FrontEndAdvancedSearchResult&service=direct&session=T&sp=Sql%2BuuettmWHZW%2FFcvW5ECg%3D%3D
1629,2025_GCC_608499_1,[Supply of Media device and equipment for WASH related activities],24-Sep-2025 06:55 PM,Greater Chennai Corporation - ADB Tenders||Head Quarters - GCC||D - Storm Water Drain - HQ - GCC,20-Oct-2025 03:00 PM,https://etender.up.nic.in/nicgep/app?component=%24DirectLink_0&page=FrontEndAdvancedSearchResult&service=direct&session=T&sp=S%2FTfUQzLzqElSnEYXOK2iPQ%3D%3D
1630,2025_DTP_609665_1,[15TH FINANCE    TIED GRANT 2025 26 IInd  INSTALLMENT Thevaram Town Panchayat  Providing Borewell   Mini Power Pump arrangement at Ward no 4 in Thevaram Town Panchayat],27-Sep-2025 03:45 PM,Directorate of Town Panchayats||Theni Zone||Melachokkanathapuram Town Panchayat - Theni,30-Sep-2025 03:00 PM,https://etender.up.nic.in/nicgep/app?component=%24DirectLink_0&page=FrontEndAdvancedSearchResult&service=direct&session=T&sp=Sa9ddmzSXheztVYI9XhZ%2FPw%3D%3D
1631,2025_WRD_598199_1,[Increasing the carrying capacity of Pandian Maduvu Channel from LS 20470 m to LS 21050 m surplus weir to Katpadi  Vellore Main Road to mitigate flood in Katpadi Town by constructing RCC Cut and Cover and Flood protection wall in Katpadi Taluk of Vell],29-Aug-2025 09:00 AM,Water Resources Department||CE WRD Chennai Region - Chennai||SE Upper Palar Basin Circle WRD - Vellore,07-Oct-2025 03:00 PM,https://tntenders.gov.in/nicgep/app?component=%24DirectLink&page=FrontEndLatestActiveCorrigendums&service=direct&session=T&sp=SqphUjkFxTmOw6EwkDM%2FUjg%3D%3D
1632,2025_DoTE_606399_1,"[Supply of 250 LPH R.O Water Plant for Amaravathi Girls Hostel, GCE Tirunelveli College Hostel ]",19-Sep-2025 06:00 PM,Directorate of Technical Education||Govt. Engineering College - DOTE||Government College of Engineering - Tirunelveli,06-Oct-2025 11:00 AM,https://etender.up.nic.in/nicgep/app?component=%24DirectLink_0&page=FrontEndAdvancedSearchResult&service=direct&session=T&sp=SMMALuM1EnK8W7QzVWivJ%2Fw%3D%3D
1633,2025_PWD_606041_1,[Construction of 5 Class rooms and 1 Boys toilet in Government High School Under NABARD RIDF XXXI for the year 2025-26 at Nandhimangalam in Krishnagiri District.],19-Sep-2025 03:00 PM,"PWD||PWD CE buildings||Chief  Engineer-Coimbatore Region - Coimbatore||Buildings (C and M) Circle, Salem",06-Oct-2025 03:00 PM,https://etender.up.nic.in/nicgep/app?component=%24DirectLink_0&page=FrontEndAdvancedSearchResult&service=direct&session=T&sp=SojQQfhgrdWdbZdzlEafOGw%3D%3D
1634,2025_MAWS_608044_1,[Proposed and construction of under ground drainage arrangements at sonnaiah nagar 3rd street 1st cross street in ward 88],24-Sep-2025 09:00 AM,MAWS||Madurai Municipal Corporation,06-Oct-2025 03:00 PM,https://etender.up.nic.in/nicgep/app?component=%24DirectLink_0&page=FrontEndAdvancedSearchResult&service=direct&session=T&sp=SUNVMN0hBbBK2fDjTOCkk2w%3D%3D
1635,2025_RDTN_610005_1,[Providing Cement Concrete road to Ponniyamman Kovil street in Pallipettai Panchayat in Acharapakkam  Panchayat Union in Chengalpattu  District Under MLACDS 2024-25 ],29-Sep-2025 03:00 PM,Rural Development and Panchayat Raj Department||Chengalpattu RD TN||Acharapakkam - VP Chengalpattu RD TN,07-Oct-2025 03:00 PM,https://etender.up.nic.in/nicgep/app?component=%24DirectLink_0&page=FrontEndAdvancedSearchResult&service=direct&session=T&sp=SKSI%2BPjkpQ5idW1n6OzA%2FpA%3D%3D
1636,2025_EB_608428_1,"[Dindigul EDC - Works Contract - Erection of new 11KV Koligipatty  feeder fed from 110/22-11KV Kosavapatty SS ,to transfer the load from the existing 11KV Ragalapuram  feeder fed in Rural / East / Dindigul section of EE/South /Dindigul]",24-Sep-2025 05:00 PM,TNEB Limited||TANGEDCO||CE-Distribution-Madurai - TANGEDCO||SE-Dindugal - TANGEDCO,03-Oct-2025 03:00 PM,https://etender.up.nic.in/nicgep/app?component=%24DirectLink_0&page=FrontEndAdvancedSearchResult&service=direct&session=T&sp=SedXK8ZuGw7dLeTToRxYwWA%3D%3D
1637,2025_EB_610011_1,[Formation of Reinforced Cement Concrete road along 1400 S from Ch.260.00m to Ch.360.00m inside NCTPS_I premises],29-Sep-2025 03:00 PM,TNEB Limited||TANGEDCO||CE-NCTPS-I - TANGEDCO||SE-Civil Maintenance-NCTPS-I - TANGEDCO,13-Oct-2025 02:00 PM,https://etender.up.nic.in/nicgep/app?component=%24DirectLink_0&page=FrontEndAdvancedSearchResult&service=direct&session=T&sp=SZ%2BWUQ3BMhi2ba2wisA%2FAhQ%3D%3D
1638,2025_CoC_609618_1,"[Z.O.XIV.C.NO.E2/0989-11/2025 Attending Road Cut Restoration Work CMWSSB at Sai Ganesh Nagar 20th Cross Street , Sai Ganesh Nagar Perumal Avenue Street in Dn. 191, Unit-43, Zone-14]",27-Sep-2025 02:30 PM,"Corporation of Chennai||Regional office South,CoC",29-Sep-2025 06:00 PM,https://etender.up.nic.in/nicgep/app?component=%24DirectLink_0&page=FrontEndAdvancedSearchResult&service=direct&session=T&sp=S8XDHPCcaqA2Rnr32QKte%2FQ%3D%3D
1639,2025_MAWS_609581_1,[aintenance and Repairs to ICDS Center at Uyyakondan Thirumalai Kodappu VOC street],27-Sep-2025 01:30 PM,MAWS||Tiruchirappalli City Municipal Corporation,30-Sep-2025 03:00 PM,https://etender.up.nic.in/nicgep/app?component=%24DirectLink_0&page=FrontEndAdvancedSearchResult&service=direct&session=T&sp=SC7BRJcwV7K3NyHTh2SxF%2Bw%3D%3D
1640,2025_DTP_610004_1,[General Fund 25-26 Reconstruction of Storm water drain with culvert at ward no.18 Sabari Garden North Side in Sulur Town Panchayat],29-Sep-2025 12:55 PM,"Directorate of Town Panchayats||Coimbatore Zone||Sulur Town Panchayat, Coimbatore",08-Oct-2025 03:00 PM,https://etender.up.nic.in/nicgep/app?component=%24DirectLink_0&page=FrontEndAdvancedSearchResult&service=direct&session=T&sp=Shr7jVz7fEJZrJ1dDycGTXg%3D%3D
1641,2025_CoC_603286_1,"[El.D.C.No.Centre/3929/2025/ Replacement of 1294 Mtrs of 31/2 x 25 Sqmm cable at T.P Chattiram Main Road in Div 100, Zone 8]",17-Sep-2025 03:00 PM,"Corporation of Chennai||Head Quarters,CoC",03-Oct-2025 02:15 PM,https://etender.up.nic.in/nicgep/app?component=%24DirectLink_0&page=FrontEndAdvancedSearchResult&service=direct&session=T&sp=S5Znfp9PjRBUdWlG9uUPp0A%3D%3D
1642,2025_TNMSC_599727_1,[ONLINE TENDER FOR FIXING RATE CONTRACT FOR SUPPLY AND INSTALLTION OF DEEP FREEZER -40 DEG C AND ICE LINED DEEP FRREZER -20 DEG C TO VARIOUS GOVT. INSTITUTIONS],02-Sep-2025 06:00 PM,Tamilnadu Medical Services Corporation||Equipment,30-Sep-2025 11:00 AM,https://tntenders.gov.in/nicgep/app?component=%24DirectLink&page=FrontEndLatestActiveCorrigendums&service=direct&session=T&sp=SwS8CoMrN78LfGWsnodup1g%3D%3D
1643,2025_CoC_609756_1,"[Providing  SS Handrails and Repairs to the Foothpath at madha Church road North (under Councilor Fund) in Div-126,U-25,Z-09]",27-Sep-2025 06:55 PM,"Corporation of Chennai||Regional office Central ,CoC",06-Oct-2025 03:00 PM,https://etender.up.nic.in/nicgep/app?component=%24DirectLink_0&page=FrontEndAdvancedSearchResult&service=direct&session=T&sp=SDE5rmt1QW4jAsOFD7WuE1w%3D%3D
1644,2025_CoC_609636_1,"[Formation of BT Road ganeshpuram bridge  from subway to Stephenson lane in div-45,zone-4 ]",27-Sep-2025 06:00 PM,"Corporation of Chennai||Head Quarters,CoC",03-Oct-2025 03:00 PM,https://etender.up.nic.in/nicgep/app?component=%24DirectLink_0&page=FrontEndAdvancedSearchResult&service=direct&session=T&sp=SqjZMW7hDyPZuCFSdZhLHOw%3D%3D
1645,2025_CoC_608432_1,"[IMPROVEMENT WORKS TO EXISTING DIVISION OFFICE AT PILLAIYAR KOVIL STREET, PADIKUPPAM IN DN 93, UNIT - 20, ZONE VII. ]",24-Sep-2025 06:00 PM,"Corporation of Chennai||Regional office Central ,CoC",06-Oct-2025 03:00 PM,https://etender.up.nic.in/nicgep/app?component=%24DirectLink_0&page=FrontEndAdvancedSearchResult&service=direct&session=T&sp=SDVUpdwv8GLT0b5ekbo8KPA%3D%3D
1646,2025_MAWS_607361_1,[Repair and Maintaince of Community Toilet at TMB Colony  in West Zone],22-Sep-2025 06:00 PM,MAWS||Tuticorin Municipal Corporation,30-Sep-2025 03:00 PM,https://etender.up.nic.in/nicgep/app?component=%24DirectLink_0&page=FrontEndAdvancedSearchResult&service=direct&session=T&sp=SobefxgMib9WRIf7XOOnoTg%3D%3D
1647,2025_EB_606233_1,[Fabrication and Supply of discharge chute for BFD-22 and 23 Top and Middle Portion  at Secondary Crusher House I],19-Sep-2025 05:00 PM,TNEB Limited||TANGEDCO||CE-TTPS - TANGEDCO||SE-Purchase and Administration-TTPS - TANGEDCO,08-Oct-2025 02:00 PM,https://etender.up.nic.in/nicgep/app?component=%24DirectLink_0&page=FrontEndAdvancedSearchResult&service=direct&session=T&sp=Sjl5LZ1PBro0ILt1Xw47cpA%3D%3D
1648,2025_RDTN_609392_1,[Vellore district Construction of Cement Concrete Drainage with Culvert at Indhira Nagar Nehru Street and Ambedkar Street in Sedhuvalai Panchayat Anaicut Block 15th CFC-BP 2025-2026(TIED and UNTIED) Scheme Package no  16],27-Sep-2025 09:00 AM,"Rural Development and Panchayat Raj Department||Vellore,RD,TN||ANAICUT, VELLORE,RD,TN",06-Oct-2025 03:00 PM,https://etender.up.nic.in/nicgep/app?component=%24DirectLink_0&page=FrontEndAdvancedSearchResult&service=direct&session=T&sp=S9VZzAK0HGRbpNyZ9TWa68g%3D%3D
1649,2025_FMTN_599886_1,[Appointment of Consultants to prepare Industry Transformation Roadmap for identified sectors in Tamil Nadu],03-Sep-2025 11:00 AM,FaMeTN,02-Oct-2025 11:00 AM,https://etender.up.nic.in/nicgep/app?component=%24DirectLink_0&page=FrontEndAdvancedSearchResult&service=direct&session=T&sp=S8NTarzSShPMFcc5%2BiRDcUA%3D%3D
1650,2025_RDTN_608822_1,[ODDANCHATRAM PANCHAYAT UNION NPMDMS (BP) -2025-26 TN0501 IN DINDIGUL DISTRICT],25-Sep-2025 05:15 PM,"Rural Development and Panchayat Raj Department||Dindigul,RD,TN||ODDANCHATRAM, DINDIGUL,RD,TN",30-Sep-2025 03:00 PM,https://etender.up.nic.in/nicgep/app?component=%24DirectLink_0&page=FrontEndAdvancedSearchResult&service=direct&session=T&sp=SWc3KkSkh4csNEGLJpbICkg%3D%3D
1651,2025_MAWS_607260_1,[ Construction of Anganwadi Building at KK Nagar in Ward No.64.],22-Sep-2025 11:00 AM,MAWS||Tiruchirappalli City Municipal Corporation,30-Sep-2025 03:00 PM,https://etender.up.nic.in/nicgep/app?component=%24DirectLink_0&page=FrontEndAdvancedSearchResult&service=direct&session=T&sp=SNyRMdPa6VkHyGVOS%2B9oPgQ%3D%3D
1652,2025_EB_607798_1,"[Construction of control room building with Electrification works,Bore well, Providing Transformer Plinth and various SS structures Plinth foundation, Cable duct,  and allied civil works for the New 33/11 KV SS at Upparapatty in Krishnagiri EDC]",26-Sep-2025 02:00 PM,TNEB Limited||TANGEDCO||CE-Distribution-Vellore - TANGEDCO,03-Nov-2025 05:00 PM,https://etender.up.nic.in/nicgep/app?component=%24DirectLink_0&page=FrontEndAdvancedSearchResult&service=direct&session=T&sp=SuqsiVGzw%2FiuqwJRxXD9Fnw%3D%3D
1653,2025_EB_609096_1,"[TTPS Operation Circle CAD Dismantling, fabrication and renewal of worn out 300 NB M.S Seamless pipe of Bearing cooling water supply and return pipeline in unit I from Mill plant operator room upto the valve inside the Turbine area including supply of]",26-Sep-2025 05:30 PM,TNEB Limited||TANGEDCO||CE-TTPS - TANGEDCO||SE-Operation-TTPS - TANGEDCO,13-Oct-2025 02:00 PM,https://etender.up.nic.in/nicgep/app?component=%24DirectLink_0&page=FrontEndAdvancedSearchResult&service=direct&session=T&sp=Sj5ydHQuKWn3V%2Bpq9Y%2BgJAw%3D%3D
1654,2025_CoC_609716_1,"[ Providing View Cutter for existing TNEB Transformer at Ayanavaram Road and Other 6 streets (Under MLACDS Fund) in Division-98, Unit-23, Zone-8]",27-Sep-2025 05:00 PM,"Corporation of Chennai||Regional office Central ,CoC",09-Oct-2025 03:00 PM,https://etender.up.nic.in/nicgep/app?component=%24DirectLink_0&page=FrontEndAdvancedSearchResult&service=direct&session=T&sp=SCzHlXzDxsKZGku8XvoF5vA%3D%3D
1655,2025_MAWS_609099_1,[Construction of Bus shelter at  at W No 17 odakkari in Kayalpattinam Municipality],26-Sep-2025 02:00 PM,MAWS||Kayalpattinam Municipality,30-Sep-2025 03:00 PM,https://etender.up.nic.in/nicgep/app?component=%24DirectLink_0&page=FrontEndAdvancedSearchResult&service=direct&session=T&sp=SXNdrscnxnzoEVVgbOCzExQ%3D%3D
1656,2025_MAWS_609997_1,[ Construction of storm water drain and culvert at Mangala Kudiruppu in Ward no 02],29-Sep-2025 01:00 PM,MAWS||Tirunelveli City Municipal Corporation,07-Oct-2025 03:00 PM,https://etender.up.nic.in/nicgep/app?component=%24DirectLink_0&page=FrontEndAdvancedSearchResult&service=direct&session=T&sp=SFQokZTMWPfHznipbI%2FVxyw%3D%3D
1657,2025_MAWS_608950_1,[Tiruvannamalai City Municipal Corporation Providing New PVC Pumping main to Anaipiranthan Open Well Near Shri Maha Sakthi Amman Temple in Tiruvannamalai City Municipal Corporation],26-Sep-2025 09:00 AM,MAWS||Tiruvannamalai Municipality,30-Sep-2025 03:00 PM,https://etender.up.nic.in/nicgep/app?component=%24DirectLink_0&page=FrontEndAdvancedSearchResult&service=direct&session=T&sp=S8bvuFA9F%2FnIQcnbrJo8TBw%3D%3D
1658,2025_RDTN_608417_1,[Construction of Drain and Strengthening of road at Kambanoor ST Colony road HO Kongarpalayam Panchayat in T.N.Palayam  Panchayat Union  of  Erode District under  6th FC 2022 2023 OMDGF],24-Sep-2025 05:00 PM,"Rural Development and Panchayat Raj Department||Erode,RD,TN||THOOCKANAICKENPAM, ERODE,RD,TN",08-Oct-2025 03:00 PM,https://etender.up.nic.in/nicgep/app?component=%24DirectLink_0&page=FrontEndAdvancedSearchResult&service=direct&session=T&sp=SO%2FW9t0NXmrYRuQA%2BfxkpYQ%3D%3D
1659,2025_CoC_607380_1,"[Demolition and Reconstruction of SWD of Size 900x900mm at Kamarajar Street, VOC Nagar, Rajiv Gandhi Stt, Dr. Ambedkar 1st Cross St, Bharathiyar Street, Avvaiyar Street, Thiru vi ka Street, Anna Street and Thiruvalluvar St (Part) in Dn-159, Zone-12]",25-Sep-2025 06:00 PM,"Corporation of Chennai||Regional office South,CoC",03-Oct-2025 03:00 PM,https://etender.up.nic.in/nicgep/app?component=%24DirectLink_0&page=FrontEndAdvancedSearchResult&service=direct&session=T&sp=SkW0w45KerD5gWupKnuYZjg%3D%3D
1660,2025_HWAY_605730_1,[TN.No.26 / SI.No.09 / 2025-2026 / SDO / CPT - 30],20-Sep-2025 09:00 AM,Highways||NABARD and Rural Roads||Chengalpattu,07-Oct-2025 12:00 PM,https://etender.up.nic.in/nicgep/app?component=%24DirectLink_0&page=FrontEndAdvancedSearchResult&service=direct&session=T&sp=S4SUdpZsdIqN2%2BdIJCXtHZw%3D%3D
1661,2025_EB_592882_1,[M181 PROCUREMENT OF 22KV METERING SET OF VARIOUS RATIOS],14-Aug-2025 04:10 PM,TNEB Limited||TANGEDCO||CE-Material Management - TANGEDCO,22-Oct-2025 02:00 PM,https://tntenders.gov.in/nicgep/app?component=%24DirectLink&page=FrontEndLatestActiveCorrigendums&service=direct&session=T&sp=SC7qgJbxm%2BXhPx5CySb3NKg%3D%3D
1662,2025_HWAY_604832_1,[Restoration Works -2025-26],17-Sep-2025 06:30 PM,Highways||Construction and Maintenance Wing||Coimbatore Circle||Coimbatore,03-Oct-2025 03:00 PM,https://etender.up.nic.in/nicgep/app?component=%24DirectLink_0&page=FrontEndAdvancedSearchResult&service=direct&session=T&sp=SThewZPJIGQRk%2FhoUTUyFOw%3D%3D
1663,2025_DTP_609589_1,[SPECIAL FUND 2025-2026 - 3],27-Sep-2025 03:00 PM,"Directorate of Town Panchayats||Dindigul Zone||Aravakurichi Town Panchayat, Karur",30-Sep-2025 03:00 PM,https://etender.up.nic.in/nicgep/app?component=%24DirectLink_0&page=FrontEndAdvancedSearchResult&service=direct&session=T&sp=SiVFAmCBWwYlTJC514Y0lyw%3D%3D
1664,2025_EB_598391_2,[CONSTRUCTION OF CONTROL ROOM AT MANAMADAI IN PEDC PDKT TRICHY REGION],05-Sep-2025 02:30 PM,TNEB Limited||TANGEDCO||CE-Trichy EDC - TANGEDCO,06-Oct-2025 02:30 PM,https://etender.up.nic.in/nicgep/app?component=%24DirectLink_0&page=FrontEndAdvancedSearchResult&service=direct&session=T&sp=SPJ%2FI4ASPfF4rHJ469H%2By8w%3D%3D
1665,2025_DTP_608186_1,[2025-26 15th FC Un Tied 1st Installment  Pudupalayam Town Panchayat],24-Sep-2025 09:00 AM,"Directorate of Town Panchayats||Vellore Zone||Pudupalayam Town Panchayat, Tiruvannamalai",30-Sep-2025 03:00 PM,https://etender.up.nic.in/nicgep/app?component=%24DirectLink_0&page=FrontEndAdvancedSearchResult&service=direct&session=T&sp=S6LpHflpZKDkR8Q7nVt7%2F2A%3D%3D
1666,2025_DTP_606160_1,[ Erection of bore well and Pipe line Extension at 1st ward Marthal Ammanankulam karai in Boothapandy Town Panchayat],19-Sep-2025 09:00 AM,Directorate of Town Panchayats||Nagercoil Zone||Bhoothapandy Town Panchayat,30-Sep-2025 03:00 PM,https://etender.up.nic.in/nicgep/app?component=%24DirectLink_0&page=FrontEndAdvancedSearchResult&service=direct&session=T&sp=S4FRZNTqWn6N7a4rWDqUg%2Bw%3D%3D
1667,2025_DTP_605351_1,[Providing Cement Concrete road at 6th ward Puliyadivilai to Dharmasasthankovil road in Thiruvithancode Town Panchayat ],17-Sep-2025 06:30 PM,Directorate of Town Panchayats||Nagercoil Zone||Thiruvithancode Town Panchayat,08-Oct-2025 03:00 PM,https://etender.up.nic.in/nicgep/app?component=%24DirectLink_0&page=FrontEndAdvancedSearchResult&service=direct&session=T&sp=SxyRae5vbvqzn4KIcrE6AAQ%3D%3D
1668,2025_DTP_609913_1,[15th FINANCE SCHEME 2024 2025 Renovation of Communinty Toilet Ward 15 Cumbum Road C Pudupatti Town Panchayat in C Pudupatti Town Panchayat],29-Sep-2025 09:00 AM,Directorate of Town Panchayats||Theni Zone||Pudupatti Town Panchayat - Theni,30-Sep-2025 06:00 PM,https://etender.up.nic.in/nicgep/app?component=%24DirectLink_0&page=FrontEndAdvancedSearchResult&service=direct&session=T&sp=SjrMObKylJnaYdeKNpqif6g%3D%3D
1669,2025_HWAY_606676_1,"[Construction of High level Bridge at Km 11/10 of Mulanur - Chinniyagoundenvalasu road (via) Kilangundal, Moolakadai (MD 896) in lieu of existing causeway.]",20-Sep-2025 11:00 AM,Highways||NABARD and Rural Roads||Salem,07-Oct-2025 11:00 AM,https://etender.up.nic.in/nicgep/app?component=%24DirectLink_0&page=FrontEndAdvancedSearchResult&service=direct&session=T&sp=Szwu5jWmHO%2BUdy5Upc%2Fv4aw%3D%3D
1670,2025_HWAY_600334_1,[TN.37/Sl.No.01/CPT/CRIDP Work 2025-26],17-Sep-2025 06:30 PM,Highways||Construction and Maintenance Wing||Chennai Circle,16-Oct-2025 10:15 AM,https://etender.up.nic.in/nicgep/app?component=%24DirectLink_0&page=FrontEndAdvancedSearchResult&service=direct&session=T&sp=SQq9Ut0SfriIPAD31UPvrog%3D%3D
1671,2025_DoTE_608954_1,[UPS AND BATTERIES],26-Sep-2025 04:00 PM,"Directorate of Technical Education||Govt. Polytechnic College - DOTE||Govt. Polytechnic College for Women, Madurai",23-Oct-2025 02:00 PM,https://etender.up.nic.in/nicgep/app?component=%24DirectLink_0&page=FrontEndAdvancedSearchResult&service=direct&session=T&sp=SgktJamawNy8X%2BhExc8vbPw%3D%3D
1672,2025_CGAM_604668_1,[E-TENDER CUM AUCTION OF GRANITE - SALEM DISTRICT],16-Sep-2025 06:45 PM,Commissionerate of Geology and Mining||RJD of Geology and Mining - Salem||O/o DD/AD of Geology and Mining - Salem,06-Oct-2025 06:00 PM,https://etender.up.nic.in/nicgep/app?component=%24DirectLink_0&page=FrontEndAdvancedSearchResult&service=direct&session=T&sp=SqBQbxmnWRgTMkVVwvGbexQ%3D%3D
1673,2025_MAWS_610043_2,[Tiruppur Corporation_SFC O and M_Maintenance and Repairing Work at Kanjampalayam Corporation Elementary School in Ward No 17],29-Sep-2025 03:00 PM,MAWS||Trippur City Municipal Corporation,08-Oct-2025 03:00 PM,https://etender.up.nic.in/nicgep/app?component=%24DirectLink_0&page=FrontEndAdvancedSearchResult&service=direct&session=T&sp=SKbDUTPXIWfBx7bcOzO1dnQ%3D%3D
1674,2025_MAWS_607241_1,[EDUCATION FUND-2025-2026-Supply and fixing of Submercible (1 H.P) Pump in sump and Laying of Pipe line upto Kitchen Room in ward No.8 Ayyarpadi school at Karamadai Municipality],22-Sep-2025 09:00 AM,MAWS||Karamadai Municipality,30-Sep-2025 03:00 PM,https://etender.up.nic.in/nicgep/app?component=%24DirectLink_0&page=FrontEndAdvancedSearchResult&service=direct&session=T&sp=SiP6laejojPmQe%2BADAHDN1A%3D%3D
1675,2025_MAWS_609503_1,[Construction of SWD at Hajipet 2nd Road Ward no 17 Melvisharam Municipality],27-Sep-2025 12:00 PM,MAWS||Arani Municipality,03-Oct-2025 03:00 PM,https://etender.up.nic.in/nicgep/app?component=%24DirectLink_0&page=FrontEndAdvancedSearchResult&service=direct&session=T&sp=S9hA0%2Baq%2BhLE8nCATt7G7IA%3D%3D
1676,2025_RDTN_610121_1,[Construction of New Library building at Mullukurichi village in Alathiyur Panchayat in Sendurai block of Ariyalur district under Scheme for Special Assistance to States for Capital Investment for 2023-24 ],29-Sep-2025 04:10 PM,"Rural Development and Panchayat Raj Department||Ariyalur,RD,TN||SENDURAI, ARIYALUR,RD,TN",29-Sep-2025 06:00 PM,https://etender.up.nic.in/nicgep/app?component=%24DirectLink_0&page=FrontEndAdvancedSearchResult&service=direct&session=T&sp=Sb3mKT8598ZwOTHDEOtH6kA%3D%3D
1677,2025_HWAY_598758_3,[Widening from TL to FL and Strengthening Incl Sub Works in Alangudi Subdivision TRY-46],30-Aug-2025 06:30 PM,Highways||Construction and Maintenance Wing||Trichy Circle,30-Sep-2025 11:00 AM,https://etender.up.nic.in/nicgep/app?component=%24DirectLink_0&page=FrontEndAdvancedSearchResult&service=direct&session=T&sp=SGK47HIN3t70VuQ5TWRQ1eA%3D%3D
1678,2025_TAMBC_607767_1,[Construction Of 1000 MT Storage Godown at Kumbakonam RM in Thanjavur District.],23-Sep-2025 12:15 PM,Tamilnadu State Agricultural Marketing Board Chennai,07-Oct-2025 05:45 PM,https://tntenders.gov.in/nicgep/app?component=%24DirectLink&page=FrontEndLatestActiveCorrigendums&service=direct&session=T&sp=SL6WmIOoLGXOimq5jeJtEAw%3D%3D
1679,2025_EB_605882_1,[Supply of Various sizes of SEC wire],19-Sep-2025 02:00 PM,TNEB Limited||TANGEDCO||CE-Distribution-Coimbatore - TANGEDCO||SE-Udumalpet - TANGEDCO,06-Oct-2025 02:00 PM,https://etender.up.nic.in/nicgep/app?component=%24DirectLink_0&page=FrontEndAdvancedSearchResult&service=direct&session=T&sp=SYd5H8mdklxBRTKpHHBdHAw%3D%3D
1680,2025_TNSTC_609206_1,[Valparai old Bus stand shop No.3],26-Sep-2025 04:30 PM,Tamilnadu State Transport Corporation||Coimbatore Corporation||Disposal,22-Oct-2025 11:00 AM,https://etender.up.nic.in/nicgep/app?component=%24DirectLink_0&page=FrontEndAdvancedSearchResult&service=direct&session=T&sp=SkoJuAgfXFtf%2F62doPsyDcA%3D%3D
1681,2025_DTP_606478_1,[General Fund 2025-26 Anaimalai Town panchayat],19-Sep-2025 04:00 PM,"Directorate of Town Panchayats||Coimbatore Zone||Anaimalai Town Panchayat, Coimbatore",03-Oct-2025 03:00 PM,https://tntenders.gov.in/nicgep/app?component=%24DirectLink&page=FrontEndLatestActiveCorrigendums&service=direct&session=T&sp=SOPUDJWB2SRmIQlE%2BZYxOYQ%3D%3D
1682,2025_RDTN_609339_1,[Vellore district Providing New Borewell  Dhaniyamarthur in Palampattu Panchayat Anaicut Block 15th CFC-BP 2025-2026(TIED and UNTIED) Scheme Package no  10],26-Sep-2025 06:00 PM,"Rural Development and Panchayat Raj Department||Vellore,RD,TN||ANAICUT, VELLORE,RD,TN",06-Oct-2025 03:00 PM,https://etender.up.nic.in/nicgep/app?component=%24DirectLink_0&page=FrontEndAdvancedSearchResult&service=direct&session=T&sp=S4rbTA5njvyaIsK6x%2Bt49pg%3D%3D
1683,2025_EB_605024_1,[Supply of  Analogue Power Megger],17-Sep-2025 04:00 PM,TNEB Limited||TANGEDCO||CE-Distribution-Erode - TANGEDCO||SE-Erode - TANGEDCO,30-Sep-2025 02:00 PM,https://etender.up.nic.in/nicgep/app?component=%24DirectLink_0&page=FrontEndAdvancedSearchResult&service=direct&session=T&sp=S2zMkFVmirg%2FwbSZkYZhzQw%3D%3D
1684,2025_DTP_607002_1,[Providing paver block at 14th Ward Kannamcode Karavilai in Edaicode Town Panchayat.],20-Sep-2025 05:45 PM,Directorate of Town Panchayats||Nagercoil Zone||Edaikkodu Town Panchayat,30-Sep-2025 03:00 PM,https://etender.up.nic.in/nicgep/app?component=%24DirectLink_0&page=FrontEndAdvancedSearchResult&service=direct&session=T&sp=SeBU8DqGPaTrJtlhoyhTYRg%3D%3D
1685,2025_EB_609101_1,[Supply of GI Earth Pipe 3mtre long 40 mm dia  qty 500 Nos],26-Sep-2025 01:30 PM,TNEB Limited||TANGEDCO||CE-Distribution-Coimbatore - TANGEDCO||SE-Palladam - TANGEDCO,03-Oct-2025 03:00 PM,https://etender.up.nic.in/nicgep/app?component=%24DirectLink_0&page=FrontEndAdvancedSearchResult&service=direct&session=T&sp=SUNrxT%2FIl0hhsYsx%2F5UFpaQ%3D%3D
1686,2025_RDTN_609471_3,[Providing Paver Block at Vadakku Vagaikulam Kaspa Street in Vagaikulam Panchayat],27-Sep-2025 09:00 AM,"Rural Development and Panchayat Raj Department||Tirunelveli,RD,TN||MANUR, TIRUNELVELI,RD,TN",06-Oct-2025 03:00 PM,https://etender.up.nic.in/nicgep/app?component=%24DirectLink_0&page=FrontEndAdvancedSearchResult&service=direct&session=T&sp=S5FSZcRMcdQttuCXQVsyxTw%3D%3D
1687,2025_DTP_609731_2,[ABIRAMAM 15TH FINANCE 2025-26 II Paper Bailing Machine],27-Sep-2025 05:00 PM,Directorate of Town Panchayats||Sivaganga Zone||Abiramam Town Panchayat,30-Sep-2025 03:00 PM,https://etender.up.nic.in/nicgep/app?component=%24DirectLink_0&page=FrontEndAdvancedSearchResult&service=direct&session=T&sp=SNm7ow6yOmDlY%2FPrrHOSQ9Q%3D%3D
1688,2025_DTP_609229_1,[Paravai  Town Panchayat Providing Borewell and RO Plant at Orumerchikulam in Paravai  Town Panchayat],26-Sep-2025 04:00 PM,"Directorate of Town Panchayats||Madurai Zone||Paravai Town Panchayat, Madurai",30-Sep-2025 03:00 PM,https://etender.up.nic.in/nicgep/app?component=%24DirectLink_0&page=FrontEndAdvancedSearchResult&service=direct&session=T&sp=S1lQ8RA0vgklKbVNrdPmsNw%3D%3D
1689,2025_EB_585526_1,"[SUPPLY AND ERECTION OF 500 MVA, 400/230/33 KV CLASS ICT OPEN TENDER UNDER RATE CONTRACT SYSTEM]",25-Jul-2025 05:00 PM,TNEB Limited||TANTRANSCO||CE-Transmission - TANTRANSCO||SE-Transmission II - TANTRANSCO,03-Oct-2025 02:00 PM,https://tntenders.gov.in/nicgep/app?component=%24DirectLink&page=FrontEndLatestActiveCorrigendums&service=direct&session=T&sp=S7Cx3Ud8V2mQqIdkDjEEAJA%3D%3D
1690,2025_HWAY_609375_1,[Upgradation of Panchayat Union / Panchayat Roads to Other District Roads (SLM-17)],27-Sep-2025 11:00 AM,Highways||NABARD and Rural Roads||Salem,14-Oct-2025 11:00 AM,https://etender.up.nic.in/nicgep/app?component=%24DirectLink_0&page=FrontEndAdvancedSearchResult&service=direct&session=T&sp=SK72DN38WxoJq476APkP4kw%3D%3D
1691,2025_DTP_609920_1,[General Fund 2025 2026 Providing BT Road Pothole Works in  Indra Nagar main Street and Cumbum Cross Road at C Pudupatti  Town Panchayat],29-Sep-2025 09:00 AM,Directorate of Town Panchayats||Theni Zone||Pudupatti Town Panchayat - Theni,30-Sep-2025 06:00 PM,https://etender.up.nic.in/nicgep/app?component=%24DirectLink_0&page=FrontEndAdvancedSearchResult&service=direct&session=T&sp=SjwNzAsjd0i0MVOraFDUmmg%3D%3D
1692,2025_MAWS_607612_1,"[Construction of Anganwadi centre at Purushothaman Street, Ward No.07 at Ariyalur Municipality]",23-Sep-2025 09:10 AM,MAWS||Ariyalur Municipality,08-Oct-2025 03:00 PM,https://etender.up.nic.in/nicgep/app?component=%24DirectLink_0&page=FrontEndAdvancedSearchResult&service=direct&session=T&sp=S13S32J%2FlFqnfmomggY25zA%3D%3D
1693,2025_HWAY_609837_2,[TN No 7 2025 26 SDO Dated 19.08.2025],29-Sep-2025 09:00 AM,Highways||Projects Wing||Madurai Circle,15-Oct-2025 11:00 AM,https://tntenders.gov.in/nicgep/app?component=%24DirectLink&page=FrontEndLatestActiveCorrigendums&service=direct&session=T&sp=SMydIqwUkypNLohFrCA9Kdw%3D%3D
1694,2025_EB_606525_1,[Supply of Metallic Expansion Bellows in Flash tank I to Condenser as per specification 5 Nos.],19-Sep-2025 04:35 PM,TNEB Limited||TANGEDCO||CE-MTPS-I - TANGEDCO||SE-Purchase and Administration-MTPS-I - TANGEDCO,08-Oct-2025 02:00 PM,https://etender.up.nic.in/nicgep/app?component=%24DirectLink_0&page=FrontEndAdvancedSearchResult&service=direct&session=T&sp=SYAZoeXeL2AbeWOfrmPq6Rg%3D%3D
1695,2025_HWAY_604916_1,[Bridge Works],18-Sep-2025 10:00 AM,Highways||NABARD and Rural Roads||Tirunelveli,07-Oct-2025 11:00 AM,https://etender.up.nic.in/nicgep/app?component=%24DirectLink_0&page=FrontEndAdvancedSearchResult&service=direct&session=T&sp=SQ90oUgzPmCjmN%2B2pAx5JDA%3D%3D
1696,2025_AHDF_604061_1,[HOUSEKEEPING AND SECURITY SERVICES IN KOLATHUR ORNAMENTAL FISH TRADE CENTRE],15-Sep-2025 09:00 AM,Fisheries and Fishermen Welfare Department||Inland Fisheries - Head Office||Chennai Region||Assistant Director of Fisheries -  Kancheepuram,06-Oct-2025 12:00 PM,https://tntenders.gov.in/nicgep/app?component=%24DirectLink&page=FrontEndLatestActiveCorrigendums&service=direct&session=T&sp=S8PanhdYQGwdNYjhR7rkIaA%3D%3D
1697,2025_HWAY_607000_1,[Palacode (H) CandM Sub Division (SLM-90)],22-Sep-2025 10:00 AM,Highways||Construction and Maintenance Wing||Salem Circle,23-Oct-2025 10:30 AM,https://etender.up.nic.in/nicgep/app?component=%24DirectLink_0&page=FrontEndAdvancedSearchResult&service=direct&session=T&sp=SERHPXZ1Eq3i8ywjznLR2Jw%3D%3D
1698,2025_DMA_609966_7,[Supply and Delivery of Liquid Chlorine for Pammal in Zone No.01 TCMC],29-Sep-2025 01:00 PM,Directorate Of Municipal Administration||Tambaram City Municipal Corporation,06-Oct-2025 03:00 PM,https://etender.up.nic.in/nicgep/app?component=%24DirectLink_0&page=FrontEndAdvancedSearchResult&service=direct&session=T&sp=S0cUnsRA5Twe5VEQ4X%2BPgkw%3D%3D
1699,2025_EB_602159_1,[ACTUATORS WITH GEAR BOX FOR ID FAN and BFE SCOOP],09-Sep-2025 06:30 PM,TNEB Limited||TANGEDCO||CE-NCTPS-I - TANGEDCO||SE-Purchase and Administration-NCTPS-I - TANGEDCO,03-Oct-2025 02:00 PM,https://tntenders.gov.in/nicgep/app?component=%24DirectLink&page=FrontEndLatestActiveCorrigendums&service=direct&session=T&sp=SppaPLG7UucfPu9cMAJ0ztQ%3D%3D
1700,2025_HWAY_598478_1,[VPM-074-Non Plan 2025-26],04-Sep-2025 10:00 AM,Highways||Construction and Maintenance Wing||Villupuram Circle,15-Oct-2025 12:00 PM,https://etender.up.nic.in/nicgep/app?component=%24DirectLink_0&page=FrontEndAdvancedSearchResult&service=direct&session=T&sp=Shzd0cARgKkIdKEoetuOrDw%3D%3D
1701,2025_TNPL_605536_1,[CHIPPING OF BIT WOOD USING TNPL MINI DISC CHIPPER MACHINE AT TNPL UNIT - II],19-Sep-2025 06:00 PM,Tamilnadu Newsprint and Papers Limited||TNPL Unit-2||TNPL TOS,03-Oct-2025 03:00 PM,https://tntenders.gov.in/nicgep/app?component=%24DirectLink&page=FrontEndLatestActiveCorrigendums&service=direct&session=T&sp=SfldHNNOzGknJYGSU9e%2BW2A%3D%3D
1702,2025_RDTN_609487_1,[Vellore district providing of eB deposit Electrical Arrengment Supply And Delivery of GYM Equiments of Pakkampalayam AC Colony in Pakkampalayam panchayat Anaicut Block 15th CFC-BP 2025-2026(TIED and UNTIED) Scheme Package no  36],27-Sep-2025 11:00 AM,"Rural Development and Panchayat Raj Department||Vellore,RD,TN||ANAICUT, VELLORE,RD,TN",06-Oct-2025 03:00 PM,https://etender.up.nic.in/nicgep/app?component=%24DirectLink_0&page=FrontEndAdvancedSearchResult&service=direct&session=T&sp=SDKbk%2FeFu2XAocNafDvWGdA%3D%3D
1703,2025_HRCE_576513_1,[Repairs and Renovation of Arulmigu Bhirmmapureeswarar Temple at Engan Village in Thiruvarur Taluk and District],14-Jul-2025 10:00 AM,Hindu Religious and Charitable Endowments||Joint Commissioner office - Nagapattinam||Arulmigu Bramapureeswarar Temple - Engan,06-Oct-2025 05:00 PM,https://tntenders.gov.in/nicgep/app?component=%24DirectLink&page=FrontEndLatestActiveCorrigendums&service=direct&session=T&sp=SqE2TKNv3nNu1DGwhFGDT1Q%3D%3D
1704,2025_DTP_607984_1,[General Fund - 2025-2026 - Pathamadai Town Panchayat],23-Sep-2025 05:15 PM,Directorate of Town Panchayats||Tirunelveli Zone||Pathamadai Town Panchayat,30-Sep-2025 03:00 PM,https://etender.up.nic.in/nicgep/app?component=%24DirectLink_0&page=FrontEndAdvancedSearchResult&service=direct&session=T&sp=ScMm1gUu7KTN3ZGiRwx4UyQ%3D%3D
1705,2025_RDTN_610075_1,[Vellore District Construction of Collection Channel with Horizontal Filter at Pillaiayr KoiL Street upto Erikarai in Gollamangalam Panchayat of Gudiyatham Block 15th CFC (BP) 2025 -2026 Package no 06],29-Sep-2025 03:05 PM,"Rural Development and Panchayat Raj Department||Vellore,RD,TN||GUDIYATHAM, VELLORE,RD,TN",09-Oct-2025 03:00 PM,https://etender.up.nic.in/nicgep/app?component=%24DirectLink_0&page=FrontEndAdvancedSearchResult&service=direct&session=T&sp=S8iXW3QYSLc2owd4nj52ltA%3D%3D
1706,2025_DTP_606421_1,[2025-2026 15th Finance Scheme Tied Grant (1) IInd  Installment in Alwarthirunagari Town Panchayat],19-Sep-2025 03:00 PM,Directorate of Town Panchayats||Tirunelveli Zone||Alwarthirunagiri Town Panchayat,30-Sep-2025 03:00 PM,https://etender.up.nic.in/nicgep/app?component=%24DirectLink_0&page=FrontEndAdvancedSearchResult&service=direct&session=T&sp=S%2B7U5NT9ymWp2kdS2IfBfmg%3D%3D
1707,2025_EB_602975_1,[Supply fabrication erection testing and commissioning related Electrical works of new Kadavur 33 11KV SS ],11-Sep-2025 06:00 PM,TNEB Limited||TANGEDCO||CE-Karur- TANGEDCO,04-Oct-2025 02:00 PM,https://etender.up.nic.in/nicgep/app?component=%24DirectLink_0&page=FrontEndAdvancedSearchResult&service=direct&session=T&sp=SLwbrOZJDeHk330YXHiuR8w%3D%3D
1708,2025_HWAY_601184_1,[Dharmapuri (H) CandM Division (SLM-73)],08-Sep-2025 10:00 AM,Highways||Construction and Maintenance Wing||Salem Circle,23-Oct-2025 10:30 AM,https://etender.up.nic.in/nicgep/app?component=%24DirectLink_0&page=FrontEndAdvancedSearchResult&service=direct&session=T&sp=SNz4q7i71BzMFdKSgfcMI9w%3D%3D
1709,2025_PWD_610085_1,"[Special repairs to water supply, toilet repair, doors, windows and other repairs to Government College Girls Hostel at Kancheepuram]",29-Sep-2025 03:40 PM,"PWD||PWD CE buildings||Buildings (C and M) Circle, PWD, Vellore||Buildings (C and M) Division, PWD, Kancheepuram",09-Oct-2025 03:00 PM,https://etender.up.nic.in/nicgep/app?component=%24DirectLink_0&page=FrontEndAdvancedSearchResult&service=direct&session=T&sp=S3lnNKNbiKii3MYu57O8hwg%3D%3D
1710,2025_DTP_605201_1,[15th Finance - Untied Grant - 2025-26 - 2nd Installment Providing pipeline extension from existing bore well at near Lutheran church to Ward No.6 OHT in Villukuri Town Panchayat.],17-Sep-2025 04:05 PM,Directorate of Town Panchayats||Nagercoil Zone||Villukuri Town Panchayat,30-Sep-2025 03:00 PM,https://etender.up.nic.in/nicgep/app?component=%24DirectLink_0&page=FrontEndAdvancedSearchResult&service=direct&session=T&sp=S8E4xzcOfIRZL4DC5yHg4Sw%3D%3D
1711,2025_RDTN_609545_1,[ Improvements of road from Kadaiyathupatti Kilakku Paguthi Muthal Veethi road in Silattur Panchayat],27-Sep-2025 01:00 PM,"Rural Development and Panchayat Raj Department||Pudhukottai,RD,TN||ARANTANGI - VP, PUDUKKOTTAI,RD,TN",06-Oct-2025 03:00 PM,https://etender.up.nic.in/nicgep/app?component=%24DirectLink_0&page=FrontEndAdvancedSearchResult&service=direct&session=T&sp=SOMM5nA8ELyWgbmv5D4ZQ5w%3D%3D
1712,2025_HWAY_598534_1,[VPM-060-CRIDP 2025-26],04-Sep-2025 10:00 AM,Highways||Construction and Maintenance Wing||Villupuram Circle,15-Oct-2025 12:00 PM,https://etender.up.nic.in/nicgep/app?component=%24DirectLink_0&page=FrontEndAdvancedSearchResult&service=direct&session=T&sp=Sk9%2BfXCSJSPSNKDDilrABgw%3D%3D
1713,2025_DTP_607513_1,[2025-26 -15th Finance Commission - 2nd Installment Tied Grant],22-Sep-2025 04:55 PM,"Directorate of Town Panchayats||Cuddalore Zone||Bhuvanagiri Town Panchayat, Cuddalore",03-Oct-2025 03:00 PM,https://tntenders.gov.in/nicgep/app?component=%24DirectLink&page=FrontEndLatestActiveCorrigendums&service=direct&session=T&sp=SNFnGgoXDjTmYba1dSI0LYg%3D%3D
1714,2025_HRCE_607894_1,"[Construction of New Marriage Hall Building in  Arulmigu Thiyagarajaswamy Temple, Thiruvarur Town and Taluk, Thiruvarur District]",26-Sep-2025 10:00 AM,Hindu Religious and Charitable Endowments||Joint Commissioner office - Nagapattinam||Arulmigu Thiyagarajaswmay Temple - Thiruvarur,13-Oct-2025 05:00 PM,https://etender.up.nic.in/nicgep/app?component=%24DirectLink_0&page=FrontEndAdvancedSearchResult&service=direct&session=T&sp=SubrU9D4x%2BTGUHPNlYm8PHQ%3D%3D
1715,2025_MAWS_593022_1,[Improvements of Water Supply Distribution System (Balance Work) to  Madhuranthagam Municipality],14-Aug-2025 04:00 PM,MAWS||Madhuranthagam Municipality,06-Oct-2025 03:00 PM,https://tntenders.gov.in/nicgep/app?component=%24DirectLink&page=FrontEndLatestActiveCorrigendums&service=direct&session=T&sp=Sa1pi0%2FWGFQxaaqquSVC1Sg%3D%3D
1716,2025_DoTE_602872_1,[SUPPLY OF CONSUMABLE ITEMS FOR ELECTRONICS LAB],11-Sep-2025 04:00 PM,"Directorate of Technical Education||Govt. Polytechnic College - DOTE||Govt. Polytechnic College, Gandharvakottai",06-Oct-2025 10:00 AM,https://tntenders.gov.in/nicgep/app?component=%24DirectLink&page=FrontEndLatestActiveCorrigendums&service=direct&session=T&sp=S5IfBJSLhnrOnZo82COGM%2FQ%3D%3D
1717,2025_EB_605217_1,[Supply of Multifunction Laser printer at the Central stores/ GCC/Trichy],17-Sep-2025 05:00 PM,TNEB Limited||TANTRANSCO||CE-Transmission Projects-II-Trichy - TANTRANSCO||SE-GCC-Trichy - TANTRANSCO,01-Oct-2025 03:00 PM,https://etender.up.nic.in/nicgep/app?component=%24DirectLink_0&page=FrontEndAdvancedSearchResult&service=direct&session=T&sp=Snl%2FYt%2FNKU1Cd4W7kYk1usA%3D%3D
1718,2025_TNPL_608373_1,[Transformer Oil filtration work in Paper Machine area],24-Sep-2025 05:30 PM,Tamilnadu Newsprint and Papers Limited||TNPL Unit-1||TNPL TOS,03-Oct-2025 03:00 PM,https://etender.up.nic.in/nicgep/app?component=%24DirectLink_0&page=FrontEndAdvancedSearchResult&service=direct&session=T&sp=STbQK%2FpyMDnofs5il4VuXEw%3D%3D
1719,2025_DTP_608812_1,[Chennimalai TP General Fund 2025-2026],25-Sep-2025 05:00 PM,"Directorate of Town Panchayats||Erode Zone||Chennimalai Town Panchayat, Erode",30-Sep-2025 03:00 PM,https://etender.up.nic.in/nicgep/app?component=%24DirectLink_0&page=FrontEndAdvancedSearchResult&service=direct&session=T&sp=S5dDh%2BVmqEvCeOWhceTn6Yg%3D%3D
1720,2025_RDTN_609140_1,[ CONSTRUCTION OF LIBRARY BUILDING AT Manamadai Aathithiravidar theru  IN  Odappaviduthi PANCHAYAT ],26-Sep-2025 04:00 PM,"Rural Development and Panchayat Raj Department||Pudhukottai,RD,TN||KARAMBAKUDI, PUDUKKOTTAI,RD,TN",07-Oct-2025 03:00 PM,https://etender.up.nic.in/nicgep/app?component=%24DirectLink_0&page=FrontEndAdvancedSearchResult&service=direct&session=T&sp=SY2VG9B6KXfHP%2FixTDuBpDA%3D%3D
1721,2025_MAWS_608941_1,"[Repair and maintenance of Anganvadi centre no 3321020606,L.N.Puram1 at Aranthangi Municipality.]",26-Sep-2025 09:00 AM,MAWS||Aranthangi Municipality,30-Sep-2025 03:00 PM,https://etender.up.nic.in/nicgep/app?component=%24DirectLink_0&page=FrontEndAdvancedSearchResult&service=direct&session=T&sp=SzXBNNNlDNAFDy2cKKuZdew%3D%3D
1722,2025_EB_604210_1,[E tender for Providing One No  Diesel Petrol driven Vehicle Van Jeep on Hire basis for official use of the Assistant Executive Engineer TLC  III Trichy  for a period of one year from the date of utilization of vehicle],15-Sep-2025 03:00 PM,TNEB Limited||TANTRANSCO||CE-Transmission Projects-II-Trichy - TANTRANSCO||SE-GCC-Trichy - TANTRANSCO,03-Oct-2025 02:00 PM,https://etender.up.nic.in/nicgep/app?component=%24DirectLink_0&page=FrontEndAdvancedSearchResult&service=direct&session=T&sp=SB4fINdF7FJrColxqh%2BH2OA%3D%3D
1723,2025_EB_585594_1,[Hiring of 1.No diesel driven Van/Jeep/car for the official use of the Executive Engineer / Operation / Vinnamangalam 230 KV SS.],25-Jul-2025 06:00 PM,TNEB Limited||TANTRANSCO||CE-System Operation-Chennai - TANTRANSCO||SE-Operation-Tiruvalam - TANTRANSCO,03-Oct-2025 02:00 PM,https://tntenders.gov.in/nicgep/app?component=%24DirectLink&page=FrontEndLatestActiveCorrigendums&service=direct&session=T&sp=SgD8j9PjLvPAx5GqiJ%2BYdxQ%3D%3D
1724,2025_TNPL_603158_1,[Dismantling and Erection of MDT Agitator and SA and PA Fan Non-Metallic Expansion Bellow in RB 3 at SRP - Mechanical in TNPL Unit - I],12-Sep-2025 05:00 PM,Tamilnadu Newsprint and Papers Limited||TNPL Unit-1||TNPL TOS,03-Oct-2025 03:00 PM,https://tntenders.gov.in/nicgep/app?component=%24DirectLink&page=FrontEndLatestActiveCorrigendums&service=direct&session=T&sp=SdPTGzBRSAlXIJUIRdvpqhQ%3D%3D
1725,2025_TNCSF_604137_1,[SLUICE GATE VALVE],15-Sep-2025 05:00 PM,Department of Sugar||MADURANTAKAM COOPERATIVE SUGAR MILLS LTD,06-Oct-2025 11:00 AM,https://tntenders.gov.in/nicgep/app?component=%24DirectLink&page=FrontEndLatestActiveCorrigendums&service=direct&session=T&sp=SbqwMWyLTCFRYW9jzXW2slQ%3D%3D
1726,2025_DTP_609670_1,[KORADACHERY TOWN PANCHAYAT GENERAL FUND Restoration Of Pot Holes  CC Patchwork  at  G.G.Hr.Sec.School Road in KoradacheryTown Panchayat],27-Sep-2025 04:00 PM,"Directorate of Town Panchayats||Thanjavur Zone||Koradacheri Town Panchayat, Thiruvarur",30-Sep-2025 03:00 PM,https://etender.up.nic.in/nicgep/app?component=%24DirectLink_0&page=FrontEndAdvancedSearchResult&service=direct&session=T&sp=S9G5uPNSQuDgfZcby5WUx%2FA%3D%3D
1727,2025_RDTN_606483_1,[CONSTRUCTION OF BATHING GHAT AT VARAHA RIVER AT GULLAPURAM PANCHAYAT],19-Sep-2025 05:00 PM,"Rural Development and Panchayat Raj Department||Theni,RD,TN||PERIYAKULAM - VP, THENI,RD,TN",30-Sep-2025 03:00 PM,https://etender.up.nic.in/nicgep/app?component=%24DirectLink_0&page=FrontEndAdvancedSearchResult&service=direct&session=T&sp=S8l4tOqs%2FEBnljEw6i8F0aw%3D%3D
1728,2025_HWAY_606912_1,[TN No 45 2025 26 HDO Dt 08 09 2025 TVM 134],22-Sep-2025 11:00 AM,Highways||Construction and Maintenance Wing||Tiruvannamalai Circle,16-Oct-2025 11:00 AM,https://etender.up.nic.in/nicgep/app?component=%24DirectLink_0&page=FrontEndAdvancedSearchResult&service=direct&session=T&sp=SHFGY%2BcZl263llDfKtAeymw%3D%3D
1729,2025_TIDCO_605001_1,"[REQUEST FOR PROPOSAL FOR SELECTION OF CONSULTANT FOR PREPARATION OF MASTER PLAN FOR DEVELOPMENT OF A GLOBAL CITY AT MADURANTHAKAM TALUK, CHENGALPATTU DISTRICT, TAMIL NADU]",17-Sep-2025 11:25 AM,Tamil Nadu Industrial Development Corporation Ltd,24-Oct-2025 03:00 PM,https://etender.up.nic.in/nicgep/app?component=%24DirectLink_0&page=FrontEndAdvancedSearchResult&service=direct&session=T&sp=Shx7XGqHiucKCM7n9QrTjag%3D%3D
1730,2025_MAWS_605451_40,[CUDDALORE CORPORATION -   ReConstruction of Storm Water Drain and Culvert at ward areas in ward no 41 in cuddalore corporation	],19-Sep-2025 02:00 PM,MAWS||Cuddalore Municipality,30-Sep-2025 03:00 PM,https://etender.up.nic.in/nicgep/app?component=%24DirectLink_0&page=FrontEndAdvancedSearchResult&service=direct&session=T&sp=SgotomaGRq3cTICd2AfaeqQ%3D%3D
1731,2025_EB_607811_1,[Improvement works for control room building by providing minor civil works in roof and wall of Krishnapuram 110 KV SS at Perambalur],23-Sep-2025 02:00 PM,TNEB Limited||TANGEDCO||CE-Trichy EDC - TANGEDCO||SE-Perambalur - TANGEDCO,07-Oct-2025 02:00 PM,https://etender.up.nic.in/nicgep/app?component=%24DirectLink_0&page=FrontEndAdvancedSearchResult&service=direct&session=T&sp=SHWEt3LREyPsgzzzV39k0Ag%3D%3D
1732,2025_TNPL_603146_1,[Removal and Fitment of Stationary Engines at Auto Section in TNPL Unit-I],12-Sep-2025 05:00 PM,Tamilnadu Newsprint and Papers Limited||TNPL Unit-1||TNPL TOS,03-Oct-2025 03:00 PM,https://tntenders.gov.in/nicgep/app?component=%24DirectLink&page=FrontEndLatestActiveCorrigendums&service=direct&session=T&sp=S1be4QSPk93INtsKBdBhJjQ%3D%3D
1733,2025_HE_599777_1,[civil works],23-Sep-2025 10:00 AM,Higher Education||Bharathiar University||University Engineering Office,29-Sep-2025 05:00 PM,https://etender.up.nic.in/nicgep/app?component=%24DirectLink_0&page=FrontEndAdvancedSearchResult&service=direct&session=T&sp=S2ITFYGQVB1EciS1EH4Npjg%3D%3D
1734,2025_MAWS_608089_1,[Providing paver block arrangements at managiri north street in ward 33],24-Sep-2025 06:55 PM,MAWS||Madurai Municipal Corporation,06-Oct-2025 03:00 PM,https://etender.up.nic.in/nicgep/app?component=%24DirectLink_0&page=FrontEndAdvancedSearchResult&service=direct&session=T&sp=SbTTuu%2FzgOiiP%2F%2FobSCJkJg%3D%3D
1735,2025_HRCE_543263_1,"[Removing and  Refixing work for Arulmigu Tiruvengada Nainar Tirukovil, Alasuvadi, Kalkulam Taluk, Kanniyakumari District]",11-Apr-2025 06:00 PM,Hindu Religious and Charitable Endowments||Joint Commissioner office - Tirunelveli||Arulmigu Thiruvengada Nayinar Temple-Alachudi,30-Sep-2025 02:00 PM,https://tntenders.gov.in/nicgep/app?component=%24DirectLink&page=FrontEndLatestActiveCorrigendums&service=direct&session=T&sp=SCXJOZOTQH0SchrWlOKOiEw%3D%3D
1736,2025_DTP_604904_1,[15th Finance Tied Grant-2025-26- Providing new bore well and water supply arrangements at Arasumoordu play ground  and anganwadi in Kulasekharam Town Panchayat.],16-Sep-2025 06:55 PM,Directorate of Town Panchayats||Nagercoil Zone||Kulasekharam Town Panchayat,30-Sep-2025 03:00 PM,https://etender.up.nic.in/nicgep/app?component=%24DirectLink_0&page=FrontEndAdvancedSearchResult&service=direct&session=T&sp=SwAR9%2FYo24llzqKQS1Yfk1w%3D%3D
1737,2025_HWAY_606250_1,[Widening from Single lane to Intermediate lane and Strengthening at Km.4/2 - 6/0 of Pandi - Karpaganatharkulam road TNJ-90],19-Sep-2025 06:50 PM,Highways||Construction and Maintenance Wing||Thanjavur Circle,07-Oct-2025 11:30 AM,https://etender.up.nic.in/nicgep/app?component=%24DirectLink_0&page=FrontEndAdvancedSearchResult&service=direct&session=T&sp=SW7dkCezKgfrZ3XgbiHVFPg%3D%3D
1738,2025_DoTE_598642_1,[Supply and Installation of Tally ERP software for Logistics Technology Department],01-Sep-2025 12:00 PM,"Directorate of Technical Education||Govt. Polytechnic College - DOTE||Tamil Nadu Polytechnic College, TPK Road, Madurai",07-Oct-2025 12:00 PM,https://tntenders.gov.in/nicgep/app?component=%24DirectLink&page=FrontEndLatestActiveCorrigendums&service=direct&session=T&sp=SK%2B0pySL%2BhMClxuOVgWwu8w%3D%3D
1739,2025_EB_606612_1,"[Construction of Control room, providing plinth foundations for structuresand other allied civil works for the establishment of 33/11 KV substation at Silal in Perambalur EDC in Trichy Region ]",20-Sep-2025 10:00 AM,TNEB Limited||TANGEDCO||CE-Trichy EDC - TANGEDCO,24-Oct-2025 02:30 PM,https://etender.up.nic.in/nicgep/app?component=%24DirectLink_0&page=FrontEndAdvancedSearchResult&service=direct&session=T&sp=ScXHUWCjtY%2BS1dOlepWn9WA%3D%3D
1740,2025_HWAY_603698_2,[Construction of High Level bridge at km 41/6 of Mannargudi - Orathanadu - Thiruvonam Road in lieu of existing causeway],15-Sep-2025 10:00 AM,Highways||NABARD and Rural Roads||Trichy,07-Oct-2025 11:00 AM,https://etender.up.nic.in/nicgep/app?component=%24DirectLink_0&page=FrontEndAdvancedSearchResult&service=direct&session=T&sp=S5rfxyFzF74Rf%2F8Z8DTyn6w%3D%3D
1741,2025_TNPCB_603013_1,[Selection of an Institution for the Preparation of Detailed Project Report for Climate Smart Market for Madurai ],12-Sep-2025 09:00 AM,Tamil Nadu Pollution Control Board,15-Oct-2025 03:00 PM,https://tntenders.gov.in/nicgep/app?component=%24DirectLink&page=FrontEndLatestActiveCorrigendums&service=direct&session=T&sp=SaAnMRAPY9JZTmr7Jj5YaKw%3D%3D
1742,2025_HWAY_600139_1,[TN.34/Sl.No.02/KPM/CRIDP Work 2025-26],11-Sep-2025 06:30 PM,Highways||Construction and Maintenance Wing||Chennai Circle,16-Oct-2025 10:15 AM,https://etender.up.nic.in/nicgep/app?component=%24DirectLink_0&page=FrontEndAdvancedSearchResult&service=direct&session=T&sp=Sq0U%2B1kf%2BkLfNcllDx5J7jA%3D%3D
1743,2025_PWD_606321_1,[Providing four Units of six Body Cold Storage twetny four Bodies for Additional Cold Storage Room in Government Rajaji Hospital at Madurai],23-Sep-2025 05:30 PM,"PWD||PWD CE buildings||Chief Engineer - Madurai Region - Madurai||Buildings (C and M) Circle, Madurai||Buildings Construction Division, Madurai",08-Oct-2025 03:00 PM,https://etender.up.nic.in/nicgep/app?component=%24DirectLink_0&page=FrontEndAdvancedSearchResult&service=direct&session=T&sp=SAhFg%2FY0BSbYwVgsopjOE7Q%3D%3D
1744,2025_RDTN_608695_1,[Vellore district  Providing Cement Concrete Pavement in tharmaraja kovil near etharaj house to ramakrishnan kammasamuthiram   Panchayat in Kaniyambadi Block General Fund 2025-26 PACKAGE NO 11],25-Sep-2025 02:00 PM,"Rural Development and Panchayat Raj Department||Vellore,RD,TN||KANIAMBADI, VELLORE,RD,TN",10-Oct-2025 03:00 PM,https://etender.up.nic.in/nicgep/app?component=%24DirectLink_0&page=FrontEndAdvancedSearchResult&service=direct&session=T&sp=SrOJvaH68C51jYYYs%2Fqa7EQ%3D%3D
1745,2025_EB_609054_1,[TTPS  Mech II AHP Unit 1  2  3  4  5 ESP  Operation and maintenance of PDFAC system and wet sluice system including materials for the collection of 56 500 MT fly ash in Unit I to V from the date of handing over of site],26-Sep-2025 02:00 PM,TNEB Limited||TANGEDCO||CE-TTPS - TANGEDCO||SE-Mechanical Maintenance II-TTPS - TANGEDCO,13-Oct-2025 02:00 PM,https://etender.up.nic.in/nicgep/app?component=%24DirectLink_0&page=FrontEndAdvancedSearchResult&service=direct&session=T&sp=ScTscroWUh6lWdPwYJLHHcQ%3D%3D
1746,2025_RDTN_608147_1,[Erection of Submersible Pumpset Arrangements at Mugan Koil 2nd Street in Puthukoorapettai Panchayat],24-Sep-2025 09:00 AM,"Rural Development and Panchayat Raj Department||Cuddalore,RD,TN||VIRUDHACHALAM - VP,CUDDALORE,RD,TN",03-Oct-2025 04:00 PM,https://etender.up.nic.in/nicgep/app?component=%24DirectLink_0&page=FrontEndAdvancedSearchResult&service=direct&session=T&sp=Ssrlu7UponZAaUKfh55K9zQ%3D%3D
1747,2025_RDTN_609467_1,"[Construction of 60000 Litres OHT at Pazhaya Mangadu H/O Mangadu Panchayat in Arcot Block, Ranipet District]",27-Sep-2025 10:00 AM,Rural Development and Panchayat Raj Department||Ranipet RD TN||Arcot Ranipet RD TN,06-Oct-2025 03:00 PM,https://etender.up.nic.in/nicgep/app?component=%24DirectLink_0&page=FrontEndAdvancedSearchResult&service=direct&session=T&sp=SOn7XKxl4s9HH%2BAIwTjpOGg%3D%3D
1748,2025_DTP_609810_1,[15th CFC 2025-2026 Tied (SWM) IVth call],27-Sep-2025 06:55 PM,Directorate of Town Panchayats||Sivaganga Zone||Kandanur Town Panchayat,06-Oct-2025 03:00 PM,https://etender.up.nic.in/nicgep/app?component=%24DirectLink_0&page=FrontEndAdvancedSearchResult&service=direct&session=T&sp=Sydyy5mlUcov6fDis7O3IFA%3D%3D
1749,2025_EB_605740_1,[MTPS I  O circle TS  Supply of one number Diesel driven van having seating capacity 9 etc],18-Sep-2025 06:00 PM,TNEB Limited||TANGEDCO||CE-MTPS-I - TANGEDCO||SE-Operation-MTPS-I - TANGEDCO,03-Oct-2025 02:00 PM,https://etender.up.nic.in/nicgep/app?component=%24DirectLink_0&page=FrontEndAdvancedSearchResult&service=direct&session=T&sp=ScSgqT44y8b9LUHwFErmHXQ%3D%3D
1750,2025_MAWS_608146_1,[supply and delivery and replcement of 35HP VHT motor and pump at vallanadu head work],24-Sep-2025 10:00 AM,MAWS||Tuticorin Municipal Corporation,06-Oct-2025 03:00 PM,https://etender.up.nic.in/nicgep/app?component=%24DirectLink_0&page=FrontEndAdvancedSearchResult&service=direct&session=T&sp=S9pOlTAWIze649cO3o9%2BkXA%3D%3D
1751,2025_RDTN_608677_1,[CONSTRUCTION OF STOREROOM CUM KITCHENSHED AT PUMS AT ODAIKADU],25-Sep-2025 02:00 PM,"Rural Development and Panchayat Raj Department||The Nilgiris,RD,TN||UTHAGAMANDALAM, THE NILGIRIS,RD,TN",30-Sep-2025 03:00 PM,https://etender.up.nic.in/nicgep/app?component=%24DirectLink_0&page=FrontEndAdvancedSearchResult&service=direct&session=T&sp=Slf0fxdQcMa6NxwSrAjfm8A%3D%3D
1752,2025_DTP_609657_1,[Construction of Drain with Coverslab and footpath at Kerada in Ketti Town Panchayat],27-Sep-2025 05:00 PM,"Directorate of Town Panchayats||Udhagamandalam||Keti Town Panchayat, The Nilgiris",30-Sep-2025 03:00 PM,https://etender.up.nic.in/nicgep/app?component=%24DirectLink_0&page=FrontEndAdvancedSearchResult&service=direct&session=T&sp=SXmJ%2FxhjDXqe4n3hCu14BlQ%3D%3D
1753,2025_MAWS_609834_1,[Supplying and Filling of Well  Gravel at Ward No 23 Tikka Nagar in Usilampatti Municipality],29-Sep-2025 09:00 AM,MAWS||Tirumangalam Municipality,06-Oct-2025 03:00 PM,https://etender.up.nic.in/nicgep/app?component=%24DirectLink_0&page=FrontEndAdvancedSearchResult&service=direct&session=T&sp=SxK7CdJRONL6Oeo%2FYjlJRXA%3D%3D
1754,2025_PWD_606059_1,[Construction of Silkworm Seed Rearing Building in Large Scale Silk Farm at Kollati in Krishnagiri District.],19-Sep-2025 03:00 PM,"PWD||PWD CE buildings||Chief  Engineer-Coimbatore Region - Coimbatore||Buildings (C and M) Circle, Salem",06-Oct-2025 03:00 PM,https://etender.up.nic.in/nicgep/app?component=%24DirectLink_0&page=FrontEndAdvancedSearchResult&service=direct&session=T&sp=S%2FAxlzCTOnVdiQkT5GBGCQw%3D%3D
1755,2025_SWWED_602304_1,[Supply of 5640 (Five Thousand Six Hundred and Forty) numbers of eight gram gold coins with 22 carat purity],10-Sep-2025 12:30 PM,Social Welfare and Women Empowerment Department||Commissionerate of Social Welfare,09-Oct-2025 03:00 PM,https://etender.up.nic.in/nicgep/app?component=%24DirectLink_0&page=FrontEndAdvancedSearchResult&service=direct&session=T&sp=SVECvZXf%2Bg%2FTzaX7FeIauwA%3D%3D
1756,2025_DTP_608120_1,[Improvements of road at Enayam Pulivilai road in Keezhkulam town panchayat.],24-Sep-2025 09:00 AM,Directorate of Town Panchayats||Nagercoil Zone||Kilkuzam Town Panchayat,30-Sep-2025 03:00 PM,https://etender.up.nic.in/nicgep/app?component=%24DirectLink_0&page=FrontEndAdvancedSearchResult&service=direct&session=T&sp=Ssk%2Fa2z8PYfHt0%2Boqo%2F4%2Fpw%3D%3D
1757,2025_HWAY_601218_1,[Krishnagiri (H) CandM Sub Division (SLM-79)],08-Sep-2025 10:00 AM,Highways||Construction and Maintenance Wing||Salem Circle,23-Oct-2025 10:30 AM,https://etender.up.nic.in/nicgep/app?component=%24DirectLink_0&page=FrontEndAdvancedSearchResult&service=direct&session=T&sp=Sp4jSUi6qgn8Ro8AfY0X70Q%3D%3D
1758,2025_EB_607754_1,"[Construction of control room building with Electrification works,Bore well, Providing Transformer Plinth and various SS structures Plinth foundation, Cable duct,  allied civil works for 33/11KVSS at Vellakuttai in TEDC Tirupattur]",26-Sep-2025 02:00 PM,TNEB Limited||TANGEDCO||CE-Distribution-Vellore - TANGEDCO,03-Nov-2025 05:00 PM,https://etender.up.nic.in/nicgep/app?component=%24DirectLink_0&page=FrontEndAdvancedSearchResult&service=direct&session=T&sp=S7izuzbXIYaRlLR7a8fUysA%3D%3D
1759,2025_SETC_597700_1,"[SUPPLY OF MEALS ,CURD AND TEA TO OUR EMPLOYEES AT  THANJAVUR  DEPOT.]",27-Aug-2025 04:30 PM,State Express Transport Corporation Tamilnadu Limited||Chennai-Materials,03-Oct-2025 03:00 PM,https://tntenders.gov.in/nicgep/app?component=%24DirectLink&page=FrontEndLatestActiveCorrigendums&service=direct&session=T&sp=S%2F8E%2Fg7s2583NUKMl2Dv0Fg%3D%3D
1760,2025_RDTN_608128_1,[Thoothukudi District -TN/Tut-01/2025-26-SCPAR-Pudur Block - Construction of library building at Srilankan Tamil Refugees Camp at Thappathi Panchayat in Pudur Block ],24-Sep-2025 09:00 AM,"Rural Development and Panchayat Raj Department||Thoothukudi,RD,TN",03-Oct-2025 03:00 PM,https://etender.up.nic.in/nicgep/app?component=%24DirectLink_0&page=FrontEndAdvancedSearchResult&service=direct&session=T&sp=SWfZSYyuFoIJ1Q6FeVwc9OA%3D%3D
1761,2025_HWAY_595624_1,[CRIDP 2025 - 2026],25-Aug-2025 06:00 PM,Highways||Construction and Maintenance Wing||Coimbatore Circle,09-Oct-2025 10:30 AM,https://etender.up.nic.in/nicgep/app?component=%24DirectLink_0&page=FrontEndAdvancedSearchResult&service=direct&session=T&sp=S5yZE6SGuUp6RtgEsRS74VQ%3D%3D
1762,2025_EB_608901_1,[SE/CEDC/N/CBE/19/2025-26],25-Sep-2025 06:50 PM,TNEB Limited||TANGEDCO||CE-Distribution-Coimbatore - TANGEDCO||SE-Coimbatore-North - TANGEDCO,09-Oct-2025 02:00 PM,https://etender.up.nic.in/nicgep/app?component=%24DirectLink_0&page=FrontEndAdvancedSearchResult&service=direct&session=T&sp=S5bb0IAKkoCNpojBt0v5XFg%3D%3D
1763,2025_MAWS_609387_1,[Construction of Kitchen cum store building at Corporation Elementary School at K.K.Nagar in Ward No.64.],27-Sep-2025 09:00 AM,MAWS||Tiruchirappalli City Municipal Corporation,30-Sep-2025 03:00 PM,https://etender.up.nic.in/nicgep/app?component=%24DirectLink_0&page=FrontEndAdvancedSearchResult&service=direct&session=T&sp=SH0uSDpMA0uCIFCZK5qJC7A%3D%3D
1764,2025_RDTN_590681_1,"[Construction of New Health Building at Periyagaram Panchayat in Polur Block, Tiruvannamalai District]",08-Aug-2025 04:00 PM,"Rural Development and Panchayat Raj Department||Tiruvannamalai,RD,TN||POLUR - VP, TIRUVANNAMALAI,RD,TN",30-Sep-2025 03:00 PM,https://tntenders.gov.in/nicgep/app?component=%24DirectLink&page=FrontEndLatestActiveCorrigendums&service=direct&session=T&sp=SJIalpm0Z3Ps4%2BhkKgvSqqg%3D%3D
1765,2025_EB_606522_1,"[SUPPLY OF INSITU PROBE TYPE ON LINE CO, SOx, NOx, CO2 FLUE GAS ANALYSER WITH ACCESSORIES FOR UNIT IV OF TTPS ]",19-Sep-2025 04:45 PM,TNEB Limited||TANGEDCO||CE-TTPS - TANGEDCO||SE-Purchase and Administration-TTPS - TANGEDCO,08-Oct-2025 02:00 PM,https://etender.up.nic.in/nicgep/app?component=%24DirectLink_0&page=FrontEndAdvancedSearchResult&service=direct&session=T&sp=S%2Bx6XHF4fqIH4I3YtcymcUg%3D%3D
1766,2025_HWAY_606761_1,[TN No 44 2025 26 HDO Dt 06 09 2025 TVM 130],22-Sep-2025 11:00 AM,Highways||Construction and Maintenance Wing||Tiruvannamalai Circle,16-Oct-2025 11:00 AM,https://etender.up.nic.in/nicgep/app?component=%24DirectLink_0&page=FrontEndAdvancedSearchResult&service=direct&session=T&sp=S6Ctvl37sorxXrMmopczU6A%3D%3D
1767,2025_CoC_609042_1,"[Roadcut restoration made by CMWSSB Dept at Sankara Madam Street,Venugopal samy street and Vasantha Garden 1st Lane  in Division-70, Unit-16, Zone-6]",26-Sep-2025 03:00 PM,"Corporation of Chennai||Regional office Central ,CoC",13-Oct-2025 03:00 PM,https://etender.up.nic.in/nicgep/app?component=%24DirectLink_0&page=FrontEndAdvancedSearchResult&service=direct&session=T&sp=SjmIYNp9lG2MzIjBvdUk70A%3D%3D
1768,2025_EB_605258_1,[Supply of Stay set complete 2500 set],17-Sep-2025 04:45 PM,TNEB Limited||TANGEDCO||CE-Distribution-Coimbatore - TANGEDCO||SE-Palladam - TANGEDCO,03-Oct-2025 03:00 PM,https://etender.up.nic.in/nicgep/app?component=%24DirectLink_0&page=FrontEndAdvancedSearchResult&service=direct&session=T&sp=S71bFfeOdz0j9fhabvPH2Qw%3D%3D
1769,2025_TNCSF_608638_1,[Purchase of digital vibration meter],25-Sep-2025 01:05 PM,Department of Sugar||MADURANTAKAM COOPERATIVE SUGAR MILLS LTD,03-Oct-2025 11:00 AM,https://etender.up.nic.in/nicgep/app?component=%24DirectLink_0&page=FrontEndAdvancedSearchResult&service=direct&session=T&sp=SjW1qExnkk4wp4HvKphRA7g%3D%3D
1770,2025_DoTE_602328_1,[Equipments for Mechatronics ],10-Sep-2025 05:00 PM,Directorate of Technical Education||Govt. Engineering College - DOTE||Government  College of Engineering - Srirangam,29-Sep-2025 05:00 PM,https://etender.up.nic.in/nicgep/app?component=%24DirectLink_0&page=FrontEndAdvancedSearchResult&service=direct&session=T&sp=SwML68KEJL%2BiMulFf7slHAg%3D%3D
1771,2025_MAWS_605429_5,[Providing Plain joined Cement Concrete Pavement to Runway of New Bus Stand Extension in Perambalur Municipality.],19-Sep-2025 11:00 AM,MAWS||Perambalur Municipality,03-Oct-2025 03:00 PM,https://tntenders.gov.in/nicgep/app?component=%24DirectLink&page=FrontEndLatestActiveCorrigendums&service=direct&session=T&sp=SnO%2BJANYg8keEEHnlHCDJFw%3D%3D
1772,2025_RDTN_609193_1,[Construction of Kitchen Shed in Govt Hr Sec School at Kovilure panchayat],26-Sep-2025 04:00 PM,"Rural Development and Panchayat Raj Department||Cuddalore,RD,TN||NALLUR,CUDDALORE,RD,TN",03-Oct-2025 03:00 PM,https://etender.up.nic.in/nicgep/app?component=%24DirectLink_0&page=FrontEndAdvancedSearchResult&service=direct&session=T&sp=SeuTrsavuniQHldvZfuTqSA%3D%3D
1773,2025_HWAY_598070_1,[CRIDP 2025 - 2026 (CMRDP)],29-Aug-2025 06:00 PM,Highways||Construction and Maintenance Wing||Coimbatore Circle,30-Sep-2025 10:30 AM,https://etender.up.nic.in/nicgep/app?component=%24DirectLink_0&page=FrontEndAdvancedSearchResult&service=direct&session=T&sp=SrtxpvxdoQAz8MukSEDGH5A%3D%3D
1774,2025_EB_602431_1,[Katchanam 33 11 KV SS Civil Works],10-Sep-2025 02:00 PM,TNEB Limited||TANGEDCO||CE-Thanjavur - TANGEDCO,06-Oct-2025 12:00 PM,https://etender.up.nic.in/nicgep/app?component=%24DirectLink_0&page=FrontEndAdvancedSearchResult&service=direct&session=T&sp=SJBa5FbRYL18JO8MYpac4Ug%3D%3D
1775,2025_EB_604771_1,[CE-MTPSI-SE-ES-CI-OT73-25-26],16-Sep-2025 06:00 PM,TNEB Limited||TANGEDCO||CE-MTPS-I - TANGEDCO||SE-Electrical Systems-MTPS-I - TANGEDCO,03-Oct-2025 02:00 PM,https://etender.up.nic.in/nicgep/app?component=%24DirectLink_0&page=FrontEndAdvancedSearchResult&service=direct&session=T&sp=SQW1uUPEQAakHXOSctXaNBQ%3D%3D
1776,2025_DTP_608191_1,[2025-26 15th FC Tied 2nd Installment  Pudupalayam Town Panchayat],24-Sep-2025 09:00 AM,"Directorate of Town Panchayats||Vellore Zone||Pudupalayam Town Panchayat, Tiruvannamalai",30-Sep-2025 03:00 PM,https://etender.up.nic.in/nicgep/app?component=%24DirectLink_0&page=FrontEndAdvancedSearchResult&service=direct&session=T&sp=S8fIRMzovJbwbtkquj%2BziUw%3D%3D
1777,2025_HWAY_609152_1,[Upgradation of Panchayat Union / Panchayat Roads to Other District Roads (SLM-38)],27-Sep-2025 11:00 AM,Highways||NABARD and Rural Roads||Salem,14-Oct-2025 11:00 AM,https://etender.up.nic.in/nicgep/app?component=%24DirectLink_0&page=FrontEndAdvancedSearchResult&service=direct&session=T&sp=SyygutE%2FYImmCit0Qr3nIhA%3D%3D
1778,2025_RDTN_608360_1,[BDOKRM/309/2025/A3 / 15CFC / EXTENSION OF PIPELINE DISTRIBUTION MAIN AND PROVIDING FHTCS AT NORTH SIDE IN KALINGAPATTI VILLAGE OF KALINGAPATTI PANCHAYAT FHTC 200],24-Sep-2025 06:00 PM,Rural Development and Panchayat Raj Department||Tenkasi RD TN||Kuruvikulam Tenkasi RD TN,29-Sep-2025 05:00 PM,https://etender.up.nic.in/nicgep/app?component=%24DirectLink_0&page=FrontEndAdvancedSearchResult&service=direct&session=T&sp=SEKXvB47BNggVFyWCD%2FG7fQ%3D%3D
1779,2025_TNCSF_607252_1,[Supply of Spare for Mud Pump],22-Sep-2025 10:45 AM,Department of Sugar||VELLORE COOPERATIVE SUGAR MILLS LTD,06-Oct-2025 12:00 PM,https://tntenders.gov.in/nicgep/app?component=%24DirectLink&page=FrontEndLatestActiveCorrigendums&service=direct&session=T&sp=Sm%2FJwDlVN0u8hlW%2FSWHMSdQ%3D%3D
1780,2025_RDTN_609691_1,"[Providing Cement Concrete Pavement to MG Nagar Phase XII Streets at Adhanoor Panchayat, Kundrathur Panchayat Union, Kanchipuram District under Village Panchayat General  Scheme Funds of the Year 2025-26]",29-Sep-2025 09:00 AM,"Rural Development and Panchayat Raj Department||Kancheepuram,RD,TN||KUNRATHUR, KANCHEEPURAM,RD,TN",07-Oct-2025 03:00 PM,https://etender.up.nic.in/nicgep/app?component=%24DirectLink_0&page=FrontEndAdvancedSearchResult&service=direct&session=T&sp=SOb%2BmWm87w8DW2gmaQr6Wjw%3D%3D
1781,2025_DTP_607441_1,[2025-26 -15th Finance Commission - 1st Installment Tied Grant],22-Sep-2025 03:25 PM,"Directorate of Town Panchayats||Cuddalore Zone||Bhuvanagiri Town Panchayat, Cuddalore",03-Oct-2025 03:00 PM,https://tntenders.gov.in/nicgep/app?component=%24DirectLink&page=FrontEndLatestActiveCorrigendums&service=direct&session=T&sp=S5LU1yot9Du2pH9nYXTQuKQ%3D%3D
1782,2025_MAWS_609498_1,[EAUCTION FOR WEEKLY MARKET SHOP NO 29],27-Sep-2025 01:00 PM,MAWS||Vellakoil Municipality,10-Oct-2025 11:00 AM,https://etender.up.nic.in/nicgep/app?component=%24DirectLink_0&page=FrontEndAdvancedSearchResult&service=direct&session=T&sp=SJ%2BhSyF2zhkojZt6jx6UDVw%3D%3D
1783,2025_RDTN_606496_1,[PROVIDING PAVER BLOCK FROM CO-OPERATIVE SOCIETY TO ANAIKARAIPATTI ROAD AT GULLAPURAM IN GULLAPURAM PANCHAYAT],19-Sep-2025 05:00 PM,"Rural Development and Panchayat Raj Department||Theni,RD,TN||PERIYAKULAM - VP, THENI,RD,TN",30-Sep-2025 03:00 PM,https://etender.up.nic.in/nicgep/app?component=%24DirectLink_0&page=FrontEndAdvancedSearchResult&service=direct&session=T&sp=SrUkS6C%2BNn6K8xFZUYQ6%2FVQ%3D%3D
1784,2025_EB_602825_1,[NCTPS II 2 X 600 MW Operation circle O E Division  Unit  I To carry out shift works and recording of equipment parameters at various locations of ESP Boiler 40 mtr Turbine 0 mtr  Turbine 8 5  17 5 mtr and common locations such as FOPH and Switch Yard],11-Sep-2025 01:30 PM,TNEB Limited||TANGEDCO||CE-NCTPS-II - TANGEDCO||SE-Operation-NCTPS-II - TANGEDCO,03-Oct-2025 02:00 PM,https://tntenders.gov.in/nicgep/app?component=%24DirectLink&page=FrontEndLatestActiveCorrigendums&service=direct&session=T&sp=SVrKntwmc7FhVs%2BZe5%2Bb9Ng%3D%3D
1785,2025_HWAY_605809_1,[Non Plan 2025-26],22-Sep-2025 06:00 PM,Highways||Construction and Maintenance Wing||Coimbatore Circle,09-Oct-2025 10:30 AM,https://etender.up.nic.in/nicgep/app?component=%24DirectLink_0&page=FrontEndAdvancedSearchResult&service=direct&session=T&sp=SBr5LAs3onZMIa3GQnop0aQ%3D%3D
1786,2025_EB_608433_1,"[Extension of existing Control Room Building  ,Providing foundation concrete structure ,Transformer Plinth, Cable Duct  and other Civil related works for the introduction of 110 33kV ratio in the existing  110 11 kV SS at Vanjipalayam]",24-Sep-2025 05:00 PM,TNEB Limited||TANTRANSCO||CE-Transmission Projects-II-Trichy - TANTRANSCO||SE-GCC-Trichy - TANTRANSCO,13-Oct-2025 02:00 PM,https://etender.up.nic.in/nicgep/app?component=%24DirectLink_0&page=FrontEndAdvancedSearchResult&service=direct&session=T&sp=S6yWUC7Cxyw6paWAHgsqFGA%3D%3D
1787,2025_RDTN_609598_1,[Construction of Additional Building at Subbiapuram PUPS in Alagiapandiapuram Panchayat],27-Sep-2025 04:30 PM,"Rural Development and Panchayat Raj Department||Tirunelveli,RD,TN||MANUR, TIRUNELVELI,RD,TN",06-Oct-2025 03:00 PM,https://etender.up.nic.in/nicgep/app?component=%24DirectLink_0&page=FrontEndAdvancedSearchResult&service=direct&session=T&sp=SxFPsF3EBPX%2BTV1z3yE5gnw%3D%3D
1788,2025_RDTN_608671_1,[CONSTRUCTION OF STOREROOM CUM KITCHENSHED AT GHSS AT ITHALAR],25-Sep-2025 02:00 PM,"Rural Development and Panchayat Raj Department||The Nilgiris,RD,TN||UTHAGAMANDALAM, THE NILGIRIS,RD,TN",30-Sep-2025 03:00 PM,https://etender.up.nic.in/nicgep/app?component=%24DirectLink_0&page=FrontEndAdvancedSearchResult&service=direct&session=T&sp=SrNk%2BQKB6BRmnRp0DLCe9aA%3D%3D
1789,2025_TNPHC_608438_1,[Construction of New building for Fire and Rescue Services Station with development works at Kodaikanal in Dindigul District],25-Sep-2025 05:00 PM,Tamil Nadu Police Housing Corporation||Supdt. Engineer(South Circle) - TNPHC||Madurai Division - TNPHC||Dindigul Sub Division - TNPHC,03-Oct-2025 06:00 PM,https://etender.up.nic.in/nicgep/app?component=%24DirectLink_0&page=FrontEndAdvancedSearchResult&service=direct&session=T&sp=SzamS3DmmHtj4%2FtEfeVXoXA%3D%3D
1790,2025_EB_563682_1,[Procurement of 420KV Outdoor  SF6 Circuit Breakers],31-May-2025 05:00 PM,TNEB Limited||TANTRANSCO||CE-Transmission - TANTRANSCO,07-Oct-2025 02:00 PM,https://tntenders.gov.in/nicgep/app?component=%24DirectLink&page=FrontEndLatestActiveCorrigendums&service=direct&session=T&sp=S1O9lHxsa6%2B%2BuFtBb4IiuQw%3D%3D
1791,2025_EB_607387_1,[supply of spares for boiler goods cum passenger lift ],22-Sep-2025 03:00 PM,TNEB Limited||TANGEDCO||CE-NCTPS-II - TANGEDCO||SE-Purchase and Administration-NCTPS-II - TANGEDCO,07-Oct-2025 02:00 PM,https://etender.up.nic.in/nicgep/app?component=%24DirectLink_0&page=FrontEndAdvancedSearchResult&service=direct&session=T&sp=Sh43TCTUKI3YJWsK%2Fn%2FEHzA%3D%3D
1792,2025_MAWS_605451_22,[CUDDALORE CORPORATION -  Construction of Culvert at Ramasamy and Sanjeevirayan Kovil street in ward no 22 ],19-Sep-2025 04:00 PM,MAWS||Cuddalore Municipality,30-Sep-2025 03:00 PM,https://etender.up.nic.in/nicgep/app?component=%24DirectLink_0&page=FrontEndAdvancedSearchResult&service=direct&session=T&sp=SkpsM7wWnHk68dMK4HrBfGw%3D%3D
1793,2025_EB_602987_1,[Establishment of new 33/11kv ss at Pallavaram(civil works) under turn key],11-Sep-2025 05:40 PM,TNEB Limited||TANGEDCO||CE-Thiruvannamalai - TANGEDCO,13-Oct-2025 02:00 PM,https://etender.up.nic.in/nicgep/app?component=%24DirectLink_0&page=FrontEndAdvancedSearchResult&service=direct&session=T&sp=ScvtBwmoa19O6nQECONg5%2FQ%3D%3D
1794,2025_HWAY_604014_1,[Krishnagiri (H) CandM Sub Division (SLM-85)],15-Sep-2025 10:00 AM,Highways||Construction and Maintenance Wing||Salem Circle,23-Oct-2025 10:30 AM,https://etender.up.nic.in/nicgep/app?component=%24DirectLink_0&page=FrontEndAdvancedSearchResult&service=direct&session=T&sp=SbOPu3zifcH01fzAhaVd4Pw%3D%3D
1795,2025_MAWS_607533_1,"[15th CFC 2025-26 Tied WS Providing and Laying Distribution Main at Ward no.02,04,05,06,18,27,29,31 and 33 in Kadayanallur Municipality]",23-Sep-2025 11:00 AM,MAWS||Kadayanallur Municipality,06-Oct-2025 03:00 PM,https://etender.up.nic.in/nicgep/app?component=%24DirectLink_0&page=FrontEndAdvancedSearchResult&service=direct&session=T&sp=SwZfs1ZZG1y1gVG97xOAAJA%3D%3D
1796,2025_MAWS_609841_1,[Request for proposal to selection of food service provider for Chief Ministers Breakfast Scheme to School Children in Karaikudi City Municipal Corporation.],29-Sep-2025 09:00 AM,MAWS||Karaikudi Municipality,15-Oct-2025 03:00 PM,https://etender.up.nic.in/nicgep/app?component=%24DirectLink_0&page=FrontEndAdvancedSearchResult&service=direct&session=T&sp=SZFYOitc3qD5mm1CCb%2FLDMA%3D%3D
1797,2025_RDTN_608747_1,[Renewal BT Road From Keeranatham Ananthakumar House to Mariyamman Kovil Near Bus Stand H/o Keeranatham Panchayat],25-Sep-2025 03:00 PM,"Rural Development and Panchayat Raj Department||Coimbatore,RD,TN||SARKARSAMAKULAM, COIMBATORE,RD,TN",30-Sep-2025 03:00 PM,https://etender.up.nic.in/nicgep/app?component=%24DirectLink_0&page=FrontEndAdvancedSearchResult&service=direct&session=T&sp=SUSycgYmpc6gFISdY5lMlfQ%3D%3D
1798,2025_HWAY_597753_1,"[Widening, Strengthening, Junction Improvements and Box Culvert works to the Government roads in Nagapattinam H CandM Subdivision Jurisdiction TNJ-44]",01-Sep-2025 03:00 PM,Highways||Construction and Maintenance Wing||Thanjavur Circle,07-Oct-2025 11:30 AM,https://etender.up.nic.in/nicgep/app?component=%24DirectLink_0&page=FrontEndAdvancedSearchResult&service=direct&session=T&sp=SefKknhvvAQEF4E5RPbByrA%3D%3D
1799,2025_HWAY_609385_1,[Upgradation of Panchayat Union / Panchayat Roads to Other District Roads (SLM-19)],27-Sep-2025 11:00 AM,Highways||NABARD and Rural Roads||Salem,14-Oct-2025 11:00 AM,https://etender.up.nic.in/nicgep/app?component=%24DirectLink_0&page=FrontEndAdvancedSearchResult&service=direct&session=T&sp=SEwzhV9eO1vCS1H%2F4RrWD1Q%3D%3D
1800,2025_RDTN_609246_1,[PUDUKKOTTAI DISTRICT Rate Contract for Supply and Delivery of HSD Steel Bars of dia. 8 mm and 10 mm required for all the Blocks for the Year 2025-26],26-Sep-2025 04:30 PM,"Rural Development and Panchayat Raj Department||Pudhukottai,RD,TN",17-Oct-2025 03:00 PM,https://etender.up.nic.in/nicgep/app?component=%24DirectLink_0&page=FrontEndAdvancedSearchResult&service=direct&session=T&sp=S%2B47VaEz2PjV0btqg1DkVRQ%3D%3D
1801,2025_WRD_605011_1,[Rehabilitation of Distributary canal at mile 35-6-080 of Mettur East Bank Canal in Komarapalayam Taluk of Namakkal District],19-Sep-2025 10:00 AM,Water Resources Department||CE WRD Trichy Region - Trichy||SE Upper Cauvery Basin Circle WRD - Salem,23-Oct-2025 03:00 PM,https://etender.up.nic.in/nicgep/app?component=%24DirectLink_0&page=FrontEndAdvancedSearchResult&service=direct&session=T&sp=SJ%2BO2mlQZYAaevk6rH9t1nw%3D%3D
1802,2025_RDTN_604787_1,[Tirupathur District MLACDS 2025-26 Construction of Passenger Shelter at Kandhili in Kandhili Panchayat Package No.01],19-Sep-2025 09:00 AM,Rural Development and Panchayat Raj Department||Tirupathur RD TN||Kandili Tirupathur RD TN,30-Sep-2025 03:00 PM,https://etender.up.nic.in/nicgep/app?component=%24DirectLink_0&page=FrontEndAdvancedSearchResult&service=direct&session=T&sp=S0vr09FjKCpXcyI%2BoONEokA%3D%3D
1803,2025_RDTN_608771_1,[Upgradation of The Street from Lakshmi Puram Phase -I Jeyaraj House to Keerathi House in Main Streets and Cut Streets H/o Keeranatham Panchayat (195 M ],25-Sep-2025 04:00 PM,"Rural Development and Panchayat Raj Department||Coimbatore,RD,TN||SARKARSAMAKULAM, COIMBATORE,RD,TN",30-Sep-2025 03:00 PM,https://etender.up.nic.in/nicgep/app?component=%24DirectLink_0&page=FrontEndAdvancedSearchResult&service=direct&session=T&sp=SDWg04cayttXn%2BNBcS3nDgQ%3D%3D
1804,2025_RDTN_608758_1,[Vellore district Providing protection wall cum Flatform and Electrification work for ANGANWADI Building at MOTHAKAL Panchayat in Kaniyambadi Block General Fund 2025-26 PACKAGE NO 20],25-Sep-2025 04:00 PM,"Rural Development and Panchayat Raj Department||Vellore,RD,TN||KANIAMBADI, VELLORE,RD,TN",10-Oct-2025 03:00 PM,https://etender.up.nic.in/nicgep/app?component=%24DirectLink_0&page=FrontEndAdvancedSearchResult&service=direct&session=T&sp=SzvNjUd%2F4SerXEIt78F3TkQ%3D%3D
1805,2025_RDTN_609279_1,[Providing Cement Concrete Pavement from  Chinnamathampalayam Kottai privu Onnipalayam Road to Karthick  house    H/O Billichi panchayat  in Periyanaickenpalayam Block ],26-Sep-2025 05:00 PM,"Rural Development and Panchayat Raj Department||Coimbatore,RD,TN||P.N.PALAYAM, COIMBATORE,RD,TN",07-Oct-2025 03:00 PM,https://etender.up.nic.in/nicgep/app?component=%24DirectLink_0&page=FrontEndAdvancedSearchResult&service=direct&session=T&sp=StssHK5hVaT4vQneHjTCr2Q%3D%3D
1806,2025_DTP_607490_1,[Providing Metal Beam Crash Barrier at  ward no 15 balaji nagar east side  ddai at Ettha koil road  in  Aundipatti  Town Panchayat],22-Sep-2025 04:40 PM,Directorate of Town Panchayats||Theni Zone||Andipatti Town Panchayat - Theni,07-Oct-2025 03:00 PM,https://etender.up.nic.in/nicgep/app?component=%24DirectLink_0&page=FrontEndAdvancedSearchResult&service=direct&session=T&sp=SIb%2FPq6MePZn7eMaFDf29kg%3D%3D
1807,2025_DTP_609627_1,[6th Finance 2025-2026-5],27-Sep-2025 03:00 PM,"Directorate of Town Panchayats||Dindigul Zone||Aravakurichi Town Panchayat, Karur",30-Sep-2025 03:00 PM,https://etender.up.nic.in/nicgep/app?component=%24DirectLink_0&page=FrontEndAdvancedSearchResult&service=direct&session=T&sp=SQKcorWI9t%2Flhs7Yf9PU4tw%3D%3D
1808,2025_MAWS_609341_1,[WATER SUPPLY FUND-2025-2026-supply and Fixing of 5HP Motor and Extension of Water supply Pipe Line at Ward No.6 Kuttaiur Area in Karamadai Municipality.],26-Sep-2025 06:00 PM,MAWS||Karamadai Municipality,30-Sep-2025 03:00 PM,https://etender.up.nic.in/nicgep/app?component=%24DirectLink_0&page=FrontEndAdvancedSearchResult&service=direct&session=T&sp=S1rrDrhauMQzpezcljMOjGQ%3D%3D
1809,2025_MAWS_608086_1,[ Namakkal City Municipal Corporation - Hire charges for rentel vehicles to Health section ],24-Sep-2025 09:00 AM,MAWS||Nammakkal Municipality,07-Oct-2025 03:00 PM,https://etender.up.nic.in/nicgep/app?component=%24DirectLink_0&page=FrontEndAdvancedSearchResult&service=direct&session=T&sp=S7HHGf%2FwqJPLcCyS2vTe%2FeQ%3D%3D
1810,2025_HWAY_606144_1,[TN 40 25 26 Tirupur Division TPR 086],19-Sep-2025 05:30 PM,Highways||Construction and Maintenance Wing||Tiruppur Circle,09-Oct-2025 10:45 AM,https://etender.up.nic.in/nicgep/app?component=%24DirectLink_0&page=FrontEndAdvancedSearchResult&service=direct&session=T&sp=SGuguP3QNf2%2F%2BE6enbHQTYA%3D%3D
1811,2025_EB_607385_1,"[Supply of various sizes of LT, Copper, Armoured Cables ]",22-Sep-2025 02:00 PM,TNEB Limited||TANGEDCO||CE-TTPS - TANGEDCO||SE-Purchase and Administration-TTPS - TANGEDCO,08-Oct-2025 02:00 PM,https://etender.up.nic.in/nicgep/app?component=%24DirectLink_0&page=FrontEndAdvancedSearchResult&service=direct&session=T&sp=S9gqimwvZkpRc4uFNJdPd6w%3D%3D
1812,2025_TWAD_584766_1,"[Implementation of ESM by Supply Installation and Commissioning of 137 EEP Capacitor Bank Harmonics Filter Transformer and OandM of 37 P Stations across 10 WSS in CBE Region Pkg1 on SSM under PPP mode Implementation Period 8 months ,OandM Period 10yrs]",23-Jul-2025 06:10 PM,TWAD||CE-WR/Coimbatore,10-Oct-2025 03:00 PM,https://tntenders.gov.in/nicgep/app?component=%24DirectLink&page=FrontEndLatestActiveCorrigendums&service=direct&session=T&sp=S4VK9B6q44MdMO3W4HVdZ8A%3D%3D
1813,2025_DoTE_609171_1,[Chemistry Consumable  Equipment],27-Sep-2025 12:50 PM,Directorate of Technical Education||Govt. Aided Polytechnic College - DOTE||Sri Ramakrishna Mission Vidyalaya Poly. College,13-Oct-2025 09:30 AM,https://etender.up.nic.in/nicgep/app?component=%24DirectLink_0&page=FrontEndAdvancedSearchResult&service=direct&session=T&sp=SMc5nwvVq1Q7flOjIcmv2Vw%3D%3D
1814,2025_PWD_610058_1,"[Special repairs to leaky roof, toilets, water supply, sanitary arrangements and other repairs in Government College Boys Hostel at Kancheepuram]",29-Sep-2025 03:30 PM,"PWD||PWD CE buildings||Buildings (C and M) Circle, PWD, Vellore||Buildings (C and M) Division, PWD, Kancheepuram",07-Oct-2025 03:00 PM,https://etender.up.nic.in/nicgep/app?component=%24DirectLink_0&page=FrontEndAdvancedSearchResult&service=direct&session=T&sp=SOFMN0Ijk66YpF2JdKwowwQ%3D%3D
1815,2025_MAWS_605429_2,[Removal of existing disfunctioned Diffuser and insatllation of new Diffuser arrangements to areation tank at STP],19-Sep-2025 11:00 AM,MAWS||Perambalur Municipality,03-Oct-2025 03:00 PM,https://tntenders.gov.in/nicgep/app?component=%24DirectLink&page=FrontEndLatestActiveCorrigendums&service=direct&session=T&sp=SYB1WfL5luJ1JurGfRvkrdA%3D%3D
1816,2025_TNSTC_607610_1,[Face Lifting Work for Kumbakonam Region],23-Sep-2025 10:00 AM,Tamilnadu State Transport Corporation||Kumbakonam Corporation,03-Oct-2025 11:00 AM,https://etender.up.nic.in/nicgep/app?component=%24DirectLink_0&page=FrontEndAdvancedSearchResult&service=direct&session=T&sp=SuNSf027YYOAW5h8ExYQbbg%3D%3D
1817,2025_MAWS_605451_31,[CUDDALORE CORPORATION -  ReConstruction of Storm Water Drain and Culvert at Ambedkar Nagar Ward 31	],18-Sep-2025 06:00 PM,MAWS||Cuddalore Municipality,30-Sep-2025 03:00 PM,https://etender.up.nic.in/nicgep/app?component=%24DirectLink_0&page=FrontEndAdvancedSearchResult&service=direct&session=T&sp=SNvWfCtaDXtJd4RBBkSo1lQ%3D%3D
1818,2025_EB_604372_1,[IMPROVEMENT WORK FOR THE CONTROL ROOM BUILDING BY ARRESTING LEAKAGE WITH UV RESISTANT HYBRID WATER PROFFING],20-Sep-2025 01:00 PM,TNEB Limited||TANGEDCO||CE-Trichy EDC - TANGEDCO||SE-Pudukottai EDC - TANGEDCO,03-Oct-2025 02:00 PM,https://etender.up.nic.in/nicgep/app?component=%24DirectLink_0&page=FrontEndAdvancedSearchResult&service=direct&session=T&sp=SAJeZiKPUrEVbG%2FaUqqHxfQ%3D%3D
1819,2025_MAWS_589553_1,[Providing Underground Sewerage System in poonamallee Municipality],06-Aug-2025 12:00 PM,MAWS||Poonamallee Municipality,15-Oct-2025 03:00 PM,https://tntenders.gov.in/nicgep/app?component=%24DirectLink&page=FrontEndLatestActiveCorrigendums&service=direct&session=T&sp=SoMi%2BddkXTmuSJoCptnzfzg%3D%3D
1820,2025_TNMIN_602041_1,[Fixation of Procurement cum Processing contractor for supplying Purpery Red granite slab materials],10-Sep-2025 10:00 AM,Tamil Nadu Minerals Limited||Head Office - TNMIN||Production - TNMIN,09-Oct-2025 04:00 PM,https://tntenders.gov.in/nicgep/app?component=%24DirectLink&page=FrontEndLatestActiveCorrigendums&service=direct&session=T&sp=SyIDXd1IG6Z7Z8gBRY%2F91og%3D%3D
1821,2025_SETC_595674_1,[TENDER FOR THE WORK OF BUS WASHING INSIDE AND OUT SIDE OF VARIOUS TYPES OF BUSES IN SETC THANJAVUR DEPOT.],21-Aug-2025 04:00 PM,State Express Transport Corporation Tamilnadu Limited,07-Oct-2025 03:00 PM,https://tntenders.gov.in/nicgep/app?component=%24DirectLink&page=FrontEndLatestActiveCorrigendums&service=direct&session=T&sp=SMU39fpS47BaPijFbi9lLFQ%3D%3D
1822,2025_CoC_606031_1,"[Tender for Construction of Stormwater drain along T.N.H.B Colony 6th Street, Joseph Colony 1st Street in Dn.175, Zone 13.]",18-Sep-2025 06:45 PM,"Corporation of Chennai||Regional office South,CoC",03-Oct-2025 03:00 PM,https://tntenders.gov.in/nicgep/app?component=%24DirectLink&page=FrontEndLatestActiveCorrigendums&service=direct&session=T&sp=S9wQ%2BR3pVazRpocsSWbC1Tw%3D%3D
1823,2025_TCMPF_608445_1,[LABOUR CONTRACTOR],24-Sep-2025 06:00 PM,Tamilnadu Co-op Milk Producers Federation Ltd.||TDCMPU Ltd-Tirupur-TCMPF,27-Oct-2025 10:30 AM,https://etender.up.nic.in/nicgep/app?component=%24DirectLink_0&page=FrontEndAdvancedSearchResult&service=direct&session=T&sp=S7%2FDsZNtSqA2TaK1BaFqNIg%3D%3D
1824,2025_MAWS_609997_5,[Construction of Drianage at Ramalinga street in Ward No. 11],29-Sep-2025 04:00 PM,MAWS||Tirunelveli City Municipal Corporation,07-Oct-2025 03:00 PM,https://etender.up.nic.in/nicgep/app?component=%24DirectLink_0&page=FrontEndAdvancedSearchResult&service=direct&session=T&sp=S5yaLWQIbMjxcQ%2FddAMHOGA%3D%3D
1825,2025_EB_610055_1,[T.S.No.020/2025-26 of SE/GCC/SALEM(MM) - Hiring of Diesel Driven Van / Jeep  Registered within 10  years for the  use of  the  Asst. Executive Engineer/  TLC / Thiruvalam at Vellore - 632006 for a period of  One  year  on   daily  Hire basis. ],29-Sep-2025 03:00 PM,TNEB Limited||TANTRANSCO||CE-Transmission Projects-I-Chennai - TANTRANSCO||SE-GCC-Salem - TANTRANSCO,13-Oct-2025 02:00 PM,https://etender.up.nic.in/nicgep/app?component=%24DirectLink_0&page=FrontEndAdvancedSearchResult&service=direct&session=T&sp=Sz63gb%2BCVXtTH9B8Wjgl6wA%3D%3D
1826,2025_HWAY_607368_11,[Upgradation of Panchayat Union /Panchayat Roads to Other District Roads TRY-80],23-Sep-2025 11:00 AM,Highways||NABARD and Rural Roads||Trichy,09-Oct-2025 11:00 AM,https://etender.up.nic.in/nicgep/app?component=%24DirectLink_0&page=FrontEndAdvancedSearchResult&service=direct&session=T&sp=SEDBIU%2FjLGDkE5jTBqJc2VA%3D%3D
1827,2025_MAWS_608943_1,"[Repair and maintenance of Anganvadi centre no 3321020611,Pattukottai road  at Aranthangi Municipality.]",26-Sep-2025 09:00 AM,MAWS||Aranthangi Municipality,30-Sep-2025 03:00 PM,https://etender.up.nic.in/nicgep/app?component=%24DirectLink_0&page=FrontEndAdvancedSearchResult&service=direct&session=T&sp=SJNDhHply5I6bmnFjRQEZ9w%3D%3D
1828,2025_HWAY_601174_1,[Namakkal (H) CandM Division (SLM-72)],08-Sep-2025 10:00 AM,Highways||Construction and Maintenance Wing||Salem Circle,23-Oct-2025 10:30 AM,https://etender.up.nic.in/nicgep/app?component=%24DirectLink_0&page=FrontEndAdvancedSearchResult&service=direct&session=T&sp=ScXMsCc06tMoTvX1UVeEzHg%3D%3D
1829,2025_TNSTC_609074_1,[Valparai old Bus stand shop No.2],26-Sep-2025 04:00 PM,Tamilnadu State Transport Corporation||Coimbatore Corporation||Disposal,22-Oct-2025 11:00 AM,https://etender.up.nic.in/nicgep/app?component=%24DirectLink_0&page=FrontEndAdvancedSearchResult&service=direct&session=T&sp=SV3QByOZYZRRlX0llCHt9aw%3D%3D
1830,2025_MAWS_601336_1,[Repair and Maintenance and Provision of Furniture Items  at Nadunanaparappu Municipal Elementry  in Pugalur Municipality],08-Sep-2025 09:00 AM,MAWS||Pugalur Municipality,07-Oct-2025 03:00 PM,https://tntenders.gov.in/nicgep/app?component=%24DirectLink&page=FrontEndLatestActiveCorrigendums&service=direct&session=T&sp=SvZLCOn4mXoX7citjRkyG9w%3D%3D
1831,2025_AHDF_604018_1,[Leasing of Sspace for food court at Kolathur Ornamental fish trade centre-Chennai],15-Sep-2025 09:00 AM,Fisheries and Fishermen Welfare Department||Inland Fisheries - Head Office||Chennai Region||Assistant Director of Fisheries -  Kancheepuram,06-Oct-2025 12:00 PM,https://tntenders.gov.in/nicgep/app?component=%24DirectLink&page=FrontEndLatestActiveCorrigendums&service=direct&session=T&sp=Skt2NeOMHRwKLiIoGC%2BXSRg%3D%3D
1832,2025_EB_607538_1,[MTPS I BM Unit III Boiler pressure parts AOH 2025 Disposal of Ash from Pent house Eco hopper deflection slope rear arch room and allied works],22-Sep-2025 06:00 PM,TNEB Limited||TANGEDCO||CE-MTPS-I - TANGEDCO||SE-Mechanical Maintenance I-MTPS-I - TANGEDCO,06-Oct-2025 02:00 PM,https://etender.up.nic.in/nicgep/app?component=%24DirectLink_0&page=FrontEndAdvancedSearchResult&service=direct&session=T&sp=SUTroT73Byw4fHkE9OcdLCw%3D%3D
1833,2025_RDTN_608928_1,[Erection of Submersible Pumpset Arrangements at Colony Ambethkar Street in Rubanarayananallur  Panchayat],26-Sep-2025 09:00 AM,"Rural Development and Panchayat Raj Department||Cuddalore,RD,TN||VIRUDHACHALAM - VP,CUDDALORE,RD,TN",06-Oct-2025 04:00 PM,https://etender.up.nic.in/nicgep/app?component=%24DirectLink_0&page=FrontEndAdvancedSearchResult&service=direct&session=T&sp=St8g%2B47Y8uUFEgfS6kVzqOg%3D%3D
1834,2025_TCMPF_602718_1,[Engaging Team taxi vehicles for Procurement and Milk Production teams for the period of 02 years (2025-2027) under contract Basis],15-Sep-2025 11:30 AM,Tamilnadu Co-op Milk Producers Federation Ltd.||Cuddalore DCMPU Ltd,22-Oct-2025 03:30 PM,https://tntenders.gov.in/nicgep/app?component=%24DirectLink&page=FrontEndLatestActiveCorrigendums&service=direct&session=T&sp=SdJ%2BerU2cfrENRbw4E%2FUeGg%3D%3D
1835,2025_HWAY_602913_1,"[TRY-80 / 2025-26, Pudukkottai East Sub Division]",13-Sep-2025 06:00 PM,Highways||Construction and Maintenance Wing||Trichy Circle,07-Oct-2025 11:00 AM,https://tntenders.gov.in/nicgep/app?component=%24DirectLink&page=FrontEndLatestActiveCorrigendums&service=direct&session=T&sp=SXGpjYqgug1hVaelLDe%2Blew%3D%3D
1836,2025_HWAY_597517_1,[TN.34/Sl.No.01/CPT/CRIDP Work 2025-26],11-Sep-2025 06:30 PM,Highways||Construction and Maintenance Wing||Chennai Circle,16-Oct-2025 10:15 AM,https://etender.up.nic.in/nicgep/app?component=%24DirectLink_0&page=FrontEndAdvancedSearchResult&service=direct&session=T&sp=SHJKwrszQJPE6ID22TXuc7g%3D%3D
1837,2025_DTP_608553_1,[Erode Zone Tiruppur District Sangaramanallur Town panchayat 15 th FINANCE COMMISSION TIED  2nd INSTALMENT   2025 2026  Construction of 60000 Litres OHT in Ward No 15 Kuppampalayam in Sangaramanallur Town Panchayat  ],25-Sep-2025 09:00 AM,"Directorate of Town Panchayats||Erode Zone||Sankararamanallur Town Panchayat, Tiruppur",30-Sep-2025 03:00 PM,https://etender.up.nic.in/nicgep/app?component=%24DirectLink_0&page=FrontEndAdvancedSearchResult&service=direct&session=T&sp=SGSPaUy7Yk2zQy%2FSS2XyEBg%3D%3D
1838,2025_HWAY_595581_1,[CRIDP 2025 - 2026],25-Aug-2025 06:00 PM,Highways||Construction and Maintenance Wing||Coimbatore Circle,09-Oct-2025 10:30 AM,https://etender.up.nic.in/nicgep/app?component=%24DirectLink_0&page=FrontEndAdvancedSearchResult&service=direct&session=T&sp=SmbPV0K5aaLR9wVcCVlxqVA%3D%3D
1839,2025_TNPHC_608839_1,[Modernization of the Infrastructure facilities to Sub Registrar Office Operating in the Government building at MUSIRI in Trichy District],27-Sep-2025 06:00 PM,Tamil Nadu Police Housing Corporation||Supdt. Engineer(South Circle) - TNPHC||Madurai Division - TNPHC||Dindigul Sub Division - TNPHC,08-Oct-2025 06:00 PM,https://etender.up.nic.in/nicgep/app?component=%24DirectLink_0&page=FrontEndAdvancedSearchResult&service=direct&session=T&sp=SPh%2FoIrv8wy%2B6mU89QGzodQ%3D%3D
1840,2025_HWAY_606404_1,[MDU 146 / Thiruppathur Sub Division / NON PLAN WORKS 2025 26 ],23-Sep-2025 09:00 AM,Highways||Construction and Maintenance Wing||Madurai Circle,07-Oct-2025 11:00 AM,https://etender.up.nic.in/nicgep/app?component=%24DirectLink_0&page=FrontEndAdvancedSearchResult&service=direct&session=T&sp=S5FZA%2BMGkC8b0Ye0%2FBSdsiQ%3D%3D
1841,2025_DTP_607083_1,"[Providing Borewell at Palazhi SWM area in Kadayal Town Panchayat, Kanyakumari District 15th Finance Tied Grant 2025-26 2nd Installment]",20-Sep-2025 05:50 PM,Directorate of Town Panchayats||Nagercoil Zone||Kadayal Town Panchayat,30-Sep-2025 03:00 PM,https://etender.up.nic.in/nicgep/app?component=%24DirectLink_0&page=FrontEndAdvancedSearchResult&service=direct&session=T&sp=S7WYpHDLZMOkF6sSUVNiiUQ%3D%3D
1842,2025_EB_605020_1,[TTPS Mech II BM Unit IV V Overhauling of failed Voith coupling assembly Model 1150SVNL of Unit IV V ID Fans],17-Sep-2025 02:00 PM,TNEB Limited||TANGEDCO||CE-TTPS - TANGEDCO||SE-Mechanical Maintenance II-TTPS - TANGEDCO,06-Oct-2025 02:00 PM,https://etender.up.nic.in/nicgep/app?component=%24DirectLink_0&page=FrontEndAdvancedSearchResult&service=direct&session=T&sp=SdZ2sP7VyZGvRWOgoEn67hw%3D%3D
1843,2025_HWAY_608133_1,[TN.41/Sl.No.02/KPM /CRIDP work 2025-26],24-Sep-2025 06:50 PM,Highways||Construction and Maintenance Wing||Chennai Circle,16-Oct-2025 10:15 AM,https://etender.up.nic.in/nicgep/app?component=%24DirectLink_0&page=FrontEndAdvancedSearchResult&service=direct&session=T&sp=SqD7eHuInxckFGb2VNAIVTw%3D%3D
1844,2025_TNHB_608020_1,[Supplying of RMU],24-Sep-2025 09:00 AM,Tamil Nadu Housing Board||Chennai Circle-I,07-Oct-2025 11:00 AM,https://etender.up.nic.in/nicgep/app?component=%24DirectLink_0&page=FrontEndAdvancedSearchResult&service=direct&session=T&sp=SBoJe2UPOU1LNH1pWgI6rzg%3D%3D
1845,2025_EB_606248_1,[ACTUATORS WITH GEAR BOX FOR FD FAN IGV ],19-Sep-2025 06:00 PM,TNEB Limited||TANGEDCO||CE-NCTPS-I - TANGEDCO||SE-Purchase and Administration-NCTPS-I - TANGEDCO,06-Oct-2025 02:00 PM,https://etender.up.nic.in/nicgep/app?component=%24DirectLink_0&page=FrontEndAdvancedSearchResult&service=direct&session=T&sp=SBpoh4GUq6pg6pbVYJCnkfw%3D%3D
1846,2025_TNPL_603213_1,[UTM Speed flow pulper agitator changing in paper Mechanical],12-Sep-2025 05:00 PM,Tamilnadu Newsprint and Papers Limited||TNPL Unit-1||TNPL TOS,30-Sep-2025 03:00 PM,https://tntenders.gov.in/nicgep/app?component=%24DirectLink&page=FrontEndLatestActiveCorrigendums&service=direct&session=T&sp=SSKHkl2Ek0lc3BUXXDA%2BmMA%3D%3D
1847,2025_MAWS_608220_1,[Construction of  ICDS building at ponnur in Nelliylam Municipality],25-Sep-2025 02:00 PM,MAWS||Nelliyalam Municipality,08-Oct-2025 03:00 PM,https://etender.up.nic.in/nicgep/app?component=%24DirectLink_0&page=FrontEndAdvancedSearchResult&service=direct&session=T&sp=SrjRlQHhy1NI0o2Wo4rPnJg%3D%3D
1848,2025_DTP_609736_1,[235/2025 MLA FUND],27-Sep-2025 05:00 PM,"Directorate of Town Panchayats||Dindigul Zone||Aravakurichi Town Panchayat, Karur",30-Sep-2025 03:00 PM,https://etender.up.nic.in/nicgep/app?component=%24DirectLink_0&page=FrontEndAdvancedSearchResult&service=direct&session=T&sp=SMqKTM2XGEdyMbM3hPsxdZw%3D%3D
1849,2025_CoC_609763_1,"[Z.O. XIV.C.No.E2/6060/2025 Tree plantation with drip irrigation at Ma.po.si nagar Burial ground in Division - 189, Unit - 43, Zone - 14]",27-Sep-2025 06:00 PM,"Corporation of Chennai||Regional office South,CoC",29-Sep-2025 06:00 PM,https://etender.up.nic.in/nicgep/app?component=%24DirectLink_0&page=FrontEndAdvancedSearchResult&service=direct&session=T&sp=SyJoh0dutXNL7GP9yGJJh0g%3D%3D
1850,2025_EB_605106_1,[M-198/25-26],17-Sep-2025 05:15 PM,TNEB Limited||TANGEDCO||CE-Material Management - TANGEDCO,07-Oct-2025 02:30 PM,https://tntenders.gov.in/nicgep/app?component=%24DirectLink&page=FrontEndLatestActiveCorrigendums&service=direct&session=T&sp=S1L0i04xUOxHhqS1%2B%2B0OSmA%3D%3D
1851,2025_CoC_609273_1,[Z.O.1.C.No.B1/03654/05/2025 	],26-Sep-2025 06:00 PM,"Corporation of Chennai||Regional Office North,CoC",06-Oct-2025 03:00 PM,https://etender.up.nic.in/nicgep/app?component=%24DirectLink_0&page=FrontEndAdvancedSearchResult&service=direct&session=T&sp=SfFuPEQAa%2BUsimn3uyjZxdg%3D%3D
1852,2025_HWAY_601850_8,[TRY-71 /25-26  Alangudi (H) C and M  Sub Division],09-Sep-2025 06:45 PM,Highways||Construction and Maintenance Wing||Trichy Circle,07-Oct-2025 11:00 AM,https://tntenders.gov.in/nicgep/app?component=%24DirectLink&page=FrontEndLatestActiveCorrigendums&service=direct&session=T&sp=SxCWSnP17gLjIlhv84FuHlA%3D%3D
1853,2025_HWAY_607120_1,[Denkanikottai (H) CandM Sub Division (SLM-97)],22-Sep-2025 10:00 AM,Highways||Construction and Maintenance Wing||Salem Circle,23-Oct-2025 10:30 AM,https://etender.up.nic.in/nicgep/app?component=%24DirectLink_0&page=FrontEndAdvancedSearchResult&service=direct&session=T&sp=SOSpZx1uSOzMxRQQWetNuWA%3D%3D
1854,2025_RDTN_607959_1,[PROVIDING CEMENT CONCRETE PAVEMENT AT SC PATTALAND H/O MELUR PANCHAYAT],24-Sep-2025 09:00 AM,"Rural Development and Panchayat Raj Department||The Nilgiris,RD,TN||UTHAGAMANDALAM, THE NILGIRIS,RD,TN",30-Sep-2025 03:00 PM,https://etender.up.nic.in/nicgep/app?component=%24DirectLink_0&page=FrontEndAdvancedSearchResult&service=direct&session=T&sp=SwvZKk2s5ZmKhLkGzuAFepQ%3D%3D
1855,2025_MAWS_609898_1,"[Providing Compound Wall and Platform at ward no 05, Anganwadi in Kottakuppam Municipality]",29-Sep-2025 09:00 AM,MAWS||Kottakuppam Municipality,03-Oct-2025 03:00 PM,https://tntenders.gov.in/nicgep/app?component=%24DirectLink&page=FrontEndLatestActiveCorrigendums&service=direct&session=T&sp=Svys%2FfcqsGyYxuU%2BL43r4gw%3D%3D
1856,2025_CoC_584329_1,[C and T of Solid Waste Street Sweeping Waste (including street sweeping activities) Horticulture Waste and CollectionandStorage of Domestic Hazardous Waste in the Zones 4and8 Package7],23-Jul-2025 11:00 AM,"Corporation of Chennai||Head Quarters,CoC",15-Oct-2025 03:00 PM,https://tntenders.gov.in/nicgep/app?component=%24DirectLink&page=FrontEndLatestActiveCorrigendums&service=direct&session=T&sp=SOARL7xg%2BcwTJvYMqlaqW%2Bg%3D%3D
1857,2025_CoC_610097_1,"[Tender for demolition and reconstruction of storm water drain along Guruvappan st and Surya nagarin dn 170,zone13and construction of swd along Kamaraj ngr 6th East st Kamaraj nagar 8th east st Kamaraj nagar 9t]",29-Sep-2025 04:00 PM,"Corporation of Chennai||Regional office South,CoC",03-Oct-2025 03:00 PM,https://etender.up.nic.in/nicgep/app?component=%24DirectLink_0&page=FrontEndAdvancedSearchResult&service=direct&session=T&sp=SnuFZ%2F7fCeMjW04obKoxx8A%3D%3D
1858,2025_HWAY_601850_1,[TRY-64 PUDUKKOTTAI EAST SUB DIVISION],09-Sep-2025 06:45 PM,Highways||Construction and Maintenance Wing||Trichy Circle,07-Oct-2025 11:00 AM,https://tntenders.gov.in/nicgep/app?component=%24DirectLink&page=FrontEndLatestActiveCorrigendums&service=direct&session=T&sp=SX8eljCvaupZyOhNJtcosDA%3D%3D
1859,2025_TNPL_609654_1,[SHIFTING AND REPLACEMENT OF MOTORS IN SRP AT TNPL UNIT - II],27-Sep-2025 06:00 PM,Tamilnadu Newsprint and Papers Limited||TNPL Unit-2||TNPL TOS,10-Oct-2025 03:00 PM,https://etender.up.nic.in/nicgep/app?component=%24DirectLink_0&page=FrontEndAdvancedSearchResult&service=direct&session=T&sp=SHWHJAGgPI%2BhVB9RLO2Vy%2BQ%3D%3D
1860,2025_DTP_609723_1,[15TH FINANCE    UNTIED GRANT 2025 26 IInd  INSTALLMENT Thevaram Town Panchayat Construction of Storm Water Drain at Ward No 8 Pallivasal Street  Ward 12 Ayyappan Kovil Street in Thevaram Town Panchayat],27-Sep-2025 04:45 PM,Directorate of Town Panchayats||Theni Zone||Melachokkanathapuram Town Panchayat - Theni,30-Sep-2025 03:00 PM,https://etender.up.nic.in/nicgep/app?component=%24DirectLink_0&page=FrontEndAdvancedSearchResult&service=direct&session=T&sp=SIEHWYxMK0kFNBOtgXiRG5A%3D%3D
1861,2025_RDTN_609693_1,[Krishnagiri District Shoolagiri Block under the Scheme Mines and Minerals _ 2023_24 Strengthening of the Road From Hanumanthapuram Road to (Basavasvaran Kovil) to SC Colony Km 0/0-0/610 in Perendapalli (R-333) Panchayat Package No_2025_26_SGI_55],27-Sep-2025 04:10 PM,"Rural Development and Panchayat Raj Department||Krishnagiri,RD,TN||SOOLAGIRI - VP, KRISHNAGIRI,RD,TN",30-Sep-2025 03:00 PM,https://etender.up.nic.in/nicgep/app?component=%24DirectLink_0&page=FrontEndAdvancedSearchResult&service=direct&session=T&sp=SmnB8jik8cG4vUTgth2oBqA%3D%3D
1862,2025_DTP_606914_1,[Alanganallur Town Panchayat Providing G.I Pipe Line At Ward.15 Malaiamman kovil to Kunji house in Alanganallur Town Panchayat ],20-Sep-2025 03:30 PM,"Directorate of Town Panchayats||Madurai Zone||Alanganallur Town Panchayat, Madurai",30-Sep-2025 03:00 PM,https://etender.up.nic.in/nicgep/app?component=%24DirectLink_0&page=FrontEndAdvancedSearchResult&service=direct&session=T&sp=SFY8eLwvVWIioCy9PePDynQ%3D%3D
1863,2025_AHDF_605310_1,[ LEASING OF FISHERY RIGHTS OF THE GUDDAR RESERVOIR IN THIRUPPATHUR DISTRICT],17-Sep-2025 06:00 PM,Fisheries and Fishermen Welfare Department||Inland Fisheries - Head Office,06-Oct-2025 09:00 AM,https://etender.up.nic.in/nicgep/app?component=%24DirectLink_0&page=FrontEndAdvancedSearchResult&service=direct&session=T&sp=SE4ResRtQ58eOoc6PP6wh8g%3D%3D
1864,2025_RDTN_609256_1,[7VELLORE DISTRICT  Renovation of PUMS (West Facing) at Kathrikuppam Village in Madayapattu Panchayat ANAICUT BLOCK 15 CFC  DP 2025-2026 PACKAGE NO 07],26-Sep-2025 05:00 PM,"Rural Development and Panchayat Raj Department||Vellore,RD,TN||ANAICUT, VELLORE,RD,TN",06-Oct-2025 03:00 PM,https://etender.up.nic.in/nicgep/app?component=%24DirectLink_0&page=FrontEndAdvancedSearchResult&service=direct&session=T&sp=S3pbgEw5FlZhghc7Uu7fmrg%3D%3D
1865,2025_AHDF_604794_1,"[Leasing of fishery rights of Neelamalaikottai Kanmai in  Oddanchatram  Taluk,  Dindigul district]",16-Sep-2025 05:00 PM,Fisheries and Fishermen Welfare Department||Inland Fisheries - Head Office||Madurai Region||Assistant Director of Fisheries -  Dindigul,30-Sep-2025 01:00 PM,https://etender.up.nic.in/nicgep/app?component=%24DirectLink_0&page=FrontEndAdvancedSearchResult&service=direct&session=T&sp=SGmeAJG%2F6mZ9ssgNIG7qPhQ%3D%3D
1866,2025_RDTN_608113_1,[Providing Basic infrastructure works at Kasthambadi Camps in Polur Block Package No. TVM/2025-26/190 of Tiruvannamalai District],23-Sep-2025 06:55 PM,"Rural Development and Panchayat Raj Department||Tiruvannamalai,RD,TN",03-Oct-2025 03:00 PM,https://tntenders.gov.in/nicgep/app?component=%24DirectLink&page=FrontEndLatestActiveCorrigendums&service=direct&session=T&sp=SZICiQ7Rkfu19mT9EMCco3A%3D%3D
1867,2025_EB_606070_1,[Repair and Maintenance Works to Type 1 Block No. 10 16 Tenements at Thermal Nagar],19-Sep-2025 06:00 PM,TNEB Limited||TANGEDCO||CE-TTPS - TANGEDCO||SE-Civil-TTPS - TANGEDCO,08-Oct-2025 02:00 PM,https://etender.up.nic.in/nicgep/app?component=%24DirectLink_0&page=FrontEndAdvancedSearchResult&service=direct&session=T&sp=SoX63Xc9H94ch6A5AWFI0PA%3D%3D
1868,2025_CoC_609795_1,"[Providing SS Handrails and Repairs to the Footpath at madha church road south side (Under Councilor Fund) in Div-126, Unit-25, Zone-09]",27-Sep-2025 06:55 PM,"Corporation of Chennai||Regional office Central ,CoC",06-Oct-2025 03:00 PM,https://etender.up.nic.in/nicgep/app?component=%24DirectLink_0&page=FrontEndAdvancedSearchResult&service=direct&session=T&sp=ScUlCZAsZNdKGtHScXWfPww%3D%3D
1869,2025_TNHB_607310_1,"[Request for Qualification for Empanelment of Consultancy Firms for feasibility, Market Study and Providing Transaction Advisory Services including Bid Process Management Services for TNHB Built up spaces in Arumbakkam, Peters Colony and in AshokNagar]",24-Sep-2025 11:00 AM,Tamil Nadu Housing Board||Chennai Circle-I,08-Oct-2025 11:00 AM,https://etender.up.nic.in/nicgep/app?component=%24DirectLink_0&page=FrontEndAdvancedSearchResult&service=direct&session=T&sp=SV0Z59M8HuOU3dONOJtPmGw%3D%3D
1870,2025_HWAY_595638_1,[CRIDP 2025-26],25-Aug-2025 06:00 PM,Highways||Construction and Maintenance Wing||Coimbatore Circle,09-Oct-2025 10:30 AM,https://etender.up.nic.in/nicgep/app?component=%24DirectLink_0&page=FrontEndAdvancedSearchResult&service=direct&session=T&sp=SOTAT9xAjNTWAkOZf7AU6Mw%3D%3D
1871,2025_EB_604728_1,[Imp and DCW Works in Urban North Subdivision of Urban Division],16-Sep-2025 04:00 PM,TNEB Limited||TANGEDCO||CE-Tirunelveli - TANGEDCO||SE-Tuticorin - TANGEDCO,03-Oct-2025 02:00 PM,https://etender.up.nic.in/nicgep/app?component=%24DirectLink_0&page=FrontEndAdvancedSearchResult&service=direct&session=T&sp=SN9X9uDVlJz0f8mvqd6CtRQ%3D%3D
1872,2025_DTP_609808_3,[Providing  150mm dia borewell  at  Ward No 11  2nd cross street -Madurai veeran poosari house near Deep borewell with minitank provision Annavasal Town Pudukottai Dt],29-Sep-2025 09:00 AM,"Directorate of Town Panchayats||Tiruchirappalli Zone||Annavasal Town Panchayat, Pudukkottai",03-Oct-2025 03:00 PM,https://etender.up.nic.in/nicgep/app?component=%24DirectLink_0&page=FrontEndAdvancedSearchResult&service=direct&session=T&sp=SLjCorclsA9Ol1qun%2BLyKkA%3D%3D
1873,2025_RDTN_606776_1,[Tirupathur District 15th CFC 2025-2026 Providing Paver Block road from Balu house to Prakasam house at Narayanapuram in Narayanapuram Panchayat Package No.06],20-Sep-2025 01:00 PM,Rural Development and Panchayat Raj Department||Tirupathur RD TN||Natrampalli Tirupathur RD TN,30-Sep-2025 03:00 PM,https://etender.up.nic.in/nicgep/app?component=%24DirectLink_0&page=FrontEndAdvancedSearchResult&service=direct&session=T&sp=SqCMeXSpLPz2kBbeNC1VgHw%3D%3D
1874,2025_EB_604698_1,[Works contract for carrying out HT  LT DCW  Improvement and capital extension works for the period of one year from the date of execution of agreement or commencement of work of the contract whichever is earlier in Negamam Sub division of Negamam Div],16-Sep-2025 04:00 PM,TNEB Limited||TANGEDCO||CE-Distribution-Coimbatore - TANGEDCO||SE-Coimbatore-South - TANGEDCO,30-Sep-2025 02:00 PM,https://etender.up.nic.in/nicgep/app?component=%24DirectLink_0&page=FrontEndAdvancedSearchResult&service=direct&session=T&sp=Sr%2Fc5wLogvR4LNnjXE7f2QA%3D%3D
1875,2025_HWAY_605748_1,[TN.No.26 / SI.No.11 / 2025-2026 / SDO / CPT - 32],20-Sep-2025 09:00 AM,Highways||NABARD and Rural Roads||Chengalpattu,07-Oct-2025 12:00 PM,https://etender.up.nic.in/nicgep/app?component=%24DirectLink_0&page=FrontEndAdvancedSearchResult&service=direct&session=T&sp=StED%2Flcz%2BN4CnETA5uK%2BEBg%3D%3D
1876,2025_MAWS_607381_2,[Construction of shoping complex near sankaran koil mukku],22-Sep-2025 02:30 PM,MAWS||Rajapalayam Municipality,03-Oct-2025 03:00 PM,https://etender.up.nic.in/nicgep/app?component=%24DirectLink_0&page=FrontEndAdvancedSearchResult&service=direct&session=T&sp=S2pKHUP0iVsqxRROuQHW1wg%3D%3D
1877,2025_RDTN_608808_1,[Vellore District Construction of Kitchenshed (Type-II) at Thiruvalam Girls Govt Higher Secondary School at Katpadi Block PMGRST 2025-26 Package No 03],25-Sep-2025 05:00 PM,"Rural Development and Panchayat Raj Department||Vellore,RD,TN||KATPADI, VELLORE,RD,TN",07-Oct-2025 03:00 PM,https://etender.up.nic.in/nicgep/app?component=%24DirectLink_0&page=FrontEndAdvancedSearchResult&service=direct&session=T&sp=SJaL0qV3IoRHX8KVDDUIsBA%3D%3D
1878,2025_RDTN_609982_1,[Providing paver block at Ramankudi churuch to main road i k.navaladi v.pt],29-Sep-2025 01:00 PM,"Rural Development and Panchayat Raj Department||Tirunelveli,RD,TN||RADHAPURAM, TIRUNELVELI,RD,TN",03-Oct-2025 05:00 PM,https://etender.up.nic.in/nicgep/app?component=%24DirectLink_0&page=FrontEndAdvancedSearchResult&service=direct&session=T&sp=SWhOzGzW5l8tM7PmeHlHMkQ%3D%3D
1879,2025_CMWSS_606664_1,[Printing supply and delivery of Measurement  Books as per the specifications on Annual Rate Contract basis for the year 2025 to 2026 ],20-Sep-2025 09:00 AM,CMWSS Board||Material||Purchase,06-Oct-2025 03:00 PM,https://etender.up.nic.in/nicgep/app?component=%24DirectLink_0&page=FrontEndAdvancedSearchResult&service=direct&session=T&sp=SsXc6WXKbCgTsSoWOtdxdQA%3D%3D
1880,2025_DTP_608198_1,[2025-26 15th FC Un Tied 2nd Installment  Pudupalayam Town Panchayat],24-Sep-2025 09:00 AM,"Directorate of Town Panchayats||Vellore Zone||Pudupalayam Town Panchayat, Tiruvannamalai",30-Sep-2025 03:00 PM,https://etender.up.nic.in/nicgep/app?component=%24DirectLink_0&page=FrontEndAdvancedSearchResult&service=direct&session=T&sp=SYe45S2B8NpPrnSMAhUtp8Q%3D%3D
1881,2025_MAWS_605451_37,[CUDDALORE CORPORATION - Maintenance and Repair work to Public toilet at bangala street and pensioner street in ward no 38 cuddalore corporation],19-Sep-2025 04:00 PM,MAWS||Cuddalore Municipality,30-Sep-2025 03:00 PM,https://etender.up.nic.in/nicgep/app?component=%24DirectLink_0&page=FrontEndAdvancedSearchResult&service=direct&session=T&sp=SCTe8oxoJU86wlHIgY5vwtQ%3D%3D
1882,2025_HWAY_605710_1,[TN.No.26 / SI.No.07 / 2025-2026 / SDO / CPT - 28],20-Sep-2025 09:00 AM,Highways||NABARD and Rural Roads||Chengalpattu,07-Oct-2025 12:00 PM,https://etender.up.nic.in/nicgep/app?component=%24DirectLink_0&page=FrontEndAdvancedSearchResult&service=direct&session=T&sp=SIlfoB%2FHgto4TOh%2BJmt%2FWvg%3D%3D
1883,2025_DTP_608503_1,[15th Finance Commission Untied IInd 2025 26 in Thirukkruungudi Town Panchayat],24-Sep-2025 06:40 PM,Directorate of Town Panchayats||Tirunelveli Zone||Thirukarungudi Town Panchayat,30-Sep-2025 03:00 PM,https://etender.up.nic.in/nicgep/app?component=%24DirectLink_0&page=FrontEndAdvancedSearchResult&service=direct&session=T&sp=S5rDku440luUbgcYEFr1gMQ%3D%3D
1884,2025_POLIS_608749_1,[Procurement and installation of 57 Nos. of Body Worn Camera and 7 Nos of Dock Station],25-Sep-2025 03:15 PM,Police Department||Greater Chennai Police||Addl.Commissioner of Police - Traffic,15-Oct-2025 12:00 PM,https://etender.up.nic.in/nicgep/app?component=%24DirectLink_0&page=FrontEndAdvancedSearchResult&service=direct&session=T&sp=SsqnyHjhICUp%2Fzo0wvoF%2Bqg%3D%3D
1885,2025_DTP_606744_1,[15th FC - Construction of 0.30 Lakhs Litre OHT At Vanapuram AD Street and Deep Bore at Vasantham Nagar in Aduthurai Town Panchayat.],20-Sep-2025 02:00 PM,"Directorate of Town Panchayats||Thanjavur Zone||Aduthurai Town Panchayat, Thanjavur",03-Oct-2025 03:00 PM,https://etender.up.nic.in/nicgep/app?component=%24DirectLink_0&page=FrontEndAdvancedSearchResult&service=direct&session=T&sp=Scpe1E1I1I1LCLKoMupb%2FHw%3D%3D
1886,2025_MAWS_607533_9,"[15th CFC 2025-26 Tied SWM Maintenance of Mavadikkal MCC No.06, Attakulam MCC No.05 and Melakadayanallur MCC No.01 Microcompost Centre for Solid waste Management in Kadayanallur Municipality]",23-Sep-2025 11:00 AM,MAWS||Kadayanallur Municipality,06-Oct-2025 03:00 PM,https://etender.up.nic.in/nicgep/app?component=%24DirectLink_0&page=FrontEndAdvancedSearchResult&service=direct&session=T&sp=S2aBHtdhMqwRRu8qzTpBofw%3D%3D
1887,2025_HE_609248_1,[Equipment],26-Sep-2025 05:30 PM,Higher Education||Bharathiar University||Centre for Research and Technology Development,11-Oct-2025 03:00 PM,https://etender.up.nic.in/nicgep/app?component=%24DirectLink_0&page=FrontEndAdvancedSearchResult&service=direct&session=T&sp=SiwSyPZAGSZvFKYiXYZ4DiQ%3D%3D
1888,2025_MAWS_608111_1,[Renewal of BT road surface at desigavinayagar kovil 1st cross street in ward 14],24-Sep-2025 06:55 PM,MAWS||Madurai Municipal Corporation,06-Oct-2025 03:00 PM,https://etender.up.nic.in/nicgep/app?component=%24DirectLink_0&page=FrontEndAdvancedSearchResult&service=direct&session=T&sp=SY2jcC1b98StPJjbhZhTTOA%3D%3D
1889,2025_HE_607298_1,"[Supply and installation of 2.0 Ton Non-Inverter Air Conditioner for the Dept. of JMC, PU]",22-Sep-2025 03:00 PM,Higher Education||Periyar University||Planning and Development,06-Oct-2025 11:00 AM,https://etender.up.nic.in/nicgep/app?component=%24DirectLink_0&page=FrontEndAdvancedSearchResult&service=direct&session=T&sp=SkaZHESvq40%2BZZjtNrnq0hg%3D%3D
1890,2025_SDAT_590525_1,[Supply and Installation of 8 lane Synthetic Athletic Track in Cuddalore District Sports Complex. ],08-Aug-2025 12:50 PM,Sports Development Authority Of TamilNadu,09-Oct-2025 03:00 PM,https://tntenders.gov.in/nicgep/app?component=%24DirectLink&page=FrontEndLatestActiveCorrigendums&service=direct&session=T&sp=SiAYdd%2BinOc41dme0kRK8IA%3D%3D
1891,2025_DTP_604929_1,[15th finnanance 2025-26 Improvements of paver block road at Mullapallivilai in Ponmanai Town Panchayat.],17-Sep-2025 09:00 AM,Directorate of Town Panchayats||Nagercoil Zone||Ponmanai Town Panchayat,30-Sep-2025 03:00 PM,https://etender.up.nic.in/nicgep/app?component=%24DirectLink_0&page=FrontEndAdvancedSearchResult&service=direct&session=T&sp=S%2B8ZfN6vrx5zUQuSfKzRmBA%3D%3D
1892,2025_HWAY_604857_1,[Restoration Works -2025-26],17-Sep-2025 06:30 PM,Highways||Construction and Maintenance Wing||Coimbatore Circle||Coimbatore,03-Oct-2025 03:00 PM,https://etender.up.nic.in/nicgep/app?component=%24DirectLink_0&page=FrontEndAdvancedSearchResult&service=direct&session=T&sp=SYucL2HyJvXfrTolEgn7N6g%3D%3D
1893,2025_RDTN_609471_4,[Providing CC Pavement at  RC Kovil and Post Office Street in Ukkirankottai Panchayat],27-Sep-2025 09:00 AM,"Rural Development and Panchayat Raj Department||Tirunelveli,RD,TN||MANUR, TIRUNELVELI,RD,TN",06-Oct-2025 03:00 PM,https://etender.up.nic.in/nicgep/app?component=%24DirectLink_0&page=FrontEndAdvancedSearchResult&service=direct&session=T&sp=S9zlrAiRt2pa6d5sfZeoHvg%3D%3D
1894,2025_DTP_609674_1,[RSMANGALAM MLA FUND Storm Water Drain],27-Sep-2025 03:45 PM,Directorate of Town Panchayats||Sivaganga Zone||RS Mangalam Town Panchayat,30-Sep-2025 03:00 PM,https://etender.up.nic.in/nicgep/app?component=%24DirectLink_0&page=FrontEndAdvancedSearchResult&service=direct&session=T&sp=S1aNKQ3Kb%2BhsURX0eglLOFg%3D%3D
1895,2025_HWAY_606609_1,[Construction of High Level bridge at Km  0/6 of Kovilpalayam - Moolanur Road  in lieu of existing causeway],20-Sep-2025 11:00 AM,Highways||NABARD and Rural Roads||Salem,07-Oct-2025 11:00 AM,https://etender.up.nic.in/nicgep/app?component=%24DirectLink_0&page=FrontEndAdvancedSearchResult&service=direct&session=T&sp=Sej68NPJjX5%2BLkesbb51q2w%3D%3D
1896,2025_HWAY_603362_1,[CRIDP 2025-26],15-Sep-2025 06:00 PM,Highways||Construction and Maintenance Wing||Coimbatore Circle,09-Oct-2025 10:30 AM,https://etender.up.nic.in/nicgep/app?component=%24DirectLink_0&page=FrontEndAdvancedSearchResult&service=direct&session=T&sp=Srelke6xEiLvHZtk6xjLOrA%3D%3D
1897,2025_EB_606769_1,[supply of oil nozzle tip suitable for 600MW BOILER],20-Sep-2025 02:00 PM,TNEB Limited||TANGEDCO||CE-NCTPS-II - TANGEDCO||SE-Purchase and Administration-NCTPS-II - TANGEDCO,06-Oct-2025 02:00 PM,https://etender.up.nic.in/nicgep/app?component=%24DirectLink_0&page=FrontEndAdvancedSearchResult&service=direct&session=T&sp=StRuXhs180%2BJ1twW0MHOzuA%3D%3D
1898,2025_DTP_609919_1,[General Fund 2025 2026 Providing BT Road Patchwork Works in Indra Nagar main Street and Cumbum Cross Road at C Pudupatti Town Panchayat],29-Sep-2025 09:00 AM,Directorate of Town Panchayats||Theni Zone||Pudupatti Town Panchayat - Theni,30-Sep-2025 06:00 PM,https://etender.up.nic.in/nicgep/app?component=%24DirectLink_0&page=FrontEndAdvancedSearchResult&service=direct&session=T&sp=SeTUBaoauyPoTzDZZJKHflA%3D%3D
1899,2025_SETC_596397_1,"[WASHING WORK OF HEAD REST COVER, BERTH COVER , BLANKET OF SETC BUSES AT  KUMBAKONNAM DEPOT.]",22-Aug-2025 04:10 PM,State Express Transport Corporation Tamilnadu Limited,08-Oct-2025 03:00 PM,https://tntenders.gov.in/nicgep/app?component=%24DirectLink&page=FrontEndLatestActiveCorrigendums&service=direct&session=T&sp=StcfbPsPF4PtTYySinXPmSA%3D%3D
1900,2025_TNPL_605482_1,"[PROCUREMENT OF 11 KV ,2000 A, VCB INCOMER PANEL  WITH  LINE PT AND 11 KV BUSBAR ADAPTOR PANEL WITH 11 KV BUS PT]",18-Sep-2025 12:00 PM,Tamilnadu Newsprint and Papers Limited||TNPL Unit-1||TNPL Purchase,08-Oct-2025 03:00 PM,https://tntenders.gov.in/nicgep/app?component=%24DirectLink&page=FrontEndLatestActiveCorrigendums&service=direct&session=T&sp=SjrDk7r2eha3Gf2NvtK65uQ%3D%3D
1901,2025_DTP_608185_1,[2025-26 15th FC Un Tied 1st Installment  Pudupalayam Town Panchayat],24-Sep-2025 09:00 AM,"Directorate of Town Panchayats||Vellore Zone||Pudupalayam Town Panchayat, Tiruvannamalai",30-Sep-2025 03:00 PM,https://etender.up.nic.in/nicgep/app?component=%24DirectLink_0&page=FrontEndAdvancedSearchResult&service=direct&session=T&sp=SFf8bl8nQEH%2BqN9J9061LZg%3D%3D
1902,2025_MAWS_609309_1,[15th CFC (Tied Grant) 2024-25],26-Sep-2025 06:00 PM,MAWS||Karaikudi Municipality,08-Oct-2025 03:00 PM,https://etender.up.nic.in/nicgep/app?component=%24DirectLink_0&page=FrontEndAdvancedSearchResult&service=direct&session=T&sp=SXHB14%2BWHUA2zqluRfaAY7Q%3D%3D
1903,2025_MAWS_607533_10,[15th CFC 2025-26 Tied SWM Purchase of Electronic Weighing Machine 6Nos  for Micro Compost Centre in Kadayanallur Municipality],23-Sep-2025 11:00 AM,MAWS||Kadayanallur Municipality,06-Oct-2025 03:00 PM,https://etender.up.nic.in/nicgep/app?component=%24DirectLink_0&page=FrontEndAdvancedSearchResult&service=direct&session=T&sp=Sj2UV8JoRBPR6O50QI90NDQ%3D%3D
1904,2025_RDTN_607468_1,[ 	Thiruvakkarai/25-26/II],22-Sep-2025 04:00 PM,"Rural Development and Panchayat Raj Department||Villupuram,RD,TN||VANUR - VP, VILLUPURAM,RD,TN",30-Sep-2025 03:00 PM,https://etender.up.nic.in/nicgep/app?component=%24DirectLink_0&page=FrontEndAdvancedSearchResult&service=direct&session=T&sp=S8vQL6HcuZyX9aHE%2BGRM7wg%3D%3D
1905,2025_RDTN_608788_1,[Construction of Waiting Shed with Approach Road at Mamsapuram Village of Sirukulam Panchayat],25-Sep-2025 04:00 PM,"Rural Development and Panchayat Raj Department||Virudhunagar,RD,TN||SATHUR, VIRUDHUNAGAR,RD,TN",30-Sep-2025 03:00 PM,https://etender.up.nic.in/nicgep/app?component=%24DirectLink_0&page=FrontEndAdvancedSearchResult&service=direct&session=T&sp=SHGWR1HBYQi16oTAmGBuWLA%3D%3D
1906,2025_DTP_609625_1,[2025-26 -15th Finance Commission - 2nd  Installment Untied Grant -  Road works],27-Sep-2025 02:15 PM,"Directorate of Town Panchayats||Cuddalore Zone||Bhuvanagiri Town Panchayat, Cuddalore",03-Oct-2025 03:00 PM,https://tntenders.gov.in/nicgep/app?component=%24DirectLink&page=FrontEndLatestActiveCorrigendums&service=direct&session=T&sp=S56ZfkC7%2FcB2BEaEkKSDWxw%3D%3D
1907,2025_RDTN_604914_1,"[1.Construction of Drainage with Vertical fiter at Colony thoppu chedi pathai in Veedur Panchayat, 2. Construction of Hard bed with Retaining wall at Puthu colony Vayalveli salai (two sides) in Konamangalam  Panchayat,   Mailam Block , Villupuram Dist]",18-Sep-2025 10:00 AM,"Rural Development and Panchayat Raj Department||Villupuram,RD,TN||MAILAM, VILLUPURAM,RD,TN",30-Sep-2025 03:00 PM,https://etender.up.nic.in/nicgep/app?component=%24DirectLink_0&page=FrontEndAdvancedSearchResult&service=direct&session=T&sp=SXlNIR86cGnTA2CIrjMel3w%3D%3D
1908,2025_EB_608471_1,[MTPS I SE M I Circle Provision of One Number Diesel Driven Tata Indica  Tata Indigo or Equivalent Car including driver on hire basis for the official use of Superintending Engineer  Mechanical I  MTPSI for the period of one year from the date ],24-Sep-2025 06:30 PM,TNEB Limited||TANGEDCO||CE-MTPS-I - TANGEDCO||SE-Mechanical Maintenance I-MTPS-I - TANGEDCO,08-Oct-2025 02:00 PM,https://etender.up.nic.in/nicgep/app?component=%24DirectLink_0&page=FrontEndAdvancedSearchResult&service=direct&session=T&sp=SCFlg7k%2FZgrgAl0KrKqa3UA%3D%3D
1909,2025_MAWS_607143_1,[GENERAL FUND-2025-2026-Repair and Maintanace of  Drain at Ward No.19 Sanjay Gandhi Nagar Area in Bellathi Road at Karamadai Municipality],22-Sep-2025 09:00 AM,MAWS||Karamadai Municipality,30-Sep-2025 03:00 PM,https://etender.up.nic.in/nicgep/app?component=%24DirectLink_0&page=FrontEndAdvancedSearchResult&service=direct&session=T&sp=SDxprDf97QlZvsJ0ehtdcpQ%3D%3D
1910,2025_MAWS_609328_1,[GF-2025-2026 Maintenance and Repairs works to water supply distribution mains Sankarankovil Municipality ],27-Sep-2025 09:00 AM,MAWS||Sankarankoil Municipality,03-Oct-2025 03:00 PM,https://etender.up.nic.in/nicgep/app?component=%24DirectLink_0&page=FrontEndAdvancedSearchResult&service=direct&session=T&sp=S7XCdY0hQyPBEswlJwv9OMQ%3D%3D
1911,2025_MAWS_609536_2,[ School Improvement Grant Operation and Maintenance works -2025-26 Retender],27-Sep-2025 01:00 PM,MAWS||Karur Municipality,30-Sep-2025 03:00 PM,https://etender.up.nic.in/nicgep/app?component=%24DirectLink_0&page=FrontEndAdvancedSearchResult&service=direct&session=T&sp=SnQ1KEbksGAgO0CDP9EWlGg%3D%3D
1912,2025_EB_606578_1,"[Construction of  Control Room building with electrification for the proposed 33/11  KV SS at Kulipirai,Pudukkottai EDC in Trichy Region]",20-Sep-2025 10:00 AM,TNEB Limited||TANGEDCO||CE-Trichy EDC - TANGEDCO,24-Oct-2025 02:30 PM,https://etender.up.nic.in/nicgep/app?component=%24DirectLink_0&page=FrontEndAdvancedSearchResult&service=direct&session=T&sp=SN%2BzP2dDF1wg4z5%2FLssopaA%3D%3D
1913,2025_TNMSC_583452_1,[ONLINE TENDER FOR FIXING RATE CONTRACT FOR SUPPLY AND INSTALLATION OF NON-CONTACT TONOMETER WITH PACHYMETER AND NON-CONTACT TONOMETER (BASIC) TO GOVT. INSTITUTIONS],18-Jul-2025 06:30 PM,Tamilnadu Medical Services Corporation||Equipment,30-Sep-2025 11:00 AM,https://tntenders.gov.in/nicgep/app?component=%24DirectLink&page=FrontEndLatestActiveCorrigendums&service=direct&session=T&sp=SSyM28WkbZJ1a5HREOkFLuw%3D%3D
1914,2025_MAWS_608986_1,[Supply and Fixing Chlorination System and Supplying Chlorine Liquid in Vandavasi Municipality],26-Sep-2025 10:30 AM,MAWS||Vandavasi Municipality,07-Oct-2025 03:00 PM,https://etender.up.nic.in/nicgep/app?component=%24DirectLink_0&page=FrontEndAdvancedSearchResult&service=direct&session=T&sp=SIsnoBqz6wExS0W%2BzOSN7Lg%3D%3D
1915,2025_EB_609113_1,"[Improvement by construction of Pocket Stores at  33/ 11 KV SS Eraivankadu, Vellore division]",26-Sep-2025 01:30 PM,TNEB Limited||TANGEDCO||CE-Distribution-Vellore - TANGEDCO||SE-Vellore - TANGEDCO,09-Oct-2025 01:00 PM,https://etender.up.nic.in/nicgep/app?component=%24DirectLink_0&page=FrontEndAdvancedSearchResult&service=direct&session=T&sp=SxWR05UKlmHLIOyu4isHKCw%3D%3D
1916,2025_EB_610127_1,[Hiring vehicle for AEE Civil CO Salem],29-Sep-2025 04:40 PM,TNEB Limited||TANGEDCO||CE-Distribution-Erode - TANGEDCO||SE-Salem - TANGEDCO,14-Oct-2025 02:30 PM,https://etender.up.nic.in/nicgep/app?component=%24DirectLink_0&page=FrontEndAdvancedSearchResult&service=direct&session=T&sp=SVKm4Pluoqqiusu4PP4RYEw%3D%3D
1917,2025_HWAY_601850_4,[TRY-67/2025-26 PUDUKKOTTAI WEST SUB DIVISION],09-Sep-2025 06:45 PM,Highways||Construction and Maintenance Wing||Trichy Circle,07-Oct-2025 11:00 AM,https://tntenders.gov.in/nicgep/app?component=%24DirectLink&page=FrontEndLatestActiveCorrigendums&service=direct&session=T&sp=SnU1zMkWax6KmZLo914GgMQ%3D%3D
1918,2025_RDTN_602360_1,"[Providing  Floor tiles , Wall tiles , EB Electrical and Water supply arrangements in SHG Building at VENGAMPATTY  in  Karuppathur   Panchayat]",10-Sep-2025 12:00 PM,"Rural Development and Panchayat Raj Department||Karur,RD,TN||KRISHNARAYAPURAM, KARUR,RD,TN",30-Sep-2025 03:00 PM,https://tntenders.gov.in/nicgep/app?component=%24DirectLink&page=FrontEndLatestActiveCorrigendums&service=direct&session=T&sp=Srfn%2FT5yaZ9%2BQmmFtGwLwDA%3D%3D
1919,2025_MAWS_609137_1,"[Supply,delivery and errection of mini highmast (12.50m pole) in Ward no-09 at Narasingapuram municipality]",26-Sep-2025 02:15 PM,MAWS||Narasingapuram Municipality,08-Oct-2025 03:00 PM,https://etender.up.nic.in/nicgep/app?component=%24DirectLink_0&page=FrontEndAdvancedSearchResult&service=direct&session=T&sp=SQCSuSM8F4SBptI8uk0c5Ow%3D%3D
1920,2025_TCMPF_607150_1,[Operation and Maintenance of Refrigeration Compressor at Krishnagiri Dairy],22-Sep-2025 09:00 AM,Tamilnadu Co-op Milk Producers Federation Ltd.||Dharmapuri DCMPU Ltd-Krishnagiri-TCMPF,06-Oct-2025 03:00 PM,https://etender.up.nic.in/nicgep/app?component=%24DirectLink_0&page=FrontEndAdvancedSearchResult&service=direct&session=T&sp=SGX8kEkwm7nureT9ob%2BKosg%3D%3D
1921,2025_RDTN_609715_1,[Construction of Bus shulter in Pappaiyapuram at Alangarperi Panchayat ],27-Sep-2025 05:00 PM,"Rural Development and Panchayat Raj Department||Tirunelveli,RD,TN||MANUR, TIRUNELVELI,RD,TN",06-Oct-2025 03:00 PM,https://etender.up.nic.in/nicgep/app?component=%24DirectLink_0&page=FrontEndAdvancedSearchResult&service=direct&session=T&sp=SU7UYchaeORCVHqcMJPKxTw%3D%3D
1922,2025_TCMPF_602720_1,[Engaging hired route vehicle for Vadapathy team for the period of 02 years (2025-2027) under contract Basis],15-Sep-2025 11:30 AM,Tamilnadu Co-op Milk Producers Federation Ltd.||Cuddalore DCMPU Ltd,22-Oct-2025 03:30 PM,https://tntenders.gov.in/nicgep/app?component=%24DirectLink&page=FrontEndLatestActiveCorrigendums&service=direct&session=T&sp=SG4FRC0Dn8ZzCQMIYy30ttQ%3D%3D
1923,2025_EB_597601_1,[Establishment of New 33/11KV SS],26-Aug-2025 06:00 PM,TNEB Limited||TANGEDCO||CE-Distribution-Villupuram - TANGEDCO,06-Oct-2025 02:00 PM,https://tntenders.gov.in/nicgep/app?component=%24DirectLink&page=FrontEndLatestActiveCorrigendums&service=direct&session=T&sp=Si3kiuziqkNTBqsHONWP4rg%3D%3D
1924,2025_SETC_596205_1,"[WASHING WORK OF HEAD REST COVER, BERTH COVER , BLANKET OF SETC BUSES AT  DINDIGUL  DEPOT.]",22-Aug-2025 04:00 PM,State Express Transport Corporation Tamilnadu Limited,08-Oct-2025 03:00 PM,https://tntenders.gov.in/nicgep/app?component=%24DirectLink&page=FrontEndLatestActiveCorrigendums&service=direct&session=T&sp=SVN2WO0q8CmM%2FyCeaIXpJng%3D%3D
1925,2025_DTP_606166_1,[Construction of Strom Water Drainage at 7th Ward Kurusady infront of Salome Wedding Hall in Boothapandy Town Panchayat.],19-Sep-2025 09:00 AM,Directorate of Town Panchayats||Nagercoil Zone||Bhoothapandy Town Panchayat,30-Sep-2025 03:00 PM,https://etender.up.nic.in/nicgep/app?component=%24DirectLink_0&page=FrontEndAdvancedSearchResult&service=direct&session=T&sp=SHQP2FAyS919XuMFtfoIPBw%3D%3D
1926,2025_HWAY_605281_1,[MDU 131 / Mudukulathur Sub Division / CRIDP 2025 26],20-Sep-2025 06:55 PM,Highways||Construction and Maintenance Wing||Madurai Circle,07-Oct-2025 11:00 AM,https://etender.up.nic.in/nicgep/app?component=%24DirectLink_0&page=FrontEndAdvancedSearchResult&service=direct&session=T&sp=SE%2BpKbPE75XA9M8M2uJ3alw%3D%3D
1927,2025_DTP_598378_1,"[15th Finance Commission Tied Grant Second Installment 2025-2026 Construction of Elavated Water Tank at Ward 13, Valluvar Street in Vadugapatti Town Panchayat ]",27-Sep-2025 10:30 AM,Directorate of Town Panchayats||Theni Zone||Vadugapatti Town Panchayat - Theni,30-Sep-2025 03:00 PM,https://etender.up.nic.in/nicgep/app?component=%24DirectLink_0&page=FrontEndAdvancedSearchResult&service=direct&session=T&sp=SkbKXPnXxqihzl1DLSLONwg%3D%3D
1928,2025_TWAD_602021_1,[Replacement of existing pipes and replacement of pumpsets for intermediate stage under CWSS to  239],09-Sep-2025 04:00 PM,TWAD||CE-SR/Madurai,30-Sep-2025 03:00 PM,https://tntenders.gov.in/nicgep/app?component=%24DirectLink&page=FrontEndLatestActiveCorrigendums&service=direct&session=T&sp=S7nG2cB1g81btEiO9aHLtvg%3D%3D
1929,2025_EB_606291_1,[CE/ NCTPP III/SE/M/COMG/OT-06/2025-26],19-Sep-2025 04:00 PM,TNEB Limited||TANGEDCO||CE-Elec-NCTPP-Stg-III||SE-Mech/Cmmg-NCTPP-Stg-III,03-Oct-2025 02:00 PM,https://etender.up.nic.in/nicgep/app?component=%24DirectLink_0&page=FrontEndAdvancedSearchResult&service=direct&session=T&sp=SUYZd7JPd7cM20lNKB97Wlg%3D%3D
1930,2025_CWDA_597284_1,[Hiring of Community service Providers (CSP) agency for Vellore District.],26-Aug-2025 10:00 AM,Commissionerate for Welfare of the Differently Abled,30-Sep-2025 03:00 PM,https://etender.up.nic.in/nicgep/app?component=%24DirectLink_0&page=FrontEndAdvancedSearchResult&service=direct&session=T&sp=SO1lUXw6hoZ2oGIkVZudV4Q%3D%3D
1931,2025_EB_600569_1,[Supply Fabrication Erection testing and Commissioning related Electrical works of  Chinnakulathupalayam 33 11 KV SS],05-Sep-2025 03:00 PM,TNEB Limited||TANGEDCO||CE-Karur- TANGEDCO,03-Oct-2025 02:00 PM,https://tntenders.gov.in/nicgep/app?component=%24DirectLink&page=FrontEndLatestActiveCorrigendums&service=direct&session=T&sp=SmKW5L%2B1uSOhyJ8JnIb5eVA%3D%3D
1932,2025_CoC_609800_1,"[PROPOSED CONSTRUCTION OF MULTIPURPOSE HALL ( EAST SIDE) AT AGATHIYAR NAGAR P BLOCK 27TH STREET IN DIV-95, UNIT-21, ZONE-08.(UNDER WARD COUNCILOR FUND 2024-25 ).]",27-Sep-2025 06:30 PM,"Corporation of Chennai||Regional office Central ,CoC",09-Oct-2025 03:00 PM,https://etender.up.nic.in/nicgep/app?component=%24DirectLink_0&page=FrontEndAdvancedSearchResult&service=direct&session=T&sp=SoaNZ9dEqK0m1QT%2FpjjZddg%3D%3D
1933,2025_EB_609117_1,[Repair and Maintenance Works to the Mill Floor area of Unit 3],26-Sep-2025 06:00 PM,TNEB Limited||TANGEDCO||CE-TTPS - TANGEDCO||SE-Civil-TTPS - TANGEDCO,14-Oct-2025 02:00 PM,https://etender.up.nic.in/nicgep/app?component=%24DirectLink_0&page=FrontEndAdvancedSearchResult&service=direct&session=T&sp=ScqzvXyyie8I0svGDEuosFA%3D%3D
1934,2025_MAWS_609630_1,[School Improvement Grant  Operation and Maintenance works -2025-26_Retender],27-Sep-2025 03:00 PM,MAWS||Karur Municipality,30-Sep-2025 03:00 PM,https://etender.up.nic.in/nicgep/app?component=%24DirectLink_0&page=FrontEndAdvancedSearchResult&service=direct&session=T&sp=SpqRfIiNkAbwV3M9T7JysyQ%3D%3D
1935,2025_MAWS_607381_4,[Construction of nm centre at jawahar maithanam],22-Sep-2025 02:30 PM,MAWS||Rajapalayam Municipality,03-Oct-2025 03:00 PM,https://etender.up.nic.in/nicgep/app?component=%24DirectLink_0&page=FrontEndAdvancedSearchResult&service=direct&session=T&sp=S6xzdrpgDFM%2Bl4SevvYeflQ%3D%3D
1936,2025_CoC_608880_1,[Improvement and Maintenance at First floor western side  Ripon Buildings in Div 58 Zone 05 Improvement and Maintenance to Dining Hall at Ripon Buildings in  Div  58 Zone 05 Construction of Pharmacy at Ripon Building  in Div 58 Zone 05],25-Sep-2025 06:15 PM,"Corporation of Chennai||Head Quarters,CoC",06-Oct-2025 03:00 PM,https://etender.up.nic.in/nicgep/app?component=%24DirectLink_0&page=FrontEndAdvancedSearchResult&service=direct&session=T&sp=SW0A3uGRbNok5QsFShzWCkg%3D%3D
1937,2025_DTP_609744_1,[Constrution of  compound wall  at  Ward no 04  Kodimara street oht Ward no 15 Paniyalar kudiiruppu oht      in  parangipettai Town Panchayat],27-Sep-2025 06:00 PM,"Directorate of Town Panchayats||Cuddalore Zone||Parangipettai Town Panchayat, Cuddalore",30-Sep-2025 04:00 PM,https://etender.up.nic.in/nicgep/app?component=%24DirectLink_0&page=FrontEndAdvancedSearchResult&service=direct&session=T&sp=SG9Q351j1xuttGJwL772LLA%3D%3D
1938,2025_HWAY_605821_1,[TN.No.26 / SI.No.14 / 2025-2026 / SDO / CPT - 35],20-Sep-2025 09:00 AM,Highways||NABARD and Rural Roads||Chengalpattu,07-Oct-2025 12:00 PM,https://etender.up.nic.in/nicgep/app?component=%24DirectLink_0&page=FrontEndAdvancedSearchResult&service=direct&session=T&sp=SfjLaX8zS7Q7dQvKmPlJZtA%3D%3D
1939,2025_MAWS_607722_1,[  Providing Bus Shelter at Pudukottai main road Near Sempattu pudu street  in Ward No.65],23-Sep-2025 11:20 AM,MAWS||Tiruchirappalli City Municipal Corporation,30-Sep-2025 03:00 PM,https://tntenders.gov.in/nicgep/app?component=%24DirectLink&page=FrontEndLatestActiveCorrigendums&service=direct&session=T&sp=S%2BQjPFJfFjuILTz1Ipwu0UQ%3D%3D
1940,2025_TNPL_605206_1,[Shifting of Wetlap Pulp from Various Storage Places to Slusher  for Paper Machine Use at TNPL Unit 1],17-Sep-2025 05:00 PM,Tamilnadu Newsprint and Papers Limited||TNPL Unit-1||TNPL TOS,03-Oct-2025 03:00 PM,https://etender.up.nic.in/nicgep/app?component=%24DirectLink_0&page=FrontEndAdvancedSearchResult&service=direct&session=T&sp=SJ7QNULWI6ioPzPLP8i5Dyg%3D%3D
1941,2025_HWAY_607954_1,[TN No 51 2025 26 HDO Dt 15 09 2025 TVM 150],24-Sep-2025 11:00 AM,Highways||Construction and Maintenance Wing||Tiruvannamalai Circle,16-Oct-2025 11:00 AM,https://etender.up.nic.in/nicgep/app?component=%24DirectLink_0&page=FrontEndAdvancedSearchResult&service=direct&session=T&sp=SoJN7bxw3z8VeJfCzVCgRGw%3D%3D
1942,2025_CoC_606671_1,[Supply Installation and Commissioning of 1No. of Automatic Vehicle Wheel Washer Equipment to Clean the tyres of vehicles leaving the Kodungaiyur Dumping Ground by spraying water as per Tender Specifications],19-Sep-2025 06:55 PM,"Corporation of Chennai||Head Quarters,CoC",06-Oct-2025 03:00 PM,https://etender.up.nic.in/nicgep/app?component=%24DirectLink_0&page=FrontEndAdvancedSearchResult&service=direct&session=T&sp=Stm%2B2KT17dR%2FRC6qPxXJG9Q%3D%3D
1943,2025_PWD_604640_1,[Special Maintenance and Repairs works for the Government Social Justice Hostel (College Girls) at Nagapattinam in Nagapattinam District],16-Sep-2025 04:15 PM,"PWD||PWD CE buildings||Chief Engineer - Trichy Region - Trichy||Buildings (C and M) Circle, Thiruvarur||Buildings (C and M) Division, Nagapattinam",30-Sep-2025 12:00 PM,https://etender.up.nic.in/nicgep/app?component=%24DirectLink_0&page=FrontEndAdvancedSearchResult&service=direct&session=T&sp=S4VDEUg%2FhRt6M%2BLPnjIEFZg%3D%3D
1944,2025_RDTN_609342_1,[Strengthening of Madurayar Theru Road 0/0-0/560  ],27-Sep-2025 04:30 PM,"Rural Development and Panchayat Raj Department||Thanjavur,RD,TN||MADUKKUR, THANJAVUR,RD,TN",07-Oct-2025 03:00 PM,https://etender.up.nic.in/nicgep/app?component=%24DirectLink_0&page=FrontEndAdvancedSearchResult&service=direct&session=T&sp=SPSuMt4UUIY75k0XxMSF9vw%3D%3D
1945,2025_RDTN_609788_1,[Construction of Community Hall in Thiruvalluvar Nagar at Alukkuli Panchayat.],29-Sep-2025 09:00 AM,"Rural Development and Panchayat Raj Department||Erode,RD,TN||GOBICHETTIPALAYAM, ERODE,RD,TN",23-Oct-2025 03:00 PM,https://etender.up.nic.in/nicgep/app?component=%24DirectLink_0&page=FrontEndAdvancedSearchResult&service=direct&session=T&sp=SqFKb2VWeU%2BofpgJS%2F4KGfQ%3D%3D
1946,2025_HWAY_598338_1,[3_Dharmapuri - Harur (Via) Morappur Road],29-Aug-2025 12:00 PM,Highways||Construction and Maintenance Wing||Salem Circle,30-Sep-2025 10:30 AM,https://tntenders.gov.in/nicgep/app?component=%24DirectLink&page=FrontEndLatestActiveCorrigendums&service=direct&session=T&sp=Sg9lSAgDoqD6nr9CDYN0DoA%3D%3D
1947,2025_HWAY_602497_1,[TN.38/Sl.No.01/CPT/CRIDP Work 2025-26],17-Sep-2025 06:55 PM,Highways||Construction and Maintenance Wing||Chennai Circle,16-Oct-2025 10:15 AM,https://etender.up.nic.in/nicgep/app?component=%24DirectLink_0&page=FrontEndAdvancedSearchResult&service=direct&session=T&sp=StJvXp4yjxcRVD%2BMHRrGtwA%3D%3D
1948,2025_TNCSF_609527_1,[Operation and Maintenance for AMC of ETP for 2025 - 26 season.],27-Sep-2025 01:00 PM,Department of Sugar||DHARMAPURI DISTRICT COOPERATIVE  SUGAR MILLS LTD,06-Oct-2025 04:00 PM,https://etender.up.nic.in/nicgep/app?component=%24DirectLink_0&page=FrontEndAdvancedSearchResult&service=direct&session=T&sp=SGu4jJWUzmEZtWDsoFylMUg%3D%3D
1949,2025_EB_606242_1,"[Execution of works contract for Capital, DCW, Improvement, HT/LT lines and DT maintenance works in Alangulam Sub-Division of Rural-Tin Division in respect of Tirunelveli EDC for an amount of Rs.10 Lakhs (Incl.GST) for 12 months ]",19-Sep-2025 12:00 PM,TNEB Limited||TANGEDCO||CE-Tirunelveli - TANGEDCO||SE-Tirunelveli - TANGEDCO,03-Oct-2025 02:00 PM,https://etender.up.nic.in/nicgep/app?component=%24DirectLink_0&page=FrontEndAdvancedSearchResult&service=direct&session=T&sp=SwXlipbelojYS2XsEw7OEXg%3D%3D
1950,2025_RDTN_608491_1,[DReconstruction and Repair work for School Building at Jampulingapuram Village Kuthiraikulam Panchayat],24-Sep-2025 06:40 PM,"Rural Development and Panchayat Raj Department||Thoothukudi,RD,TN||OTTAPIDARAM, THOOTHUKUDI,RD,TN",29-Sep-2025 06:50 PM,https://etender.up.nic.in/nicgep/app?component=%24DirectLink_0&page=FrontEndAdvancedSearchResult&service=direct&session=T&sp=SN1GHShULcPtnLB8q0UIGcA%3D%3D
1951,2025_TNPL_604388_1,[Procurement of Spares required for PM1 Nipcoflex Roll servicing],15-Sep-2025 05:30 PM,Tamilnadu Newsprint and Papers Limited||TNPL Unit-1||TNPL Purchase,30-Sep-2025 03:00 PM,https://tntenders.gov.in/nicgep/app?component=%24DirectLink&page=FrontEndLatestActiveCorrigendums&service=direct&session=T&sp=S%2BSeC9x4FxnaO%2FOSBzpyaYw%3D%3D
1952,2025_MAWS_607135_1,[GENERAL FUND-2025-2026-Repair and Maintanace of  CC Road at Ward No.17 Pattikaranpalayam Main Road Area  in Karamadai Municipality.],22-Sep-2025 09:00 AM,MAWS||Karamadai Municipality,30-Sep-2025 03:00 PM,https://etender.up.nic.in/nicgep/app?component=%24DirectLink_0&page=FrontEndAdvancedSearchResult&service=direct&session=T&sp=SxwRDuyTwWoWDdwudVLEMGg%3D%3D
1953,2025_MAWS_609407_1,[ Repair and Maintenance of Coilsethi Street Anganwadi Center at ward No 05 in Sirkali Municpality],27-Sep-2025 09:05 AM,MAWS||Sirkazhi Municipality,08-Oct-2025 03:00 PM,https://etender.up.nic.in/nicgep/app?component=%24DirectLink_0&page=FrontEndAdvancedSearchResult&service=direct&session=T&sp=S7ktvJWVikYpCxlNAn29oRw%3D%3D
1954,2025_EB_607285_1,"[Enq.No.26-II/25-26,Supply of Rubber hand gloves 250mm-10inch and Rubber Gauntlets 375mm-15inch]",22-Sep-2025 04:00 PM,TNEB Limited||TANGEDCO||CE-Distribution-Chennai-South - TANGEDCO||SE-South II-Chennai - TANGEDCO,07-Oct-2025 12:00 PM,https://etender.up.nic.in/nicgep/app?component=%24DirectLink_0&page=FrontEndAdvancedSearchResult&service=direct&session=T&sp=S8jKWiXv5Bz%2BRYtqJTtSTmA%3D%3D
1955,2025_MAWS_609263_1,[CUDDALORE CORPORATION -  Supply of four  typists  for the daily typing work of Cuddalore City Municipal Corporation  on agreement basis for approximately 3 Month.							],26-Sep-2025 06:00 PM,MAWS||Cuddalore Municipality,30-Sep-2025 03:00 PM,https://etender.up.nic.in/nicgep/app?component=%24DirectLink_0&page=FrontEndAdvancedSearchResult&service=direct&session=T&sp=SLUN8qjT2GtkF3YbHnefeBg%3D%3D
1956,2025_RDTN_608560_1,[Providing Cement Concrete Pavement at Koothadivayal Narikuravar Colony Sumathi/Chinnaiah House to Allimuthu/Thangasar House at Rethinakottai Panchayat],25-Sep-2025 09:00 AM,"Rural Development and Panchayat Raj Department||Pudhukottai,RD,TN||ARANTANGI - VP, PUDUKKOTTAI,RD,TN",30-Sep-2025 03:00 PM,https://etender.up.nic.in/nicgep/app?component=%24DirectLink_0&page=FrontEndAdvancedSearchResult&service=direct&session=T&sp=SWHkcIBQ%2FYDmzbr4%2F0PCyow%3D%3D
1957,2025_HWAY_603184_1,[VPM-099-Non Plan-2025-26],18-Sep-2025 10:00 AM,Highways||Construction and Maintenance Wing||Villupuram Circle,15-Oct-2025 12:00 PM,https://etender.up.nic.in/nicgep/app?component=%24DirectLink_0&page=FrontEndAdvancedSearchResult&service=direct&session=T&sp=SpTjzQlMrm6n46fufaWBPUA%3D%3D
1958,2025_TNHB_607294_1,[Demolition of dilapidated 36 T.N.G.R.H.S out of 390 T.N.G.R.H.S Flats at Sengulam Colony in Trichy District],22-Sep-2025 03:00 PM,Tamil Nadu Housing Board||Madurai Circle||Trichy Housing Unit,06-Oct-2025 11:00 AM,https://etender.up.nic.in/nicgep/app?component=%24DirectLink_0&page=FrontEndAdvancedSearchResult&service=direct&session=T&sp=SdtbZmAFuiu%2F0iD4gsLJeog%3D%3D
1959,2025_TNHB_603566_1,[Sales of Commercial Plots at Kilmudalambedu Phase II],15-Sep-2025 11:00 AM,Tamil Nadu Housing Board||Project Circle (City)||Special Project Division I,15-Oct-2025 11:30 AM,https://etender.up.nic.in/nicgep/app?component=%24DirectLink_0&page=FrontEndAdvancedSearchResult&service=direct&session=T&sp=SRH41TXCqX9S86GhnkjjThg%3D%3D
1960,2025_HWAY_603050_1,"[TNV 97 Thovalai  H C M, Sub division]",12-Sep-2025 09:00 AM,Highways||Construction and Maintenance Wing||Tirunelveli Circle,03-Oct-2025 02:00 PM,https://etender.up.nic.in/nicgep/app?component=%24DirectLink_0&page=FrontEndAdvancedSearchResult&service=direct&session=T&sp=Sl7HOpTnfM5O6LQUPv5Vmug%3D%3D
1961,2025_CoC_608224_1,[Z.O.1.C.No.B2/3041/2025],24-Sep-2025 12:00 PM,"Corporation of Chennai||Regional Office North,CoC",06-Oct-2025 03:00 PM,https://etender.up.nic.in/nicgep/app?component=%24DirectLink_0&page=FrontEndAdvancedSearchResult&service=direct&session=T&sp=S9np2Lzprn40YmlePwSh5nw%3D%3D
1962,2025_WRD_599168_1,[Flood Mitigation works to the Common Bank of Pugalur Channel and Right Bank of River Cauvery from mile 51/0 to 61/5 in Kodumudi and Pugalur Taluks in Erode and Karur Districts],01-Sep-2025 10:00 AM,Water Resources Department||CE WRD Trichy Region - Trichy||SE Middle Cauvery Basin Circle WRD - Trichy,08-Oct-2025 03:00 PM,https://etender.up.nic.in/nicgep/app?component=%24DirectLink_0&page=FrontEndAdvancedSearchResult&service=direct&session=T&sp=SBEjGwu%2B%2BvoOIWPnJXzmwMQ%3D%3D
1963,2025_CoC_609443_1,"[Electrical Improvement work if installing 30nos of 20w LED fitting and 20nos of celling fan with suitable wiring GCC Lab in Samy Street in Div-58, Unit-14, Zone-5.]",27-Sep-2025 01:00 PM,"Corporation of Chennai||Regional Office North,CoC",03-Oct-2025 03:00 PM,https://etender.up.nic.in/nicgep/app?component=%24DirectLink_0&page=FrontEndAdvancedSearchResult&service=direct&session=T&sp=SJYcpqDToD7jV0330yNpJyQ%3D%3D
1964,2025_TNPL_608828_1,"[Dismantling, Fabrication and Erection of Light Structurals for RB3 and Lime kiln at SRP -Mechanical]",25-Sep-2025 06:30 PM,Tamilnadu Newsprint and Papers Limited||TNPL Unit-1||TNPL TOS,09-Oct-2025 03:00 PM,https://etender.up.nic.in/nicgep/app?component=%24DirectLink_0&page=FrontEndAdvancedSearchResult&service=direct&session=T&sp=SeUdoLQli%2F7wQCAedVmr1Bg%3D%3D
1965,2025_HWAY_609837_1,[TN No 7 2025 26 SDO Dated 19.08.2025],29-Sep-2025 09:00 AM,Highways||Projects Wing||Madurai Circle,15-Oct-2025 11:00 AM,https://tntenders.gov.in/nicgep/app?component=%24DirectLink&page=FrontEndLatestActiveCorrigendums&service=direct&session=T&sp=SPpA6zNmaDXe76NEtEcOChA%3D%3D
1966,2025_DTP_609843_1,[Cuddalore District - Pennadam TP ],29-Sep-2025 09:00 AM,"Directorate of Town Panchayats||Cuddalore Zone||Pennadam Town Panchayat, Cuddalore",30-Sep-2025 03:00 PM,https://etender.up.nic.in/nicgep/app?component=%24DirectLink_0&page=FrontEndAdvancedSearchResult&service=direct&session=T&sp=SlvI4Xx5Trvoa1VqkzrEMjg%3D%3D
1967,2025_MAWS_609521_1,[Providing 90mm dia PVC PIPE at Paktheni Haji Abdullah Sahib street in Melvisharam Municipality],27-Sep-2025 12:00 PM,MAWS||Arani Municipality,03-Oct-2025 03:00 PM,https://etender.up.nic.in/nicgep/app?component=%24DirectLink_0&page=FrontEndAdvancedSearchResult&service=direct&session=T&sp=SDEqgNOqiFFOJsRGh4XEgqw%3D%3D
1968,2025_RDTN_610091_1,[1. CONSTRUCTION OF CO LOCATION OF CSC PANCHAYAT BHAWAN AT THENPARAI  IN THENPARAI  PANCHAYAT  RRGSA  2025 26  Kottur Block Tiruvarur Dist],29-Sep-2025 04:20 PM,"Rural Development and Panchayat Raj Department||Tiruvarur,RD,TN||KOTTUR - VP, TIRUVARUR,RD,TN",07-Oct-2025 03:00 PM,https://etender.up.nic.in/nicgep/app?component=%24DirectLink_0&page=FrontEndAdvancedSearchResult&service=direct&session=T&sp=S6gzisSByg%2B2dCZqMEPj3vw%3D%3D
1969,2025_RDTN_609471_6,[Providing Paver Block at Nanjankulam Colont  South Street in Nanjankulam Panchayat],27-Sep-2025 10:00 AM,"Rural Development and Panchayat Raj Department||Tirunelveli,RD,TN||MANUR, TIRUNELVELI,RD,TN",06-Oct-2025 03:00 PM,https://etender.up.nic.in/nicgep/app?component=%24DirectLink_0&page=FrontEndAdvancedSearchResult&service=direct&session=T&sp=SWlHwPFm7t1NVTP317egDvQ%3D%3D
1970,2025_DTP_609724_1,[6th Finance 2025-2026    1],27-Sep-2025 05:00 PM,"Directorate of Town Panchayats||Dindigul Zone||Aravakurichi Town Panchayat, Karur",30-Sep-2025 03:00 PM,https://etender.up.nic.in/nicgep/app?component=%24DirectLink_0&page=FrontEndAdvancedSearchResult&service=direct&session=T&sp=SP8ynseafLp%2FX9dktPRdJEg%3D%3D
1971,2025_TMVMD_605309_1,[Supply of Oils and Lubricants],19-Sep-2025 04:00 PM,TamilNadu Motor Vehicles Maintenance Department||GM-Government Automobile WorkShop-Chennai,07-Oct-2025 12:00 PM,https://etender.up.nic.in/nicgep/app?component=%24DirectLink_0&page=FrontEndAdvancedSearchResult&service=direct&session=T&sp=S0OaqsLsiJCWTwWhztVH1wA%3D%3D
1972,2025_DTP_609672_1,[15TH CFC 1ST 2025-26 ILANJI ],28-Sep-2025 09:00 AM,Directorate of Town Panchayats||Tirunelveli Zone||Puthur S Town Panchayat,30-Sep-2025 03:00 PM,https://etender.up.nic.in/nicgep/app?component=%24DirectLink_0&page=FrontEndAdvancedSearchResult&service=direct&session=T&sp=SHm40AoKlzkZ%2BggrV2K5JTg%3D%3D
1973,2025_TNHB_604716_1,[Sale of 107 Commercial sites at Periyar nagar sampath nagar muthampalayam perundurai pallipalayam Dharapuram Sathiyamangalam Gobichettypalayam in Erode District],18-Sep-2025 11:00 AM,Tamil Nadu Housing Board||Salem Circle||Erode Housing Unit,23-Oct-2025 11:00 AM,https://tntenders.gov.in/nicgep/app?component=%24DirectLink&page=FrontEndLatestActiveCorrigendums&service=direct&session=T&sp=Sb9qXeo1wMQnEFsrpDQnaOg%3D%3D
1974,2025_EB_607337_1,[NCTPSI SEMII Circle ICHS DnReplacement of existing severely damaged or corroded Bucket Wheel discharge Chute in ReclaimerII of ICHS],22-Sep-2025 06:00 PM,TNEB Limited||TANGEDCO||CE-NCTPS-I - TANGEDCO||SE-Mechanical Maintenance II-NCTPS-I - TANGEDCO,06-Oct-2025 02:00 PM,https://etender.up.nic.in/nicgep/app?component=%24DirectLink_0&page=FrontEndAdvancedSearchResult&service=direct&session=T&sp=SOT3NW22u0RyS8pL4zsmKaw%3D%3D
1975,2025_HWAY_606136_1,[ 	TN 39 25 26 Dharapuram Division TPR 085],19-Sep-2025 05:30 PM,Highways||Construction and Maintenance Wing||Tiruppur Circle,09-Oct-2025 10:45 AM,https://etender.up.nic.in/nicgep/app?component=%24DirectLink_0&page=FrontEndAdvancedSearchResult&service=direct&session=T&sp=S9NeUSqBfIJwSoxcUsgl0cg%3D%3D
1976,2025_MAWS_605451_24,[CUDDALORE CORPORATION -  Renovation  of park site at Thangaraj nagar ward no 24 in Cuddalore City Municipal Corporation],18-Sep-2025 06:00 PM,MAWS||Cuddalore Municipality,30-Sep-2025 03:00 PM,https://etender.up.nic.in/nicgep/app?component=%24DirectLink_0&page=FrontEndAdvancedSearchResult&service=direct&session=T&sp=Sm16HvTgB9zUXsynNomRpiQ%3D%3D
1977,2025_RDTN_606638_1,[Salem District (Thalaivasal Block)Providing the Cement Concrete from Ramamoorthy house to Mariyamman Kovil end H/o Pagadapady.Work No.02/2025-2026.MLACDS 2025-2026],19-Sep-2025 06:00 PM,"Rural Development and Panchayat Raj Department||Salem,RD,TN||THALAIVASAL, SALEM,RD,TN",07-Oct-2025 03:00 PM,https://etender.up.nic.in/nicgep/app?component=%24DirectLink_0&page=FrontEndAdvancedSearchResult&service=direct&session=T&sp=SkCFUptDuR4c9zvBY%2BffXPg%3D%3D
1978,2025_HWAY_598044_1,[CRIDP 2025-26],01-Sep-2025 06:00 PM,Highways||Construction and Maintenance Wing||Coimbatore Circle,09-Oct-2025 10:30 AM,https://etender.up.nic.in/nicgep/app?component=%24DirectLink_0&page=FrontEndAdvancedSearchResult&service=direct&session=T&sp=SN8MlXNmS3DT6K%2BEjwf7RAA%3D%3D
1979,2025_RDTN_606500_1,[PROVIDING INTER LOCKING PAVER BLOCK FROM KALIYAMMAL HOUSE TO MAYEE HOUSE AT ARUNTHATHIYAR STREET IN GULLAPURAM  PANCHAYAT],19-Sep-2025 05:00 PM,"Rural Development and Panchayat Raj Department||Theni,RD,TN||PERIYAKULAM - VP, THENI,RD,TN",30-Sep-2025 03:00 PM,https://etender.up.nic.in/nicgep/app?component=%24DirectLink_0&page=FrontEndAdvancedSearchResult&service=direct&session=T&sp=SUNTl%2FDuuu3MgR86jtAa4hg%3D%3D
1980,2025_SETC_597723_1,"[SUPPLY OF MEALS ,CURD AND TEA TO OUR EMPLOYEES AT  NAGAPATTINAM DEPOT.]",27-Aug-2025 04:30 PM,State Express Transport Corporation Tamilnadu Limited||Chennai-Materials,03-Oct-2025 03:00 PM,https://tntenders.gov.in/nicgep/app?component=%24DirectLink&page=FrontEndLatestActiveCorrigendums&service=direct&session=T&sp=S6m2wYqmYUZ2S%2BrGNJWZUTA%3D%3D
1981,2025_TNPL_608998_1,[PROCUREMENT OF BM-4 PAPER TAPE IBS SPECIAL WHITE 90 FOR TURN UP SYSTEM FOR TNPL UNIT II],26-Sep-2025 05:00 PM,Tamilnadu Newsprint and Papers Limited||TNPL Unit-2||TNPL Purchase,08-Oct-2025 03:00 PM,https://etender.up.nic.in/nicgep/app?component=%24DirectLink_0&page=FrontEndAdvancedSearchResult&service=direct&session=T&sp=SCQ6nO%2FuTiyQ4fVymISXBlA%3D%3D
1982,2025_DoTE_604419_1,[service of ups],15-Sep-2025 06:00 PM,Directorate of Technical Education||Govt. Polytechnic College - DOTE||GPT-Kelamangalam - Krishnagiri,06-Oct-2025 10:30 AM,https://tntenders.gov.in/nicgep/app?component=%24DirectLink&page=FrontEndLatestActiveCorrigendums&service=direct&session=T&sp=Sr2dLxHDukBEyiu6gr7uXAQ%3D%3D
1983,2025_TNPL_606295_1,[Procurement of Sodium Hydrosulphite for Unit I],19-Sep-2025 06:55 PM,Tamilnadu Newsprint and Papers Limited||TNPL Unit-1||TNPL Purchase,03-Oct-2025 03:00 PM,https://etender.up.nic.in/nicgep/app?component=%24DirectLink_0&page=FrontEndAdvancedSearchResult&service=direct&session=T&sp=SOqocuMWGFxEpCxVvcXSOdg%3D%3D
1984,2025_HWAY_609421_1,[Upgradation of Panchayat Union / Panchayat Roads to Other District Roads (SLM-32)],27-Sep-2025 11:00 AM,Highways||NABARD and Rural Roads||Salem,14-Oct-2025 11:00 AM,https://etender.up.nic.in/nicgep/app?component=%24DirectLink_0&page=FrontEndAdvancedSearchResult&service=direct&session=T&sp=SpXnL%2FQLYzKlpxZddr%2Byeng%3D%3D
1985,2025_EB_598685_1,"[Supply, erection, testing and commisioning of 33/11KV Manamadai SS with 1x8 MVA at pudukottai EDC in Trichy Region with total Turnkey basis]",30-Aug-2025 10:00 AM,TNEB Limited||TANGEDCO||CE-Trichy EDC - TANGEDCO,06-Oct-2025 02:30 PM,https://tntenders.gov.in/nicgep/app?component=%24DirectLink&page=FrontEndLatestActiveCorrigendums&service=direct&session=T&sp=SilnLuXvdGcg87Wj0BXLLSw%3D%3D
1986,2025_DTP_608423_1,[Providing paver block road at Pullannivilai Door No. 16-40B to 16-H4 in Palukal Town Panchayat.],24-Sep-2025 05:00 PM,Directorate of Town Panchayats||Nagercoil Zone||Pazhugal Town Panchayat,30-Sep-2025 03:00 PM,https://etender.up.nic.in/nicgep/app?component=%24DirectLink_0&page=FrontEndAdvancedSearchResult&service=direct&session=T&sp=S99AVX%2FI%2Fk2RSyU2EAFopNw%3D%3D
1987,2025_HWAY_606129_1,[TN 39 25 26 Tirupur Division TPR 084],19-Sep-2025 05:30 PM,Highways||Construction and Maintenance Wing||Tiruppur Circle,09-Oct-2025 10:45 AM,https://etender.up.nic.in/nicgep/app?component=%24DirectLink_0&page=FrontEndAdvancedSearchResult&service=direct&session=T&sp=SUwQYsKxXkU7YU9u6jVFrdA%3D%3D
1988,2025_DTP_605239_1,[15th Finance - Tied Grant - 2025-26 - 1st Installment Providing new borewell at Bernandas theru and pipeline extenstion from Bernandas theru to Ward No.6 OHT in Villukuri Town Panchayat.],17-Sep-2025 04:25 PM,Directorate of Town Panchayats||Nagercoil Zone||Villukuri Town Panchayat,30-Sep-2025 03:00 PM,https://etender.up.nic.in/nicgep/app?component=%24DirectLink_0&page=FrontEndAdvancedSearchResult&service=direct&session=T&sp=SWHa%2F2pdijTbymqYki7a3dA%3D%3D
1989,2025_CoC_609780_1,"[Z.O. XIV.C.No.E1/6502/2025 Providing 600mm dia rcc hume pipe at VGP 4th main road in Div-183, Unit-41 Zone-14]",27-Sep-2025 06:00 PM,"Corporation of Chennai||Regional office South,CoC",29-Sep-2025 06:00 PM,https://etender.up.nic.in/nicgep/app?component=%24DirectLink_0&page=FrontEndAdvancedSearchResult&service=direct&session=T&sp=SOl8BahB1%2F9R1lfsfKNvZdQ%3D%3D
1990,2025_TNSTC_605977_1,[Supply of Man power for operation and maintenance of Retail Outlet owned by TNSTC(TIrunelveli)Ltd],19-Sep-2025 09:00 AM,Tamilnadu State Transport Corporation||Tirunelveli Corporation||Tirunelveli,03-Oct-2025 06:00 PM,https://etender.up.nic.in/nicgep/app?component=%24DirectLink_0&page=FrontEndAdvancedSearchResult&service=direct&session=T&sp=SWpRXPSCFdmo%2FBsBFv8YPuQ%3D%3D
1991,2025_MAWS_605451_1,"[CUDDALORE CORPORATION- Providing for Distrubution Water Line at Thirumoorthy Garden, Deepan Nagar in  Ward no  1 Cuddalore Corporation]",18-Sep-2025 09:30 AM,MAWS||Cuddalore Municipality,30-Sep-2025 03:00 PM,https://etender.up.nic.in/nicgep/app?component=%24DirectLink_0&page=FrontEndAdvancedSearchResult&service=direct&session=T&sp=SYDPg8qI5D7m3Xz0lMxCHZA%3D%3D
1992,2025_HWAY_609369_1,[Upgradation of Panchayat Union / Panchayat Roads to Other District Roads (SLM-16)],27-Sep-2025 11:00 AM,Highways||NABARD and Rural Roads||Salem,14-Oct-2025 11:00 AM,https://etender.up.nic.in/nicgep/app?component=%24DirectLink_0&page=FrontEndAdvancedSearchResult&service=direct&session=T&sp=Sz4GSmJFQpeTuI8v4d8PNDg%3D%3D
1993,2025_EB_608675_1,[LT-15/2025-26 of SE/GCC-II],25-Sep-2025 02:00 PM,TNEB Limited||TANTRANSCO||CE-Transmission Projects-I-Chennai - TANTRANSCO||SE-GCC II - TANTRANSCO,08-Oct-2025 02:00 PM,https://etender.up.nic.in/nicgep/app?component=%24DirectLink_0&page=FrontEndAdvancedSearchResult&service=direct&session=T&sp=SVhM4ynTjVQJeQukUao%2FHPg%3D%3D
1994,2025_TTDCL_606635_1,[RFP Design Development Implementation and Maintenance of Audio Tour Guide across various destinations in Tamil Nadu],20-Sep-2025 10:00 AM,Tamil Nadu Tourism Development Corporation Limited||Engineering Wing,16-Oct-2025 03:00 PM,https://etender.up.nic.in/nicgep/app?component=%24DirectLink_0&page=FrontEndAdvancedSearchResult&service=direct&session=T&sp=SJIh3RbgkltZy%2BE9Qk7LbFg%3D%3D
1995,2025_MAWS_607350_1,[Repair and maintenance of Community toilet at Gippson puram at WGC Road in East Zone],22-Sep-2025 06:00 PM,MAWS||Tuticorin Municipal Corporation,30-Sep-2025 03:00 PM,https://etender.up.nic.in/nicgep/app?component=%24DirectLink_0&page=FrontEndAdvancedSearchResult&service=direct&session=T&sp=S7fL5w%2BQKz5%2Bp3Msa6LLmcw%3D%3D
1996,2025_HWAY_605756_1,[CRIDP 2025-26],22-Sep-2025 06:00 PM,Highways||Construction and Maintenance Wing||Coimbatore Circle,09-Oct-2025 10:30 AM,https://etender.up.nic.in/nicgep/app?component=%24DirectLink_0&page=FrontEndAdvancedSearchResult&service=direct&session=T&sp=Stf9T2znzitiY6c%2B2TrbRaA%3D%3D
1997,2025_HWAY_601850_2,[TRY-65/2025-26 VIRALIMALAI SUB DIVISION],09-Sep-2025 06:45 PM,Highways||Construction and Maintenance Wing||Trichy Circle,07-Oct-2025 11:00 AM,https://tntenders.gov.in/nicgep/app?component=%24DirectLink&page=FrontEndLatestActiveCorrigendums&service=direct&session=T&sp=SrMfgjcRvqXsCxD1mvQCq6A%3D%3D
1998,2025_HWAY_605676_1,[TN.No.26 / SI.No.04 / 2025-2026 / SDO / CPT - 25],20-Sep-2025 09:00 AM,Highways||NABARD and Rural Roads||Chengalpattu,07-Oct-2025 12:00 PM,https://etender.up.nic.in/nicgep/app?component=%24DirectLink_0&page=FrontEndAdvancedSearchResult&service=direct&session=T&sp=SESJJKbe7yLfqr%2FIowT6jiQ%3D%3D
1999,2025_RDTN_608467_1,[Construction of Computer Class Building for Panchayat Union Primary School at P. Kailasapuram at Pasuvanthanai village and Panchayat],24-Sep-2025 05:45 PM,"Rural Development and Panchayat Raj Department||Thoothukudi,RD,TN||OTTAPIDARAM, THOOTHUKUDI,RD,TN",29-Sep-2025 05:55 PM,https://etender.up.nic.in/nicgep/app?component=%24DirectLink_0&page=FrontEndAdvancedSearchResult&service=direct&session=T&sp=SwjFfc3A8Z5Fs2qI1ywUakA%3D%3D
2000,2025_TNPL_607069_1,[PROCUREMENT OF SULPHAMIC ACID COMMERCIAL FOR SRP OF TNPL UNIT II],20-Sep-2025 05:45 PM,Tamilnadu Newsprint and Papers Limited||TNPL Unit-2||TNPL Purchase,06-Oct-2025 03:00 PM,https://etender.up.nic.in/nicgep/app?component=%24DirectLink_0&page=FrontEndAdvancedSearchResult&service=direct&session=T&sp=SAQsHlhOq%2FTAlK%2B%2BQQXwCFg%3D%3D
2001,2025_RDTN_608790_1,[Vellore District Construction of Kitchenshed (Type-II) at Brammapuram Govt Higher Secondary School at Brammapuram Panchayat in Katpadi Block PMGRST 2025-26 Package No 02],25-Sep-2025 05:00 PM,"Rural Development and Panchayat Raj Department||Vellore,RD,TN||KATPADI, VELLORE,RD,TN",07-Oct-2025 03:00 PM,https://etender.up.nic.in/nicgep/app?component=%24DirectLink_0&page=FrontEndAdvancedSearchResult&service=direct&session=T&sp=S%2FvAGQ%2FEX2DCl7ARjzwBo3A%3D%3D
2002,2025_TNPL_607508_1,[Repairing and Re-conditioning of D-Hot SMO heat Exchanger in HWFL at Pulp Mill - Mech.],22-Sep-2025 06:00 PM,Tamilnadu Newsprint and Papers Limited||TNPL Unit-1||TNPL TOS,06-Oct-2025 03:00 PM,https://etender.up.nic.in/nicgep/app?component=%24DirectLink_0&page=FrontEndAdvancedSearchResult&service=direct&session=T&sp=SerPRSzMvRcyDNOtKCzcKRQ%3D%3D
2003,2025_DTP_609681_1,[15TH FINANCE    UNTIED GRANT 2025 26 IInd  INSTALLMENT Thevaram Town Panchayat Construction of Compound Wall in Ward 18 Uthamapalayam Main Road Mayanam in Thevaram Town panchayat],27-Sep-2025 03:55 PM,Directorate of Town Panchayats||Theni Zone||Melachokkanathapuram Town Panchayat - Theni,30-Sep-2025 03:00 PM,https://etender.up.nic.in/nicgep/app?component=%24DirectLink_0&page=FrontEndAdvancedSearchResult&service=direct&session=T&sp=SmGWM0ofw4e21ChFVuKZJIg%3D%3D
2004,2025_DoTE_610009_1,[NEW BUILDING NETWORK INSTALLATION],29-Sep-2025 03:00 PM,"Directorate of Technical Education||Govt. Polytechnic College - DOTE||Govt. Polytechnic College for Women, coimbatore",13-Oct-2025 03:00 PM,https://etender.up.nic.in/nicgep/app?component=%24DirectLink_0&page=FrontEndAdvancedSearchResult&service=direct&session=T&sp=ST8tzLUaX0iKWvkoRh7B8Lw%3D%3D
2005,2025_MAWS_607882_1,[Dharapuram Municipality Dismantling the Damaged pump room and Construction of RCC Plate form  at Ward 07 kottai medu in  Dharapuram Municipality  ],23-Sep-2025 04:00 PM,MAWS||Dharapuram Municipality,07-Oct-2025 03:00 PM,https://tntenders.gov.in/nicgep/app?component=%24DirectLink&page=FrontEndLatestActiveCorrigendums&service=direct&session=T&sp=SoP5zeAU9c7hKzuWWCvXtAg%3D%3D
2006,2025_TNPL_607765_1,[CLO2 PTFE lined Pipeline Flange bolts changing at HWFL at Pulp-Mechanical in TNPL Unit-I],23-Sep-2025 05:00 PM,Tamilnadu Newsprint and Papers Limited||TNPL Unit-1||TNPL TOS,07-Oct-2025 03:00 PM,https://etender.up.nic.in/nicgep/app?component=%24DirectLink_0&page=FrontEndAdvancedSearchResult&service=direct&session=T&sp=ScJwmd2ammuHpvuZjabN2rw%3D%3D
2007,2025_RDTN_605300_1,[Construction of New Building for Rural Primary Health Center at Vengadampettai in Kurunjipadi Block],24-Sep-2025 12:00 PM,"Rural Development and Panchayat Raj Department||Cuddalore,RD,TN",03-Oct-2025 03:00 PM,https://etender.up.nic.in/nicgep/app?component=%24DirectLink_0&page=FrontEndAdvancedSearchResult&service=direct&session=T&sp=SbdsCH%2BLwbir1%2Fu36nGAFSA%3D%3D
2008,2025_TNMSC_554901_2,[ONLINE TENDER FOR FIXING RATE CONTRACT FOR SUPPLY AND INSTALLATION OF DOUBLE PUNCTURE LAPAROSCOPE AND INSTRUMENT TO VARIOUS GOVT. INSTITUTIONS ],21-Aug-2025 04:00 PM,Tamilnadu Medical Services Corporation||Equipment,14-Oct-2025 11:00 AM,https://tntenders.gov.in/nicgep/app?component=%24DirectLink&page=FrontEndLatestActiveCorrigendums&service=direct&session=T&sp=SmxdVH%2Fg7WE92muiFJbODdw%3D%3D
2009,2025_RDTN_609235_1,"[Providing New Borewell , Pumpset  at Parakivayal GLR Near  in Sathiyamangalam Panchayat.]",26-Sep-2025 03:55 PM,"Rural Development and Panchayat Raj Department||Pudhukottai,RD,TN||ANNAVASAL, PUDUKKOTTAI,RD,TN",06-Oct-2025 03:00 PM,https://etender.up.nic.in/nicgep/app?component=%24DirectLink_0&page=FrontEndAdvancedSearchResult&service=direct&session=T&sp=SXO0knR5xhWw5Eu5O2FAk6Q%3D%3D
2010,2025_MAWS_609402_1,"[Maintenance and Repair Works, Providing Toilet Facility, SWD and precast slabARRANGEMENTS  to ICDS Centre at Madhuram Maithanam]",27-Sep-2025 09:00 AM,MAWS||Tiruchirappalli City Municipal Corporation,30-Sep-2025 03:00 PM,https://etender.up.nic.in/nicgep/app?component=%24DirectLink_0&page=FrontEndAdvancedSearchResult&service=direct&session=T&sp=SFiilqXj8tNkGzn%2F3CySnOA%3D%3D
2011,2025_RDTN_604910_1,"[Construction of 30,000 Lit OHT 12 M Stage at Pumping main line 265m, Fencing arrangements  at Agoor Panchayat,  Mailam Block , Villupuram District]",18-Sep-2025 10:00 AM,"Rural Development and Panchayat Raj Department||Villupuram,RD,TN||MAILAM, VILLUPURAM,RD,TN",30-Sep-2025 03:00 PM,https://etender.up.nic.in/nicgep/app?component=%24DirectLink_0&page=FrontEndAdvancedSearchResult&service=direct&session=T&sp=SO4yQpEr%2F4Q5S9Y36JY32Ig%3D%3D
2012,2025_RDTN_607236_1,"[PACKAGE NO.07 - Construction of houses for Combined House (4 Nos.) with Ceramic Tiles flooring at Aliyanilai Refugee Camp in Aliyanilai Pts (3 GROUP HOUSES 12 NO.OF HOUSES) in Aranthangi block, Pudukkottai Dt under SRI LANKAN REFUGEES-2025-26 Phase-3]",22-Sep-2025 10:00 AM,"Rural Development and Panchayat Raj Department||Pudhukottai,RD,TN",03-Oct-2025 03:00 PM,https://etender.up.nic.in/nicgep/app?component=%24DirectLink_0&page=FrontEndAdvancedSearchResult&service=direct&session=T&sp=Sf2lqbJtp1LpHWVNe2xBcHg%3D%3D
2013,2025_TNMIN_595353_1,[PURCHASE OF IMPORTED GROOVED AND STRETCHED SAW STEEL BLADES],21-Aug-2025 10:00 AM,Tamil Nadu Minerals Limited||Head Office - TNMIN||Production - TNMIN,06-Oct-2025 05:00 PM,https://tntenders.gov.in/nicgep/app?component=%24DirectLink&page=FrontEndLatestActiveCorrigendums&service=direct&session=T&sp=SwcGpAHydTwPHJBJLQ208Ug%3D%3D
2014,2025_RDTN_609999_1,[Providing Paver block arrangement at Navalady PD Shop Backside at K.Navalady v.pt],29-Sep-2025 01:00 PM,"Rural Development and Panchayat Raj Department||Tirunelveli,RD,TN||RADHAPURAM, TIRUNELVELI,RD,TN",03-Oct-2025 05:00 PM,https://etender.up.nic.in/nicgep/app?component=%24DirectLink_0&page=FrontEndAdvancedSearchResult&service=direct&session=T&sp=SHQpTqXwVyjRlmTiIR0Ei3A%3D%3D
2015,2025_TNPL_601540_1,[Procurement of Cooling Tower],08-Sep-2025 04:20 PM,Tamilnadu Newsprint and Papers Limited||TNPL Unit-1||TNPL Purchase,06-Oct-2025 03:00 PM,https://tntenders.gov.in/nicgep/app?component=%24DirectLink&page=FrontEndLatestActiveCorrigendums&service=direct&session=T&sp=S1NqlDXdW2pkVonRCZErPaQ%3D%3D
2016,2025_DTP_608394_1,[Elumalai Town Panchayat Providing Paver Block Road at Ward no.5 Kachakariamman Kovil Street 0.220 Mtr  In Elumalai Town Panchayat],24-Sep-2025 04:30 PM,"Directorate of Town Panchayats||Madurai Zone||Elumalai Town Panchayat, Madurai",30-Sep-2025 03:00 PM,https://etender.up.nic.in/nicgep/app?component=%24DirectLink_0&page=FrontEndAdvancedSearchResult&service=direct&session=T&sp=Sa1hGvLmqluLLteDDFrR3%2Bw%3D%3D
2017,2025_EB_597667_1,[Establishment of New 33/11KV SS],26-Aug-2025 06:00 PM,TNEB Limited||TANGEDCO||CE-Distribution-Villupuram - TANGEDCO,15-Oct-2025 02:00 PM,https://tntenders.gov.in/nicgep/app?component=%24DirectLink&page=FrontEndLatestActiveCorrigendums&service=direct&session=T&sp=SLicfDLi9D0vtWaoVS58ikA%3D%3D
2018,2025_RDTN_609782_1,[Providing Fensing arrangement at Anganwadi Building at Kakkarampatti Village in Kurukkusalai Panchayat],27-Sep-2025 06:00 PM,"Rural Development and Panchayat Raj Department||Thoothukudi,RD,TN||OTTAPIDARAM, THOOTHUKUDI,RD,TN",03-Oct-2025 03:00 PM,https://etender.up.nic.in/nicgep/app?component=%24DirectLink_0&page=FrontEndAdvancedSearchResult&service=direct&session=T&sp=SC3XMPEwc0F8ppLIYf%2BKx4Q%3D%3D
2019,2025_TNMSC_599092_1,"[ONLINE TENDER FOR SUPPLY AND INSTALLATION OF SINGLE ENERGY LINAC WITH RING BASED GANTRY INTEGRATED WITH CT SCAN TO GOVT. ARIGNAR ANNA MEMORIAL CANCER HOSPITAL, KARAPETTAI, KANCHEEPURAM ]",30-Aug-2025 06:30 PM,Tamilnadu Medical Services Corporation||Equipment,17-Oct-2025 11:00 AM,https://tntenders.gov.in/nicgep/app?component=%24DirectLink&page=FrontEndLatestActiveCorrigendums&service=direct&session=T&sp=Su2qBt8PCaZ1bJFpur1CqZw%3D%3D
2020,2025_DTP_607067_1,[Eral Town Panchayat   Construction of  Gents Toilet at New Office Building Compound and Providing Paver Block],20-Sep-2025 05:45 PM,Directorate of Town Panchayats||Tirunelveli Zone||Eral Town Panchayat,30-Sep-2025 03:00 PM,https://etender.up.nic.in/nicgep/app?component=%24DirectLink_0&page=FrontEndAdvancedSearchResult&service=direct&session=T&sp=Sut9PShqn4T%2BumXjrLqrL3Q%3D%3D
2021,2025_RDTN_609322_1,[providing the New 1HP Submersible pumpset in panchayat Union Primary school in Mullur Village and Panchayat],26-Sep-2025 05:35 PM,"Rural Development and Panchayat Raj Department||Thoothukudi,RD,TN||OTTAPIDARAM, THOOTHUKUDI,RD,TN",01-Oct-2025 06:00 PM,https://etender.up.nic.in/nicgep/app?component=%24DirectLink_0&page=FrontEndAdvancedSearchResult&service=direct&session=T&sp=SqMmOnOdiJSqB1zJrMhLasw%3D%3D
2022,2025_EB_605017_1,[M-199/2025-26],17-Sep-2025 05:00 PM,TNEB Limited||TANGEDCO||CE-Material Management - TANGEDCO,08-Oct-2025 02:30 PM,https://etender.up.nic.in/nicgep/app?component=%24DirectLink_0&page=FrontEndAdvancedSearchResult&service=direct&session=T&sp=Sg87xlwEC8WAd78AA5Yef%2Fw%3D%3D
2023,2025_DoTE_600595_1,[purchase of EEE lab items],04-Sep-2025 04:35 PM,"Directorate of Technical Education||Govt. Polytechnic College - DOTE||Government Polytechnic College, Aundipatti",07-Oct-2025 12:00 PM,https://tntenders.gov.in/nicgep/app?component=%24DirectLink&page=FrontEndLatestActiveCorrigendums&service=direct&session=T&sp=SiOzNBCci8NnhRH8IIKnkgA%3D%3D
2024,2025_DTP_610095_1,[15TH FC Tied Grant - Narasimmanaickenpalayam Town Panchayat - Bio mining-Retender],29-Sep-2025 04:00 PM,"Directorate of Town Panchayats||Coimbatore Zone||Narasimhanaickenpalayam Town Panchayat, Coimbatore",03-Oct-2025 03:00 PM,https://etender.up.nic.in/nicgep/app?component=%24DirectLink_0&page=FrontEndAdvancedSearchResult&service=direct&session=T&sp=SISD6Bt5nuHZmUPw%2BFTGIwQ%3D%3D
2025,2025_RDTN_608554_1,[Providing Pumping Main Line at Urani to Barathi Nagar OHT in Urani Panchayat Under 15th CFC D.P 25-26],25-Sep-2025 09:00 AM,"Rural Development and Panchayat Raj Department||Villupuram,RD,TN||MARAKKANAM, VILLUPURAM,RD,TN",30-Sep-2025 03:00 PM,https://etender.up.nic.in/nicgep/app?component=%24DirectLink_0&page=FrontEndAdvancedSearchResult&service=direct&session=T&sp=SXMr1xuUxBgGel9t0TpqU%2Fw%3D%3D
2026,2025_EB_606464_1,[Supply of 11KV Tapping cross arm],19-Sep-2025 05:00 PM,TNEB Limited||TANGEDCO||CE-Distribution-Vellore - TANGEDCO,06-Oct-2025 02:00 PM,https://etender.up.nic.in/nicgep/app?component=%24DirectLink_0&page=FrontEndAdvancedSearchResult&service=direct&session=T&sp=SbTe28eUfvkp2AKKQfzDsJQ%3D%3D
2027,2025_MAWS_608958_1,[Repair and Maintanance of  HDPE sintex tank at Ward No 05 Kanchipuram Main Road Near Ambedkar Statue in Vandavasi Municipality],26-Sep-2025 09:00 AM,MAWS||Vandavasi Municipality,07-Oct-2025 03:00 PM,https://etender.up.nic.in/nicgep/app?component=%24DirectLink_0&page=FrontEndAdvancedSearchResult&service=direct&session=T&sp=SE8G%2FrsINH%2BznaPFU%2BR5tsA%3D%3D
2028,2025_DTP_608196_1,[2025-26 15th FC Un Tied 2nd Installment  Pudupalayam Town Panchayat],24-Sep-2025 09:00 AM,"Directorate of Town Panchayats||Vellore Zone||Pudupalayam Town Panchayat, Tiruvannamalai",30-Sep-2025 03:00 PM,https://etender.up.nic.in/nicgep/app?component=%24DirectLink_0&page=FrontEndAdvancedSearchResult&service=direct&session=T&sp=SLva42j%2Bn%2FAHam%2FemZyseWg%3D%3D
2029,2025_MAWS_608912_1,[Proviiding Deep Borewell with Sintex Tank at Ward No 5 CSI Kallarai Near in Vandavasi Municipality],26-Sep-2025 09:00 AM,MAWS||Vandavasi Municipality,07-Oct-2025 03:00 PM,https://etender.up.nic.in/nicgep/app?component=%24DirectLink_0&page=FrontEndAdvancedSearchResult&service=direct&session=T&sp=SpOY71F%2B5jvW2c5hfSP1KKw%3D%3D
2030,2025_AHDF_604804_1,"[Leasing of fishery rights of Thamaraikulam Narasingapuram  in  Athoor  Taluk,  Dindigul District]",16-Sep-2025 05:00 PM,Fisheries and Fishermen Welfare Department||Inland Fisheries - Head Office||Madurai Region||Assistant Director of Fisheries -  Dindigul,30-Sep-2025 01:00 PM,https://etender.up.nic.in/nicgep/app?component=%24DirectLink_0&page=FrontEndAdvancedSearchResult&service=direct&session=T&sp=SxKW5ury9FEgw2LFrrD2r0Q%3D%3D
2031,2025_MAWS_608214_2,[SFC 2025-26 Maintenance of Santhai Street Ankanvadi Centre  (Centre Code No. 33733030121) in Kadayanallur Municipality],24-Sep-2025 11:00 AM,MAWS||Kadayanallur Municipality,08-Oct-2025 03:00 PM,https://etender.up.nic.in/nicgep/app?component=%24DirectLink_0&page=FrontEndAdvancedSearchResult&service=direct&session=T&sp=Stug6Op4AWpDfkFaMfSLo2w%3D%3D
2032,2025_HRCE_607056_1,[Licence to Sell Flowers at Sri Thayar Sannathi],22-Sep-2025 11:00 AM,Hindu Religious and Charitable Endowments||Joint Commissioner office - Trichy||Arulmigu Aranganathswamy Temple - Srirangam,07-Oct-2025 11:00 AM,https://etender.up.nic.in/nicgep/app?component=%24DirectLink_0&page=FrontEndAdvancedSearchResult&service=direct&session=T&sp=SRGepO4%2F%2F0JCqUV0594kzAw%3D%3D
2033,2025_EB_606493_1,[NCTPS ISEMII Circle ECHS Dn Overhauling and Reconditioning of Open and  close Gear box of ratio 139 149 for shore unloaders I II at coal berth I of KPL],19-Sep-2025 06:00 PM,TNEB Limited||TANGEDCO||CE-NCTPS-I - TANGEDCO||SE-Mechanical Maintenance II-NCTPS-I - TANGEDCO,03-Oct-2025 02:00 PM,https://etender.up.nic.in/nicgep/app?component=%24DirectLink_0&page=FrontEndAdvancedSearchResult&service=direct&session=T&sp=SRdKVxjpvoDIo%2B9uEACz6ow%3D%3D
2034,2025_EB_541247_1,"[Spec.no.02-II/25-26,hiring of Vehicle to Assistant Executive Engineer/OM/Velachery for a period of one year ]",08-Apr-2025 04:00 PM,TNEB Limited||TANGEDCO||CE-Distribution-Chennai-South - TANGEDCO||SE-South II-Chennai - TANGEDCO,16-Oct-2025 12:00 PM,https://tntenders.gov.in/nicgep/app?component=%24DirectLink&page=FrontEndLatestActiveCorrigendums&service=direct&session=T&sp=SGQn2UpVj6btPCs%2FJxZQl4A%3D%3D
2035,2025_RDTN_608110_1,[Providing Basic infrastructure works at Kasthambadi Camps in Polur Block Package No. TVM/2025-26/192 of Tiruvannamalai District],24-Sep-2025 09:55 AM,"Rural Development and Panchayat Raj Department||Tiruvannamalai,RD,TN",03-Oct-2025 03:00 PM,https://tntenders.gov.in/nicgep/app?component=%24DirectLink&page=FrontEndLatestActiveCorrigendums&service=direct&session=T&sp=SY4XSqQ2tP66u%2B17dkr2fXA%3D%3D
2036,2025_MAWS_610043_5,[Tiruppur Corporation_SFC O and M_Maintainance and Special Repair Works to Golden Nagar Corporation Middle School in Ward No 32],29-Sep-2025 03:00 PM,MAWS||Trippur City Municipal Corporation,08-Oct-2025 03:00 PM,https://etender.up.nic.in/nicgep/app?component=%24DirectLink_0&page=FrontEndAdvancedSearchResult&service=direct&session=T&sp=SDQ8LnaINP%2Fo7hQYBbRLW6g%3D%3D
2037,2025_DTP_607086_1,[Eral Town Panchayat Maintenance of Mini Power Pump  new 150mm Dia Deep Borewell at Ward No.12 Chairman kovil street],20-Sep-2025 05:55 PM,Directorate of Town Panchayats||Tirunelveli Zone||Eral Town Panchayat,30-Sep-2025 03:00 PM,https://etender.up.nic.in/nicgep/app?component=%24DirectLink_0&page=FrontEndAdvancedSearchResult&service=direct&session=T&sp=S453DAt2nPaYFWAfZkL7xtg%3D%3D
2038,2025_EB_598374_2,[CONSTRUCTION OF CONTROL ROOM AT MATHAGAM IN PEDC PDKT TRICHY REGION],05-Sep-2025 02:00 PM,TNEB Limited||TANGEDCO||CE-Trichy EDC - TANGEDCO,06-Oct-2025 02:30 PM,https://etender.up.nic.in/nicgep/app?component=%24DirectLink_0&page=FrontEndAdvancedSearchResult&service=direct&session=T&sp=SN1AuSSE46u8a2oFtPKUlDw%3D%3D
2039,2025_HWAY_607116_1,[Palacode (H) CandM Sub Division (SLM-94)],22-Sep-2025 10:00 AM,Highways||Construction and Maintenance Wing||Salem Circle,23-Oct-2025 10:30 AM,https://etender.up.nic.in/nicgep/app?component=%24DirectLink_0&page=FrontEndAdvancedSearchResult&service=direct&session=T&sp=Srhnfe1iW2lZLDY8qCCVD%2FQ%3D%3D
2040,2025_CoC_609807_1,"[ 	Z.O. XIV.C.No.E1/6993/2025 Supplying and fixing new bollards at various streets  in Div-183, Unit-41 Zone-14]",27-Sep-2025 06:30 PM,"Corporation of Chennai||Regional office South,CoC",29-Sep-2025 06:00 PM,https://etender.up.nic.in/nicgep/app?component=%24DirectLink_0&page=FrontEndAdvancedSearchResult&service=direct&session=T&sp=StJ78qHmiovRvvJ7XLh6eMg%3D%3D
2041,2025_MAWS_609536_4,[ School Improvement Grant Operation and Maintenance works -2025-26 Retender],27-Sep-2025 01:00 PM,MAWS||Karur Municipality,30-Sep-2025 03:00 PM,https://etender.up.nic.in/nicgep/app?component=%24DirectLink_0&page=FrontEndAdvancedSearchResult&service=direct&session=T&sp=SwpEzszWubiFgpUahpvSobg%3D%3D
2042,2025_HWAY_603368_1,[CRIDP 2025 - 2026],15-Sep-2025 06:00 PM,Highways||Construction and Maintenance Wing||Coimbatore Circle,09-Oct-2025 10:30 AM,https://etender.up.nic.in/nicgep/app?component=%24DirectLink_0&page=FrontEndAdvancedSearchResult&service=direct&session=T&sp=SowDxlEr4T1C%2BOYCPM64oDA%3D%3D
2043,2025_EB_610066_1,[Supply of Digital micro ohm meter with standard accessories and Digital multi meter _ 02 Items],29-Sep-2025 03:00 PM,TNEB Limited||TANGEDCO||CE-MTPS-I - TANGEDCO||SE-Purchase and Administration-MTPS-I - TANGEDCO,13-Oct-2025 02:00 PM,https://etender.up.nic.in/nicgep/app?component=%24DirectLink_0&page=FrontEndAdvancedSearchResult&service=direct&session=T&sp=S2dgUJy%2FT8gEjTgtQPRPoVg%3D%3D
2044,2025_HWAY_604006_1,[Krishnagiri (H) CandM Sub Division (SLM-83)],15-Sep-2025 10:00 AM,Highways||Construction and Maintenance Wing||Salem Circle,23-Oct-2025 10:30 AM,https://etender.up.nic.in/nicgep/app?component=%24DirectLink_0&page=FrontEndAdvancedSearchResult&service=direct&session=T&sp=S6RQw2YBs7iEIgJILJtLmZA%3D%3D
2045,2025_TNMSC_587947_1,[ONLINE TENDER FOR SUPPLY OF HUB CUTTER TO GOVT. INSTITUTIONS],01-Aug-2025 05:00 PM,Tamilnadu Medical Services Corporation||Equipment,15-Oct-2025 11:00 AM,https://tntenders.gov.in/nicgep/app?component=%24DirectLink&page=FrontEndLatestActiveCorrigendums&service=direct&session=T&sp=Snmqz94j5H4R1tVbM6ZjUMA%3D%3D
2046,2025_SETC_595450_1,[TENDER FOR THE WORK OF BUS WASHING INSIDE AND OUT SIDE OF VARIOUS TYPES OF BUSES IN SETC PUDUCHERRY DEPOT.],20-Aug-2025 06:30 PM,State Express Transport Corporation Tamilnadu Limited,07-Oct-2025 03:00 PM,https://tntenders.gov.in/nicgep/app?component=%24DirectLink&page=FrontEndLatestActiveCorrigendums&service=direct&session=T&sp=SYqL2gmkqoBFrAsG2dUVP8g%3D%3D
2047,2025_HE_604667_1,[Equipment],17-Sep-2025 04:00 PM,Higher Education||Bharathiar University||Centre for Research and Technology Development,03-Oct-2025 03:00 PM,https://etender.up.nic.in/nicgep/app?component=%24DirectLink_0&page=FrontEndAdvancedSearchResult&service=direct&session=T&sp=SyZJKrdRM1%2BpNMWdhJMlbCw%3D%3D
2048,2025_DTP_609221_1,"[Repairs and Maintenance of Class room, floor,Door,Replacement of Damaged window with painting work at Govt. Higher Secondary School in Vadakarai Keelpidagai Town Panchayat]",26-Sep-2025 05:45 PM,Directorate of Town Panchayats||Tirunelveli Zone||Vadakarai Keezhpadugai Town Panchayat,09-Oct-2025 03:00 PM,https://etender.up.nic.in/nicgep/app?component=%24DirectLink_0&page=FrontEndAdvancedSearchResult&service=direct&session=T&sp=Sy3rrbSGUes4D8qPqz3%2BsdA%3D%3D
2049,2025_HWAY_606373_1,[TN.No.27 / SI.No.08 / 2025-2026 / SDO / CPT - 41],20-Sep-2025 03:00 PM,Highways||NABARD and Rural Roads||Chengalpattu,07-Oct-2025 12:00 PM,https://etender.up.nic.in/nicgep/app?component=%24DirectLink_0&page=FrontEndAdvancedSearchResult&service=direct&session=T&sp=SudNDDqTP35AmCGmlvKGuTw%3D%3D
2050,2025_TNCSF_600924_1,"[DESIGN, MANUFACTURE, SUPPLY, ERECTION AND     COMMISSIONING OF NEW QUINTAPLE EVAPORATOR SYSTEM FOR 2500 TCD PLANT ]",05-Sep-2025 06:50 PM,Department of Sugar||TIRUTTANI COOPERATIVE SUGAR MILLS LTD,09-Oct-2025 11:00 AM,https://tntenders.gov.in/nicgep/app?component=%24DirectLink&page=FrontEndLatestActiveCorrigendums&service=direct&session=T&sp=SEKnOWoq5DVvxxVVpGiD%2BUA%3D%3D
2051,2025_MAWS_608769_1,[Construction of Knowledge Centre Thendral nagar  at  Ward No G  Block No 06  TS No  1  in Vaniyambadi Municipality ],25-Sep-2025 05:00 PM,MAWS||Vaniyambadi Municipality,10-Oct-2025 03:00 PM,https://etender.up.nic.in/nicgep/app?component=%24DirectLink_0&page=FrontEndAdvancedSearchResult&service=direct&session=T&sp=ShkyxXE842izbHyPXv%2BC4JQ%3D%3D
2052,2025_EB_599789_1,[TTPS ES Circle MRT  II  Repairing and reconditioning of HEA igniter spark rods spark tips flexible cables and Exciter box for Unit IV  V for the year 2025 2026],02-Sep-2025 05:30 PM,TNEB Limited||TANGEDCO||CE-TTPS - TANGEDCO||SE-Electrical Systems-TTPS - TANGEDCO,03-Oct-2025 02:00 PM,https://tntenders.gov.in/nicgep/app?component=%24DirectLink&page=FrontEndLatestActiveCorrigendums&service=direct&session=T&sp=Sgr%2FMSC%2BXh4bQVxWAse%2FqFQ%3D%3D
2053,2025_HWAY_609732_1,[Krishnagiri (H) CandM Sub Division (SLM-111)],29-Sep-2025 10:00 AM,Highways||Construction and Maintenance Wing||Salem Circle,23-Oct-2025 10:30 AM,https://etender.up.nic.in/nicgep/app?component=%24DirectLink_0&page=FrontEndAdvancedSearchResult&service=direct&session=T&sp=SSjuKmXbP9OnWhlGHPFaSTw%3D%3D
2054,2025_MAWS_594381_1,[Construction of 5 LL Capacity (16m Height) Over Head Tank at Pari Nagar (Survey Ward AU Block 10 Ts no159)  in  Ward No64 in Tiruchirappalli City Municipal Corporation],18-Aug-2025 06:20 PM,MAWS||Tiruchirappalli City Municipal Corporation,08-Oct-2025 03:00 PM,https://tntenders.gov.in/nicgep/app?component=%24DirectLink&page=FrontEndLatestActiveCorrigendums&service=direct&session=T&sp=SW0ZW29kYJLNzYrzui2L2UA%3D%3D
2055,2025_HWAY_609417_1,[Upgradation of Panchayat Union / Panchayat Roads to Other District Roads (SLM-34)],27-Sep-2025 11:00 AM,Highways||NABARD and Rural Roads||Salem,14-Oct-2025 11:00 AM,https://etender.up.nic.in/nicgep/app?component=%24DirectLink_0&page=FrontEndAdvancedSearchResult&service=direct&session=T&sp=S%2BgdF3m2%2B5Gh56c4VRGI4tA%3D%3D
2056,2025_MAWS_607233_1,[GENERAL FUND-2025-2026-Repair and Maintanace of Perk at Ward No.23 Vadhana Garden in Karamadai Municipality.],22-Sep-2025 09:00 AM,MAWS||Karamadai Municipality,30-Sep-2025 03:00 PM,https://etender.up.nic.in/nicgep/app?component=%24DirectLink_0&page=FrontEndAdvancedSearchResult&service=direct&session=T&sp=S7qHCL74luwMdroG3fhdXdQ%3D%3D
2057,2025_RDTN_608682_1,[Strengthening of The Streets from Keeranatham Athipalayam Road P and K West Gate Phase-I ( Primiyam Houseing ) Cut Streets H/o Keeranatham Panchayat (390M)],25-Sep-2025 01:15 PM,"Rural Development and Panchayat Raj Department||Coimbatore,RD,TN||SARKARSAMAKULAM, COIMBATORE,RD,TN",30-Sep-2025 03:00 PM,https://etender.up.nic.in/nicgep/app?component=%24DirectLink_0&page=FrontEndAdvancedSearchResult&service=direct&session=T&sp=SBneXlaBmTWGcShZbojQZmg%3D%3D
2058,2025_HWAY_603672_1,[MDU 115 / Devakottai Sub Division / CRIDP 2025 26],15-Sep-2025 06:45 PM,Highways||Construction and Maintenance Wing||Madurai Circle,07-Oct-2025 11:00 AM,https://etender.up.nic.in/nicgep/app?component=%24DirectLink_0&page=FrontEndAdvancedSearchResult&service=direct&session=T&sp=SCNx%2FtrtkfNbPYtsyhJ3YWA%3D%3D
2059,2025_AHDF_602106_1,[REQUIREMENT OF VACANT LAND FOR SETTINGUP AND OPERATING 100-TONNE CAPACITY CHILLING UNIT AT THIRUVOTTIYUR TUNA FISHING HARBOUR],09-Sep-2025 06:00 PM,Fisheries and Fishermen Welfare Department||Fishing Harbour Project Circle,06-Oct-2025 12:00 PM,https://tntenders.gov.in/nicgep/app?component=%24DirectLink&page=FrontEndLatestActiveCorrigendums&service=direct&session=T&sp=SWhmDloqdlqkxw9kKjKUsFg%3D%3D
2060,2025_DTP_607498_1,[Providing Metal Beam Crash Barrier at  ward no 3  Oorkatha marriamman koil backside odai and road junction  in  Aundipatti  Town Panchayat],22-Sep-2025 04:55 PM,Directorate of Town Panchayats||Theni Zone||Andipatti Town Panchayat - Theni,07-Oct-2025 03:00 PM,https://etender.up.nic.in/nicgep/app?component=%24DirectLink_0&page=FrontEndAdvancedSearchResult&service=direct&session=T&sp=SlBTANDhDs572YIVj1TyDXQ%3D%3D
2061,2025_PWD_609336_1,[Construction of 2 Additional class rooms Building  and  compound wall in Government High School at  Achanur in Thanjavur District  (Under RIDF  XXX1)(Second Call) ],27-Sep-2025 06:55 PM,"PWD||PWD CE buildings||Chief Engineer - Trichy Region - Trichy||Buildings (C and M) Circle, Thanjavur||Buildings (C and M) Division, Thanjavur",06-Oct-2025 03:00 PM,https://etender.up.nic.in/nicgep/app?component=%24DirectLink_0&page=FrontEndAdvancedSearchResult&service=direct&session=T&sp=SmJp7aKMZVa%2F2newPNdGhPw%3D%3D
2062,2025_DTP_606167_1,[Providing Cement Concrete Road at 3rd Ward Packiya Nager street in Boothapandy Town Panchayat.],19-Sep-2025 09:00 AM,Directorate of Town Panchayats||Nagercoil Zone||Bhoothapandy Town Panchayat,30-Sep-2025 03:00 PM,https://etender.up.nic.in/nicgep/app?component=%24DirectLink_0&page=FrontEndAdvancedSearchResult&service=direct&session=T&sp=SDIEpq9K8w7wta8QRzkRatA%3D%3D
2063,2025_HWAY_609678_1,[Harur (H) CandM Sub Division (SLM-104)],29-Sep-2025 10:00 AM,Highways||Construction and Maintenance Wing||Salem Circle,23-Oct-2025 10:30 AM,https://etender.up.nic.in/nicgep/app?component=%24DirectLink_0&page=FrontEndAdvancedSearchResult&service=direct&session=T&sp=SmADvFN2qbxZoAQosXkx%2F2w%3D%3D
2064,2025_HWAY_601093_1,[VPM-082-Non Plan-2025-26],11-Sep-2025 10:00 AM,Highways||Construction and Maintenance Wing||Villupuram Circle,15-Oct-2025 12:00 PM,https://etender.up.nic.in/nicgep/app?component=%24DirectLink_0&page=FrontEndAdvancedSearchResult&service=direct&session=T&sp=SlcElG7EGTLD0H14fFr4vlQ%3D%3D
2065,2025_CoC_610054_1,"[Z.O. XIV.C.No.E1/3662-4/2025 RESTORATION OF METRO WATER  CMWSSB/C.E. P-II/SEP0-III B.T. ROAD CUT PORTION AT Swaminathan Nagar 7th Main Road  IN DN-181, UNIT-41, ZONE-14]",29-Sep-2025 03:00 PM,"Corporation of Chennai||Regional office South,CoC",03-Oct-2025 03:00 PM,https://etender.up.nic.in/nicgep/app?component=%24DirectLink_0&page=FrontEndAdvancedSearchResult&service=direct&session=T&sp=SFuRVAhV7UaUQpAiw0vudhw%3D%3D
2066,2025_RDTN_602632_1,[Construction of Bus shelter at ECR Muthukuda Branch Road in PONNAMANGALAM Panchayat.],10-Sep-2025 06:30 PM,"Rural Development and Panchayat Raj Department||Pudhukottai,RD,TN||AVUDAYARKOIL - VP, PUDUKKOTTAI,RD,TN",08-Oct-2025 03:00 PM,https://tntenders.gov.in/nicgep/app?component=%24DirectLink&page=FrontEndLatestActiveCorrigendums&service=direct&session=T&sp=SXqkIuP97V73de5u6FWEQTQ%3D%3D
2067,2025_HWAY_603387_1,[TN 36 25 26 Dharapuram Division TPR 078],16-Sep-2025 05:30 PM,Highways||Construction and Maintenance Wing||Tiruppur Circle,09-Oct-2025 10:45 AM,https://etender.up.nic.in/nicgep/app?component=%24DirectLink_0&page=FrontEndAdvancedSearchResult&service=direct&session=T&sp=SXgcprMQ1wTqoYk3pji4Z1g%3D%3D
2068,2025_EB_601990_1,[Establishment of new 33/11kv ss at Pallavaram(Electrical works) under turn key],11-Sep-2025 12:00 PM,TNEB Limited||TANGEDCO||CE-Thiruvannamalai - TANGEDCO,09-Oct-2025 02:00 PM,https://etender.up.nic.in/nicgep/app?component=%24DirectLink_0&page=FrontEndAdvancedSearchResult&service=direct&session=T&sp=SufURaP6IDWtuXZe5ORabVA%3D%3D
2069,2025_EB_600540_1,[Comprehensive annual maintenance contract for 1No. 8 Persons capacity (544Kg) Passenger lift in control room building in VGTPS/ Phase-I for the period of one year from the date of commencement of work],04-Sep-2025 05:10 PM,TNEB Limited||TANGEDCO||CE-GTS - TANGEDCO||SE-Valuthur Gas Turbine Power Stations,06-Oct-2025 02:00 PM,https://tntenders.gov.in/nicgep/app?component=%24DirectLink&page=FrontEndLatestActiveCorrigendums&service=direct&session=T&sp=Scz1C5303jwgQv6eXxcZOuA%3D%3D
2070,2025_HWAY_599138_1,[VPM-068-CRIDP 2025-26],04-Sep-2025 10:00 AM,Highways||Construction and Maintenance Wing||Villupuram Circle,15-Oct-2025 12:00 PM,https://etender.up.nic.in/nicgep/app?component=%24DirectLink_0&page=FrontEndAdvancedSearchResult&service=direct&session=T&sp=SwFxFjquQT%2FsVoLZMdKJz4A%3D%3D
2071,2025_TNPL_605798_1,[NON DESTRUCTIVE TESTING IN BOARD MACHINE AT TNPL UNIT II TRICHY],18-Sep-2025 06:00 PM,Tamilnadu Newsprint and Papers Limited||TNPL Unit-2||TNPL TOS,03-Oct-2025 03:00 PM,https://etender.up.nic.in/nicgep/app?component=%24DirectLink_0&page=FrontEndAdvancedSearchResult&service=direct&session=T&sp=SkdBuwta0AGte8PDr%2BBMP5Q%3D%3D
2072,2025_HWAY_604001_1,[Dharmapuri (H) CandM Sub Division (SLM-82)],15-Sep-2025 10:00 AM,Highways||Construction and Maintenance Wing||Salem Circle,23-Oct-2025 10:30 AM,https://etender.up.nic.in/nicgep/app?component=%24DirectLink_0&page=FrontEndAdvancedSearchResult&service=direct&session=T&sp=S1WGrMUTohd0BK%2BlTH0caig%3D%3D
2073,2025_EB_605118_1,[entrusting works contract for carrying out all type of maintenance and emergency works in all equipments in 230kV Thiruverkadu HGIS SS in Chennai North Operation circle for a period of 2Years ],17-Sep-2025 05:00 PM,TNEB Limited||TANTRANSCO||CE-System Operation-Chennai - TANTRANSCO||SE-Operation-Korattur - TANTRANSCO,21-Oct-2025 03:00 PM,https://etender.up.nic.in/nicgep/app?component=%24DirectLink_0&page=FrontEndAdvancedSearchResult&service=direct&session=T&sp=SSQiKF5F%2FyAFc%2BwvXHLg5NA%3D%3D
2074,2025_TNCSF_595110_1,[PURCHASE OF HOPPER],20-Sep-2025 05:00 PM,Department of Sugar||MOHANUR COOPERATIVE SUGAR MILLS LTD,03-Oct-2025 02:00 PM,https://tntenders.gov.in/nicgep/app?component=%24DirectLink&page=FrontEndLatestActiveCorrigendums&service=direct&session=T&sp=SRMAf8JwFdQocpV5uAiSAvg%3D%3D
2075,2025_HRCE_591444_1,[Construction of Stone Masonry Mahamandapam],11-Aug-2025 01:00 PM,Hindu Religious and Charitable Endowments||Joint Commissioner office - Tirupur||Arulmigu MariyammanVinayagar Temple-Pitchampalayam||Arulmigu Sellandiamman Mariamman - 3.Chettipalayam,14-Oct-2025 11:30 AM,https://tntenders.gov.in/nicgep/app?component=%24DirectLink&page=FrontEndLatestActiveCorrigendums&service=direct&session=T&sp=SZVWM0WcUV8brlpHEpcUSkQ%3D%3D
2076,2025_DTP_606924_1,[Alanganallur Town Panchayat Renovation of Strom Water Drain in Perumalpatti ward.3 and Construction of Strom Water Drain In Kuravankulam Ward.1 In alanganallur],20-Sep-2025 03:45 PM,"Directorate of Town Panchayats||Madurai Zone||Alanganallur Town Panchayat, Madurai",30-Sep-2025 03:00 PM,https://etender.up.nic.in/nicgep/app?component=%24DirectLink_0&page=FrontEndAdvancedSearchResult&service=direct&session=T&sp=S7sXJZkUy9txviwOGI00dTQ%3D%3D
2077,2025_HWAY_605213_1,[MDU 125 / Kamuthi Sub Division / CRIDP 2025 26],20-Sep-2025 04:00 PM,Highways||Construction and Maintenance Wing||Madurai Circle,07-Oct-2025 11:00 AM,https://etender.up.nic.in/nicgep/app?component=%24DirectLink_0&page=FrontEndAdvancedSearchResult&service=direct&session=T&sp=SJb4Hud2j3YeeYPgEIIeObQ%3D%3D
2078,2025_CoC_605416_1,"[Construction of required concrete floor and G.I.Sheet roofed building for the proposed Mega Bailing Centre in Dn.22, Unit 5, Zone 2]",18-Sep-2025 09:00 AM,"Corporation of Chennai||Head Quarters,CoC",10-Oct-2025 03:00 PM,https://etender.up.nic.in/nicgep/app?component=%24DirectLink_0&page=FrontEndAdvancedSearchResult&service=direct&session=T&sp=SdqYRt4kBIJh%2ByjjEgOveaA%3D%3D
2079,2025_TNPL_608405_1,[New MC pump and vaccum Erection for transfering the pulp from CBP 2 stand pipe to CBP 3],24-Sep-2025 05:30 PM,Tamilnadu Newsprint and Papers Limited||TNPL Unit-1||TNPL TOS,08-Oct-2025 03:00 PM,https://etender.up.nic.in/nicgep/app?component=%24DirectLink_0&page=FrontEndAdvancedSearchResult&service=direct&session=T&sp=S3J%2B7kN0MEJKgqV%2B94EBcoQ%3D%3D
2080,2025_DoTE_608322_1,[Procurement of Surveillance and Tethered Drone],24-Sep-2025 06:45 PM,Directorate of Technical Education,23-Oct-2025 03:00 PM,https://etender.up.nic.in/nicgep/app?component=%24DirectLink_0&page=FrontEndAdvancedSearchResult&service=direct&session=T&sp=SeYD8ZF19lB5lW5m4HwCtUQ%3D%3D
2081,2025_HWAY_606122_1,[TN 38 25 26 Dharapuram Division TPR 083],19-Sep-2025 05:30 PM,Highways||Construction and Maintenance Wing||Tiruppur Circle,09-Oct-2025 10:45 AM,https://etender.up.nic.in/nicgep/app?component=%24DirectLink_0&page=FrontEndAdvancedSearchResult&service=direct&session=T&sp=S0q5%2BRsJHgJGNDj9BOA8b6w%3D%3D
2082,2025_HWAY_604180_1,[VPM-106-CRIDP 2025-26],18-Sep-2025 10:00 AM,Highways||Construction and Maintenance Wing||Villupuram Circle,15-Oct-2025 12:00 PM,https://etender.up.nic.in/nicgep/app?component=%24DirectLink_0&page=FrontEndAdvancedSearchResult&service=direct&session=T&sp=SRzO%2Bt9x4XZIBFWzR54fevQ%3D%3D
2083,2025_WRD_606622_1,[Construction of Anicut across Mangarai River to feed Gopalasamudram Tank near Chettiyapatti Hamlet at Kodalvavi Village of Dindigul West Taluk in Dindigul District.],22-Sep-2025 09:00 AM,Water Resources Department||CE WRD Coimbatore Region - Coimbatore||SE Special Project Circle WRD - Palani,07-Oct-2025 03:00 PM,https://etender.up.nic.in/nicgep/app?component=%24DirectLink_0&page=FrontEndAdvancedSearchResult&service=direct&session=T&sp=S%2FTmRotJHYfjroPCBAS6Exw%3D%3D
2084,2025_PWD_606312_1,[Sub Work Providing Additional two Nos of twenty Persons Capacity bed cum Passenger lift for Academic Block at Madurai Medical College in Madurai District],23-Sep-2025 05:30 PM,"PWD||PWD CE buildings||Chief Engineer - Madurai Region - Madurai||Buildings (C and M) Circle, Madurai||Buildings Construction Division, Madurai",08-Oct-2025 03:00 PM,https://etender.up.nic.in/nicgep/app?component=%24DirectLink_0&page=FrontEndAdvancedSearchResult&service=direct&session=T&sp=SIDRQejT76DG5nK3CvUDQKg%3D%3D
2085,2025_RDTN_608360_2,[BDOKRM/309/2025/A3 / 15CFC EXTENSION OF PIPELINE DISTRIBUTION MAIN AND PROVIDING FHTCS AT KEELA RENGAIYAPURAM VILLAGE OF PALANKOTTAI PANCHAYAT FHTC  30],24-Sep-2025 06:00 PM,Rural Development and Panchayat Raj Department||Tenkasi RD TN||Kuruvikulam Tenkasi RD TN,29-Sep-2025 05:00 PM,https://etender.up.nic.in/nicgep/app?component=%24DirectLink_0&page=FrontEndAdvancedSearchResult&service=direct&session=T&sp=SavT%2B%2FJihq%2BLZbfky1G7CNQ%3D%3D
2086,2025_HWAY_609837_3,[TN No 7 2025 26 SDO Dated 19.08.2025],29-Sep-2025 09:00 AM,Highways||Projects Wing||Madurai Circle,15-Oct-2025 11:00 AM,https://tntenders.gov.in/nicgep/app?component=%24DirectLink&page=FrontEndLatestActiveCorrigendums&service=direct&session=T&sp=S9B%2FE61pok4aZivLGgol%2BnA%3D%3D
2087,2025_HWAY_609658_1,[Denkanikottai (H) CandM Sub Division (SLM-101)],29-Sep-2025 10:00 AM,Highways||Construction and Maintenance Wing||Salem Circle,23-Oct-2025 10:30 AM,https://etender.up.nic.in/nicgep/app?component=%24DirectLink_0&page=FrontEndAdvancedSearchResult&service=direct&session=T&sp=SvYOmADNCPHKLPEnzm7pQoA%3D%3D
2088,2025_TNUHB_607641_1,[Civil Work],23-Sep-2025 10:30 AM,Tamil Nadu Urban Habitat Development Board||TNUHDB West Circle - Coimbatore,06-Oct-2025 12:00 PM,https://etender.up.nic.in/nicgep/app?component=%24DirectLink_0&page=FrontEndAdvancedSearchResult&service=direct&session=T&sp=S%2BBOR1Ua0NlI%2Bn%2BD7cgqG3g%3D%3D
2089,2025_HWAY_599446_1,[TN 25 25 26 Tirupur Division TPR 056],02-Sep-2025 05:30 PM,Highways||Construction and Maintenance Wing||Tiruppur Circle,09-Oct-2025 10:45 AM,https://etender.up.nic.in/nicgep/app?component=%24DirectLink_0&page=FrontEndAdvancedSearchResult&service=direct&session=T&sp=SMlG33hnJPpRPC1WZWuu9AA%3D%3D
2090,2025_EB_606502_1,[HT TI fittings],19-Sep-2025 05:00 PM,TNEB Limited||TANGEDCO||CE-Distribution-Vellore - TANGEDCO||SE-Krishnagiri - TANGEDCO,03-Oct-2025 02:00 PM,https://etender.up.nic.in/nicgep/app?component=%24DirectLink_0&page=FrontEndAdvancedSearchResult&service=direct&session=T&sp=S33SJZLPZdZKm7GDgCm%2Bh%2Bw%3D%3D
2091,2025_TNPCB_603081_1,[SELECTION OF ACADEMIC/ EDUCATIONAL INSTITUTION FOR Preparation of Detailed Project Report for Climate Smart Market for Trichy ],12-Sep-2025 09:05 AM,Tamil Nadu Pollution Control Board,15-Oct-2025 03:00 PM,https://tntenders.gov.in/nicgep/app?component=%24DirectLink&page=FrontEndLatestActiveCorrigendums&service=direct&session=T&sp=SuGbW%2FCS1zgYpkoOhIWiYZA%3D%3D
2092,2025_SDAT_590188_1,"[Supply and Installation of 8 lane Synthetic Athletic Track in District Sports Complex, Ramanadhapuram.]",07-Aug-2025 03:45 PM,Sports Development Authority Of TamilNadu,09-Oct-2025 03:00 PM,https://tntenders.gov.in/nicgep/app?component=%24DirectLink&page=FrontEndLatestActiveCorrigendums&service=direct&session=T&sp=SnI4LPkPaU62eHgFXnHPaDw%3D%3D
2093,2025_EB_606813_1,[Supply of Double pole Transformer Structure Clamp  for Operation and Maintenance works  in Cuddalore EDC],20-Sep-2025 04:00 PM,TNEB Limited||TANGEDCO||CE-Distribution-Villupuram - TANGEDCO||SE-Cuddalore - TANGEDCO,06-Oct-2025 01:00 PM,https://etender.up.nic.in/nicgep/app?component=%24DirectLink_0&page=FrontEndAdvancedSearchResult&service=direct&session=T&sp=SL4I7wep01CytsYZp6idJwQ%3D%3D
2094,2025_RDTN_608437_9,[T.V.Puthur to Olaiyur Road KM 0/0 to 2/925],25-Sep-2025 05:00 PM,"Rural Development and Panchayat Raj Department||Cuddalore,RD,TN||VIRUDHACHALAM,CUDDALORE,RD,TN",06-Oct-2025 04:00 PM,https://tntenders.gov.in/nicgep/app?component=%24DirectLink&page=FrontEndLatestActiveCorrigendums&service=direct&session=T&sp=Surk9yCMAAoM6Pt41Da%2FFaQ%3D%3D
2095,2025_DTP_607046_1,"[Ikiyanagar bore well 11th Ward, Kuruviyodu 2nd ward Malaicode (5th ward) Ambettinkalai Edwin house (9th ward) Kamparakkalvilai 6th ward maintenance of open well and well cover and mini tank in Edaicode Town Panchayat.]",20-Sep-2025 05:45 PM,Directorate of Town Panchayats||Nagercoil Zone||Edaikkodu Town Panchayat,30-Sep-2025 03:00 PM,https://etender.up.nic.in/nicgep/app?component=%24DirectLink_0&page=FrontEndAdvancedSearchResult&service=direct&session=T&sp=SFVTFcXw8VYrWpP9A67m7xw%3D%3D
2096,2025_RDTN_609304_1,"[Vellore district Providing New Bore Well with 7.5HP Motor ,Cable wire and Specials at Tharvazhi Near Kanni Kovil in Elavambadi Panchayat Anaicut Block 15th CFC-BP 2025-2026(TIED and UNTIED) Scheme Package no  05]",26-Sep-2025 06:00 PM,"Rural Development and Panchayat Raj Department||Vellore,RD,TN||ANAICUT, VELLORE,RD,TN",06-Oct-2025 03:00 PM,https://etender.up.nic.in/nicgep/app?component=%24DirectLink_0&page=FrontEndAdvancedSearchResult&service=direct&session=T&sp=SJ1KEikqvdTiXWQl9QjHCXA%3D%3D
2097,2025_RDTN_608801_1,"[Renovation of Anganwadi Building at Gandhi Nagar in Periygaram Panchayat, Polur Block, Tiruvannamalai District]",25-Sep-2025 05:00 PM,"Rural Development and Panchayat Raj Department||Tiruvannamalai,RD,TN||POLUR, TIRUVANNAMALAI,RD,TN",30-Sep-2025 03:00 PM,https://etender.up.nic.in/nicgep/app?component=%24DirectLink_0&page=FrontEndAdvancedSearchResult&service=direct&session=T&sp=SZ5w%2BDt2mpBQVNfTMU7yTmg%3D%3D
2098,2025_RDTN_609476_1,[Vellore district Repair and Renovation of Anganwadi Building at Tharvazhi kallangulam in Elavambadi Panchayat Anaicut Block 15th CFC-BP 2025-2026(TIED and UNTIED) Scheme Package no  30],27-Sep-2025 10:00 AM,"Rural Development and Panchayat Raj Department||Vellore,RD,TN||ANAICUT, VELLORE,RD,TN",06-Oct-2025 03:00 PM,https://etender.up.nic.in/nicgep/app?component=%24DirectLink_0&page=FrontEndAdvancedSearchResult&service=direct&session=T&sp=SLePuvbarKM5tp3OcdAJJeg%3D%3D
2099,2025_MAWS_609892_1,[Desilting of Vellatharai Odai from Crematorium to Pathuman Kulam in Kangeyam Municipality],29-Sep-2025 09:00 AM,MAWS||Kangeyam Municipality,30-Sep-2025 09:00 AM,https://etender.up.nic.in/nicgep/app?component=%24DirectLink_0&page=FrontEndAdvancedSearchResult&service=direct&session=T&sp=SG06drGlMrjUYVYJLnVvGOA%3D%3D
2100,2025_HRCE_576550_1,"[ Repair and Restoration of  Arulmigu Boominathaswamy Thirukovil, Veeravanallur, Cheranmahadevi taluk, Tirunelveli district.]",02-Jul-2025 01:00 PM,Hindu Religious and Charitable Endowments||Joint Commissioner office - Tirunelveli||Arulmigu Boominathaswamy Temple-Veeravanallur,08-Oct-2025 02:00 PM,https://tntenders.gov.in/nicgep/app?component=%24DirectLink&page=FrontEndLatestActiveCorrigendums&service=direct&session=T&sp=SOgmSafbnbNNCDhze%2Br%2BtMQ%3D%3D
2101,2025_PWD_609353_1,[Construction of Taluk Office Building at Thiruvonam  in Thanjavur District ],27-Sep-2025 06:55 PM,"PWD||PWD CE buildings||Chief Engineer - Trichy Region - Trichy||Buildings (C and M) Circle, Thanjavur||Buildings (C and M) Division, Thanjavur",06-Oct-2025 03:00 PM,https://etender.up.nic.in/nicgep/app?component=%24DirectLink_0&page=FrontEndAdvancedSearchResult&service=direct&session=T&sp=S%2FrLAUW4tebWFhHbw%2FTKVaQ%3D%3D
2102,2025_EB_608885_1,[TTPS ES Circle EM III Cleaning and painting of Marshalling Box Pipe support Structures for Strung bus Neutral bus LAS and burnt oil pipe lines of Generator Transformers R Y and B Phases during Overhauling of Unit V],25-Sep-2025 06:30 PM,TNEB Limited||TANGEDCO||CE-TTPS - TANGEDCO||SE-Electrical Systems-TTPS - TANGEDCO,13-Oct-2025 02:00 PM,https://etender.up.nic.in/nicgep/app?component=%24DirectLink_0&page=FrontEndAdvancedSearchResult&service=direct&session=T&sp=SexepKOwGlpe2r93ukhrK7g%3D%3D
2103,2025_HWAY_604847_1,[Restoration Works -2025-26],17-Sep-2025 06:30 PM,Highways||Construction and Maintenance Wing||Coimbatore Circle||Coimbatore,03-Oct-2025 03:00 PM,https://etender.up.nic.in/nicgep/app?component=%24DirectLink_0&page=FrontEndAdvancedSearchResult&service=direct&session=T&sp=StgADgB3Vd8UW%2F51WeNXRqA%3D%3D
2104,2025_RDTN_609743_1,[VELLORE DISTRICT PROVIDING EXTENSION OF PIPE LINE ARRANGEMENT AT PALAR RIVER TO THIRUMANI VILLAGE IN THIRUMANI PANCHAYAT KVKUPPAM BLOCK 15 CFC 2025-26 PACKAGE NO 01],27-Sep-2025 05:05 PM,"Rural Development and Panchayat Raj Department||Vellore,RD,TN||K.V.KUPPAM, VELLORE,RD,TN",06-Oct-2025 03:00 PM,https://etender.up.nic.in/nicgep/app?component=%24DirectLink_0&page=FrontEndAdvancedSearchResult&service=direct&session=T&sp=S22ZOzZQjAoB4Rgy%2B%2FTESCg%3D%3D
2105,2025_TNMSC_599387_1,"[ONLINE TENDER FOR SUPPLY AND INSTALLTION OF INDUCTION CASTING MACHINE FOR ESTABLISHMENT OF MULTI SPECIALITY DENTAL CENTRE AT GOVT. MEDICAL COLLEGE AND HOSPITAL, COIMBATORE, MADURAI, SALEM AND TIRUNELVELI]",01-Sep-2025 06:50 PM,Tamilnadu Medical Services Corporation||Equipment,03-Oct-2025 11:00 AM,https://tntenders.gov.in/nicgep/app?component=%24DirectLink&page=FrontEndLatestActiveCorrigendums&service=direct&session=T&sp=SfzNYhfGb99qdegM%2F2ZXccA%3D%3D
2106,2025_MAWS_603252_1,[Construction of New Toilet arrangement For ICDS Building in Ward Zone 4],12-Sep-2025 06:00 PM,MAWS||Madurai Municipal Corporation,03-Oct-2025 03:00 PM,https://tntenders.gov.in/nicgep/app?component=%24DirectLink&page=FrontEndLatestActiveCorrigendums&service=direct&session=T&sp=S5u7%2BeE70gSTiSS%2FEcgpluA%3D%3D
2107,2025_HWAY_595629_1,[CRIDP 2025-26],25-Aug-2025 06:00 PM,Highways||Construction and Maintenance Wing||Coimbatore Circle,09-Oct-2025 10:30 AM,https://etender.up.nic.in/nicgep/app?component=%24DirectLink_0&page=FrontEndAdvancedSearchResult&service=direct&session=T&sp=Sz0G2lYUDxRFjsafk8R9qoA%3D%3D
2108,2025_RDTN_602267_1,[Construction of Library Building in Thoppukollai Camp at Thiruvarankulam Panchayat Thiruvarankulam Panchayat Union in Pudukkottai District under SCPAR 2025-26],10-Sep-2025 09:00 AM,"Rural Development and Panchayat Raj Department||Pudhukottai,RD,TN",30-Sep-2025 03:00 PM,https://etender.up.nic.in/nicgep/app?component=%24DirectLink_0&page=FrontEndAdvancedSearchResult&service=direct&session=T&sp=S4x7nHvHdjuuDLXk60UvNIQ%3D%3D
2109,2025_DTP_609980_1,[15th 2025-2025 II Phase Genset supply Sethiyathope TP],29-Sep-2025 12:25 PM,"Directorate of Town Panchayats||Cuddalore Zone||Sethiathoppu Town Panchayat, Cuddalore",30-Sep-2025 03:00 PM,https://etender.up.nic.in/nicgep/app?component=%24DirectLink_0&page=FrontEndAdvancedSearchResult&service=direct&session=T&sp=SCTzHfO4vSZlEE2vQv0nWQQ%3D%3D
2110,2025_MAWS_607533_5,"[15th CFC 2025-26 Tied WS Construction of Compound wall Raising at Park OHT, Mavadikkal OHT and Indranagar OHT,Muthukrishnapuram OHT]",23-Sep-2025 11:00 AM,MAWS||Kadayanallur Municipality,06-Oct-2025 03:00 PM,https://etender.up.nic.in/nicgep/app?component=%24DirectLink_0&page=FrontEndAdvancedSearchResult&service=direct&session=T&sp=SEIoQEsHmjiaXQBuW8pz3nA%3D%3D
2111,2025_RDTN_608719_1,[Vellore district Providing  CC Pavement  in  Kumpukotta Yathavar Street  at  Palampakkam Panchayat  in Kaniyambadi Block General Fund 2025-26 PACKAGE NO 14],25-Sep-2025 02:00 PM,"Rural Development and Panchayat Raj Department||Vellore,RD,TN||KANIAMBADI, VELLORE,RD,TN",10-Oct-2025 03:00 PM,https://etender.up.nic.in/nicgep/app?component=%24DirectLink_0&page=FrontEndAdvancedSearchResult&service=direct&session=T&sp=S3en9vzhyjTTZDGZZR%2FWr1A%3D%3D
2112,2025_DTP_604800_1,[CAPITAL GRANT FUND 2025-2026],16-Sep-2025 04:20 PM,"Directorate of Town Panchayats||Dindigul Zone||Marudur Town Panchayat, Karur",30-Sep-2025 03:00 PM,https://etender.up.nic.in/nicgep/app?component=%24DirectLink_0&page=FrontEndAdvancedSearchResult&service=direct&session=T&sp=St%2BGGCyClVMqwLLS6ejvkoQ%3D%3D
2113,2025_EB_607475_1,[Hiring Vehicle for the use of R and D Lab Metro Trichy],22-Sep-2025 05:20 PM,TNEB Limited||TANGEDCO||CE-Trichy EDC - TANGEDCO||SE-Trichy-Metro - TANGEDCO,06-Oct-2025 02:00 PM,https://etender.up.nic.in/nicgep/app?component=%24DirectLink_0&page=FrontEndAdvancedSearchResult&service=direct&session=T&sp=S1b5YhWM3krGhlL2Rkw0pbg%3D%3D
2114,2025_MAWS_607141_1,[GENERAL FUND-2025-2026-Repair and Maintance  of Public Toilet  Building and Drain at Ward No.18 Sirumugai Road and Viragu Kadai Area in Karamadai Municipality.],22-Sep-2025 09:00 AM,MAWS||Karamadai Municipality,30-Sep-2025 03:00 PM,https://etender.up.nic.in/nicgep/app?component=%24DirectLink_0&page=FrontEndAdvancedSearchResult&service=direct&session=T&sp=ScWwuEHQvj6pu0TmIVMVq%2FA%3D%3D
2115,2025_HWAY_600491_1,[CRIDP 2025-26],08-Sep-2025 06:00 PM,Highways||Construction and Maintenance Wing||Coimbatore Circle,09-Oct-2025 10:30 AM,https://etender.up.nic.in/nicgep/app?component=%24DirectLink_0&page=FrontEndAdvancedSearchResult&service=direct&session=T&sp=Si33ilxg0zreslhUZB0PoQw%3D%3D
2116,2025_HWAY_607060_1,[Hosur (H) CandM Sub Division (SLM-93)],22-Sep-2025 10:00 AM,Highways||Construction and Maintenance Wing||Salem Circle,23-Oct-2025 10:30 AM,https://etender.up.nic.in/nicgep/app?component=%24DirectLink_0&page=FrontEndAdvancedSearchResult&service=direct&session=T&sp=SRs94bFEufM7sz2OAFtD5Uw%3D%3D
2117,2025_MAWS_605451_32,[CUDDALORE CORPORATION - Construction of karumariya kottagai in ward no  33  in Cuddalore City Municipal Corporation	],19-Sep-2025 02:00 PM,MAWS||Cuddalore Municipality,30-Sep-2025 03:00 PM,https://etender.up.nic.in/nicgep/app?component=%24DirectLink_0&page=FrontEndAdvancedSearchResult&service=direct&session=T&sp=ScE2yx2vqHePUpb98DFw1MQ%3D%3D
2118,2025_WRD_598213_1,[Construction of Flood Protection wall at Pandian Maduvu Channel from LS 21955 m to LS 22665 m to mitigate flood in VG Rao Nagar Bharathi Nagar in Katpadi Town in Katpadi Taluk of Vellore District],29-Aug-2025 09:00 AM,Water Resources Department||CE WRD Chennai Region - Chennai||SE Upper Palar Basin Circle WRD - Vellore,07-Oct-2025 03:00 PM,https://tntenders.gov.in/nicgep/app?component=%24DirectLink&page=FrontEndLatestActiveCorrigendums&service=direct&session=T&sp=S4PWsjb%2FZmfMI2s5eQN5tzQ%3D%3D
2119,2025_RDTN_607707_1,[Providing CC Pavement From Kondayampalayam Main Road to Kurinji Nagar Park and  Keeranatham Main Road  to Saravanan House at  Sri Venu Gopalasamy Nagar at Bannari Amman Nagar  H/o Keeranatham panchayat ],23-Sep-2025 10:50 AM,"Rural Development and Panchayat Raj Department||Coimbatore,RD,TN||SARKARSAMAKULAM, COIMBATORE,RD,TN",30-Sep-2025 03:00 PM,https://etender.up.nic.in/nicgep/app?component=%24DirectLink_0&page=FrontEndAdvancedSearchResult&service=direct&session=T&sp=SgrHNRSL59UTtNQN5Jzfx7Q%3D%3D
2120,2025_MAWS_607381_1,[Construction of office building in newbusstand south side],22-Sep-2025 02:30 PM,MAWS||Rajapalayam Municipality,03-Oct-2025 03:00 PM,https://etender.up.nic.in/nicgep/app?component=%24DirectLink_0&page=FrontEndAdvancedSearchResult&service=direct&session=T&sp=SUWN2kpZSb81mooqAL9FIAw%3D%3D
2121,2025_DTP_608256_1,[Vadipatti Town Panchayat Construction of Storm Water Drain at Ward.3 Maharani Nagar in Vadipatti Town Panchayat],24-Sep-2025 12:00 PM,"Directorate of Town Panchayats||Madurai Zone||Vadipatti Town Panchayat, Madurai",30-Sep-2025 03:00 PM,https://etender.up.nic.in/nicgep/app?component=%24DirectLink_0&page=FrontEndAdvancedSearchResult&service=direct&session=T&sp=S%2ByBKGhWAVRqFpQ3bJpckHQ%3D%3D
2122,2025_MAWS_608115_1,[Construction of manhole and pipeline work at keela kailasapuram and various places manhole raising in ward 23],24-Sep-2025 06:55 PM,MAWS||Madurai Municipal Corporation,06-Oct-2025 03:00 PM,https://etender.up.nic.in/nicgep/app?component=%24DirectLink_0&page=FrontEndAdvancedSearchResult&service=direct&session=T&sp=SOPwN6Tze56JmpLVwZFG25A%3D%3D
2123,2025_RDTN_609515_1,[Reconstruction of Sluice Thangal Eri in Kilsithamur Panchayat],27-Sep-2025 06:55 PM,"Rural Development and Panchayat Raj Department||Villupuram,RD,TN||MARAKKANAM, VILLUPURAM,RD,TN",08-Oct-2025 02:55 PM,https://etender.up.nic.in/nicgep/app?component=%24DirectLink_0&page=FrontEndAdvancedSearchResult&service=direct&session=T&sp=SpIICS2cXaI0%2F904yd%2BFkcg%3D%3D
2124,2025_HWAY_604458_1,[TNV 104 Thuckalay H C M  Sub Division],15-Sep-2025 06:45 PM,Highways||Construction and Maintenance Wing||Tirunelveli Circle,03-Oct-2025 02:00 PM,https://tntenders.gov.in/nicgep/app?component=%24DirectLink&page=FrontEndLatestActiveCorrigendums&service=direct&session=T&sp=SYpUos5AF3tov51Bvp%2FtxqA%3D%3D
2125,2025_HWAY_603840_1,"[TRY-88 / 2025-26, Viralimalai SubDivision]",13-Sep-2025 06:00 PM,Highways||Construction and Maintenance Wing||Trichy Circle,07-Oct-2025 11:00 AM,https://tntenders.gov.in/nicgep/app?component=%24DirectLink&page=FrontEndLatestActiveCorrigendums&service=direct&session=T&sp=SIs3bCum3tdxkD1Y6Tnufmg%3D%3D
2126,2025_CMWSS_598441_1,[Rehabilitation and Enhancement of 300 MLD capacity Water Treatment Plant to 310 MLD at Puzhal and Comprehensive Operation and Maintenance for 20 years under Hybrid Annuity Model.],30-Aug-2025 10:30 AM,CMWSS Board||Contracts and Monitoring||SE C and M,09-Oct-2025 03:00 PM,https://tntenders.gov.in/nicgep/app?component=%24DirectLink&page=FrontEndLatestActiveCorrigendums&service=direct&session=T&sp=SOOZr9aMXlmZf03Dz9G%2FRng%3D%3D
2127,2025_MAWS_608468_2,[Tcmc_Providing Shed at ArulMigu Sri Selva Vinayagar Kovil Street in Ward No.29],24-Sep-2025 06:00 PM,MAWS||Trippur City Municipal Corporation,08-Oct-2025 03:00 PM,https://tntenders.gov.in/nicgep/app?component=%24DirectLink&page=FrontEndLatestActiveCorrigendums&service=direct&session=T&sp=SrhLKLqc43%2Ftcu9TGsRQBnw%3D%3D
2128,2025_AHDF_604772_1,"[Leasing of fishery rights of Mavoor Dam in  Nilakottai  Taluk,  Dindigul District]",16-Sep-2025 05:00 PM,Fisheries and Fishermen Welfare Department||Inland Fisheries - Head Office||Madurai Region||Assistant Director of Fisheries -  Dindigul,30-Sep-2025 01:00 PM,https://etender.up.nic.in/nicgep/app?component=%24DirectLink_0&page=FrontEndAdvancedSearchResult&service=direct&session=T&sp=ShQVcDZvNsta3DVtmroiJKA%3D%3D
2129,2025_EB_604304_1,[Establishment of new 33/11kv ss at Sengadu(civil works) under turn key],18-Sep-2025 10:00 AM,TNEB Limited||TANGEDCO||CE-Thiruvannamalai - TANGEDCO,22-Oct-2025 02:00 PM,https://etender.up.nic.in/nicgep/app?component=%24DirectLink_0&page=FrontEndAdvancedSearchResult&service=direct&session=T&sp=SRqH4SAzIMSvbV6ahLNv9%2Bw%3D%3D
2130,2025_HWAY_609160_1,[Upgradation of Panchayat Union / Panchayat Roads to Other District Roads (SLM-11)],27-Sep-2025 11:00 AM,Highways||NABARD and Rural Roads||Salem,14-Oct-2025 11:00 AM,https://etender.up.nic.in/nicgep/app?component=%24DirectLink_0&page=FrontEndAdvancedSearchResult&service=direct&session=T&sp=SgwczIY9Dv3AYJW%2FgmFlIxg%3D%3D
2131,2025_CoC_609364_1,[R.D.C.N.C.D.C.No. B4 / 346 / 2025],27-Sep-2025 01:00 PM,"Corporation of Chennai||Regional Office North,CoC",06-Oct-2025 03:00 PM,https://etender.up.nic.in/nicgep/app?component=%24DirectLink_0&page=FrontEndAdvancedSearchResult&service=direct&session=T&sp=SF3QESGqlbkCWF5WlEB7R4g%3D%3D
2132,2025_EB_589765_1,[Hiring of 1.No diesel driven Van/Jeep/car for the official use of the Operation wing /Uddanapally 230 KV SS],06-Aug-2025 06:00 PM,TNEB Limited||TANTRANSCO||CE-System Operation-Chennai - TANTRANSCO||SE-Operation-Tiruvalam - TANTRANSCO,10-Oct-2025 02:00 PM,https://tntenders.gov.in/nicgep/app?component=%24DirectLink&page=FrontEndLatestActiveCorrigendums&service=direct&session=T&sp=S2tHo8GFPo5v%2FclLPqSbOHg%3D%3D
2133,2025_TNPL_607685_1,[PROCUREMENT OF 1 NO OF KNIFE GATE ON OFF VALVE  500MM (DESTONER BOTTOM DUMP VALVE CBP2)],23-Sep-2025 10:50 AM,Tamilnadu Newsprint and Papers Limited||TNPL Unit-1||TNPL Purchase,03-Oct-2025 03:00 PM,https://etender.up.nic.in/nicgep/app?component=%24DirectLink_0&page=FrontEndAdvancedSearchResult&service=direct&session=T&sp=SMPfeeg4VNUP3jh7bqJ3SMA%3D%3D
2134,2025_MAWS_608068_1,"[Removing and refixing paver block arrangements at thasildar 1st street 1st ,2nd , 3rd , 4th Cross street Muthaliyar colony 5th cross street in ward 34]",24-Sep-2025 09:00 AM,MAWS||Madurai Municipal Corporation,06-Oct-2025 03:00 PM,https://etender.up.nic.in/nicgep/app?component=%24DirectLink_0&page=FrontEndAdvancedSearchResult&service=direct&session=T&sp=SbZRFyVKCbDyFTa4A870wKQ%3D%3D
2135,2025_EB_592807_1,[M 180 PROCUREMENT OF 11 KV METERING SET OF VARIOUS RATIOS],14-Aug-2025 04:00 PM,TNEB Limited||TANGEDCO||CE-Material Management - TANGEDCO,21-Oct-2025 02:00 PM,https://tntenders.gov.in/nicgep/app?component=%24DirectLink&page=FrontEndLatestActiveCorrigendums&service=direct&session=T&sp=SmrsLYI%2FhewcSWEMDU2mn%2BQ%3D%3D
2136,2025_HWAY_606541_1,[MDU 160 / Sivagangai Sub Division / CRIDP 2025 26],22-Sep-2025 06:55 PM,Highways||Construction and Maintenance Wing||Madurai Circle,07-Oct-2025 11:00 AM,https://etender.up.nic.in/nicgep/app?component=%24DirectLink_0&page=FrontEndAdvancedSearchResult&service=direct&session=T&sp=SiB5qHV2YVL3ePkZ5vtuoMQ%3D%3D
2137,2025_MAWS_608494_1,[Providing Water supply arrangements and Maintenance  Repair Works to ICDS at Maligaipuram  in Ward No2],24-Sep-2025 06:25 PM,MAWS||Tiruchirappalli City Municipal Corporation,30-Sep-2025 03:00 PM,https://etender.up.nic.in/nicgep/app?component=%24DirectLink_0&page=FrontEndAdvancedSearchResult&service=direct&session=T&sp=SxYD2oCZEKGbEiMT3UkmYgA%3D%3D
2138,2025_HWAY_597537_1,[TN.27/Sl.No.01/CCR I /Permanent Flood Restoration works 2020],30-Aug-2025 06:55 PM,Highways||Construction and Maintenance Wing||Chennai Circle,30-Sep-2025 11:00 AM,https://etender.up.nic.in/nicgep/app?component=%24DirectLink_0&page=FrontEndAdvancedSearchResult&service=direct&session=T&sp=SnIbVE1yKCRRNfYYiG7Yk%2FQ%3D%3D
2139,2025_RDTN_609327_1,"[Vellore district Providing New Borewell with 5HP Motor, Cable wire an Pipe line at varadhalampattu Near venkatasamykottai in Varathalampattu Panchayat Anaicut Block 15th CFC-BP 2025-2026(TIED and UNTIED) Scheme Package no  08]",26-Sep-2025 06:00 PM,"Rural Development and Panchayat Raj Department||Vellore,RD,TN||ANAICUT, VELLORE,RD,TN",06-Oct-2025 03:00 PM,https://etender.up.nic.in/nicgep/app?component=%24DirectLink_0&page=FrontEndAdvancedSearchResult&service=direct&session=T&sp=SDmJ7uewj4LyxnmIB039tUA%3D%3D
2140,2025_RDTN_608011_1,[Providing  GLR (Elevated) at Sholadamattam H/O Bandisholai Panchayat ],24-Sep-2025 09:00 AM,"Rural Development and Panchayat Raj Department||The Nilgiris,RD,TN||UTHAGAMANDALAM, THE NILGIRIS,RD,TN",30-Sep-2025 03:00 PM,https://etender.up.nic.in/nicgep/app?component=%24DirectLink_0&page=FrontEndAdvancedSearchResult&service=direct&session=T&sp=SbysIZYI4exLXZq%2F%2FDIEguQ%3D%3D
2141,2025_HWAY_597774_1,[Urban Improvements - Widening from Two Lane to TwoLane with Paved Shoulders and Strengthening at km 30/8 - 32/0of Kumbakonam - Sirkali roadincluding Construction of Drain and Paver block at Km 30/8-32/0 TNJ-48],01-Sep-2025 03:00 PM,Highways||Construction and Maintenance Wing||Thanjavur Circle,07-Oct-2025 11:30 AM,https://etender.up.nic.in/nicgep/app?component=%24DirectLink_0&page=FrontEndAdvancedSearchResult&service=direct&session=T&sp=S2l8gHdvhNfURqiQECOXY4g%3D%3D
2142,2025_TNSTC_599791_1,[KM/HOUR BASED LORRY OUTSOURCNING],03-Sep-2025 09:00 AM,Tamilnadu State Transport Corporation||Coimbatore Corporation||Disposal,06-Oct-2025 05:00 PM,https://etender.up.nic.in/nicgep/app?component=%24DirectLink_0&page=FrontEndAdvancedSearchResult&service=direct&session=T&sp=Sgn7iVSmdk3Rs8whPn7uG0g%3D%3D
2143,2025_HWAY_605789_1,[Non Plan 2025-26],22-Sep-2025 06:00 PM,Highways||Construction and Maintenance Wing||Coimbatore Circle,09-Oct-2025 10:30 AM,https://etender.up.nic.in/nicgep/app?component=%24DirectLink_0&page=FrontEndAdvancedSearchResult&service=direct&session=T&sp=SRozNkiXwJB5XNar0vYrpBw%3D%3D
2144,2025_HWAY_605111_1,[Construction of High level bridge at km 0/8 of Kottai-Badur road to Veliyambakkam road across surplus  Channel of Osur Eri],20-Sep-2025 09:00 AM,Highways||NABARD and Rural Roads||Chengalpattu,07-Oct-2025 12:00 PM,https://etender.up.nic.in/nicgep/app?component=%24DirectLink_0&page=FrontEndAdvancedSearchResult&service=direct&session=T&sp=SkX09JrzbR6Z%2BDZkf6TLE9Q%3D%3D
2145,2025_DTP_609240_1,[206-1/2025 15th Finance IInd installment Drain Work],26-Sep-2025 04:00 PM,"Directorate of Town Panchayats||Salem Zone||Seerapalli Town Panchayat, Namakkal",03-Oct-2025 03:00 PM,https://etender.up.nic.in/nicgep/app?component=%24DirectLink_0&page=FrontEndAdvancedSearchResult&service=direct&session=T&sp=S061svP8Nb0L805pL9hISKg%3D%3D
2146,2025_SIPCT_601631_1,[E-TENDER FOR SELECTION OF AN AGENCY FOR DEVELOPMENT OF GIS ENABLED INTEGRATED LAND MANAGEMENT PORTAL ],08-Sep-2025 06:55 PM,State Industries Promotion Corporation Of TamilNadu,03-Oct-2025 03:30 PM,https://etender.up.nic.in/nicgep/app?component=%24DirectLink_0&page=FrontEndAdvancedSearchResult&service=direct&session=T&sp=S1xxW57bC5qrSjY2mNMOMzw%3D%3D
2147,2025_RDTN_609610_1,[Tirupathur District 15 CFC 2025-26 Providing Paver Block From Sudharamurthi House to Subbaiyan House at Katteri H/O Katteri Package No.16],27-Sep-2025 02:00 PM,Rural Development and Panchayat Raj Department||Tirupathur RD TN||Jolarpet Tirupathur RD TN,10-Oct-2025 03:00 PM,https://etender.up.nic.in/nicgep/app?component=%24DirectLink_0&page=FrontEndAdvancedSearchResult&service=direct&session=T&sp=S9YXt8ndt%2BTgpY2TIaSi4sA%3D%3D
2148,2025_HWAY_603148_1,[VPM-096-Non Plan-2025-26],18-Sep-2025 10:00 AM,Highways||Construction and Maintenance Wing||Villupuram Circle,15-Oct-2025 12:00 PM,https://etender.up.nic.in/nicgep/app?component=%24DirectLink_0&page=FrontEndAdvancedSearchResult&service=direct&session=T&sp=SokqqCPIg2CldJ41Q2GMcBw%3D%3D
2149,2025_CoC_609814_1,"[Proposed Construction of Fish Market (20 Shops) at New Boag road (Near Kannammapet Burial ground ) in Div-141, Unit-30, Zone-10 (Under MLA Fund)]",27-Sep-2025 06:55 PM,"Corporation of Chennai||Regional office Central ,CoC",06-Oct-2025 03:00 PM,https://etender.up.nic.in/nicgep/app?component=%24DirectLink_0&page=FrontEndAdvancedSearchResult&service=direct&session=T&sp=ScaaWoW6TOjmddjdBEHzSLw%3D%3D
2150,2025_MAWS_561623_3,[CUDDALORE CORPORATION -  Providing Toilet for ICDS at Burgeeshpettai ICDS (33617020418) in cuddalore city municipal corporation.							],26-May-2025 12:00 PM,MAWS||Cuddalore Municipality,06-Oct-2025 03:00 PM,https://tntenders.gov.in/nicgep/app?component=%24DirectLink&page=FrontEndLatestActiveCorrigendums&service=direct&session=T&sp=SMc6Cx52G6MjTdmLPY7Ri4g%3D%3D
2151,2025_MAWS_601334_1,[Repair and Maintenance and Provision of Furniture Items  at Kattipalayam Municipal Elementry School  in Pugalur Municipality],08-Sep-2025 09:00 AM,MAWS||Pugalur Municipality,07-Oct-2025 03:00 PM,https://tntenders.gov.in/nicgep/app?component=%24DirectLink&page=FrontEndLatestActiveCorrigendums&service=direct&session=T&sp=Snd5oQ%2B2c0XYrkDfTx95elw%3D%3D
2152,2025_DTP_608741_1,[GENERAL Fund 2025-26 Patch Work],25-Sep-2025 02:45 PM,"Directorate of Town Panchayats||Coimbatore Zone||Mopperipalayam Town Panchayat, Coimbatore",03-Oct-2025 03:00 PM,https://etender.up.nic.in/nicgep/app?component=%24DirectLink_0&page=FrontEndAdvancedSearchResult&service=direct&session=T&sp=StMPYk3UizdlZ9l4%2BWywOHA%3D%3D
2153,2025_MTC_609719_1,[PROCUREMENT OF PAINT ITEMS FOR ALL TYPES OF MTC BUSES ],27-Sep-2025 05:15 PM,Metropolitan Transport Corporation(Chennai) Ltd.||Purchase Section,27-Oct-2025 02:30 PM,https://etender.up.nic.in/nicgep/app?component=%24DirectLink_0&page=FrontEndAdvancedSearchResult&service=direct&session=T&sp=S9%2FxnvV2P3WBgx%2BHSbF%2B29Q%3D%3D
2154,2025_RDTN_609603_1,[Tirupathur District 15 CFC 2025-26 Providing Paver Block in PDS Building Street at Pudhu Colony H/O Chandrapuram Package No.14],27-Sep-2025 02:00 PM,Rural Development and Panchayat Raj Department||Tirupathur RD TN||Jolarpet Tirupathur RD TN,10-Oct-2025 03:00 PM,https://etender.up.nic.in/nicgep/app?component=%24DirectLink_0&page=FrontEndAdvancedSearchResult&service=direct&session=T&sp=SmFlHeHnJ5c%2FJmZyTtamY9A%3D%3D
2155,2025_TWAD_606117_1,[Replacement of Pumpsets and AC Pipe with DI HDPE Pipes Under CWSS to Elathur Nambiyur TPs and 128 Rural Habitations in Sathy and Nambiyur Unions of Erode District under revamping 2025 2026 2nd call ],19-Sep-2025 09:00 AM,TWAD||CE-WR/Coimbatore,06-Oct-2025 03:00 PM,https://etender.up.nic.in/nicgep/app?component=%24DirectLink_0&page=FrontEndAdvancedSearchResult&service=direct&session=T&sp=SbWQoC1SdCPpBuBPVLnUFhA%3D%3D
2156,2025_HWAY_598028_1,[CRIDP 2025 - 2026],01-Sep-2025 06:00 PM,Highways||Construction and Maintenance Wing||Coimbatore Circle,09-Oct-2025 10:30 AM,https://etender.up.nic.in/nicgep/app?component=%24DirectLink_0&page=FrontEndAdvancedSearchResult&service=direct&session=T&sp=SWNbktpROR2nraOfOxKyQ5w%3D%3D
2157,2025_RDTN_609699_1,[Providing CC Pavement at Therkku Vagaikulam Narikuravar Colony in Vagaikulam Panchayat],27-Sep-2025 05:00 PM,"Rural Development and Panchayat Raj Department||Tirunelveli,RD,TN||MANUR, TIRUNELVELI,RD,TN",06-Oct-2025 03:00 PM,https://etender.up.nic.in/nicgep/app?component=%24DirectLink_0&page=FrontEndAdvancedSearchResult&service=direct&session=T&sp=SmGK9J8WwWI2V5cadT7DLgw%3D%3D
2158,2025_RDTN_608255_1,"[Providing Cement concrete pavement with drainage at CKK Nagar, Thiruvalluvar Nagar Raman street H/O.Perumugai ]",24-Sep-2025 12:00 PM,"Rural Development and Panchayat Raj Department||Erode,RD,TN||THOOCKANAICKENPAM, ERODE,RD,TN",30-Sep-2025 03:00 PM,https://etender.up.nic.in/nicgep/app?component=%24DirectLink_0&page=FrontEndAdvancedSearchResult&service=direct&session=T&sp=Sm4rZAxHRIHypBAZVT4TVxg%3D%3D
2159,2025_MAWS_609895_1,[Operation and Maintenance of 20W and 120W Street Light at W.No.1 to 18 in Kangeyam Municipality],29-Sep-2025 09:00 AM,MAWS||Kangeyam Municipality,30-Sep-2025 03:00 PM,https://etender.up.nic.in/nicgep/app?component=%24DirectLink_0&page=FrontEndAdvancedSearchResult&service=direct&session=T&sp=SAikQzxJdEDInSg7jMUuR4g%3D%3D
2160,2025_EB_605847_1,"[Improvement works of removing the existing damaged tiles and closet and replacing with new tiles and closet and colour washing the Ladies toilet, eastern wing first floor of the SE office, Ramnad]",19-Sep-2025 02:00 PM,TNEB Limited||TANGEDCO||CE-Distribution-Madurai - TANGEDCO||SE-Ramnad - TANGEDCO,06-Oct-2025 02:00 PM,https://etender.up.nic.in/nicgep/app?component=%24DirectLink_0&page=FrontEndAdvancedSearchResult&service=direct&session=T&sp=SdyOG3sBxw5i6mnsI4zcVuA%3D%3D
2161,2025_TNPL_602831_1,[Fabrication and Erection of SS Protection shield for Bed ash cooler use in Boiler # 7 at Energy Mechanical at TNPL Unit 1],11-Sep-2025 06:30 PM,Tamilnadu Newsprint and Papers Limited||TNPL Unit-1||TNPL TOS,03-Oct-2025 03:00 PM,https://tntenders.gov.in/nicgep/app?component=%24DirectLink&page=FrontEndLatestActiveCorrigendums&service=direct&session=T&sp=SXq%2B4tFU7NpEY3xHVk6ncqQ%3D%3D
2162,2025_DTP_609624_1,[15th SFC 2024 2025 2nd  Installment arakandanallur Townpanchayat],27-Sep-2025 02:30 PM,"Directorate of Town Panchayats||Cuddalore Zone||Arakandanallur Town Panchayat, Villupuram",30-Sep-2025 03:00 PM,https://etender.up.nic.in/nicgep/app?component=%24DirectLink_0&page=FrontEndAdvancedSearchResult&service=direct&session=T&sp=SA6knLOiAdSIeSGA3zGI%2BGA%3D%3D
2163,2025_MAWS_608651_1,[Construction of toilet building and auditorium or Classroom in Hindu Harijan Primary School East Zone],25-Sep-2025 06:00 PM,MAWS||Tuticorin Municipal Corporation,06-Oct-2025 03:00 PM,https://etender.up.nic.in/nicgep/app?component=%24DirectLink_0&page=FrontEndAdvancedSearchResult&service=direct&session=T&sp=SLY%2FYx11zjkHJ1IBqQTc%2B9g%3D%3D
2164,2025_HWAY_601850_6,[TRY-69 /25-26 Aranthangi (H) C and M Sub Division ],09-Sep-2025 06:45 PM,Highways||Construction and Maintenance Wing||Trichy Circle,07-Oct-2025 11:00 AM,https://tntenders.gov.in/nicgep/app?component=%24DirectLink&page=FrontEndLatestActiveCorrigendums&service=direct&session=T&sp=ST01yYZtN7N%2BuVj6C8I7kPA%3D%3D
2165,2025_DTP_609546_1,[Construction of Drain at Matharsanga street   in Thiruvengadam Town Panchayat.],27-Sep-2025 12:40 PM,Directorate of Town Panchayats||Tirunelveli Zone||Thiruvenkatam Town Panchayat,06-Oct-2025 03:00 PM,https://etender.up.nic.in/nicgep/app?component=%24DirectLink_0&page=FrontEndAdvancedSearchResult&service=direct&session=T&sp=Sifi4UzBytCwi1fiZzhx5iw%3D%3D
2166,2025_DTP_608174_1,[2025-26 15th FC Tied 1st Installment  Pudupalayam Town Panchayat],24-Sep-2025 09:00 AM,"Directorate of Town Panchayats||Vellore Zone||Pudupalayam Town Panchayat, Tiruvannamalai",30-Sep-2025 03:00 PM,https://etender.up.nic.in/nicgep/app?component=%24DirectLink_0&page=FrontEndAdvancedSearchResult&service=direct&session=T&sp=SHFGjS%2BI6v7i8EoyG4gq77A%3D%3D
2167,2025_DTP_608582_6,[MANDAPAM 15TH FINANCE 2025-2026 Restoration of  BT Surface at  Munaikadu road ],25-Sep-2025 09:00 AM,Directorate of Town Panchayats||Sivaganga Zone||Mandapam Town Panchayat,30-Sep-2025 03:00 PM,https://etender.up.nic.in/nicgep/app?component=%24DirectLink_0&page=FrontEndAdvancedSearchResult&service=direct&session=T&sp=SiE4ndxEA%2Bb%2FNHOChV9anaw%3D%3D
2168,2025_MAWS_608715_1,[Annual Maintanance of Pumping Main and Distribution Main in Palani Municipality.],25-Sep-2025 06:30 PM,MAWS||Palani Municipality,30-Sep-2025 03:00 PM,https://etender.up.nic.in/nicgep/app?component=%24DirectLink_0&page=FrontEndAdvancedSearchResult&service=direct&session=T&sp=SXNfRq6gUTaY5%2BT7lJ%2BVjuw%3D%3D
2169,2025_SETC_595323_1,[TENDER FOR THE WORK OF BUS WASHING INSIDE AND OUT SIDE OF VARIOUS TYPES OF BUSES IN SETC KUMBAKONNAM  DEPOT.],20-Aug-2025 04:25 PM,State Express Transport Corporation Tamilnadu Limited,07-Oct-2025 03:00 PM,https://tntenders.gov.in/nicgep/app?component=%24DirectLink&page=FrontEndLatestActiveCorrigendums&service=direct&session=T&sp=S5Z4NCuUTO2iyfXJ1XYImQg%3D%3D
2170,2025_MAWS_607137_1,[GENERAL FUND-2025-2026-Repair and Maintanace of  CC Road at Ward No.18 Karuppanna Vathiyar Street and Pillayar Kovil Street Area  in Karamadai Municipality.],22-Sep-2025 09:00 AM,MAWS||Karamadai Municipality,30-Sep-2025 03:00 PM,https://etender.up.nic.in/nicgep/app?component=%24DirectLink_0&page=FrontEndAdvancedSearchResult&service=direct&session=T&sp=SGsh6lAC6iPAb7iQjJDgc0g%3D%3D
2171,2025_MAWS_561623_2,[CUDDALORE CORPORATION -  Providing Toilet for ICDS at singarathoppu dhondi veeran kovil street ICDS (33617020121) in cuddalore city municipal corporation.									],26-May-2025 12:00 PM,MAWS||Cuddalore Municipality,06-Oct-2025 03:00 PM,https://tntenders.gov.in/nicgep/app?component=%24DirectLink&page=FrontEndLatestActiveCorrigendums&service=direct&session=T&sp=SnxJ8RmoXfrt%2FlYIDMn6IRw%3D%3D
2172,2025_HWAY_606648_1,[Construction of High Level Bridge at Km 0/10 of Gobipalayam - Alukuli road in lieu of existing causeway],20-Sep-2025 11:00 AM,Highways||NABARD and Rural Roads||Salem,07-Oct-2025 11:00 AM,https://etender.up.nic.in/nicgep/app?component=%24DirectLink_0&page=FrontEndAdvancedSearchResult&service=direct&session=T&sp=SKtuz%2FGNg41c6J5VI8hq1eA%3D%3D
2173,2025_TNPCB_609209_1,"[Request for proposal for Procurement, Commissioning and Maintenance of Two Mobile Environmental Monitoring Laboratories (fully fabricated) for Chennai District and Manali Ennore Region (MERRC) for Tamil Nadu Pollution Control Board]",29-Sep-2025 03:30 PM,Tamil Nadu Pollution Control Board,15-Oct-2025 01:00 PM,https://etender.up.nic.in/nicgep/app?component=%24DirectLink_0&page=FrontEndAdvancedSearchResult&service=direct&session=T&sp=SDbiBUm3sS%2BEGTc16IE9cXw%3D%3D
2174,2025_RDTN_608691_1,[Strengthening of The Streets  from Keeranatham Senthur Narayana Residency Main Street  H/o Keeranatham Panchayat (290 M)],25-Sep-2025 02:00 PM,"Rural Development and Panchayat Raj Department||Coimbatore,RD,TN||SARKARSAMAKULAM, COIMBATORE,RD,TN",30-Sep-2025 03:00 PM,https://etender.up.nic.in/nicgep/app?component=%24DirectLink_0&page=FrontEndAdvancedSearchResult&service=direct&session=T&sp=SPuLVLi0FkR6mbPRQ0o4LDg%3D%3D
2175,2025_RDTN_609559_1,[Tirupathur District 15 CFC 2025-26 Providing Paver Block at K.Govidhan vattam at Elagiri Hills H/O Ellagiri Hills Package No.09],27-Sep-2025 02:00 PM,Rural Development and Panchayat Raj Department||Tirupathur RD TN||Jolarpet Tirupathur RD TN,10-Oct-2025 03:00 PM,https://etender.up.nic.in/nicgep/app?component=%24DirectLink_0&page=FrontEndAdvancedSearchResult&service=direct&session=T&sp=Spw1oRJEVGfK0eZ6wHrXgpg%3D%3D
2176,2025_DTP_607719_1,[Maintenance of School Passage Flooring work and Paver Block Platform  at Government Higher secondary School  In Aduthurai Town Panchayat.],24-Sep-2025 09:00 AM,"Directorate of Town Panchayats||Thanjavur Zone||Aduthurai Town Panchayat, Thanjavur",03-Oct-2025 03:00 PM,https://etender.up.nic.in/nicgep/app?component=%24DirectLink_0&page=FrontEndAdvancedSearchResult&service=direct&session=T&sp=SzDNfQUmFRr6mdANsgTF0pw%3D%3D
2177,2025_EB_607409_1,[Works contract for Comprehensive Maintenance Contract for the Computer hardwares and Net work connections available in all TNPDCL offices in respect of Cuddalore Circle for a period of one year.],22-Sep-2025 05:00 PM,TNEB Limited||TANGEDCO||CE-Distribution-Villupuram - TANGEDCO||SE-Cuddalore - TANGEDCO,06-Oct-2025 12:30 PM,https://etender.up.nic.in/nicgep/app?component=%24DirectLink_0&page=FrontEndAdvancedSearchResult&service=direct&session=T&sp=STLL440cuXywUoZss4h96xw%3D%3D
2178,2025_TCMPF_602717_1,[Engaging hired route vehicle for sethiyathope team for the period of 02 years (2025-2027) under contract Basis],15-Sep-2025 11:30 AM,Tamilnadu Co-op Milk Producers Federation Ltd.||Cuddalore DCMPU Ltd,22-Oct-2025 03:30 PM,https://tntenders.gov.in/nicgep/app?component=%24DirectLink&page=FrontEndLatestActiveCorrigendums&service=direct&session=T&sp=Sg9zSOeaGcHpYkZd03ie%2Ftg%3D%3D
2179,2025_EB_608689_1,"[Construction of control room building with Electrification works,Bore well, Providing Transformer Plinth and various SS structures Plinth foundation, Cable duct allied civil works for the New 33/11 KV SS at Sevaganapally in Krishnagiri EDC ]",26-Sep-2025 02:00 PM,TNEB Limited||TANGEDCO||CE-Distribution-Vellore - TANGEDCO,06-Nov-2025 05:00 PM,https://etender.up.nic.in/nicgep/app?component=%24DirectLink_0&page=FrontEndAdvancedSearchResult&service=direct&session=T&sp=Snz5jKjN06%2F1w5TUuOEk98w%3D%3D
2180,2025_MAWS_600702_1,[Santhaipettai main pumping station 200HP Horizantal type motor and pump unit IV repair and providing stator panel box workj  box and 200HP Horizantal type motor pump unit III repair works ward 43],08-Sep-2025 06:55 PM,MAWS||Madurai Municipal Corporation,03-Oct-2025 03:00 PM,https://tntenders.gov.in/nicgep/app?component=%24DirectLink&page=FrontEndLatestActiveCorrigendums&service=direct&session=T&sp=SMCU4HAPwDcfmc%2FdbAZfbSg%3D%3D
2181,2025_EB_604436_1,[Hiring of 1 No. diesel driven Vehicle / Petrol driven vehicle on par with diesel rate (Van/Jeep) for official use of AEE/ Enforcement Sub-Division/North/Coimbatore for the period of one year from the date of utilization.],15-Sep-2025 06:30 PM,TNEB Limited||TANGEDCO||CE-Distribution-Coimbatore - TANGEDCO||SE-Coimbatore-South - TANGEDCO,30-Sep-2025 02:00 PM,https://etender.up.nic.in/nicgep/app?component=%24DirectLink_0&page=FrontEndAdvancedSearchResult&service=direct&session=T&sp=S7CT15JjPAng67XSNYFyepA%3D%3D
2182,2025_RDTN_608724_1,[CONSTRUCTION OF STOREROOM CUM KITCHENSHED AT ADIDRAVIDAR PRIMARY SCHOOL AT  HOOKAR],25-Sep-2025 02:00 PM,"Rural Development and Panchayat Raj Department||The Nilgiris,RD,TN||UTHAGAMANDALAM, THE NILGIRIS,RD,TN",30-Sep-2025 03:00 PM,https://etender.up.nic.in/nicgep/app?component=%24DirectLink_0&page=FrontEndAdvancedSearchResult&service=direct&session=T&sp=SpUeC0ZqmRdjTpFmevklOIA%3D%3D
2183,2025_RDTN_609215_1,[Package 2 Providing Paver Block Pavement at Athurkuruchi village in Chithambarapuram Panchayat],26-Sep-2025 04:00 PM,"Rural Development and Panchayat Raj Department||Tirunelveli,RD,TN||RADHAPURAM, TIRUNELVELI,RD,TN",30-Sep-2025 03:00 PM,https://etender.up.nic.in/nicgep/app?component=%24DirectLink_0&page=FrontEndAdvancedSearchResult&service=direct&session=T&sp=SWA4YLUg19br%2FOQPKMwBPQw%3D%3D
2184,2025_EB_608363_1,[LT Shackle Hardware],24-Sep-2025 03:45 PM,TNEB Limited||TANGEDCO||CE-Distribution-Erode - TANGEDCO||SE-Namakkal - TANGEDCO,09-Oct-2025 02:00 PM,https://etender.up.nic.in/nicgep/app?component=%24DirectLink_0&page=FrontEndAdvancedSearchResult&service=direct&session=T&sp=SNBH8a%2FCija5G0nc8A6ezfw%3D%3D
2185,2025_HWAY_606632_1,[Upgradation of Vellimalai - Chinnathirupathi Road Km 25/0 - 27/6 and 29/5 - 32/740 and DPR for Realignment in Km 27/6 - 29/5],20-Sep-2025 06:55 PM,Highways||NABARD and Rural Roads||Chengalpattu,22-Oct-2025 12:00 PM,https://etender.up.nic.in/nicgep/app?component=%24DirectLink_0&page=FrontEndAdvancedSearchResult&service=direct&session=T&sp=SG%2BDUzX3uDrl%2B6bHJeqYrVA%3D%3D
2186,2025_HWAY_603418_1,[TN 36 25 26 Dharapuram Division TPR 079],16-Sep-2025 05:30 PM,Highways||Construction and Maintenance Wing||Tiruppur Circle,09-Oct-2025 10:45 AM,https://etender.up.nic.in/nicgep/app?component=%24DirectLink_0&page=FrontEndAdvancedSearchResult&service=direct&session=T&sp=S97y1w2ojtgK8TYomEhwIaQ%3D%3D
2187,2025_EB_605044_1,[ET No.30/2025 EEOMACK HIRING OF VEHICLE],17-Sep-2025 05:00 PM,TNEB Limited||TANGEDCO||CE-Distribution-Chennai-South - TANGEDCO||SE-Chenglepet - TANGEDCO,30-Sep-2025 02:00 PM,https://etender.up.nic.in/nicgep/app?component=%24DirectLink_0&page=FrontEndAdvancedSearchResult&service=direct&session=T&sp=SO4ILmIOUBhsWhOAUnOvnQQ%3D%3D
2188,2025_CoC_609791_1,"[Z.O. XIV.C.No.E1/6993-1/2025 Supplying and fixing new bollards at various streets at water land main road  in Div-181, Unit-41 Zone-14]",27-Sep-2025 06:00 PM,"Corporation of Chennai||Regional office South,CoC",29-Sep-2025 06:00 PM,https://etender.up.nic.in/nicgep/app?component=%24DirectLink_0&page=FrontEndAdvancedSearchResult&service=direct&session=T&sp=SeCDUPG6vC%2BG2LvyG5yYHoA%3D%3D
2189,2025_DTP_609911_1,[Construction of compound wall at RR park in Achanpudur Town Panchayat.],29-Sep-2025 09:00 AM,Directorate of Town Panchayats||Tirunelveli Zone||Achampudur Town Panchayat,06-Oct-2025 03:00 PM,https://etender.up.nic.in/nicgep/app?component=%24DirectLink_0&page=FrontEndAdvancedSearchResult&service=direct&session=T&sp=Sttu0FT7bf0S4zFHIsUFPMg%3D%3D
2190,2025_HWAY_609237_1,[Upgradation of Panchayat Union /Panchayat Roads to Other District Roads TRY-90],27-Sep-2025 10:00 AM,Highways||NABARD and Rural Roads||Trichy,14-Oct-2025 11:00 AM,https://etender.up.nic.in/nicgep/app?component=%24DirectLink_0&page=FrontEndAdvancedSearchResult&service=direct&session=T&sp=SfBrYrcDlSjJpJ7%2B9ApJU9A%3D%3D
2191,2025_TNPCB_603084_1,[SELECTION OF ACADEMIC/ EDUCATIONAL INSTITUTION for Preparation of Detailed Project Report for Climate Smart Market for Coimbatore ],12-Sep-2025 09:05 AM,Tamil Nadu Pollution Control Board,15-Oct-2025 03:00 PM,https://tntenders.gov.in/nicgep/app?component=%24DirectLink&page=FrontEndLatestActiveCorrigendums&service=direct&session=T&sp=SB11nx2x4ZZReHsDg8iFMlQ%3D%3D
2192,2025_DTP_607522_1,[2025-26 -15th Finance Commission - 2nd Installment Tied Grant],22-Sep-2025 05:05 PM,"Directorate of Town Panchayats||Cuddalore Zone||Bhuvanagiri Town Panchayat, Cuddalore",03-Oct-2025 03:00 PM,https://tntenders.gov.in/nicgep/app?component=%24DirectLink&page=FrontEndLatestActiveCorrigendums&service=direct&session=T&sp=SbA3uz2U2%2FRJ1zckYOLKaHw%3D%3D
2193,2025_CoC_608939_1,"[Demolition and Reconstruction of Stormwater drain of size 1500 x 1500 mm at 1st Avenue (Jn. of Pulla Avenue and 1st Avenue to Jn. of G Block 12th street and 1st Avenue) in Dn.101, Zone 8.]",26-Sep-2025 09:00 AM,"Corporation of Chennai||Regional office Central ,CoC",03-Oct-2025 03:00 PM,https://etender.up.nic.in/nicgep/app?component=%24DirectLink_0&page=FrontEndAdvancedSearchResult&service=direct&session=T&sp=SmxQsd9KVZ4nr0S2dWI5zMA%3D%3D
2194,2025_CoC_609863_1,"[Restoration of Road Cut (BT Road) made by CMWSSB For UGSS at Kazura Garden 2nd Main Road and  WSS at  Kapaleeswarar Nagar North 2nd Main Road (BT Road) in Dn - 192, Unit - 44, Zone - 15.]",29-Sep-2025 09:00 AM,"Corporation of Chennai||Regional office South,CoC",29-Sep-2025 05:30 PM,https://etender.up.nic.in/nicgep/app?component=%24DirectLink_0&page=FrontEndAdvancedSearchResult&service=direct&session=T&sp=S63OetFvPlN6BQSq2ApyQLw%3D%3D
2195,2025_EB_604588_1,[Establishment of new 33/11kv ss at Kadamadai (civil works) under turn key],18-Sep-2025 10:00 AM,TNEB Limited||TANGEDCO||CE-Thiruvannamalai - TANGEDCO,22-Oct-2025 02:00 PM,https://etender.up.nic.in/nicgep/app?component=%24DirectLink_0&page=FrontEndAdvancedSearchResult&service=direct&session=T&sp=S33b%2BF7j85TI5SzIcITc2dA%3D%3D
2196,2025_HWAY_606660_1,[Construction of High Level Bridge at km 2/6 of Palayam - Sothanapuram road in lieu of existing causeway],20-Sep-2025 11:00 AM,Highways||NABARD and Rural Roads||Salem,07-Oct-2025 11:00 AM,https://etender.up.nic.in/nicgep/app?component=%24DirectLink_0&page=FrontEndAdvancedSearchResult&service=direct&session=T&sp=Sw5u%2BYH7tTIoXGTRjRNViTw%3D%3D
2197,2025_HWAY_601809_1,[VPM-083-CRIDP 2025-26],11-Sep-2025 10:00 AM,Highways||Construction and Maintenance Wing||Villupuram Circle,15-Oct-2025 12:00 PM,https://etender.up.nic.in/nicgep/app?component=%24DirectLink_0&page=FrontEndAdvancedSearchResult&service=direct&session=T&sp=SvXxMpQjh7%2BVrJ%2BuA63YaFg%3D%3D
2198,2025_RDTN_608886_1,[Vellore district  Construction of  Cement Concrete  Drainage  Thennamara Street  to mill Kilarasampattu   Panchayat in Kaniyambadi Block General Fund 2025-26 PACKAGE NO 40],25-Sep-2025 06:00 PM,"Rural Development and Panchayat Raj Department||Vellore,RD,TN||KANIAMBADI, VELLORE,RD,TN",10-Oct-2025 03:00 PM,https://etender.up.nic.in/nicgep/app?component=%24DirectLink_0&page=FrontEndAdvancedSearchResult&service=direct&session=T&sp=SMcYM3U77iwXJck0UdpuZWA%3D%3D
2199,2025_TNSHA_586513_1,"[Tolling, Operation, Maintenance and Transfer of Six lane Chennai Outer Ring Road (CORR) Phase I i.e. Vandalur to Nemilichery (29.65 km) and Phase II i.e. Nemilichery to Minjur in TPP Road (30.50 Km), for a total length of 60.15 Km]",05-Aug-2025 09:00 AM,Tamil Nadu State Highway Authority,31-Oct-2025 03:00 PM,https://tntenders.gov.in/nicgep/app?component=%24DirectLink&page=FrontEndLatestActiveCorrigendums&service=direct&session=T&sp=S7ilKMn2e%2BOJENr%2Fm3Xx1RA%3D%3D
2200,2025_MAWS_605938_1,[Construction of New Marriage Hall at Pamban in ward no 85 zone 4],19-Sep-2025 06:55 PM,MAWS||Madurai Municipal Corporation,03-Oct-2025 03:00 PM,https://etender.up.nic.in/nicgep/app?component=%24DirectLink_0&page=FrontEndAdvancedSearchResult&service=direct&session=T&sp=S9QYf7YN8JyGcqlEo%2BIa3YA%3D%3D
2201,2025_HWAY_604517_1,[TNV 105 Ambasamudram H C M Sub division],16-Sep-2025 09:00 AM,Highways||Construction and Maintenance Wing||Tirunelveli Circle,03-Oct-2025 02:00 PM,https://tntenders.gov.in/nicgep/app?component=%24DirectLink&page=FrontEndLatestActiveCorrigendums&service=direct&session=T&sp=Sk%2BMuspP8GIAzRpY8nrZmrw%3D%3D
2202,2025_DTP_609808_2,"[Providing  150mm dia borewell  at Ward No 09  Golden nagar 3rd street  Deep borewell with mini tank provision, Ann avasal Town Pudukkottai Dt.]",29-Sep-2025 09:00 AM,"Directorate of Town Panchayats||Tiruchirappalli Zone||Annavasal Town Panchayat, Pudukkottai",03-Oct-2025 03:00 PM,https://etender.up.nic.in/nicgep/app?component=%24DirectLink_0&page=FrontEndAdvancedSearchResult&service=direct&session=T&sp=SHEthricqj%2BDDT7kfzWhdWQ%3D%3D
2203,2025_EB_606901_1,[Supply and installation of 21 Nos Fixed Bullet Camera 5 Nos PTZ Camera with its accessories for Security purpose],20-Sep-2025 04:00 PM,TNEB Limited||TANGEDCO||CE-TTPS - TANGEDCO||SE-Purchase and Administration-TTPS - TANGEDCO,08-Oct-2025 02:00 PM,https://etender.up.nic.in/nicgep/app?component=%24DirectLink_0&page=FrontEndAdvancedSearchResult&service=direct&session=T&sp=SdayKXJkE1yZAc%2Ff%2BB3qJTw%3D%3D
2204,2025_HWAY_603082_1,"[TNV 98 Kuzhithurail H C M, Sub division]",12-Sep-2025 09:00 AM,Highways||Construction and Maintenance Wing||Tirunelveli Circle,03-Oct-2025 02:00 PM,https://etender.up.nic.in/nicgep/app?component=%24DirectLink_0&page=FrontEndAdvancedSearchResult&service=direct&session=T&sp=S0xE8LhvqyGt1bO6O0z4mJg%3D%3D
2205,2025_TNPL_606280_1,[Procurement of Sulphur Di Oxide for Unit I and Unit II],19-Sep-2025 06:55 PM,Tamilnadu Newsprint and Papers Limited||TNPL Unit-1||TNPL Purchase,03-Oct-2025 03:00 PM,https://etender.up.nic.in/nicgep/app?component=%24DirectLink_0&page=FrontEndAdvancedSearchResult&service=direct&session=T&sp=SyjpPjDGxlHnInmUYwNYQxQ%3D%3D
2206,2025_EB_607553_1,[MTPS I  BM Unit III Boiler Pressure parts AOH 2025 Servicing of various size actuators and allied works],22-Sep-2025 06:00 PM,TNEB Limited||TANGEDCO||CE-MTPS-I - TANGEDCO||SE-Mechanical Maintenance I-MTPS-I - TANGEDCO,06-Oct-2025 02:00 PM,https://etender.up.nic.in/nicgep/app?component=%24DirectLink_0&page=FrontEndAdvancedSearchResult&service=direct&session=T&sp=SpokBP6JdK9MRJODyT4hdXQ%3D%3D
2207,2025_MAWS_589524_1,[Providing Underground Sewerage System  in Thiruverkadu Municipality],06-Aug-2025 10:00 AM,MAWS||Thiruverkadu Municipality,15-Oct-2025 03:00 PM,https://tntenders.gov.in/nicgep/app?component=%24DirectLink&page=FrontEndLatestActiveCorrigendums&service=direct&session=T&sp=S%2FN7wZUtLsQUR%2FPH6bGrTMA%3D%3D
2208,2025_TNCSF_602773_1,[Service Contract For Servicing and Overhauling of Sugar Bags Stitching  Machine works],11-Sep-2025 12:00 PM,Department of Sugar||TIRUTTANI COOPERATIVE SUGAR MILLS LTD,03-Oct-2025 02:00 PM,https://tntenders.gov.in/nicgep/app?component=%24DirectLink&page=FrontEndLatestActiveCorrigendums&service=direct&session=T&sp=Scs5pSanArf08VslxbPiuyQ%3D%3D
2209,2025_HWAY_605328_1,[MDU 123 / Devakottai Sub Division / CRIDP 2025 26],20-Sep-2025 06:55 PM,Highways||Construction and Maintenance Wing||Madurai Circle,07-Oct-2025 11:00 AM,https://etender.up.nic.in/nicgep/app?component=%24DirectLink_0&page=FrontEndAdvancedSearchResult&service=direct&session=T&sp=SbIdwjgNKQwfnD9tagdoSkQ%3D%3D
2210,2025_HWAY_598644_1,[VPM-073-Non Plan-2025-26],04-Sep-2025 10:00 AM,Highways||Construction and Maintenance Wing||Villupuram Circle,15-Oct-2025 12:00 PM,https://etender.up.nic.in/nicgep/app?component=%24DirectLink_0&page=FrontEndAdvancedSearchResult&service=direct&session=T&sp=Sl%2BDs3WUegVIZ3LSRObnEsQ%3D%3D
2211,2025_TNHB_604915_1,[Sale of commercial sites pertaining to JJNagar Division],17-Sep-2025 09:00 AM,Tamil Nadu Housing Board||Chennai Circle-I||J. J. Nagar Division,06-Oct-2025 10:00 AM,https://etender.up.nic.in/nicgep/app?component=%24DirectLink_0&page=FrontEndAdvancedSearchResult&service=direct&session=T&sp=Sv7kR9KHvlnhCQFr%2FMgpydA%3D%3D
2212,2025_RDTN_608627_1,[Construction of Bus Shelter in Chinnathummakundu village at Thummakundu Panchayat],25-Sep-2025 01:00 PM,"Rural Development and Panchayat Raj Department||Virudhunagar,RD,TN||ARUPPUKOTTAI, VIRUDHUNAGAR,RD,TN",30-Sep-2025 04:00 PM,https://tntenders.gov.in/nicgep/app?component=%24DirectLink&page=FrontEndLatestActiveCorrigendums&service=direct&session=T&sp=SB2FHH9%2Fh7eKoaf7l5u0NVQ%3D%3D
2213,2025_EB_605230_1,[Supply of Laptop for Cuddalore EDC],17-Sep-2025 06:00 PM,TNEB Limited||TANGEDCO||CE-Distribution-Villupuram - TANGEDCO||SE-Cuddalore - TANGEDCO,03-Oct-2025 01:00 PM,https://etender.up.nic.in/nicgep/app?component=%24DirectLink_0&page=FrontEndAdvancedSearchResult&service=direct&session=T&sp=S1dh8db5kzYoCmYiBOTUxcg%3D%3D
2214,2025_TNSTC_587758_1,[LICENSING TO RUN THE SHOP NO 10 AT TNSTC MADURAI LTD BUS STAND COMPLEX KUMULY],01-Aug-2025 11:00 AM,Tamilnadu State Transport Corporation||Madurai Corporation||Central Purchase Department||Procurement,30-Sep-2025 11:00 AM,https://tntenders.gov.in/nicgep/app?component=%24DirectLink&page=FrontEndLatestActiveCorrigendums&service=direct&session=T&sp=S3dr2%2F1r8dzxk6vLznllFEQ%3D%3D
2215,2025_RDTN_608803_1,[Vellore district Providing New borewell with Hand pump Perumalpet near  near popppathiamman koil  Kammanpettai Panchayat in Kaniyambadi Block General Fund 2025-26 PACKAGE NO 28],25-Sep-2025 05:00 PM,"Rural Development and Panchayat Raj Department||Vellore,RD,TN||KANIAMBADI, VELLORE,RD,TN",10-Oct-2025 03:00 PM,https://etender.up.nic.in/nicgep/app?component=%24DirectLink_0&page=FrontEndAdvancedSearchResult&service=direct&session=T&sp=SFoWqHIN%2Bw71sNo2Kihf56A%3D%3D
2216,2025_TCSC_607899_1,[APPOINTMENT OF TRANSPORT CONTRACTORS FOR TRANSPORTATION OF PTMGRNMP ICDS HONORABLE CHIEF MINISTER BREAKFAST SCHEME AND GOVERNMENT SCHEME WITHIN THE DISTRICTS AS ENTRUSTED BY TNCSC AS SPECIFIED IN THE NATURE OF WORK FOR THE PERIOD FOR TWO YEARS],24-Sep-2025 12:20 PM,Tamil Nadu Civil Supplies Corporation||Head Office - Chennai||Region - Chennai (North),07-Oct-2025 11:00 AM,https://etender.up.nic.in/nicgep/app?component=%24DirectLink_0&page=FrontEndAdvancedSearchResult&service=direct&session=T&sp=Sq8lHVT%2BXfxiNAno%2FA76GJw%3D%3D
2217,2025_RDTN_604951_4,[Construction  of   C C Road at  Veerakaliyamman koil street 120 M    in Gobalasamuthiram Panchayat in Kollidam  Block NNT 2025-26],17-Sep-2025 09:00 AM,Rural Development and Panchayat Raj Department||Mayiladuthurai RD TN||Kollidam Mayiladuthurai RD TN,30-Sep-2025 06:00 PM,https://tntenders.gov.in/nicgep/app?component=%24DirectLink&page=FrontEndLatestActiveCorrigendums&service=direct&session=T&sp=SOFodQxj9ZEd8mk4PQ84xxw%3D%3D
2218,2025_MAWS_609277_4,"[Restoration of  C.C.Road potholes at Sanniyasi Gramam,Puliyanthoppu south street,Sivapuram Street,Sivan koil street,Kamatchi Amman koil street and Appar Swamikal Street in ward.no.11,12,29 and 30]",26-Sep-2025 05:30 PM,MAWS||Tirunelveli City Municipal Corporation,03-Oct-2025 03:00 PM,https://etender.up.nic.in/nicgep/app?component=%24DirectLink_0&page=FrontEndAdvancedSearchResult&service=direct&session=T&sp=Ssty9Pf3nGTD7Dq6J1xQhGA%3D%3D
2219,2025_HRCE_603725_1,"[Providing new lighting place, paver block from parking lot to approach road and providing cuddapah slab over sewerage canal in Arulmigu Soundararaja Perumal Temple at Thadicombu]",15-Sep-2025 03:00 PM,Hindu Religious and Charitable Endowments||Joint Commissioner office - Dindukal||Arulmigu Sowndarajaperumal Temple - Thadikombu,30-Sep-2025 03:00 PM,https://etender.up.nic.in/nicgep/app?component=%24DirectLink_0&page=FrontEndAdvancedSearchResult&service=direct&session=T&sp=StgVkJxyLPmVxQgDBMLlHXQ%3D%3D
2220,2025_EB_606336_1,[Hiring of vehicle EEMRTCGL],19-Sep-2025 05:00 PM,TNEB Limited||TANGEDCO||CE-Distribution-Chennai-South - TANGEDCO||SE-Chenglepet - TANGEDCO,30-Sep-2025 02:00 PM,https://etender.up.nic.in/nicgep/app?component=%24DirectLink_0&page=FrontEndAdvancedSearchResult&service=direct&session=T&sp=Sc4MIaky6vMpRUIyjGJuy9Q%3D%3D
2221,2025_EB_602851_1,[NCTPSII 2X600 MW Operation circle O E Division NCTPS II  Unit I  II To carry out shift  works in various operation locations of switch gear panel at 3 5 mtr  12 5 mtr at switch gear control room Boiler 31 5 mtr switch gear panel and recording of para],11-Sep-2025 01:55 PM,TNEB Limited||TANGEDCO||CE-NCTPS-II - TANGEDCO||SE-Operation-NCTPS-II - TANGEDCO,03-Oct-2025 02:00 PM,https://tntenders.gov.in/nicgep/app?component=%24DirectLink&page=FrontEndLatestActiveCorrigendums&service=direct&session=T&sp=SQDEFoG8uXmKS4kmB8JGkFw%3D%3D
2222,2025_TNPL_598845_1,[O2 reactor platform work in HWFL at Pulp Mechanical inTNPL Unit-I],30-Aug-2025 05:30 PM,Tamilnadu Newsprint and Papers Limited||TNPL Unit-1||TNPL TOS,03-Oct-2025 03:00 PM,https://tntenders.gov.in/nicgep/app?component=%24DirectLink&page=FrontEndLatestActiveCorrigendums&service=direct&session=T&sp=S%2FruFYcPJncB7Ij0mD1wXwg%3D%3D
2223,2025_MAWS_605451_20,"[CUDDALORE CORPORATION -Construction of Culvert at Ponnan, Arunagiri and Padavattamman Kovil street in ward no 20 in cuddalore corporation.]",19-Sep-2025 04:00 PM,MAWS||Cuddalore Municipality,30-Sep-2025 03:00 PM,https://etender.up.nic.in/nicgep/app?component=%24DirectLink_0&page=FrontEndAdvancedSearchResult&service=direct&session=T&sp=SJlS99i7KO8PWgWn0YreRtg%3D%3D
2224,2025_HWAY_605620_1,[Construction of High level bridge at Km 5/8 of Melnariyappanur - Kalasamuthiram road in lieu of existing causeway],20-Sep-2025 09:00 AM,Highways||NABARD and Rural Roads||Chengalpattu,07-Oct-2025 12:00 PM,https://etender.up.nic.in/nicgep/app?component=%24DirectLink_0&page=FrontEndAdvancedSearchResult&service=direct&session=T&sp=SKODPH4NeFJFWQlHtALojSQ%3D%3D
2225,2025_DoTE_609155_1,[Granules],26-Sep-2025 05:00 PM,Directorate of Technical Education||Govt. Engineering College - DOTE||Government College of Engineering - Erode,08-Oct-2025 11:00 AM,https://etender.up.nic.in/nicgep/app?component=%24DirectLink_0&page=FrontEndAdvancedSearchResult&service=direct&session=T&sp=SP%2B8z5nyTNv%2F2CSXtRlvI4Q%3D%3D
2226,2025_HWAY_607654_1,[TN No 49 2025 26 HDO Dt 12 09 2025 TVM 146],24-Sep-2025 11:00 AM,Highways||Construction and Maintenance Wing||Tiruvannamalai Circle,16-Oct-2025 11:00 AM,https://etender.up.nic.in/nicgep/app?component=%24DirectLink_0&page=FrontEndAdvancedSearchResult&service=direct&session=T&sp=SuF5csLljWXxXaD7RETW4XA%3D%3D
2227,2025_TNPL_608038_1,[Mill wide air conditioning units and Coolers servicing work at TNPL Unit - 1],25-Sep-2025 06:00 PM,Tamilnadu Newsprint and Papers Limited||TNPL Unit-1||TNPL TOS,09-Oct-2025 03:00 PM,https://etender.up.nic.in/nicgep/app?component=%24DirectLink_0&page=FrontEndAdvancedSearchResult&service=direct&session=T&sp=SwJN9K7NDu9Tfy%2FRiTAdTIQ%3D%3D
2228,2025_DTP_608188_1,[2025-26 15th FC Un Tied 1st Installment  Pudupalayam Town Panchayat],24-Sep-2025 09:00 AM,"Directorate of Town Panchayats||Vellore Zone||Pudupalayam Town Panchayat, Tiruvannamalai",30-Sep-2025 03:00 PM,https://etender.up.nic.in/nicgep/app?component=%24DirectLink_0&page=FrontEndAdvancedSearchResult&service=direct&session=T&sp=SKmEc1IgCm90l4vO6YQjbGA%3D%3D
2229,2025_HWAY_604879_1,[Strengthening at Km.16/8 - 19/0 of Koothanallur - Adichapuram - Kandamangalam - Vedapuram - Kalappal - Thiruthuraipoondi road TNJ-88],16-Sep-2025 06:45 PM,Highways||Construction and Maintenance Wing||Thanjavur Circle,07-Oct-2025 11:30 AM,https://etender.up.nic.in/nicgep/app?component=%24DirectLink_0&page=FrontEndAdvancedSearchResult&service=direct&session=T&sp=SiJr5achyJRXPKlNshge7wg%3D%3D
2230,2025_HRCE_591761_1,"[Supplying and Re-Fixing Cut Stone Members at Arulmigu Meenakshi Sundhareswarar Thirukoil, Rajathani Village, Aundipatti Taluk, Theni District]",12-Aug-2025 12:00 PM,Hindu Religious and Charitable Endowments||Joint Commissioner office - Dindukal||Meenakshi Sundareswara Thirukovil - Rajathani,07-Oct-2025 12:00 PM,https://tntenders.gov.in/nicgep/app?component=%24DirectLink&page=FrontEndLatestActiveCorrigendums&service=direct&session=T&sp=S%2FJXyKYywwESd8KwHkViPHw%3D%3D
2231,2025_DTP_609827_1,[Cuddalore District - Pennadam TP ],29-Sep-2025 09:00 AM,"Directorate of Town Panchayats||Cuddalore Zone||Pennadam Town Panchayat, Cuddalore",30-Sep-2025 03:00 PM,https://etender.up.nic.in/nicgep/app?component=%24DirectLink_0&page=FrontEndAdvancedSearchResult&service=direct&session=T&sp=SZ6BFAOpvOr9%2FcUwphqnLtw%3D%3D
2232,2025_MAWS_609536_10,[ School Improvement Grant Operation and Maintenance works -2025-26 Retender],27-Sep-2025 02:00 PM,MAWS||Karur Municipality,30-Sep-2025 03:00 PM,https://etender.up.nic.in/nicgep/app?component=%24DirectLink_0&page=FrontEndAdvancedSearchResult&service=direct&session=T&sp=SgTqh3%2F7VsAh4XSXcPK1vWA%3D%3D
2233,2025_EB_608656_1,[Supply of   LT Protection Kit Suitable for Single Pole Standalone  Structure],25-Sep-2025 02:00 PM,TNEB Limited||TANGEDCO||CE-Distribution-Madurai - TANGEDCO||SE-Sivaganga - TANGEDCO,13-Oct-2025 02:00 PM,https://etender.up.nic.in/nicgep/app?component=%24DirectLink_0&page=FrontEndAdvancedSearchResult&service=direct&session=T&sp=SD%2BnDpp73yGQakpH8FMuXHA%3D%3D
2234,2025_HWAY_606930_1,[TN No 46 2025 26 HDO Dt 09 09 2025 TVM 135],22-Sep-2025 11:00 AM,Highways||Construction and Maintenance Wing||Tiruvannamalai Circle,16-Oct-2025 11:00 AM,https://etender.up.nic.in/nicgep/app?component=%24DirectLink_0&page=FrontEndAdvancedSearchResult&service=direct&session=T&sp=S2LpVip6wjQ9Z%2BVYuxYcryw%3D%3D
2235,2025_HWAY_603590_1,[VPM-100-CRIDP 2025-26],18-Sep-2025 10:00 AM,Highways||Construction and Maintenance Wing||Villupuram Circle,15-Oct-2025 12:00 PM,https://etender.up.nic.in/nicgep/app?component=%24DirectLink_0&page=FrontEndAdvancedSearchResult&service=direct&session=T&sp=SKJ3rD3HbwFinLfRuw%2Fzqiw%3D%3D
2236,2025_DTP_607014_1,"[Providing cement concrete Road at Narayanathuvilai in Kadayal Town Panchayat, Kanyakumari District 15th finance Untied Grant 2025-26 2nd Installment]",20-Sep-2025 05:10 PM,Directorate of Town Panchayats||Nagercoil Zone||Kadayal Town Panchayat,30-Sep-2025 03:00 PM,https://etender.up.nic.in/nicgep/app?component=%24DirectLink_0&page=FrontEndAdvancedSearchResult&service=direct&session=T&sp=SLCU8gXGCoT4ZfsJlNzvvYQ%3D%3D
2237,2025_RDTN_608754_1,"[Vellore district Improvement of( floor , wall tiles )  toilet in Mottaimalai Murugankovil )Kammavanpetai Panchayat in Kaniyambadi Block General Fund 2025-26 PACKAGE NO 19]",25-Sep-2025 03:00 PM,"Rural Development and Panchayat Raj Department||Vellore,RD,TN||KANIAMBADI, VELLORE,RD,TN",10-Oct-2025 03:00 PM,https://etender.up.nic.in/nicgep/app?component=%24DirectLink_0&page=FrontEndAdvancedSearchResult&service=direct&session=T&sp=SFrwETMXcDFgqYu543Q9shg%3D%3D
2238,2025_MAWS_607858_1,[Construction of Storm water drain at Ward No 10 Kammala street in Vandavasi Municipality],23-Sep-2025 02:30 PM,MAWS||Vandavasi Municipality,30-Sep-2025 03:00 PM,https://etender.up.nic.in/nicgep/app?component=%24DirectLink_0&page=FrontEndAdvancedSearchResult&service=direct&session=T&sp=S%2F7pVwejc3wGSuNo6B6SexA%3D%3D
2239,2025_TNMSC_576515_1,[ONLINE TENDER FOR FIXING RATE CONTRACT FOR SUPPLY AND INSTALLATION OF PICTURE ARCHIVING AND COMMUNICAITON SYSTEM TO INSTITUTE OF CHILD HEALTH AND HOSPITAL FOR CHILDREN],01-Jul-2025 06:50 PM,Tamilnadu Medical Services Corporation||Equipment,30-Sep-2025 11:00 AM,https://tntenders.gov.in/nicgep/app?component=%24DirectLink&page=FrontEndLatestActiveCorrigendums&service=direct&session=T&sp=S69SkTuQWUT4bnMt4KPhUnA%3D%3D
2240,2025_RDTN_610080_1,[Vellore District Construction of Collection Channel with Horizontal Filter at Rajagopal koil to mariyamman kovil at Kondasamuthiram  15th CFC (BP) 2025 -2026 Package no 07],29-Sep-2025 03:20 PM,"Rural Development and Panchayat Raj Department||Vellore,RD,TN||GUDIYATHAM, VELLORE,RD,TN",09-Oct-2025 03:00 PM,https://etender.up.nic.in/nicgep/app?component=%24DirectLink_0&page=FrontEndAdvancedSearchResult&service=direct&session=T&sp=SNd1yfj7wnmcFoi8z9mPNsA%3D%3D
2241,2025_HWAY_607720_1,[Roadwork],27-Sep-2025 10:00 AM,Highways||NABARD and Rural Roads||Tirunelveli,14-Oct-2025 11:00 AM,https://etender.up.nic.in/nicgep/app?component=%24DirectLink_0&page=FrontEndAdvancedSearchResult&service=direct&session=T&sp=SoRYpYJ8HDStr9Wi7gmnJqQ%3D%3D
2242,2025_HWAY_604635_1,[Restoration Works -2025-26],17-Sep-2025 06:30 PM,Highways||Construction and Maintenance Wing||Coimbatore Circle||Coimbatore,03-Oct-2025 03:00 PM,https://etender.up.nic.in/nicgep/app?component=%24DirectLink_0&page=FrontEndAdvancedSearchResult&service=direct&session=T&sp=SB6PtmkJ9JT8f4L%2BjY%2F2ang%3D%3D
2243,2025_MAWS_608253_1,[Dismantling the Existing Damaged Building and Construction of Anganwadi Building at Dana Main Road  in Vickramasingapuram Municipality],24-Sep-2025 12:00 PM,MAWS||Vikramasingapuram Municipality,08-Oct-2025 03:00 PM,https://etender.up.nic.in/nicgep/app?component=%24DirectLink_0&page=FrontEndAdvancedSearchResult&service=direct&session=T&sp=SFxy275vxmdiXjJf5f8JbAw%3D%3D
2244,2025_MSME_598389_1,[336 Procurement of  Mixed Xylene  of Schedule-A],01-Sep-2025 05:30 PM,Micro Small and Medium Enterprises||Tamil Nadu Small Industries Corporation||Purchase - TANSI,07-Oct-2025 11:30 AM,https://tntenders.gov.in/nicgep/app?component=%24DirectLink&page=FrontEndLatestActiveCorrigendums&service=direct&session=T&sp=SvrWmoGwZ1totJ3aB6Aphlg%3D%3D
2245,2025_DTP_608140_1,[2024-25 15th FC Untied 2nd Pudupalayam Town Panchayat],24-Sep-2025 09:00 AM,"Directorate of Town Panchayats||Vellore Zone||Pudupalayam Town Panchayat, Tiruvannamalai",30-Sep-2025 03:00 PM,https://tntenders.gov.in/nicgep/app?component=%24DirectLink&page=FrontEndLatestActiveCorrigendums&service=direct&session=T&sp=SMKzmKM6c%2FUlgWRsg5pHfIQ%3D%3D
2246,2025_HWAY_600145_1,[TN.36/Sl.No.01/CPT/CRIDP Work 2025-26],17-Sep-2025 06:30 PM,Highways||Construction and Maintenance Wing||Chennai Circle,16-Oct-2025 10:15 AM,https://etender.up.nic.in/nicgep/app?component=%24DirectLink_0&page=FrontEndAdvancedSearchResult&service=direct&session=T&sp=Sl6mqgU%2FS7tUnv0hz%2F29KTQ%3D%3D
2247,2025_DoTE_610063_1,[purchase of embedded lab items.],29-Sep-2025 04:00 PM,Directorate of Technical Education||Govt. Polytechnic College - DOTE||GPT-Kelamangalam - Krishnagiri,07-Oct-2025 04:00 PM,https://etender.up.nic.in/nicgep/app?component=%24DirectLink_0&page=FrontEndAdvancedSearchResult&service=direct&session=T&sp=SlYhdPhPaK10G5uganqveyw%3D%3D
2248,2025_EB_608284_1,"[Construction of control room building with Electrification works, Bore well, Providing Transformer Plinth and various SS structures Plinth foundation, Cable duct, Road and allied civil works for the New 33/11 KV SS at Thellur in VEDC]",26-Sep-2025 02:00 PM,TNEB Limited||TANGEDCO||CE-Distribution-Vellore - TANGEDCO,06-Nov-2025 05:00 PM,https://etender.up.nic.in/nicgep/app?component=%24DirectLink_0&page=FrontEndAdvancedSearchResult&service=direct&session=T&sp=SJAMaey06nnHKGu0s6vnHEA%3D%3D
2249,2025_RDTN_607565_1,"[Salem Block -PTMGR Noonmeal Scheme 2025-26 - Construction of Kitchen cum store at Gov.H.S. School in Sivadhapuram, Salem]",22-Sep-2025 06:00 PM,"Rural Development and Panchayat Raj Department||Salem,RD,TN||SALEM, SALEM,RD,TN",30-Sep-2025 03:00 PM,https://etender.up.nic.in/nicgep/app?component=%24DirectLink_0&page=FrontEndAdvancedSearchResult&service=direct&session=T&sp=SYwE%2FdikBWfPV%2F%2BidmWuqAA%3D%3D
2250,2025_RDTN_606832_2,[Construction of Bus Shelter at Vaiyur Panchayat under MLACDS 2025-2026],22-Sep-2025 09:00 AM,"Rural Development and Panchayat Raj Department||Cuddalore,RD,TN||KOMARATCHI,CUDDALORE,RD,TN",29-Sep-2025 06:50 PM,https://etender.up.nic.in/nicgep/app?component=%24DirectLink_0&page=FrontEndAdvancedSearchResult&service=direct&session=T&sp=S5N17BSzqP8KbwLNYqPktYw%3D%3D
2251,2025_HWAY_607368_9,[Upgradation of Panchayat Union /Panchayat Roads to Other District Roads TRY-78],23-Sep-2025 11:00 AM,Highways||NABARD and Rural Roads||Trichy,09-Oct-2025 11:00 AM,https://etender.up.nic.in/nicgep/app?component=%24DirectLink_0&page=FrontEndAdvancedSearchResult&service=direct&session=T&sp=SScT8dXF60pgG2B5%2B9LZYMg%3D%3D
2252,2025_EB_606465_1,[Repair and Maintenance Works to Type 1 Block No. 13 16 Tenements at  Thermal Nagar],19-Sep-2025 06:00 PM,TNEB Limited||TANGEDCO||CE-TTPS - TANGEDCO||SE-Civil-TTPS - TANGEDCO,08-Oct-2025 02:00 PM,https://etender.up.nic.in/nicgep/app?component=%24DirectLink_0&page=FrontEndAdvancedSearchResult&service=direct&session=T&sp=SjNGTPlU3p57EK1ILwTOr0Q%3D%3D
2253,2025_HWAY_605690_1,[TN.No.26 / SI.No.05 / 2025-2026 / SDO / CPT - 26],20-Sep-2025 09:00 AM,Highways||NABARD and Rural Roads||Chengalpattu,07-Oct-2025 12:00 PM,https://etender.up.nic.in/nicgep/app?component=%24DirectLink_0&page=FrontEndAdvancedSearchResult&service=direct&session=T&sp=SuGMGSkojvuJ7I20ikKMvOw%3D%3D
2254,2025_RDTN_609606_1,[Tirupathur District 15 CFC 2025-26 Providing Paver Block from Ponniyamman koil street at Irusan vattam H/O Mookanur Package No.15],27-Sep-2025 02:00 PM,Rural Development and Panchayat Raj Department||Tirupathur RD TN||Jolarpet Tirupathur RD TN,10-Oct-2025 03:00 PM,https://etender.up.nic.in/nicgep/app?component=%24DirectLink_0&page=FrontEndAdvancedSearchResult&service=direct&session=T&sp=SO%2BMkdgJAZp9fTqZbGvjajw%3D%3D
2255,2025_DTP_609218_1,[Paravai Town Panchayat Providing Strom Water Drain And Paver Road in Oormetchikulam in  Paravai Town Panchayat],26-Sep-2025 04:00 PM,"Directorate of Town Panchayats||Madurai Zone||Paravai Town Panchayat, Madurai",30-Sep-2025 03:00 PM,https://etender.up.nic.in/nicgep/app?component=%24DirectLink_0&page=FrontEndAdvancedSearchResult&service=direct&session=T&sp=SpQ5k8RwUlZtusET%2Fycb9NA%3D%3D
2256,2025_RDTN_608780_1,[Construction Of Retaining Wall From Keeranatham Athikadavu Road Ezil High Land to Viswanatham Thottam Right  Side  H/O Keeranatham Panchayat],25-Sep-2025 04:10 PM,"Rural Development and Panchayat Raj Department||Coimbatore,RD,TN||SARKARSAMAKULAM, COIMBATORE,RD,TN",30-Sep-2025 03:00 PM,https://etender.up.nic.in/nicgep/app?component=%24DirectLink_0&page=FrontEndAdvancedSearchResult&service=direct&session=T&sp=StfccfXXygzNoB0apmpeJIA%3D%3D
2257,2025_MAWS_609325_1,[WATER SUPPLY FUND-2025-2026-Extension of Water Supply Distribution Line at Ward No.25 Anna Nagar Area in  Karamadai Municipality.],26-Sep-2025 06:00 PM,MAWS||Karamadai Municipality,30-Sep-2025 03:00 PM,https://etender.up.nic.in/nicgep/app?component=%24DirectLink_0&page=FrontEndAdvancedSearchResult&service=direct&session=T&sp=SwQ7X3qLeqlAjykk4dxmpZg%3D%3D
2258,2025_MAWS_594404_1,"[Construction of 5 LL Capacity (16m Height )Over Head Tank at Pasumai Nagar (Survey Ward AW Block 6,Ts no6)  in  Ward No65 in Tiruchirappalli City Municipal Corporation]",18-Aug-2025 06:40 PM,MAWS||Tiruchirappalli City Municipal Corporation,08-Oct-2025 03:00 PM,https://tntenders.gov.in/nicgep/app?component=%24DirectLink&page=FrontEndLatestActiveCorrigendums&service=direct&session=T&sp=ShM%2Fh3GM1yHUf6kM%2B8ZWoDg%3D%3D
2259,2025_CoC_607100_1,"[Tender for Demolition and Reconstruction of Storm water drain along Stanley Nagar 6th Cross Street, Bojaraja Nagar Main Road, Padavattamman Koil Street in Dn.53, Zone 5.]",22-Sep-2025 02:00 PM,"Corporation of Chennai||Regional Office North,CoC",03-Oct-2025 03:00 PM,https://tntenders.gov.in/nicgep/app?component=%24DirectLink&page=FrontEndLatestActiveCorrigendums&service=direct&session=T&sp=Shi%2FwiPlzmHV0a2WKm47DqQ%3D%3D
2260,2025_TNMSC_598496_1,[ONLINE TENDER FOR FIXING RATE CONTRACT FOR SUPPLY AND INSTALLATION OF PNEUMATIC TOURNIQUET TO VARIOUS GOVT. INSTITUTIONS],29-Aug-2025 03:00 PM,Tamilnadu Medical Services Corporation||Equipment,03-Oct-2025 11:00 AM,https://tntenders.gov.in/nicgep/app?component=%24DirectLink&page=FrontEndLatestActiveCorrigendums&service=direct&session=T&sp=S2%2BrtOLYgXs6%2BRCXTGIC7yw%3D%3D
2261,2025_RDTN_608751_1,[Vellore district Improvement of Pds( floor  kotta stone) at Kammavanpetai Panchayat  in Kaniyambadi Block General Fund 2025-26 PACKAGE NO 18],25-Sep-2025 03:00 PM,"Rural Development and Panchayat Raj Department||Vellore,RD,TN||KANIAMBADI, VELLORE,RD,TN",10-Oct-2025 03:00 PM,https://etender.up.nic.in/nicgep/app?component=%24DirectLink_0&page=FrontEndAdvancedSearchResult&service=direct&session=T&sp=S59zgzNqGkTC8OSfwTJkQ5A%3D%3D
2262,2025_RDTN_608698_1,[Vellore district Providing CC pavement at Nadu Street in palampakkam Panchayaty in Kaniyambadi Block General Fund 2025-26 PACKAGE NO 12],25-Sep-2025 02:00 PM,"Rural Development and Panchayat Raj Department||Vellore,RD,TN||KANIAMBADI, VELLORE,RD,TN",10-Oct-2025 03:00 PM,https://etender.up.nic.in/nicgep/app?component=%24DirectLink_0&page=FrontEndAdvancedSearchResult&service=direct&session=T&sp=StKDgWuATVI36HhXStarisQ%3D%3D
2263,2025_DTP_609243_1,[paravai town Panchayat Paravai  park ward 10 paravai town Panchayat Paravai ],26-Sep-2025 04:00 PM,"Directorate of Town Panchayats||Madurai Zone||Paravai Town Panchayat, Madurai",30-Sep-2025 03:00 PM,https://etender.up.nic.in/nicgep/app?component=%24DirectLink_0&page=FrontEndAdvancedSearchResult&service=direct&session=T&sp=Sjwpz3XBVMCobGlv9xedFow%3D%3D
2264,2025_MAWS_607960_1,[PROVIDING  DEEP BOREWELL FITTED WITH POWER PUMP  AT KALLUKARA STREET IN WARD NO 4],23-Sep-2025 05:30 PM,MAWS||Thanjavur Corporation,07-Oct-2025 03:00 PM,https://etender.up.nic.in/nicgep/app?component=%24DirectLink_0&page=FrontEndAdvancedSearchResult&service=direct&session=T&sp=SfDoQrhf9eaITX7iMXR5y6A%3D%3D
2265,2025_PWD_605700_1,[Construction of Silkworm Seed Rearing Building in P2 Seed Farm at Uddanapally in Krishnagiri District.],19-Sep-2025 03:00 PM,"PWD||PWD CE buildings||Chief  Engineer-Coimbatore Region - Coimbatore||Buildings (C and M) Circle, Salem",06-Oct-2025 03:00 PM,https://etender.up.nic.in/nicgep/app?component=%24DirectLink_0&page=FrontEndAdvancedSearchResult&service=direct&session=T&sp=SlL2HGYXj7Ec5JYbEB1YFaw%3D%3D
2266,2025_EB_609014_1,[Cleaning the Roof Top of Residential and Non Residential Building in Thermal Nagar from the Date of Commencement of Work and up to 31.03.2026.],26-Sep-2025 06:00 PM,TNEB Limited||TANGEDCO||CE-TTPS - TANGEDCO||SE-Civil-TTPS - TANGEDCO,14-Oct-2025 02:00 PM,https://etender.up.nic.in/nicgep/app?component=%24DirectLink_0&page=FrontEndAdvancedSearchResult&service=direct&session=T&sp=SWImQKIWLOb8TD39OsXJwAg%3D%3D
2267,2025_CoC_608453_1,"[IMPROVEMENT WORKS TO MULTIPURPOSE HALL (GI SHEET SHED WORK) AT VEERAMAMUNIVAR SALAI IN DIVISION - 93, UNIT - 20, ZONE - VII]",24-Sep-2025 06:00 PM,"Corporation of Chennai||Regional office Central ,CoC",06-Oct-2025 03:00 PM,https://etender.up.nic.in/nicgep/app?component=%24DirectLink_0&page=FrontEndAdvancedSearchResult&service=direct&session=T&sp=SVTOJMHCAb75d6TzchFjH9Q%3D%3D
2268,2025_DTP_609741_1,"[Annur TP -Providing Paver block Road  at ward no 1 Sellanur New colony cross street 3 and 5 and Relaying of BT Road at Sellanur New colonr cross street 1,2 and 4   in Annur Town panchayat.]",27-Sep-2025 05:10 PM,"Directorate of Town Panchayats||Coimbatore Zone||Annur Town Panchayat, Coimbatore",03-Oct-2025 03:00 PM,https://etender.up.nic.in/nicgep/app?component=%24DirectLink_0&page=FrontEndAdvancedSearchResult&service=direct&session=T&sp=Sb2Ie4HjTUUvPrDty9P5rYw%3D%3D
2269,2025_TNCSF_608283_1,[LABOUR CONTRACT WORK FOR CLEANING FABRICATION AND ERECTION OF GI GUTTER],24-Sep-2025 12:15 PM,Department of Sugar||ARIGNAR ANNA SUGAR MILLS,03-Oct-2025 04:00 PM,https://tntenders.gov.in/nicgep/app?component=%24DirectLink&page=FrontEndLatestActiveCorrigendums&service=direct&session=T&sp=SOQQKA9rs3%2FsAK7i9Zv9mxg%3D%3D
2270,2025_DTP_607054_1,"[Construction of drainage at Kaliyal Ration shop in Kadayal Town Panchayat, Kanyakumari District 15th Finance tied Grant 2025-26  2nd Installment]",20-Sep-2025 05:30 PM,Directorate of Town Panchayats||Nagercoil Zone||Kadayal Town Panchayat,30-Sep-2025 03:00 PM,https://etender.up.nic.in/nicgep/app?component=%24DirectLink_0&page=FrontEndAdvancedSearchResult&service=direct&session=T&sp=Sw4mTsqANtDxJkjW6JEmfoA%3D%3D
2271,2025_MTC_609575_1,[PROCUREMENT OF M S ANGLE M S FLAT G I TUBES AND ALUMINIUM BEADING REQUIRED FOR BUS BODY WORK],27-Sep-2025 03:00 PM,Metropolitan Transport Corporation(Chennai) Ltd.||Purchase Section,27-Oct-2025 02:30 PM,https://etender.up.nic.in/nicgep/app?component=%24DirectLink_0&page=FrontEndAdvancedSearchResult&service=direct&session=T&sp=S%2BRffeZuVy1xh5KFygK8ZJQ%3D%3D
2272,2025_HWAY_600351_1,[TN.42/Sl.No.01/CPT/CRIDP Work 2025-26],24-Sep-2025 06:30 PM,Highways||Construction and Maintenance Wing||Chennai Circle,16-Oct-2025 10:15 AM,https://etender.up.nic.in/nicgep/app?component=%24DirectLink_0&page=FrontEndAdvancedSearchResult&service=direct&session=T&sp=S3XOQsP4KC6FHblSylK%2F10w%3D%3D
2273,2025_RDTN_609561_1,[Sedapalayam Pudupalayam Road (Via) Rani Colony Road.],27-Sep-2025 01:00 PM,"Rural Development and Panchayat Raj Department||Cuddalore,RD,TN||CUDDALORE, CUDDALORE,RD,TN",30-Sep-2025 06:00 PM,https://etender.up.nic.in/nicgep/app?component=%24DirectLink_0&page=FrontEndAdvancedSearchResult&service=direct&session=T&sp=S8qqPSbxq0jN2EWchR9zouw%3D%3D
2274,2025_EB_607519_1,[Improvement work],22-Sep-2025 05:30 PM,TNEB Limited||TANGEDCO||CE-Distribution-Coimbatore - TANGEDCO||SE-Coimbatore-South - TANGEDCO,07-Oct-2025 02:00 PM,https://etender.up.nic.in/nicgep/app?component=%24DirectLink_0&page=FrontEndAdvancedSearchResult&service=direct&session=T&sp=SNteMDs9zdv1OCfb1Pz46nA%3D%3D
2275,2025_EB_605863_1,[Supply of Various types of Vacuum Interrupter],19-Sep-2025 02:00 PM,TNEB Limited||TANGEDCO||CE-Distribution-Coimbatore - TANGEDCO||SE-Udumalpet - TANGEDCO,06-Oct-2025 02:00 PM,https://etender.up.nic.in/nicgep/app?component=%24DirectLink_0&page=FrontEndAdvancedSearchResult&service=direct&session=T&sp=SYGKOeg7okhQIhVUmD5nfaA%3D%3D
2276,2025_DTP_609854_1,[15TH CFC 2nd 2025-26 ILANJI ],28-Sep-2025 09:00 AM,Directorate of Town Panchayats||Tirunelveli Zone||Puthur S Town Panchayat,30-Sep-2025 03:00 PM,https://etender.up.nic.in/nicgep/app?component=%24DirectLink_0&page=FrontEndAdvancedSearchResult&service=direct&session=T&sp=Sg%2FsNgR3I1BMRvdiUEue3mA%3D%3D
2277,2025_TNCSF_609740_1,[Wet Pressmud Removal contract from falling point ],27-Sep-2025 05:15 PM,Department of Sugar||PERAMBALUR SUGAR MILLS LTD,07-Oct-2025 01:00 PM,https://etender.up.nic.in/nicgep/app?component=%24DirectLink_0&page=FrontEndAdvancedSearchResult&service=direct&session=T&sp=SrZ9kGdZdFiMuDjXG0QbJfQ%3D%3D
2278,2025_RDTN_608766_1,[Upgradation of The Street from Lakshmipuram Phase -I Masilamani House to Kalimuthu House in Main Streets and Cut Streets H/o Keeranatham Panchayat (195 M)],25-Sep-2025 04:00 PM,"Rural Development and Panchayat Raj Department||Coimbatore,RD,TN||SARKARSAMAKULAM, COIMBATORE,RD,TN",30-Sep-2025 03:00 PM,https://etender.up.nic.in/nicgep/app?component=%24DirectLink_0&page=FrontEndAdvancedSearchResult&service=direct&session=T&sp=SrTSOzNadqHlFHlzF5J17KA%3D%3D
2279,2025_TNCSF_603984_1,"[Supply of EPOXY Blade, Moving and Fixed Stem and Jaw Cluster  ]",13-Sep-2025 05:30 PM,Department of Sugar||TIRUTTANI COOPERATIVE SUGAR MILLS LTD,03-Oct-2025 02:00 PM,https://tntenders.gov.in/nicgep/app?component=%24DirectLink&page=FrontEndLatestActiveCorrigendums&service=direct&session=T&sp=S3xuoMEp7Tb5CrBpwhyOAvQ%3D%3D
2280,2025_EB_589743_1,[Hiring of 1.No diesel driven Van/Jeep/car for the official use of the Executive Engineer / Operation / Gurubarapally 230 KV SS.],06-Aug-2025 06:00 PM,TNEB Limited||TANTRANSCO||CE-System Operation-Chennai - TANTRANSCO||SE-Operation-Tiruvalam - TANTRANSCO,10-Oct-2025 02:00 PM,https://tntenders.gov.in/nicgep/app?component=%24DirectLink&page=FrontEndLatestActiveCorrigendums&service=direct&session=T&sp=SyC7fhr5xhUxlCweo%2BCPtOA%3D%3D
2281,2025_RDTN_604951_21,[Construction  of   C C Road at Kuruviyampallam 250   M     in Agaravataram Panchayat in Kollidam  Block NNT 2025-26],17-Sep-2025 09:00 AM,Rural Development and Panchayat Raj Department||Mayiladuthurai RD TN||Kollidam Mayiladuthurai RD TN,03-Oct-2025 06:00 PM,https://tntenders.gov.in/nicgep/app?component=%24DirectLink&page=FrontEndLatestActiveCorrigendums&service=direct&session=T&sp=Sck3irA2E0Grk6odb92ZRFw%3D%3D
2282,2025_EB_609078_1,[NCTPS I SE MI circle Boiler Maintenance Division Annual Overhaul work for the year 25 26 Specification No 201 25 26],26-Sep-2025 06:00 PM,TNEB Limited||TANGEDCO||CE-NCTPS-I - TANGEDCO||SE-Mechanical Maintenance I-NCTPS-I - TANGEDCO,09-Oct-2025 02:00 PM,https://etender.up.nic.in/nicgep/app?component=%24DirectLink_0&page=FrontEndAdvancedSearchResult&service=direct&session=T&sp=SxDtPxyKV3qIRDWijgwQoFw%3D%3D
2283,2025_EB_598295_2,[CONSTRUCTION OF CONTROL ROOM AT THIRUPANJEELI IN TEDC METRO TRICHY REGION],03-Sep-2025 03:00 PM,TNEB Limited||TANGEDCO||CE-Trichy EDC - TANGEDCO,30-Sep-2025 02:30 PM,https://etender.up.nic.in/nicgep/app?component=%24DirectLink_0&page=FrontEndAdvancedSearchResult&service=direct&session=T&sp=S%2FFiS5s2nOmlciIX8Y1aRQw%3D%3D
2284,2025_CoC_609220_1,[Z.O.1.C.No.B1/04397/2025 	],26-Sep-2025 06:00 PM,"Corporation of Chennai||Regional Office North,CoC",06-Oct-2025 03:00 PM,https://etender.up.nic.in/nicgep/app?component=%24DirectLink_0&page=FrontEndAdvancedSearchResult&service=direct&session=T&sp=SPBzwrH%2BtMy9H%2FS7Tyg%2BeWQ%3D%3D
2285,2025_TNCSF_606799_1,[Labour Contract  for  Dorr Clarifier Bottom Compartment Side Concrete Filling Work Through Air Compressor ],20-Sep-2025 01:00 PM,Department of Sugar||TIRUTTANI COOPERATIVE SUGAR MILLS LTD,03-Oct-2025 02:00 PM,https://etender.up.nic.in/nicgep/app?component=%24DirectLink_0&page=FrontEndAdvancedSearchResult&service=direct&session=T&sp=S1yC8J7jPtNU6UoeW%2BKOeeQ%3D%3D
2286,2025_EB_585647_1,[Hiring of 1.No diesel driven Van/Jeep for the official use of the Assistant Executive Engineer / Lines / Singarapet.],25-Jul-2025 06:00 PM,TNEB Limited||TANTRANSCO||CE-System Operation-Chennai - TANTRANSCO||SE-Operation-Tiruvalam - TANTRANSCO,03-Oct-2025 02:00 PM,https://tntenders.gov.in/nicgep/app?component=%24DirectLink&page=FrontEndLatestActiveCorrigendums&service=direct&session=T&sp=SXzJiRDy9yF4ipfojrRU%2F7w%3D%3D
2287,2025_EB_607552_1,[Improvement works in urban north subdivision of Urban Division],22-Sep-2025 06:15 PM,TNEB Limited||TANGEDCO||CE-Tirunelveli - TANGEDCO||SE-Tuticorin - TANGEDCO,08-Oct-2025 02:00 PM,https://etender.up.nic.in/nicgep/app?component=%24DirectLink_0&page=FrontEndAdvancedSearchResult&service=direct&session=T&sp=S%2B7fcCPM6JxD0k3WFdaj%2BPg%3D%3D
2288,2025_TNPL_607431_1,[PROVIDING COVER SLAB INFRONT OF LIMEKILN MCC DRAIN AND 15 MLD ETP AT TNPL UNIT II ],22-Sep-2025 06:00 PM,Tamilnadu Newsprint and Papers Limited||TNPL Unit-2||TNPL TOS,06-Oct-2025 03:00 PM,https://etender.up.nic.in/nicgep/app?component=%24DirectLink_0&page=FrontEndAdvancedSearchResult&service=direct&session=T&sp=ShMxvhZFB8LMm84KR0P95kw%3D%3D
2289,2025_CoC_606402_1,"[Demolition and Reconstn of SWD of size 600x750mm at Lakshmi Garden,SS Kovil St(Part),Lalith Ave Extn,Subhashree Ngr Extn,3-7th Mn Rd, Cholan St and Various Streets in Dn156 and size 900x900mm at Dr.Ambedkar Ngr 1st Mn Rd in Dn157,Z12]",25-Sep-2025 06:00 PM,"Corporation of Chennai||Regional office South,CoC",03-Oct-2025 03:00 PM,https://etender.up.nic.in/nicgep/app?component=%24DirectLink_0&page=FrontEndAdvancedSearchResult&service=direct&session=T&sp=SDLglw0MW9WzcliYE4KM59g%3D%3D
2290,2025_EB_607126_1,[Works Contract for Rural Panapakkam Section.],22-Sep-2025 09:00 AM,TNEB Limited||TANGEDCO||CE-Distribution-Vellore - TANGEDCO||SE-Vellore - TANGEDCO,06-Oct-2025 02:00 PM,https://etender.up.nic.in/nicgep/app?component=%24DirectLink_0&page=FrontEndAdvancedSearchResult&service=direct&session=T&sp=S1j0Juf38KehuBfPCviV4gQ%3D%3D
2291,2025_RDTN_610044_1,[Providing CC Road From Keel Salakadu 1st Street at Perapansolai Namagiripet Block of Namakkal District  under AGAMT 25-26],29-Sep-2025 03:00 PM,"Rural Development and Panchayat Raj Department||Namakkal,RD,TN||NAMAGIRIPET, NAMAKKAL,RD,TN",07-Oct-2025 03:00 PM,https://etender.up.nic.in/nicgep/app?component=%24DirectLink_0&page=FrontEndAdvancedSearchResult&service=direct&session=T&sp=SDNtc7QuPDTNBAAON7joCdQ%3D%3D
2292,2025_DTP_608798_5,"[15th - Providing CC Road, Pipe Culvert and Strom Water Drain at Kollamettu Mellandai and Kizhandai Street in  Uthiramerur Town Panchayat .]",26-Sep-2025 02:45 PM,Directorate of Town Panchayats||Kancheepuram Zone||Uthiramerur Town Panchayat,30-Sep-2025 03:00 PM,https://etender.up.nic.in/nicgep/app?component=%24DirectLink_0&page=FrontEndAdvancedSearchResult&service=direct&session=T&sp=S3j9M7CBMP1ZhX50zJQQrng%3D%3D
2293,2025_RDTN_607986_1,[PROVIDING OF CEMENT CONCRETE PAVEMENT AT SHOLADAMATTAM VILLAGE H/O BANDISHOLAI PANCHAYAT],24-Sep-2025 09:00 AM,"Rural Development and Panchayat Raj Department||The Nilgiris,RD,TN||UTHAGAMANDALAM, THE NILGIRIS,RD,TN",30-Sep-2025 03:00 PM,https://etender.up.nic.in/nicgep/app?component=%24DirectLink_0&page=FrontEndAdvancedSearchResult&service=direct&session=T&sp=SJDDW6fv3kcSUXaLCC5yo5Q%3D%3D
2294,2025_DTP_609882_1,"[Construction of Grama Saba Paltform at Ward No 15 Navampatti Near Koil in Illuppur Town Panchayat, Pudhukottai District]",29-Sep-2025 09:00 AM,"Directorate of Town Panchayats||Tiruchirappalli Zone||Iluppur Town Panchayat, Pudukkottai",07-Oct-2025 03:00 PM,https://etender.up.nic.in/nicgep/app?component=%24DirectLink_0&page=FrontEndAdvancedSearchResult&service=direct&session=T&sp=S%2FBqr6vpTJpN1q42VvcqqYA%3D%3D
2295,2025_RDTN_609289_1,[Tirunelveli District-Providing Paver Block at Melakallikulam to Kallikulam Panakudi road in T.Kallikulam Panchayat in Radhapuram Panchayat union],26-Sep-2025 06:00 PM,"Rural Development and Panchayat Raj Department||Tirunelveli,RD,TN",14-Oct-2025 03:00 PM,https://etender.up.nic.in/nicgep/app?component=%24DirectLink_0&page=FrontEndAdvancedSearchResult&service=direct&session=T&sp=Sxxjoff0%2Bz1KUI0RKarykxw%3D%3D
2296,2025_RDTN_609196_1,[VELLORE DISTRICT Providing New Borewell with 7.5HP Motor and specials and Pumping main  line at Varathalampattu near Marriyamman Kovil in Varathalampattu  Panchayat ANAICUT BLOCK 15 CFC  DP 2025-2026  PACKAGE NO 02],26-Sep-2025 04:00 PM,"Rural Development and Panchayat Raj Department||Vellore,RD,TN||ANAICUT, VELLORE,RD,TN",06-Oct-2025 03:00 PM,https://etender.up.nic.in/nicgep/app?component=%24DirectLink_0&page=FrontEndAdvancedSearchResult&service=direct&session=T&sp=Se%2BsbpHPMC%2FroDzxX8dV8yg%3D%3D
2297,2025_CoC_609801_1,"[Construction of Skating Area , Gazebo and Erection of Electrical Posts with LED Lights in New Colony Playfield at AVM Avenue 2nd main road in Div-128, Unit-29, Zone-10]",27-Sep-2025 06:55 PM,"Corporation of Chennai||Regional office Central ,CoC",03-Oct-2025 03:00 PM,https://etender.up.nic.in/nicgep/app?component=%24DirectLink_0&page=FrontEndAdvancedSearchResult&service=direct&session=T&sp=SaAjka9UgxrF01cxpPN2haA%3D%3D
2298,2025_CTNC_598014_1,[Establishing and Managing the Campaign Cell for Clean Tamil Nadu Company Limited ],28-Aug-2025 06:00 PM,Clean Tamil Nadu Company Limited,08-Oct-2025 03:00 PM,https://tntenders.gov.in/nicgep/app?component=%24DirectLink&page=FrontEndLatestActiveCorrigendums&service=direct&session=T&sp=S5Yqaj76NvmhP7Sn%2Fuqbmng%3D%3D
2299,2025_EB_608461_1,[Dindigul EDC - Supply of SEC 20.5 SWG],24-Sep-2025 06:00 PM,TNEB Limited||TANGEDCO||CE-Distribution-Madurai - TANGEDCO||SE-Dindugal - TANGEDCO,09-Oct-2025 03:00 PM,https://etender.up.nic.in/nicgep/app?component=%24DirectLink_0&page=FrontEndAdvancedSearchResult&service=direct&session=T&sp=SiIHwgnr49TfIYSgE6sMimw%3D%3D
2300,2025_DTP_608518_1,[2nd-Retender - 15thFC 2nd Installment - 2025-2026 - 360],24-Sep-2025 06:55 PM,"Directorate of Town Panchayats||Salem Zone||Omalur Town Panchayat, Salem",03-Oct-2025 03:00 PM,https://etender.up.nic.in/nicgep/app?component=%24DirectLink_0&page=FrontEndAdvancedSearchResult&service=direct&session=T&sp=SZslph04YOuo91iE6ZVHA6w%3D%3D
2301,2025_RDTN_608823_1,[Vellore district  Construction of  Cement Concrete  Drainage and cover slab   in ottapalayam pillaiayar kovil street vallam  Panchayat in Kaniyambadi Block General Fund 2025-26 PACKAGE NO 30],25-Sep-2025 05:00 PM,"Rural Development and Panchayat Raj Department||Vellore,RD,TN||KANIAMBADI, VELLORE,RD,TN",10-Oct-2025 03:00 PM,https://etender.up.nic.in/nicgep/app?component=%24DirectLink_0&page=FrontEndAdvancedSearchResult&service=direct&session=T&sp=S3Zk4N28Zw2Wiz5NfLlg0Pw%3D%3D
2302,2025_MAWS_601332_1,[Repair and Maintenance and Provision of Furniture Items  at Moolimangalam Municipal Middle School in Pugalur Municipality],08-Sep-2025 09:00 AM,MAWS||Pugalur Municipality,07-Oct-2025 03:00 PM,https://tntenders.gov.in/nicgep/app?component=%24DirectLink&page=FrontEndLatestActiveCorrigendums&service=direct&session=T&sp=Sj4bitlgCl7YvNoSGhKeaZw%3D%3D
2303,2025_TNPL_608407_1,[Dismantling of existing damaged roof sheet and Re-fixing of roof sheet in BM No.4 (above 23mtr) during annual shutdown at TNPL Unit II],24-Sep-2025 05:30 PM,Tamilnadu Newsprint and Papers Limited||TNPL Unit-1||TNPL Projects,03-Oct-2025 03:00 PM,https://etender.up.nic.in/nicgep/app?component=%24DirectLink_0&page=FrontEndAdvancedSearchResult&service=direct&session=T&sp=SPdb5V%2B7q8n%2BytzKx5RbiaA%3D%3D
2304,2025_HWAY_599439_1,[TN 24 25 26 Dharapuram Division TPR 055],02-Sep-2025 05:30 PM,Highways||Construction and Maintenance Wing||Tiruppur Circle,09-Oct-2025 10:45 AM,https://etender.up.nic.in/nicgep/app?component=%24DirectLink_0&page=FrontEndAdvancedSearchResult&service=direct&session=T&sp=SnwD6jBbi2b%2FPNh9v6Nrlqw%3D%3D
2305,2025_EB_601904_1,"[Fabrication, manufacture, supply, erection, testing and commissioning of 33/11 KV SS with 1X8 MVA PrTr, associated equipments, accessories, control panels etc. at Seevalapperi and 33KV bay extn at 110/33/11 KV Gangaikondan SS in Tirunelveli EDC.]",09-Sep-2025 12:00 PM,TNEB Limited||TANGEDCO||CE-Tirunelveli - TANGEDCO,09-Oct-2025 03:00 PM,https://tntenders.gov.in/nicgep/app?component=%24DirectLink&page=FrontEndLatestActiveCorrigendums&service=direct&session=T&sp=SIS30Ab54SEgATETFSjoUhQ%3D%3D
2306,2025_TNPL_601461_1,[Secondary Fan Pump Base Strengthening at PM 1 - Mechanical in TNPL Unit - I],08-Sep-2025 05:30 PM,Tamilnadu Newsprint and Papers Limited||TNPL Unit-1||TNPL TOS,30-Sep-2025 03:00 PM,https://tntenders.gov.in/nicgep/app?component=%24DirectLink&page=FrontEndLatestActiveCorrigendums&service=direct&session=T&sp=SA15fyphwpRq5W3KVKx1YKw%3D%3D
2307,2025_HWAY_597769_1,"[Widening, Strengthening, and Pipe Culvert works to theGovernment roads in Nagapattinam H CandM Subdivision Jurisdiction TNJ- 47]",01-Sep-2025 03:00 PM,Highways||Construction and Maintenance Wing||Thanjavur Circle,07-Oct-2025 11:30 AM,https://etender.up.nic.in/nicgep/app?component=%24DirectLink_0&page=FrontEndAdvancedSearchResult&service=direct&session=T&sp=SjOflS%2BIcCch8E9Rax%2Br73Q%3D%3D
2308,2025_RDTN_608824_1,[Vellore District Construction of Kitchenshed (Type-II) at Karnambut Govt Higher Secondary School at Karnambut Panchayat in Katpadi Block PMGRST 2025-26 Package No 05],25-Sep-2025 05:00 PM,"Rural Development and Panchayat Raj Department||Vellore,RD,TN||KATPADI, VELLORE,RD,TN",07-Oct-2025 03:00 PM,https://etender.up.nic.in/nicgep/app?component=%24DirectLink_0&page=FrontEndAdvancedSearchResult&service=direct&session=T&sp=SH7DTp%2FbG85yqucgNp%2FiVnw%3D%3D
2309,2025_EB_609300_1,[Procurement of 3000 set Stay Set Complete],26-Sep-2025 05:45 PM,TNEB Limited||TANGEDCO||CE-Distribution-Coimbatore - TANGEDCO||SE-Coimbatore-North - TANGEDCO,10-Oct-2025 02:00 PM,https://etender.up.nic.in/nicgep/app?component=%24DirectLink_0&page=FrontEndAdvancedSearchResult&service=direct&session=T&sp=SFPmy5rnNAzhYE3eJaa6I%2BA%3D%3D
2310,2025_MAWS_607590_1,[Labour charges for Borewell motor and Valve operation in Unskilled labour on contract basis in Attur Municipality],22-Sep-2025 06:30 PM,MAWS||Attur Municipality,29-Sep-2025 06:00 PM,https://etender.up.nic.in/nicgep/app?component=%24DirectLink_0&page=FrontEndAdvancedSearchResult&service=direct&session=T&sp=S7cL4hJQiF24osOXrrpBJcA%3D%3D
2311,2025_MAWS_609562_1,[E4/097/2024/General Fund - 2024-2025/ NNT 1 works 30.09.2025],27-Sep-2025 04:10 PM,MAWS||Padmanabapuram Municipality,30-Sep-2025 03:00 PM,https://etender.up.nic.in/nicgep/app?component=%24DirectLink_0&page=FrontEndAdvancedSearchResult&service=direct&session=T&sp=S72XDGFPl9SXKyxn3HqSZTw%3D%3D
2312,2025_MAWS_609499_1,[15TH CFC HEALTH GRANT 2025-26],27-Sep-2025 12:20 PM,MAWS||Karumathampatti Municipality,07-Oct-2025 03:00 PM,https://etender.up.nic.in/nicgep/app?component=%24DirectLink_0&page=FrontEndAdvancedSearchResult&service=direct&session=T&sp=Syalu5DUfHbqvbmM8ze0iEw%3D%3D
2313,2025_HWAY_609395_1,[Upgradation of Panchayat Union / Panchayat Roads to Other District Roads (SLM-39)],27-Sep-2025 11:00 AM,Highways||NABARD and Rural Roads||Salem,14-Oct-2025 11:00 AM,https://etender.up.nic.in/nicgep/app?component=%24DirectLink_0&page=FrontEndAdvancedSearchResult&service=direct&session=T&sp=S4DesoVHo24kVvKLJD%2BTncg%3D%3D
2314,2025_RDTN_607470_1,"[Providing  Paver Block road at pethanadarpatti east street ayyakovil south side east west,west and south street in Pethanadarpatti Panchayat , Keelapavoor Panchayat Union15 th CFC (Dt.pt) Untied 2025-2026]",22-Sep-2025 05:00 PM,Rural Development and Panchayat Raj Department||Tenkasi RD TN||Keezhapavur Tenkasi RD TN,30-Sep-2025 03:00 PM,https://etender.up.nic.in/nicgep/app?component=%24DirectLink_0&page=FrontEndAdvancedSearchResult&service=direct&session=T&sp=SE8ucsRpQlxi06As3our3Bw%3D%3D
2315,2025_TWAD_593252_1,[Replacement of existing of 1100mm PSC pipes with MS pipe Replacement of PSC pipes with various size of DI pipes under Retrofitting of Attur Narasingapuram CWSS in Salem district Under Revamping for the year 2025-26 2nd call ],19-Aug-2025 09:00 AM,TWAD||CE-WR/Coimbatore,30-Sep-2025 03:00 PM,https://tntenders.gov.in/nicgep/app?component=%24DirectLink&page=FrontEndLatestActiveCorrigendums&service=direct&session=T&sp=S3%2BPDO%2FgxpVjoGsZRUOwTIw%3D%3D
2316,2025_EB_608005_1,[MTPS I BM Unit III Boiler pressure parts AOH 2025 Rectification Replacement of defective tubes in LTSH Coils Economizer hanger at boiler IInd pass area],23-Sep-2025 05:30 PM,TNEB Limited||TANGEDCO||CE-MTPS-I - TANGEDCO||SE-Mechanical Maintenance I-MTPS-I - TANGEDCO,07-Oct-2025 02:00 PM,https://etender.up.nic.in/nicgep/app?component=%24DirectLink_0&page=FrontEndAdvancedSearchResult&service=direct&session=T&sp=STb0rrr%2BMXkRmLrG80kbN6A%3D%3D
2317,2025_DTP_609596_1,[Providing Footpath with Sidewall at Sakkalatty],27-Sep-2025 05:00 PM,"Directorate of Town Panchayats||Udhagamandalam||Keti Town Panchayat, The Nilgiris",30-Sep-2025 03:00 PM,https://etender.up.nic.in/nicgep/app?component=%24DirectLink_0&page=FrontEndAdvancedSearchResult&service=direct&session=T&sp=S9QOLz1KvOm%2F2ywgL5wTY1A%3D%3D
2318,2025_EB_609255_1,[TP1-97/2025-26],26-Sep-2025 05:30 PM,TNEB Limited||TANTRANSCO||CE-Transmission Projects-I-Chennai - TANTRANSCO,09-Oct-2025 02:00 PM,https://etender.up.nic.in/nicgep/app?component=%24DirectLink_0&page=FrontEndAdvancedSearchResult&service=direct&session=T&sp=S%2Fk%2FiEAMvFifK5qawKpXeNQ%3D%3D
2319,2025_TNRDC_605551_1,[Rectification of Footpath and service road paver blocks disturbed by CMWSSB for  laying of 500mm dia Water main DI pipe (footpath alignment) from km 10.000 to 12.000 (RHS) ie Karapakkam to Sholinganallur of Rajiv Gandhi Salai (OMR)],18-Sep-2025 06:00 PM,TamilNadu Road Development Company Limited(TNRDC),06-Oct-2025 03:00 PM,https://etender.up.nic.in/nicgep/app?component=%24DirectLink_0&page=FrontEndAdvancedSearchResult&service=direct&session=T&sp=SA%2FQHdOR2gmxSYbD1vKBtOw%3D%3D
2320,2025_HWAY_595598_1,[CRIDP 2025 - 2026],25-Aug-2025 06:00 PM,Highways||Construction and Maintenance Wing||Coimbatore Circle,09-Oct-2025 10:30 AM,https://etender.up.nic.in/nicgep/app?component=%24DirectLink_0&page=FrontEndAdvancedSearchResult&service=direct&session=T&sp=SFOEReRF7dvwIB5TflMfN2w%3D%3D
2321,2025_MAWS_605451_43,[CUDDALORE CORPORATION - Maintenance and Repair work to Public toilet at  ward no 44],19-Sep-2025 04:00 PM,MAWS||Cuddalore Municipality,30-Sep-2025 03:00 PM,https://etender.up.nic.in/nicgep/app?component=%24DirectLink_0&page=FrontEndAdvancedSearchResult&service=direct&session=T&sp=S3Ja4fo6c9Z2zmCoNCieGdQ%3D%3D
2322,2025_EB_606839_1,[Works Contract for laying of UG Cable and           Erection of HT/LT line and  DPs to the proposed Vadugapatty      22 KV feeder from  Iveli  110/22KV  Sub Station At Rural                   Sankari section of Sankari division],20-Sep-2025 05:30 PM,TNEB Limited||TANGEDCO||CE-Distribution-Erode - TANGEDCO||SE-Mettur - TANGEDCO,04-Oct-2025 11:00 AM,https://etender.up.nic.in/nicgep/app?component=%24DirectLink_0&page=FrontEndAdvancedSearchResult&service=direct&session=T&sp=S0wQdWY7TR9avtY7EtdkOKg%3D%3D
2323,2025_RDTN_608528_1,[Renovation of Primary Health center building at Eppodhuvendran Village and Panchayat],24-Sep-2025 06:50 PM,"Rural Development and Panchayat Raj Department||Thoothukudi,RD,TN||OTTAPIDARAM, THOOTHUKUDI,RD,TN",29-Sep-2025 06:50 PM,https://etender.up.nic.in/nicgep/app?component=%24DirectLink_0&page=FrontEndAdvancedSearchResult&service=direct&session=T&sp=S%2BU%2FDgio6V4UpNkSFqFMHMA%3D%3D
2324,2025_RDTN_608554_5,[Construction of Drainage and Culvert at Mettu Street in Kilsithamur panchayat under 15th CFC D.P-25-26],25-Sep-2025 09:00 AM,"Rural Development and Panchayat Raj Department||Villupuram,RD,TN||MARAKKANAM, VILLUPURAM,RD,TN",30-Sep-2025 03:00 PM,https://etender.up.nic.in/nicgep/app?component=%24DirectLink_0&page=FrontEndAdvancedSearchResult&service=direct&session=T&sp=SnImB%2FKLklQ%2B6yc141f1sMw%3D%3D
2325,2025_DTP_609726_1,[Madathukulam Town Panchayat Construction of compound wall at ward no 1 Krishnapuram 1 lakh liter OHT ward no 16 Agathiyar Nagar 3 lakh liter OHT],27-Sep-2025 06:00 PM,"Directorate of Town Panchayats||Erode Zone||Sankararamanallur Town Panchayat, Tiruppur",03-Oct-2025 03:00 PM,https://etender.up.nic.in/nicgep/app?component=%24DirectLink_0&page=FrontEndAdvancedSearchResult&service=direct&session=T&sp=Sglwz%2Fs4G4ylm8TCZ2S6jYw%3D%3D
2326,2025_ROCS_598474_1,[construction of 1000MTs Capacity Godown Thandrampettu],02-Sep-2025 09:00 AM,Registrar of Cooperative Societies||Joint Registrar of Cooperative Societies Thiruvannamalai||HH 610 THANDARAMPATTU FSCO,30-Sep-2025 03:00 PM,https://tntenders.gov.in/nicgep/app?component=%24DirectLink&page=FrontEndLatestActiveCorrigendums&service=direct&session=T&sp=Sv7FPhO7visDfB0sGUT%2BU1w%3D%3D
2327,2025_HWAY_605793_1,[Special Repairs to the Government roads in Sirkali H CandM sub division Juristisication TNJ74],18-Sep-2025 06:45 PM,Highways||Construction and Maintenance Wing||Thanjavur Circle,07-Oct-2025 11:30 AM,https://etender.up.nic.in/nicgep/app?component=%24DirectLink_0&page=FrontEndAdvancedSearchResult&service=direct&session=T&sp=Sn%2FcOFSv3digMga%2Fiza7aIg%3D%3D
2328,2025_MAWS_610043_1,[Tiruppur Corporation_SFC O and M_Maintenance and Repairing Work at Pichampalayam Pudhur Corporation Elementary School in Ward No 16],29-Sep-2025 03:00 PM,MAWS||Trippur City Municipal Corporation,08-Oct-2025 03:00 PM,https://etender.up.nic.in/nicgep/app?component=%24DirectLink_0&page=FrontEndAdvancedSearchResult&service=direct&session=T&sp=SxZPoE2bgWhJdRb%2FwtksTiQ%3D%3D
2329,2025_DTP_608265_1,[Vadipatti Town Panchayat Improvement of Park and light Arrgements At infrunt of Crematorium in Vadipatti Town Panchayat],24-Sep-2025 12:00 PM,"Directorate of Town Panchayats||Madurai Zone||Vadipatti Town Panchayat, Madurai",30-Sep-2025 03:00 PM,https://etender.up.nic.in/nicgep/app?component=%24DirectLink_0&page=FrontEndAdvancedSearchResult&service=direct&session=T&sp=SKXaFYzlRbiM6nCCZ7LpD7A%3D%3D
2330,2025_DTP_607084_1,[15th Finance 2025-26 II Phase],20-Sep-2025 05:50 PM,Directorate of Town Panchayats||Nagercoil Zone||Azhagiapandiapuram Town Panchayat,30-Sep-2025 03:00 PM,https://etender.up.nic.in/nicgep/app?component=%24DirectLink_0&page=FrontEndAdvancedSearchResult&service=direct&session=T&sp=SPj7k8RmVOZsdJQmD9Ke8yg%3D%3D
2331,2025_MAWS_607533_8,[15th CFC 2025-26 Tied WS Construction of Valve pit with Iron Top for Water Supply Distribution network],23-Sep-2025 11:00 AM,MAWS||Kadayanallur Municipality,06-Oct-2025 03:00 PM,https://etender.up.nic.in/nicgep/app?component=%24DirectLink_0&page=FrontEndAdvancedSearchResult&service=direct&session=T&sp=SEVgbnLNkwwidM5wTBHoXIw%3D%3D
2332,2025_HWAY_609186_1,[Upgradation of Panchayat Union / Panchayat Roads to Other District Roads (SLM-6)],27-Sep-2025 11:00 AM,Highways||NABARD and Rural Roads||Salem,14-Oct-2025 11:00 AM,https://etender.up.nic.in/nicgep/app?component=%24DirectLink_0&page=FrontEndAdvancedSearchResult&service=direct&session=T&sp=SG01nC8CSgYoLe4Bl%2BzUcqg%3D%3D
2333,2025_DTP_607481_1,[Providing Metal Beam Crash Barrier at  ward no 15 Nadar Street and keelaodai street Junction Near Santhaithoppu  in  Aundipatti  Town Panchayat],22-Sep-2025 04:30 PM,Directorate of Town Panchayats||Theni Zone||Andipatti Town Panchayat - Theni,07-Oct-2025 03:00 PM,https://etender.up.nic.in/nicgep/app?component=%24DirectLink_0&page=FrontEndAdvancedSearchResult&service=direct&session=T&sp=SMpzfukUA%2Fa4cwdwDjGgkeQ%3D%3D
2334,2025_DTP_609845_1,[15TH CFC 1ST 2025-26 ILANJI  UNTIED ],28-Sep-2025 09:00 AM,Directorate of Town Panchayats||Tirunelveli Zone||Puthur S Town Panchayat,30-Sep-2025 03:00 PM,https://etender.up.nic.in/nicgep/app?component=%24DirectLink_0&page=FrontEndAdvancedSearchResult&service=direct&session=T&sp=SvRVzEJwcERe8nPrtGDo8fA%3D%3D
2335,2025_RDTN_609528_1,[Providing CC Check Dam at Alavanthankulam Marukal Odai in Pallikottai Panchayat],27-Sep-2025 02:00 PM,"Rural Development and Panchayat Raj Department||Tirunelveli,RD,TN||MANUR, TIRUNELVELI,RD,TN",06-Oct-2025 03:00 PM,https://etender.up.nic.in/nicgep/app?component=%24DirectLink_0&page=FrontEndAdvancedSearchResult&service=direct&session=T&sp=SSXoPtFQAN4DdIcrNNmWi6w%3D%3D
2336,2025_EB_595585_1,"[Three phase four wire                   240V, -/5A LTCT Operated Smart  Energy  Meters of Class  0.5s Accuracy cat D3]",21-Aug-2025 05:05 PM,TNEB Limited||TANGEDCO||CE-Material Management - TANGEDCO,08-Oct-2025 02:00 PM,https://tntenders.gov.in/nicgep/app?component=%24DirectLink&page=FrontEndLatestActiveCorrigendums&service=direct&session=T&sp=SjSjMWzQN%2Bebz%2BFAyHYf5yw%3D%3D
2337,2025_TAMBC_605080_1,[Construction of 1000MT Storage Godown at Tindivanam RM in Villupuram  District.],17-Sep-2025 01:15 PM,Tamilnadu State Agricultural Marketing Board Chennai,06-Oct-2025 05:45 PM,https://tntenders.gov.in/nicgep/app?component=%24DirectLink&page=FrontEndLatestActiveCorrigendums&service=direct&session=T&sp=Sm8d4BiKptk0BROZ5N30Ubw%3D%3D
2338,2025_EB_608743_1,[Erection of 110 kV DC line on DC Towers by making LILO of the existing Uludurpet - Thiyagadurgam feeder  at the proposed Elavanasurkottai in Pinnalvadi 110 22 kV SS with supply of all materials],25-Sep-2025 05:00 PM,TNEB Limited||TANTRANSCO||CE-Transmission Projects-II-Trichy - TANTRANSCO||SE-GCC-Trichy - TANTRANSCO,14-Oct-2025 02:00 PM,https://etender.up.nic.in/nicgep/app?component=%24DirectLink_0&page=FrontEndAdvancedSearchResult&service=direct&session=T&sp=SY5HxSwbdeJ6v6He0jHYviA%3D%3D
2339,2025_DTP_609533_1,[Providing paver block road at Ward No7 Matharsanga street in ThiruvengadamTownpanchayat.],27-Sep-2025 12:30 PM,Directorate of Town Panchayats||Tirunelveli Zone||Thiruvenkatam Town Panchayat,06-Oct-2025 03:00 PM,https://etender.up.nic.in/nicgep/app?component=%24DirectLink_0&page=FrontEndAdvancedSearchResult&service=direct&session=T&sp=SFgrLVVlcZv%2BXZzuseh1B1A%3D%3D
2340,2025_MAWS_609489_1,[EAUCTION FOR WEEKLY MARKET SHOP NO 26],27-Sep-2025 01:00 PM,MAWS||Vellakoil Municipality,10-Oct-2025 11:00 AM,https://etender.up.nic.in/nicgep/app?component=%24DirectLink_0&page=FrontEndAdvancedSearchResult&service=direct&session=T&sp=SkAvmiuQuTR%2Bi3d7XK%2FKjLw%3D%3D
2341,2025_RDTN_608723_1,[Vellore district Providing CC Pavement at Sivan kovil street in  Mothakal Panchayat  in Kaniyambadi Block General Fund 2025-26 PACKAGE NO 15],25-Sep-2025 02:00 PM,"Rural Development and Panchayat Raj Department||Vellore,RD,TN||KANIAMBADI, VELLORE,RD,TN",10-Oct-2025 03:00 PM,https://etender.up.nic.in/nicgep/app?component=%24DirectLink_0&page=FrontEndAdvancedSearchResult&service=direct&session=T&sp=SDhi7M2wQDDiYmpPJxQ794Q%3D%3D
2342,2025_MAWS_609338_2,[Supply and Fixing of new starter delta Pannel Board in Pothigadi and Ottan kulam Pumping Station at Vickiramasingapuram Municipality],27-Sep-2025 09:00 AM,MAWS||Vikramasingapuram Municipality,06-Oct-2025 03:00 PM,https://etender.up.nic.in/nicgep/app?component=%24DirectLink_0&page=FrontEndAdvancedSearchResult&service=direct&session=T&sp=Srde7l1ufpPs%2BLsJI%2Bp0kSg%3D%3D
2343,2025_HWAY_605782_1,[Non Plan 2025-26],22-Sep-2025 06:00 PM,Highways||Construction and Maintenance Wing||Coimbatore Circle,09-Oct-2025 10:30 AM,https://etender.up.nic.in/nicgep/app?component=%24DirectLink_0&page=FrontEndAdvancedSearchResult&service=direct&session=T&sp=SuDKrouY1sH9XV7kokpv%2BRQ%3D%3D
2344,2025_MAWS_608030_1,[Construction of under ground drainage arrangements at sonaiah nagar west 1st street 1st and 2nd cross street in ward 88],24-Sep-2025 09:00 AM,MAWS||Madurai Municipal Corporation,06-Oct-2025 03:00 PM,https://etender.up.nic.in/nicgep/app?component=%24DirectLink_0&page=FrontEndAdvancedSearchResult&service=direct&session=T&sp=SCGX7PqF3t%2FC%2FMBIquOnIUA%3D%3D
2345,2025_TNPL_606364_1,[PROCUREMENT OF LIME KANKAR-HIGH GRADE ],19-Sep-2025 06:55 PM,Tamilnadu Newsprint and Papers Limited||TNPL Unit-1||TNPL Purchase,03-Oct-2025 03:00 PM,https://etender.up.nic.in/nicgep/app?component=%24DirectLink_0&page=FrontEndAdvancedSearchResult&service=direct&session=T&sp=SsC9Sht5mJfH0iVUSnEaHSQ%3D%3D
2346,2025_RDTN_608129_1,[Construction of Mathi Experience Store in Reddiyarpatti Village Panchayat at Survey No 194-1 Govt Land Palayamkottai Panchayat Union Mathi 2025-26],24-Sep-2025 09:00 AM,"Rural Development and Panchayat Raj Department||Tirunelveli,RD,TN||PALAYAMKOTTAI, TIRUNELVELI,RD,TN",30-Sep-2025 03:00 PM,https://etender.up.nic.in/nicgep/app?component=%24DirectLink_0&page=FrontEndAdvancedSearchResult&service=direct&session=T&sp=SvcA%2FYl5QN1GhgiRG4VifVA%3D%3D
2347,2025_RDTN_609287_2,[Providing Cement Concrete Pavement at Thirumalaiyur Nesavar 6th Street in Mullipadi Panchayat.],27-Sep-2025 09:00 AM,"Rural Development and Panchayat Raj Department||Trichirapalli,RD,TN||THOTTIYAM, THIRUCHIRAPALLI,RD,TN",14-Oct-2025 04:00 PM,https://etender.up.nic.in/nicgep/app?component=%24DirectLink_0&page=FrontEndAdvancedSearchResult&service=direct&session=T&sp=SdsoJHhgwToQNxNd6OfZ%2FXA%3D%3D
2348,2025_HWAY_608556_1,[TN No 55 2025 26 HDO Dt 19 09 2025 TVM 164],26-Sep-2025 11:00 AM,Highways||Construction and Maintenance Wing||Tiruvannamalai Circle,16-Oct-2025 11:00 AM,https://etender.up.nic.in/nicgep/app?component=%24DirectLink_0&page=FrontEndAdvancedSearchResult&service=direct&session=T&sp=SNmMn2MsWq%2B97oxPdDxBRpg%3D%3D
2349,2025_MAWS_607228_1,[GENERAL FUND-2025-2026-Repair and Maintanace of  Drain at Ward No.16 Pioneer estate Area in Karamadai Municipality],22-Sep-2025 09:00 AM,MAWS||Karamadai Municipality,30-Sep-2025 03:00 PM,https://etender.up.nic.in/nicgep/app?component=%24DirectLink_0&page=FrontEndAdvancedSearchResult&service=direct&session=T&sp=SGLjhMMiEslF8cwPvOLCq%2Fw%3D%3D
2350,2025_DTP_609885_1,[Providing  150mm dia borewell and Syntax Tank at Ward No 14 in Illuppur Town Panchayat Pudukkottai District under MLA Fund 2025-2026],29-Sep-2025 09:00 AM,"Directorate of Town Panchayats||Tiruchirappalli Zone||Iluppur Town Panchayat, Pudukkottai",07-Oct-2025 03:00 PM,https://etender.up.nic.in/nicgep/app?component=%24DirectLink_0&page=FrontEndAdvancedSearchResult&service=direct&session=T&sp=S3olLN3PBj9uSunkXhdEvYw%3D%3D
2351,2025_DMA_609966_8,[Supply and Delivery of Liquid Chlorine for Thiruneermalai and Anakaputhur in Zone No.01 TCMC],29-Sep-2025 01:00 PM,Directorate Of Municipal Administration||Tambaram City Municipal Corporation,06-Oct-2025 03:00 PM,https://etender.up.nic.in/nicgep/app?component=%24DirectLink_0&page=FrontEndAdvancedSearchResult&service=direct&session=T&sp=SIcp4%2BPjKTnrTCWtykFb8Rw%3D%3D
2352,2025_DTP_609558_1,"[Sholur TP - School Improvement Scheme - 6th CFC - 2025-2026 - Repairing Damaged Doors,Windows, Flooring, Wall Plastering and Painting to School Building at Government Higher Secondary School at Nagarthanai.]",27-Sep-2025 01:00 PM,"Directorate of Town Panchayats||Udhagamandalam||Sholur Town Panchayat, The Nilgiris",09-Oct-2025 03:00 PM,https://etender.up.nic.in/nicgep/app?component=%24DirectLink_0&page=FrontEndAdvancedSearchResult&service=direct&session=T&sp=SfXL1eV6S6gZNoPP4iEC1FQ%3D%3D
2353,2025_MAWS_605903_1,[Operation and Maintainance for under Ground Sewage System (UGSS O AND M) FOR sEWER lEGTH OF 176.30 km and 27806 HSCs Manhole 7610 Under Smart City Package - 1 Area for 6 Months ],19-Sep-2025 06:55 PM,MAWS||Madurai Municipal Corporation,03-Oct-2025 03:00 PM,https://etender.up.nic.in/nicgep/app?component=%24DirectLink_0&page=FrontEndAdvancedSearchResult&service=direct&session=T&sp=SR6e1roSUQ5a0h9NWF48e6g%3D%3D
2354,2025_MAWS_604987_1,"[Tiruppur City Municipal Corporation_Maintenance and Special Repair works to MCC Centre at Shanthapettai I ,II in ward No.52.]",17-Sep-2025 01:00 PM,MAWS||Trippur City Municipal Corporation,30-Sep-2025 03:00 PM,https://tntenders.gov.in/nicgep/app?component=%24DirectLink&page=FrontEndLatestActiveCorrigendums&service=direct&session=T&sp=SATAnuigk%2FuOL946sn%2Bm41w%3D%3D
2355,2025_CoC_609728_1,"[PROVIDING VIEW CUTTER FOR EXISTING TNEB TRANSFORMER AT THIRUMANGALAM MAIN ROAD, AGATHIYAR NAGAR, THIRUNAGAR AND VARIOUS STREETS IN DIV-95, UNIT-21, ZONE-8 (UNDER MLA FUND)]",27-Sep-2025 05:00 PM,"Corporation of Chennai||Regional office Central ,CoC",09-Oct-2025 03:00 PM,https://etender.up.nic.in/nicgep/app?component=%24DirectLink_0&page=FrontEndAdvancedSearchResult&service=direct&session=T&sp=Sd%2FelIeVka4Ux3fnrunKpUw%3D%3D
2356,2025_EB_608372_1,[Dindigul EDC - works contract - Erection of new 11KV Vadamadurai feeder by bifurcating of the 11KV Puthur feeder and 11KV Ayyalur feeder from 110/11KV Vadamadurai SS to avoid overloading in Town/Vadamadurai section of South /Dindigul Division],24-Sep-2025 04:00 PM,TNEB Limited||TANGEDCO||CE-Distribution-Madurai - TANGEDCO||SE-Dindugal - TANGEDCO,03-Oct-2025 03:00 PM,https://etender.up.nic.in/nicgep/app?component=%24DirectLink_0&page=FrontEndAdvancedSearchResult&service=direct&session=T&sp=SJbud1W6Jw4BgE%2B1NDYCzcw%3D%3D
2357,2025_EB_608341_1,[ LT GI PIN],24-Sep-2025 03:30 PM,TNEB Limited||TANGEDCO||CE-Distribution-Erode - TANGEDCO||SE-Namakkal - TANGEDCO,09-Oct-2025 02:00 PM,https://etender.up.nic.in/nicgep/app?component=%24DirectLink_0&page=FrontEndAdvancedSearchResult&service=direct&session=T&sp=S2IcT56HAK3ihqUjIDN2XNg%3D%3D
2358,2025_HRCE_577777_1,"[MICRO CONCRETE WORK FOR COLUMN, BEAMS AND SLABS IN CHINNAKUMARAR MANDAPAM PORTION (UNDER GROUND) AT HILL TEMPLE]",04-Jul-2025 01:00 PM,Hindu Religious and Charitable Endowments||Joint Commissioner office - Dindukal||Arulmigu Dhandayuthapaniswamy Temple - Palani,30-Sep-2025 03:00 PM,https://tntenders.gov.in/nicgep/app?component=%24DirectLink&page=FrontEndLatestActiveCorrigendums&service=direct&session=T&sp=SqE9MSwr1tWQ5yTzq0C39Rw%3D%3D
2359,2025_CoC_609212_1,[PHVCDCNOM7/347/2025],26-Sep-2025 04:30 PM,"Corporation of Chennai||Head Quarters,CoC",13-Oct-2025 03:00 PM,https://etender.up.nic.in/nicgep/app?component=%24DirectLink_0&page=FrontEndAdvancedSearchResult&service=direct&session=T&sp=SvwcJ8A4PHmlN2IYPlB7ECg%3D%3D
2360,2025_EB_605341_1,[Construction of Sub Division and Section Office Building for Sub Division 2 ECHP 1 to the West of PCH 1 Building in ECHS area],17-Sep-2025 06:00 PM,TNEB Limited||TANGEDCO||CE-TTPS - TANGEDCO||SE-Civil-TTPS - TANGEDCO,07-Oct-2025 02:00 PM,https://etender.up.nic.in/nicgep/app?component=%24DirectLink_0&page=FrontEndAdvancedSearchResult&service=direct&session=T&sp=Sn%2FLEA3QwcoZiEyZeXgSQcQ%3D%3D
2361,2025_DTP_608782_1,[15 th Finance 2nd Untied  2024-25],25-Sep-2025 04:00 PM,"Directorate of Town Panchayats||Salem Zone||Senthamangalam Town Panchayat, Namakkal",30-Sep-2025 04:00 PM,https://etender.up.nic.in/nicgep/app?component=%24DirectLink_0&page=FrontEndAdvancedSearchResult&service=direct&session=T&sp=SCd37zCUjPfgdJowS9U4OGw%3D%3D
2362,2025_MAWS_607666_1,[Construction of Anganwadi Building in Ward 03 at Agazhi Street in Vandavasi Municipality],23-Sep-2025 10:00 AM,MAWS||Vandavasi Municipality,08-Oct-2025 03:00 PM,https://etender.up.nic.in/nicgep/app?component=%24DirectLink_0&page=FrontEndAdvancedSearchResult&service=direct&session=T&sp=S8w6nY55Pz0TFWS4tf4K%2BZQ%3D%3D
2363,2025_HWAY_604476_1,[TNV 109 Thuckalay  H C and M Sub Division],15-Sep-2025 06:50 PM,Highways||Construction and Maintenance Wing||Tirunelveli Circle,03-Oct-2025 02:00 PM,https://tntenders.gov.in/nicgep/app?component=%24DirectLink&page=FrontEndLatestActiveCorrigendums&service=direct&session=T&sp=Sz3P%2FkedpgGMcWdjsTbvI9A%3D%3D
2364,2025_TNSTC_608829_1,[Display of Advertisement in Rear body panel Below the wind screen glass and Below the Middle beading of both Left and Right side body panel as in enclosed diagram in 314 Nos Excluding AC Buses of Buses of Karur Region],25-Sep-2025 04:45 PM,Tamilnadu State Transport Corporation||Kumbakonam Corporation,03-Oct-2025 11:00 AM,https://tntenders.gov.in/nicgep/app?component=%24DirectLink&page=FrontEndLatestActiveCorrigendums&service=direct&session=T&sp=STNE05Mt9ZnNVfKKK9y6N8w%3D%3D
2365,2025_EB_601735_1,[Establishment of new 33/11kv ss at Kozhipuliyur(Electrical works) under turn key],11-Sep-2025 12:00 PM,TNEB Limited||TANGEDCO||CE-Thiruvannamalai - TANGEDCO,09-Oct-2025 02:00 PM,https://etender.up.nic.in/nicgep/app?component=%24DirectLink_0&page=FrontEndAdvancedSearchResult&service=direct&session=T&sp=S2wz%2BPxwmWlcMEnthCspS2Q%3D%3D
2366,2025_RDTN_609764_1,[VELLORE DISTRICT CONSTRUCTION OF TOILET BUILDING NEAR MUNISWARAN KOIL IN THONDANTHULASI PANCHAYAT KVKUPPAM BLOCK 15 CFC 2025-26 PACKAGE NO 04],27-Sep-2025 05:50 PM,"Rural Development and Panchayat Raj Department||Vellore,RD,TN||K.V.KUPPAM, VELLORE,RD,TN",06-Oct-2025 03:00 PM,https://etender.up.nic.in/nicgep/app?component=%24DirectLink_0&page=FrontEndAdvancedSearchResult&service=direct&session=T&sp=SBQqssZww%2BwZ2Kko%2FuR%2BEag%3D%3D
2367,2025_MAWS_605451_2,[CUDDALORE CORPORATION-PROVIDING CULVERT GUNDU SALAI IN WARD  02 IN CUDDALORE.                                                              ],18-Sep-2025 09:30 AM,MAWS||Cuddalore Municipality,30-Sep-2025 03:00 PM,https://etender.up.nic.in/nicgep/app?component=%24DirectLink_0&page=FrontEndAdvancedSearchResult&service=direct&session=T&sp=SMT%2Bb9iJVUmSwoDpGBeXqdQ%3D%3D
2368,2025_HWAY_601821_1,[Construction of High Level Bridge at Km.6/2 of Mailam - Pondy road to NH 45 (via) Thennalapakkam - Padirapuliyur road.],15-Sep-2025 09:00 AM,Highways||NABARD and Rural Roads||Chengalpattu,22-Oct-2025 12:00 PM,https://tntenders.gov.in/nicgep/app?component=%24DirectLink&page=FrontEndLatestActiveCorrigendums&service=direct&session=T&sp=S%2F26r11rYI%2BaXqs8q8TBzAg%3D%3D
2369,2025_EB_602363_1,[Vadamattam 33 11 KV SS Civil Works],10-Sep-2025 01:10 PM,TNEB Limited||TANGEDCO||CE-Thanjavur - TANGEDCO,06-Oct-2025 12:00 PM,https://etender.up.nic.in/nicgep/app?component=%24DirectLink_0&page=FrontEndAdvancedSearchResult&service=direct&session=T&sp=SCvNyZatfJn6Cr3flCGiR1g%3D%3D
2370,2025_TNMSC_599338_1,[ONLINE TENDER FOR FIXING RATE CONTRACT FOR SUPPLY AND INSTALLTION OF BLOOD COMPONENT SEPARATOR TO VARIOUS GOVT. INSTITUTIONS],01-Sep-2025 06:00 PM,Tamilnadu Medical Services Corporation||Equipment,30-Sep-2025 11:00 AM,https://tntenders.gov.in/nicgep/app?component=%24DirectLink&page=FrontEndLatestActiveCorrigendums&service=direct&session=T&sp=Sn%2F9aKPh9CJEhVDVCe6YKMw%3D%3D
2371,2025_RDTN_609557_1,[Providing CC Road and Drainage in  New SLR Camp 2nd Street at  Pethikuppam Panchayat. (Length 134 M and Width  3.75M) Gummidipoondi Block Pac.03],29-Sep-2025 09:00 AM,"Rural Development and Panchayat Raj Department||Tiruvallur,RD,TN",13-Oct-2025 03:00 PM,https://etender.up.nic.in/nicgep/app?component=%24DirectLink_0&page=FrontEndAdvancedSearchResult&service=direct&session=T&sp=SWHWNg6ko6fGzemdssyEh3w%3D%3D
2372,2025_HWAY_609705_1,[Uthangarai (H) CandM Sub Division (SLM-107)],29-Sep-2025 10:00 AM,Highways||Construction and Maintenance Wing||Salem Circle,23-Oct-2025 10:30 AM,https://etender.up.nic.in/nicgep/app?component=%24DirectLink_0&page=FrontEndAdvancedSearchResult&service=direct&session=T&sp=SB621Dmdk5K55dXNRm3sLJw%3D%3D
2373,2025_HWAY_603220_1,[TN.45/Sl.No.01/CPT/CRIDP Work 2025-26],24-Sep-2025 06:50 PM,Highways||Construction and Maintenance Wing||Chennai Circle,16-Oct-2025 10:15 AM,https://etender.up.nic.in/nicgep/app?component=%24DirectLink_0&page=FrontEndAdvancedSearchResult&service=direct&session=T&sp=SwGhUlV0WmG2HcB0WstEpeg%3D%3D
2374,2025_EB_607197_1,[Works Contract for rural panapakkam section.],22-Sep-2025 09:00 AM,TNEB Limited||TANGEDCO||CE-Distribution-Vellore - TANGEDCO||SE-Vellore - TANGEDCO,06-Oct-2025 02:00 PM,https://etender.up.nic.in/nicgep/app?component=%24DirectLink_0&page=FrontEndAdvancedSearchResult&service=direct&session=T&sp=S1YXMKjK4Em447GSldDmGww%3D%3D
2375,2025_TNHB_606501_1,[Special Maintenance Repair Works],19-Sep-2025 06:00 PM,Tamil Nadu Housing Board||Project Circle (City)||SAF Games Village Division,08-Oct-2025 11:00 AM,https://etender.up.nic.in/nicgep/app?component=%24DirectLink_0&page=FrontEndAdvancedSearchResult&service=direct&session=T&sp=SFCFjUuY1S44rk4vFLWHSiQ%3D%3D
2376,2025_RDTN_608760_1,[Strengthening  The Streets from Keeranatham Puthupalayam Road Mahalakshmi Avenue in Main Street and Cut Street  H/o Keeranatham Panchayat (265 M)],25-Sep-2025 04:00 PM,"Rural Development and Panchayat Raj Department||Coimbatore,RD,TN||SARKARSAMAKULAM, COIMBATORE,RD,TN",30-Sep-2025 03:00 PM,https://etender.up.nic.in/nicgep/app?component=%24DirectLink_0&page=FrontEndAdvancedSearchResult&service=direct&session=T&sp=S8EEQEt3n6dBYZCEdeoqfSA%3D%3D
2377,2025_HWAY_609399_1,[Upgradation of Panchayat Union / Panchayat Roads to Other District Roads (SLM-21)],27-Sep-2025 11:00 AM,Highways||NABARD and Rural Roads||Salem,14-Oct-2025 11:00 AM,https://etender.up.nic.in/nicgep/app?component=%24DirectLink_0&page=FrontEndAdvancedSearchResult&service=direct&session=T&sp=SRdmfyJANY08IyyiVz3fGdA%3D%3D
2378,2025_HWAY_606350_1,[Special Repairs to the Government roads in Mannargudi CandM sub division Jurisdiction H TNJ97],19-Sep-2025 06:50 PM,Highways||Construction and Maintenance Wing||Thanjavur Circle,07-Oct-2025 11:30 AM,https://etender.up.nic.in/nicgep/app?component=%24DirectLink_0&page=FrontEndAdvancedSearchResult&service=direct&session=T&sp=SEzeCuiEvqJg5%2FaAu38EyPA%3D%3D
2379,2025_CoC_608930_1,"[Roadcut restoration made by CMWSSB Dept at Ram nagar 1st main road, and Periyar nagar 15th 4th cross street and Gandhi Avenue in Division-68, Unit-16, Zone-6]",26-Sep-2025 09:00 AM,"Corporation of Chennai||Regional office Central ,CoC",09-Oct-2025 03:00 PM,https://etender.up.nic.in/nicgep/app?component=%24DirectLink_0&page=FrontEndAdvancedSearchResult&service=direct&session=T&sp=S3NgbPh%2BGcsMJfWrZwCcfyA%3D%3D
2380,2025_DTP_609645_1,[5th FC 2nd installment 2025-26 tied Grand Gopalasamudram Town Panchayat],27-Sep-2025 03:00 PM,Directorate of Town Panchayats||Tirunelveli Zone||Gopalasamudram Town Panchayat,30-Sep-2025 03:00 PM,https://etender.up.nic.in/nicgep/app?component=%24DirectLink_0&page=FrontEndAdvancedSearchResult&service=direct&session=T&sp=ScXxvKitGGEPDIQ48HhP5yA%3D%3D
2381,2025_EB_604195_1,[Rectification Works to the damaged Ash Slurry Trench Inner Walls below GL leading from Mill Plant Operator Room South side to Compressor Room from CH 90m to CH 150m in Unit 4.],15-Sep-2025 06:00 PM,TNEB Limited||TANGEDCO||CE-TTPS - TANGEDCO||SE-Civil-TTPS - TANGEDCO,06-Oct-2025 02:00 PM,https://etender.up.nic.in/nicgep/app?component=%24DirectLink_0&page=FrontEndAdvancedSearchResult&service=direct&session=T&sp=SN%2FVDLgVA2y3utvOQ4a00xQ%3D%3D
2382,2025_RDTN_609231_1,[Construction of 60000 lit OHT at Angalammanpuram  Reserve site Gandhi colony   Panchayat  in  H/O Ashokapuram  Periyanaickenpalayam Block in  Coimbatore Dist under 15 th Finance ],26-Sep-2025 04:15 PM,"Rural Development and Panchayat Raj Department||Coimbatore,RD,TN||P.N.PALAYAM, COIMBATORE,RD,TN",07-Oct-2025 03:00 PM,https://etender.up.nic.in/nicgep/app?component=%24DirectLink_0&page=FrontEndAdvancedSearchResult&service=direct&session=T&sp=SQZ8iOUJZ55rVY%2BvqObiQPg%3D%3D
2383,2025_TCMPF_608704_1,[RMC VEHICLE],25-Sep-2025 02:00 PM,Tamilnadu Co-op Milk Producers Federation Ltd.||TDCMPU Ltd-Tirupur-TCMPF,27-Oct-2025 10:30 AM,https://etender.up.nic.in/nicgep/app?component=%24DirectLink_0&page=FrontEndAdvancedSearchResult&service=direct&session=T&sp=SOWTsY%2Fl0EDf%2FICAlVPjDcA%3D%3D
2384,2025_RDTN_602083_1,[Mines and Minerais 2023-24],09-Sep-2025 05:00 PM,Rural Development and Panchayat Raj Department||Tenkasi RD TN||Alangulam - VP  Tenkasi RD TN,30-Sep-2025 03:00 PM,https://etender.up.nic.in/nicgep/app?component=%24DirectLink_0&page=FrontEndAdvancedSearchResult&service=direct&session=T&sp=SHHSIP1i0lFwYmf5b8qMmdg%3D%3D
2385,2025_RDTN_608789_1,[Vellore district  Construction of  Cement Concrete  Drainage  in  Vaani street in  Kaniayambadi  Panchayat in Kaniyambadi Block General Fund 2025-26 PACKAGE NO 26],25-Sep-2025 04:00 PM,"Rural Development and Panchayat Raj Department||Vellore,RD,TN||KANIAMBADI, VELLORE,RD,TN",10-Oct-2025 03:00 PM,https://etender.up.nic.in/nicgep/app?component=%24DirectLink_0&page=FrontEndAdvancedSearchResult&service=direct&session=T&sp=SZOs0uLoXUdq81XZ%2BZ4Wkwg%3D%3D
2386,2025_DTP_608426_1,[Elumalai Town Panchayat Construction of Strom Water Drain at Ward no.14 M.Kallupatti salai and ward no17 Vanginarayanapuram in Elumalai Town Panchayat],24-Sep-2025 05:00 PM,"Directorate of Town Panchayats||Madurai Zone||Elumalai Town Panchayat, Madurai",30-Sep-2025 03:00 PM,https://etender.up.nic.in/nicgep/app?component=%24DirectLink_0&page=FrontEndAdvancedSearchResult&service=direct&session=T&sp=SKn7BmO7ZsWt6QJkPJMzxwg%3D%3D
2387,2025_DTP_609266_1,[2025-2026 School Improvement Scheme Govt Hr Sec School Maintance in Sambavarvadakarai TP],26-Sep-2025 04:50 PM,Directorate of Town Panchayats||Tirunelveli Zone||Sambavar Vadagarai Town Panchayat,08-Oct-2025 03:00 PM,https://etender.up.nic.in/nicgep/app?component=%24DirectLink_0&page=FrontEndAdvancedSearchResult&service=direct&session=T&sp=SOTrTvhUtF2%2FalACUIURRfQ%3D%3D
2388,2025_HWAY_604026_1,[Palacode (H) CandM Sub Division (SLM-88)],15-Sep-2025 10:00 AM,Highways||Construction and Maintenance Wing||Salem Circle,23-Oct-2025 10:30 AM,https://etender.up.nic.in/nicgep/app?component=%24DirectLink_0&page=FrontEndAdvancedSearchResult&service=direct&session=T&sp=SdG%2FBCbIQUndE9UUjgQtucA%3D%3D
2389,2025_DTP_609529_1,[S.Kannanur Town Panchayat General Fund 2025-26 CCRoad Batchwork],27-Sep-2025 12:15 PM,"Directorate of Town Panchayats||Tiruchirappalli Zone||S. Kannanur Town Panchayat, Tiruchirappalli",30-Sep-2025 03:00 PM,https://etender.up.nic.in/nicgep/app?component=%24DirectLink_0&page=FrontEndAdvancedSearchResult&service=direct&session=T&sp=SDEukwLCoguGYZgpQNiMBIw%3D%3D
2390,2025_MAWS_609899_1,[onstruction of Storm Water Drain and CC Flooring at Ward No.9 Udaiyar Colony in Kangeyam Municipality],29-Sep-2025 09:00 AM,MAWS||Kangeyam Municipality,30-Sep-2025 03:00 PM,https://etender.up.nic.in/nicgep/app?component=%24DirectLink_0&page=FrontEndAdvancedSearchResult&service=direct&session=T&sp=SNmZE8LIi8zmIp8%2Bb4Nt6WQ%3D%3D
2391,2025_TNPL_606432_1,[MAINTENANCE OF TELEPHONE EXCHANGE AT TNPL UNIT  II],19-Sep-2025 06:00 PM,Tamilnadu Newsprint and Papers Limited||TNPL Unit-2||TNPL TOS,03-Oct-2025 03:00 PM,https://etender.up.nic.in/nicgep/app?component=%24DirectLink_0&page=FrontEndAdvancedSearchResult&service=direct&session=T&sp=SjhS2fDunrTps5D6arfokDg%3D%3D
2392,2025_EB_609123_1,[procurement of 2000 Nos Guarding Cross Arm],26-Sep-2025 02:00 PM,TNEB Limited||TANGEDCO||CE-Distribution-Coimbatore - TANGEDCO||SE-Coimbatore-North - TANGEDCO,10-Oct-2025 02:00 PM,https://etender.up.nic.in/nicgep/app?component=%24DirectLink_0&page=FrontEndAdvancedSearchResult&service=direct&session=T&sp=SBvNaTGESkXstxL%2FlCxWwhg%3D%3D
2393,2025_MSME_598388_1,[337 Procurement of Halorub - 20],01-Sep-2025 05:55 PM,Micro Small and Medium Enterprises||Tamil Nadu Small Industries Corporation||Purchase - TANSI,07-Oct-2025 11:30 AM,https://tntenders.gov.in/nicgep/app?component=%24DirectLink&page=FrontEndLatestActiveCorrigendums&service=direct&session=T&sp=SBgMYJGDt9UULyA3sAaKZzQ%3D%3D
2394,2025_RDTN_609473_1,[Vellore district Construction of Super Passage across Sathiyamangalam MI Tank Supply Channel at Visuvasam land in Sedhuvalai Panchayat Anaicut Block 15th CFC-BP 2025-2026(TIED and UNTIED) Scheme Package no  28],27-Sep-2025 10:00 AM,"Rural Development and Panchayat Raj Department||Vellore,RD,TN||ANAICUT, VELLORE,RD,TN",06-Oct-2025 03:00 PM,https://etender.up.nic.in/nicgep/app?component=%24DirectLink_0&page=FrontEndAdvancedSearchResult&service=direct&session=T&sp=S4E9L7RbSp7uJD%2BhAswZsOQ%3D%3D
2395,2025_HWAY_609386_1,[Upgradation of Panchayat Union / Panchayat Roads to Other District Roads (SLM-20)],27-Sep-2025 11:00 AM,Highways||NABARD and Rural Roads||Salem,14-Oct-2025 11:00 AM,https://etender.up.nic.in/nicgep/app?component=%24DirectLink_0&page=FrontEndAdvancedSearchResult&service=direct&session=T&sp=SHqppqxvmN5s%2BhH3IJnk1YA%3D%3D
2396,2025_EB_608404_1,[HOUSE KEEPING OF PLANT AREAS AND BUILDINGS OF PHASE-II AT VALUTHUR GAS TURBINE POWER STATION IN RAMANATHAPURAM DISTRICT FOR A PERIOD OF TWO YEARS FROM THE DATE OF COMMENCEMENT OF WORK ],25-Sep-2025 03:15 PM,TNEB Limited||TANGEDCO||CE-GTS - TANGEDCO||SE-Valuthur Gas Turbine Power Stations,13-Oct-2025 02:00 PM,https://etender.up.nic.in/nicgep/app?component=%24DirectLink_0&page=FrontEndAdvancedSearchResult&service=direct&session=T&sp=ShzpBhZIeKCPHbbRpQ%2BsDNw%3D%3D
2397,2025_MAWS_608563_1,[Providing BT surface to old bus stand on east side and Tensile roofing to bus bays in Tiruvarur Municipality],25-Sep-2025 09:00 AM,MAWS||Tiruvarur Municipality,08-Oct-2025 03:00 PM,https://etender.up.nic.in/nicgep/app?component=%24DirectLink_0&page=FrontEndAdvancedSearchResult&service=direct&session=T&sp=SlXIhzaqhKPfHPm9SG2PIfg%3D%3D
2398,2025_EB_608081_1,"[Construction of Control room building, Cable duct,  revetment wall, approach road, road culvert, yard filling , febore well , pipe line, metal filling , Transformer plinth and other civil works for  establishment of Venkateshwarapuram  33/11KV SS]",24-Sep-2025 10:00 AM,TNEB Limited||TANGEDCO||CE-Tirunelveli - TANGEDCO,09-Oct-2025 02:00 PM,https://etender.up.nic.in/nicgep/app?component=%24DirectLink_0&page=FrontEndAdvancedSearchResult&service=direct&session=T&sp=S5oXJI%2F1R%2B5pU9OS8DPDoXw%3D%3D
2399,2025_DTP_609747_1,[213/2025 MP Fund],27-Sep-2025 05:30 PM,"Directorate of Town Panchayats||Dindigul Zone||Aravakurichi Town Panchayat, Karur",30-Sep-2025 03:00 PM,https://etender.up.nic.in/nicgep/app?component=%24DirectLink_0&page=FrontEndAdvancedSearchResult&service=direct&session=T&sp=SLpy0nQX6p045jcXAgxIu9w%3D%3D
2400,2025_MAWS_609890_1,"[Providing Chain Link Fencing at W.No.4 Compost Yard, Burial Ground and W.No.9 Agasthlingampalayam Road in Kangeyam Municipality]",29-Sep-2025 09:00 AM,MAWS||Kangeyam Municipality,30-Sep-2025 03:00 PM,https://etender.up.nic.in/nicgep/app?component=%24DirectLink_0&page=FrontEndAdvancedSearchResult&service=direct&session=T&sp=SxpkebPrqUrMnYAd1f8jU7g%3D%3D
2401,2025_DTP_606757_1,"[GF- 24-25 - Providing and fixing Stainless Steel Designed Hand rail , stainless steel 304L 3seater Metro Chair And Stainless steel 304L Sink Model Hand Wash At New Bus Stand  In Aduthurai Town Panchayat.]",20-Sep-2025 02:00 PM,"Directorate of Town Panchayats||Thanjavur Zone||Aduthurai Town Panchayat, Thanjavur",03-Oct-2025 03:00 PM,https://etender.up.nic.in/nicgep/app?component=%24DirectLink_0&page=FrontEndAdvancedSearchResult&service=direct&session=T&sp=So5s1SWV9w%2BuUP2IDgNbEsg%3D%3D
2402,2025_TNPL_608232_1,"[Handling of Imported, Wet lapped, Screw Pulp, Pulp Broke in Bales, reels at TNPL Unit I Stores]",26-Sep-2025 05:00 PM,Tamilnadu Newsprint and Papers Limited||TNPL Unit-1||TNPL TOS,11-Oct-2025 03:00 PM,https://etender.up.nic.in/nicgep/app?component=%24DirectLink_0&page=FrontEndAdvancedSearchResult&service=direct&session=T&sp=SJPlfDLAcJIppNfxeHqPnCA%3D%3D
2403,2025_TNSTC_587772_1,[LICENSING TO RUN THE SHOP NO 12 AT TNSTC MADURAI LTD BUS STAND COMPLEX KUMULY],01-Aug-2025 12:00 PM,Tamilnadu State Transport Corporation||Madurai Corporation||Central Purchase Department||Procurement,30-Sep-2025 11:00 AM,https://tntenders.gov.in/nicgep/app?component=%24DirectLink&page=FrontEndLatestActiveCorrigendums&service=direct&session=T&sp=SYvjU0KFE0X0kM6056nGS0Q%3D%3D
2404,2025_DTP_609916_1,[15th FINANCE SCHEME 2025-2026  II Phase Construction of Drainage  at Ward 7  in C Pudupatti Town Panchayat],29-Sep-2025 09:00 AM,Directorate of Town Panchayats||Theni Zone||Pudupatti Town Panchayat - Theni,30-Sep-2025 06:00 PM,https://etender.up.nic.in/nicgep/app?component=%24DirectLink_0&page=FrontEndAdvancedSearchResult&service=direct&session=T&sp=S5GtRdBwFkp1Uiq3Lb0ZZ2w%3D%3D
2405,2025_EB_590654_1,[M-179/2025-26],11-Aug-2025 03:00 PM,TNEB Limited||TANGEDCO||CE-Material Management - TANGEDCO,06-Oct-2025 02:30 PM,https://tntenders.gov.in/nicgep/app?component=%24DirectLink&page=FrontEndLatestActiveCorrigendums&service=direct&session=T&sp=Smg30Al86Jj3zf0a2EuS7ww%3D%3D
2406,2025_HWAY_601676_1,[TNV 72 Palayamkottai  H C and M Sub Division],10-Sep-2025 09:00 AM,Highways||Construction and Maintenance Wing||Tirunelveli Circle,03-Oct-2025 02:00 PM,https://etender.up.nic.in/nicgep/app?component=%24DirectLink_0&page=FrontEndAdvancedSearchResult&service=direct&session=T&sp=SBUOX2gE6TMD%2Bn0R7wdPrtw%3D%3D
2407,2025_MAWS_609376_3,[Providing water supply arrangment in Urban Wellness Center at  Vickiramasingapuram Municipality ],27-Sep-2025 09:00 AM,MAWS||Vikramasingapuram Municipality,06-Oct-2025 03:00 PM,https://etender.up.nic.in/nicgep/app?component=%24DirectLink_0&page=FrontEndAdvancedSearchResult&service=direct&session=T&sp=SD2r0UzN3rrLrJWugYyWk8g%3D%3D
2408,2025_CoC_609095_1,[Z.O.II.C.No.E1/607331/2025],26-Sep-2025 06:00 PM,"Corporation of Chennai||Regional Office North,CoC",02-Oct-2025 03:00 PM,https://etender.up.nic.in/nicgep/app?component=%24DirectLink_0&page=FrontEndAdvancedSearchResult&service=direct&session=T&sp=SiZ23BB4eW0p4AlS2XWcxcw%3D%3D
2409,2025_HWAY_602822_1,"[TNV 93 Nagercoil H C M, Sub division]",11-Sep-2025 03:00 PM,Highways||Construction and Maintenance Wing||Tirunelveli Circle,03-Oct-2025 02:00 PM,https://etender.up.nic.in/nicgep/app?component=%24DirectLink_0&page=FrontEndAdvancedSearchResult&service=direct&session=T&sp=SrcL41%2BVTGBtRRVnuQ1eslw%3D%3D
2410,2025_TNPL_606333_1,"[Design, Manufacture, Supply, erection, supervision of erection and commissioning of Chemical Preparation and Dosing system for DAF Polymers and Yankee Coating Chemicals for a new Tissue Paper Machine of TNPL Unit II]",19-Sep-2025 06:00 PM,Tamilnadu Newsprint and Papers Limited||TNPL Unit-1||TNPL Projects,03-Oct-2025 03:00 PM,https://etender.up.nic.in/nicgep/app?component=%24DirectLink_0&page=FrontEndAdvancedSearchResult&service=direct&session=T&sp=Snu5a1FsCak%2F4DZv93nJ6Jg%3D%3D
2411,2025_TNPL_607488_1,"[GEAR BOX, MOTOR AND DRIVE ROLL CHANGING IN BELLMER PRESS AT TNPL UNIT - II]",22-Sep-2025 06:00 PM,Tamilnadu Newsprint and Papers Limited||TNPL Unit-2||TNPL TOS,06-Oct-2025 03:00 PM,https://etender.up.nic.in/nicgep/app?component=%24DirectLink_0&page=FrontEndAdvancedSearchResult&service=direct&session=T&sp=SH6XjkHBLpX7LBn7VsIse1Q%3D%3D
2412,2025_HWAY_606414_1,[MDU 147 / Manamadurai Sub Division / NON PLAN WORKS 2025 26 ],23-Sep-2025 09:00 AM,Highways||Construction and Maintenance Wing||Madurai Circle,07-Oct-2025 11:00 AM,https://etender.up.nic.in/nicgep/app?component=%24DirectLink_0&page=FrontEndAdvancedSearchResult&service=direct&session=T&sp=Sm8KMzwzPH45kPF2o8EIbbQ%3D%3D
2413,2025_TNMSC_549359_2,"[Online Tender for Fixing Rate Contract for Supply of Factory Ready Built C Type Ambulance, Vehicle for Hearse Service, Vehicle for Drop Back Service]",24-Sep-2025 06:00 PM,Tamilnadu Medical Services Corporation||Equipment,07-Oct-2025 11:00 AM,https://tntenders.gov.in/nicgep/app?component=%24DirectLink&page=FrontEndLatestActiveCorrigendums&service=direct&session=T&sp=SZvDUHdlQOvfwhWX%2FRLwsFQ%3D%3D
2414,2025_RDTN_609469_2,[Providing Pipeline From Karupanoothu Sump to Karupanoothu OHT and Karupanoothu Sump to Madathupatty OHT in Achampatty Panchayat],27-Sep-2025 09:00 AM,"Rural Development and Panchayat Raj Department||Tirunelveli,RD,TN||MANUR, TIRUNELVELI,RD,TN",06-Oct-2025 03:00 PM,https://etender.up.nic.in/nicgep/app?component=%24DirectLink_0&page=FrontEndAdvancedSearchResult&service=direct&session=T&sp=SqnSkGxbX9YMCwFxapMkZ0A%3D%3D
2415,2025_HWAY_599639_1,[VPM-072-CRIDP 2025-26],04-Sep-2025 10:00 AM,Highways||Construction and Maintenance Wing||Villupuram Circle,15-Oct-2025 12:00 PM,https://etender.up.nic.in/nicgep/app?component=%24DirectLink_0&page=FrontEndAdvancedSearchResult&service=direct&session=T&sp=SemHTsaxEofSqmgWoIwgf0Q%3D%3D
2416,2025_EB_606276_1,"[Construction of Control room Building with Electrification works, Providing Various SS Structure Plinth Foundation, Cable duct, Yard Retaining wall and allied Civil works for the newly proposed 33/11 KV SS at Veppur in TEDC]",23-Sep-2025 02:00 PM,TNEB Limited||TANGEDCO||CE-Distribution-Vellore - TANGEDCO,27-Oct-2025 05:00 PM,https://etender.up.nic.in/nicgep/app?component=%24DirectLink_0&page=FrontEndAdvancedSearchResult&service=direct&session=T&sp=SaI65e0hzsLGDcew1cF3MrA%3D%3D
2417,2025_HWAY_607710_1,[Roadwork],27-Sep-2025 10:00 AM,Highways||NABARD and Rural Roads||Tirunelveli,14-Oct-2025 11:00 AM,https://etender.up.nic.in/nicgep/app?component=%24DirectLink_0&page=FrontEndAdvancedSearchResult&service=direct&session=T&sp=SZIzdkRM%2FuaMcNdzeAtuzvQ%3D%3D
2418,2025_HWAY_606358_1,[MDU 139 / Karaikudi Sub Division / NON PLAN WORKS 2025 26 ],23-Sep-2025 09:00 AM,Highways||Construction and Maintenance Wing||Madurai Circle,07-Oct-2025 11:00 AM,https://etender.up.nic.in/nicgep/app?component=%24DirectLink_0&page=FrontEndAdvancedSearchResult&service=direct&session=T&sp=SlkowI4U06rMORbok46ITng%3D%3D
2419,2025_DTP_609257_1,[Odugathur Tp/15th CFC 2025-2026/Ward-8 O.Rajapalayam - Drain],26-Sep-2025 04:40 PM,Directorate of Town Panchayats||Vellore Zone||Panapakkam Town Panchayat,30-Sep-2025 03:00 PM,https://etender.up.nic.in/nicgep/app?component=%24DirectLink_0&page=FrontEndAdvancedSearchResult&service=direct&session=T&sp=SgCeWggevGod%2BHYVN742PUw%3D%3D
2420,2025_HWAY_608506_1,[TN No 53 2025 26 HDO Dt 17 09 2025 TVM 156],26-Sep-2025 11:00 AM,Highways||Construction and Maintenance Wing||Tiruvannamalai Circle,16-Oct-2025 11:00 AM,https://etender.up.nic.in/nicgep/app?component=%24DirectLink_0&page=FrontEndAdvancedSearchResult&service=direct&session=T&sp=S9X6Jw%2FNJ1oqFfxsimKwxpA%3D%3D
2421,2025_DTP_609653_1,[2025-26 -15th Finance Commission - 1st  Installment Untied Grant -  Burial Ground works],27-Sep-2025 03:05 PM,"Directorate of Town Panchayats||Cuddalore Zone||Bhuvanagiri Town Panchayat, Cuddalore",03-Oct-2025 03:00 PM,https://tntenders.gov.in/nicgep/app?component=%24DirectLink&page=FrontEndLatestActiveCorrigendums&service=direct&session=T&sp=SBnN%2BGJzirXIThjd8kP3zWw%3D%3D
2422,2025_RDTN_609754_1,[ VELLORE DISTRICT Providing Cement Concrete  pavement at Kanagasamuthiram munieswaran koil street in Latheri Panchayat AT K.V.KUPPAM BLOCK MLACDS 2025-26 PACKAGE NO 01],27-Sep-2025 05:30 PM,"Rural Development and Panchayat Raj Department||Vellore,RD,TN||K.V.KUPPAM, VELLORE,RD,TN",06-Oct-2025 03:00 PM,https://etender.up.nic.in/nicgep/app?component=%24DirectLink_0&page=FrontEndAdvancedSearchResult&service=direct&session=T&sp=SYQtfuTDuU4JrxQ%2Bx%2BadL5w%3D%3D
2423,2025_CoC_609260_1,[Z.O.1.C.No.B2/03654/04/2025],26-Sep-2025 06:00 PM,"Corporation of Chennai||Regional Office North,CoC",06-Oct-2025 03:00 PM,https://etender.up.nic.in/nicgep/app?component=%24DirectLink_0&page=FrontEndAdvancedSearchResult&service=direct&session=T&sp=SUckPL32t8Ue1VD8Fk0F3yQ%3D%3D
2424,2025_HE_608447_1,[Chemicals],24-Sep-2025 05:05 PM,Higher Education||Bharathiar University||Centre for Research and Technology Development,09-Oct-2025 03:00 PM,https://etender.up.nic.in/nicgep/app?component=%24DirectLink_0&page=FrontEndAdvancedSearchResult&service=direct&session=T&sp=SdFhDncGhtCFjevWiNhJmjw%3D%3D
2425,2025_RDTN_608437_2,[Sathukudal keelpathi vayalveli road KM 0/0 to 0/900],24-Sep-2025 05:00 PM,"Rural Development and Panchayat Raj Department||Cuddalore,RD,TN||VIRUDHACHALAM,CUDDALORE,RD,TN",06-Oct-2025 04:00 PM,https://tntenders.gov.in/nicgep/app?component=%24DirectLink&page=FrontEndLatestActiveCorrigendums&service=direct&session=T&sp=SDjtKHLJILCG%2FK7gu1psDyw%3D%3D
2426,2025_DTP_606889_1,[Construction of closed drain on the left side of the road from the market entrance on the road leading to Karungal Chellankonam in Karungal town panchayat],20-Sep-2025 03:30 PM,Directorate of Town Panchayats||Nagercoil Zone||Karingal Town Panchayat,30-Sep-2025 03:00 PM,https://etender.up.nic.in/nicgep/app?component=%24DirectLink_0&page=FrontEndAdvancedSearchResult&service=direct&session=T&sp=S071xFlEGJ%2B0zL4%2B2TkEqHg%3D%3D
2427,2025_RDTN_609794_1,[VELLORE DISTRICT PROVIDING EXTENSION OF PIPE LINE AT RUSHA KUTTAI TO AD COLONY IN SENNAGKUPPAM  PANCHAYAT KVKUPPAM BLOCK 15 CFC 2025-26 PACKAGE NO 06],27-Sep-2025 06:00 PM,"Rural Development and Panchayat Raj Department||Vellore,RD,TN||K.V.KUPPAM, VELLORE,RD,TN",06-Oct-2025 03:00 PM,https://etender.up.nic.in/nicgep/app?component=%24DirectLink_0&page=FrontEndAdvancedSearchResult&service=direct&session=T&sp=SZKhCoU8M6WxabvtMvUWI4w%3D%3D
2428,2025_HWAY_606187_2,[Upgradation of Panchayat Union /Panchayat Roads to Other District Roads TRY-63],20-Sep-2025 10:00 AM,Highways||NABARD and Rural Roads||Trichy,07-Oct-2025 11:00 AM,https://etender.up.nic.in/nicgep/app?component=%24DirectLink_0&page=FrontEndAdvancedSearchResult&service=direct&session=T&sp=S9L4di6TzrGZHIBvWuCsNCA%3D%3D
2429,2025_EB_579485_1,[Hiring of 1.No diesel/Petrol driven AC car for the official use of the Superintending Engineer / Operation /Thiruvalam.],09-Jul-2025 06:00 PM,TNEB Limited||TANTRANSCO||CE-System Operation-Chennai - TANTRANSCO||SE-Operation-Tiruvalam - TANTRANSCO,03-Oct-2025 02:00 PM,https://tntenders.gov.in/nicgep/app?component=%24DirectLink&page=FrontEndLatestActiveCorrigendums&service=direct&session=T&sp=SGh3nN4U97idr%2Bmk2k9xoIQ%3D%3D
2430,2025_RDTN_608957_1,[ Construction of Kitchen Shed at New Community Hall in Ethirkottai village in Ettagapatti panchayat],26-Sep-2025 09:00 AM,"Rural Development and Panchayat Raj Department||Virudhunagar,RD,TN||VEMBAKOTTAI, VIRUDHUNAGAR,RD,TN",07-Oct-2025 05:00 PM,https://etender.up.nic.in/nicgep/app?component=%24DirectLink_0&page=FrontEndAdvancedSearchResult&service=direct&session=T&sp=SRmhJo44J%2FTWAKzZWRkBYGA%3D%3D
2431,2025_MAWS_609131_1,[WATER SUPPLY FUND-2025-2026-Extension of Water Supply Distribution Line at Ward No.8 Vadamangalakarai Area in  Karamadai Municipality.],26-Sep-2025 02:00 PM,MAWS||Karamadai Municipality,30-Sep-2025 03:00 PM,https://etender.up.nic.in/nicgep/app?component=%24DirectLink_0&page=FrontEndAdvancedSearchResult&service=direct&session=T&sp=SQSdswhh8fGFkXun2h%2BeN4A%3D%3D
2432,2025_TNHB_605286_1,[Reapir and Service work],18-Sep-2025 10:00 AM,Tamil Nadu Housing Board||Project Circle (City)||SAF Games Village Division,06-Oct-2025 11:00 AM,https://etender.up.nic.in/nicgep/app?component=%24DirectLink_0&page=FrontEndAdvancedSearchResult&service=direct&session=T&sp=S1TYrxMyhHRPTQCWTc5QSIA%3D%3D
2433,2025_MAWS_607569_1,[CONSTRUCTION OF ANGANWADI BUILDING AT WARD No.21 IN THUVAKUDI MUNICIPALITY(School Improvement Grant 2025-26)],22-Sep-2025 06:10 PM,MAWS||Thuvakudi Municipality,08-Oct-2025 03:00 PM,https://etender.up.nic.in/nicgep/app?component=%24DirectLink_0&page=FrontEndAdvancedSearchResult&service=direct&session=T&sp=SmkUMxfOKSoLZzC9lra6t5g%3D%3D
2434,2025_TTCLC_599566_1,[Transport Tender],02-Sep-2025 05:00 PM,TamilNadu Textile Corporation Limited Coimbatore,30-Sep-2025 12:00 PM,https://tntenders.gov.in/nicgep/app?component=%24DirectLink&page=FrontEndLatestActiveCorrigendums&service=direct&session=T&sp=SSsOyZydi50DAVXneLPkSng%3D%3D
2435,2025_MAWS_607381_5,[Construction of nm centre at ponnagaram],25-Sep-2025 05:15 PM,MAWS||Rajapalayam Municipality,03-Oct-2025 03:00 PM,https://etender.up.nic.in/nicgep/app?component=%24DirectLink_0&page=FrontEndAdvancedSearchResult&service=direct&session=T&sp=S5tFut4uhrv6mMJ3edvpTIA%3D%3D
2436,2025_RDTN_608114_1,[Construction of 30000 Ltr OHT at Moongilkollai Theru Annanthirucherai Pudhu Theru in Vanduvancheri Panchayat],24-Sep-2025 09:00 AM,"Rural Development and Panchayat Raj Department||Thanjavur,RD,TN||THIRUVIDAIMARUTHUR, THANJAVUR,RD,TN",03-Oct-2025 03:00 PM,https://tntenders.gov.in/nicgep/app?component=%24DirectLink&page=FrontEndLatestActiveCorrigendums&service=direct&session=T&sp=SJ1hvmg44cYYYJks4qGFd0w%3D%3D
2437,2025_AHDF_607117_1,[Leasing of Fishing rights of Govinthawadi agaram lake Lake],22-Sep-2025 11:00 AM,Fisheries and Fishermen Welfare Department||Inland Fisheries - Head Office||Chennai Region||Assistant Director of Fisheries -  Kancheepuram,08-Oct-2025 12:00 PM,https://etender.up.nic.in/nicgep/app?component=%24DirectLink_0&page=FrontEndAdvancedSearchResult&service=direct&session=T&sp=SWmH0KzUdyB1MJlvLwRQEAw%3D%3D
2438,2025_TCMPF_601968_1,"[ Annual Operation and Maintenance, technical service contract for 7 LLPD capcity of Effluent Treatment Plant,RO Plant and MEE Plant for a period of two years(2025-2027) ]",10-Sep-2025 05:00 PM,Tamilnadu Co-op Milk Producers Federation Ltd.||Madurai DCMPU - Madurai - TCMPF,06-Oct-2025 12:00 PM,https://etender.up.nic.in/nicgep/app?component=%24DirectLink_0&page=FrontEndAdvancedSearchResult&service=direct&session=T&sp=SdiyHRpdNAwm5dbZ3%2FFy3LQ%3D%3D
2439,2025_RDTN_607827_1,[Providing Basic infrastructure works at Sorakolathur and Thenpallipattu Camps in Thurinjapuram Block Package No. TVM/2025-26/182 of Tiruvannamalai District],23-Sep-2025 02:00 PM,"Rural Development and Panchayat Raj Department||Tiruvannamalai,RD,TN",30-Sep-2025 03:00 PM,https://tntenders.gov.in/nicgep/app?component=%24DirectLink&page=FrontEndLatestActiveCorrigendums&service=direct&session=T&sp=S2KEBJkVOiaWaG%2BqzrzZxKw%3D%3D
2440,2025_DTP_608997_1,[MLA 25 26 Construction of  Anganwadi Centre at 10th ward GoudarStreet Nayodai  (Mahatma Gandhi Street) in Sriramapuram Town Panchayat],26-Sep-2025 10:45 AM,"Directorate of Town Panchayats||Dindigul Zone||Sriramapuram Town Panchayat, Dindigul",30-Sep-2025 03:00 PM,https://etender.up.nic.in/nicgep/app?component=%24DirectLink_0&page=FrontEndAdvancedSearchResult&service=direct&session=T&sp=SBKPm5FWU1Gpwc9RmA3aO7w%3D%3D
2441,2025_PWD_608800_1,[Branch Library Gudalur],25-Sep-2025 05:00 PM,"PWD||PWD CE buildings||Chief  Engineer-Coimbatore Region - Coimbatore||Buildings (C and M) Circle, Coimbatore",08-Oct-2025 03:00 PM,https://etender.up.nic.in/nicgep/app?component=%24DirectLink_0&page=FrontEndAdvancedSearchResult&service=direct&session=T&sp=S8nfKZ8bABn702QvIa7rJ9Q%3D%3D
2442,2025_HWAY_602907_3,"[TRY-79 / 2025-26, Pudukkottai East SubDivision]",13-Sep-2025 06:00 PM,Highways||Construction and Maintenance Wing||Trichy Circle,07-Oct-2025 11:00 AM,https://tntenders.gov.in/nicgep/app?component=%24DirectLink&page=FrontEndLatestActiveCorrigendums&service=direct&session=T&sp=S8fuZGR1ZT4rLqXG7iKOt9Q%3D%3D
2443,2025_DoTE_607802_1,[Mild Steel Slotted Angle Rack],24-Sep-2025 10:00 AM,Directorate of Technical Education||Govt. Aided Polytechnic College - DOTE||Thiagarajar Polytechnic College,07-Oct-2025 03:00 PM,https://etender.up.nic.in/nicgep/app?component=%24DirectLink_0&page=FrontEndAdvancedSearchResult&service=direct&session=T&sp=SW4gEE8OvD4XnHF%2F9y3ilsA%3D%3D
2444,2025_MAWS_609833_1,"[Construction of Storm Water Drain at ward no 22, Bhargath Nagar 4th Street  in Kottakuppam Municipality]",29-Sep-2025 09:00 AM,MAWS||Kottakuppam Municipality,03-Oct-2025 03:00 PM,https://tntenders.gov.in/nicgep/app?component=%24DirectLink&page=FrontEndLatestActiveCorrigendums&service=direct&session=T&sp=SPLf6nsYY%2BfhGEXASdt%2Fskg%3D%3D
2445,2025_TCSC_557432_1,"[APPOINTMENT OF TRANSPORT CONTRACTORS FOR TRANSPORTATION OF PTMGRNMP, ICDS, HONARABLE CHIEF MINISTER BREAK-FAST SCHEME AND GOVERNMENT SCHEME WITHIN THE DISTRICTS]",16-May-2025 06:00 PM,Tamil Nadu Civil Supplies Corporation||Head Office - Chennai||Region - Kanniyakumari,15-Oct-2025 11:00 AM,https://tntenders.gov.in/nicgep/app?component=%24DirectLink&page=FrontEndLatestActiveCorrigendums&service=direct&session=T&sp=SBgoKOaWakCJSKC16d8MeKA%3D%3D
2446,2025_DTP_608189_1,[2025-26 15th FC Tied 2nd Installment  Pudupalayam Town Panchayat],24-Sep-2025 09:00 AM,"Directorate of Town Panchayats||Vellore Zone||Pudupalayam Town Panchayat, Tiruvannamalai",30-Sep-2025 03:00 PM,https://etender.up.nic.in/nicgep/app?component=%24DirectLink_0&page=FrontEndAdvancedSearchResult&service=direct&session=T&sp=SHwb4NcJ2ezsWyk%2FsqV3mYQ%3D%3D
2447,2025_RDTN_604163_1,[Construction of 60000 Lits Capacity OHT at Arundhadhiyar Street Ayilpatty HO Ayilpatty Panchayat Namagiripet Block of Namakkal District  under Mines and Minerals 2025-2026 NPT-1],15-Sep-2025 01:00 PM,"Rural Development and Panchayat Raj Department||Namakkal,RD,TN||NAMAGIRIPET, NAMAKKAL,RD,TN",30-Sep-2025 03:00 PM,https://tntenders.gov.in/nicgep/app?component=%24DirectLink&page=FrontEndLatestActiveCorrigendums&service=direct&session=T&sp=SrCubqxCxhjGgm9glzYmjBQ%3D%3D
2448,2025_EB_607432_1,"[SUPPLY, DISMANTLING, ERECTION, TESTING AND COMMISSIONING OF CONSTANT LOAD HANGER ASSEMBLY CLH 2257 and 193 MODEL INCLUSIVE OF TIE RODS AND TURN BUCKLES FOR CRITICAL STEAM PIPE LINES IN UNIT V BOILER  ]",22-Sep-2025 04:00 PM,TNEB Limited||TANGEDCO||CE-TTPS - TANGEDCO||SE-Purchase and Administration-TTPS - TANGEDCO,09-Oct-2025 02:00 PM,https://etender.up.nic.in/nicgep/app?component=%24DirectLink_0&page=FrontEndAdvancedSearchResult&service=direct&session=T&sp=SMXJgoK8GjOQYMqwMHNPnLw%3D%3D
2449,2025_WRD_605045_1,[Rehabilitation and Improvements of Semur Big Tank and its Supply Channel in Akkaraipatti Village of Rasipuram Taluk in Namakkal District.],19-Sep-2025 10:00 AM,Water Resources Department||CE WRD Trichy Region - Trichy||SE Upper Cauvery Basin Circle WRD - Salem,23-Oct-2025 03:00 PM,https://etender.up.nic.in/nicgep/app?component=%24DirectLink_0&page=FrontEndAdvancedSearchResult&service=direct&session=T&sp=SVNGMhtBWn3%2ByKgupV4sNUQ%3D%3D
2450,2025_TNCEM_609060_1,[Procurement of T shirt],26-Sep-2025 01:30 PM,TN Cements Corporation||TN Cements,30-Sep-2025 12:00 PM,https://etender.up.nic.in/nicgep/app?component=%24DirectLink_0&page=FrontEndAdvancedSearchResult&service=direct&session=T&sp=SIZ85k27Soy0kJVyweJUZ3g%3D%3D
2451,2025_DTP_609652_1,[15th FC 2nd Instalment 2025-2026 tied Grand Gopalasamudram Town Panchayat],27-Sep-2025 03:20 PM,Directorate of Town Panchayats||Tirunelveli Zone||Gopalasamudram Town Panchayat,30-Sep-2025 03:00 PM,https://etender.up.nic.in/nicgep/app?component=%24DirectLink_0&page=FrontEndAdvancedSearchResult&service=direct&session=T&sp=SlP7JSmWf90SlC1sQorvjtg%3D%3D
2452,2025_EB_604846_1,"[Supply, erection, testing and commissioning of new 33/11kv  SIDCO substation at Uchapatti village with 2x8MVA outdoor Power transformer in Madurai EDC in Madurai Region]",16-Sep-2025 06:00 PM,TNEB Limited||TANGEDCO||CE-Distribution-Madurai - TANGEDCO,01-Oct-2025 02:00 PM,https://etender.up.nic.in/nicgep/app?component=%24DirectLink_0&page=FrontEndAdvancedSearchResult&service=direct&session=T&sp=SQELJWGpzXaob82xBofn5Rg%3D%3D
2453,2025_DoTE_608416_1,[SUPPLY OF WIFI ROUTER],24-Sep-2025 06:00 PM,"Directorate of Technical Education||Govt. Polytechnic College - DOTE||Government Polytechnic College, Uthangarai",07-Oct-2025 12:00 PM,https://etender.up.nic.in/nicgep/app?component=%24DirectLink_0&page=FrontEndAdvancedSearchResult&service=direct&session=T&sp=S1GVwpSS0dVgcIPokfLG54g%3D%3D
2454,2025_HWAY_583055_1,[TN.24/Sl.No.04/TVLR/CRIDP Work 2025-26],30-Aug-2025 06:55 PM,Highways||Construction and Maintenance Wing||Chennai Circle,30-Sep-2025 11:00 AM,https://etender.up.nic.in/nicgep/app?component=%24DirectLink_0&page=FrontEndAdvancedSearchResult&service=direct&session=T&sp=S%2B9ykEmi94URZPYW2W2uAaw%3D%3D
2455,2025_CoC_609777_1,"[Construction of Storm Water Drain of Size 600x750mm along 86th street, Ashok Nagar (For west side) in Div-135, Unit-31, Zone-10 (Under T.Nagar MLA Fund)]",27-Sep-2025 06:55 PM,"Corporation of Chennai||Regional office Central ,CoC",03-Oct-2025 03:00 PM,https://etender.up.nic.in/nicgep/app?component=%24DirectLink_0&page=FrontEndAdvancedSearchResult&service=direct&session=T&sp=SpsxzBxInOYHUI2mJ%2FIfl6w%3D%3D
2456,2025_DTP_608833_1,[Specification Report to accompany the Estimate for the work of CONSTRUCTION OF HEALTH SUB CENTRE  (HSC) Building  in Sankarnagar  Town Panchayat],25-Sep-2025 05:35 PM,Directorate of Town Panchayats||Tirunelveli Zone||Sankarnagar Town Panchayat,03-Oct-2025 03:00 PM,https://etender.up.nic.in/nicgep/app?component=%24DirectLink_0&page=FrontEndAdvancedSearchResult&service=direct&session=T&sp=Sok7NKmpnZFO9axyezYuIQw%3D%3D
2457,2025_EB_605184_1,[M-197/25-26],17-Sep-2025 05:15 PM,TNEB Limited||TANGEDCO||CE-Material Management - TANGEDCO,07-Oct-2025 02:30 PM,https://etender.up.nic.in/nicgep/app?component=%24DirectLink_0&page=FrontEndAdvancedSearchResult&service=direct&session=T&sp=Sejtimtw2PrR5CPyz49%2BzDw%3D%3D
2458,2025_RDTN_609115_1,[Providing CC pavement at  Nadu Street in Alapakkam Panchayat],26-Sep-2025 01:30 PM,Rural Development and Panchayat Raj Department||Ranipet RD TN||Kaveripakkam Ranipet RD TN,30-Sep-2025 03:00 PM,https://tntenders.gov.in/nicgep/app?component=%24DirectLink&page=FrontEndLatestActiveCorrigendums&service=direct&session=T&sp=S9olY0S3jZ2s5%2F1QWCt1PpA%3D%3D
2459,2025_CoC_608830_1,"[Construction of Storm Water Drain of Size 900x900mm at Ponnusamy Nagar 3rd street Kamarajar Street (Jaibeem Nagar) and Kamarajar Street  (George Colony) in Dn-67, Zone-6]",26-Sep-2025 06:00 PM,"Corporation of Chennai||Regional office Central ,CoC",03-Oct-2025 03:00 PM,https://etender.up.nic.in/nicgep/app?component=%24DirectLink_0&page=FrontEndAdvancedSearchResult&service=direct&session=T&sp=SoXlluZeaiHJqEwr4XelwPA%3D%3D
2460,2025_RDTN_609009_1,[Providing CC pavement at Gokul Nagar in Banavaram Panchayat],26-Sep-2025 11:15 AM,Rural Development and Panchayat Raj Department||Ranipet RD TN||Kaveripakkam Ranipet RD TN,30-Sep-2025 03:00 PM,https://tntenders.gov.in/nicgep/app?component=%24DirectLink&page=FrontEndLatestActiveCorrigendums&service=direct&session=T&sp=SDx7qzTs7bIZ93%2Bityr7E9A%3D%3D
2461,2025_DTP_609731_3,[ABIRAMAM 15TH FINANCE 2025-26 II Paver block Road at Subramaniya Sami Kovil Street],27-Sep-2025 05:10 PM,Directorate of Town Panchayats||Sivaganga Zone||Abiramam Town Panchayat,30-Sep-2025 03:00 PM,https://etender.up.nic.in/nicgep/app?component=%24DirectLink_0&page=FrontEndAdvancedSearchResult&service=direct&session=T&sp=S2bYKJqGdF7CIFO0mX6C72w%3D%3D
2462,2025_HWAY_606531_1,[MDU 159 / Thiruppathur and Karaikudi Sub Divisions / CRIDP 2025 26],20-Sep-2025 06:55 PM,Highways||Construction and Maintenance Wing||Madurai Circle,07-Oct-2025 11:00 AM,https://etender.up.nic.in/nicgep/app?component=%24DirectLink_0&page=FrontEndAdvancedSearchResult&service=direct&session=T&sp=SkYCQW6GX8oCCPSvEr62AyQ%3D%3D
2463,2025_TNPL_607741_1,"[One time charges for providing 4 MBPS unlimited 1,1 internet connectivity with 5 static IP address at Paper Machine, Pulp, SR and its allied areas DCS Control System]",23-Sep-2025 05:30 PM,Tamilnadu Newsprint and Papers Limited||TNPL Unit-1||TNPL TOS,07-Oct-2025 03:00 PM,https://etender.up.nic.in/nicgep/app?component=%24DirectLink_0&page=FrontEndAdvancedSearchResult&service=direct&session=T&sp=Sd6EU1qeKDTY9lF%2F717ObSw%3D%3D
2464,2025_HWAY_603355_1,[CRIDP 2025-26],15-Sep-2025 06:00 PM,Highways||Construction and Maintenance Wing||Coimbatore Circle,09-Oct-2025 10:30 AM,https://etender.up.nic.in/nicgep/app?component=%24DirectLink_0&page=FrontEndAdvancedSearchResult&service=direct&session=T&sp=S8iAnalyfz1X%2BnvQiH6qccQ%3D%3D
2465,2025_HWAY_605656_1,[TN.No.26 / SI.No.03 / 2025-2026 / SDO / CPT - 24],20-Sep-2025 09:00 AM,Highways||NABARD and Rural Roads||Chengalpattu,07-Oct-2025 12:00 PM,https://etender.up.nic.in/nicgep/app?component=%24DirectLink_0&page=FrontEndAdvancedSearchResult&service=direct&session=T&sp=S%2BI3VjRgak3E6v%2FRSbec9Sg%3D%3D
2466,2025_TCSC_607935_1,[Providing Electrical Installation to the newly constructed  DPC under MGNREGS Scheme at Vadakadu Village in Alangudi taluk in Pudukottai districts],23-Sep-2025 05:00 PM,Tamil Nadu Civil Supplies Corporation||Head Office - Chennai,07-Oct-2025 02:00 PM,https://etender.up.nic.in/nicgep/app?component=%24DirectLink_0&page=FrontEndAdvancedSearchResult&service=direct&session=T&sp=SYPxCJPgwpn6usqnELZV4wg%3D%3D
2467,2025_TNSTC_607622_1,[Face Lifting Work for Karaikudi Region],23-Sep-2025 10:00 AM,Tamilnadu State Transport Corporation||Kumbakonam Corporation,03-Oct-2025 11:00 AM,https://etender.up.nic.in/nicgep/app?component=%24DirectLink_0&page=FrontEndAdvancedSearchResult&service=direct&session=T&sp=STrMcGL2JZ0zPP4IsVMEy%2FQ%3D%3D
2468,2025_HWAY_603361_1,"[TRY-84 / 2025-26, Keeranur SubDivision]",13-Sep-2025 06:00 PM,Highways||Construction and Maintenance Wing||Trichy Circle,07-Oct-2025 11:00 AM,https://tntenders.gov.in/nicgep/app?component=%24DirectLink&page=FrontEndLatestActiveCorrigendums&service=direct&session=T&sp=Sx7wS8Z4XC6Sa4VYCwI0pRA%3D%3D
2469,2025_RDTN_608819_1,"[Renovation of Anganwadi Building at Reddipalayam in Vellur Panchayat, Polur Block, Tiruvannamalai District]",25-Sep-2025 05:00 PM,"Rural Development and Panchayat Raj Department||Tiruvannamalai,RD,TN||POLUR, TIRUVANNAMALAI,RD,TN",30-Sep-2025 03:00 PM,https://etender.up.nic.in/nicgep/app?component=%24DirectLink_0&page=FrontEndAdvancedSearchResult&service=direct&session=T&sp=SrF0RtbAUGcWMTZz7nPcHmA%3D%3D
2470,2025_DTP_608166_1,[2025-26 15th FC Tied 1st Installment  Pudupalayam Town Panchayat],24-Sep-2025 09:00 AM,"Directorate of Town Panchayats||Vellore Zone||Pudupalayam Town Panchayat, Tiruvannamalai",30-Sep-2025 03:00 PM,https://etender.up.nic.in/nicgep/app?component=%24DirectLink_0&page=FrontEndAdvancedSearchResult&service=direct&session=T&sp=Sa%2BQVJeAaSP8%2BTunjXybL4A%3D%3D
2471,2025_HE_605008_1,[Chemicals],17-Sep-2025 04:00 PM,Higher Education||Bharathiar University||Centre for Research and Technology Development,03-Oct-2025 03:00 PM,https://tntenders.gov.in/nicgep/app?component=%24DirectLink&page=FrontEndLatestActiveCorrigendums&service=direct&session=T&sp=SGne032wUm9NQJWyN80u4Jg%3D%3D
2472,2025_TNPL_605930_1,[Providing skilled manpower (Work Assistant / Diploma holder / Lab Chemist / Others) assistance under outsourced category at TNPL Unit-1],19-Sep-2025 05:10 PM,Tamilnadu Newsprint and Papers Limited||TNPL Unit-1||TNPL TOS,06-Oct-2025 03:00 PM,https://etender.up.nic.in/nicgep/app?component=%24DirectLink_0&page=FrontEndAdvancedSearchResult&service=direct&session=T&sp=SE6jj83Qhavvw5gFpx5vOGw%3D%3D
2473,2025_HWAY_609003_1,[Roadwork],27-Sep-2025 10:00 AM,Highways||NABARD and Rural Roads||Tirunelveli,14-Oct-2025 11:00 AM,https://etender.up.nic.in/nicgep/app?component=%24DirectLink_0&page=FrontEndAdvancedSearchResult&service=direct&session=T&sp=SMTtn55vcvW9AHjzxKSOh8A%3D%3D
2474,2025_EB_604743_1,[Establishment of new Edapet  33/11 KV Outdoor Substation    with 1x8 MVA Power Transformer  (Electrical works only) at Melvayalamur Village in Villupuram EDC in Villupuram Region of TNPDCL under total Turnkey Basis],17-Sep-2025 06:00 PM,TNEB Limited||TANGEDCO||CE-Distribution-Villupuram - TANGEDCO,06-Oct-2025 02:00 PM,https://etender.up.nic.in/nicgep/app?component=%24DirectLink_0&page=FrontEndAdvancedSearchResult&service=direct&session=T&sp=SpqLQjJ39v5o8bGh89NOKNg%3D%3D
2475,2025_HWAY_603370_1,[TN No 42 2025 26 HDO Dt 03 09 2025 TVM 123],22-Sep-2025 11:00 AM,Highways||Construction and Maintenance Wing||Tiruvannamalai Circle,16-Oct-2025 11:00 AM,https://etender.up.nic.in/nicgep/app?component=%24DirectLink_0&page=FrontEndAdvancedSearchResult&service=direct&session=T&sp=SzeyUEkQ%2FeRePO6Cfx5BItw%3D%3D
2476,2025_HWAY_603351_1,[TN 36 25 26 Tirupur Division TPR 077],16-Sep-2025 05:30 PM,Highways||Construction and Maintenance Wing||Tiruppur Circle,09-Oct-2025 10:45 AM,https://etender.up.nic.in/nicgep/app?component=%24DirectLink_0&page=FrontEndAdvancedSearchResult&service=direct&session=T&sp=S0jgdObxU5VhuvqA8UkqN6g%3D%3D
2477,2025_WRD_606170_1,"[Rehabilitation, Replacement and repairs to the shuttering and hoisting arrangements in Surplus Regulators L1, L2, L3, VNSS Regulator and Infall Regulator of Veeranam Reservoir in Lalpet Village in Kattumannarkoil Taluk of Cuddalore District.]",19-Sep-2025 09:00 AM,Water Resources Department||CE WRD Chennai Region - Chennai||SE Vellar Basin Circle WRD - Cuddalore,07-Oct-2025 12:00 PM,https://tntenders.gov.in/nicgep/app?component=%24DirectLink&page=FrontEndLatestActiveCorrigendums&service=direct&session=T&sp=SeaAwkwAhiDtLNZI6%2FQQzKA%3D%3D
2478,2025_RDTN_608730_1,[A3/2512/2025 	],26-Sep-2025 09:00 AM,Rural Development and Panchayat Raj Department||Tirupathur RD TN||Jolarpet Tirupathur RD TN,06-Oct-2025 03:00 PM,https://etender.up.nic.in/nicgep/app?component=%24DirectLink_0&page=FrontEndAdvancedSearchResult&service=direct&session=T&sp=SWd80kgvLZcqSl4YzTBmOKg%3D%3D
2479,2025_MAWS_607664_1,"[Repair and maintenane of class room ,toilet and compound wall  at Municipal Middle School West, in  Aranthangi  Municipality.]",23-Sep-2025 09:00 AM,MAWS||Aranthangi Municipality,30-Sep-2025 03:00 PM,https://etender.up.nic.in/nicgep/app?component=%24DirectLink_0&page=FrontEndAdvancedSearchResult&service=direct&session=T&sp=Sy%2BXkNTAUbtIn%2FGjxlXqE8w%3D%3D
2480,2025_MAWS_609087_1,"[Supply,delivery and errection of mini highmast (12.50m pole) in ward-11 at Narasingapuram municipality]",26-Sep-2025 02:00 PM,MAWS||Narasingapuram Municipality,08-Oct-2025 03:00 PM,https://etender.up.nic.in/nicgep/app?component=%24DirectLink_0&page=FrontEndAdvancedSearchResult&service=direct&session=T&sp=SIQnBlxqOnRY4b0iQMm0DTA%3D%3D
2481,2025_DTP_609283_1,[Odugathur Tp/15th CFC 2025-2026/Ward-4 Drain],26-Sep-2025 05:00 PM,Directorate of Town Panchayats||Vellore Zone||Panapakkam Town Panchayat,30-Sep-2025 03:00 PM,https://etender.up.nic.in/nicgep/app?component=%24DirectLink_0&page=FrontEndAdvancedSearchResult&service=direct&session=T&sp=SYE%2B6b9034rGyxOkEzz7kxw%3D%3D
2482,2025_MAWS_608099_1,[Providing Childrens playing park arrangements at packiyanagar packiyanathapuram in ward 23],24-Sep-2025 06:55 PM,MAWS||Madurai Municipal Corporation,06-Oct-2025 03:00 PM,https://etender.up.nic.in/nicgep/app?component=%24DirectLink_0&page=FrontEndAdvancedSearchResult&service=direct&session=T&sp=SMGJcA3sqilAdmwtQ5SNPRg%3D%3D
2483,2025_EB_585627_1,[Hiring of 1.No diesel driven Van/Jeep/car for the official use of the Executive Engineer / Operation / Singarapet 230 KV SS.],25-Jul-2025 06:00 PM,TNEB Limited||TANTRANSCO||CE-System Operation-Chennai - TANTRANSCO||SE-Operation-Tiruvalam - TANTRANSCO,03-Oct-2025 02:00 PM,https://tntenders.gov.in/nicgep/app?component=%24DirectLink&page=FrontEndLatestActiveCorrigendums&service=direct&session=T&sp=S%2FC1e3kNPGOvzsvtTtK9cnQ%3D%3D
2484,2025_TNPL_605456_1,[RECONDITIONING OF VFD MODULE ACS800],18-Sep-2025 12:00 PM,Tamilnadu Newsprint and Papers Limited||TNPL Unit-1||TNPL Purchase,08-Oct-2025 03:00 PM,https://tntenders.gov.in/nicgep/app?component=%24DirectLink&page=FrontEndLatestActiveCorrigendums&service=direct&session=T&sp=SG2yLik1eUiFbqAuNHVGhCw%3D%3D
2485,2025_DoTE_602590_1,[PURCHASE OF TWIN WIRE  ARC SPRAY SYSTEM],10-Sep-2025 06:00 PM,Directorate of Technical Education||Govt. Engineering College - DOTE||Government College of Engineering - Bargur,09-Oct-2025 06:00 PM,https://etender.up.nic.in/nicgep/app?component=%24DirectLink_0&page=FrontEndAdvancedSearchResult&service=direct&session=T&sp=SA1t9O6pyx7zwOs9rrsGSow%3D%3D
2486,2025_TNPL_608221_1,[Minor Overhaul of 41 MW STG - TG 6 in Energy Mechanical at TNPL Unit-1],24-Sep-2025 05:00 PM,Tamilnadu Newsprint and Papers Limited||TNPL Unit-1||TNPL TOS,08-Oct-2025 03:00 PM,https://etender.up.nic.in/nicgep/app?component=%24DirectLink_0&page=FrontEndAdvancedSearchResult&service=direct&session=T&sp=SHgAdaG4ahevDzpONfCo6Lg%3D%3D
2487,2025_HWAY_604867_1,[CRIDP -2022-23],17-Sep-2025 06:30 PM,Highways||Construction and Maintenance Wing||Coimbatore Circle||Coimbatore,03-Oct-2025 03:00 PM,https://etender.up.nic.in/nicgep/app?component=%24DirectLink_0&page=FrontEndAdvancedSearchResult&service=direct&session=T&sp=SL6Gnk9iP%2Bo%2BwDANSbYLrGw%3D%3D
2488,2025_PWD_608330_1,[Providing Fire Fighting and Medical Gas Line Arrangements for Construction of 50 Bedded Critical Care Wing and MCH Wing in Government Hospital at Sivakasi in Virudhunagar District],25-Sep-2025 09:00 AM,"PWD||PWD CE buildings||Chief Engineer - Madurai Region - Madurai||Buildings (C and M) Circle, Sivagangai||Buildings (C and M) Division, Sivagangai",08-Oct-2025 03:00 PM,https://etender.up.nic.in/nicgep/app?component=%24DirectLink_0&page=FrontEndAdvancedSearchResult&service=direct&session=T&sp=SqCPJ%2BlX%2FFOZ9CoD%2BfjpG%2Bw%3D%3D
2489,2025_EB_599565_1,[CONSTRUCTION OF CONTROL ROOM BUILDING AND ALLIED CIVIL WORKS IN PROPOSED 33/11 KV UCHAPATTY (SIDCO) SS IN MADURAI EDC],03-Sep-2025 10:00 AM,TNEB Limited||TANGEDCO||CE-Distribution-Madurai - TANGEDCO,03-Oct-2025 02:00 PM,https://tntenders.gov.in/nicgep/app?component=%24DirectLink&page=FrontEndLatestActiveCorrigendums&service=direct&session=T&sp=SqEJfLtamlIjwi8DfB0gjIw%3D%3D
2490,2025_MAWS_607659_1,[Repair and Maintance at Anganvadi Center Ward No 8 Kaiythemillath Nagar in Vandavasi Municipality],23-Sep-2025 10:00 AM,MAWS||Vandavasi Municipality,08-Oct-2025 03:00 PM,https://etender.up.nic.in/nicgep/app?component=%24DirectLink_0&page=FrontEndAdvancedSearchResult&service=direct&session=T&sp=SCSseTRta7mY06o4qt6hiCg%3D%3D
2491,2025_RDTN_610138_1,[1. CONSTRUCTION OF CO LOCATION OF CSC PANCHAYAT BHAWAN AT MAVATTAGUDI  IN MAVATTAGUDI  PANCHAYAT  RRGSA  2025-26  Kottur Block  Tiruvarur Dist Package no 2],29-Sep-2025 04:50 PM,"Rural Development and Panchayat Raj Department||Tiruvarur,RD,TN||KOTTUR - VP, TIRUVARUR,RD,TN",07-Oct-2025 03:00 PM,https://etender.up.nic.in/nicgep/app?component=%24DirectLink_0&page=FrontEndAdvancedSearchResult&service=direct&session=T&sp=SeCmZbeaE3SnxBmtBewovwQ%3D%3D
2492,2025_MAWS_607225_1,[GENERAL FUND-2025-2026-Repair and Maintanace of Drain at Ward No.11 Advaith  Area in Karamadai Municipality.],22-Sep-2025 09:00 AM,MAWS||Karamadai Municipality,30-Sep-2025 03:00 PM,https://etender.up.nic.in/nicgep/app?component=%24DirectLink_0&page=FrontEndAdvancedSearchResult&service=direct&session=T&sp=S%2FhnLVf67o0p%2BVMhravZseA%3D%3D
2493,2025_HWAY_603153_1,[VPM-104-CRIDP 2025-26],18-Sep-2025 10:00 AM,Highways||Construction and Maintenance Wing||Villupuram Circle,15-Oct-2025 12:00 PM,https://etender.up.nic.in/nicgep/app?component=%24DirectLink_0&page=FrontEndAdvancedSearchResult&service=direct&session=T&sp=Sx%2BHjOxxIfCC7r4L3M1N7Nw%3D%3D
2494,2025_HWAY_608043_1,[Construction of High Level Bridge at Km 2/8 of Nelvoy -Kunjalam Road],26-Sep-2025 09:00 AM,Highways||NABARD and Rural Roads||Chengalpattu,22-Oct-2025 12:00 PM,https://etender.up.nic.in/nicgep/app?component=%24DirectLink_0&page=FrontEndAdvancedSearchResult&service=direct&session=T&sp=S9kwQMR0%2FJyZdEyH6zBHLrw%3D%3D
2495,2025_TNPL_605463_1,[PROCUREMENT OF 160KW VFD WITH PANEL FOR EVAPORATOR FINISHER 1A PUMP],18-Sep-2025 12:00 PM,Tamilnadu Newsprint and Papers Limited||TNPL Unit-1||TNPL Purchase,06-Oct-2025 03:00 PM,https://tntenders.gov.in/nicgep/app?component=%24DirectLink&page=FrontEndLatestActiveCorrigendums&service=direct&session=T&sp=Sc91CAfk%2FAolmldZAWOgqOw%3D%3D
2496,2025_EB_599016_1,[SUPPLY OF FLANGE MOUNTED HELICAL GEARED MOTOR WITH EMITTING RAPPING GEAR BOX FOR UNIT IV and V ESP   ],30-Aug-2025 04:00 PM,TNEB Limited||TANGEDCO||CE-TTPS - TANGEDCO||SE-Purchase and Administration-TTPS - TANGEDCO,03-Oct-2025 02:00 PM,https://tntenders.gov.in/nicgep/app?component=%24DirectLink&page=FrontEndLatestActiveCorrigendums&service=direct&session=T&sp=SmYtUR3mV49vvgp%2FTTcFJ6g%3D%3D
2497,2025_TCMPF_607439_1,[Service contract for SMP and Butter Packing and stacking activities for one year],22-Sep-2025 04:45 PM,"Tamilnadu Co-op Milk Producers Federation Ltd.||Material Purchase -JMD Unit,TCMPF",15-Oct-2025 03:00 PM,https://etender.up.nic.in/nicgep/app?component=%24DirectLink_0&page=FrontEndAdvancedSearchResult&service=direct&session=T&sp=SMMfiGt%2BUTAOoaIgbwsoAtQ%3D%3D
2498,2025_MAWS_609570_1,[Maintenance and Repairs to ICDS Center at Uyyakondan Thirumalai mela Street  Nehruji nagar ],27-Sep-2025 01:20 PM,MAWS||Tiruchirappalli City Municipal Corporation,30-Sep-2025 03:00 PM,https://etender.up.nic.in/nicgep/app?component=%24DirectLink_0&page=FrontEndAdvancedSearchResult&service=direct&session=T&sp=Sx46HOCFF08YEDRawDYSkfg%3D%3D
2499,2025_PWD_597078_1,[Construction of 8 Classroom building in Government Higher Secondary School at Kannirajapuram in Ramanathapuram District],25-Aug-2025 01:45 PM,"PWD||PWD CE buildings||Chief Engineer - Madurai Region - Madurai||Buildings (C and M) Circle, Sivagangai||Buildings (C and M) Division, Sivagangai",06-Oct-2025 03:00 PM,https://tntenders.gov.in/nicgep/app?component=%24DirectLink&page=FrontEndLatestActiveCorrigendums&service=direct&session=T&sp=SbgjY2yBIC8HWbihgtwiJ6w%3D%3D
2500,2025_RDTN_604759_1,[Tirupathur District MLACDS 2025-26 Providing Interlocking Paver block From Vinoth House to Ramasamy House at Reddyar Street Thippasamudhuram in Pa. Muthampatti Panchayat Package No.03],19-Sep-2025 09:00 AM,Rural Development and Panchayat Raj Department||Tirupathur RD TN||Kandili Tirupathur RD TN,30-Sep-2025 03:00 PM,https://etender.up.nic.in/nicgep/app?component=%24DirectLink_0&page=FrontEndAdvancedSearchResult&service=direct&session=T&sp=S2%2B1bI3k1I%2FW9d17ys6nEmw%3D%3D
2501,2025_MTC_609823_1,[Supply Testing and commissioning of 11 KV Outdoor Distribution Transformer Vacuum circuit Breaker and Ring Main gear panels for Headquarters office uses],27-Sep-2025 06:55 PM,Metropolitan Transport Corporation(Chennai) Ltd.||Purchase Section,15-Oct-2025 02:30 PM,https://etender.up.nic.in/nicgep/app?component=%24DirectLink_0&page=FrontEndAdvancedSearchResult&service=direct&session=T&sp=SOGgNqqOLP824zudLIyDdxQ%3D%3D
2502,2025_RDTN_604725_1,[Tirupathur District MLACDS 2025-26 Construction of Multipurpose Building amman Koil vattam Maikamedi H/O Elavampatti Panchayat Package No.01],19-Sep-2025 09:00 AM,Rural Development and Panchayat Raj Department||Tirupathur RD TN||Kandili Tirupathur RD TN,30-Sep-2025 03:00 PM,https://etender.up.nic.in/nicgep/app?component=%24DirectLink_0&page=FrontEndAdvancedSearchResult&service=direct&session=T&sp=Sd8nzok5KmghbmFECjqrWzg%3D%3D
2503,2025_HWAY_604985_1,[Restoration Works -2025-26],17-Sep-2025 06:30 PM,Highways||Construction and Maintenance Wing||Coimbatore Circle||Coimbatore,03-Oct-2025 03:00 PM,https://etender.up.nic.in/nicgep/app?component=%24DirectLink_0&page=FrontEndAdvancedSearchResult&service=direct&session=T&sp=SfP3j8G2GxYENj6Xqv%2F5gaw%3D%3D
2504,2025_TNPL_609226_1,[OPTICAL FIBRE CABLE SPLICING AND OTDR TESTING WORK  AT TNPL UNIT - II],26-Sep-2025 06:00 PM,Tamilnadu Newsprint and Papers Limited||TNPL Unit-2||TNPL TOS,03-Oct-2025 03:00 PM,https://etender.up.nic.in/nicgep/app?component=%24DirectLink_0&page=FrontEndAdvancedSearchResult&service=direct&session=T&sp=SbVy%2BJejSkkn3J3hNWxixvw%3D%3D
2505,2025_CoC_609513_1,[R.D.C.N.C.D.C.No. B3 / 325A / 2025],27-Sep-2025 01:30 PM,"Corporation of Chennai||Regional Office North,CoC",06-Oct-2025 03:00 PM,https://etender.up.nic.in/nicgep/app?component=%24DirectLink_0&page=FrontEndAdvancedSearchResult&service=direct&session=T&sp=SsvKGz%2FYzyrdieNvIHC5lZA%3D%3D
2506,2025_RDTN_609471_7,[Providing CC Pavement at Kuthalaperi Pallivasal Street Near Amman Kovil in Mavadi  Panchayat],27-Sep-2025 10:00 AM,"Rural Development and Panchayat Raj Department||Tirunelveli,RD,TN||MANUR, TIRUNELVELI,RD,TN",06-Oct-2025 03:00 PM,https://etender.up.nic.in/nicgep/app?component=%24DirectLink_0&page=FrontEndAdvancedSearchResult&service=direct&session=T&sp=SlpvmW99kLpK363s7jUiJVQ%3D%3D
2507,2025_HE_608279_1,[SriperumbudurEle_2025],24-Sep-2025 12:30 PM,Higher Education||Technical Education Circle - PWD Chennai||Technical Education Division - PWD Chennai,06-Oct-2025 03:00 PM,https://etender.up.nic.in/nicgep/app?component=%24DirectLink_0&page=FrontEndAdvancedSearchResult&service=direct&session=T&sp=SzQvnH7YW9kqxYwwrlGggGg%3D%3D
2508,2025_TTDCL_600238_1,"[Conduct of the 50th India Tourist and Industrial Fair 2026 at Island Grounds, Chennai for 70 days]",04-Sep-2025 10:00 AM,Tamil Nadu Tourism Development Corporation Limited||Fair Section,06-Oct-2025 12:00 PM,https://etender.up.nic.in/nicgep/app?component=%24DirectLink_0&page=FrontEndAdvancedSearchResult&service=direct&session=T&sp=SuqUhhB2HZVd8RHKzLLcmag%3D%3D
2509,2025_EB_608974_1,[BEARINGS FOR ID  FD  PA FANS],26-Sep-2025 02:00 PM,TNEB Limited||TANGEDCO||CE-NCTPS-I - TANGEDCO||SE-Purchase and Administration-NCTPS-I - TANGEDCO,14-Oct-2025 02:00 PM,https://etender.up.nic.in/nicgep/app?component=%24DirectLink_0&page=FrontEndAdvancedSearchResult&service=direct&session=T&sp=SiTfVUViJAQXBa1SjQ8%2Fl2g%3D%3D
2510,2025_RDTN_608242_1,[Black Topping the Erankattur Inner Street H/O.Perumugai ],24-Sep-2025 12:00 PM,"Rural Development and Panchayat Raj Department||Erode,RD,TN||THOOCKANAICKENPAM, ERODE,RD,TN",30-Sep-2025 03:00 PM,https://etender.up.nic.in/nicgep/app?component=%24DirectLink_0&page=FrontEndAdvancedSearchResult&service=direct&session=T&sp=Sd7Os%2BtgRhDaCRmLFJqsi7w%3D%3D
2511,2025_DTP_609609_1,[2025-26 -15th Finance Commission - 1st  Installment Untied Grant -  Road works],27-Sep-2025 01:55 PM,"Directorate of Town Panchayats||Cuddalore Zone||Bhuvanagiri Town Panchayat, Cuddalore",03-Oct-2025 03:00 PM,https://tntenders.gov.in/nicgep/app?component=%24DirectLink&page=FrontEndLatestActiveCorrigendums&service=direct&session=T&sp=SrHe9mDeUtF6BPrbSYf5v0Q%3D%3D
2512,2025_DoTE_608227_1,[Supply and Installation of 4port Auto Attendant unit for BPL EPABX System ],24-Sep-2025 11:30 AM,Directorate of Technical Education,06-Oct-2025 11:00 AM,https://etender.up.nic.in/nicgep/app?component=%24DirectLink_0&page=FrontEndAdvancedSearchResult&service=direct&session=T&sp=SySNGmO%2FXeIlj2%2FZMLzKs4Q%3D%3D
2513,2025_EB_603424_1,[Establishment of new 33/11kv ss at Sengadu (Electrical works) under turn key],15-Sep-2025 12:00 PM,TNEB Limited||TANGEDCO||CE-Thiruvannamalai - TANGEDCO,16-Oct-2025 02:00 PM,https://etender.up.nic.in/nicgep/app?component=%24DirectLink_0&page=FrontEndAdvancedSearchResult&service=direct&session=T&sp=SWqAZTt2TmHGS2Qm38Z9VtA%3D%3D
2514,2025_PWD_605691_1,[Construction of Bivoltine seed Market in sericulture seed farm at Hosur in Krishnagiri District .],19-Sep-2025 03:00 PM,"PWD||PWD CE buildings||Chief  Engineer-Coimbatore Region - Coimbatore||Buildings (C and M) Circle, Salem",06-Oct-2025 03:00 PM,https://etender.up.nic.in/nicgep/app?component=%24DirectLink_0&page=FrontEndAdvancedSearchResult&service=direct&session=T&sp=SMKa1lwfngsoogrsl8L9fOA%3D%3D
2515,2025_EB_606488_1,[T.S.No.019/2025-26 of SE/GCC/SALEM(MM)- Handling of scraps  and materials in the Stock yards for annual stock verification for the year 2025-26 at Central Stores / GCC/ K.R.Thoppur/ Salem],19-Sep-2025 04:15 PM,TNEB Limited||TANTRANSCO||CE-Transmission Projects-I-Chennai - TANTRANSCO||SE-GCC-Salem - TANTRANSCO,03-Oct-2025 02:00 PM,https://etender.up.nic.in/nicgep/app?component=%24DirectLink_0&page=FrontEndAdvancedSearchResult&service=direct&session=T&sp=SSi9NcMrO4PCU8S0vQW%2FD3Q%3D%3D
2516,2025_EB_609119_1,[HT LT line erection works in Palladam Division under Running works contract ],26-Sep-2025 01:40 PM,TNEB Limited||TANGEDCO||CE-Distribution-Coimbatore - TANGEDCO||SE-Palladam - TANGEDCO,03-Oct-2025 03:00 PM,https://etender.up.nic.in/nicgep/app?component=%24DirectLink_0&page=FrontEndAdvancedSearchResult&service=direct&session=T&sp=SYnyXb22ToSKpE2ZAHs3RrA%3D%3D
2517,2025_EB_605238_1,[Supply of LT Metal parts 10000 set],17-Sep-2025 04:30 PM,TNEB Limited||TANGEDCO||CE-Distribution-Coimbatore - TANGEDCO||SE-Palladam - TANGEDCO,03-Oct-2025 03:00 PM,https://etender.up.nic.in/nicgep/app?component=%24DirectLink_0&page=FrontEndAdvancedSearchResult&service=direct&session=T&sp=SgsWzm6RWfalNckZkzwLTGw%3D%3D
2518,2025_HWAY_609163_1,[Upgradation of Panchayat Union / Panchayat Roads to Other District Roads (SLM-9)],27-Sep-2025 11:00 AM,Highways||NABARD and Rural Roads||Salem,14-Oct-2025 11:00 AM,https://etender.up.nic.in/nicgep/app?component=%24DirectLink_0&page=FrontEndAdvancedSearchResult&service=direct&session=T&sp=SAainQFkpOt3A4xlGv%2FBRQw%3D%3D
2519,2025_DTP_608172_1,[2025-26 15th FC Tied 1st Installment  Pudupalayam Town Panchayat],24-Sep-2025 09:00 AM,"Directorate of Town Panchayats||Vellore Zone||Pudupalayam Town Panchayat, Tiruvannamalai",30-Sep-2025 03:00 PM,https://etender.up.nic.in/nicgep/app?component=%24DirectLink_0&page=FrontEndAdvancedSearchResult&service=direct&session=T&sp=SAvZppPb9EFjnK%2Bfzr35PhQ%3D%3D
2520,2025_TNPL_608299_1,[D0 / D1 Tower top FRP cover removal and fixing at 26 meter height level at Pulp-Mechanical],24-Sep-2025 05:30 PM,Tamilnadu Newsprint and Papers Limited||TNPL Unit-1||TNPL TOS,08-Oct-2025 03:00 PM,https://etender.up.nic.in/nicgep/app?component=%24DirectLink_0&page=FrontEndAdvancedSearchResult&service=direct&session=T&sp=S14kQ840%2Bs8KNkKJbAK%2Bolw%3D%3D
2521,2025_DTP_607076_1,[Maintenance work at Melpuram market in Edaicode Town Panchayat.],20-Sep-2025 05:50 PM,Directorate of Town Panchayats||Nagercoil Zone||Edaikkodu Town Panchayat,30-Sep-2025 03:00 PM,https://etender.up.nic.in/nicgep/app?component=%24DirectLink_0&page=FrontEndAdvancedSearchResult&service=direct&session=T&sp=SHm7%2BLFozd%2Fi3VOrBsAppgw%3D%3D
2522,2025_HRCE_550758_1,"[Repair and Restoration work in Arulmigu Moontreeswaramudayar Thirukovil, Athalanallur, Cheranmahadevi Taluk and Tirunelveli District.]",24-Apr-2025 06:00 PM,Hindu Religious and Charitable Endowments||Joint Commissioner office - Tirunelveli||Arulmigu Moonreswaramudayar Temple-Athalanallur,15-Oct-2025 02:00 PM,https://tntenders.gov.in/nicgep/app?component=%24DirectLink&page=FrontEndLatestActiveCorrigendums&service=direct&session=T&sp=SpfOrp3hbj0H5qTpV1eWG0Q%3D%3D
2523,2025_MAWS_609396_1,[EAUCTION FOR WEEKLY MARKET SHOP NO 17],27-Sep-2025 09:00 AM,MAWS||Vellakoil Municipality,10-Oct-2025 11:00 AM,https://etender.up.nic.in/nicgep/app?component=%24DirectLink_0&page=FrontEndAdvancedSearchResult&service=direct&session=T&sp=S7ysIf3Belw%2FiiWWIVhVnhA%3D%3D
2524,2025_TNPL_609682_1,[PROVIDING AND ERECTION OF SCAFFOLDING IN POWER BOILER FURNACE AT TNPL UNIT- II],27-Sep-2025 06:00 PM,Tamilnadu Newsprint and Papers Limited||TNPL Unit-2||TNPL TOS,10-Oct-2025 03:00 PM,https://etender.up.nic.in/nicgep/app?component=%24DirectLink_0&page=FrontEndAdvancedSearchResult&service=direct&session=T&sp=S4azNaCR8oOboBHnm67DMkQ%3D%3D
