S.No,Page No,e-Published Date,Closing Date,Opening Date,Title,TenderID,Link,Organisation Chain
21,2,29-Sep-2025 09:00 AM,04-Oct-2025 03:00 PM,04-Oct-2025 03:30 PM,[Repairing of heavy leakage in 450 mm / 300 mm dia water line  opposite A-38 Vivek Vihar Phase 2 on Vishkarma Nagar Road in ward 216 AC-62 in EE(C)-04.],"[Repairing of heavy leakage in 450 mm / 300 mm dia water line  opposite A-38 Vivek Vihar Phase 2 on Vishkarma Nagar Road in ward 216 AC-62 in EE(C)-04.]
																				[NIT No. 05 (2025-26) Civil-4][2025_DJB_278914_1]",https://etender.up.nic.in/nicgep/app?component=%24DirectLink_0&page=FrontEndAdvancedSearchResult&service=direct&session=T&sp=SRBwNeF2yjql%2BnpYkI1kIaw%3D%3D,Delhi Jal Board||Delhi Jal Board||EE (Civil) - 4
22,2,29-Sep-2025 09:00 AM,04-Oct-2025 03:00 PM,04-Oct-2025 03:30 PM,"[Replacement of old and damaged 250 mm dia RCC sewer line with 300 mm dia SN8 sewer line in Gali no. 12, Shanker Nagar Extension and its adjoining areas, in ward no. 214, in AC-61, Gandhi Nagar, under EE (C-04)]","[Replacement of old and damaged 250 mm dia RCC sewer line with 300 mm dia SN8 sewer line in Gali no. 12, Shanker Nagar Extension and its adjoining areas, in ward no. 214, in AC-61, Gandhi Nagar, under EE (C-04)]
																				[NIT No. 05 (2025-26) Civil-4][2025_DJB_278914_4]",https://etender.up.nic.in/nicgep/app?component=%24DirectLink_0&page=FrontEndAdvancedSearchResult&service=direct&session=T&sp=SF%2FxkL%2BS130yT4d1eTa7Qew%3D%3D,Delhi Jal Board||Delhi Jal Board||EE (Civil) - 4
23,2,27-Sep-2025 06:55 PM,03-Oct-2025 03:00 PM,03-Oct-2025 03:30 PM,[NIT No.09(2025-26)EE(C)-26 Item No_01],"[NIT No.09(2025-26)EE(C)-26 Item No_01]
																				[NIT No. 09(2025-26)EE(C)-26][2025_DJB_278904_1]",https://etender.up.nic.in/nicgep/app?component=%24DirectLink_0&page=FrontEndAdvancedSearchResult&service=direct&session=T&sp=S7h5gGzV2ozFk9Y7HP4qAbA%3D%3D,Delhi Jal Board||Delhi Jal Board||EE (Civil) - 26
24,2,27-Sep-2025 06:55 PM,03-Oct-2025 03:00 PM,03-Oct-2025 03:30 PM,"[RMO EandM Services at Delhi Sachivalaya, New Delhi Sachivalaya during 2025-26 SH SITC of 55 inch  smart TV at Various location in Delhi Sachivalaya building)]","[RMO EandM Services at Delhi Sachivalaya, New Delhi Sachivalaya during 2025-26 SH SITC of 55 inch  smart TV at Various location in Delhi Sachivalaya building)]
																				[DB/EE(E) PWD/M-253/2025-26][2025_PWD_278912_1]",https://etender.up.nic.in/nicgep/app?component=%24DirectLink_0&page=FrontEndAdvancedSearchResult&service=direct&session=T&sp=SbX1QATxVfWTzArKpOuP%2B%2Bg%3D%3D,Public Works Department||CE/SE/M2-M25||EE/M253
25,2,27-Sep-2025 06:55 PM,03-Oct-2025 03:00 PM,03-Oct-2025 03:30 PM,[NIT No.09(2025-26)EE(C)-26 Item No_02],"[NIT No.09(2025-26)EE(C)-26 Item No_02]
																				[NIT No. 09(2025-26)EE(C)-26][2025_DJB_278904_2]",https://etender.up.nic.in/nicgep/app?component=%24DirectLink_0&page=FrontEndAdvancedSearchResult&service=direct&session=T&sp=SLhnKllLFI788wElILFrjlA%3D%3D,Delhi Jal Board||Delhi Jal Board||EE (Civil) - 26
26,2,27-Sep-2025 06:55 PM,04-Oct-2025 03:00 PM,04-Oct-2025 03:30 PM,"[EOR to Deep Chand Bandhu Hospital at Kokiwala Bagh, Ashok Vihar, New Delhi during 2025-26. (SH- Providing and fixing uPVC Pipe for AC water, providing of drainage pipe in Basement and Strengthening of security measures at De-addiction center).]","[EOR to Deep Chand Bandhu Hospital at Kokiwala Bagh, Ashok Vihar, New Delhi during 2025-26. (SH- Providing and fixing uPVC Pipe for AC water, providing of drainage pipe in Basement and Strengthening of security measures at De-addiction center).]
																				[23/EE/HMD(North)/PWD/2025-26 (Recall)][2025_PWD_278883_1]",https://etender.up.nic.in/nicgep/app?component=%24DirectLink_0&page=FrontEndAdvancedSearchResult&service=direct&session=T&sp=SZTYUhx4S7dkju%2BxWOr6uZg%3D%3D,Public Works Department||CE/SE/M3-M33||EE/M332(N)
27,2,27-Sep-2025 06:55 PM,04-Oct-2025 11:15 AM,04-Oct-2025 11:30 AM,[NIT No. 13(2025-26)M-4 ITEM No. 12],"[NIT No. 13(2025-26)M-4 ITEM No. 12]
																				[NIT No. 13(2025-26)M-4][2025_DJB_278901_12]",https://etender.up.nic.in/nicgep/app?component=%24DirectLink_0&page=FrontEndAdvancedSearchResult&service=direct&session=T&sp=SFknhV3ebKlSDTe0CxFDz7A%3D%3D,Delhi Jal Board||Delhi Jal Board||EE (E and M) M-3
28,2,27-Sep-2025 06:55 PM,04-Oct-2025 11:15 AM,04-Oct-2025 11:30 AM,[NIT No. 13(2025-26)M-4 ITEM No. 11],"[NIT No. 13(2025-26)M-4 ITEM No. 11]
																				[NIT No. 13(2025-26)M-4][2025_DJB_278901_11]",https://etender.up.nic.in/nicgep/app?component=%24DirectLink_0&page=FrontEndAdvancedSearchResult&service=direct&session=T&sp=SNIZZZJL4MROnAFsohZBJTA%3D%3D,Delhi Jal Board||Delhi Jal Board||EE (E and M) M-3
29,2,27-Sep-2025 06:55 PM,04-Oct-2025 11:15 AM,04-Oct-2025 11:30 AM,[NIT No. 13(2025-26)M-4 ITEM No. 10],"[NIT No. 13(2025-26)M-4 ITEM No. 10]
																				[NIT No. 13(2025-26)M-4][2025_DJB_278901_10]",https://etender.up.nic.in/nicgep/app?component=%24DirectLink_0&page=FrontEndAdvancedSearchResult&service=direct&session=T&sp=Smjm520vb66ynxKdfhhm6aw%3D%3D,Delhi Jal Board||Delhi Jal Board||EE (E and M) M-3
30,2,27-Sep-2025 06:55 PM,04-Oct-2025 11:15 AM,04-Oct-2025 11:30 AM,[NIT No. 13(2025-26)M-4 ITEM No. 09],"[NIT No. 13(2025-26)M-4 ITEM No. 09]
																				[NIT No. 13(2025-26)M-4][2025_DJB_278901_9]",https://etender.up.nic.in/nicgep/app?component=%24DirectLink_0&page=FrontEndAdvancedSearchResult&service=direct&session=T&sp=SUWHLipOWmN%2FXaZYttk0xLg%3D%3D,Delhi Jal Board||Delhi Jal Board||EE (E and M) M-3
31,2,27-Sep-2025 06:55 PM,04-Oct-2025 11:15 AM,04-Oct-2025 11:30 AM,[NIT No. 13(2025-26)M-4 ITEM No. 08],"[NIT No. 13(2025-26)M-4 ITEM No. 08]
																				[NIT No. 13(2025-26)M-4][2025_DJB_278901_8]",https://etender.up.nic.in/nicgep/app?component=%24DirectLink_0&page=FrontEndAdvancedSearchResult&service=direct&session=T&sp=SICo8OnBhABATJniNYoZ6RQ%3D%3D,Delhi Jal Board||Delhi Jal Board||EE (E and M) M-3
32,2,27-Sep-2025 06:55 PM,04-Oct-2025 11:15 AM,04-Oct-2025 11:30 AM,[NIT No. 13(2025-26)M-4 ITEM No. 07],"[NIT No. 13(2025-26)M-4 ITEM No. 07]
																				[NIT No. 13(2025-26)M-4][2025_DJB_278901_7]",https://etender.up.nic.in/nicgep/app?component=%24DirectLink_0&page=FrontEndAdvancedSearchResult&service=direct&session=T&sp=SkUaf8uMqOAq6Mh2n1m8tDg%3D%3D,Delhi Jal Board||Delhi Jal Board||EE (E and M) M-3
33,2,27-Sep-2025 06:55 PM,04-Oct-2025 11:15 AM,04-Oct-2025 11:30 AM,[NIT No. 13(2025-26)M-4 ITEM No. 06],"[NIT No. 13(2025-26)M-4 ITEM No. 06]
																				[NIT No. 13(2025-26)M-4][2025_DJB_278901_6]",https://etender.up.nic.in/nicgep/app?component=%24DirectLink_0&page=FrontEndAdvancedSearchResult&service=direct&session=T&sp=StZdR62p4gH5%2BMJhJ9Jd3mQ%3D%3D,Delhi Jal Board||Delhi Jal Board||EE (E and M) M-3
34,2,27-Sep-2025 06:55 PM,04-Oct-2025 11:15 AM,04-Oct-2025 11:30 AM,[NIT No. 13(2025-26)M-4 ITEM No. 05],"[NIT No. 13(2025-26)M-4 ITEM No. 05]
																				[NIT No. 13(2025-26)M-4][2025_DJB_278901_5]",https://etender.up.nic.in/nicgep/app?component=%24DirectLink_0&page=FrontEndAdvancedSearchResult&service=direct&session=T&sp=SOD6aYD3uX4Vtm%2FGGvetWdg%3D%3D,Delhi Jal Board||Delhi Jal Board||EE (E and M) M-3
35,2,27-Sep-2025 06:55 PM,04-Oct-2025 11:15 AM,04-Oct-2025 11:30 AM,[NIT No. 13(2025-26)M-4 ITEM No. 04],"[NIT No. 13(2025-26)M-4 ITEM No. 04]
																				[NIT No. 13(2025-26)M-4][2025_DJB_278901_4]",https://etender.up.nic.in/nicgep/app?component=%24DirectLink_0&page=FrontEndAdvancedSearchResult&service=direct&session=T&sp=So1dmusI0rBytgPPwTmKl2A%3D%3D,Delhi Jal Board||Delhi Jal Board||EE (E and M) M-3
36,2,27-Sep-2025 06:55 PM,04-Oct-2025 11:15 AM,04-Oct-2025 11:30 AM,[NIT No. 13(2025-26)M-4 ITEM No. 03],"[NIT No. 13(2025-26)M-4 ITEM No. 03]
																				[NIT No. 13(2025-26)M-4][2025_DJB_278901_3]",https://etender.up.nic.in/nicgep/app?component=%24DirectLink_0&page=FrontEndAdvancedSearchResult&service=direct&session=T&sp=SfT7De3Q3%2FoYn7qt0WQAYFQ%3D%3D,Delhi Jal Board||Delhi Jal Board||EE (E and M) M-3
37,2,27-Sep-2025 06:55 PM,04-Oct-2025 11:15 AM,04-Oct-2025 11:30 AM,[NIT No. 13(2025-26)M-4 ITEM No. 02],"[NIT No. 13(2025-26)M-4 ITEM No. 02]
																				[NIT No. 13(2025-26)M-4][2025_DJB_278901_2]",https://etender.up.nic.in/nicgep/app?component=%24DirectLink_0&page=FrontEndAdvancedSearchResult&service=direct&session=T&sp=Sxcl4uVGY2FaG%2BGr0kzuSuQ%3D%3D,Delhi Jal Board||Delhi Jal Board||EE (E and M) M-3
38,2,27-Sep-2025 06:55 PM,04-Oct-2025 11:15 AM,04-Oct-2025 11:30 AM,[NIT No. 13(2025-26)M-4 ITEM No. 01],"[NIT No. 13(2025-26)M-4 ITEM No. 01]
																				[NIT No. 13(2025-26)M-4][2025_DJB_278901_1]",https://etender.up.nic.in/nicgep/app?component=%24DirectLink_0&page=FrontEndAdvancedSearchResult&service=direct&session=T&sp=S%2BjxhF5uXC48ZVGCIUImaRw%3D%3D,Delhi Jal Board||Delhi Jal Board||EE (E and M) M-3
39,2,27-Sep-2025 06:50 PM,04-Oct-2025 03:00 PM,04-Oct-2025 03:30 PM,"[Remodelling of old bricks drain into RCC drain from Shubham enclave to Major Ashwani cut on Road no 30 under Sub Division NWR-24, Division NWR-2, During 2025-26.]","[Remodelling of old bricks drain into RCC drain from Shubham enclave to Major Ashwani cut on Road no 30 under Sub Division NWR-24, Division NWR-2, During 2025-26.]
																				[48/EE/NWR-2/PWD/2025-26][2025_PWD_278905_1]",https://etender.up.nic.in/nicgep/app?component=%24DirectLink_0&page=FrontEndAdvancedSearchResult&service=direct&session=T&sp=Szf5V78zC7G%2Fp%2BTKEyzei%2Fw%3D%3D,Public Works Department||CE/SE/M3-M31||EE/M312
40,2,27-Sep-2025 06:50 PM,04-Oct-2025 03:00 PM,04-Oct-2025 03:30 PM,"[A/R and M/O to various road PWD Division North West Road-1 under Sub Division NWR-14 during 2025-26. (SH Wall painting/mural art painting on Boundary wall at Cannal Road, Shalamar Chowk, Prembari pull to Singhalpur village and Swami Shardhanand Saras]","[A/R and M/O to various road PWD Division North West Road-1 under Sub Division NWR-14 during 2025-26. (SH Wall painting/mural art painting on Boundary wall at Cannal Road, Shalamar Chowk, Prembari pull to Singhalpur village and Swami Shardhanand Saras]
																				[51/EE/NWR-1/PWD/2025-26 (1st Recall)][2025_PWD_278913_1]",https://etender.up.nic.in/nicgep/app?component=%24DirectLink_0&page=FrontEndAdvancedSearchResult&service=direct&session=T&sp=SgVRz%2BFHEEB12FTLF3KOHkg%3D%3D,Public Works Department||CE/SE/M3-M31||EE/M311(N)
341,17,24-Sep-2025 06:00 PM,30-Sep-2025 03:00 PM,30-Sep-2025 03:30 PM,"[Maintenance of EI , Fans at Circle , Civil Offices under PWD DHC,ND/Central, New Delhi ]","[Maintenance of EI , Fans at Circle , Civil Offices under PWD DHC,ND/Central, New Delhi ]
																				[136/EEE/PWDDHC,NDC2025-26][2025_PWD_278711_1]",https://etender.up.nic.in/nicgep/app?component=%24DirectLink_0&page=FrontEndAdvancedSearchResult&service=direct&session=T&sp=SepuC0T98nFoLJVpX0x5MoQ%3D%3D,Public Works Department||CE/SE/M4-M45||EE/M451
342,17,24-Sep-2025 06:00 PM,16-Oct-2025 01:30 PM,16-Oct-2025 03:00 PM,"[Supply, Erection, Testing and Commissioning of 220 kV and 33 kV bays with associated equipments for 100 MVA Power Transformers at various DTL Substation on turnkey basis.]","[Supply, Erection, Testing and Commissioning of 220 kV and 33 kV bays with associated equipments for 100 MVA Power Transformers at various DTL Substation on turnkey basis.]
																				[T25P090651][2025_DTL_276119_2]",https://etender.up.nic.in/nicgep/app?component=%24DirectLink_0&page=FrontEndAdvancedSearchResult&service=direct&session=T&sp=S%2FszKIzHK1%2FJl0ZIlEmAv%2Fg%3D%3D,Delhi Transco Limited
343,17,24-Sep-2025 06:00 PM,23-Oct-2025 01:00 PM,23-Oct-2025 02:30 PM,[TENDER FOR WORKSHOP FOR REPAIRING OF HOSPITAL FURNITURES AND GENERAL ITEMS],"[TENDER FOR WORKSHOP FOR REPAIRING OF HOSPITAL FURNITURES AND GENERAL ITEMS]
																				[F343(1)/CNBC/MAIN/2025-26/TD REPAIR FOR HOS FUR][2025_CNBC_278595_1]",https://etender.up.nic.in/nicgep/app?component=%24DirectLink_0&page=FrontEndAdvancedSearchResult&service=direct&session=T&sp=SzrK%2FlV6dvzjspz7Zt6sUuw%3D%3D,Chacha Nehru Bal Chikitsalaya
344,17,24-Sep-2025 06:00 PM,03-Oct-2025 04:00 PM,03-Oct-2025 04:30 PM,[M/o Parks and Gardens 2025-26.],"[M/o Parks and Gardens 2025-26.]
																				[43/DDH-VI/25-26][2025_NDMC_278681_1]",https://etender.up.nic.in/nicgep/app?component=%24DirectLink_0&page=FrontEndAdvancedSearchResult&service=direct&session=T&sp=S6ZNdG%2Fn3oiKWa%2FlufWvm7w%3D%3D,New Delhi Municipal Council||Horticulture
341,1,24-Sep-2025 06:00 PM,30-Sep-2025 03:00 PM,30-Sep-2025 03:30 PM,"[Maintenance of EI , Fans at Circle , Civil Offices under PWD DHC,ND/Central, New Delhi ]","[Maintenance of EI , Fans at Circle , Civil Offices under PWD DHC,ND/Central, New Delhi ]
																				[136/EEE/PWDDHC,NDC2025-26][2025_PWD_278711_1]",https://etender.up.nic.in/nicgep/app?component=%24DirectLink_0&page=FrontEndAdvancedSearchResult&service=direct&session=T&sp=SepuC0T98nFoLJVpX0x5MoQ%3D%3D,Public Works Department||CE/SE/M4-M45||EE/M451
342,1,24-Sep-2025 06:00 PM,16-Oct-2025 01:30 PM,16-Oct-2025 03:00 PM,"[Supply, Erection, Testing and Commissioning of 220 kV and 33 kV bays with associated equipments for 100 MVA Power Transformers at various DTL Substation on turnkey basis.]","[Supply, Erection, Testing and Commissioning of 220 kV and 33 kV bays with associated equipments for 100 MVA Power Transformers at various DTL Substation on turnkey basis.]
																				[T25P090651][2025_DTL_276119_2]",https://etender.up.nic.in/nicgep/app?component=%24DirectLink_0&page=FrontEndAdvancedSearchResult&service=direct&session=T&sp=S%2FszKIzHK1%2FJl0ZIlEmAv%2Fg%3D%3D,Delhi Transco Limited
345,17,24-Sep-2025 06:00 PM,30-Sep-2025 11:00 AM,30-Sep-2025 12:00 PM,"[Short Term Grass vegetation removal and Antiweed Spray in 400KV switch yard and in bay No 413 and 415 of DTL yard, main plant and BOP area at PPS 3 bawana]","[Short Term Grass vegetation removal and Antiweed Spray in 400KV switch yard and in bay No 413 and 415 of DTL yard, main plant and BOP area at PPS 3 bawana]
																				[1000013820/CS-III][2025_IPGCL_278686_1]",https://etender.up.nic.in/nicgep/app?component=%24DirectLink_0&page=FrontEndAdvancedSearchResult&service=direct&session=T&sp=SKi904IUt6JNuF2bDxJH6Mg%3D%3D,IPGCL-PPCL||CS III
343,1,24-Sep-2025 06:00 PM,23-Oct-2025 01:00 PM,23-Oct-2025 02:30 PM,[TENDER FOR WORKSHOP FOR REPAIRING OF HOSPITAL FURNITURES AND GENERAL ITEMS],"[TENDER FOR WORKSHOP FOR REPAIRING OF HOSPITAL FURNITURES AND GENERAL ITEMS]
																				[F343(1)/CNBC/MAIN/2025-26/TD REPAIR FOR HOS FUR][2025_CNBC_278595_1]",https://etender.up.nic.in/nicgep/app?component=%24DirectLink_0&page=FrontEndAdvancedSearchResult&service=direct&session=T&sp=SzrK%2FlV6dvzjspz7Zt6sUuw%3D%3D,Chacha Nehru Bal Chikitsalaya
344,1,24-Sep-2025 06:00 PM,03-Oct-2025 04:00 PM,03-Oct-2025 04:30 PM,[M/o Parks and Gardens 2025-26.],"[M/o Parks and Gardens 2025-26.]
																				[43/DDH-VI/25-26][2025_NDMC_278681_1]",https://etender.up.nic.in/nicgep/app?component=%24DirectLink_0&page=FrontEndAdvancedSearchResult&service=direct&session=T&sp=S6ZNdG%2Fn3oiKWa%2FlufWvm7w%3D%3D,New Delhi Municipal Council||Horticulture
346,17,24-Sep-2025 06:00 PM,01-Oct-2025 03:00 PM,01-Oct-2025 03:30 PM,[NIT. No.49 Item no.1],"[NIT. No.49 Item no.1]
																				[NIT. No.49 Item no.1 (2025-26) E.E.(C)-12][2025_DJB_278694_1]",https://etender.up.nic.in/nicgep/app?component=%24DirectLink_0&page=FrontEndAdvancedSearchResult&service=direct&session=T&sp=Sw4FczhK5MCHR%2Fxkl1KFnHA%3D%3D,Delhi Jal Board||Delhi Jal Board||EE(NORTH)-I
345,1,24-Sep-2025 06:00 PM,30-Sep-2025 11:00 AM,30-Sep-2025 12:00 PM,"[Short Term Grass vegetation removal and Antiweed Spray in 400KV switch yard and in bay No 413 and 415 of DTL yard, main plant and BOP area at PPS 3 bawana]","[Short Term Grass vegetation removal and Antiweed Spray in 400KV switch yard and in bay No 413 and 415 of DTL yard, main plant and BOP area at PPS 3 bawana]
																				[1000013820/CS-III][2025_IPGCL_278686_1]",https://etender.up.nic.in/nicgep/app?component=%24DirectLink_0&page=FrontEndAdvancedSearchResult&service=direct&session=T&sp=SKi904IUt6JNuF2bDxJH6Mg%3D%3D,IPGCL-PPCL||CS III
347,17,24-Sep-2025 06:00 PM,01-Oct-2025 03:30 PM,01-Oct-2025 04:00 PM,[43/EE(D/S)/25-26],"[43/EE(D/S)/25-26]
																				[43/EE(D/S)/25-26][2025_NDMC_278696_1]",https://etender.up.nic.in/nicgep/app?component=%24DirectLink_0&page=FrontEndAdvancedSearchResult&service=direct&session=T&sp=S%2BhlYDO69vlfBDu%2FCjjFoEw%3D%3D,New Delhi Municipal Council||Information Technology
346,1,24-Sep-2025 06:00 PM,01-Oct-2025 03:00 PM,01-Oct-2025 03:30 PM,[NIT. No.49 Item no.1],"[NIT. No.49 Item no.1]
																				[NIT. No.49 Item no.1 (2025-26) E.E.(C)-12][2025_DJB_278694_1]",https://etender.up.nic.in/nicgep/app?component=%24DirectLink_0&page=FrontEndAdvancedSearchResult&service=direct&session=T&sp=Sw4FczhK5MCHR%2Fxkl1KFnHA%3D%3D,Delhi Jal Board||Delhi Jal Board||EE(NORTH)-I
347,1,24-Sep-2025 06:00 PM,01-Oct-2025 03:30 PM,01-Oct-2025 04:00 PM,[43/EE(D/S)/25-26],"[43/EE(D/S)/25-26]
																				[43/EE(D/S)/25-26][2025_NDMC_278696_1]",https://etender.up.nic.in/nicgep/app?component=%24DirectLink_0&page=FrontEndAdvancedSearchResult&service=direct&session=T&sp=S%2BhlYDO69vlfBDu%2FCjjFoEw%3D%3D,New Delhi Municipal Council||Information Technology
348,17,24-Sep-2025 05:40 PM,30-Sep-2025 03:00 PM,30-Sep-2025 03:30 PM,[Desilting of wet well for REPS at Naraina by using super sucker machine],"[Desilting of wet well for REPS at Naraina by using super sucker machine]
																				[09/2025-26/ED-I][2025_DSIDC_278709_1]",https://etender.up.nic.in/nicgep/app?component=%24DirectLink_0&page=FrontEndAdvancedSearchResult&service=direct&session=T&sp=SVIacHiIxF5ZzvJ4pf6%2FBAA%3D%3D,DSIIDC||ENGINEERING||ED-II
348,1,24-Sep-2025 05:40 PM,30-Sep-2025 03:00 PM,30-Sep-2025 03:30 PM,[Desilting of wet well for REPS at Naraina by using super sucker machine],"[Desilting of wet well for REPS at Naraina by using super sucker machine]
																				[09/2025-26/ED-I][2025_DSIDC_278709_1]",https://etender.up.nic.in/nicgep/app?component=%24DirectLink_0&page=FrontEndAdvancedSearchResult&service=direct&session=T&sp=SVIacHiIxF5ZzvJ4pf6%2FBAA%3D%3D,DSIIDC||ENGINEERING||ED-II
349,17,24-Sep-2025 05:30 PM,15-Oct-2025 02:30 PM,15-Oct-2025 03:00 PM,"[Supply of UV/Vis/NIR-Spectrophotometer for Laser-Spectroscopy Laboratory, Department of Applied Physics, DTU.]","[Supply of UV/Vis/NIR-Spectrophotometer for Laser-Spectroscopy Laboratory, Department of Applied Physics, DTU.]
																				[F. No. PHY/DTU/2268/2025/PUR/13][2025_DTU_278705_1]",https://etender.up.nic.in/nicgep/app?component=%24DirectLink_0&page=FrontEndAdvancedSearchResult&service=direct&session=T&sp=SV9jnd5oDmNtRNyivbJH9hQ%3D%3D,Delhi Technological University
349,1,24-Sep-2025 05:30 PM,15-Oct-2025 02:30 PM,15-Oct-2025 03:00 PM,"[Supply of UV/Vis/NIR-Spectrophotometer for Laser-Spectroscopy Laboratory, Department of Applied Physics, DTU.]","[Supply of UV/Vis/NIR-Spectrophotometer for Laser-Spectroscopy Laboratory, Department of Applied Physics, DTU.]
																				[F. No. PHY/DTU/2268/2025/PUR/13][2025_DTU_278705_1]",https://etender.up.nic.in/nicgep/app?component=%24DirectLink_0&page=FrontEndAdvancedSearchResult&service=direct&session=T&sp=SV9jnd5oDmNtRNyivbJH9hQ%3D%3D,Delhi Technological University
350,17,24-Sep-2025 05:30 PM,15-Oct-2025 02:30 PM,15-Oct-2025 03:00 PM,"[Supply of Laboratory LCR Meter Unit for Research Lab III, Department of Applied Chemistry, DTU.]","[Supply of Laboratory LCR Meter Unit for Research Lab III, Department of Applied Chemistry, DTU.]
																				[F. No. DTU/AC/2024/989/PUR/13 ][2025_DTU_278649_1]",https://etender.up.nic.in/nicgep/app?component=%24DirectLink_0&page=FrontEndAdvancedSearchResult&service=direct&session=T&sp=SCbOh1MF0NYXMCrQI%2Fc80SQ%3D%3D,Delhi Technological University
350,1,24-Sep-2025 05:30 PM,15-Oct-2025 02:30 PM,15-Oct-2025 03:00 PM,"[Supply of Laboratory LCR Meter Unit for Research Lab III, Department of Applied Chemistry, DTU.]","[Supply of Laboratory LCR Meter Unit for Research Lab III, Department of Applied Chemistry, DTU.]
																				[F. No. DTU/AC/2024/989/PUR/13 ][2025_DTU_278649_1]",https://etender.up.nic.in/nicgep/app?component=%24DirectLink_0&page=FrontEndAdvancedSearchResult&service=direct&session=T&sp=SCbOh1MF0NYXMCrQI%2Fc80SQ%3D%3D,Delhi Technological University
351,1,24-Sep-2025 05:00 PM,30-Sep-2025 03:00 PM,30-Sep-2025 03:30 PM,[E.I.U.S. (Capital)],"[E.I.U.S. (Capital)]
																				[NIT No.22/EEC-12/DUSIB/2025-26][2025_DUSIB_278431_1]",https://etender.up.nic.in/nicgep/app?component=%24DirectLink_0&page=FrontEndAdvancedSearchResult&service=direct&session=T&sp=S5JgBgLiiMuvvlCdP6Ij%2F7g%3D%3D,Delhi Urban Shelter Improvement Board||Engineering Department||SE-II||DD-IV
351,17,24-Sep-2025 05:00 PM,30-Sep-2025 03:00 PM,30-Sep-2025 03:30 PM,[E.I.U.S. (Capital)],"[E.I.U.S. (Capital)]
																				[NIT No.22/EEC-12/DUSIB/2025-26][2025_DUSIB_278431_1]",https://etender.up.nic.in/nicgep/app?component=%24DirectLink_0&page=FrontEndAdvancedSearchResult&service=direct&session=T&sp=S5JgBgLiiMuvvlCdP6Ij%2F7g%3D%3D,Delhi Urban Shelter Improvement Board||Engineering Department||SE-II||DD-IV
352,1,24-Sep-2025 05:00 PM,30-Sep-2025 03:00 PM,30-Sep-2025 03:30 PM,[NIT No. 30 (2025-26) Item No. 01],"[NIT No. 30 (2025-26) Item No. 01]
																				[NIT No. 30 (2025-26) Civil-3][2025_DJB_278670_1]",https://etender.up.nic.in/nicgep/app?component=%24DirectLink_0&page=FrontEndAdvancedSearchResult&service=direct&session=T&sp=SmaUkthopcIVm5cBdI7oB3g%3D%3D,Delhi Jal Board||Delhi Jal Board||EE (Civil) - 3
352,17,24-Sep-2025 05:00 PM,30-Sep-2025 03:00 PM,30-Sep-2025 03:30 PM,[NIT No. 30 (2025-26) Item No. 01],"[NIT No. 30 (2025-26) Item No. 01]
																				[NIT No. 30 (2025-26) Civil-3][2025_DJB_278670_1]",https://etender.up.nic.in/nicgep/app?component=%24DirectLink_0&page=FrontEndAdvancedSearchResult&service=direct&session=T&sp=SmaUkthopcIVm5cBdI7oB3g%3D%3D,Delhi Jal Board||Delhi Jal Board||EE (Civil) - 3
353,1,24-Sep-2025 05:00 PM,30-Sep-2025 03:00 PM,30-Sep-2025 03:30 PM,"[Repair and maintenance of water lines up to 300 mm dia in  ward No. 204, Preet Vihar and ward no. 205, I.P Extn. in AC-59. (For Six Months 2025-26).]","[Repair and maintenance of water lines up to 300 mm dia in  ward No. 204, Preet Vihar and ward no. 205, I.P Extn. in AC-59. (For Six Months 2025-26).]
																				[NIT No. 30 (2025-26) Civil-3][2025_DJB_278670_2]",https://etender.up.nic.in/nicgep/app?component=%24DirectLink_0&page=FrontEndAdvancedSearchResult&service=direct&session=T&sp=SvZdLbBHfzlMuA1vilM5RsA%3D%3D,Delhi Jal Board||Delhi Jal Board||EE (Civil) - 3
353,17,24-Sep-2025 05:00 PM,30-Sep-2025 03:00 PM,30-Sep-2025 03:30 PM,"[Repair and maintenance of water lines up to 300 mm dia in  ward No. 204, Preet Vihar and ward no. 205, I.P Extn. in AC-59. (For Six Months 2025-26).]","[Repair and maintenance of water lines up to 300 mm dia in  ward No. 204, Preet Vihar and ward no. 205, I.P Extn. in AC-59. (For Six Months 2025-26).]
																				[NIT No. 30 (2025-26) Civil-3][2025_DJB_278670_2]",https://etender.up.nic.in/nicgep/app?component=%24DirectLink_0&page=FrontEndAdvancedSearchResult&service=direct&session=T&sp=SvZdLbBHfzlMuA1vilM5RsA%3D%3D,Delhi Jal Board||Delhi Jal Board||EE (Civil) - 3
354,1,24-Sep-2025 05:00 PM,30-Sep-2025 03:00 PM,30-Sep-2025 03:30 PM,[E.I.U.S. (Revenue)],"[E.I.U.S. (Revenue)]
																				[NIT No.23/EEC-12/DUSIB/2025-26][2025_DUSIB_278676_1]",https://etender.up.nic.in/nicgep/app?component=%24DirectLink_0&page=FrontEndAdvancedSearchResult&service=direct&session=T&sp=SZtUEeYE%2B2QvKk5lR5NJymA%3D%3D,Delhi Urban Shelter Improvement Board||Engineering Department||SE-II||DD-IV
354,17,24-Sep-2025 05:00 PM,30-Sep-2025 03:00 PM,30-Sep-2025 03:30 PM,[E.I.U.S. (Revenue)],"[E.I.U.S. (Revenue)]
																				[NIT No.23/EEC-12/DUSIB/2025-26][2025_DUSIB_278676_1]",https://etender.up.nic.in/nicgep/app?component=%24DirectLink_0&page=FrontEndAdvancedSearchResult&service=direct&session=T&sp=SZtUEeYE%2B2QvKk5lR5NJymA%3D%3D,Delhi Urban Shelter Improvement Board||Engineering Department||SE-II||DD-IV
355,1,24-Sep-2025 05:00 PM,03-Oct-2025 03:00 PM,03-Oct-2025 03:30 PM,"[RMO Specialized E and M Services installed at Delhi High Court, New Delhi. (SH Comprehensive maintenance of CP Plus Make CCTV surveillance system) ]","[RMO Specialized E and M Services installed at Delhi High Court, New Delhi. (SH Comprehensive maintenance of CP Plus Make CCTV surveillance system) ]
																				[199/EE(E)/JED-1/PWD/2025-26][2025_PWD_278699_1]",https://etender.up.nic.in/nicgep/app?component=%24DirectLink_0&page=FrontEndAdvancedSearchResult&service=direct&session=T&sp=S7a4hVbSwapVnz17x%2FAQUBA%3D%3D,Public Works Department||CE/SE/B1-B14||EE/B142
355,17,24-Sep-2025 05:00 PM,03-Oct-2025 03:00 PM,03-Oct-2025 03:30 PM,"[RMO Specialized E and M Services installed at Delhi High Court, New Delhi. (SH Comprehensive maintenance of CP Plus Make CCTV surveillance system) ]","[RMO Specialized E and M Services installed at Delhi High Court, New Delhi. (SH Comprehensive maintenance of CP Plus Make CCTV surveillance system) ]
																				[199/EE(E)/JED-1/PWD/2025-26][2025_PWD_278699_1]",https://etender.up.nic.in/nicgep/app?component=%24DirectLink_0&page=FrontEndAdvancedSearchResult&service=direct&session=T&sp=S7a4hVbSwapVnz17x%2FAQUBA%3D%3D,Public Works Department||CE/SE/B1-B14||EE/B142
356,1,24-Sep-2025 05:00 PM,30-Sep-2025 03:00 PM,30-Sep-2025 03:30 PM,"[A/R and M/O to Various roads under PWD Division North-West Road-2 during 2025-26. (SH- Providing Outsourcing Staff for the office of  Superintending Engineer, North West (M) Circle.) (Re-call)]","[A/R and M/O to Various roads under PWD Division North-West Road-2 during 2025-26. (SH- Providing Outsourcing Staff for the office of  Superintending Engineer, North West (M) Circle.) (Re-call)]
																				[36/EE/NWR-2/PWD/2025-26 (Re Call)][2025_PWD_278695_1]",https://etender.up.nic.in/nicgep/app?component=%24DirectLink_0&page=FrontEndAdvancedSearchResult&service=direct&session=T&sp=SH0ZrIWwe58yhmX7VZmbBTw%3D%3D,Public Works Department||CE/SE/M3-M31||EE/M312
356,17,24-Sep-2025 05:00 PM,30-Sep-2025 03:00 PM,30-Sep-2025 03:30 PM,"[A/R and M/O to Various roads under PWD Division North-West Road-2 during 2025-26. (SH- Providing Outsourcing Staff for the office of  Superintending Engineer, North West (M) Circle.) (Re-call)]","[A/R and M/O to Various roads under PWD Division North-West Road-2 during 2025-26. (SH- Providing Outsourcing Staff for the office of  Superintending Engineer, North West (M) Circle.) (Re-call)]
																				[36/EE/NWR-2/PWD/2025-26 (Re Call)][2025_PWD_278695_1]",https://etender.up.nic.in/nicgep/app?component=%24DirectLink_0&page=FrontEndAdvancedSearchResult&service=direct&session=T&sp=SH0ZrIWwe58yhmX7VZmbBTw%3D%3D,Public Works Department||CE/SE/M3-M31||EE/M312
357,1,24-Sep-2025 05:00 PM,30-Sep-2025 03:00 PM,30-Sep-2025 03:30 PM,[E.I.U.S. (Capital)],"[E.I.U.S. (Capital)]
																				[NIT No.24/EEC-07/DUSIB/2025-26][2025_DUSIB_278697_1]",https://etender.up.nic.in/nicgep/app?component=%24DirectLink_0&page=FrontEndAdvancedSearchResult&service=direct&session=T&sp=SWOY2kTLunR7yeTRMOBExVA%3D%3D,Delhi Urban Shelter Improvement Board||Engineering Department||SE-II||DD-IV
357,17,24-Sep-2025 05:00 PM,30-Sep-2025 03:00 PM,30-Sep-2025 03:30 PM,[E.I.U.S. (Capital)],"[E.I.U.S. (Capital)]
																				[NIT No.24/EEC-07/DUSIB/2025-26][2025_DUSIB_278697_1]",https://etender.up.nic.in/nicgep/app?component=%24DirectLink_0&page=FrontEndAdvancedSearchResult&service=direct&session=T&sp=SWOY2kTLunR7yeTRMOBExVA%3D%3D,Delhi Urban Shelter Improvement Board||Engineering Department||SE-II||DD-IV
358,1,24-Sep-2025 05:00 PM,04-Oct-2025 03:00 PM,04-Oct-2025 03:30 PM,[Pay and Use JSC (Capital)],"[Pay and Use JSC (Capital)]
																				[NIT No. 30/EEC-2/DUSIB/2025-26][2025_DUSIB_278671_1]",https://etender.up.nic.in/nicgep/app?component=%24DirectLink_0&page=FrontEndAdvancedSearchResult&service=direct&session=T&sp=SWhxcNmyQmwUgnOJqcxSSdA%3D%3D,Delhi Urban Shelter Improvement Board||Engineering Department||SE-I||DD-I
358,17,24-Sep-2025 05:00 PM,04-Oct-2025 03:00 PM,04-Oct-2025 03:30 PM,[Pay and Use JSC (Capital)],"[Pay and Use JSC (Capital)]
																				[NIT No. 30/EEC-2/DUSIB/2025-26][2025_DUSIB_278671_1]",https://etender.up.nic.in/nicgep/app?component=%24DirectLink_0&page=FrontEndAdvancedSearchResult&service=direct&session=T&sp=SWhxcNmyQmwUgnOJqcxSSdA%3D%3D,Delhi Urban Shelter Improvement Board||Engineering Department||SE-I||DD-I
359,1,24-Sep-2025 05:00 PM,15-Oct-2025 11:00 AM,15-Oct-2025 11:30 AM,"[For Appointment of an Agency for Integrated Citizen-Centric Communication and Outreach Activities (Social Media, Digital and Print Media, and Events)]","[For Appointment of an Agency for Integrated Citizen-Centric Communication and Outreach Activities (Social Media, Digital and Print Media, and Events)]
																				[F.1(7)/DIP/CTB/2025][2025_DIP_278698_1]",https://etender.up.nic.in/nicgep/app?component=%24DirectLink_0&page=FrontEndAdvancedSearchResult&service=direct&session=T&sp=SLvMVitFdM6%2Bfu53Q0vVW8A%3D%3D,Directorate of Information and Publicity
359,17,24-Sep-2025 05:00 PM,15-Oct-2025 11:00 AM,15-Oct-2025 11:30 AM,"[For Appointment of an Agency for Integrated Citizen-Centric Communication and Outreach Activities (Social Media, Digital and Print Media, and Events)]","[For Appointment of an Agency for Integrated Citizen-Centric Communication and Outreach Activities (Social Media, Digital and Print Media, and Events)]
																				[F.1(7)/DIP/CTB/2025][2025_DIP_278698_1]",https://etender.up.nic.in/nicgep/app?component=%24DirectLink_0&page=FrontEndAdvancedSearchResult&service=direct&session=T&sp=SLvMVitFdM6%2Bfu53Q0vVW8A%3D%3D,Directorate of Information and Publicity
360,1,24-Sep-2025 05:00 PM,30-Sep-2025 03:00 PM,30-Sep-2025 03:30 PM,[Construction of Night shelters Revenue],"[Construction of Night shelters Revenue]
																				[NIT No.32/EE,C-4/DUSIB/2025-26][2025_DUSIB_278702_1]",https://etender.up.nic.in/nicgep/app?component=%24DirectLink_0&page=FrontEndAdvancedSearchResult&service=direct&session=T&sp=S%2FI4Wiz3yB%2FEh2ggpP9EEKQ%3D%3D,Delhi Urban Shelter Improvement Board||Engineering Department||SE-I||CD-IV
360,17,24-Sep-2025 05:00 PM,30-Sep-2025 03:00 PM,30-Sep-2025 03:30 PM,[Construction of Night shelters Revenue],"[Construction of Night shelters Revenue]
																				[NIT No.32/EE,C-4/DUSIB/2025-26][2025_DUSIB_278702_1]",https://etender.up.nic.in/nicgep/app?component=%24DirectLink_0&page=FrontEndAdvancedSearchResult&service=direct&session=T&sp=S%2FI4Wiz3yB%2FEh2ggpP9EEKQ%3D%3D,Delhi Urban Shelter Improvement Board||Engineering Department||SE-I||CD-IV
461,24,23-Sep-2025 05:00 PM,30-Sep-2025 03:00 PM,30-Sep-2025 03:30 PM,[GIA to DUSIB for existing infrastructure.],"[GIA to DUSIB for existing infrastructure.]
																				[16/EE/C09/DUSIB/2025-26][2025_DUSIB_278585_1]",https://etender.up.nic.in/nicgep/app?component=%24DirectLink_0&page=FrontEndAdvancedSearchResult&service=direct&session=T&sp=S4LPbd1Go1gS6yzn46YtBMA%3D%3D,Delhi Urban Shelter Improvement Board||Engineering Department||SE-III||DD-V
462,24,23-Sep-2025 05:00 PM,30-Sep-2025 03:00 PM,30-Sep-2025 03:30 PM,"[DVDB Works in Distt. North, Delhi.]","[DVDB Works in Distt. North, Delhi.]
																				[EE/CD-VII/NIT/2024-25/18 (2nd Call)][2025_IFC_278581_1]",https://etender.up.nic.in/nicgep/app?component=%24DirectLink_0&page=FrontEndAdvancedSearchResult&service=direct&session=T&sp=Sojex1%2BcUeUvq0Gi%2F2AMfrw%3D%3D,Irrigation and Flood Control||ZONE-II||Flood Circle-II||Civil Division-VII
463,24,23-Sep-2025 05:00 PM,30-Sep-2025 03:00 PM,30-Sep-2025 03:30 PM,[E.I.U.S. (Revenue)],"[E.I.U.S. (Revenue)]
																				[NIT No.20/EEC-12/DUSIB/2025-26][2025_DUSIB_278429_1]",https://etender.up.nic.in/nicgep/app?component=%24DirectLink_0&page=FrontEndAdvancedSearchResult&service=direct&session=T&sp=SJjU9KyxuNtoT4YLg4hGDeg%3D%3D,Delhi Urban Shelter Improvement Board||Engineering Department||SE-II||DD-IV
464,24,23-Sep-2025 05:00 PM,30-Sep-2025 03:00 PM,30-Sep-2025 03:30 PM,"[ARMO Comprehensive Maintenance of Various EM Services at GBPH,ND SH.Comprehensive Maintenance of APC make UPS]","[ARMO Comprehensive Maintenance of Various EM Services at GBPH,ND SH.Comprehensive Maintenance of APC make UPS]
																				[69/EE(E)/HMED(C)/PWD/2025-26][2025_PWD_278569_1]",https://etender.up.nic.in/nicgep/app?component=%24DirectLink_0&page=FrontEndAdvancedSearchResult&service=direct&session=T&sp=S53PptCRuvJVb8s4dNlz%2FSQ%3D%3D,Public Works Department||CE/SE/B2-B24||EE/B244(N)
465,24,23-Sep-2025 05:00 PM,04-Oct-2025 03:00 PM,04-Oct-2025 03:30 PM,[EIUS Capital],"[EIUS Capital]
																				[NIT No. 43/EEC-1/DUSIB/2025-26][2025_DUSIB_278610_1]",https://etender.up.nic.in/nicgep/app?component=%24DirectLink_0&page=FrontEndAdvancedSearchResult&service=direct&session=T&sp=SriIm9mJg%2B1SFnl5u4A%2B8Rg%3D%3D,Delhi Urban Shelter Improvement Board||Engineering Department||SE-I||DD-I
466,24,23-Sep-2025 05:00 PM,30-Sep-2025 03:00 PM,30-Sep-2025 03:30 PM,[EIUS (Capital)],"[EIUS (Capital)]
																				[NIT No.30/EE,C-4/DUSIB/2025-26][2025_DUSIB_278606_1]",https://etender.up.nic.in/nicgep/app?component=%24DirectLink_0&page=FrontEndAdvancedSearchResult&service=direct&session=T&sp=SrYRpv61YBInX18p1hewxhQ%3D%3D,Delhi Urban Shelter Improvement Board||Engineering Department||SE-I||CD-IV
467,24,23-Sep-2025 05:00 PM,04-Oct-2025 03:00 PM,04-Oct-2025 03:30 PM,[EIUS Capital],"[EIUS Capital]
																				[NIT No. 42/EEC-1/DUSIB/2025-26][2025_DUSIB_278605_1]",https://etender.up.nic.in/nicgep/app?component=%24DirectLink_0&page=FrontEndAdvancedSearchResult&service=direct&session=T&sp=SO6UXmE2FFj%2FxtWYEqqsPkg%3D%3D,Delhi Urban Shelter Improvement Board||Engineering Department||SE-I||DD-I
468,24,23-Sep-2025 05:00 PM,30-Sep-2025 03:00 PM,30-Sep-2025 03:30 PM,"[ARMO various Electrical installations and mechanical equipments at FSL, Madhuban Chowk, Sec-14, Rohini, Delhi SH- Replacement and shifting of Air Conditioners in the chamber of Principal Director FSL]","[ARMO various Electrical installations and mechanical equipments at FSL, Madhuban Chowk, Sec-14, Rohini, Delhi SH- Replacement and shifting of Air Conditioners in the chamber of Principal Director FSL]
																				[128/EE(E)/JED-02/PWD/2025-26][2025_PWD_278604_1]",https://etender.up.nic.in/nicgep/app?component=%24DirectLink_0&page=FrontEndAdvancedSearchResult&service=direct&session=T&sp=SU1aOreLeDevumlDWt55dOw%3D%3D,Public Works Department||CE/SE/M2-M25||EE/M252
469,24,23-Sep-2025 05:00 PM,01-Oct-2025 03:00 PM,01-Oct-2025 03:30 PM,"[A/R and M/O to Various Buildings under Sub Division M-3213 during 2025-26  (SH -Repair/maintenance work in Raj Niwas,33 Sham Nath Marg, 1 Mahadev Road, N.P.L, Staff Quarter and Sub Division Office Delhi.)]","[A/R and M/O to Various Buildings under Sub Division M-3213 during 2025-26  (SH -Repair/maintenance work in Raj Niwas,33 Sham Nath Marg, 1 Mahadev Road, N.P.L, Staff Quarter and Sub Division Office Delhi.)]
																				[18/EE/CBMD M-321/2025-26][2025_PWD_278601_1]",https://etender.up.nic.in/nicgep/app?component=%24DirectLink_0&page=FrontEndAdvancedSearchResult&service=direct&session=T&sp=SCUyWJM75Nc%2FM5nuYqe7MMg%3D%3D,Public Works Department||CE/SE/M3-M32||EE/M321
470,24,23-Sep-2025 05:00 PM,04-Oct-2025 03:00 PM,04-Oct-2025 03:30 PM,[EIUS Capital],"[EIUS Capital]
																				[NIT No. 41/EEC-1/DUSIB/2025-26][2025_DUSIB_278602_1]",https://etender.up.nic.in/nicgep/app?component=%24DirectLink_0&page=FrontEndAdvancedSearchResult&service=direct&session=T&sp=SgztVVpxMdc0Rift4UQ3TRA%3D%3D,Delhi Urban Shelter Improvement Board||Engineering Department||SE-I||DD-I
471,24,23-Sep-2025 04:35 PM,30-Sep-2025 03:00 PM,30-Sep-2025 03:30 PM,"[Renovation of Chamber District Magistrate (NW) Kanjhawala, Delhi during 2025-26. (SH- Providing and Fixing PVC Wall Paneling, Blinds, False Ceiling, Furniture Supply etc. Misc. Civil Work)]","[Renovation of Chamber District Magistrate (NW) Kanjhawala, Delhi during 2025-26. (SH- Providing and Fixing PVC Wall Paneling, Blinds, False Ceiling, Furniture Supply etc. Misc. Civil Work)]
																				[54/EE/PWD/NWB/2025-26 (2ND CALL)][2025_PWD_278608_1]",https://etender.up.nic.in/nicgep/app?component=%24DirectLink_0&page=FrontEndAdvancedSearchResult&service=direct&session=T&sp=Ss7EH4teBndvPYPAIwIVyfA%3D%3D,Public Works Department||CE/SE/M3-M34||EE/M342
472,24,23-Sep-2025 04:15 PM,30-Sep-2025 03:00 PM,30-Sep-2025 03:30 PM,"[Making of speed breaker on various roads of Shalimar Bagh constituency  under Sub Division NWR-14, Division NWR-1 during 2025-26]","[Making of speed breaker on various roads of Shalimar Bagh constituency  under Sub Division NWR-14, Division NWR-1 during 2025-26]
																				[ 57/EE/NWR-1/PWD/2025-26 (1st Recall)][2025_PWD_278597_1]",https://etender.up.nic.in/nicgep/app?component=%24DirectLink_0&page=FrontEndAdvancedSearchResult&service=direct&session=T&sp=SwqQx%2BBF%2FBz8vQvstgrkhCA%3D%3D,Public Works Department||CE/SE/M3-M31||EE/M311(N)
473,24,23-Sep-2025 04:00 PM,03-Oct-2025 03:00 PM,03-Oct-2025 03:30 PM,[Road Restoration of various roads cut by various road cutting agencies under PWD South West Road-I Sub-Division-II  during 2025-26 New Delhi.],"[Road Restoration of various roads cut by various road cutting agencies under PWD South West Road-I Sub-Division-II  during 2025-26 New Delhi.]
																				[62/EE/SWR-I/PWD/2025-26][2025_PWD_278583_1]",https://etender.up.nic.in/nicgep/app?component=%24DirectLink_0&page=FrontEndAdvancedSearchResult&service=direct&session=T&sp=S6BIQwbshx7nVGzELl3RRhA%3D%3D,Public Works Department||CE/SE/M1-M11||EE/M113(New)
474,24,23-Sep-2025 04:00 PM,30-Sep-2025 03:00 PM,30-Sep-2025 03:30 PM,"[Special Repair works under Jurisdiction of NBD M-322 Sub-Division NB-14 at ITI Jahangirpuri, Delhi (SH Waterproofing, MS windows, Aluminium windows, boundary wall, concertina and misc. Urgent civil work) during 2025-26]","[Special Repair works under Jurisdiction of NBD M-322 Sub-Division NB-14 at ITI Jahangirpuri, Delhi (SH Waterproofing, MS windows, Aluminium windows, boundary wall, concertina and misc. Urgent civil work) during 2025-26]
																				[49/EE/NBD/PWD/2025-26][2025_PWD_278594_1]",https://etender.up.nic.in/nicgep/app?component=%24DirectLink_0&page=FrontEndAdvancedSearchResult&service=direct&session=T&sp=S7v3yklpVDbWIL0W05bMlcw%3D%3D,Public Works Department||CE/SE/M3-M32||EE/M322
475,24,23-Sep-2025 03:30 PM,01-Oct-2025 03:00 PM,01-Oct-2025 03:30 PM,[Renovation of toilets and repairing work in shafts including replacement of damaged missing pipes fittings and fixtures in Dharamshala building and Providing water proofing treatment over terrace of Hospital Building and Dharamshala Building and repl],"[Renovation of toilets and repairing work in shafts including replacement of damaged missing pipes fittings and fixtures in Dharamshala building and Providing water proofing treatment over terrace of Hospital Building and Dharamshala Building and repl]
																				[30/EE/BPD B-221(N)/CHMD(East)/2025-26][2025_PWD_278580_1]",https://etender.up.nic.in/nicgep/app?component=%24DirectLink_0&page=FrontEndAdvancedSearchResult&service=direct&session=T&sp=SHrgccW2KKLMpHN5KMDF%2BvA%3D%3D,Public Works Department||CE/SE/B2-B22||EE/B221(N)
476,24,23-Sep-2025 03:00 PM,03-Oct-2025 03:00 PM,03-Oct-2025 03:30 PM,[Name of Work EIUS CAPITAL],"[Name of Work EIUS CAPITAL]
																				[NIT No. 37/EEC-1/DUSIB/2025-26 ][2025_DUSIB_278573_1]",https://etender.up.nic.in/nicgep/app?component=%24DirectLink_0&page=FrontEndAdvancedSearchResult&service=direct&session=T&sp=SnmCEu4v8WrbFI8XxG1hccw%3D%3D,Delhi Urban Shelter Improvement Board||Engineering Department||SE-I||DD-I
477,24,23-Sep-2025 03:00 PM,03-Oct-2025 03:00 PM,03-Oct-2025 03:30 PM,"[Addition and Alteration in Sanjay Gandhi Memorial Hospital, Mangolpuri Delhi. (SH Replacement of existing damage GI Pipe in MCH block, Admin Block, Dr Hostel and Nurses Hostel.)]","[Addition and Alteration in Sanjay Gandhi Memorial Hospital, Mangolpuri Delhi. (SH Replacement of existing damage GI Pipe in MCH block, Admin Block, Dr Hostel and Nurses Hostel.)]
																				[20/EE/HPD(North)/PWD/2025-26][2025_PWD_278543_1]",https://etender.up.nic.in/nicgep/app?component=%24DirectLink_0&page=FrontEndAdvancedSearchResult&service=direct&session=T&sp=SB5D8n5PCwrvJoe8StPS9kQ%3D%3D,Public Works Department||CE/SE/B2-B23||EE/B233
478,24,23-Sep-2025 03:00 PM,03-Oct-2025 03:00 PM,03-Oct-2025 03:30 PM,[Name of Work GIA to DUSIB for existing infrastructure],"[Name of Work GIA to DUSIB for existing infrastructure]
																				[NIT No. 39/EEC-1/DUSIB/2025-26 ][2025_DUSIB_278582_1]",https://etender.up.nic.in/nicgep/app?component=%24DirectLink_0&page=FrontEndAdvancedSearchResult&service=direct&session=T&sp=SOkUd3P1r1nyvD9U7AVWQkA%3D%3D,Delhi Urban Shelter Improvement Board||Engineering Department||SE-I||DD-I
479,24,23-Sep-2025 03:00 PM,30-Sep-2025 03:00 PM,30-Sep-2025 03:30 PM,"[A/R and M/O to  buildings under Jurisdiction of South Building (M), PWD, Police colony, Hauz Khas, New Delhi during 2025-26 (SH 1.Roof treatment, toilet renovation and Misc. repair work at South Road division-1 office building 2. Repair and renovatio]","[A/R and M/O to  buildings under Jurisdiction of South Building (M), PWD, Police colony, Hauz Khas, New Delhi during 2025-26 (SH 1.Roof treatment, toilet renovation and Misc. repair work at South Road division-1 office building 2. Repair and renovatio]
																				[15EEPWDBUILDING SOUTH2025-26][2025_PWD_278565_1]",https://etender.up.nic.in/nicgep/app?component=%24DirectLink_0&page=FrontEndAdvancedSearchResult&service=direct&session=T&sp=SY8UV8QzsmwqlBa69Miv1LQ%3D%3D,Public Works Department||CE/SE/M4-M42||EE/M422
480,24,23-Sep-2025 03:00 PM,30-Sep-2025 03:00 PM,30-Sep-2025 03:30 PM,[EOR to Bhai Parmanand DSEU Campus II Shakarpur Delhi During 2025 26 SH  Minor Maintenance of DSEU WCS building],"[EOR to Bhai Parmanand DSEU Campus II Shakarpur Delhi During 2025 26 SH  Minor Maintenance of DSEU WCS building]
																				[32/EE/EBMD-M 221/PWD/2025-26][2025_PWD_278577_1]",https://etender.up.nic.in/nicgep/app?component=%24DirectLink_0&page=FrontEndAdvancedSearchResult&service=direct&session=T&sp=SP7ITUPXI%2FCJXKaUr1qKvtQ%3D%3D,Public Works Department||CE/SE/M2-M22||EE/M221
381,20,24-Sep-2025 03:00 PM,03-Oct-2025 04:00 PM,03-Oct-2025 04:30 PM,[A/R M/O Building in BM-PK Division during 2025-26],"[A/R M/O Building in BM-PK Division during 2025-26]
																				[NIT No.57/EE (BM-PK)/2025-26][2025_NDMC_278137_2]",https://etender.up.nic.in/nicgep/app?component=%24DirectLink_0&page=FrontEndAdvancedSearchResult&service=direct&session=T&sp=SuXF92nRjWbV84IK6IHnmjw%3D%3D,New Delhi Municipal Council||Civil-II||BM-PK
382,20,24-Sep-2025 03:00 PM,01-Oct-2025 03:00 PM,01-Oct-2025 03:30 PM,[N.I.T.  No. 03 (2025-26) item No. 4],"[N.I.T.  No. 03 (2025-26) item No. 4]
																				[N.I.T.  No. 03 (2025-26)][2025_DJB_278678_1]",https://etender.up.nic.in/nicgep/app?component=%24DirectLink_0&page=FrontEndAdvancedSearchResult&service=direct&session=T&sp=S6Of6511U0L3ntF%2F3TZ7KJw%3D%3D,Delhi Jal Board||Delhi Jal Board||EE (Civil) - 31
383,20,24-Sep-2025 02:45 PM,01-Oct-2025 03:00 PM,01-Oct-2025 03:30 PM,[N.I.T.  No. 03 (2025-26) item No. 3],"[N.I.T.  No. 03 (2025-26) item No. 3]
																				[N.I.T.  No. 03 (2025-26)][2025_DJB_278675_1]",https://etender.up.nic.in/nicgep/app?component=%24DirectLink_0&page=FrontEndAdvancedSearchResult&service=direct&session=T&sp=S2hhwDOw6UWSs%2FVse12%2FC5g%3D%3D,Delhi Jal Board||Delhi Jal Board||EE (Civil) - 31
384,20,24-Sep-2025 02:30 PM,01-Oct-2025 03:00 PM,01-Oct-2025 03:30 PM,[Construction and  development of Security Gate and repair of Guard Room Akash Bharti Apartment in Patparganj AC-57],"[Construction and  development of Security Gate and repair of Guard Room Akash Bharti Apartment in Patparganj AC-57]
																				[59/EE/CD-III/25-26][2025_IFC_278672_1]",https://etender.up.nic.in/nicgep/app?component=%24DirectLink_0&page=FrontEndAdvancedSearchResult&service=direct&session=T&sp=S5AmsE%2FOPYqzx6cq4KwxmGg%3D%3D,Irrigation and Flood Control||ZONE-I||Flood Circle-I||Civil Division-III
385,20,24-Sep-2025 02:10 PM,01-Oct-2025 03:00 PM,01-Oct-2025 03:30 PM,[N.I.T.  No. 03 (2025-26) item No. 2],"[N.I.T.  No. 03 (2025-26) item No. 2]
																				[N.I.T.  No. 03 (2025-26)  ][2025_DJB_278669_1]",https://etender.up.nic.in/nicgep/app?component=%24DirectLink_0&page=FrontEndAdvancedSearchResult&service=direct&session=T&sp=Scn0LgQE9%2F%2Fr%2BlcTNgFJCcw%3D%3D,Delhi Jal Board||Delhi Jal Board||EE (Civil) - 31
386,20,24-Sep-2025 02:00 PM,30-Sep-2025 03:00 PM,30-Sep-2025 03:05 PM,[Providing and fixing 500 nos of benches at various areas/ parks/ colonies of  Bijwasan Assembly constituency-36.],"[Providing and fixing 500 nos of benches at various areas/ parks/ colonies of  Bijwasan Assembly constituency-36.]
																				[EE/CD-XII/2025-26/30][2025_IFC_278661_1]",https://etender.up.nic.in/nicgep/app?component=%24DirectLink_0&page=FrontEndAdvancedSearchResult&service=direct&session=T&sp=Sr4%2FnzN%2FjSkCe%2FMMCS%2Bw8Pg%3D%3D,Irrigation and Flood Control||ZONE-II||Flood Circle-II||Civil Division-XII
387,20,24-Sep-2025 02:00 PM,30-Sep-2025 02:30 PM,30-Sep-2025 02:35 PM,[Replacement of Old/Damaged 150mm dia water line from Mandoli Road to Gali No. 14 Budh Bazar New Modern Shahdara in Ward No. 222 Ram Nagar in AC-64 under EE C-05],"[Replacement of Old/Damaged 150mm dia water line from Mandoli Road to Gali No. 14 Budh Bazar New Modern Shahdara in Ward No. 222 Ram Nagar in AC-64 under EE C-05]
																				[NIT No-29(25-26) ][2025_DJB_278517_3]",https://etender.up.nic.in/nicgep/app?component=%24DirectLink_0&page=FrontEndAdvancedSearchResult&service=direct&session=T&sp=STIeGgIkTwoPhkUHlVk3iiw%3D%3D,Delhi Jal Board||Delhi Jal Board||EE (Civil) - 5
388,20,24-Sep-2025 02:00 PM,30-Sep-2025 02:30 PM,30-Sep-2025 02:35 PM,[Removing of contamination by replacement of old and damaged 100 mm dia CI water line from H.No- 2268 to 2265A Gali No-10 and 1/2244-C1 to 2245-A3 Gali No-14 East Ram Nagar ward no- 223 in AC-64 under EE(C)-5.],"[Removing of contamination by replacement of old and damaged 100 mm dia CI water line from H.No- 2268 to 2265A Gali No-10 and 1/2244-C1 to 2245-A3 Gali No-14 East Ram Nagar ward no- 223 in AC-64 under EE(C)-5.]
																				[NIT No-29(25-26) ][2025_DJB_278517_2]",https://etender.up.nic.in/nicgep/app?component=%24DirectLink_0&page=FrontEndAdvancedSearchResult&service=direct&session=T&sp=SrgcOfsUdd3f8x40CNbOAMw%3D%3D,Delhi Jal Board||Delhi Jal Board||EE (Civil) - 5
389,20,24-Sep-2025 02:00 PM,30-Sep-2025 02:30 PM,30-Sep-2025 02:35 PM,[P/L 300 mm ID DWC pipe sewer line from H.No-1/287 Sriram Nagar to GT Road Shahdara in ward no- 223 in AC-64 under EE(C)-5],"[P/L 300 mm ID DWC pipe sewer line from H.No-1/287 Sriram Nagar to GT Road Shahdara in ward no- 223 in AC-64 under EE(C)-5]
																				[NIT No-29(25-26) ][2025_DJB_278517_1]",https://etender.up.nic.in/nicgep/app?component=%24DirectLink_0&page=FrontEndAdvancedSearchResult&service=direct&session=T&sp=SMuWvzNKrEaDPIAlOxmPsxQ%3D%3D,Delhi Jal Board||Delhi Jal Board||EE (Civil) - 5
390,20,24-Sep-2025 02:00 PM,14-Oct-2025 01:00 PM,14-Oct-2025 02:30 PM,"[Supply, Installation, Testing and Commissioning of OMR and  IMAGE SCANNER on buyback ]","[Supply, Installation, Testing and Commissioning of OMR and  IMAGE SCANNER on buyback ]
																				[05/PUR/GGSIPU/2025-26][2025_GGSIP_278651_1]",https://etender.up.nic.in/nicgep/app?component=%24DirectLink_0&page=FrontEndAdvancedSearchResult&service=direct&session=T&sp=SqRGbM%2FLe2owXOAhDAaxR%2FQ%3D%3D,GGS INDERPRASTHA UNIVERSITY
391,20,24-Sep-2025 02:00 PM,30-Sep-2025 02:30 PM,30-Sep-2025 02:35 PM,[Replacement of Old/Damaged 150mm dia water line from Kala Niketan School Durgapuri Ext. To Gali No. 4 Hardevpuri Near Surya Cable in Ward No. 221 Ashok Nagar in AC-64 under EE C-05],"[Replacement of Old/Damaged 150mm dia water line from Kala Niketan School Durgapuri Ext. To Gali No. 4 Hardevpuri Near Surya Cable in Ward No. 221 Ashok Nagar in AC-64 under EE C-05]
																				[NIT No-29(25-26) ][2025_DJB_278517_4]",https://etender.up.nic.in/nicgep/app?component=%24DirectLink_0&page=FrontEndAdvancedSearchResult&service=direct&session=T&sp=Se4TGuiCZhy7qygVGeql6Jw%3D%3D,Delhi Jal Board||Delhi Jal Board||EE (Civil) - 5
392,20,24-Sep-2025 02:00 PM,30-Sep-2025 03:00 PM,30-Sep-2025 03:30 PM,"[N ame of works 1 to 5 MOEI , fans, compound light and RMO DG sets, passenger lifts, fire alarm/fire fighting system installed in 62 Nos. Type V, Block 2,5,  multi storyed residential complex at Motia Khan, Paharganj, New Delhi a s p er N IT ]","[N ame of works 1 to 5 MOEI , fans, compound light and RMO DG sets, passenger lifts, fire alarm/fire fighting system installed in 62 Nos. Type V, Block 2,5,  multi storyed residential complex at Motia Khan, Paharganj, New Delhi a s p er N IT ]
																				[127/EEE/PWDDHC,NDC2025-26][2025_PWD_278665_1]",https://etender.up.nic.in/nicgep/app?component=%24DirectLink_0&page=FrontEndAdvancedSearchResult&service=direct&session=T&sp=Sp4EZZj6r%2BkXnXwrLZfkw%2FA%3D%3D,Public Works Department||CE/SE/M4-M45||EE/M451
393,20,24-Sep-2025 02:00 PM,01-Oct-2025 03:00 PM,01-Oct-2025 03:30 PM,[N.I.T.  No. 03 (2025-26) item No. 1],"[N.I.T.  No. 03 (2025-26) item No. 1]
																				[N.I.T.  No. 03 (2025-26)][2025_DJB_278658_1]",https://etender.up.nic.in/nicgep/app?component=%24DirectLink_0&page=FrontEndAdvancedSearchResult&service=direct&session=T&sp=SGYlxDnSo4JVzeDyz2vHPEg%3D%3D,Delhi Jal Board||Delhi Jal Board||EE (Civil) - 31
394,20,24-Sep-2025 01:55 PM,01-Oct-2025 03:00 PM,01-Oct-2025 03:30 PM,"[of Maintenance of Ghazipur Drain by removing of MSW, floating material, jungle grass, shrubs, hycinath etc from RD 0m to 6150m for duration of 6 months]","[of Maintenance of Ghazipur Drain by removing of MSW, floating material, jungle grass, shrubs, hycinath etc from RD 0m to 6150m for duration of 6 months]
																				[57/EE/CD-III/25-26][2025_IFC_278663_1]",https://etender.up.nic.in/nicgep/app?component=%24DirectLink_0&page=FrontEndAdvancedSearchResult&service=direct&session=T&sp=SEerHmV3Qw6uAk8eAzdretA%3D%3D,Irrigation and Flood Control||ZONE-I||Flood Circle-I||Civil Division-III
395,20,24-Sep-2025 01:40 PM,30-Sep-2025 03:00 PM,30-Sep-2025 03:30 PM,"[EOR to ITI jaffarpur, Under Sub Division - I of SWBMD, New Delhi. SH- Repair of toilet, white washing and misc. works  Balance work.]","[EOR to ITI jaffarpur, Under Sub Division - I of SWBMD, New Delhi. SH- Repair of toilet, white washing and misc. works  Balance work.]
																				[33/EE/SWBDCMD/2025-26][2025_PWD_278662_1]",https://etender.up.nic.in/nicgep/app?component=%24DirectLink_0&page=FrontEndAdvancedSearchResult&service=direct&session=T&sp=SfqiYUUi9tNESk8WoEkJFrg%3D%3D,Public Works Department||CE/SE/M1-M12||EE/M121(N)
396,20,24-Sep-2025 01:30 PM,30-Sep-2025 03:00 PM,30-Sep-2025 03:30 PM,"[Maintenance and Operation of Street Light and High Mast on Delhi PWD Road under PWD DHC,ND/Central, New Delhi]","[Maintenance and Operation of Street Light and High Mast on Delhi PWD Road under PWD DHC,ND/Central, New Delhi]
																				[135/EEE/PWDDHC,NDC2025-26][2025_PWD_278659_1]",https://etender.up.nic.in/nicgep/app?component=%24DirectLink_0&page=FrontEndAdvancedSearchResult&service=direct&session=T&sp=SzYtvUdJUUOFD4fP466wxEQ%3D%3D,Public Works Department||CE/SE/M4-M45||EE/M451
397,20,24-Sep-2025 01:10 PM,30-Sep-2025 03:00 PM,30-Sep-2025 03:30 PM,"[Providing and Fixing Wall Tiles in the basement Parking area in DDU College, Sector - 3, Dwarka, New Delhi under Sub Division SWBMSD - V, Dwarka, New Delhi during 2024-25]","[Providing and Fixing Wall Tiles in the basement Parking area in DDU College, Sector - 3, Dwarka, New Delhi under Sub Division SWBMSD - V, Dwarka, New Delhi during 2024-25]
																				[32/EE/SWBDCMD/2025-26][2025_PWD_278655_1]",https://etender.up.nic.in/nicgep/app?component=%24DirectLink_0&page=FrontEndAdvancedSearchResult&service=direct&session=T&sp=SbVDRCKXPvFApNTwcJ%2FYbNg%3D%3D,Public Works Department||CE/SE/M1-M12||EE/M121(N)
398,20,24-Sep-2025 01:00 PM,01-Oct-2025 03:00 PM,01-Oct-2025 03:30 PM,[EIUS(Capital)],"[EIUS(Capital)]
																				[29/EE/C05/DUSIB/2025-26][2025_DUSIB_278644_1]",https://etender.up.nic.in/nicgep/app?component=%24DirectLink_0&page=FrontEndAdvancedSearchResult&service=direct&session=T&sp=So%2BROUMA3aEYmGLfffhMKyQ%3D%3D,Delhi Urban Shelter Improvement Board||Engineering Department||SE-III||DD-III
399,20,24-Sep-2025 12:55 PM,30-Sep-2025 03:00 PM,30-Sep-2025 03:05 PM,[Development of Chhat puja ghat at different locations R.K.Puram Constituency AC-44.(Year 2025-26).],"[Development of Chhat puja ghat at different locations R.K.Puram Constituency AC-44.(Year 2025-26).]
																				[EE/CD-XII/2025-26/35][2025_IFC_278653_1]",https://etender.up.nic.in/nicgep/app?component=%24DirectLink_0&page=FrontEndAdvancedSearchResult&service=direct&session=T&sp=SiAbmLzI5cQarnxFMyGJXew%3D%3D,Irrigation and Flood Control||ZONE-II||Flood Circle-II||Civil Division-XII
400,20,24-Sep-2025 12:40 PM,30-Sep-2025 03:00 PM,30-Sep-2025 03:30 PM,"[MOEI , fans, compound light and RMO DG Sets, Passenger Lifts, Fire Alarm/ Fire Fighting System installed at Motia Khan, Paharganj, New Delhi. ]","[MOEI , fans, compound light and RMO DG Sets, Passenger Lifts, Fire Alarm/ Fire Fighting System installed at Motia Khan, Paharganj, New Delhi. ]
																				[132/EEE/PWDDHC,NDC2025-26][2025_PWD_278650_1]",https://etender.up.nic.in/nicgep/app?component=%24DirectLink_0&page=FrontEndAdvancedSearchResult&service=direct&session=T&sp=SinKwy%2FhRnxOVM79LcW%2BEUg%3D%3D,Public Works Department||CE/SE/M4-M45||EE/M451
181,10,26-Sep-2025 05:00 PM,03-Oct-2025 03:00 PM,03-Oct-2025 03:30 PM,[Night Shelter Revenue],"[Night Shelter Revenue]
																				[06/EEC-8/DUSIB/2025-26][2025_DUSIB_278804_1]",https://etender.up.nic.in/nicgep/app?component=%24DirectLink_0&page=FrontEndAdvancedSearchResult&service=direct&session=T&sp=SrUOaelaTxe10ut0gNlIqAA%3D%3D,Delhi Urban Shelter Improvement Board||Engineering Department||SE-III||DD-VI
182,10,26-Sep-2025 05:00 PM,03-Oct-2025 03:00 PM,03-Oct-2025 03:30 PM,[EOR to Govt. Co ed Sarvodaya Vidyalaya Sector 4 Rohini Delhi dg 2023 24 SH Providing and fixing cupboard in labs and repair of ceiling and basement column and change of roofing sheet and false ceiling of MP hall.],"[EOR to Govt. Co ed Sarvodaya Vidyalaya Sector 4 Rohini Delhi dg 2023 24 SH Providing and fixing cupboard in labs and repair of ceiling and basement column and change of roofing sheet and false ceiling of MP hall.]
																				[06/EE/Edu.(M)NW/PWD/2025-26][2025_PWD_278822_1]",https://etender.up.nic.in/nicgep/app?component=%24DirectLink_0&page=FrontEndAdvancedSearchResult&service=direct&session=T&sp=S4FwRb%2BA3EhruSlwG6Ptwdg%3D%3D,Public Works Department||CE/SE/M3-M33||EE/M331
183,10,26-Sep-2025 05:00 PM,03-Oct-2025 03:00 PM,04-Oct-2025 03:30 PM,[EIUS-Capital],"[EIUS-Capital]
																				[11/EE-C08/DUSIB/2025-26][2025_DUSIB_278825_1]",https://etender.up.nic.in/nicgep/app?component=%24DirectLink_0&page=FrontEndAdvancedSearchResult&service=direct&session=T&sp=SpvYkxLgwWLlkvCYsIGgyqQ%3D%3D,Delhi Urban Shelter Improvement Board||Engineering Department||SE-III||DD-VI
184,10,26-Sep-2025 05:00 PM,03-Oct-2025 03:00 PM,03-Oct-2025 03:30 PM,[GIA to DUSIB],"[GIA to DUSIB]
																				[03/EE-C08/DUSIB/2025-26][2025_DUSIB_278788_1]",https://etender.up.nic.in/nicgep/app?component=%24DirectLink_0&page=FrontEndAdvancedSearchResult&service=direct&session=T&sp=SoduJNVycJvSkRnJc1iAy0Q%3D%3D,Delhi Urban Shelter Improvement Board||Engineering Department||SE-III||DD-VI
185,10,26-Sep-2025 04:55 PM,03-Oct-2025 03:00 PM,03-Oct-2025 03:30 PM,"[A/R and M/O various roads under Shahdara Road Division (M-211) during  2025-26 (SH - Hiring of inspection vehicle for Govt. works in Shahdara Maintenance Circle, PWD).]","[A/R and M/O various roads under Shahdara Road Division (M-211) during  2025-26 (SH - Hiring of inspection vehicle for Govt. works in Shahdara Maintenance Circle, PWD).]
																				[21/2025-26/EE/SHAHDARA ROAD/PWD][2025_PWD_278824_1]",https://etender.up.nic.in/nicgep/app?component=%24DirectLink_0&page=FrontEndAdvancedSearchResult&service=direct&session=T&sp=SnUE%2Ffv7gojiqpYeLVN6keg%3D%3D,Public Works Department||CE/SE/M2-M21||EE/M211
186,10,26-Sep-2025 04:15 PM,03-Oct-2025 03:00 PM,03-Oct-2025 03:30 PM,"[A/R and M/O various roads under Shahdara Road Division (M-211) during 2025-26 (SH - Hiring of inspection vehicle for Govt. works in office of the Executive Engineer, Shahdara Road Division, PWD, Delhi).]","[A/R and M/O various roads under Shahdara Road Division (M-211) during 2025-26 (SH - Hiring of inspection vehicle for Govt. works in office of the Executive Engineer, Shahdara Road Division, PWD, Delhi).]
																				[20/2025-26/EE/SHAHDARA ROAD/PWD][2025_PWD_278818_1]",https://etender.up.nic.in/nicgep/app?component=%24DirectLink_0&page=FrontEndAdvancedSearchResult&service=direct&session=T&sp=SjQUsnV81SDp%2F2EH%2BEyqY7Q%3D%3D,Public Works Department||CE/SE/M2-M21||EE/M211
187,10,26-Sep-2025 04:00 PM,04-Oct-2025 03:00 PM,04-Oct-2025 03:30 PM,[AR and Mo various roads under PWD Division South West Road-1 during 2025-26. (SH  Providing civil work at existing lift shaft from SM Marg to South Campus Skywalk under Sub Division-IV New Delhi) (Balance Work).],"[AR and Mo various roads under PWD Division South West Road-1 during 2025-26. (SH  Providing civil work at existing lift shaft from SM Marg to South Campus Skywalk under Sub Division-IV New Delhi) (Balance Work).]
																				[65/EE/SWR-I/PWD/2025-26.][2025_PWD_278803_1]",https://etender.up.nic.in/nicgep/app?component=%24DirectLink_0&page=FrontEndAdvancedSearchResult&service=direct&session=T&sp=S%2FTvrS4YhRl4LRdunV3EIdg%3D%3D,Public Works Department||CE/SE/M1-M11||EE/M113(New)
188,10,26-Sep-2025 04:00 PM,03-Oct-2025 03:00 PM,03-Oct-2025 03:30 PM,"[Conversion from Dispensary to Ayushman Aarogya Mandir under the scheme PMABHIM of Dispensary DGD  Shashi Garden under the Sub Division-II HPD (East) Lal Bahadur Shastri Hospital, Khichripur, Delhi]","[Conversion from Dispensary to Ayushman Aarogya Mandir under the scheme PMABHIM of Dispensary DGD  Shashi Garden under the Sub Division-II HPD (East) Lal Bahadur Shastri Hospital, Khichripur, Delhi]
																				[13/EE/HPD (East)/PWD/2025-26][2025_PWD_278816_1]",https://etender.up.nic.in/nicgep/app?component=%24DirectLink_0&page=FrontEndAdvancedSearchResult&service=direct&session=T&sp=SyYiFzXaLzXYPVqsrHS52XA%3D%3D,Public Works Department||CE/SE/B2-B22||EE/B223
189,10,26-Sep-2025 03:00 PM,06-Oct-2025 03:00 PM,06-Oct-2025 03:15 PM,[Construction of durable assets M S Hut for public use at Laxmi Garden in Moti Nagar Assembly Constituency 25 ],"[Construction of durable assets M S Hut for public use at Laxmi Garden in Moti Nagar Assembly Constituency 25 ]
																				[EE/CD-II/ACS/W-33/2025-26][2025_IFC_278807_1]",https://etender.up.nic.in/nicgep/app?component=%24DirectLink_0&page=FrontEndAdvancedSearchResult&service=direct&session=T&sp=Sk3IuJG2Ag8DvkS7sjEcjOw%3D%3D,Irrigation and Flood Control||ZONE-II||Flood Circle-III||Civil Division-II
190,10,26-Sep-2025 03:00 PM,06-Oct-2025 03:00 PM,06-Oct-2025 03:15 PM,[Construction of Press Thada at various locations in Moti Nagar  AC 25],"[Construction of Press Thada at various locations in Moti Nagar  AC 25]
																				[EE/CD-II/ACS/W-35/2025-26][2025_IFC_278811_1]",https://etender.up.nic.in/nicgep/app?component=%24DirectLink_0&page=FrontEndAdvancedSearchResult&service=direct&session=T&sp=S6DghKYT5XPIsW%2B%2B%2FQvKXGA%3D%3D,Irrigation and Flood Control||ZONE-II||Flood Circle-III||Civil Division-II
191,10,26-Sep-2025 03:00 PM,06-Oct-2025 03:00 PM,06-Oct-2025 03:15 PM,[Supply of benches for different Public Park in various locations of Moti Nagar Assembly Contituency 25],"[Supply of benches for different Public Park in various locations of Moti Nagar Assembly Contituency 25]
																				[EE/CD-II/ACS/W-34/2025-26][2025_IFC_278810_1]",https://etender.up.nic.in/nicgep/app?component=%24DirectLink_0&page=FrontEndAdvancedSearchResult&service=direct&session=T&sp=SSXlit1NJHivlMT9gVeuX1g%3D%3D,Irrigation and Flood Control||ZONE-II||Flood Circle-III||Civil Division-II
192,10,26-Sep-2025 03:00 PM,03-Oct-2025 03:00 PM,03-Oct-2025 03:30 PM,[RMO E and M Services at Dr BSA Hospital Rohini Sec 6 Delhi],"[RMO E and M Services at Dr BSA Hospital Rohini Sec 6 Delhi]
																				[54/EE(E)HMED(N)/PWD/BSAH/2025 26][2025_PWD_278354_2]",https://etender.up.nic.in/nicgep/app?component=%24DirectLink_0&page=FrontEndAdvancedSearchResult&service=direct&session=T&sp=SXb5Dyzs%2BXFVNxp9uw6bNDw%3D%3D,Public Works Department||CE/SE/B2-B24||EE/B243(N)
193,10,26-Sep-2025 03:00 PM,03-Oct-2025 03:00 PM,03-Oct-2025 03:30 PM,"[EOR of Sanjay Gandhi Memorial Hospital, Mangolpuri Delhi. (SH Construction of corridor  for connecting trauma block to OPD).]","[EOR of Sanjay Gandhi Memorial Hospital, Mangolpuri Delhi. (SH Construction of corridor  for connecting trauma block to OPD).]
																				[21/EE/HPD(North)/PWD/2025-26][2025_PWD_278787_1]",https://etender.up.nic.in/nicgep/app?component=%24DirectLink_0&page=FrontEndAdvancedSearchResult&service=direct&session=T&sp=SGKhaPFJDOzoYPhm5nvuWKg%3D%3D,Public Works Department||CE/SE/B2-B23||EE/B233
194,10,26-Sep-2025 02:30 PM,01-Oct-2025 03:00 PM,01-Oct-2025 03:30 PM,[NIT No. 14 (EnM) Item No. 7],"[NIT No. 14 (EnM) Item No. 7]
																				[e-NIT No.14 / (EnM)M-9/ 2025-26][2025_DJB_278799_7]",https://etender.up.nic.in/nicgep/app?component=%24DirectLink_0&page=FrontEndAdvancedSearchResult&service=direct&session=T&sp=SOeKgMJDe0q9oB2jfUcyI1A%3D%3D,Delhi Jal Board||Delhi Jal Board||EE (E and M) M-8
195,10,26-Sep-2025 02:30 PM,01-Oct-2025 03:00 PM,01-Oct-2025 03:30 PM,[NIT No. 14 (EnM) Item No. 16],"[NIT No. 14 (EnM) Item No. 16]
																				[e-NIT No.14 / (EnM)M-9/ 2025-26][2025_DJB_278799_16]",https://etender.up.nic.in/nicgep/app?component=%24DirectLink_0&page=FrontEndAdvancedSearchResult&service=direct&session=T&sp=S2YHfeYmf%2BLQDRO%2F7bqL7Ag%3D%3D,Delhi Jal Board||Delhi Jal Board||EE (E and M) M-8
196,10,26-Sep-2025 02:30 PM,01-Oct-2025 03:00 PM,01-Oct-2025 03:30 PM,[NIT No. 14 (EnM) Item No. 15],"[NIT No. 14 (EnM) Item No. 15]
																				[e-NIT No.14 / (EnM)M-9/ 2025-26][2025_DJB_278799_15]",https://etender.up.nic.in/nicgep/app?component=%24DirectLink_0&page=FrontEndAdvancedSearchResult&service=direct&session=T&sp=St5JRj19F61GF2DN2XsANGQ%3D%3D,Delhi Jal Board||Delhi Jal Board||EE (E and M) M-8
197,10,26-Sep-2025 02:30 PM,01-Oct-2025 03:00 PM,01-Oct-2025 03:30 PM,[NIT No. 14 (EnM) Item No. 14],"[NIT No. 14 (EnM) Item No. 14]
																				[e-NIT No.14 / (EnM)M-9/ 2025-26][2025_DJB_278799_14]",https://etender.up.nic.in/nicgep/app?component=%24DirectLink_0&page=FrontEndAdvancedSearchResult&service=direct&session=T&sp=SOZG3nF%2Fbq5UjnEaiKjD8XQ%3D%3D,Delhi Jal Board||Delhi Jal Board||EE (E and M) M-8
198,10,26-Sep-2025 02:30 PM,01-Oct-2025 03:00 PM,01-Oct-2025 03:30 PM,[NIT No. 14 (EnM) Item No. 13],"[NIT No. 14 (EnM) Item No. 13]
																				[e-NIT No.14 / (EnM)M-9/ 2025-26][2025_DJB_278799_13]",https://etender.up.nic.in/nicgep/app?component=%24DirectLink_0&page=FrontEndAdvancedSearchResult&service=direct&session=T&sp=SYcDo09gtt%2BJJ1xZk2q%2FxPg%3D%3D,Delhi Jal Board||Delhi Jal Board||EE (E and M) M-8
199,10,26-Sep-2025 02:30 PM,01-Oct-2025 03:00 PM,01-Oct-2025 03:30 PM,[NIT No. 14 (EnM) Item No. 12],"[NIT No. 14 (EnM) Item No. 12]
																				[e-NIT No.14 / (EnM)M-9/ 2025-26][2025_DJB_278799_12]",https://etender.up.nic.in/nicgep/app?component=%24DirectLink_0&page=FrontEndAdvancedSearchResult&service=direct&session=T&sp=Ssn5VOJSsWsRwB5jGllCWkw%3D%3D,Delhi Jal Board||Delhi Jal Board||EE (E and M) M-8
200,10,26-Sep-2025 02:30 PM,01-Oct-2025 03:00 PM,01-Oct-2025 03:30 PM,[NIT No. 14 (EnM) Item No. 11],"[NIT No. 14 (EnM) Item No. 11]
																				[e-NIT No.14 / (EnM)M-9/ 2025-26][2025_DJB_278799_11]",https://etender.up.nic.in/nicgep/app?component=%24DirectLink_0&page=FrontEndAdvancedSearchResult&service=direct&session=T&sp=SkodmOSu2VqfqhLEgI2Rb3g%3D%3D,Delhi Jal Board||Delhi Jal Board||EE (E and M) M-8
341,18,24-Sep-2025 06:00 PM,30-Sep-2025 03:00 PM,30-Sep-2025 03:30 PM,"[Maintenance of EI , Fans at Circle , Civil Offices under PWD DHC,ND/Central, New Delhi ]","[Maintenance of EI , Fans at Circle , Civil Offices under PWD DHC,ND/Central, New Delhi ]
																				[136/EEE/PWDDHC,NDC2025-26][2025_PWD_278711_1]",https://etender.up.nic.in/nicgep/app?component=%24DirectLink_0&page=FrontEndAdvancedSearchResult&service=direct&session=T&sp=SepuC0T98nFoLJVpX0x5MoQ%3D%3D,Public Works Department||CE/SE/M4-M45||EE/M451
342,18,24-Sep-2025 06:00 PM,16-Oct-2025 01:30 PM,16-Oct-2025 03:00 PM,"[Supply, Erection, Testing and Commissioning of 220 kV and 33 kV bays with associated equipments for 100 MVA Power Transformers at various DTL Substation on turnkey basis.]","[Supply, Erection, Testing and Commissioning of 220 kV and 33 kV bays with associated equipments for 100 MVA Power Transformers at various DTL Substation on turnkey basis.]
																				[T25P090651][2025_DTL_276119_2]",https://etender.up.nic.in/nicgep/app?component=%24DirectLink_0&page=FrontEndAdvancedSearchResult&service=direct&session=T&sp=S%2FszKIzHK1%2FJl0ZIlEmAv%2Fg%3D%3D,Delhi Transco Limited
343,18,24-Sep-2025 06:00 PM,23-Oct-2025 01:00 PM,23-Oct-2025 02:30 PM,[TENDER FOR WORKSHOP FOR REPAIRING OF HOSPITAL FURNITURES AND GENERAL ITEMS],"[TENDER FOR WORKSHOP FOR REPAIRING OF HOSPITAL FURNITURES AND GENERAL ITEMS]
																				[F343(1)/CNBC/MAIN/2025-26/TD REPAIR FOR HOS FUR][2025_CNBC_278595_1]",https://etender.up.nic.in/nicgep/app?component=%24DirectLink_0&page=FrontEndAdvancedSearchResult&service=direct&session=T&sp=SzrK%2FlV6dvzjspz7Zt6sUuw%3D%3D,Chacha Nehru Bal Chikitsalaya
344,18,24-Sep-2025 06:00 PM,03-Oct-2025 04:00 PM,03-Oct-2025 04:30 PM,[M/o Parks and Gardens 2025-26.],"[M/o Parks and Gardens 2025-26.]
																				[43/DDH-VI/25-26][2025_NDMC_278681_1]",https://etender.up.nic.in/nicgep/app?component=%24DirectLink_0&page=FrontEndAdvancedSearchResult&service=direct&session=T&sp=S6ZNdG%2Fn3oiKWa%2FlufWvm7w%3D%3D,New Delhi Municipal Council||Horticulture
345,18,24-Sep-2025 06:00 PM,30-Sep-2025 11:00 AM,30-Sep-2025 12:00 PM,"[Short Term Grass vegetation removal and Antiweed Spray in 400KV switch yard and in bay No 413 and 415 of DTL yard, main plant and BOP area at PPS 3 bawana]","[Short Term Grass vegetation removal and Antiweed Spray in 400KV switch yard and in bay No 413 and 415 of DTL yard, main plant and BOP area at PPS 3 bawana]
																				[1000013820/CS-III][2025_IPGCL_278686_1]",https://etender.up.nic.in/nicgep/app?component=%24DirectLink_0&page=FrontEndAdvancedSearchResult&service=direct&session=T&sp=SKi904IUt6JNuF2bDxJH6Mg%3D%3D,IPGCL-PPCL||CS III
346,18,24-Sep-2025 06:00 PM,01-Oct-2025 03:00 PM,01-Oct-2025 03:30 PM,[NIT. No.49 Item no.1],"[NIT. No.49 Item no.1]
																				[NIT. No.49 Item no.1 (2025-26) E.E.(C)-12][2025_DJB_278694_1]",https://etender.up.nic.in/nicgep/app?component=%24DirectLink_0&page=FrontEndAdvancedSearchResult&service=direct&session=T&sp=Sw4FczhK5MCHR%2Fxkl1KFnHA%3D%3D,Delhi Jal Board||Delhi Jal Board||EE(NORTH)-I
347,18,24-Sep-2025 06:00 PM,01-Oct-2025 03:30 PM,01-Oct-2025 04:00 PM,[43/EE(D/S)/25-26],"[43/EE(D/S)/25-26]
																				[43/EE(D/S)/25-26][2025_NDMC_278696_1]",https://etender.up.nic.in/nicgep/app?component=%24DirectLink_0&page=FrontEndAdvancedSearchResult&service=direct&session=T&sp=S%2BhlYDO69vlfBDu%2FCjjFoEw%3D%3D,New Delhi Municipal Council||Information Technology
348,18,24-Sep-2025 05:40 PM,30-Sep-2025 03:00 PM,30-Sep-2025 03:30 PM,[Desilting of wet well for REPS at Naraina by using super sucker machine],"[Desilting of wet well for REPS at Naraina by using super sucker machine]
																				[09/2025-26/ED-I][2025_DSIDC_278709_1]",https://etender.up.nic.in/nicgep/app?component=%24DirectLink_0&page=FrontEndAdvancedSearchResult&service=direct&session=T&sp=SVIacHiIxF5ZzvJ4pf6%2FBAA%3D%3D,DSIIDC||ENGINEERING||ED-II
349,18,24-Sep-2025 05:30 PM,15-Oct-2025 02:30 PM,15-Oct-2025 03:00 PM,"[Supply of UV/Vis/NIR-Spectrophotometer for Laser-Spectroscopy Laboratory, Department of Applied Physics, DTU.]","[Supply of UV/Vis/NIR-Spectrophotometer for Laser-Spectroscopy Laboratory, Department of Applied Physics, DTU.]
																				[F. No. PHY/DTU/2268/2025/PUR/13][2025_DTU_278705_1]",https://etender.up.nic.in/nicgep/app?component=%24DirectLink_0&page=FrontEndAdvancedSearchResult&service=direct&session=T&sp=SV9jnd5oDmNtRNyivbJH9hQ%3D%3D,Delhi Technological University
350,18,24-Sep-2025 05:30 PM,15-Oct-2025 02:30 PM,15-Oct-2025 03:00 PM,"[Supply of Laboratory LCR Meter Unit for Research Lab III, Department of Applied Chemistry, DTU.]","[Supply of Laboratory LCR Meter Unit for Research Lab III, Department of Applied Chemistry, DTU.]
																				[F. No. DTU/AC/2024/989/PUR/13 ][2025_DTU_278649_1]",https://etender.up.nic.in/nicgep/app?component=%24DirectLink_0&page=FrontEndAdvancedSearchResult&service=direct&session=T&sp=SCbOh1MF0NYXMCrQI%2Fc80SQ%3D%3D,Delhi Technological University
351,18,24-Sep-2025 05:00 PM,30-Sep-2025 03:00 PM,30-Sep-2025 03:30 PM,[E.I.U.S. (Capital)],"[E.I.U.S. (Capital)]
																				[NIT No.22/EEC-12/DUSIB/2025-26][2025_DUSIB_278431_1]",https://etender.up.nic.in/nicgep/app?component=%24DirectLink_0&page=FrontEndAdvancedSearchResult&service=direct&session=T&sp=S5JgBgLiiMuvvlCdP6Ij%2F7g%3D%3D,Delhi Urban Shelter Improvement Board||Engineering Department||SE-II||DD-IV
352,18,24-Sep-2025 05:00 PM,30-Sep-2025 03:00 PM,30-Sep-2025 03:30 PM,[NIT No. 30 (2025-26) Item No. 01],"[NIT No. 30 (2025-26) Item No. 01]
																				[NIT No. 30 (2025-26) Civil-3][2025_DJB_278670_1]",https://etender.up.nic.in/nicgep/app?component=%24DirectLink_0&page=FrontEndAdvancedSearchResult&service=direct&session=T&sp=SmaUkthopcIVm5cBdI7oB3g%3D%3D,Delhi Jal Board||Delhi Jal Board||EE (Civil) - 3
353,18,24-Sep-2025 05:00 PM,30-Sep-2025 03:00 PM,30-Sep-2025 03:30 PM,"[Repair and maintenance of water lines up to 300 mm dia in  ward No. 204, Preet Vihar and ward no. 205, I.P Extn. in AC-59. (For Six Months 2025-26).]","[Repair and maintenance of water lines up to 300 mm dia in  ward No. 204, Preet Vihar and ward no. 205, I.P Extn. in AC-59. (For Six Months 2025-26).]
																				[NIT No. 30 (2025-26) Civil-3][2025_DJB_278670_2]",https://etender.up.nic.in/nicgep/app?component=%24DirectLink_0&page=FrontEndAdvancedSearchResult&service=direct&session=T&sp=SvZdLbBHfzlMuA1vilM5RsA%3D%3D,Delhi Jal Board||Delhi Jal Board||EE (Civil) - 3
354,18,24-Sep-2025 05:00 PM,30-Sep-2025 03:00 PM,30-Sep-2025 03:30 PM,[E.I.U.S. (Revenue)],"[E.I.U.S. (Revenue)]
																				[NIT No.23/EEC-12/DUSIB/2025-26][2025_DUSIB_278676_1]",https://etender.up.nic.in/nicgep/app?component=%24DirectLink_0&page=FrontEndAdvancedSearchResult&service=direct&session=T&sp=SZtUEeYE%2B2QvKk5lR5NJymA%3D%3D,Delhi Urban Shelter Improvement Board||Engineering Department||SE-II||DD-IV
355,18,24-Sep-2025 05:00 PM,03-Oct-2025 03:00 PM,03-Oct-2025 03:30 PM,"[RMO Specialized E and M Services installed at Delhi High Court, New Delhi. (SH Comprehensive maintenance of CP Plus Make CCTV surveillance system) ]","[RMO Specialized E and M Services installed at Delhi High Court, New Delhi. (SH Comprehensive maintenance of CP Plus Make CCTV surveillance system) ]
																				[199/EE(E)/JED-1/PWD/2025-26][2025_PWD_278699_1]",https://etender.up.nic.in/nicgep/app?component=%24DirectLink_0&page=FrontEndAdvancedSearchResult&service=direct&session=T&sp=S7a4hVbSwapVnz17x%2FAQUBA%3D%3D,Public Works Department||CE/SE/B1-B14||EE/B142
356,18,24-Sep-2025 05:00 PM,30-Sep-2025 03:00 PM,30-Sep-2025 03:30 PM,"[A/R and M/O to Various roads under PWD Division North-West Road-2 during 2025-26. (SH- Providing Outsourcing Staff for the office of  Superintending Engineer, North West (M) Circle.) (Re-call)]","[A/R and M/O to Various roads under PWD Division North-West Road-2 during 2025-26. (SH- Providing Outsourcing Staff for the office of  Superintending Engineer, North West (M) Circle.) (Re-call)]
																				[36/EE/NWR-2/PWD/2025-26 (Re Call)][2025_PWD_278695_1]",https://etender.up.nic.in/nicgep/app?component=%24DirectLink_0&page=FrontEndAdvancedSearchResult&service=direct&session=T&sp=SH0ZrIWwe58yhmX7VZmbBTw%3D%3D,Public Works Department||CE/SE/M3-M31||EE/M312
357,18,24-Sep-2025 05:00 PM,30-Sep-2025 03:00 PM,30-Sep-2025 03:30 PM,[E.I.U.S. (Capital)],"[E.I.U.S. (Capital)]
																				[NIT No.24/EEC-07/DUSIB/2025-26][2025_DUSIB_278697_1]",https://etender.up.nic.in/nicgep/app?component=%24DirectLink_0&page=FrontEndAdvancedSearchResult&service=direct&session=T&sp=SWOY2kTLunR7yeTRMOBExVA%3D%3D,Delhi Urban Shelter Improvement Board||Engineering Department||SE-II||DD-IV
358,18,24-Sep-2025 05:00 PM,04-Oct-2025 03:00 PM,04-Oct-2025 03:30 PM,[Pay and Use JSC (Capital)],"[Pay and Use JSC (Capital)]
																				[NIT No. 30/EEC-2/DUSIB/2025-26][2025_DUSIB_278671_1]",https://etender.up.nic.in/nicgep/app?component=%24DirectLink_0&page=FrontEndAdvancedSearchResult&service=direct&session=T&sp=SWhxcNmyQmwUgnOJqcxSSdA%3D%3D,Delhi Urban Shelter Improvement Board||Engineering Department||SE-I||DD-I
359,18,24-Sep-2025 05:00 PM,15-Oct-2025 11:00 AM,15-Oct-2025 11:30 AM,"[For Appointment of an Agency for Integrated Citizen-Centric Communication and Outreach Activities (Social Media, Digital and Print Media, and Events)]","[For Appointment of an Agency for Integrated Citizen-Centric Communication and Outreach Activities (Social Media, Digital and Print Media, and Events)]
																				[F.1(7)/DIP/CTB/2025][2025_DIP_278698_1]",https://etender.up.nic.in/nicgep/app?component=%24DirectLink_0&page=FrontEndAdvancedSearchResult&service=direct&session=T&sp=SLvMVitFdM6%2Bfu53Q0vVW8A%3D%3D,Directorate of Information and Publicity
360,18,24-Sep-2025 05:00 PM,30-Sep-2025 03:00 PM,30-Sep-2025 03:30 PM,[Construction of Night shelters Revenue],"[Construction of Night shelters Revenue]
																				[NIT No.32/EE,C-4/DUSIB/2025-26][2025_DUSIB_278702_1]",https://etender.up.nic.in/nicgep/app?component=%24DirectLink_0&page=FrontEndAdvancedSearchResult&service=direct&session=T&sp=S%2FI4Wiz3yB%2FEh2ggpP9EEKQ%3D%3D,Delhi Urban Shelter Improvement Board||Engineering Department||SE-I||CD-IV
241,14,25-Sep-2025 06:55 PM,03-Oct-2025 03:00 PM,03-Oct-2025 03:30 PM,"[A/R and M/O to various roads under East Road- II, of PWD East Road Division dg. 2025-26. (SH- Providing and Fixing of Signage board under Sub-division East Road-II)]","[A/R and M/O to various roads under East Road- II, of PWD East Road Division dg. 2025-26. (SH- Providing and Fixing of Signage board under Sub-division East Road-II)]
																				[27/EE/East Road (M-212)/PWD/2025-26][2025_PWD_278773_1]",https://etender.up.nic.in/nicgep/app?component=%24DirectLink_0&page=FrontEndAdvancedSearchResult&service=direct&session=T&sp=S1BB%2Fm%2BJOuQQvlZkep6wXrw%3D%3D,Public Works Department||CE/SE/M2-M21||EE/M212
242,14,25-Sep-2025 06:55 PM,01-Oct-2025 11:30 AM,01-Oct-2025 12:05 PM,[NIT NO-10 ITEM NO-13],"[NIT NO-10 ITEM NO-13]
																				[NIT NO-10 (2025-2026)][2025_DJB_278740_13]",https://etender.up.nic.in/nicgep/app?component=%24DirectLink_0&page=FrontEndAdvancedSearchResult&service=direct&session=T&sp=SbN3XyRzujyjcgeGarydnwA%3D%3D,Delhi Jal Board||Delhi Jal Board||EE (E and M) M-5
243,14,25-Sep-2025 06:55 PM,03-Oct-2025 03:00 PM,03-Oct-2025 03:30 PM,"[Rehabilitation/Strengthening of PWD roads by cold milling and recycling process of various roads under Sub Division East Road-IV of Division East Road/(M-212), Delhi during 2023-24.1. Noida Link Road(Road ID-70-40036) 2. Noida more.. (SH-Balance work]","[Rehabilitation/Strengthening of PWD roads by cold milling and recycling process of various roads under Sub Division East Road-IV of Division East Road/(M-212), Delhi during 2023-24.1. Noida Link Road(Road ID-70-40036) 2. Noida more.. (SH-Balance work]
																				[17/CE(East)M/PWD/2025-26][2025_PWD_278757_1]",https://etender.up.nic.in/nicgep/app?component=%24DirectLink_0&page=FrontEndAdvancedSearchResult&service=direct&session=T&sp=ShS4b4GRzf2tCA%2BoZVkMBLw%3D%3D,Public Works Department||CE/SE/M2-M21||EE/M212
244,14,25-Sep-2025 06:55 PM,06-Oct-2025 03:00 PM,06-Oct-2025 03:30 PM,"[M/o Hort. Work at Dwarka Court Complex, Sector-10, Dwarka, under Hort. Sub-Division H and J-I, HD Health and Judiciary,  PWD, New Delhi during 2025-26. SH- Complete Maintenance of garden features]","[M/o Hort. Work at Dwarka Court Complex, Sector-10, Dwarka, under Hort. Sub-Division H and J-I, HD Health and Judiciary,  PWD, New Delhi during 2025-26. SH- Complete Maintenance of garden features]
																				[53/DD(H)/HD-H and J/PWD/2025-26][2025_PWD_278732_1]",https://etender.up.nic.in/nicgep/app?component=%24DirectLink_0&page=FrontEndAdvancedSearchResult&service=direct&session=T&sp=S%2BaLmzEBme7VADBlxZ%2FlClg%3D%3D,Public Works Department||CE/SE/M2-M21||EE/M214
245,14,25-Sep-2025 06:55 PM,01-Oct-2025 11:30 AM,01-Oct-2025 12:05 PM,[NIT NO-10 ITEM NO-08],"[NIT NO-10 ITEM NO-08]
																				[NIT NO-10 (2025-2026)][2025_DJB_278740_8]",https://etender.up.nic.in/nicgep/app?component=%24DirectLink_0&page=FrontEndAdvancedSearchResult&service=direct&session=T&sp=SHKANHEQaxcQOddOa%2F2rYEQ%3D%3D,Delhi Jal Board||Delhi Jal Board||EE (E and M) M-5
246,14,25-Sep-2025 06:55 PM,01-Oct-2025 03:00 PM,01-Oct-2025 03:30 PM,[NIT No.13(2025-26) Item 7],"[NIT No.13(2025-26) Item 7]
																				[e-NIT No.13 / (EnM)M-9/ 2025-26][2025_DJB_278777_7]",https://etender.up.nic.in/nicgep/app?component=%24DirectLink_0&page=FrontEndAdvancedSearchResult&service=direct&session=T&sp=Sc7SYsLskYuX387hhGQ6gZw%3D%3D,Delhi Jal Board||Delhi Jal Board||EE (E and M) M-8
247,14,25-Sep-2025 06:55 PM,01-Oct-2025 11:30 AM,01-Oct-2025 12:05 PM,[NIT NO-10 ITEM NO-22],"[NIT NO-10 ITEM NO-22]
																				[NIT NO-10 (2025-2026)][2025_DJB_278740_22]",https://etender.up.nic.in/nicgep/app?component=%24DirectLink_0&page=FrontEndAdvancedSearchResult&service=direct&session=T&sp=So3gl32N1grhju46SszBRDQ%3D%3D,Delhi Jal Board||Delhi Jal Board||EE (E and M) M-5
248,14,25-Sep-2025 06:55 PM,01-Oct-2025 11:30 AM,01-Oct-2025 12:05 PM,[NIT NO-10 ITEM NO-11],"[NIT NO-10 ITEM NO-11]
																				[NIT NO-10 (2025-2026)][2025_DJB_278740_11]",https://etender.up.nic.in/nicgep/app?component=%24DirectLink_0&page=FrontEndAdvancedSearchResult&service=direct&session=T&sp=SPYlCll2XoJ7NzBQLpMdKxA%3D%3D,Delhi Jal Board||Delhi Jal Board||EE (E and M) M-5
249,14,25-Sep-2025 06:55 PM,06-Oct-2025 03:00 PM,06-Oct-2025 03:30 PM,"[M/o Horticulture work at Tis Hazari Court under Hort. Sub-Divn-H and J-III, HD-H and J, PWD  Delhi during 2025-26. SH-Providing and Displaying of Out door plants in Tis Hazari Court ]","[M/o Horticulture work at Tis Hazari Court under Hort. Sub-Divn-H and J-III, HD-H and J, PWD  Delhi during 2025-26. SH-Providing and Displaying of Out door plants in Tis Hazari Court ]
																				[34/DD(H)/HD-H and J/PWD/2025-26][2025_PWD_275981_4]",https://etender.up.nic.in/nicgep/app?component=%24DirectLink_0&page=FrontEndAdvancedSearchResult&service=direct&session=T&sp=SzHmYzTF5on74jbxtVd20gg%3D%3D,Public Works Department||CE/SE/M2-M21||EE/M214
250,14,25-Sep-2025 06:55 PM,01-Oct-2025 03:00 PM,01-Oct-2025 03:30 PM,[NIT No.13(2025-26) Item 6],"[NIT No.13(2025-26) Item 6]
																				[e-NIT No.13 / (EnM)M-9/ 2025-26][2025_DJB_278777_6]",https://etender.up.nic.in/nicgep/app?component=%24DirectLink_0&page=FrontEndAdvancedSearchResult&service=direct&session=T&sp=SLjmwUptIzcBQNsmff8PzXA%3D%3D,Delhi Jal Board||Delhi Jal Board||EE (E and M) M-8
251,14,25-Sep-2025 06:55 PM,01-Oct-2025 11:30 AM,01-Oct-2025 12:05 PM,[NIT NO-10 ITEM NO-21],"[NIT NO-10 ITEM NO-21]
																				[NIT NO-10 (2025-2026)][2025_DJB_278740_21]",https://etender.up.nic.in/nicgep/app?component=%24DirectLink_0&page=FrontEndAdvancedSearchResult&service=direct&session=T&sp=SsbOaabskJMEcKHA90bllCg%3D%3D,Delhi Jal Board||Delhi Jal Board||EE (E and M) M-5
252,14,25-Sep-2025 06:55 PM,01-Oct-2025 11:30 AM,01-Oct-2025 12:05 PM,[NIT NO-10 ITEM NO-01],"[NIT NO-10 ITEM NO-01]
																				[NIT NO-10 (2025-2026)][2025_DJB_278740_1]",https://etender.up.nic.in/nicgep/app?component=%24DirectLink_0&page=FrontEndAdvancedSearchResult&service=direct&session=T&sp=SpEOHH9UBdBoMc565BTbagg%3D%3D,Delhi Jal Board||Delhi Jal Board||EE (E and M) M-5
253,14,25-Sep-2025 06:55 PM,01-Oct-2025 03:00 PM,01-Oct-2025 03:30 PM,[NIT No.13(2025-26) Item 5],"[NIT No.13(2025-26) Item 5]
																				[e-NIT No.13 / (EnM)M-9/ 2025-26][2025_DJB_278777_5]",https://etender.up.nic.in/nicgep/app?component=%24DirectLink_0&page=FrontEndAdvancedSearchResult&service=direct&session=T&sp=SHYYZ6M6XDlqjvWH4qIEyFw%3D%3D,Delhi Jal Board||Delhi Jal Board||EE (E and M) M-8
254,14,25-Sep-2025 06:55 PM,01-Oct-2025 11:30 AM,01-Oct-2025 12:05 PM,[NIT NO-10 ITEM NO-02],"[NIT NO-10 ITEM NO-02]
																				[NIT NO-10 (2025-2026)][2025_DJB_278740_2]",https://etender.up.nic.in/nicgep/app?component=%24DirectLink_0&page=FrontEndAdvancedSearchResult&service=direct&session=T&sp=S6D%2FgldBhSLTSjVz4RsEsKQ%3D%3D,Delhi Jal Board||Delhi Jal Board||EE (E and M) M-5
255,14,25-Sep-2025 06:55 PM,01-Oct-2025 11:30 AM,01-Oct-2025 12:05 PM,[NIT NO-10 ITEM NO-03],"[NIT NO-10 ITEM NO-03]
																				[NIT NO-10 (2025-2026)][2025_DJB_278740_3]",https://etender.up.nic.in/nicgep/app?component=%24DirectLink_0&page=FrontEndAdvancedSearchResult&service=direct&session=T&sp=SvjmW0eOnLssD7Y0RBdIMlA%3D%3D,Delhi Jal Board||Delhi Jal Board||EE (E and M) M-5
256,14,25-Sep-2025 06:55 PM,01-Oct-2025 11:30 AM,01-Oct-2025 12:05 PM,[NIT NO-10 ITEM NO-04],"[NIT NO-10 ITEM NO-04]
																				[NIT NO-10 (2025-2026)][2025_DJB_278740_4]",https://etender.up.nic.in/nicgep/app?component=%24DirectLink_0&page=FrontEndAdvancedSearchResult&service=direct&session=T&sp=S8OaZmvPhN%2B7F8EtUb8xYsw%3D%3D,Delhi Jal Board||Delhi Jal Board||EE (E and M) M-5
257,14,25-Sep-2025 06:55 PM,01-Oct-2025 11:30 AM,01-Oct-2025 12:05 PM,[NIT NO-10 ITEM NO-20],"[NIT NO-10 ITEM NO-20]
																				[NIT NO-10 (2025-2026)][2025_DJB_278740_20]",https://etender.up.nic.in/nicgep/app?component=%24DirectLink_0&page=FrontEndAdvancedSearchResult&service=direct&session=T&sp=SMPWsmRId2N%2F8oEf4x1yH9A%3D%3D,Delhi Jal Board||Delhi Jal Board||EE (E and M) M-5
258,14,25-Sep-2025 06:55 PM,01-Oct-2025 03:00 PM,01-Oct-2025 03:30 PM,[NIT No.13(2025-26) Item 4],"[NIT No.13(2025-26) Item 4]
																				[e-NIT No.13 / (EnM)M-9/ 2025-26][2025_DJB_278777_4]",https://etender.up.nic.in/nicgep/app?component=%24DirectLink_0&page=FrontEndAdvancedSearchResult&service=direct&session=T&sp=SdOt4pvFCy%2F1bsHIintRQLQ%3D%3D,Delhi Jal Board||Delhi Jal Board||EE (E and M) M-8
259,14,25-Sep-2025 06:55 PM,01-Oct-2025 11:30 AM,01-Oct-2025 12:05 PM,[NIT NO-10 ITEM NO-05],"[NIT NO-10 ITEM NO-05]
																				[NIT NO-10 (2025-2026)][2025_DJB_278740_5]",https://etender.up.nic.in/nicgep/app?component=%24DirectLink_0&page=FrontEndAdvancedSearchResult&service=direct&session=T&sp=S0boTuCvJcQ6cbtLIe6mCEQ%3D%3D,Delhi Jal Board||Delhi Jal Board||EE (E and M) M-5
260,14,25-Sep-2025 06:55 PM,01-Oct-2025 11:30 AM,01-Oct-2025 12:05 PM,[NIT NO-10 ITEM NO-19],"[NIT NO-10 ITEM NO-19]
																				[NIT NO-10 (2025-2026)][2025_DJB_278740_19]",https://etender.up.nic.in/nicgep/app?component=%24DirectLink_0&page=FrontEndAdvancedSearchResult&service=direct&session=T&sp=S7v81H4dDomMBoKMDyRc6zA%3D%3D,Delhi Jal Board||Delhi Jal Board||EE (E and M) M-5
541,28,20-Sep-2025 12:00 PM,01-Oct-2025 03:00 PM,01-Oct-2025 03:30 PM,"[Running, maintenance and operation of various E and M services installed at RGSS Hospital, Tahirpur, Delhi-110093]","[Running, maintenance and operation of various E and M services installed at RGSS Hospital, Tahirpur, Delhi-110093]
																				[71/EE (E)/HMED East/PWD/GTBH/2025-26][2025_PWD_278442_1]",https://etender.up.nic.in/nicgep/app?component=%24DirectLink_0&page=FrontEndAdvancedSearchResult&service=direct&session=T&sp=SjCA4USOiVrHYzWrdkhfZcg%3D%3D,Public Works Department||CE/SE/B2-B24||EE/B242(N)
542,28,20-Sep-2025 11:00 AM,03-Oct-2025 03:00 PM,03-Oct-2025 03:30 PM,"[Development works in un-authorized colonies. SH- C/o CC Roads and S.W Drains of balance galies in Geetanjali Park, West Sagar pur, Delhi-46, Dwarka AC-33, (Regn No. 937)]","[Development works in un-authorized colonies. SH- C/o CC Roads and S.W Drains of balance galies in Geetanjali Park, West Sagar pur, Delhi-46, Dwarka AC-33, (Regn No. 937)]
																				[NIT No. 06/2025-26/CD-07 (UC)][2025_DSIDC_278439_1]",https://etender.up.nic.in/nicgep/app?component=%24DirectLink_0&page=FrontEndAdvancedSearchResult&service=direct&session=T&sp=SJJoi6Yw2x5AYQhbHDOJjNw%3D%3D,DSIIDC||ENGINEERING||ED-II
543,28,19-Sep-2025 06:55 PM,03-Oct-2025 03:00 PM,03-Oct-2025 03:30 PM,"[Development works in un-authorized colonies. SH- C/o of CC Roads of balance gali in Vaishali (Gali No. 1A), New Delhi-110045, in Dwarka AC-33 (Regn no. 1584)]","[Development works in un-authorized colonies. SH- C/o of CC Roads of balance gali in Vaishali (Gali No. 1A), New Delhi-110045, in Dwarka AC-33 (Regn no. 1584)]
																				[NIT No. 05/2025-26/CD-07 (UC)][2025_DSIDC_278436_1]",https://etender.up.nic.in/nicgep/app?component=%24DirectLink_0&page=FrontEndAdvancedSearchResult&service=direct&session=T&sp=S%2FIsMDj9mTx6B9bhWDRZvLg%3D%3D,DSIIDC||ENGINEERING||ED-II
544,28,19-Sep-2025 06:00 PM,06-Oct-2025 03:30 PM,06-Oct-2025 04:00 PM,[64/EE(E)BM-II/2025-26],"[64/EE(E)BM-II/2025-26]
																				[64/EE(E)BM-II/2025-26][2025_NDMC_278409_1]",https://etender.up.nic.in/nicgep/app?component=%24DirectLink_0&page=FrontEndAdvancedSearchResult&service=direct&session=T&sp=SAPPB%2FBfW3UWdt6g%2BDDrekg%3D%3D,New Delhi Municipal Council||Electric-II||BM-II
545,28,19-Sep-2025 04:00 PM,30-Sep-2025 03:00 PM,30-Sep-2025 03:30 PM,"[AR and MO for Civil Work at Bhaskaracharya College Of Applied Sciences, Sector- 02, Dwarka, New Delhi during 2025-26.]","[AR and MO for Civil Work at Bhaskaracharya College Of Applied Sciences, Sector- 02, Dwarka, New Delhi during 2025-26.]
																				[28/EE/SWBDCMD/2025-26][2025_PWD_278412_1]",https://etender.up.nic.in/nicgep/app?component=%24DirectLink_0&page=FrontEndAdvancedSearchResult&service=direct&session=T&sp=SJ0JrpEH4JXy0jBlahWGYXw%3D%3D,Public Works Department||CE/SE/M1-M12||EE/M121(N)
546,28,19-Sep-2025 04:00 PM,03-Oct-2025 03:00 PM,03-Oct-2025 03:30 PM,[Remodeling of old damaged Brick Masonry and Pipe drains with RCC Box drain at Maharaja Aggarsen Marg (Road No. 42-A)  (from Deepali Chowk to Vishram Chowk LHS) and Mangolpuri Police Station Road (from Road No. 3 i.e Kanjhwala road to Sanjay .....],"[Remodeling of old damaged Brick Masonry and Pipe drains with RCC Box drain at Maharaja Aggarsen Marg (Road No. 42-A)  (from Deepali Chowk to Vishram Chowk LHS) and Mangolpuri Police Station Road (from Road No. 3 i.e Kanjhwala road to Sanjay .....]
																				[46/EE/NWR-2/PWD/2025-26][2025_PWD_278402_1]",https://etender.up.nic.in/nicgep/app?component=%24DirectLink_0&page=FrontEndAdvancedSearchResult&service=direct&session=T&sp=SFntpy%2FPRfsWqUC28UQ4hYw%3D%3D,Public Works Department||CE/SE/M3-M31||EE/M312
547,28,19-Sep-2025 03:00 PM,08-Oct-2025 03:00 PM,08-Oct-2025 03:30 PM,[Name of Work  GIA to DUSIB for existing Infrastructure],"[Name of Work  GIA to DUSIB for existing Infrastructure]
																				[NIT No.33/EEC-1/DUSIB/2025-26][2025_DUSIB_278400_1]",https://etender.up.nic.in/nicgep/app?component=%24DirectLink_0&page=FrontEndAdvancedSearchResult&service=direct&session=T&sp=S0WfYADb0MPKHbOsvIM2pMw%3D%3D,Delhi Urban Shelter Improvement Board||Engineering Department||SE-I||DD-I
548,28,19-Sep-2025 03:00 PM,06-Oct-2025 03:00 PM,06-Oct-2025 03:30 PM,[Name of Work  E.I.U.S. (CAPITAL)],"[Name of Work  E.I.U.S. (CAPITAL)]
																				[NIT No.32/EEC-1/DUSIB/2025-26][2025_DUSIB_278397_1]",https://etender.up.nic.in/nicgep/app?component=%24DirectLink_0&page=FrontEndAdvancedSearchResult&service=direct&session=T&sp=SQUmt%2F%2B35EWq2OSsM3HVJ0A%3D%3D,Delhi Urban Shelter Improvement Board||Engineering Department||SE-I||DD-I
549,28,18-Sep-2025 06:30 PM,09-Oct-2025 03:00 PM,09-Oct-2025 03:30 PM,"[Improvement / Repair of drain and Strengthening/Restoration of Nangloi-Najafgarh road under Divisions WR-2, WR-1 and SWR-2,  PWD, New Delhi. ]","[Improvement / Repair of drain and Strengthening/Restoration of Nangloi-Najafgarh road under Divisions WR-2, WR-1 and SWR-2,  PWD, New Delhi. ]
																				[03/CE/North/PWD/2025-26 (30/EE/PWD/WR-1/2025-26)][2025_PWD_278381_1]",https://etender.up.nic.in/nicgep/app?component=%24DirectLink_0&page=FrontEndAdvancedSearchResult&service=direct&session=T&sp=SlLBrq5%2BgsTckR8Vbn7bDZw%3D%3D,Public Works Department||CE/SE/M1-M11||EE/M111
550,28,18-Sep-2025 06:15 PM,09-Oct-2025 03:00 PM,09-Oct-2025 03:30 PM,[De-silting of more than 1000 mm dia Trunk Sewers under command of Kondli STP  from  Brij wasi Sweets to Surya Hospital in East Zone (Package-3). NIT -02],"[De-silting of more than 1000 mm dia Trunk Sewers under command of Kondli STP  from  Brij wasi Sweets to Surya Hospital in East Zone (Package-3). NIT -02]
																				[NIT No. 02 (2025-26)/EE (C)DR-X][2025_DJB_278387_1]",https://etender.up.nic.in/nicgep/app?component=%24DirectLink_0&page=FrontEndAdvancedSearchResult&service=direct&session=T&sp=SE1NQeVZUPeXuXEMzK6bLpQ%3D%3D,Delhi Jal Board||Delhi Jal Board||EE(C) DR- X
551,28,18-Sep-2025 06:00 PM,30-Sep-2025 03:00 PM,30-Sep-2025 03:05 PM,[NIT No. 03/1/EE(C)-22(2025-26)],"[NIT No. 03/1/EE(C)-22(2025-26)]
																				[NIT No. 03/1/EE(C)-22(2025-26)][2025_DJB_278356_1]",https://etender.up.nic.in/nicgep/app?component=%24DirectLink_0&page=FrontEndAdvancedSearchResult&service=direct&session=T&sp=S6p7l%2FogDaabNibnmMu8NIA%3D%3D,Delhi Jal Board||Delhi Jal Board||EE (Civil) - 22
552,28,18-Sep-2025 05:20 PM,13-Oct-2025 04:00 PM,13-Oct-2025 04:30 PM,"[MECHANIZED HOUSEKEEPING WORK AT SHRI HANUMAN MANDIR VATIKA, BKS MARG.]","[MECHANIZED HOUSEKEEPING WORK AT SHRI HANUMAN MANDIR VATIKA, BKS MARG.]
																				[04/EE(R-V)/2025-26][2025_NDMC_278374_1]",https://etender.up.nic.in/nicgep/app?component=%24DirectLink_0&page=FrontEndAdvancedSearchResult&service=direct&session=T&sp=ScTES1NX2FJr7fanyjRF%2FeA%3D%3D,New Delhi Municipal Council||Civil-III||W/S
553,28,18-Sep-2025 05:00 PM,06-Oct-2025 03:00 PM,06-Oct-2025 03:30 PM,"[Regarding Up-gradation and Renovation work in newly allotted flat at DTU main campus, Bawana Road, Delhi]","[Regarding Up-gradation and Renovation work in newly allotted flat at DTU main campus, Bawana Road, Delhi]
																				[DTU/EnggCell/28/2025-26/Civil][2025_DTU_278369_1]",https://etender.up.nic.in/nicgep/app?component=%24DirectLink_0&page=FrontEndAdvancedSearchResult&service=direct&session=T&sp=SLBThsNjY5oUu2GqX4M%2Bn0Q%3D%3D,Delhi Technological University
554,28,18-Sep-2025 04:00 PM,06-Oct-2025 03:00 PM,06-Oct-2025 03:30 PM,[SITC of VRV VRF Air Conditioning System in Centre for Excellence and Allied Works at NSUT West Campus],"[SITC of VRV VRF Air Conditioning System in Centre for Excellence and Allied Works at NSUT West Campus]
																				[06/PO/2025-26/NSUT][2025_NSIT_278363_1]",https://etender.up.nic.in/nicgep/app?component=%24DirectLink_0&page=FrontEndAdvancedSearchResult&service=direct&session=T&sp=Syu6yY0nSw%2FR%2Fu9Hg5kdSDw%3D%3D,NSIT||Engineering Cell
555,28,18-Sep-2025 03:00 PM,14-Oct-2025 12:00 PM,14-Oct-2025 03:00 PM,[Empanelment of Banks/FIs Bidder(s) for Issuance of NCMC by Integrating with Existing Automatic Fare Collection System (AFCS) having ETM Machines  for travelling in all the Public Transport System in Delhi for various categories],"[Empanelment of Banks/FIs Bidder(s) for Issuance of NCMC by Integrating with Existing Automatic Fare Collection System (AFCS) having ETM Machines  for travelling in all the Public Transport System in Delhi for various categories]
																				[RFP/ITD/2508/1][2025_DTC_278338_1]",https://etender.up.nic.in/nicgep/app?component=%24DirectLink_0&page=FrontEndAdvancedSearchResult&service=direct&session=T&sp=SOvfrzMcJ8FFE7IQYVz7Kvg%3D%3D,Delhi Transport Corporation||Tender Cell
556,28,18-Sep-2025 09:00 AM,01-Oct-2025 03:00 PM,01-Oct-2025 03:30 PM,[Replacement of old and damaged sewer line at main road krishna mandir road to WA block gurudawara by bursting method in ward no -202 in AC 58 Laxmi nagar consitutency.],"[Replacement of old and damaged sewer line at main road krishna mandir road to WA block gurudawara by bursting method in ward no -202 in AC 58 Laxmi nagar consitutency.]
																				[NIT No. 36 (2025-26)][2025_DJB_278330_3]",https://etender.up.nic.in/nicgep/app?component=%24DirectLink_0&page=FrontEndAdvancedSearchResult&service=direct&session=T&sp=SMs4ToW9xXIRnGhM3hJtKkA%3D%3D,Delhi Jal Board||Delhi Jal Board||EE (T) M-1
557,28,18-Sep-2025 09:00 AM,01-Oct-2025 03:00 PM,01-Oct-2025 03:30 PM,[Replacement of old and damaged sewer line in school block shakarpur S-block gal no 4 to 7 nearby MTNL office by brusting method in ward no 202 in AC 58 Laxmi nagar],"[Replacement of old and damaged sewer line in school block shakarpur S-block gal no 4 to 7 nearby MTNL office by brusting method in ward no 202 in AC 58 Laxmi nagar]
																				[NIT No. 36 (2025-26)][2025_DJB_278330_1]",https://etender.up.nic.in/nicgep/app?component=%24DirectLink_0&page=FrontEndAdvancedSearchResult&service=direct&session=T&sp=Sx%2F08ouhTUi5w4at6UWgu7Q%3D%3D,Delhi Jal Board||Delhi Jal Board||EE (T) M-1
558,28,18-Sep-2025 09:00 AM,01-Oct-2025 03:00 PM,01-Oct-2025 03:30 PM,"[Replacement of old and damaged water line in Street no-1 to 5, Kundan Nagar in ward no-203, AC-58 under EE(C-02).]","[Replacement of old and damaged water line in Street no-1 to 5, Kundan Nagar in ward no-203, AC-58 under EE(C-02).]
																				[NIT No. 36 (2025-26)][2025_DJB_278330_6]",https://etender.up.nic.in/nicgep/app?component=%24DirectLink_0&page=FrontEndAdvancedSearchResult&service=direct&session=T&sp=S%2F2WSdlFA%2FsYxZICj4t9Rtg%3D%3D,Delhi Jal Board||Delhi Jal Board||EE (T) M-1
559,28,18-Sep-2025 09:00 AM,01-Oct-2025 03:00 PM,01-Oct-2025 03:30 PM,"[Replacement and diversion of discharge from Ramesh Park Gali no-12 to N Block, Jagatram park SPS in AC-58]","[Replacement and diversion of discharge from Ramesh Park Gali no-12 to N Block, Jagatram park SPS in AC-58]
																				[NIT No. 36 (2025-26)][2025_DJB_278330_5]",https://etender.up.nic.in/nicgep/app?component=%24DirectLink_0&page=FrontEndAdvancedSearchResult&service=direct&session=T&sp=Sfk6d5bCKvYXrUHX3PLmIkw%3D%3D,Delhi Jal Board||Delhi Jal Board||EE (T) M-1
560,28,18-Sep-2025 09:00 AM,01-Oct-2025 03:00 PM,01-Oct-2025 03:30 PM,[Replacement of old and damaged sewer line at by bursting method at Ganesh nagar -2 gali no 1 to gali no 7 near sharma namkeen in ward no 202 in AC 58 in Laxmi nagar.],"[Replacement of old and damaged sewer line at by bursting method at Ganesh nagar -2 gali no 1 to gali no 7 near sharma namkeen in ward no 202 in AC 58 in Laxmi nagar.]
																				[NIT No. 36 (2025-26)][2025_DJB_278330_4]",https://etender.up.nic.in/nicgep/app?component=%24DirectLink_0&page=FrontEndAdvancedSearchResult&service=direct&session=T&sp=SlltZZEcFA6KPMyk0FkZyiQ%3D%3D,Delhi Jal Board||Delhi Jal Board||EE (T) M-1
241,19,25-Sep-2025 06:55 PM,03-Oct-2025 03:00 PM,03-Oct-2025 03:30 PM,"[A/R and M/O to various roads under East Road- II, of PWD East Road Division dg. 2025-26. (SH- Providing and Fixing of Signage board under Sub-division East Road-II)]","[A/R and M/O to various roads under East Road- II, of PWD East Road Division dg. 2025-26. (SH- Providing and Fixing of Signage board under Sub-division East Road-II)]
																				[27/EE/East Road (M-212)/PWD/2025-26][2025_PWD_278773_1]",https://etender.up.nic.in/nicgep/app?component=%24DirectLink_0&page=FrontEndAdvancedSearchResult&service=direct&session=T&sp=S1BB%2Fm%2BJOuQQvlZkep6wXrw%3D%3D,Public Works Department||CE/SE/M2-M21||EE/M212
242,19,25-Sep-2025 06:55 PM,01-Oct-2025 11:30 AM,01-Oct-2025 12:05 PM,[NIT NO-10 ITEM NO-13],"[NIT NO-10 ITEM NO-13]
																				[NIT NO-10 (2025-2026)][2025_DJB_278740_13]",https://etender.up.nic.in/nicgep/app?component=%24DirectLink_0&page=FrontEndAdvancedSearchResult&service=direct&session=T&sp=SbN3XyRzujyjcgeGarydnwA%3D%3D,Delhi Jal Board||Delhi Jal Board||EE (E and M) M-5
243,19,25-Sep-2025 06:55 PM,03-Oct-2025 03:00 PM,03-Oct-2025 03:30 PM,"[Rehabilitation/Strengthening of PWD roads by cold milling and recycling process of various roads under Sub Division East Road-IV of Division East Road/(M-212), Delhi during 2023-24.1. Noida Link Road(Road ID-70-40036) 2. Noida more.. (SH-Balance work]","[Rehabilitation/Strengthening of PWD roads by cold milling and recycling process of various roads under Sub Division East Road-IV of Division East Road/(M-212), Delhi during 2023-24.1. Noida Link Road(Road ID-70-40036) 2. Noida more.. (SH-Balance work]
																				[17/CE(East)M/PWD/2025-26][2025_PWD_278757_1]",https://etender.up.nic.in/nicgep/app?component=%24DirectLink_0&page=FrontEndAdvancedSearchResult&service=direct&session=T&sp=ShS4b4GRzf2tCA%2BoZVkMBLw%3D%3D,Public Works Department||CE/SE/M2-M21||EE/M212
244,19,25-Sep-2025 06:55 PM,06-Oct-2025 03:00 PM,06-Oct-2025 03:30 PM,"[M/o Hort. Work at Dwarka Court Complex, Sector-10, Dwarka, under Hort. Sub-Division H and J-I, HD Health and Judiciary,  PWD, New Delhi during 2025-26. SH- Complete Maintenance of garden features]","[M/o Hort. Work at Dwarka Court Complex, Sector-10, Dwarka, under Hort. Sub-Division H and J-I, HD Health and Judiciary,  PWD, New Delhi during 2025-26. SH- Complete Maintenance of garden features]
																				[53/DD(H)/HD-H and J/PWD/2025-26][2025_PWD_278732_1]",https://etender.up.nic.in/nicgep/app?component=%24DirectLink_0&page=FrontEndAdvancedSearchResult&service=direct&session=T&sp=S%2BaLmzEBme7VADBlxZ%2FlClg%3D%3D,Public Works Department||CE/SE/M2-M21||EE/M214
245,19,25-Sep-2025 06:55 PM,01-Oct-2025 11:30 AM,01-Oct-2025 12:05 PM,[NIT NO-10 ITEM NO-08],"[NIT NO-10 ITEM NO-08]
																				[NIT NO-10 (2025-2026)][2025_DJB_278740_8]",https://etender.up.nic.in/nicgep/app?component=%24DirectLink_0&page=FrontEndAdvancedSearchResult&service=direct&session=T&sp=SHKANHEQaxcQOddOa%2F2rYEQ%3D%3D,Delhi Jal Board||Delhi Jal Board||EE (E and M) M-5
246,19,25-Sep-2025 06:55 PM,01-Oct-2025 03:00 PM,01-Oct-2025 03:30 PM,[NIT No.13(2025-26) Item 7],"[NIT No.13(2025-26) Item 7]
																				[e-NIT No.13 / (EnM)M-9/ 2025-26][2025_DJB_278777_7]",https://etender.up.nic.in/nicgep/app?component=%24DirectLink_0&page=FrontEndAdvancedSearchResult&service=direct&session=T&sp=Sc7SYsLskYuX387hhGQ6gZw%3D%3D,Delhi Jal Board||Delhi Jal Board||EE (E and M) M-8
247,19,25-Sep-2025 06:55 PM,01-Oct-2025 11:30 AM,01-Oct-2025 12:05 PM,[NIT NO-10 ITEM NO-22],"[NIT NO-10 ITEM NO-22]
																				[NIT NO-10 (2025-2026)][2025_DJB_278740_22]",https://etender.up.nic.in/nicgep/app?component=%24DirectLink_0&page=FrontEndAdvancedSearchResult&service=direct&session=T&sp=So3gl32N1grhju46SszBRDQ%3D%3D,Delhi Jal Board||Delhi Jal Board||EE (E and M) M-5
248,19,25-Sep-2025 06:55 PM,01-Oct-2025 11:30 AM,01-Oct-2025 12:05 PM,[NIT NO-10 ITEM NO-11],"[NIT NO-10 ITEM NO-11]
																				[NIT NO-10 (2025-2026)][2025_DJB_278740_11]",https://etender.up.nic.in/nicgep/app?component=%24DirectLink_0&page=FrontEndAdvancedSearchResult&service=direct&session=T&sp=SPYlCll2XoJ7NzBQLpMdKxA%3D%3D,Delhi Jal Board||Delhi Jal Board||EE (E and M) M-5
249,19,25-Sep-2025 06:55 PM,06-Oct-2025 03:00 PM,06-Oct-2025 03:30 PM,"[M/o Horticulture work at Tis Hazari Court under Hort. Sub-Divn-H and J-III, HD-H and J, PWD  Delhi during 2025-26. SH-Providing and Displaying of Out door plants in Tis Hazari Court ]","[M/o Horticulture work at Tis Hazari Court under Hort. Sub-Divn-H and J-III, HD-H and J, PWD  Delhi during 2025-26. SH-Providing and Displaying of Out door plants in Tis Hazari Court ]
																				[34/DD(H)/HD-H and J/PWD/2025-26][2025_PWD_275981_4]",https://etender.up.nic.in/nicgep/app?component=%24DirectLink_0&page=FrontEndAdvancedSearchResult&service=direct&session=T&sp=SzHmYzTF5on74jbxtVd20gg%3D%3D,Public Works Department||CE/SE/M2-M21||EE/M214
250,19,25-Sep-2025 06:55 PM,01-Oct-2025 03:00 PM,01-Oct-2025 03:30 PM,[NIT No.13(2025-26) Item 6],"[NIT No.13(2025-26) Item 6]
																				[e-NIT No.13 / (EnM)M-9/ 2025-26][2025_DJB_278777_6]",https://etender.up.nic.in/nicgep/app?component=%24DirectLink_0&page=FrontEndAdvancedSearchResult&service=direct&session=T&sp=SLjmwUptIzcBQNsmff8PzXA%3D%3D,Delhi Jal Board||Delhi Jal Board||EE (E and M) M-8
251,19,25-Sep-2025 06:55 PM,01-Oct-2025 11:30 AM,01-Oct-2025 12:05 PM,[NIT NO-10 ITEM NO-21],"[NIT NO-10 ITEM NO-21]
																				[NIT NO-10 (2025-2026)][2025_DJB_278740_21]",https://etender.up.nic.in/nicgep/app?component=%24DirectLink_0&page=FrontEndAdvancedSearchResult&service=direct&session=T&sp=SsbOaabskJMEcKHA90bllCg%3D%3D,Delhi Jal Board||Delhi Jal Board||EE (E and M) M-5
252,19,25-Sep-2025 06:55 PM,01-Oct-2025 11:30 AM,01-Oct-2025 12:05 PM,[NIT NO-10 ITEM NO-01],"[NIT NO-10 ITEM NO-01]
																				[NIT NO-10 (2025-2026)][2025_DJB_278740_1]",https://etender.up.nic.in/nicgep/app?component=%24DirectLink_0&page=FrontEndAdvancedSearchResult&service=direct&session=T&sp=SpEOHH9UBdBoMc565BTbagg%3D%3D,Delhi Jal Board||Delhi Jal Board||EE (E and M) M-5
253,19,25-Sep-2025 06:55 PM,01-Oct-2025 03:00 PM,01-Oct-2025 03:30 PM,[NIT No.13(2025-26) Item 5],"[NIT No.13(2025-26) Item 5]
																				[e-NIT No.13 / (EnM)M-9/ 2025-26][2025_DJB_278777_5]",https://etender.up.nic.in/nicgep/app?component=%24DirectLink_0&page=FrontEndAdvancedSearchResult&service=direct&session=T&sp=SHYYZ6M6XDlqjvWH4qIEyFw%3D%3D,Delhi Jal Board||Delhi Jal Board||EE (E and M) M-8
254,19,25-Sep-2025 06:55 PM,01-Oct-2025 11:30 AM,01-Oct-2025 12:05 PM,[NIT NO-10 ITEM NO-02],"[NIT NO-10 ITEM NO-02]
																				[NIT NO-10 (2025-2026)][2025_DJB_278740_2]",https://etender.up.nic.in/nicgep/app?component=%24DirectLink_0&page=FrontEndAdvancedSearchResult&service=direct&session=T&sp=S6D%2FgldBhSLTSjVz4RsEsKQ%3D%3D,Delhi Jal Board||Delhi Jal Board||EE (E and M) M-5
255,19,25-Sep-2025 06:55 PM,01-Oct-2025 11:30 AM,01-Oct-2025 12:05 PM,[NIT NO-10 ITEM NO-03],"[NIT NO-10 ITEM NO-03]
																				[NIT NO-10 (2025-2026)][2025_DJB_278740_3]",https://etender.up.nic.in/nicgep/app?component=%24DirectLink_0&page=FrontEndAdvancedSearchResult&service=direct&session=T&sp=SvjmW0eOnLssD7Y0RBdIMlA%3D%3D,Delhi Jal Board||Delhi Jal Board||EE (E and M) M-5
256,19,25-Sep-2025 06:55 PM,01-Oct-2025 11:30 AM,01-Oct-2025 12:05 PM,[NIT NO-10 ITEM NO-04],"[NIT NO-10 ITEM NO-04]
																				[NIT NO-10 (2025-2026)][2025_DJB_278740_4]",https://etender.up.nic.in/nicgep/app?component=%24DirectLink_0&page=FrontEndAdvancedSearchResult&service=direct&session=T&sp=S8OaZmvPhN%2B7F8EtUb8xYsw%3D%3D,Delhi Jal Board||Delhi Jal Board||EE (E and M) M-5
257,19,25-Sep-2025 06:55 PM,01-Oct-2025 11:30 AM,01-Oct-2025 12:05 PM,[NIT NO-10 ITEM NO-20],"[NIT NO-10 ITEM NO-20]
																				[NIT NO-10 (2025-2026)][2025_DJB_278740_20]",https://etender.up.nic.in/nicgep/app?component=%24DirectLink_0&page=FrontEndAdvancedSearchResult&service=direct&session=T&sp=SMPWsmRId2N%2F8oEf4x1yH9A%3D%3D,Delhi Jal Board||Delhi Jal Board||EE (E and M) M-5
258,19,25-Sep-2025 06:55 PM,01-Oct-2025 03:00 PM,01-Oct-2025 03:30 PM,[NIT No.13(2025-26) Item 4],"[NIT No.13(2025-26) Item 4]
																				[e-NIT No.13 / (EnM)M-9/ 2025-26][2025_DJB_278777_4]",https://etender.up.nic.in/nicgep/app?component=%24DirectLink_0&page=FrontEndAdvancedSearchResult&service=direct&session=T&sp=SdOt4pvFCy%2F1bsHIintRQLQ%3D%3D,Delhi Jal Board||Delhi Jal Board||EE (E and M) M-8
259,19,25-Sep-2025 06:55 PM,01-Oct-2025 11:30 AM,01-Oct-2025 12:05 PM,[NIT NO-10 ITEM NO-05],"[NIT NO-10 ITEM NO-05]
																				[NIT NO-10 (2025-2026)][2025_DJB_278740_5]",https://etender.up.nic.in/nicgep/app?component=%24DirectLink_0&page=FrontEndAdvancedSearchResult&service=direct&session=T&sp=S0boTuCvJcQ6cbtLIe6mCEQ%3D%3D,Delhi Jal Board||Delhi Jal Board||EE (E and M) M-5
260,19,25-Sep-2025 06:55 PM,01-Oct-2025 11:30 AM,01-Oct-2025 12:05 PM,[NIT NO-10 ITEM NO-19],"[NIT NO-10 ITEM NO-19]
																				[NIT NO-10 (2025-2026)][2025_DJB_278740_19]",https://etender.up.nic.in/nicgep/app?component=%24DirectLink_0&page=FrontEndAdvancedSearchResult&service=direct&session=T&sp=S7v81H4dDomMBoKMDyRc6zA%3D%3D,Delhi Jal Board||Delhi Jal Board||EE (E and M) M-5
241,13,25-Sep-2025 06:55 PM,03-Oct-2025 03:00 PM,03-Oct-2025 03:30 PM,"[A/R and M/O to various roads under East Road- II, of PWD East Road Division dg. 2025-26. (SH- Providing and Fixing of Signage board under Sub-division East Road-II)]","[A/R and M/O to various roads under East Road- II, of PWD East Road Division dg. 2025-26. (SH- Providing and Fixing of Signage board under Sub-division East Road-II)]
																				[27/EE/East Road (M-212)/PWD/2025-26][2025_PWD_278773_1]",https://etender.up.nic.in/nicgep/app?component=%24DirectLink_0&page=FrontEndAdvancedSearchResult&service=direct&session=T&sp=S1BB%2Fm%2BJOuQQvlZkep6wXrw%3D%3D,Public Works Department||CE/SE/M2-M21||EE/M212
242,13,25-Sep-2025 06:55 PM,01-Oct-2025 11:30 AM,01-Oct-2025 12:05 PM,[NIT NO-10 ITEM NO-13],"[NIT NO-10 ITEM NO-13]
																				[NIT NO-10 (2025-2026)][2025_DJB_278740_13]",https://etender.up.nic.in/nicgep/app?component=%24DirectLink_0&page=FrontEndAdvancedSearchResult&service=direct&session=T&sp=SbN3XyRzujyjcgeGarydnwA%3D%3D,Delhi Jal Board||Delhi Jal Board||EE (E and M) M-5
243,13,25-Sep-2025 06:55 PM,03-Oct-2025 03:00 PM,03-Oct-2025 03:30 PM,"[Rehabilitation/Strengthening of PWD roads by cold milling and recycling process of various roads under Sub Division East Road-IV of Division East Road/(M-212), Delhi during 2023-24.1. Noida Link Road(Road ID-70-40036) 2. Noida more.. (SH-Balance work]","[Rehabilitation/Strengthening of PWD roads by cold milling and recycling process of various roads under Sub Division East Road-IV of Division East Road/(M-212), Delhi during 2023-24.1. Noida Link Road(Road ID-70-40036) 2. Noida more.. (SH-Balance work]
																				[17/CE(East)M/PWD/2025-26][2025_PWD_278757_1]",https://etender.up.nic.in/nicgep/app?component=%24DirectLink_0&page=FrontEndAdvancedSearchResult&service=direct&session=T&sp=ShS4b4GRzf2tCA%2BoZVkMBLw%3D%3D,Public Works Department||CE/SE/M2-M21||EE/M212
244,13,25-Sep-2025 06:55 PM,06-Oct-2025 03:00 PM,06-Oct-2025 03:30 PM,"[M/o Hort. Work at Dwarka Court Complex, Sector-10, Dwarka, under Hort. Sub-Division H and J-I, HD Health and Judiciary,  PWD, New Delhi during 2025-26. SH- Complete Maintenance of garden features]","[M/o Hort. Work at Dwarka Court Complex, Sector-10, Dwarka, under Hort. Sub-Division H and J-I, HD Health and Judiciary,  PWD, New Delhi during 2025-26. SH- Complete Maintenance of garden features]
																				[53/DD(H)/HD-H and J/PWD/2025-26][2025_PWD_278732_1]",https://etender.up.nic.in/nicgep/app?component=%24DirectLink_0&page=FrontEndAdvancedSearchResult&service=direct&session=T&sp=S%2BaLmzEBme7VADBlxZ%2FlClg%3D%3D,Public Works Department||CE/SE/M2-M21||EE/M214
245,13,25-Sep-2025 06:55 PM,01-Oct-2025 11:30 AM,01-Oct-2025 12:05 PM,[NIT NO-10 ITEM NO-08],"[NIT NO-10 ITEM NO-08]
																				[NIT NO-10 (2025-2026)][2025_DJB_278740_8]",https://etender.up.nic.in/nicgep/app?component=%24DirectLink_0&page=FrontEndAdvancedSearchResult&service=direct&session=T&sp=SHKANHEQaxcQOddOa%2F2rYEQ%3D%3D,Delhi Jal Board||Delhi Jal Board||EE (E and M) M-5
246,13,25-Sep-2025 06:55 PM,01-Oct-2025 03:00 PM,01-Oct-2025 03:30 PM,[NIT No.13(2025-26) Item 7],"[NIT No.13(2025-26) Item 7]
																				[e-NIT No.13 / (EnM)M-9/ 2025-26][2025_DJB_278777_7]",https://etender.up.nic.in/nicgep/app?component=%24DirectLink_0&page=FrontEndAdvancedSearchResult&service=direct&session=T&sp=Sc7SYsLskYuX387hhGQ6gZw%3D%3D,Delhi Jal Board||Delhi Jal Board||EE (E and M) M-8
247,13,25-Sep-2025 06:55 PM,01-Oct-2025 11:30 AM,01-Oct-2025 12:05 PM,[NIT NO-10 ITEM NO-22],"[NIT NO-10 ITEM NO-22]
																				[NIT NO-10 (2025-2026)][2025_DJB_278740_22]",https://etender.up.nic.in/nicgep/app?component=%24DirectLink_0&page=FrontEndAdvancedSearchResult&service=direct&session=T&sp=So3gl32N1grhju46SszBRDQ%3D%3D,Delhi Jal Board||Delhi Jal Board||EE (E and M) M-5
248,13,25-Sep-2025 06:55 PM,01-Oct-2025 11:30 AM,01-Oct-2025 12:05 PM,[NIT NO-10 ITEM NO-11],"[NIT NO-10 ITEM NO-11]
																				[NIT NO-10 (2025-2026)][2025_DJB_278740_11]",https://etender.up.nic.in/nicgep/app?component=%24DirectLink_0&page=FrontEndAdvancedSearchResult&service=direct&session=T&sp=SPYlCll2XoJ7NzBQLpMdKxA%3D%3D,Delhi Jal Board||Delhi Jal Board||EE (E and M) M-5
249,13,25-Sep-2025 06:55 PM,06-Oct-2025 03:00 PM,06-Oct-2025 03:30 PM,"[M/o Horticulture work at Tis Hazari Court under Hort. Sub-Divn-H and J-III, HD-H and J, PWD  Delhi during 2025-26. SH-Providing and Displaying of Out door plants in Tis Hazari Court ]","[M/o Horticulture work at Tis Hazari Court under Hort. Sub-Divn-H and J-III, HD-H and J, PWD  Delhi during 2025-26. SH-Providing and Displaying of Out door plants in Tis Hazari Court ]
																				[34/DD(H)/HD-H and J/PWD/2025-26][2025_PWD_275981_4]",https://etender.up.nic.in/nicgep/app?component=%24DirectLink_0&page=FrontEndAdvancedSearchResult&service=direct&session=T&sp=SzHmYzTF5on74jbxtVd20gg%3D%3D,Public Works Department||CE/SE/M2-M21||EE/M214
250,13,25-Sep-2025 06:55 PM,01-Oct-2025 03:00 PM,01-Oct-2025 03:30 PM,[NIT No.13(2025-26) Item 6],"[NIT No.13(2025-26) Item 6]
																				[e-NIT No.13 / (EnM)M-9/ 2025-26][2025_DJB_278777_6]",https://etender.up.nic.in/nicgep/app?component=%24DirectLink_0&page=FrontEndAdvancedSearchResult&service=direct&session=T&sp=SLjmwUptIzcBQNsmff8PzXA%3D%3D,Delhi Jal Board||Delhi Jal Board||EE (E and M) M-8
251,13,25-Sep-2025 06:55 PM,01-Oct-2025 11:30 AM,01-Oct-2025 12:05 PM,[NIT NO-10 ITEM NO-21],"[NIT NO-10 ITEM NO-21]
																				[NIT NO-10 (2025-2026)][2025_DJB_278740_21]",https://etender.up.nic.in/nicgep/app?component=%24DirectLink_0&page=FrontEndAdvancedSearchResult&service=direct&session=T&sp=SsbOaabskJMEcKHA90bllCg%3D%3D,Delhi Jal Board||Delhi Jal Board||EE (E and M) M-5
252,13,25-Sep-2025 06:55 PM,01-Oct-2025 11:30 AM,01-Oct-2025 12:05 PM,[NIT NO-10 ITEM NO-01],"[NIT NO-10 ITEM NO-01]
																				[NIT NO-10 (2025-2026)][2025_DJB_278740_1]",https://etender.up.nic.in/nicgep/app?component=%24DirectLink_0&page=FrontEndAdvancedSearchResult&service=direct&session=T&sp=SpEOHH9UBdBoMc565BTbagg%3D%3D,Delhi Jal Board||Delhi Jal Board||EE (E and M) M-5
253,13,25-Sep-2025 06:55 PM,01-Oct-2025 03:00 PM,01-Oct-2025 03:30 PM,[NIT No.13(2025-26) Item 5],"[NIT No.13(2025-26) Item 5]
																				[e-NIT No.13 / (EnM)M-9/ 2025-26][2025_DJB_278777_5]",https://etender.up.nic.in/nicgep/app?component=%24DirectLink_0&page=FrontEndAdvancedSearchResult&service=direct&session=T&sp=SHYYZ6M6XDlqjvWH4qIEyFw%3D%3D,Delhi Jal Board||Delhi Jal Board||EE (E and M) M-8
254,13,25-Sep-2025 06:55 PM,01-Oct-2025 11:30 AM,01-Oct-2025 12:05 PM,[NIT NO-10 ITEM NO-02],"[NIT NO-10 ITEM NO-02]
																				[NIT NO-10 (2025-2026)][2025_DJB_278740_2]",https://etender.up.nic.in/nicgep/app?component=%24DirectLink_0&page=FrontEndAdvancedSearchResult&service=direct&session=T&sp=S6D%2FgldBhSLTSjVz4RsEsKQ%3D%3D,Delhi Jal Board||Delhi Jal Board||EE (E and M) M-5
255,13,25-Sep-2025 06:55 PM,01-Oct-2025 11:30 AM,01-Oct-2025 12:05 PM,[NIT NO-10 ITEM NO-03],"[NIT NO-10 ITEM NO-03]
																				[NIT NO-10 (2025-2026)][2025_DJB_278740_3]",https://etender.up.nic.in/nicgep/app?component=%24DirectLink_0&page=FrontEndAdvancedSearchResult&service=direct&session=T&sp=SvjmW0eOnLssD7Y0RBdIMlA%3D%3D,Delhi Jal Board||Delhi Jal Board||EE (E and M) M-5
256,13,25-Sep-2025 06:55 PM,01-Oct-2025 11:30 AM,01-Oct-2025 12:05 PM,[NIT NO-10 ITEM NO-04],"[NIT NO-10 ITEM NO-04]
																				[NIT NO-10 (2025-2026)][2025_DJB_278740_4]",https://etender.up.nic.in/nicgep/app?component=%24DirectLink_0&page=FrontEndAdvancedSearchResult&service=direct&session=T&sp=S8OaZmvPhN%2B7F8EtUb8xYsw%3D%3D,Delhi Jal Board||Delhi Jal Board||EE (E and M) M-5
257,13,25-Sep-2025 06:55 PM,01-Oct-2025 11:30 AM,01-Oct-2025 12:05 PM,[NIT NO-10 ITEM NO-20],"[NIT NO-10 ITEM NO-20]
																				[NIT NO-10 (2025-2026)][2025_DJB_278740_20]",https://etender.up.nic.in/nicgep/app?component=%24DirectLink_0&page=FrontEndAdvancedSearchResult&service=direct&session=T&sp=SMPWsmRId2N%2F8oEf4x1yH9A%3D%3D,Delhi Jal Board||Delhi Jal Board||EE (E and M) M-5
258,13,25-Sep-2025 06:55 PM,01-Oct-2025 03:00 PM,01-Oct-2025 03:30 PM,[NIT No.13(2025-26) Item 4],"[NIT No.13(2025-26) Item 4]
																				[e-NIT No.13 / (EnM)M-9/ 2025-26][2025_DJB_278777_4]",https://etender.up.nic.in/nicgep/app?component=%24DirectLink_0&page=FrontEndAdvancedSearchResult&service=direct&session=T&sp=SdOt4pvFCy%2F1bsHIintRQLQ%3D%3D,Delhi Jal Board||Delhi Jal Board||EE (E and M) M-8
259,13,25-Sep-2025 06:55 PM,01-Oct-2025 11:30 AM,01-Oct-2025 12:05 PM,[NIT NO-10 ITEM NO-05],"[NIT NO-10 ITEM NO-05]
																				[NIT NO-10 (2025-2026)][2025_DJB_278740_5]",https://etender.up.nic.in/nicgep/app?component=%24DirectLink_0&page=FrontEndAdvancedSearchResult&service=direct&session=T&sp=S0boTuCvJcQ6cbtLIe6mCEQ%3D%3D,Delhi Jal Board||Delhi Jal Board||EE (E and M) M-5
260,13,25-Sep-2025 06:55 PM,01-Oct-2025 11:30 AM,01-Oct-2025 12:05 PM,[NIT NO-10 ITEM NO-19],"[NIT NO-10 ITEM NO-19]
																				[NIT NO-10 (2025-2026)][2025_DJB_278740_19]",https://etender.up.nic.in/nicgep/app?component=%24DirectLink_0&page=FrontEndAdvancedSearchResult&service=direct&session=T&sp=S7v81H4dDomMBoKMDyRc6zA%3D%3D,Delhi Jal Board||Delhi Jal Board||EE (E and M) M-5
441,23,23-Sep-2025 06:00 PM,03-Oct-2025 03:00 PM,03-Oct-2025 03:05 PM,[NIT No. 40 /EE(C)-24/(2025-26) Item No. 03],"[NIT No. 40 /EE(C)-24/(2025-26) Item No. 03]
																				[NIT No. 40 /EE(C)-24/(2025-26) Item No. 01 to 03][2025_DJB_278584_3]",https://etender.up.nic.in/nicgep/app?component=%24DirectLink_0&page=FrontEndAdvancedSearchResult&service=direct&session=T&sp=SouvTUjGl8ZocgB7l3PPb0g%3D%3D,Delhi Jal Board||Delhi Jal Board||EE (Civil) - 24
442,23,23-Sep-2025 06:00 PM,03-Oct-2025 03:00 PM,03-Oct-2025 03:05 PM,[NIT No. 40 /EE(C)-24/(2025-26) Item No. 02],"[NIT No. 40 /EE(C)-24/(2025-26) Item No. 02]
																				[NIT No. 40 /EE(C)-24/(2025-26) Item No. 01 to 03][2025_DJB_278584_2]",https://etender.up.nic.in/nicgep/app?component=%24DirectLink_0&page=FrontEndAdvancedSearchResult&service=direct&session=T&sp=S8kRuHWpRa47%2BQmeUbrnjqw%3D%3D,Delhi Jal Board||Delhi Jal Board||EE (Civil) - 24
443,23,23-Sep-2025 06:00 PM,30-Sep-2025 03:00 PM,30-Sep-2025 03:05 PM,[NIT No.39 /EE(C)-24/(2025-26) Item No. 02],"[NIT No.39 /EE(C)-24/(2025-26) Item No. 02]
																				[NIT No.39 /EE(C)-24/(2025-26) Item No. 01 to 02][2025_DJB_278571_2]",https://etender.up.nic.in/nicgep/app?component=%24DirectLink_0&page=FrontEndAdvancedSearchResult&service=direct&session=T&sp=SLxkFBLmF5JYoClEuxXM5Ag%3D%3D,Delhi Jal Board||Delhi Jal Board||EE (Civil) - 24
444,23,23-Sep-2025 06:00 PM,30-Sep-2025 03:30 PM,30-Sep-2025 04:00 PM,[23/EE(D/S)/25-26],"[23/EE(D/S)/25-26]
																				[23/EE(D/S)/25-26][2025_NDMC_278567_1]",https://etender.up.nic.in/nicgep/app?component=%24DirectLink_0&page=FrontEndAdvancedSearchResult&service=direct&session=T&sp=Svjdm1kMQZKWT65F%2B54s3aQ%3D%3D,New Delhi Municipal Council||Information Technology
445,23,23-Sep-2025 06:00 PM,03-Oct-2025 03:00 PM,03-Oct-2025 03:05 PM,[NIT No. 40 /EE(C)-24/(2025-26) Item No. 01],"[NIT No. 40 /EE(C)-24/(2025-26) Item No. 01]
																				[NIT No. 40 /EE(C)-24/(2025-26) Item No. 01 to 03][2025_DJB_278584_1]",https://etender.up.nic.in/nicgep/app?component=%24DirectLink_0&page=FrontEndAdvancedSearchResult&service=direct&session=T&sp=SpMUiGakIXsE5WXogKwuovw%3D%3D,Delhi Jal Board||Delhi Jal Board||EE (Civil) - 24
446,23,23-Sep-2025 05:30 PM,03-Oct-2025 03:30 PM,03-Oct-2025 03:35 PM,[NIT No.9 (item no. 3)/(2025-26)],"[NIT No.9 (item no. 3)/(2025-26)]
																				[NIT No.9 (item no. 3)/(2025-26)][2025_DJB_278611_1]",https://etender.up.nic.in/nicgep/app?component=%24DirectLink_0&page=FrontEndAdvancedSearchResult&service=direct&session=T&sp=SA5d6K3FfqgBbHBCzmBCnug%3D%3D,Delhi Jal Board||Delhi Jal Board||EE(WW)-I
281,15,25-Sep-2025 04:00 PM,01-Oct-2025 03:00 PM,01-Oct-2025 03:30 PM,"[RMO Elect. and Mech. Services at UTCS Bldg. Vishwas Nagar Shahdara Delhi. (SH- Comprehensive, maintenance Hot and Cold Split Type Air Conditioner Make O-General)]","[RMO Elect. and Mech. Services at UTCS Bldg. Vishwas Nagar Shahdara Delhi. (SH- Comprehensive, maintenance Hot and Cold Split Type Air Conditioner Make O-General)]
																				[63/EE (E)/PWD NE and Shah. Elect. Divn./2025-26][2025_PWD_278767_1]",https://etender.up.nic.in/nicgep/app?component=%24DirectLink_0&page=FrontEndAdvancedSearchResult&service=direct&session=T&sp=SW%2BmVCcrvwA3jEOXhCClFQA%3D%3D,Public Works Department||CE/SE/M2-M25||EE/M251
447,23,23-Sep-2025 05:30 PM,03-Oct-2025 03:30 PM,03-Oct-2025 03:35 PM,[NIT No.9 (item no. 2)/(2025-26)],"[NIT No.9 (item no. 2)/(2025-26)]
																				[NIT No.9 (item no. 2)/(2025-26)][2025_DJB_278609_1]",https://etender.up.nic.in/nicgep/app?component=%24DirectLink_0&page=FrontEndAdvancedSearchResult&service=direct&session=T&sp=SprTR%2FBOBmn4w95ETxEZUMw%3D%3D,Delhi Jal Board||Delhi Jal Board||EE(WW)-I
282,15,25-Sep-2025 04:00 PM,03-Oct-2025 03:00 PM,03-Oct-2025 03:30 PM,"[Construction of RCC drain from Rama Road to Zakhira Flyover on  Rohtak road under West Road-2 Division, PWD, Delhi. ]","[Construction of RCC drain from Rama Road to Zakhira Flyover on  Rohtak road under West Road-2 Division, PWD, Delhi. ]
																				[24/ SE/WMC/PWD/2025-26 (Revised)  17/EE/WR-2/PWD/2025-26 (Revised)][2025_PWD_278752_1]",https://etender.up.nic.in/nicgep/app?component=%24DirectLink_0&page=FrontEndAdvancedSearchResult&service=direct&session=T&sp=SJkA7E2UtryNKi5759%2BiwxQ%3D%3D,Public Works Department||CE/SE/M1-M11||EE/M112(N)
448,23,23-Sep-2025 05:30 PM,03-Oct-2025 03:30 PM,03-Oct-2025 03:35 PM,[NIT No.9 (item no. 4)/(2025-26)],"[NIT No.9 (item no. 4)/(2025-26)]
																				[NIT No.9 (item no. 4)/(2025-26)][2025_DJB_278615_1]",https://etender.up.nic.in/nicgep/app?component=%24DirectLink_0&page=FrontEndAdvancedSearchResult&service=direct&session=T&sp=SZg0MOb1N58F0MPFLJT%2Bi%2Fg%3D%3D,Delhi Jal Board||Delhi Jal Board||EE(WW)-I
449,23,23-Sep-2025 05:30 PM,03-Oct-2025 03:30 PM,03-Oct-2025 03:35 PM,[NIT No.9 (item no. 1)/(2025-26)],"[NIT No.9 (item no. 1)/(2025-26)]
																				[NIT No.9 (item no. 1)/(2025-26)][2025_DJB_278600_1]",https://etender.up.nic.in/nicgep/app?component=%24DirectLink_0&page=FrontEndAdvancedSearchResult&service=direct&session=T&sp=SN51QQ9E1ZvT3n%2BXIPJEI%2BQ%3D%3D,Delhi Jal Board||Delhi Jal Board||EE(WW)-I
283,15,25-Sep-2025 04:00 PM,04-Oct-2025 03:00 PM,04-Oct-2025 03:30 PM,"[A/R and M/O to Various Govt. Buildings under jurisdiction of KKD Court Division (M-231), PWD, Delhi dg. 2025-26. (SH Renovation of Shahdara Circle Office and Staff Rooms).]","[A/R and M/O to Various Govt. Buildings under jurisdiction of KKD Court Division (M-231), PWD, Delhi dg. 2025-26. (SH Renovation of Shahdara Circle Office and Staff Rooms).]
																				[32/EE/KKD Court Divn./PWD/NIT/2025-26][2025_PWD_278760_1]",https://etender.up.nic.in/nicgep/app?component=%24DirectLink_0&page=FrontEndAdvancedSearchResult&service=direct&session=T&sp=Sl07lnik5q0zqvDRrGY0Jxg%3D%3D,Public Works Department||CE/SE/M2-M23||EE/M231
450,23,23-Sep-2025 05:00 PM,04-Oct-2025 03:00 PM,04-Oct-2025 03:30 PM,[EIUS Capital],"[EIUS Capital]
																				[NIT No. 40/EEC-1/DUSIB/2025-26][2025_DUSIB_278598_1]",https://etender.up.nic.in/nicgep/app?component=%24DirectLink_0&page=FrontEndAdvancedSearchResult&service=direct&session=T&sp=S5x7zSiDWejDwQgz6DxAT5g%3D%3D,Delhi Urban Shelter Improvement Board||Engineering Department||SE-I||DD-I
284,15,25-Sep-2025 04:00 PM,01-Oct-2025 03:00 PM,01-Oct-2025 03:30 PM,"[RMO E and M Services at District Court, Dwarka, New Delhi. SH- Replacement of unserviceable old ups batteries in cctv ups room C-Wing ground floor]","[RMO E and M Services at District Court, Dwarka, New Delhi. SH- Replacement of unserviceable old ups batteries in cctv ups room C-Wing ground floor]
																				[129/EE (E)/JED-02/PWD/2025-26][2025_PWD_278731_1]",https://etender.up.nic.in/nicgep/app?component=%24DirectLink_0&page=FrontEndAdvancedSearchResult&service=direct&session=T&sp=SDp46H1k7qV%2B6F7ZPiHBy9w%3D%3D,Public Works Department||CE/SE/M2-M25||EE/M252
451,23,23-Sep-2025 05:00 PM,06-Oct-2025 04:00 PM,06-Oct-2025 04:30 PM,[Providing and fixing of Stainless Steel Twin Litter Bins of various locations in entire NDMC],"[Providing and fixing of Stainless Steel Twin Litter Bins of various locations in entire NDMC]
																				[16/EE(SD)/2025-26(141422)][2025_NDMC_278596_1]",https://etender.up.nic.in/nicgep/app?component=%24DirectLink_0&page=FrontEndAdvancedSearchResult&service=direct&session=T&sp=S1%2FH4qFiDbpcSd5QExCZODA%3D%3D,New Delhi Municipal Council||Civil-I||RIP
285,15,25-Sep-2025 04:00 PM,03-Oct-2025 03:00 PM,03-Oct-2025 03:30 PM,[EOR to G.G.S.S.S Azadpur Colony Delhi School Id 1309127 (SH Const. of attached bathroom with principal offices and additional main gate for school building.)],"[EOR to G.G.S.S.S Azadpur Colony Delhi School Id 1309127 (SH Const. of attached bathroom with principal offices and additional main gate for school building.)]
																				[05/EE/Edu North/PWD/2025-26][2025_PWD_278756_1]",https://etender.up.nic.in/nicgep/app?component=%24DirectLink_0&page=FrontEndAdvancedSearchResult&service=direct&session=T&sp=SdPf7BDlhwQfLiZ1mL2RhXA%3D%3D,Public Works Department||CE/SE/M3-M33||EE/M332
452,23,23-Sep-2025 05:00 PM,30-Sep-2025 03:00 PM,30-Sep-2025 03:30 PM,"[AR and MO various roads under PWD Division South West Road-I during 2025-26. (SH Repair and Renovation of office rooms Under Sub Division-I, New Delhi)]","[AR and MO various roads under PWD Division South West Road-I during 2025-26. (SH Repair and Renovation of office rooms Under Sub Division-I, New Delhi)]
																				[63/EE/SWR-I/PWD/2025-26][2025_PWD_278593_1]",https://etender.up.nic.in/nicgep/app?component=%24DirectLink_0&page=FrontEndAdvancedSearchResult&service=direct&session=T&sp=SnYta3ypJtia%2FCX7YDqi%2FxQ%3D%3D,Public Works Department||CE/SE/M1-M11||EE/M113(New)
286,15,25-Sep-2025 04:00 PM,03-Oct-2025 02:30 PM,03-Oct-2025 02:35 PM,"[Replacement of old damaged 100mm dia water line at Gali no 8 L Block Jai Prakash Nagar , in Ghonda AC-66 ]","[Replacement of old damaged 100mm dia water line at Gali no 8 L Block Jai Prakash Nagar , in Ghonda AC-66 ]
																				[NIT No-01(25-26)][2025_DJB_278759_2]",https://etender.up.nic.in/nicgep/app?component=%24DirectLink_0&page=FrontEndAdvancedSearchResult&service=direct&session=T&sp=SFS8%2BhMDmCO1RqTPbbTvRbQ%3D%3D,Delhi Jal Board||Delhi Jal Board||EE (Civil) - 6
453,23,23-Sep-2025 05:00 PM,30-Sep-2025 03:00 PM,30-Sep-2025 03:30 PM,"[A/R and M/O works to Delhi Govt. Residential Complex, D-II Vasant Kunj, New Delhi during 2025-2026 (SH Construction of shed for staircase of A, B and C block at Delhi Govt. Residential Complex, D-II Vasant Kunj, New Delhi).]","[A/R and M/O works to Delhi Govt. Residential Complex, D-II Vasant Kunj, New Delhi during 2025-2026 (SH Construction of shed for staircase of A, B and C block at Delhi Govt. Residential Complex, D-II Vasant Kunj, New Delhi).]
																				[16EEPWDBUILDING SOUTH2025-26][2025_PWD_278591_1]",https://etender.up.nic.in/nicgep/app?component=%24DirectLink_0&page=FrontEndAdvancedSearchResult&service=direct&session=T&sp=S%2F0GiZIRsQcQv%2FFQ8n3RiaA%3D%3D,Public Works Department||CE/SE/M4-M42||EE/M422
287,15,25-Sep-2025 04:00 PM,03-Oct-2025 02:30 PM,03-Oct-2025 02:35 PM,"[Replacement of old damaged 100mm dia water line at Gali no 5 L Block Jai Prakash Nagar ,Gautam Vihar and adjoining areas in Ghonda AC-66 under EE(C)-6]","[Replacement of old damaged 100mm dia water line at Gali no 5 L Block Jai Prakash Nagar ,Gautam Vihar and adjoining areas in Ghonda AC-66 under EE(C)-6]
																				[NIT No-01(25-26)][2025_DJB_278759_1]",https://etender.up.nic.in/nicgep/app?component=%24DirectLink_0&page=FrontEndAdvancedSearchResult&service=direct&session=T&sp=SXHxz5A5wPtNlgPEb6u9S0g%3D%3D,Delhi Jal Board||Delhi Jal Board||EE (Civil) - 6
288,15,25-Sep-2025 03:30 PM,03-Oct-2025 03:00 PM,03-Oct-2025 03:30 PM,"[A/A to KKD Court Complex, Shahdara, Delhi dg. 2025-26 ]","[A/A to KKD Court Complex, Shahdara, Delhi dg. 2025-26 ]
																				[38/EE/JCD-3/PWD/2025-26 ][2025_PWD_278763_1]",https://etender.up.nic.in/nicgep/app?component=%24DirectLink_0&page=FrontEndAdvancedSearchResult&service=direct&session=T&sp=SVfmdfA%2FtnxJut5uY33CJJw%3D%3D,Public Works Department||CE/SE/B1-B13||EE/B133
454,23,23-Sep-2025 05:00 PM,30-Sep-2025 03:00 PM,30-Sep-2025 03:30 PM,[EIUS (Capital)],"[EIUS (Capital)]
																				[NIT No.28/EE,C-4/DUSIB/2025-26][2025_DUSIB_278590_1]",https://etender.up.nic.in/nicgep/app?component=%24DirectLink_0&page=FrontEndAdvancedSearchResult&service=direct&session=T&sp=SDefza3%2FR%2Fp5%2BZPDhSnWBgA%3D%3D,Delhi Urban Shelter Improvement Board||Engineering Department||SE-I||CD-IV
289,15,25-Sep-2025 03:30 PM,03-Oct-2025 03:00 PM,03-Oct-2025 03:30 PM,"[A/R and M/O to Karkardooma Court Complex, Shahdara,  Delhi dg. 2025-26. ]","[A/R and M/O to Karkardooma Court Complex, Shahdara,  Delhi dg. 2025-26. ]
																				[37/EE/JCD-3/PWD/2025-26][2025_PWD_278758_1]",https://etender.up.nic.in/nicgep/app?component=%24DirectLink_0&page=FrontEndAdvancedSearchResult&service=direct&session=T&sp=SsjddABMF1VD7QcI1K8EiNQ%3D%3D,Public Works Department||CE/SE/B1-B13||EE/B133
455,23,23-Sep-2025 05:00 PM,30-Sep-2025 03:00 PM,30-Sep-2025 03:30 PM,[GIA to DUSIB for existing infrastructure.],"[GIA to DUSIB for existing infrastructure.]
																				[18/EE/C09/DUSIB/2025-26][2025_DUSIB_278589_1]",https://etender.up.nic.in/nicgep/app?component=%24DirectLink_0&page=FrontEndAdvancedSearchResult&service=direct&session=T&sp=SZ0ILZOF7v5kOh7eHoyMFnQ%3D%3D,Delhi Urban Shelter Improvement Board||Engineering Department||SE-III||DD-V
290,15,25-Sep-2025 03:00 PM,06-Oct-2025 03:00 PM,06-Oct-2025 03:30 PM,[Name of Work GIA to DUSIB],"[Name of Work GIA to DUSIB]
																				[NIT No. 45/EEC-1/DUSIB/2025-26 ][2025_DUSIB_278739_1]",https://etender.up.nic.in/nicgep/app?component=%24DirectLink_0&page=FrontEndAdvancedSearchResult&service=direct&session=T&sp=SueZlf%2FyWqYTbMQ4oKlbw1w%3D%3D,Delhi Urban Shelter Improvement Board||Engineering Department||SE-I||DD-I
291,15,25-Sep-2025 03:00 PM,01-Oct-2025 03:00 PM,01-Oct-2025 03:30 PM,"[ARMO various Electrical and Mechanical Services at Fire Safety Management Academy sector-14 Rohini, Delhi. SH- Comprehensive Maintenance of Greaves make 250 KVA DG set i/c AMF Panel]","[ARMO various Electrical and Mechanical Services at Fire Safety Management Academy sector-14 Rohini, Delhi. SH- Comprehensive Maintenance of Greaves make 250 KVA DG set i/c AMF Panel]
																				[125/EE(E)/JED-02/PWD/2025-26 ][2025_PWD_278729_1]",https://etender.up.nic.in/nicgep/app?component=%24DirectLink_0&page=FrontEndAdvancedSearchResult&service=direct&session=T&sp=SKKntwVNQ%2BMIZ%2Ff2kS69FtQ%3D%3D,Public Works Department||CE/SE/M2-M25||EE/M252
456,23,23-Sep-2025 05:00 PM,30-Sep-2025 03:00 PM,30-Sep-2025 03:30 PM,[EIUS (Capital)],"[EIUS (Capital)]
																				[17/EE/C09/DUSIB/2025-26][2025_DUSIB_278588_1]",https://etender.up.nic.in/nicgep/app?component=%24DirectLink_0&page=FrontEndAdvancedSearchResult&service=direct&session=T&sp=SYfId8G5N27Ne%2FMdaODEnGA%3D%3D,Delhi Urban Shelter Improvement Board||Engineering Department||SE-III||DD-V
457,23,23-Sep-2025 05:00 PM,30-Sep-2025 03:00 PM,30-Sep-2025 03:30 PM,"[A/R and  M/O to Various Govt. Buildings under jurisdiction of KKD Court Division (M-231) PWD, Delhi dg. 2025-26. (SH Finishing work etc.)]","[A/R and  M/O to Various Govt. Buildings under jurisdiction of KKD Court Division (M-231) PWD, Delhi dg. 2025-26. (SH Finishing work etc.)]
																				[31/EE/KKD Court Divn./PWD/NIT/2025-26][2025_PWD_278587_1]",https://etender.up.nic.in/nicgep/app?component=%24DirectLink_0&page=FrontEndAdvancedSearchResult&service=direct&session=T&sp=SbrjN9mAvCVqOcNLd%2FS1NhA%3D%3D,Public Works Department||CE/SE/M2-M23||EE/M231
292,15,25-Sep-2025 03:00 PM,03-Oct-2025 02:30 PM,03-Oct-2025 02:35 PM,[Removing of contamination by replacement of old and damaged 100 mm  water line  from kamla nehru park to house no. 1/9427  wali gali and in  gurudawara wali gali behind mohan park near house no. 1/9404 gali  in rohtash nagar in welcome ward no. 224  ],"[Removing of contamination by replacement of old and damaged 100 mm  water line  from kamla nehru park to house no. 1/9427  wali gali and in  gurudawara wali gali behind mohan park near house no. 1/9404 gali  in rohtash nagar in welcome ward no. 224  ]
																				[NIT No-31(25-26)][2025_DJB_278754_2]",https://etender.up.nic.in/nicgep/app?component=%24DirectLink_0&page=FrontEndAdvancedSearchResult&service=direct&session=T&sp=SKPcXnAqCTJms29gIVviUZw%3D%3D,Delhi Jal Board||Delhi Jal Board||EE (Civil) - 5
458,23,23-Sep-2025 05:00 PM,01-Oct-2025 03:00 PM,01-Oct-2025 03:30 PM,[GIA to DUSIB for Existing Infrastructure],"[GIA to DUSIB for Existing Infrastructure]
																				[NIT No.21/EEC-3/DUSIB/2025-26][2025_DUSIB_278576_1]",https://etender.up.nic.in/nicgep/app?component=%24DirectLink_0&page=FrontEndAdvancedSearchResult&service=direct&session=T&sp=Sv4Ox9xVjpIX%2F8lK%2FTt0wyA%3D%3D,Delhi Urban Shelter Improvement Board||Engineering Department||SE-I||DD-II
293,15,25-Sep-2025 03:00 PM,01-Oct-2025 03:00 PM,01-Oct-2025 03:30 PM,[EIUS(Capital)],"[EIUS(Capital)]
																				[47/EE/C05/DUSIB/2025-26][2025_DUSIB_278753_1]",https://etender.up.nic.in/nicgep/app?component=%24DirectLink_0&page=FrontEndAdvancedSearchResult&service=direct&session=T&sp=SXRjQW2vYKc3tsDWS92g2yQ%3D%3D,Delhi Urban Shelter Improvement Board||Engineering Department||SE-III||DD-III
294,15,25-Sep-2025 03:00 PM,03-Oct-2025 03:00 PM,03-Oct-2025 03:30 PM,"[A/R and M/O to Karkardooma Court Complex, Shahadra, Delhi dg 2025-26.]","[A/R and M/O to Karkardooma Court Complex, Shahadra, Delhi dg 2025-26.]
																				[36/EE/JCD-3/PWD/2025-26][2025_PWD_278755_1]",https://etender.up.nic.in/nicgep/app?component=%24DirectLink_0&page=FrontEndAdvancedSearchResult&service=direct&session=T&sp=S1mjUNoUQtfXBfTEX%2BBQMhA%3D%3D,Public Works Department||CE/SE/B1-B13||EE/B133
459,23,23-Sep-2025 05:00 PM,30-Sep-2025 03:00 PM,30-Sep-2025 03:30 PM,"[Maintenance and repair of various court building under JCD-5, during 2025-26 (SH- Round the clock watch and ward of the Judiciary Civil Division-5, Andrew Ganj and family Court Building, Janakpuri, New Delhi). (Modified)]","[Maintenance and repair of various court building under JCD-5, during 2025-26 (SH- Round the clock watch and ward of the Judiciary Civil Division-5, Andrew Ganj and family Court Building, Janakpuri, New Delhi). (Modified)]
																				[46/EE/JCD-5/PWD/2025-26][2025_PWD_278548_1]",https://etender.up.nic.in/nicgep/app?component=%24DirectLink_0&page=FrontEndAdvancedSearchResult&service=direct&session=T&sp=SMPJtNbSdL%2FnTWBAGnEwQlw%3D%3D,Public Works Department||CE (J P) / SE (J P)||EE (JCD)-5
295,15,25-Sep-2025 03:00 PM,06-Oct-2025 03:00 PM,06-Oct-2025 03:30 PM,[Name of Work GIA to DUSIB],"[Name of Work GIA to DUSIB]
																				[NIT No. 44/EEC-1/DUSIB/2025-26 ][2025_DUSIB_278734_1]",https://etender.up.nic.in/nicgep/app?component=%24DirectLink_0&page=FrontEndAdvancedSearchResult&service=direct&session=T&sp=S8qBpC3n4%2FC%2BDj4Z9hYn97Q%3D%3D,Delhi Urban Shelter Improvement Board||Engineering Department||SE-I||DD-I
460,23,23-Sep-2025 05:00 PM,30-Sep-2025 03:00 PM,30-Sep-2025 03:30 PM,[EIUS (Capital)],"[EIUS (Capital)]
																				[NIT No.29/EE,C-4/DUSIB/2025-26][2025_DUSIB_278599_1]",https://etender.up.nic.in/nicgep/app?component=%24DirectLink_0&page=FrontEndAdvancedSearchResult&service=direct&session=T&sp=S6U39ZrEDAo9ntQDmOK5jHA%3D%3D,Delhi Urban Shelter Improvement Board||Engineering Department||SE-I||CD-IV
296,15,25-Sep-2025 03:00 PM,30-Sep-2025 03:00 PM,30-Sep-2025 03:30 PM,"[1)ARMO Various Electrical Installation and Mechanical Equipments of 119 type-III,Residential Quarters for the staff of GNCTD of Delhi at Sector-11,Rohini,Delhi.(SH Miscellaneous EI Work)]","[1)ARMO Various Electrical Installation and Mechanical Equipments of 119 type-III,Residential Quarters for the staff of GNCTD of Delhi at Sector-11,Rohini,Delhi.(SH Miscellaneous EI Work)]
																				[103/EE(E)/NWED/PWD/2025-26][2025_PWD_278737_1]",https://etender.up.nic.in/nicgep/app?component=%24DirectLink_0&page=FrontEndAdvancedSearchResult&service=direct&session=T&sp=S6LfERTZPRDP9YZcW5ImJsQ%3D%3D,Public Works Department||CE/SE/M3-M35||EE/M353
297,15,25-Sep-2025 03:00 PM,03-Oct-2025 02:30 PM,03-Oct-2025 02:35 PM,[Removing of contamination by replacement of old and damaged 100 mm dia AC/CI water line in Gali no.7/1 and 7/2 Shahi Mohalla West Rohtash Nagar in Welcome ward no.224 in AC-64 under EE(C)-5],"[Removing of contamination by replacement of old and damaged 100 mm dia AC/CI water line in Gali no.7/1 and 7/2 Shahi Mohalla West Rohtash Nagar in Welcome ward no.224 in AC-64 under EE(C)-5]
																				[NIT No-31(25-26)][2025_DJB_278754_1]",https://etender.up.nic.in/nicgep/app?component=%24DirectLink_0&page=FrontEndAdvancedSearchResult&service=direct&session=T&sp=SXsXlBqqD5rowBVh71%2Bgf5Q%3D%3D,Delhi Jal Board||Delhi Jal Board||EE (Civil) - 5
298,15,25-Sep-2025 02:00 PM,03-Oct-2025 03:00 PM,03-Oct-2025 03:30 PM,"[Replacement of 2 Nos. Central solar invertors (2 X 250KW) with String Invertors at Thyagraj Sports Complex, New Delhi . (SH-Replacement of existing central inverters with string inverters of 1MWp Plant at Thyagraj Sports Complex)]","[Replacement of 2 Nos. Central solar invertors (2 X 250KW) with String Invertors at Thyagraj Sports Complex, New Delhi . (SH-Replacement of existing central inverters with string inverters of 1MWp Plant at Thyagraj Sports Complex)]
																				[67/EE(E)/EMD South East/PWD/2025-26(Recall)][2025_PWD_278575_1]",https://etender.up.nic.in/nicgep/app?component=%24DirectLink_0&page=FrontEndAdvancedSearchResult&service=direct&session=T&sp=SmRw2scgJlM9goFPRQYliyw%3D%3D,Public Works Department||CE/SE/M4-M45||EE/M452
299,15,25-Sep-2025 02:00 PM,15-Oct-2025 03:00 PM,15-Oct-2025 03:30 PM,"[Appointment of Consultant for EPF, EPS and ESIC related work of ICSIL]","[Appointment of Consultant for EPF, EPS and ESIC related work of ICSIL]
																				[ICSIL/2023-2024/PF/ESIC/Consu][2025_ICSIL_278741_1]",https://etender.up.nic.in/nicgep/app?component=%24DirectLink_0&page=FrontEndAdvancedSearchResult&service=direct&session=T&sp=SMXuFqZlBkW5qnT4iMLwIKw%3D%3D,Intelligent Communication Systems India Ltd
300,15,25-Sep-2025 02:00 PM,30-Sep-2025 03:00 PM,30-Sep-2025 03:30 PM,"[ARMO various electrical and  mechanical services at District Court, Rohini, Delhi. SH- Replacement of burnt out LED fittings and accessories.]","[ARMO various electrical and  mechanical services at District Court, Rohini, Delhi. SH- Replacement of burnt out LED fittings and accessories.]
																				[30/EE(E)/JED-02/PWD/2025-26 ][2025_PWD_278727_1]",https://etender.up.nic.in/nicgep/app?component=%24DirectLink_0&page=FrontEndAdvancedSearchResult&service=direct&session=T&sp=SjUp3n0bErw1PLcVw1MrG4Q%3D%3D,Public Works Department||CE/SE/M2-M25||EE/M252
281,33,25-Sep-2025 04:00 PM,01-Oct-2025 03:00 PM,01-Oct-2025 03:30 PM,"[RMO Elect. and Mech. Services at UTCS Bldg. Vishwas Nagar Shahdara Delhi. (SH- Comprehensive, maintenance Hot and Cold Split Type Air Conditioner Make O-General)]","[RMO Elect. and Mech. Services at UTCS Bldg. Vishwas Nagar Shahdara Delhi. (SH- Comprehensive, maintenance Hot and Cold Split Type Air Conditioner Make O-General)]
																				[63/EE (E)/PWD NE and Shah. Elect. Divn./2025-26][2025_PWD_278767_1]",https://etender.up.nic.in/nicgep/app?component=%24DirectLink_0&page=FrontEndAdvancedSearchResult&service=direct&session=T&sp=SW%2BmVCcrvwA3jEOXhCClFQA%3D%3D,Public Works Department||CE/SE/M2-M25||EE/M251
282,33,25-Sep-2025 04:00 PM,03-Oct-2025 03:00 PM,03-Oct-2025 03:30 PM,"[Construction of RCC drain from Rama Road to Zakhira Flyover on  Rohtak road under West Road-2 Division, PWD, Delhi. ]","[Construction of RCC drain from Rama Road to Zakhira Flyover on  Rohtak road under West Road-2 Division, PWD, Delhi. ]
																				[24/ SE/WMC/PWD/2025-26 (Revised)  17/EE/WR-2/PWD/2025-26 (Revised)][2025_PWD_278752_1]",https://etender.up.nic.in/nicgep/app?component=%24DirectLink_0&page=FrontEndAdvancedSearchResult&service=direct&session=T&sp=SJkA7E2UtryNKi5759%2BiwxQ%3D%3D,Public Works Department||CE/SE/M1-M11||EE/M112(N)
283,33,25-Sep-2025 04:00 PM,04-Oct-2025 03:00 PM,04-Oct-2025 03:30 PM,"[A/R and M/O to Various Govt. Buildings under jurisdiction of KKD Court Division (M-231), PWD, Delhi dg. 2025-26. (SH Renovation of Shahdara Circle Office and Staff Rooms).]","[A/R and M/O to Various Govt. Buildings under jurisdiction of KKD Court Division (M-231), PWD, Delhi dg. 2025-26. (SH Renovation of Shahdara Circle Office and Staff Rooms).]
																				[32/EE/KKD Court Divn./PWD/NIT/2025-26][2025_PWD_278760_1]",https://etender.up.nic.in/nicgep/app?component=%24DirectLink_0&page=FrontEndAdvancedSearchResult&service=direct&session=T&sp=Sl07lnik5q0zqvDRrGY0Jxg%3D%3D,Public Works Department||CE/SE/M2-M23||EE/M231
284,33,25-Sep-2025 04:00 PM,01-Oct-2025 03:00 PM,01-Oct-2025 03:30 PM,"[RMO E and M Services at District Court, Dwarka, New Delhi. SH- Replacement of unserviceable old ups batteries in cctv ups room C-Wing ground floor]","[RMO E and M Services at District Court, Dwarka, New Delhi. SH- Replacement of unserviceable old ups batteries in cctv ups room C-Wing ground floor]
																				[129/EE (E)/JED-02/PWD/2025-26][2025_PWD_278731_1]",https://etender.up.nic.in/nicgep/app?component=%24DirectLink_0&page=FrontEndAdvancedSearchResult&service=direct&session=T&sp=SDp46H1k7qV%2B6F7ZPiHBy9w%3D%3D,Public Works Department||CE/SE/M2-M25||EE/M252
285,33,25-Sep-2025 04:00 PM,03-Oct-2025 03:00 PM,03-Oct-2025 03:30 PM,[EOR to G.G.S.S.S Azadpur Colony Delhi School Id 1309127 (SH Const. of attached bathroom with principal offices and additional main gate for school building.)],"[EOR to G.G.S.S.S Azadpur Colony Delhi School Id 1309127 (SH Const. of attached bathroom with principal offices and additional main gate for school building.)]
																				[05/EE/Edu North/PWD/2025-26][2025_PWD_278756_1]",https://etender.up.nic.in/nicgep/app?component=%24DirectLink_0&page=FrontEndAdvancedSearchResult&service=direct&session=T&sp=SdPf7BDlhwQfLiZ1mL2RhXA%3D%3D,Public Works Department||CE/SE/M3-M33||EE/M332
286,33,25-Sep-2025 04:00 PM,03-Oct-2025 02:30 PM,03-Oct-2025 02:35 PM,"[Replacement of old damaged 100mm dia water line at Gali no 8 L Block Jai Prakash Nagar , in Ghonda AC-66 ]","[Replacement of old damaged 100mm dia water line at Gali no 8 L Block Jai Prakash Nagar , in Ghonda AC-66 ]
																				[NIT No-01(25-26)][2025_DJB_278759_2]",https://etender.up.nic.in/nicgep/app?component=%24DirectLink_0&page=FrontEndAdvancedSearchResult&service=direct&session=T&sp=SFS8%2BhMDmCO1RqTPbbTvRbQ%3D%3D,Delhi Jal Board||Delhi Jal Board||EE (Civil) - 6
287,33,25-Sep-2025 04:00 PM,03-Oct-2025 02:30 PM,03-Oct-2025 02:35 PM,"[Replacement of old damaged 100mm dia water line at Gali no 5 L Block Jai Prakash Nagar ,Gautam Vihar and adjoining areas in Ghonda AC-66 under EE(C)-6]","[Replacement of old damaged 100mm dia water line at Gali no 5 L Block Jai Prakash Nagar ,Gautam Vihar and adjoining areas in Ghonda AC-66 under EE(C)-6]
																				[NIT No-01(25-26)][2025_DJB_278759_1]",https://etender.up.nic.in/nicgep/app?component=%24DirectLink_0&page=FrontEndAdvancedSearchResult&service=direct&session=T&sp=SXHxz5A5wPtNlgPEb6u9S0g%3D%3D,Delhi Jal Board||Delhi Jal Board||EE (Civil) - 6
288,33,25-Sep-2025 03:30 PM,03-Oct-2025 03:00 PM,03-Oct-2025 03:30 PM,"[A/A to KKD Court Complex, Shahdara, Delhi dg. 2025-26 ]","[A/A to KKD Court Complex, Shahdara, Delhi dg. 2025-26 ]
																				[38/EE/JCD-3/PWD/2025-26 ][2025_PWD_278763_1]",https://etender.up.nic.in/nicgep/app?component=%24DirectLink_0&page=FrontEndAdvancedSearchResult&service=direct&session=T&sp=SVfmdfA%2FtnxJut5uY33CJJw%3D%3D,Public Works Department||CE/SE/B1-B13||EE/B133
289,33,25-Sep-2025 03:30 PM,03-Oct-2025 03:00 PM,03-Oct-2025 03:30 PM,"[A/R and M/O to Karkardooma Court Complex, Shahdara,  Delhi dg. 2025-26. ]","[A/R and M/O to Karkardooma Court Complex, Shahdara,  Delhi dg. 2025-26. ]
																				[37/EE/JCD-3/PWD/2025-26][2025_PWD_278758_1]",https://etender.up.nic.in/nicgep/app?component=%24DirectLink_0&page=FrontEndAdvancedSearchResult&service=direct&session=T&sp=SsjddABMF1VD7QcI1K8EiNQ%3D%3D,Public Works Department||CE/SE/B1-B13||EE/B133
290,33,25-Sep-2025 03:00 PM,06-Oct-2025 03:00 PM,06-Oct-2025 03:30 PM,[Name of Work GIA to DUSIB],"[Name of Work GIA to DUSIB]
																				[NIT No. 45/EEC-1/DUSIB/2025-26 ][2025_DUSIB_278739_1]",https://etender.up.nic.in/nicgep/app?component=%24DirectLink_0&page=FrontEndAdvancedSearchResult&service=direct&session=T&sp=SueZlf%2FyWqYTbMQ4oKlbw1w%3D%3D,Delhi Urban Shelter Improvement Board||Engineering Department||SE-I||DD-I
291,33,25-Sep-2025 03:00 PM,01-Oct-2025 03:00 PM,01-Oct-2025 03:30 PM,"[ARMO various Electrical and Mechanical Services at Fire Safety Management Academy sector-14 Rohini, Delhi. SH- Comprehensive Maintenance of Greaves make 250 KVA DG set i/c AMF Panel]","[ARMO various Electrical and Mechanical Services at Fire Safety Management Academy sector-14 Rohini, Delhi. SH- Comprehensive Maintenance of Greaves make 250 KVA DG set i/c AMF Panel]
																				[125/EE(E)/JED-02/PWD/2025-26 ][2025_PWD_278729_1]",https://etender.up.nic.in/nicgep/app?component=%24DirectLink_0&page=FrontEndAdvancedSearchResult&service=direct&session=T&sp=SKKntwVNQ%2BMIZ%2Ff2kS69FtQ%3D%3D,Public Works Department||CE/SE/M2-M25||EE/M252
292,33,25-Sep-2025 03:00 PM,03-Oct-2025 02:30 PM,03-Oct-2025 02:35 PM,[Removing of contamination by replacement of old and damaged 100 mm  water line  from kamla nehru park to house no. 1/9427  wali gali and in  gurudawara wali gali behind mohan park near house no. 1/9404 gali  in rohtash nagar in welcome ward no. 224  ],"[Removing of contamination by replacement of old and damaged 100 mm  water line  from kamla nehru park to house no. 1/9427  wali gali and in  gurudawara wali gali behind mohan park near house no. 1/9404 gali  in rohtash nagar in welcome ward no. 224  ]
																				[NIT No-31(25-26)][2025_DJB_278754_2]",https://etender.up.nic.in/nicgep/app?component=%24DirectLink_0&page=FrontEndAdvancedSearchResult&service=direct&session=T&sp=SKPcXnAqCTJms29gIVviUZw%3D%3D,Delhi Jal Board||Delhi Jal Board||EE (Civil) - 5
293,33,25-Sep-2025 03:00 PM,01-Oct-2025 03:00 PM,01-Oct-2025 03:30 PM,[EIUS(Capital)],"[EIUS(Capital)]
																				[47/EE/C05/DUSIB/2025-26][2025_DUSIB_278753_1]",https://etender.up.nic.in/nicgep/app?component=%24DirectLink_0&page=FrontEndAdvancedSearchResult&service=direct&session=T&sp=SXRjQW2vYKc3tsDWS92g2yQ%3D%3D,Delhi Urban Shelter Improvement Board||Engineering Department||SE-III||DD-III
294,33,25-Sep-2025 03:00 PM,03-Oct-2025 03:00 PM,03-Oct-2025 03:30 PM,"[A/R and M/O to Karkardooma Court Complex, Shahadra, Delhi dg 2025-26.]","[A/R and M/O to Karkardooma Court Complex, Shahadra, Delhi dg 2025-26.]
																				[36/EE/JCD-3/PWD/2025-26][2025_PWD_278755_1]",https://etender.up.nic.in/nicgep/app?component=%24DirectLink_0&page=FrontEndAdvancedSearchResult&service=direct&session=T&sp=S1mjUNoUQtfXBfTEX%2BBQMhA%3D%3D,Public Works Department||CE/SE/B1-B13||EE/B133
295,33,25-Sep-2025 03:00 PM,06-Oct-2025 03:00 PM,06-Oct-2025 03:30 PM,[Name of Work GIA to DUSIB],"[Name of Work GIA to DUSIB]
																				[NIT No. 44/EEC-1/DUSIB/2025-26 ][2025_DUSIB_278734_1]",https://etender.up.nic.in/nicgep/app?component=%24DirectLink_0&page=FrontEndAdvancedSearchResult&service=direct&session=T&sp=S8qBpC3n4%2FC%2BDj4Z9hYn97Q%3D%3D,Delhi Urban Shelter Improvement Board||Engineering Department||SE-I||DD-I
296,33,25-Sep-2025 03:00 PM,30-Sep-2025 03:00 PM,30-Sep-2025 03:30 PM,"[1)ARMO Various Electrical Installation and Mechanical Equipments of 119 type-III,Residential Quarters for the staff of GNCTD of Delhi at Sector-11,Rohini,Delhi.(SH Miscellaneous EI Work)]","[1)ARMO Various Electrical Installation and Mechanical Equipments of 119 type-III,Residential Quarters for the staff of GNCTD of Delhi at Sector-11,Rohini,Delhi.(SH Miscellaneous EI Work)]
																				[103/EE(E)/NWED/PWD/2025-26][2025_PWD_278737_1]",https://etender.up.nic.in/nicgep/app?component=%24DirectLink_0&page=FrontEndAdvancedSearchResult&service=direct&session=T&sp=S6LfERTZPRDP9YZcW5ImJsQ%3D%3D,Public Works Department||CE/SE/M3-M35||EE/M353
297,33,25-Sep-2025 03:00 PM,03-Oct-2025 02:30 PM,03-Oct-2025 02:35 PM,[Removing of contamination by replacement of old and damaged 100 mm dia AC/CI water line in Gali no.7/1 and 7/2 Shahi Mohalla West Rohtash Nagar in Welcome ward no.224 in AC-64 under EE(C)-5],"[Removing of contamination by replacement of old and damaged 100 mm dia AC/CI water line in Gali no.7/1 and 7/2 Shahi Mohalla West Rohtash Nagar in Welcome ward no.224 in AC-64 under EE(C)-5]
																				[NIT No-31(25-26)][2025_DJB_278754_1]",https://etender.up.nic.in/nicgep/app?component=%24DirectLink_0&page=FrontEndAdvancedSearchResult&service=direct&session=T&sp=SXsXlBqqD5rowBVh71%2Bgf5Q%3D%3D,Delhi Jal Board||Delhi Jal Board||EE (Civil) - 5
298,33,25-Sep-2025 02:00 PM,03-Oct-2025 03:00 PM,03-Oct-2025 03:30 PM,"[Replacement of 2 Nos. Central solar invertors (2 X 250KW) with String Invertors at Thyagraj Sports Complex, New Delhi . (SH-Replacement of existing central inverters with string inverters of 1MWp Plant at Thyagraj Sports Complex)]","[Replacement of 2 Nos. Central solar invertors (2 X 250KW) with String Invertors at Thyagraj Sports Complex, New Delhi . (SH-Replacement of existing central inverters with string inverters of 1MWp Plant at Thyagraj Sports Complex)]
																				[67/EE(E)/EMD South East/PWD/2025-26(Recall)][2025_PWD_278575_1]",https://etender.up.nic.in/nicgep/app?component=%24DirectLink_0&page=FrontEndAdvancedSearchResult&service=direct&session=T&sp=SmRw2scgJlM9goFPRQYliyw%3D%3D,Public Works Department||CE/SE/M4-M45||EE/M452
299,33,25-Sep-2025 02:00 PM,15-Oct-2025 03:00 PM,15-Oct-2025 03:30 PM,"[Appointment of Consultant for EPF, EPS and ESIC related work of ICSIL]","[Appointment of Consultant for EPF, EPS and ESIC related work of ICSIL]
																				[ICSIL/2023-2024/PF/ESIC/Consu][2025_ICSIL_278741_1]",https://etender.up.nic.in/nicgep/app?component=%24DirectLink_0&page=FrontEndAdvancedSearchResult&service=direct&session=T&sp=SMXuFqZlBkW5qnT4iMLwIKw%3D%3D,Intelligent Communication Systems India Ltd
300,33,25-Sep-2025 02:00 PM,30-Sep-2025 03:00 PM,30-Sep-2025 03:30 PM,"[ARMO various electrical and  mechanical services at District Court, Rohini, Delhi. SH- Replacement of burnt out LED fittings and accessories.]","[ARMO various electrical and  mechanical services at District Court, Rohini, Delhi. SH- Replacement of burnt out LED fittings and accessories.]
																				[30/EE(E)/JED-02/PWD/2025-26 ][2025_PWD_278727_1]",https://etender.up.nic.in/nicgep/app?component=%24DirectLink_0&page=FrontEndAdvancedSearchResult&service=direct&session=T&sp=SjUp3n0bErw1PLcVw1MrG4Q%3D%3D,Public Works Department||CE/SE/M2-M25||EE/M252
281,30,25-Sep-2025 04:00 PM,01-Oct-2025 03:00 PM,01-Oct-2025 03:30 PM,"[RMO Elect. and Mech. Services at UTCS Bldg. Vishwas Nagar Shahdara Delhi. (SH- Comprehensive, maintenance Hot and Cold Split Type Air Conditioner Make O-General)]","[RMO Elect. and Mech. Services at UTCS Bldg. Vishwas Nagar Shahdara Delhi. (SH- Comprehensive, maintenance Hot and Cold Split Type Air Conditioner Make O-General)]
																				[63/EE (E)/PWD NE and Shah. Elect. Divn./2025-26][2025_PWD_278767_1]",https://etender.up.nic.in/nicgep/app?component=%24DirectLink_0&page=FrontEndAdvancedSearchResult&service=direct&session=T&sp=SW%2BmVCcrvwA3jEOXhCClFQA%3D%3D,Public Works Department||CE/SE/M2-M25||EE/M251
282,30,25-Sep-2025 04:00 PM,03-Oct-2025 03:00 PM,03-Oct-2025 03:30 PM,"[Construction of RCC drain from Rama Road to Zakhira Flyover on  Rohtak road under West Road-2 Division, PWD, Delhi. ]","[Construction of RCC drain from Rama Road to Zakhira Flyover on  Rohtak road under West Road-2 Division, PWD, Delhi. ]
																				[24/ SE/WMC/PWD/2025-26 (Revised)  17/EE/WR-2/PWD/2025-26 (Revised)][2025_PWD_278752_1]",https://etender.up.nic.in/nicgep/app?component=%24DirectLink_0&page=FrontEndAdvancedSearchResult&service=direct&session=T&sp=SJkA7E2UtryNKi5759%2BiwxQ%3D%3D,Public Works Department||CE/SE/M1-M11||EE/M112(N)
283,30,25-Sep-2025 04:00 PM,04-Oct-2025 03:00 PM,04-Oct-2025 03:30 PM,"[A/R and M/O to Various Govt. Buildings under jurisdiction of KKD Court Division (M-231), PWD, Delhi dg. 2025-26. (SH Renovation of Shahdara Circle Office and Staff Rooms).]","[A/R and M/O to Various Govt. Buildings under jurisdiction of KKD Court Division (M-231), PWD, Delhi dg. 2025-26. (SH Renovation of Shahdara Circle Office and Staff Rooms).]
																				[32/EE/KKD Court Divn./PWD/NIT/2025-26][2025_PWD_278760_1]",https://etender.up.nic.in/nicgep/app?component=%24DirectLink_0&page=FrontEndAdvancedSearchResult&service=direct&session=T&sp=Sl07lnik5q0zqvDRrGY0Jxg%3D%3D,Public Works Department||CE/SE/M2-M23||EE/M231
284,30,25-Sep-2025 04:00 PM,01-Oct-2025 03:00 PM,01-Oct-2025 03:30 PM,"[RMO E and M Services at District Court, Dwarka, New Delhi. SH- Replacement of unserviceable old ups batteries in cctv ups room C-Wing ground floor]","[RMO E and M Services at District Court, Dwarka, New Delhi. SH- Replacement of unserviceable old ups batteries in cctv ups room C-Wing ground floor]
																				[129/EE (E)/JED-02/PWD/2025-26][2025_PWD_278731_1]",https://etender.up.nic.in/nicgep/app?component=%24DirectLink_0&page=FrontEndAdvancedSearchResult&service=direct&session=T&sp=SDp46H1k7qV%2B6F7ZPiHBy9w%3D%3D,Public Works Department||CE/SE/M2-M25||EE/M252
285,30,25-Sep-2025 04:00 PM,03-Oct-2025 03:00 PM,03-Oct-2025 03:30 PM,[EOR to G.G.S.S.S Azadpur Colony Delhi School Id 1309127 (SH Const. of attached bathroom with principal offices and additional main gate for school building.)],"[EOR to G.G.S.S.S Azadpur Colony Delhi School Id 1309127 (SH Const. of attached bathroom with principal offices and additional main gate for school building.)]
																				[05/EE/Edu North/PWD/2025-26][2025_PWD_278756_1]",https://etender.up.nic.in/nicgep/app?component=%24DirectLink_0&page=FrontEndAdvancedSearchResult&service=direct&session=T&sp=SdPf7BDlhwQfLiZ1mL2RhXA%3D%3D,Public Works Department||CE/SE/M3-M33||EE/M332
286,30,25-Sep-2025 04:00 PM,03-Oct-2025 02:30 PM,03-Oct-2025 02:35 PM,"[Replacement of old damaged 100mm dia water line at Gali no 8 L Block Jai Prakash Nagar , in Ghonda AC-66 ]","[Replacement of old damaged 100mm dia water line at Gali no 8 L Block Jai Prakash Nagar , in Ghonda AC-66 ]
																				[NIT No-01(25-26)][2025_DJB_278759_2]",https://etender.up.nic.in/nicgep/app?component=%24DirectLink_0&page=FrontEndAdvancedSearchResult&service=direct&session=T&sp=SFS8%2BhMDmCO1RqTPbbTvRbQ%3D%3D,Delhi Jal Board||Delhi Jal Board||EE (Civil) - 6
287,30,25-Sep-2025 04:00 PM,03-Oct-2025 02:30 PM,03-Oct-2025 02:35 PM,"[Replacement of old damaged 100mm dia water line at Gali no 5 L Block Jai Prakash Nagar ,Gautam Vihar and adjoining areas in Ghonda AC-66 under EE(C)-6]","[Replacement of old damaged 100mm dia water line at Gali no 5 L Block Jai Prakash Nagar ,Gautam Vihar and adjoining areas in Ghonda AC-66 under EE(C)-6]
																				[NIT No-01(25-26)][2025_DJB_278759_1]",https://etender.up.nic.in/nicgep/app?component=%24DirectLink_0&page=FrontEndAdvancedSearchResult&service=direct&session=T&sp=SXHxz5A5wPtNlgPEb6u9S0g%3D%3D,Delhi Jal Board||Delhi Jal Board||EE (Civil) - 6
288,30,25-Sep-2025 03:30 PM,03-Oct-2025 03:00 PM,03-Oct-2025 03:30 PM,"[A/A to KKD Court Complex, Shahdara, Delhi dg. 2025-26 ]","[A/A to KKD Court Complex, Shahdara, Delhi dg. 2025-26 ]
																				[38/EE/JCD-3/PWD/2025-26 ][2025_PWD_278763_1]",https://etender.up.nic.in/nicgep/app?component=%24DirectLink_0&page=FrontEndAdvancedSearchResult&service=direct&session=T&sp=SVfmdfA%2FtnxJut5uY33CJJw%3D%3D,Public Works Department||CE/SE/B1-B13||EE/B133
289,30,25-Sep-2025 03:30 PM,03-Oct-2025 03:00 PM,03-Oct-2025 03:30 PM,"[A/R and M/O to Karkardooma Court Complex, Shahdara,  Delhi dg. 2025-26. ]","[A/R and M/O to Karkardooma Court Complex, Shahdara,  Delhi dg. 2025-26. ]
																				[37/EE/JCD-3/PWD/2025-26][2025_PWD_278758_1]",https://etender.up.nic.in/nicgep/app?component=%24DirectLink_0&page=FrontEndAdvancedSearchResult&service=direct&session=T&sp=SsjddABMF1VD7QcI1K8EiNQ%3D%3D,Public Works Department||CE/SE/B1-B13||EE/B133
290,30,25-Sep-2025 03:00 PM,06-Oct-2025 03:00 PM,06-Oct-2025 03:30 PM,[Name of Work GIA to DUSIB],"[Name of Work GIA to DUSIB]
																				[NIT No. 45/EEC-1/DUSIB/2025-26 ][2025_DUSIB_278739_1]",https://etender.up.nic.in/nicgep/app?component=%24DirectLink_0&page=FrontEndAdvancedSearchResult&service=direct&session=T&sp=SueZlf%2FyWqYTbMQ4oKlbw1w%3D%3D,Delhi Urban Shelter Improvement Board||Engineering Department||SE-I||DD-I
291,30,25-Sep-2025 03:00 PM,01-Oct-2025 03:00 PM,01-Oct-2025 03:30 PM,"[ARMO various Electrical and Mechanical Services at Fire Safety Management Academy sector-14 Rohini, Delhi. SH- Comprehensive Maintenance of Greaves make 250 KVA DG set i/c AMF Panel]","[ARMO various Electrical and Mechanical Services at Fire Safety Management Academy sector-14 Rohini, Delhi. SH- Comprehensive Maintenance of Greaves make 250 KVA DG set i/c AMF Panel]
																				[125/EE(E)/JED-02/PWD/2025-26 ][2025_PWD_278729_1]",https://etender.up.nic.in/nicgep/app?component=%24DirectLink_0&page=FrontEndAdvancedSearchResult&service=direct&session=T&sp=SKKntwVNQ%2BMIZ%2Ff2kS69FtQ%3D%3D,Public Works Department||CE/SE/M2-M25||EE/M252
292,30,25-Sep-2025 03:00 PM,03-Oct-2025 02:30 PM,03-Oct-2025 02:35 PM,[Removing of contamination by replacement of old and damaged 100 mm  water line  from kamla nehru park to house no. 1/9427  wali gali and in  gurudawara wali gali behind mohan park near house no. 1/9404 gali  in rohtash nagar in welcome ward no. 224  ],"[Removing of contamination by replacement of old and damaged 100 mm  water line  from kamla nehru park to house no. 1/9427  wali gali and in  gurudawara wali gali behind mohan park near house no. 1/9404 gali  in rohtash nagar in welcome ward no. 224  ]
																				[NIT No-31(25-26)][2025_DJB_278754_2]",https://etender.up.nic.in/nicgep/app?component=%24DirectLink_0&page=FrontEndAdvancedSearchResult&service=direct&session=T&sp=SKPcXnAqCTJms29gIVviUZw%3D%3D,Delhi Jal Board||Delhi Jal Board||EE (Civil) - 5
293,30,25-Sep-2025 03:00 PM,01-Oct-2025 03:00 PM,01-Oct-2025 03:30 PM,[EIUS(Capital)],"[EIUS(Capital)]
																				[47/EE/C05/DUSIB/2025-26][2025_DUSIB_278753_1]",https://etender.up.nic.in/nicgep/app?component=%24DirectLink_0&page=FrontEndAdvancedSearchResult&service=direct&session=T&sp=SXRjQW2vYKc3tsDWS92g2yQ%3D%3D,Delhi Urban Shelter Improvement Board||Engineering Department||SE-III||DD-III
294,30,25-Sep-2025 03:00 PM,03-Oct-2025 03:00 PM,03-Oct-2025 03:30 PM,"[A/R and M/O to Karkardooma Court Complex, Shahadra, Delhi dg 2025-26.]","[A/R and M/O to Karkardooma Court Complex, Shahadra, Delhi dg 2025-26.]
																				[36/EE/JCD-3/PWD/2025-26][2025_PWD_278755_1]",https://etender.up.nic.in/nicgep/app?component=%24DirectLink_0&page=FrontEndAdvancedSearchResult&service=direct&session=T&sp=S1mjUNoUQtfXBfTEX%2BBQMhA%3D%3D,Public Works Department||CE/SE/B1-B13||EE/B133
295,30,25-Sep-2025 03:00 PM,06-Oct-2025 03:00 PM,06-Oct-2025 03:30 PM,[Name of Work GIA to DUSIB],"[Name of Work GIA to DUSIB]
																				[NIT No. 44/EEC-1/DUSIB/2025-26 ][2025_DUSIB_278734_1]",https://etender.up.nic.in/nicgep/app?component=%24DirectLink_0&page=FrontEndAdvancedSearchResult&service=direct&session=T&sp=S8qBpC3n4%2FC%2BDj4Z9hYn97Q%3D%3D,Delhi Urban Shelter Improvement Board||Engineering Department||SE-I||DD-I
296,30,25-Sep-2025 03:00 PM,30-Sep-2025 03:00 PM,30-Sep-2025 03:30 PM,"[1)ARMO Various Electrical Installation and Mechanical Equipments of 119 type-III,Residential Quarters for the staff of GNCTD of Delhi at Sector-11,Rohini,Delhi.(SH Miscellaneous EI Work)]","[1)ARMO Various Electrical Installation and Mechanical Equipments of 119 type-III,Residential Quarters for the staff of GNCTD of Delhi at Sector-11,Rohini,Delhi.(SH Miscellaneous EI Work)]
																				[103/EE(E)/NWED/PWD/2025-26][2025_PWD_278737_1]",https://etender.up.nic.in/nicgep/app?component=%24DirectLink_0&page=FrontEndAdvancedSearchResult&service=direct&session=T&sp=S6LfERTZPRDP9YZcW5ImJsQ%3D%3D,Public Works Department||CE/SE/M3-M35||EE/M353
297,30,25-Sep-2025 03:00 PM,03-Oct-2025 02:30 PM,03-Oct-2025 02:35 PM,[Removing of contamination by replacement of old and damaged 100 mm dia AC/CI water line in Gali no.7/1 and 7/2 Shahi Mohalla West Rohtash Nagar in Welcome ward no.224 in AC-64 under EE(C)-5],"[Removing of contamination by replacement of old and damaged 100 mm dia AC/CI water line in Gali no.7/1 and 7/2 Shahi Mohalla West Rohtash Nagar in Welcome ward no.224 in AC-64 under EE(C)-5]
																				[NIT No-31(25-26)][2025_DJB_278754_1]",https://etender.up.nic.in/nicgep/app?component=%24DirectLink_0&page=FrontEndAdvancedSearchResult&service=direct&session=T&sp=SXsXlBqqD5rowBVh71%2Bgf5Q%3D%3D,Delhi Jal Board||Delhi Jal Board||EE (Civil) - 5
298,30,25-Sep-2025 02:00 PM,03-Oct-2025 03:00 PM,03-Oct-2025 03:30 PM,"[Replacement of 2 Nos. Central solar invertors (2 X 250KW) with String Invertors at Thyagraj Sports Complex, New Delhi . (SH-Replacement of existing central inverters with string inverters of 1MWp Plant at Thyagraj Sports Complex)]","[Replacement of 2 Nos. Central solar invertors (2 X 250KW) with String Invertors at Thyagraj Sports Complex, New Delhi . (SH-Replacement of existing central inverters with string inverters of 1MWp Plant at Thyagraj Sports Complex)]
																				[67/EE(E)/EMD South East/PWD/2025-26(Recall)][2025_PWD_278575_1]",https://etender.up.nic.in/nicgep/app?component=%24DirectLink_0&page=FrontEndAdvancedSearchResult&service=direct&session=T&sp=SmRw2scgJlM9goFPRQYliyw%3D%3D,Public Works Department||CE/SE/M4-M45||EE/M452
299,30,25-Sep-2025 02:00 PM,15-Oct-2025 03:00 PM,15-Oct-2025 03:30 PM,"[Appointment of Consultant for EPF, EPS and ESIC related work of ICSIL]","[Appointment of Consultant for EPF, EPS and ESIC related work of ICSIL]
																				[ICSIL/2023-2024/PF/ESIC/Consu][2025_ICSIL_278741_1]",https://etender.up.nic.in/nicgep/app?component=%24DirectLink_0&page=FrontEndAdvancedSearchResult&service=direct&session=T&sp=SMXuFqZlBkW5qnT4iMLwIKw%3D%3D,Intelligent Communication Systems India Ltd
300,30,25-Sep-2025 02:00 PM,30-Sep-2025 03:00 PM,30-Sep-2025 03:30 PM,"[ARMO various electrical and  mechanical services at District Court, Rohini, Delhi. SH- Replacement of burnt out LED fittings and accessories.]","[ARMO various electrical and  mechanical services at District Court, Rohini, Delhi. SH- Replacement of burnt out LED fittings and accessories.]
																				[30/EE(E)/JED-02/PWD/2025-26 ][2025_PWD_278727_1]",https://etender.up.nic.in/nicgep/app?component=%24DirectLink_0&page=FrontEndAdvancedSearchResult&service=direct&session=T&sp=SjUp3n0bErw1PLcVw1MrG4Q%3D%3D,Public Works Department||CE/SE/M2-M25||EE/M252
561,29,18-Sep-2025 09:00 AM,01-Oct-2025 03:00 PM,01-Oct-2025 03:30 PM,[Replacement of old and damaged sewer line at main road mandawali saket block to asha ram gali by bursting method in ward no -200 in Laxmi nagar in AC 58],"[Replacement of old and damaged sewer line at main road mandawali saket block to asha ram gali by bursting method in ward no -200 in Laxmi nagar in AC 58]
																				[NIT No. 36 (2025-26)][2025_DJB_278330_2]",https://etender.up.nic.in/nicgep/app?component=%24DirectLink_0&page=FrontEndAdvancedSearchResult&service=direct&session=T&sp=SJwSBN0G2OfMGSTZQ%2FQjB5w%3D%3D,Delhi Jal Board||Delhi Jal Board||EE (T) M-1
562,29,17-Sep-2025 06:15 PM,03-Oct-2025 03:00 PM,03-Oct-2025 03:30 PM,"[Development works in un-authorized colonies.Sub Head- C/o CC Roads and SW Drains at  Mahavir Enclave D and F Block, Palam Dabri Road, New Delhi-110045, (Part-A) in Dwarka AC-33 (Regn. No. 746).]","[Development works in un-authorized colonies.Sub Head- C/o CC Roads and SW Drains at  Mahavir Enclave D and F Block, Palam Dabri Road, New Delhi-110045, (Part-A) in Dwarka AC-33 (Regn. No. 746).]
																				[NIT No.04/2025-26/CD-07 (UC)][2025_DSIDC_278326_1]",https://etender.up.nic.in/nicgep/app?component=%24DirectLink_0&page=FrontEndAdvancedSearchResult&service=direct&session=T&sp=SkjY7clYyJBUkB%2FkMaMzS2A%3D%3D,DSIIDC||ENGINEERING||ED-II
563,29,17-Sep-2025 06:00 PM,15-Oct-2025 11:00 AM,16-Oct-2025 11:30 AM,"[Annual contract for upkeep and maintenance of water supply, drainage, sanitary installation and general civil works at PPS3 bawana]","[Annual contract for upkeep and maintenance of water supply, drainage, sanitary installation and general civil works at PPS3 bawana]
																				[1000013714/CS-III][2025_IPGCL_276074_1]",https://etender.up.nic.in/nicgep/app?component=%24DirectLink_0&page=FrontEndAdvancedSearchResult&service=direct&session=T&sp=SR57DOFdx2uCGSFR3l6et6A%3D%3D,IPGCL-PPCL||CS III
564,29,17-Sep-2025 06:00 PM,08-Oct-2025 11:00 AM,09-Oct-2025 11:30 AM,[Fabrication of Sample Cooler Structure with Tray of HRSG WHRU GTPS],"[Fabrication of Sample Cooler Structure with Tray of HRSG WHRU GTPS]
																				[1000013807/CS/GTPS/25-26][2025_IPGCL_278307_1]",https://etender.up.nic.in/nicgep/app?component=%24DirectLink_0&page=FrontEndAdvancedSearchResult&service=direct&session=T&sp=S2Q8hBh8X7AphFb1GoWJ60w%3D%3D,IPGCL-PPCL||CS||CS-I
565,29,17-Sep-2025 06:00 PM,01-Oct-2025 03:00 PM,01-Oct-2025 03:30 PM,[Replacement of old and damaged 350 mm dia PSC water line in 17 block kalyanpuri in kondli AC-56 under EE(D)-12],"[Replacement of old and damaged 350 mm dia PSC water line in 17 block kalyanpuri in kondli AC-56 under EE(D)-12]
																				[NIT No. 35 (2025-26)][2025_DJB_278299_6]",https://etender.up.nic.in/nicgep/app?component=%24DirectLink_0&page=FrontEndAdvancedSearchResult&service=direct&session=T&sp=S0C%2F26fbYIzyN0FYFyj0COg%3D%3D,Delhi Jal Board||Delhi Jal Board||EE (T) M-1
566,29,17-Sep-2025 06:00 PM,01-Oct-2025 03:00 PM,01-Oct-2025 03:30 PM,[Shifting of 900mm dia sewer line near New Ashok Nagar Metro Station damaged by NCRTC during construction of Columns/piles in Trilokpuri Constituency under EE(D)-011 c/o SE(C )-01.],"[Shifting of 900mm dia sewer line near New Ashok Nagar Metro Station damaged by NCRTC during construction of Columns/piles in Trilokpuri Constituency under EE(D)-011 c/o SE(C )-01.]
																				[NIT No. 35 (2025-26)][2025_DJB_278299_5]",https://etender.up.nic.in/nicgep/app?component=%24DirectLink_0&page=FrontEndAdvancedSearchResult&service=direct&session=T&sp=SqdIunbduHgmeSiimJF9BHQ%3D%3D,Delhi Jal Board||Delhi Jal Board||EE (T) M-1
281,11,25-Sep-2025 04:00 PM,01-Oct-2025 03:00 PM,01-Oct-2025 03:30 PM,"[RMO Elect. and Mech. Services at UTCS Bldg. Vishwas Nagar Shahdara Delhi. (SH- Comprehensive, maintenance Hot and Cold Split Type Air Conditioner Make O-General)]","[RMO Elect. and Mech. Services at UTCS Bldg. Vishwas Nagar Shahdara Delhi. (SH- Comprehensive, maintenance Hot and Cold Split Type Air Conditioner Make O-General)]
																				[63/EE (E)/PWD NE and Shah. Elect. Divn./2025-26][2025_PWD_278767_1]",https://etender.up.nic.in/nicgep/app?component=%24DirectLink_0&page=FrontEndAdvancedSearchResult&service=direct&session=T&sp=SW%2BmVCcrvwA3jEOXhCClFQA%3D%3D,Public Works Department||CE/SE/M2-M25||EE/M251
282,11,25-Sep-2025 04:00 PM,03-Oct-2025 03:00 PM,03-Oct-2025 03:30 PM,"[Construction of RCC drain from Rama Road to Zakhira Flyover on  Rohtak road under West Road-2 Division, PWD, Delhi. ]","[Construction of RCC drain from Rama Road to Zakhira Flyover on  Rohtak road under West Road-2 Division, PWD, Delhi. ]
																				[24/ SE/WMC/PWD/2025-26 (Revised)  17/EE/WR-2/PWD/2025-26 (Revised)][2025_PWD_278752_1]",https://etender.up.nic.in/nicgep/app?component=%24DirectLink_0&page=FrontEndAdvancedSearchResult&service=direct&session=T&sp=SJkA7E2UtryNKi5759%2BiwxQ%3D%3D,Public Works Department||CE/SE/M1-M11||EE/M112(N)
283,11,25-Sep-2025 04:00 PM,04-Oct-2025 03:00 PM,04-Oct-2025 03:30 PM,"[A/R and M/O to Various Govt. Buildings under jurisdiction of KKD Court Division (M-231), PWD, Delhi dg. 2025-26. (SH Renovation of Shahdara Circle Office and Staff Rooms).]","[A/R and M/O to Various Govt. Buildings under jurisdiction of KKD Court Division (M-231), PWD, Delhi dg. 2025-26. (SH Renovation of Shahdara Circle Office and Staff Rooms).]
																				[32/EE/KKD Court Divn./PWD/NIT/2025-26][2025_PWD_278760_1]",https://etender.up.nic.in/nicgep/app?component=%24DirectLink_0&page=FrontEndAdvancedSearchResult&service=direct&session=T&sp=Sl07lnik5q0zqvDRrGY0Jxg%3D%3D,Public Works Department||CE/SE/M2-M23||EE/M231
284,11,25-Sep-2025 04:00 PM,01-Oct-2025 03:00 PM,01-Oct-2025 03:30 PM,"[RMO E and M Services at District Court, Dwarka, New Delhi. SH- Replacement of unserviceable old ups batteries in cctv ups room C-Wing ground floor]","[RMO E and M Services at District Court, Dwarka, New Delhi. SH- Replacement of unserviceable old ups batteries in cctv ups room C-Wing ground floor]
																				[129/EE (E)/JED-02/PWD/2025-26][2025_PWD_278731_1]",https://etender.up.nic.in/nicgep/app?component=%24DirectLink_0&page=FrontEndAdvancedSearchResult&service=direct&session=T&sp=SDp46H1k7qV%2B6F7ZPiHBy9w%3D%3D,Public Works Department||CE/SE/M2-M25||EE/M252
285,11,25-Sep-2025 04:00 PM,03-Oct-2025 03:00 PM,03-Oct-2025 03:30 PM,[EOR to G.G.S.S.S Azadpur Colony Delhi School Id 1309127 (SH Const. of attached bathroom with principal offices and additional main gate for school building.)],"[EOR to G.G.S.S.S Azadpur Colony Delhi School Id 1309127 (SH Const. of attached bathroom with principal offices and additional main gate for school building.)]
																				[05/EE/Edu North/PWD/2025-26][2025_PWD_278756_1]",https://etender.up.nic.in/nicgep/app?component=%24DirectLink_0&page=FrontEndAdvancedSearchResult&service=direct&session=T&sp=SdPf7BDlhwQfLiZ1mL2RhXA%3D%3D,Public Works Department||CE/SE/M3-M33||EE/M332
286,11,25-Sep-2025 04:00 PM,03-Oct-2025 02:30 PM,03-Oct-2025 02:35 PM,"[Replacement of old damaged 100mm dia water line at Gali no 8 L Block Jai Prakash Nagar , in Ghonda AC-66 ]","[Replacement of old damaged 100mm dia water line at Gali no 8 L Block Jai Prakash Nagar , in Ghonda AC-66 ]
																				[NIT No-01(25-26)][2025_DJB_278759_2]",https://etender.up.nic.in/nicgep/app?component=%24DirectLink_0&page=FrontEndAdvancedSearchResult&service=direct&session=T&sp=SFS8%2BhMDmCO1RqTPbbTvRbQ%3D%3D,Delhi Jal Board||Delhi Jal Board||EE (Civil) - 6
287,11,25-Sep-2025 04:00 PM,03-Oct-2025 02:30 PM,03-Oct-2025 02:35 PM,"[Replacement of old damaged 100mm dia water line at Gali no 5 L Block Jai Prakash Nagar ,Gautam Vihar and adjoining areas in Ghonda AC-66 under EE(C)-6]","[Replacement of old damaged 100mm dia water line at Gali no 5 L Block Jai Prakash Nagar ,Gautam Vihar and adjoining areas in Ghonda AC-66 under EE(C)-6]
																				[NIT No-01(25-26)][2025_DJB_278759_1]",https://etender.up.nic.in/nicgep/app?component=%24DirectLink_0&page=FrontEndAdvancedSearchResult&service=direct&session=T&sp=SXHxz5A5wPtNlgPEb6u9S0g%3D%3D,Delhi Jal Board||Delhi Jal Board||EE (Civil) - 6
288,11,25-Sep-2025 03:30 PM,03-Oct-2025 03:00 PM,03-Oct-2025 03:30 PM,"[A/A to KKD Court Complex, Shahdara, Delhi dg. 2025-26 ]","[A/A to KKD Court Complex, Shahdara, Delhi dg. 2025-26 ]
																				[38/EE/JCD-3/PWD/2025-26 ][2025_PWD_278763_1]",https://etender.up.nic.in/nicgep/app?component=%24DirectLink_0&page=FrontEndAdvancedSearchResult&service=direct&session=T&sp=SVfmdfA%2FtnxJut5uY33CJJw%3D%3D,Public Works Department||CE/SE/B1-B13||EE/B133
567,29,17-Sep-2025 06:00 PM,01-Oct-2025 03:00 PM,01-Oct-2025 03:30 PM,[Development of six lane accessed controlled in UP portion of Delhi Saharanpur Highway from Akshardham Junction to Delhi/UP in the state of UP on EPC mode under Economic Corridor in ph-U of Bharatmala Pariyojan-Reg Shifting of water utility near ROB-I],"[Development of six lane accessed controlled in UP portion of Delhi Saharanpur Highway from Akshardham Junction to Delhi/UP in the state of UP on EPC mode under Economic Corridor in ph-U of Bharatmala Pariyojan-Reg Shifting of water utility near ROB-I]
																				[NIT No. 35 (2025-26)][2025_DJB_278299_4]",https://etender.up.nic.in/nicgep/app?component=%24DirectLink_0&page=FrontEndAdvancedSearchResult&service=direct&session=T&sp=SvREcUuqQoIeFW5j24%2Fz0bg%3D%3D,Delhi Jal Board||Delhi Jal Board||EE (T) M-1
289,11,25-Sep-2025 03:30 PM,03-Oct-2025 03:00 PM,03-Oct-2025 03:30 PM,"[A/R and M/O to Karkardooma Court Complex, Shahdara,  Delhi dg. 2025-26. ]","[A/R and M/O to Karkardooma Court Complex, Shahdara,  Delhi dg. 2025-26. ]
																				[37/EE/JCD-3/PWD/2025-26][2025_PWD_278758_1]",https://etender.up.nic.in/nicgep/app?component=%24DirectLink_0&page=FrontEndAdvancedSearchResult&service=direct&session=T&sp=SsjddABMF1VD7QcI1K8EiNQ%3D%3D,Public Works Department||CE/SE/B1-B13||EE/B133
290,11,25-Sep-2025 03:00 PM,06-Oct-2025 03:00 PM,06-Oct-2025 03:30 PM,[Name of Work GIA to DUSIB],"[Name of Work GIA to DUSIB]
																				[NIT No. 45/EEC-1/DUSIB/2025-26 ][2025_DUSIB_278739_1]",https://etender.up.nic.in/nicgep/app?component=%24DirectLink_0&page=FrontEndAdvancedSearchResult&service=direct&session=T&sp=SueZlf%2FyWqYTbMQ4oKlbw1w%3D%3D,Delhi Urban Shelter Improvement Board||Engineering Department||SE-I||DD-I
291,11,25-Sep-2025 03:00 PM,01-Oct-2025 03:00 PM,01-Oct-2025 03:30 PM,"[ARMO various Electrical and Mechanical Services at Fire Safety Management Academy sector-14 Rohini, Delhi. SH- Comprehensive Maintenance of Greaves make 250 KVA DG set i/c AMF Panel]","[ARMO various Electrical and Mechanical Services at Fire Safety Management Academy sector-14 Rohini, Delhi. SH- Comprehensive Maintenance of Greaves make 250 KVA DG set i/c AMF Panel]
																				[125/EE(E)/JED-02/PWD/2025-26 ][2025_PWD_278729_1]",https://etender.up.nic.in/nicgep/app?component=%24DirectLink_0&page=FrontEndAdvancedSearchResult&service=direct&session=T&sp=SKKntwVNQ%2BMIZ%2Ff2kS69FtQ%3D%3D,Public Works Department||CE/SE/M2-M25||EE/M252
292,11,25-Sep-2025 03:00 PM,03-Oct-2025 02:30 PM,03-Oct-2025 02:35 PM,[Removing of contamination by replacement of old and damaged 100 mm  water line  from kamla nehru park to house no. 1/9427  wali gali and in  gurudawara wali gali behind mohan park near house no. 1/9404 gali  in rohtash nagar in welcome ward no. 224  ],"[Removing of contamination by replacement of old and damaged 100 mm  water line  from kamla nehru park to house no. 1/9427  wali gali and in  gurudawara wali gali behind mohan park near house no. 1/9404 gali  in rohtash nagar in welcome ward no. 224  ]
																				[NIT No-31(25-26)][2025_DJB_278754_2]",https://etender.up.nic.in/nicgep/app?component=%24DirectLink_0&page=FrontEndAdvancedSearchResult&service=direct&session=T&sp=SKPcXnAqCTJms29gIVviUZw%3D%3D,Delhi Jal Board||Delhi Jal Board||EE (Civil) - 5
293,11,25-Sep-2025 03:00 PM,01-Oct-2025 03:00 PM,01-Oct-2025 03:30 PM,[EIUS(Capital)],"[EIUS(Capital)]
																				[47/EE/C05/DUSIB/2025-26][2025_DUSIB_278753_1]",https://etender.up.nic.in/nicgep/app?component=%24DirectLink_0&page=FrontEndAdvancedSearchResult&service=direct&session=T&sp=SXRjQW2vYKc3tsDWS92g2yQ%3D%3D,Delhi Urban Shelter Improvement Board||Engineering Department||SE-III||DD-III
294,11,25-Sep-2025 03:00 PM,03-Oct-2025 03:00 PM,03-Oct-2025 03:30 PM,"[A/R and M/O to Karkardooma Court Complex, Shahadra, Delhi dg 2025-26.]","[A/R and M/O to Karkardooma Court Complex, Shahadra, Delhi dg 2025-26.]
																				[36/EE/JCD-3/PWD/2025-26][2025_PWD_278755_1]",https://etender.up.nic.in/nicgep/app?component=%24DirectLink_0&page=FrontEndAdvancedSearchResult&service=direct&session=T&sp=S1mjUNoUQtfXBfTEX%2BBQMhA%3D%3D,Public Works Department||CE/SE/B1-B13||EE/B133
295,11,25-Sep-2025 03:00 PM,06-Oct-2025 03:00 PM,06-Oct-2025 03:30 PM,[Name of Work GIA to DUSIB],"[Name of Work GIA to DUSIB]
																				[NIT No. 44/EEC-1/DUSIB/2025-26 ][2025_DUSIB_278734_1]",https://etender.up.nic.in/nicgep/app?component=%24DirectLink_0&page=FrontEndAdvancedSearchResult&service=direct&session=T&sp=S8qBpC3n4%2FC%2BDj4Z9hYn97Q%3D%3D,Delhi Urban Shelter Improvement Board||Engineering Department||SE-I||DD-I
296,11,25-Sep-2025 03:00 PM,30-Sep-2025 03:00 PM,30-Sep-2025 03:30 PM,"[1)ARMO Various Electrical Installation and Mechanical Equipments of 119 type-III,Residential Quarters for the staff of GNCTD of Delhi at Sector-11,Rohini,Delhi.(SH Miscellaneous EI Work)]","[1)ARMO Various Electrical Installation and Mechanical Equipments of 119 type-III,Residential Quarters for the staff of GNCTD of Delhi at Sector-11,Rohini,Delhi.(SH Miscellaneous EI Work)]
																				[103/EE(E)/NWED/PWD/2025-26][2025_PWD_278737_1]",https://etender.up.nic.in/nicgep/app?component=%24DirectLink_0&page=FrontEndAdvancedSearchResult&service=direct&session=T&sp=S6LfERTZPRDP9YZcW5ImJsQ%3D%3D,Public Works Department||CE/SE/M3-M35||EE/M353
297,11,25-Sep-2025 03:00 PM,03-Oct-2025 02:30 PM,03-Oct-2025 02:35 PM,[Removing of contamination by replacement of old and damaged 100 mm dia AC/CI water line in Gali no.7/1 and 7/2 Shahi Mohalla West Rohtash Nagar in Welcome ward no.224 in AC-64 under EE(C)-5],"[Removing of contamination by replacement of old and damaged 100 mm dia AC/CI water line in Gali no.7/1 and 7/2 Shahi Mohalla West Rohtash Nagar in Welcome ward no.224 in AC-64 under EE(C)-5]
																				[NIT No-31(25-26)][2025_DJB_278754_1]",https://etender.up.nic.in/nicgep/app?component=%24DirectLink_0&page=FrontEndAdvancedSearchResult&service=direct&session=T&sp=SXsXlBqqD5rowBVh71%2Bgf5Q%3D%3D,Delhi Jal Board||Delhi Jal Board||EE (Civil) - 5
298,11,25-Sep-2025 02:00 PM,03-Oct-2025 03:00 PM,03-Oct-2025 03:30 PM,"[Replacement of 2 Nos. Central solar invertors (2 X 250KW) with String Invertors at Thyagraj Sports Complex, New Delhi . (SH-Replacement of existing central inverters with string inverters of 1MWp Plant at Thyagraj Sports Complex)]","[Replacement of 2 Nos. Central solar invertors (2 X 250KW) with String Invertors at Thyagraj Sports Complex, New Delhi . (SH-Replacement of existing central inverters with string inverters of 1MWp Plant at Thyagraj Sports Complex)]
																				[67/EE(E)/EMD South East/PWD/2025-26(Recall)][2025_PWD_278575_1]",https://etender.up.nic.in/nicgep/app?component=%24DirectLink_0&page=FrontEndAdvancedSearchResult&service=direct&session=T&sp=SmRw2scgJlM9goFPRQYliyw%3D%3D,Public Works Department||CE/SE/M4-M45||EE/M452
299,11,25-Sep-2025 02:00 PM,15-Oct-2025 03:00 PM,15-Oct-2025 03:30 PM,"[Appointment of Consultant for EPF, EPS and ESIC related work of ICSIL]","[Appointment of Consultant for EPF, EPS and ESIC related work of ICSIL]
																				[ICSIL/2023-2024/PF/ESIC/Consu][2025_ICSIL_278741_1]",https://etender.up.nic.in/nicgep/app?component=%24DirectLink_0&page=FrontEndAdvancedSearchResult&service=direct&session=T&sp=SMXuFqZlBkW5qnT4iMLwIKw%3D%3D,Intelligent Communication Systems India Ltd
300,11,25-Sep-2025 02:00 PM,30-Sep-2025 03:00 PM,30-Sep-2025 03:30 PM,"[ARMO various electrical and  mechanical services at District Court, Rohini, Delhi. SH- Replacement of burnt out LED fittings and accessories.]","[ARMO various electrical and  mechanical services at District Court, Rohini, Delhi. SH- Replacement of burnt out LED fittings and accessories.]
																				[30/EE(E)/JED-02/PWD/2025-26 ][2025_PWD_278727_1]",https://etender.up.nic.in/nicgep/app?component=%24DirectLink_0&page=FrontEndAdvancedSearchResult&service=direct&session=T&sp=SjUp3n0bErw1PLcVw1MrG4Q%3D%3D,Public Works Department||CE/SE/M2-M25||EE/M252
568,29,17-Sep-2025 06:00 PM,01-Oct-2025 03:00 PM,01-Oct-2025 03:30 PM,[Replacement of Perepherial sewer line of CR road by bursting method going to Vikas Marg Trunk Sewer in AC-58.],"[Replacement of Perepherial sewer line of CR road by bursting method going to Vikas Marg Trunk Sewer in AC-58.]
																				[NIT No. 35 (2025-26)][2025_DJB_278299_3]",https://etender.up.nic.in/nicgep/app?component=%24DirectLink_0&page=FrontEndAdvancedSearchResult&service=direct&session=T&sp=SEOzMBlSZ5xHwmge78Dk%2FvA%3D%3D,Delhi Jal Board||Delhi Jal Board||EE (T) M-1
569,29,17-Sep-2025 06:00 PM,01-Oct-2025 03:00 PM,01-Oct-2025 03:30 PM,[Improvement of sewerage system by replacement of old and damaged sewer line at Pandit mohalla Mandawali in ward no. 199 Mandawali under EE(D )013 AC-57 Patparganj],"[Improvement of sewerage system by replacement of old and damaged sewer line at Pandit mohalla Mandawali in ward no. 199 Mandawali under EE(D )013 AC-57 Patparganj]
																				[NIT No. 35 (2025-26)][2025_DJB_278299_2]",https://etender.up.nic.in/nicgep/app?component=%24DirectLink_0&page=FrontEndAdvancedSearchResult&service=direct&session=T&sp=SXIyr3EjkA18M%2B7GFTzKi%2Bw%3D%3D,Delhi Jal Board||Delhi Jal Board||EE (T) M-1
570,29,17-Sep-2025 06:00 PM,01-Oct-2025 03:00 PM,01-Oct-2025 03:30 PM,"[Replacement of old RCC Sewer line of Vijay Block, Laxmi Nagar going to Vikas Marg trunk Sewer in AC-58]","[Replacement of old RCC Sewer line of Vijay Block, Laxmi Nagar going to Vikas Marg trunk Sewer in AC-58]
																				[NIT No. 35 (2025-26)][2025_DJB_278299_1]",https://etender.up.nic.in/nicgep/app?component=%24DirectLink_0&page=FrontEndAdvancedSearchResult&service=direct&session=T&sp=SwWjdnXv49x9LM0s1KYwtHw%3D%3D,Delhi Jal Board||Delhi Jal Board||EE (T) M-1
571,29,17-Sep-2025 06:00 PM,28-Oct-2025 11:00 AM,30-Oct-2025 11:30 AM,[Biennial Contract for Housekeeping work in IPGCL Colony Sarai Kale Khan.],"[Biennial Contract for Housekeeping work in IPGCL Colony Sarai Kale Khan.]
																				[1000013715/CS-III][2025_IPGCL_276075_1]",https://etender.up.nic.in/nicgep/app?component=%24DirectLink_0&page=FrontEndAdvancedSearchResult&service=direct&session=T&sp=SSrTUYXsqcJ5cVbiOwyZdMg%3D%3D,IPGCL-PPCL||CS III
572,29,17-Sep-2025 06:00 PM,01-Oct-2025 03:00 PM,01-Oct-2025 03:30 PM,[RMO Electrical  Mechanical Services at Chhatrasal Stadium Delhi. SH Annual Comprehensive Maintenance of Kone Make Lift],"[RMO Electrical  Mechanical Services at Chhatrasal Stadium Delhi. SH Annual Comprehensive Maintenance of Kone Make Lift]
																				[47/NED/PWD/M-352/2025-26][2025_PWD_278268_1]",https://etender.up.nic.in/nicgep/app?component=%24DirectLink_0&page=FrontEndAdvancedSearchResult&service=direct&session=T&sp=Seh0zrheUwH3J3OWvI79BpA%3D%3D,Public Works Department||CE/SE/M3-M35||EE/M352
573,29,17-Sep-2025 05:00 PM,03-Oct-2025 01:30 PM,03-Oct-2025 03:00 PM,[SITC of 400kV Circuit Breaker and dismantling of old CBs],"[SITC of 400kV Circuit Breaker and dismantling of old CBs]
																				[T25P111784][2025_DTL_273043_3]",https://etender.up.nic.in/nicgep/app?component=%24DirectLink_0&page=FrontEndAdvancedSearchResult&service=direct&session=T&sp=SRBf2VGbErYacDjMCZg0ZyA%3D%3D,Delhi Transco Limited
574,29,17-Sep-2025 05:00 PM,04-Oct-2025 03:00 PM,04-Oct-2025 03:30 PM,[NOW GIA to DUSIB for existing infrastructure.],"[NOW GIA to DUSIB for existing infrastructure.]
																				[NIT No.31/EEC-1/DUSIB/2025-26][2025_DUSIB_278311_1]",https://etender.up.nic.in/nicgep/app?component=%24DirectLink_0&page=FrontEndAdvancedSearchResult&service=direct&session=T&sp=Sr3F8oEBAW8akVORUPv7KdA%3D%3D,Delhi Urban Shelter Improvement Board||Engineering Department||SE-I||DD-I
575,29,17-Sep-2025 05:00 PM,01-Oct-2025 03:00 PM,01-Oct-2025 03:30 PM,[Name of Work EIUS Capital	],"[Name of Work EIUS Capital	]
																				[NIT No.30/EEC-1/DUSIB/2025-26 ][2025_DUSIB_278294_1]",https://etender.up.nic.in/nicgep/app?component=%24DirectLink_0&page=FrontEndAdvancedSearchResult&service=direct&session=T&sp=SuESaNrV9IHwwh9dHYxAUiw%3D%3D,Delhi Urban Shelter Improvement Board||Engineering Department||SE-I||DD-I
576,29,17-Sep-2025 03:00 PM,03-Oct-2025 03:00 PM,03-Oct-2025 03:30 PM,[Name of Work GIA  to DUSIB for existing infrastructure],"[Name of Work GIA  to DUSIB for existing infrastructure]
																				[NIT No.29/EEC-1/DUSIB/2025-26 ][2025_DUSIB_278288_1]",https://etender.up.nic.in/nicgep/app?component=%24DirectLink_0&page=FrontEndAdvancedSearchResult&service=direct&session=T&sp=SRB2bC8W7%2BmZLOjw9HAl7Hw%3D%3D,Delhi Urban Shelter Improvement Board||Engineering Department||SE-I||DD-I
577,29,17-Sep-2025 03:00 PM,03-Oct-2025 03:00 PM,03-Oct-2025 03:30 PM,[EOR to District Court Rohini Delhi dg. 2025-26 SH Post Constructional anti termite treatment pest control fogging outside common area in court premises],"[EOR to District Court Rohini Delhi dg. 2025-26 SH Post Constructional anti termite treatment pest control fogging outside common area in court premises]
																				[11/EE/JCD-4/PWD/2025-26 (2nd Call)][2025_PWD_278279_1]",https://etender.up.nic.in/nicgep/app?component=%24DirectLink_0&page=FrontEndAdvancedSearchResult&service=direct&session=T&sp=St1nK0DhjhVqReYN244KbIw%3D%3D,Public Works Department||CE (J P) / SE (J P)||EE (JCD)-4
578,29,16-Sep-2025 06:00 PM,08-Oct-2025 03:00 PM,08-Oct-2025 03:30 PM,[peration and Maintenance of Audio Video system at GGSIPU Campuses],"[peration and Maintenance of Audio Video system at GGSIPU Campuses]
																				[28/EE/UWD/Dwarka Campus/2025-26][2025_GGSIP_278239_1]",https://etender.up.nic.in/nicgep/app?component=%24DirectLink_0&page=FrontEndAdvancedSearchResult&service=direct&session=T&sp=SrunmZ1lY2FrlKxxmdku74Q%3D%3D,GGS INDERPRASTHA UNIVERSITY
579,29,16-Sep-2025 06:00 PM,30-Sep-2025 11:00 AM,01-Oct-2025 11:30 AM,[Annual contract for anti Larva and fogging operation in Vidyut vihar Colony Sarai Kale Khan.],"[Annual contract for anti Larva and fogging operation in Vidyut vihar Colony Sarai Kale Khan.]
																				[1000013804/CS-III][2025_IPGCL_278218_1]",https://etender.up.nic.in/nicgep/app?component=%24DirectLink_0&page=FrontEndAdvancedSearchResult&service=direct&session=T&sp=SObynNWoqEIgXD9EHoME3xg%3D%3D,IPGCL-PPCL||CS III
201,31,26-Sep-2025 02:30 PM,01-Oct-2025 03:00 PM,01-Oct-2025 03:30 PM,[NIT No. 14 (EnM) Item No. 10],"[NIT No. 14 (EnM) Item No. 10]
																				[e-NIT No.14 / (EnM)M-9/ 2025-26][2025_DJB_278799_10]",https://etender.up.nic.in/nicgep/app?component=%24DirectLink_0&page=FrontEndAdvancedSearchResult&service=direct&session=T&sp=SmXAgpjVEFrcXcMpuMypCQA%3D%3D,Delhi Jal Board||Delhi Jal Board||EE (E and M) M-8
580,29,16-Sep-2025 06:00 PM,01-Oct-2025 03:00 PM,01-Oct-2025 03:30 PM,[Short NIT. No.47 Item no.1],"[Short NIT. No.47 Item no.1]
																				[Short NIT. No.47 Item no.1 (2025-26) E.E.(C)-12][2025_DJB_278209_1]",https://etender.up.nic.in/nicgep/app?component=%24DirectLink_0&page=FrontEndAdvancedSearchResult&service=direct&session=T&sp=SQF51fCJemj1Ta88HFhpn5A%3D%3D,Delhi Jal Board||Delhi Jal Board||EE(NORTH)-I
202,31,26-Sep-2025 02:30 PM,01-Oct-2025 03:00 PM,01-Oct-2025 03:30 PM,[NIT No. 14 (EnM) Item No. 9],"[NIT No. 14 (EnM) Item No. 9]
																				[e-NIT No.14 / (EnM)M-9/ 2025-26][2025_DJB_278799_9]",https://etender.up.nic.in/nicgep/app?component=%24DirectLink_0&page=FrontEndAdvancedSearchResult&service=direct&session=T&sp=S7my420%2FkzzAiJj66fSLpIw%3D%3D,Delhi Jal Board||Delhi Jal Board||EE (E and M) M-8
203,31,26-Sep-2025 02:30 PM,01-Oct-2025 03:00 PM,01-Oct-2025 03:30 PM,[NIT No. 14 (EnM) Item No. 8],"[NIT No. 14 (EnM) Item No. 8]
																				[e-NIT No.14 / (EnM)M-9/ 2025-26][2025_DJB_278799_8]",https://etender.up.nic.in/nicgep/app?component=%24DirectLink_0&page=FrontEndAdvancedSearchResult&service=direct&session=T&sp=S30rXLpWci80UzKrn2WITZA%3D%3D,Delhi Jal Board||Delhi Jal Board||EE (E and M) M-8
204,31,26-Sep-2025 02:30 PM,01-Oct-2025 03:00 PM,01-Oct-2025 03:30 PM,[NIT No. 14 (EnM) Item No. 6],"[NIT No. 14 (EnM) Item No. 6]
																				[e-NIT No.14 / (EnM)M-9/ 2025-26][2025_DJB_278799_6]",https://etender.up.nic.in/nicgep/app?component=%24DirectLink_0&page=FrontEndAdvancedSearchResult&service=direct&session=T&sp=Sxl1gxbxFmUO69rBCVAs%2FCA%3D%3D,Delhi Jal Board||Delhi Jal Board||EE (E and M) M-8
205,31,26-Sep-2025 02:30 PM,01-Oct-2025 03:00 PM,01-Oct-2025 03:30 PM,[NIT No. 14 (EnM) Item No. 5],"[NIT No. 14 (EnM) Item No. 5]
																				[e-NIT No.14 / (EnM)M-9/ 2025-26][2025_DJB_278799_5]",https://etender.up.nic.in/nicgep/app?component=%24DirectLink_0&page=FrontEndAdvancedSearchResult&service=direct&session=T&sp=ShypXZ9tYC5n2Vxqzybps%2BQ%3D%3D,Delhi Jal Board||Delhi Jal Board||EE (E and M) M-8
206,31,26-Sep-2025 02:30 PM,01-Oct-2025 03:00 PM,01-Oct-2025 03:30 PM,[NIT No. 14 (EnM) Item No. 4],"[NIT No. 14 (EnM) Item No. 4]
																				[e-NIT No.14 / (EnM)M-9/ 2025-26][2025_DJB_278799_4]",https://etender.up.nic.in/nicgep/app?component=%24DirectLink_0&page=FrontEndAdvancedSearchResult&service=direct&session=T&sp=SvBGJL84gC75%2FsOlb9e9rsA%3D%3D,Delhi Jal Board||Delhi Jal Board||EE (E and M) M-8
207,31,26-Sep-2025 02:00 PM,03-Oct-2025 03:00 PM,03-Oct-2025 03:05 PM,[NIT No.07(2025-26)EE(C)-33 item no. 02],"[NIT No.07(2025-26)EE(C)-33 item no. 02]
																				[NIT No.07(2025-26)EE(C)-33 ][2025_DJB_278802_2]",https://etender.up.nic.in/nicgep/app?component=%24DirectLink_0&page=FrontEndAdvancedSearchResult&service=direct&session=T&sp=SpZeJFYlhINxH9bJfGnVfvA%3D%3D,Delhi Jal Board||Delhi Jal Board||EE (Civil) - 33
208,31,26-Sep-2025 02:00 PM,04-Oct-2025 03:00 PM,04-Oct-2025 03:30 PM,[RMO E and M Services installed at Karkardooma Court Complex Delhi. (SH Comprehensive Maintenance of VRF System installed in DLSA Karkardooma Court Complex.)],"[RMO E and M Services installed at Karkardooma Court Complex Delhi. (SH Comprehensive Maintenance of VRF System installed in DLSA Karkardooma Court Complex.)]
																				[116/EE(E)/JED-1/PWD/2025-26 ][2025_PWD_274078_2]",https://etender.up.nic.in/nicgep/app?component=%24DirectLink_0&page=FrontEndAdvancedSearchResult&service=direct&session=T&sp=SEnst45SZ3SHYJeHeqO88iw%3D%3D,Public Works Department||CE/SE/B1-B14||EE/B142
209,31,26-Sep-2025 02:00 PM,01-Oct-2025 03:00 PM,01-Oct-2025 03:30 PM,[NIT No. 14 (EnM) Item No. 1],"[NIT No. 14 (EnM) Item No. 1]
																				[e-NIT No.14 / (EnM)M-9/ 2025-26][2025_DJB_278799_1]",https://etender.up.nic.in/nicgep/app?component=%24DirectLink_0&page=FrontEndAdvancedSearchResult&service=direct&session=T&sp=SoP4SwHGzuLRfx51QvI0pyA%3D%3D,Delhi Jal Board||Delhi Jal Board||EE (E and M) M-8
210,31,26-Sep-2025 02:00 PM,01-Oct-2025 03:00 PM,01-Oct-2025 03:30 PM,[NIT No. 14 (EnM) Item No. 2],"[NIT No. 14 (EnM) Item No. 2]
																				[e-NIT No.14 / (EnM)M-9/ 2025-26][2025_DJB_278799_2]",https://etender.up.nic.in/nicgep/app?component=%24DirectLink_0&page=FrontEndAdvancedSearchResult&service=direct&session=T&sp=SvDuFbzJgahbJNUH8Y%2BsurQ%3D%3D,Delhi Jal Board||Delhi Jal Board||EE (E and M) M-8
211,31,26-Sep-2025 02:00 PM,06-Oct-2025 03:00 PM,06-Oct-2025 03:15 PM,"[Development of park with EPDM Flooring, C C etc at Basaidarapur in Moti Nagar Assembly Consitituency 25]","[Development of park with EPDM Flooring, C C etc at Basaidarapur in Moti Nagar Assembly Consitituency 25]
																				[EE/CD-II/ACS/W-32/2025-26][2025_IFC_278789_1]",https://etender.up.nic.in/nicgep/app?component=%24DirectLink_0&page=FrontEndAdvancedSearchResult&service=direct&session=T&sp=Sg1GBfLansTzsOt1rN0dKKg%3D%3D,Irrigation and Flood Control||ZONE-II||Flood Circle-III||Civil Division-II
212,31,26-Sep-2025 02:00 PM,01-Oct-2025 03:00 PM,01-Oct-2025 03:30 PM,[NIT No. 14 (EnM) Item No. 3],"[NIT No. 14 (EnM) Item No. 3]
																				[e-NIT No.14 / (EnM)M-9/ 2025-26][2025_DJB_278799_3]",https://etender.up.nic.in/nicgep/app?component=%24DirectLink_0&page=FrontEndAdvancedSearchResult&service=direct&session=T&sp=SpowSKhshh7YxNjmsduy6dg%3D%3D,Delhi Jal Board||Delhi Jal Board||EE (E and M) M-8
213,31,26-Sep-2025 02:00 PM,03-Oct-2025 03:00 PM,03-Oct-2025 03:05 PM,[NIT No.07(2025-26)EE(C)-33 item no. 01],"[NIT No.07(2025-26)EE(C)-33 item no. 01]
																				[NIT No.07(2025-26)EE(C)-33 ][2025_DJB_278802_1]",https://etender.up.nic.in/nicgep/app?component=%24DirectLink_0&page=FrontEndAdvancedSearchResult&service=direct&session=T&sp=SXU8OHxEmkSngdqoz5txpQA%3D%3D,Delhi Jal Board||Delhi Jal Board||EE (Civil) - 33
214,31,26-Sep-2025 01:00 PM,03-Oct-2025 03:00 PM,03-Oct-2025 03:30 PM,[RMO Wetriser Sprinkler System Fire Alarm System PA  System UPS System Digital Exchange  Fountain in Chhatrasal Stadium Model Town Delhi. SH Annual Comprehensive Maintenance of Microprocessor based Addressable Fire Alarm System],"[RMO Wetriser Sprinkler System Fire Alarm System PA  System UPS System Digital Exchange  Fountain in Chhatrasal Stadium Model Town Delhi. SH Annual Comprehensive Maintenance of Microprocessor based Addressable Fire Alarm System]
																				[51/NED/PWD/M-352/2025-26][2025_PWD_278791_1]",https://etender.up.nic.in/nicgep/app?component=%24DirectLink_0&page=FrontEndAdvancedSearchResult&service=direct&session=T&sp=S7EwjsEMzC53vy7Bm6Hnrbw%3D%3D,Public Works Department||CE/SE/M3-M35||EE/M352
215,31,26-Sep-2025 12:20 PM,03-Oct-2025 03:00 PM,03-Oct-2025 03:30 PM,"[MOEI and Fans, RMO Pump Sets i/c compound light at D-II Flats, Vasant Kunj, New Delhi during the year 2025-26 ]","[MOEI and Fans, RMO Pump Sets i/c compound light at D-II Flats, Vasant Kunj, New Delhi during the year 2025-26 ]
																				[93/EE(E)/PWD EMD SOUTH/2025-26][2025_PWD_278793_1]",https://etender.up.nic.in/nicgep/app?component=%24DirectLink_0&page=FrontEndAdvancedSearchResult&service=direct&session=T&sp=SkDDCCMzykGyyvN%2BpecuU%2Fw%3D%3D,Public Works Department||CE/SE/M4-M45||EE/M453
216,31,26-Sep-2025 12:00 PM,03-Oct-2025 03:00 PM,03-Oct-2025 03:30 PM,"[MOEI and Fans , RMO Pump Sets, Street / Compound Light at Delhi Archive Building , Qutab Institutional Area, New Delhi during the year 2025-26  ]","[MOEI and Fans , RMO Pump Sets, Street / Compound Light at Delhi Archive Building , Qutab Institutional Area, New Delhi during the year 2025-26  ]
																				[78/EE(E)/PWD EMD SOUTH/2025-26][2025_PWD_278790_1]",https://etender.up.nic.in/nicgep/app?component=%24DirectLink_0&page=FrontEndAdvancedSearchResult&service=direct&session=T&sp=S5pYm2FgZmjYmUA4Gz0RqLg%3D%3D,Public Works Department||CE/SE/M4-M45||EE/M453
217,31,26-Sep-2025 10:30 AM,13-Oct-2025 12:00 PM,13-Oct-2025 12:30 PM,"[Engagement of Designer cum Contractor for designing, decorating the facade, Exterior and Interior of Delhi Pavilion and provision of related services in IITF-2025 to be held from 14th November 2025 to 27th November 2025 at Pragati Maidan, New Delhi-1]","[Engagement of Designer cum Contractor for designing, decorating the facade, Exterior and Interior of Delhi Pavilion and provision of related services in IITF-2025 to be held from 14th November 2025 to 27th November 2025 at Pragati Maidan, New Delhi-1]
																				[CM(IPD)/001/2025][2025_DSIDC_278781_1]",https://etender.up.nic.in/nicgep/app?component=%24DirectLink_0&page=FrontEndAdvancedSearchResult&service=direct&session=T&sp=SRdcjz1zFxxJpg4tKITINew%3D%3D,DSIIDC||ENGINEERING||ED-II
218,31,26-Sep-2025 10:25 AM,03-Oct-2025 01:00 PM,03-Oct-2025 03:00 PM,[Civil work],"[Civil work]
																				[NLUD/092025/02][2025_NLUD_278784_1]",https://etender.up.nic.in/nicgep/app?component=%24DirectLink_0&page=FrontEndAdvancedSearchResult&service=direct&session=T&sp=SuhB8Okloc1ASrY%2Bygi6VmA%3D%3D,National Law University Delhi
219,31,26-Sep-2025 09:00 AM,03-Oct-2025 03:00 PM,03-Oct-2025 03:30 PM,[NIT NO. 42 (2025-26) Item no. 1],"[NIT NO. 42 (2025-26) Item no. 1]
																				[NIT NO. 42 (2025-26) ][2025_DJB_278549_1]",https://etender.up.nic.in/nicgep/app?component=%24DirectLink_0&page=FrontEndAdvancedSearchResult&service=direct&session=T&sp=SsHWSdhZWKWsUjOO7X16ddg%3D%3D,Delhi Jal Board||Delhi Jal Board||EE (Civil) - 34
220,31,26-Sep-2025 09:00 AM,03-Oct-2025 03:00 PM,03-Oct-2025 03:30 PM,[NIT NO. 42 (2025-26) Item no. 2],"[NIT NO. 42 (2025-26) Item no. 2]
																				[NIT NO. 42 (2025-26) ][2025_DJB_278549_2]",https://etender.up.nic.in/nicgep/app?component=%24DirectLink_0&page=FrontEndAdvancedSearchResult&service=direct&session=T&sp=SMJRsPa%2FVtW2ZkUzZhQjk4w%3D%3D,Delhi Jal Board||Delhi Jal Board||EE (Civil) - 34
441,25,23-Sep-2025 06:00 PM,03-Oct-2025 03:00 PM,03-Oct-2025 03:05 PM,[NIT No. 40 /EE(C)-24/(2025-26) Item No. 03],"[NIT No. 40 /EE(C)-24/(2025-26) Item No. 03]
																				[NIT No. 40 /EE(C)-24/(2025-26) Item No. 01 to 03][2025_DJB_278584_3]",https://etender.up.nic.in/nicgep/app?component=%24DirectLink_0&page=FrontEndAdvancedSearchResult&service=direct&session=T&sp=SouvTUjGl8ZocgB7l3PPb0g%3D%3D,Delhi Jal Board||Delhi Jal Board||EE (Civil) - 24
442,25,23-Sep-2025 06:00 PM,03-Oct-2025 03:00 PM,03-Oct-2025 03:05 PM,[NIT No. 40 /EE(C)-24/(2025-26) Item No. 02],"[NIT No. 40 /EE(C)-24/(2025-26) Item No. 02]
																				[NIT No. 40 /EE(C)-24/(2025-26) Item No. 01 to 03][2025_DJB_278584_2]",https://etender.up.nic.in/nicgep/app?component=%24DirectLink_0&page=FrontEndAdvancedSearchResult&service=direct&session=T&sp=S8kRuHWpRa47%2BQmeUbrnjqw%3D%3D,Delhi Jal Board||Delhi Jal Board||EE (Civil) - 24
443,25,23-Sep-2025 06:00 PM,30-Sep-2025 03:00 PM,30-Sep-2025 03:05 PM,[NIT No.39 /EE(C)-24/(2025-26) Item No. 02],"[NIT No.39 /EE(C)-24/(2025-26) Item No. 02]
																				[NIT No.39 /EE(C)-24/(2025-26) Item No. 01 to 02][2025_DJB_278571_2]",https://etender.up.nic.in/nicgep/app?component=%24DirectLink_0&page=FrontEndAdvancedSearchResult&service=direct&session=T&sp=SLxkFBLmF5JYoClEuxXM5Ag%3D%3D,Delhi Jal Board||Delhi Jal Board||EE (Civil) - 24
444,25,23-Sep-2025 06:00 PM,30-Sep-2025 03:30 PM,30-Sep-2025 04:00 PM,[23/EE(D/S)/25-26],"[23/EE(D/S)/25-26]
																				[23/EE(D/S)/25-26][2025_NDMC_278567_1]",https://etender.up.nic.in/nicgep/app?component=%24DirectLink_0&page=FrontEndAdvancedSearchResult&service=direct&session=T&sp=Svjdm1kMQZKWT65F%2B54s3aQ%3D%3D,New Delhi Municipal Council||Information Technology
445,25,23-Sep-2025 06:00 PM,03-Oct-2025 03:00 PM,03-Oct-2025 03:05 PM,[NIT No. 40 /EE(C)-24/(2025-26) Item No. 01],"[NIT No. 40 /EE(C)-24/(2025-26) Item No. 01]
																				[NIT No. 40 /EE(C)-24/(2025-26) Item No. 01 to 03][2025_DJB_278584_1]",https://etender.up.nic.in/nicgep/app?component=%24DirectLink_0&page=FrontEndAdvancedSearchResult&service=direct&session=T&sp=SpMUiGakIXsE5WXogKwuovw%3D%3D,Delhi Jal Board||Delhi Jal Board||EE (Civil) - 24
446,25,23-Sep-2025 05:30 PM,03-Oct-2025 03:30 PM,03-Oct-2025 03:35 PM,[NIT No.9 (item no. 3)/(2025-26)],"[NIT No.9 (item no. 3)/(2025-26)]
																				[NIT No.9 (item no. 3)/(2025-26)][2025_DJB_278611_1]",https://etender.up.nic.in/nicgep/app?component=%24DirectLink_0&page=FrontEndAdvancedSearchResult&service=direct&session=T&sp=SA5d6K3FfqgBbHBCzmBCnug%3D%3D,Delhi Jal Board||Delhi Jal Board||EE(WW)-I
447,25,23-Sep-2025 05:30 PM,03-Oct-2025 03:30 PM,03-Oct-2025 03:35 PM,[NIT No.9 (item no. 2)/(2025-26)],"[NIT No.9 (item no. 2)/(2025-26)]
																				[NIT No.9 (item no. 2)/(2025-26)][2025_DJB_278609_1]",https://etender.up.nic.in/nicgep/app?component=%24DirectLink_0&page=FrontEndAdvancedSearchResult&service=direct&session=T&sp=SprTR%2FBOBmn4w95ETxEZUMw%3D%3D,Delhi Jal Board||Delhi Jal Board||EE(WW)-I
448,25,23-Sep-2025 05:30 PM,03-Oct-2025 03:30 PM,03-Oct-2025 03:35 PM,[NIT No.9 (item no. 4)/(2025-26)],"[NIT No.9 (item no. 4)/(2025-26)]
																				[NIT No.9 (item no. 4)/(2025-26)][2025_DJB_278615_1]",https://etender.up.nic.in/nicgep/app?component=%24DirectLink_0&page=FrontEndAdvancedSearchResult&service=direct&session=T&sp=SZg0MOb1N58F0MPFLJT%2Bi%2Fg%3D%3D,Delhi Jal Board||Delhi Jal Board||EE(WW)-I
449,25,23-Sep-2025 05:30 PM,03-Oct-2025 03:30 PM,03-Oct-2025 03:35 PM,[NIT No.9 (item no. 1)/(2025-26)],"[NIT No.9 (item no. 1)/(2025-26)]
																				[NIT No.9 (item no. 1)/(2025-26)][2025_DJB_278600_1]",https://etender.up.nic.in/nicgep/app?component=%24DirectLink_0&page=FrontEndAdvancedSearchResult&service=direct&session=T&sp=SN51QQ9E1ZvT3n%2BXIPJEI%2BQ%3D%3D,Delhi Jal Board||Delhi Jal Board||EE(WW)-I
450,25,23-Sep-2025 05:00 PM,04-Oct-2025 03:00 PM,04-Oct-2025 03:30 PM,[EIUS Capital],"[EIUS Capital]
																				[NIT No. 40/EEC-1/DUSIB/2025-26][2025_DUSIB_278598_1]",https://etender.up.nic.in/nicgep/app?component=%24DirectLink_0&page=FrontEndAdvancedSearchResult&service=direct&session=T&sp=S5x7zSiDWejDwQgz6DxAT5g%3D%3D,Delhi Urban Shelter Improvement Board||Engineering Department||SE-I||DD-I
451,25,23-Sep-2025 05:00 PM,06-Oct-2025 04:00 PM,06-Oct-2025 04:30 PM,[Providing and fixing of Stainless Steel Twin Litter Bins of various locations in entire NDMC],"[Providing and fixing of Stainless Steel Twin Litter Bins of various locations in entire NDMC]
																				[16/EE(SD)/2025-26(141422)][2025_NDMC_278596_1]",https://etender.up.nic.in/nicgep/app?component=%24DirectLink_0&page=FrontEndAdvancedSearchResult&service=direct&session=T&sp=S1%2FH4qFiDbpcSd5QExCZODA%3D%3D,New Delhi Municipal Council||Civil-I||RIP
452,25,23-Sep-2025 05:00 PM,30-Sep-2025 03:00 PM,30-Sep-2025 03:30 PM,"[AR and MO various roads under PWD Division South West Road-I during 2025-26. (SH Repair and Renovation of office rooms Under Sub Division-I, New Delhi)]","[AR and MO various roads under PWD Division South West Road-I during 2025-26. (SH Repair and Renovation of office rooms Under Sub Division-I, New Delhi)]
																				[63/EE/SWR-I/PWD/2025-26][2025_PWD_278593_1]",https://etender.up.nic.in/nicgep/app?component=%24DirectLink_0&page=FrontEndAdvancedSearchResult&service=direct&session=T&sp=SnYta3ypJtia%2FCX7YDqi%2FxQ%3D%3D,Public Works Department||CE/SE/M1-M11||EE/M113(New)
453,25,23-Sep-2025 05:00 PM,30-Sep-2025 03:00 PM,30-Sep-2025 03:30 PM,"[A/R and M/O works to Delhi Govt. Residential Complex, D-II Vasant Kunj, New Delhi during 2025-2026 (SH Construction of shed for staircase of A, B and C block at Delhi Govt. Residential Complex, D-II Vasant Kunj, New Delhi).]","[A/R and M/O works to Delhi Govt. Residential Complex, D-II Vasant Kunj, New Delhi during 2025-2026 (SH Construction of shed for staircase of A, B and C block at Delhi Govt. Residential Complex, D-II Vasant Kunj, New Delhi).]
																				[16EEPWDBUILDING SOUTH2025-26][2025_PWD_278591_1]",https://etender.up.nic.in/nicgep/app?component=%24DirectLink_0&page=FrontEndAdvancedSearchResult&service=direct&session=T&sp=S%2F0GiZIRsQcQv%2FFQ8n3RiaA%3D%3D,Public Works Department||CE/SE/M4-M42||EE/M422
454,25,23-Sep-2025 05:00 PM,30-Sep-2025 03:00 PM,30-Sep-2025 03:30 PM,[EIUS (Capital)],"[EIUS (Capital)]
																				[NIT No.28/EE,C-4/DUSIB/2025-26][2025_DUSIB_278590_1]",https://etender.up.nic.in/nicgep/app?component=%24DirectLink_0&page=FrontEndAdvancedSearchResult&service=direct&session=T&sp=SDefza3%2FR%2Fp5%2BZPDhSnWBgA%3D%3D,Delhi Urban Shelter Improvement Board||Engineering Department||SE-I||CD-IV
455,25,23-Sep-2025 05:00 PM,30-Sep-2025 03:00 PM,30-Sep-2025 03:30 PM,[GIA to DUSIB for existing infrastructure.],"[GIA to DUSIB for existing infrastructure.]
																				[18/EE/C09/DUSIB/2025-26][2025_DUSIB_278589_1]",https://etender.up.nic.in/nicgep/app?component=%24DirectLink_0&page=FrontEndAdvancedSearchResult&service=direct&session=T&sp=SZ0ILZOF7v5kOh7eHoyMFnQ%3D%3D,Delhi Urban Shelter Improvement Board||Engineering Department||SE-III||DD-V
456,25,23-Sep-2025 05:00 PM,30-Sep-2025 03:00 PM,30-Sep-2025 03:30 PM,[EIUS (Capital)],"[EIUS (Capital)]
																				[17/EE/C09/DUSIB/2025-26][2025_DUSIB_278588_1]",https://etender.up.nic.in/nicgep/app?component=%24DirectLink_0&page=FrontEndAdvancedSearchResult&service=direct&session=T&sp=SYfId8G5N27Ne%2FMdaODEnGA%3D%3D,Delhi Urban Shelter Improvement Board||Engineering Department||SE-III||DD-V
457,25,23-Sep-2025 05:00 PM,30-Sep-2025 03:00 PM,30-Sep-2025 03:30 PM,"[A/R and  M/O to Various Govt. Buildings under jurisdiction of KKD Court Division (M-231) PWD, Delhi dg. 2025-26. (SH Finishing work etc.)]","[A/R and  M/O to Various Govt. Buildings under jurisdiction of KKD Court Division (M-231) PWD, Delhi dg. 2025-26. (SH Finishing work etc.)]
																				[31/EE/KKD Court Divn./PWD/NIT/2025-26][2025_PWD_278587_1]",https://etender.up.nic.in/nicgep/app?component=%24DirectLink_0&page=FrontEndAdvancedSearchResult&service=direct&session=T&sp=SbrjN9mAvCVqOcNLd%2FS1NhA%3D%3D,Public Works Department||CE/SE/M2-M23||EE/M231
458,25,23-Sep-2025 05:00 PM,01-Oct-2025 03:00 PM,01-Oct-2025 03:30 PM,[GIA to DUSIB for Existing Infrastructure],"[GIA to DUSIB for Existing Infrastructure]
																				[NIT No.21/EEC-3/DUSIB/2025-26][2025_DUSIB_278576_1]",https://etender.up.nic.in/nicgep/app?component=%24DirectLink_0&page=FrontEndAdvancedSearchResult&service=direct&session=T&sp=Sv4Ox9xVjpIX%2F8lK%2FTt0wyA%3D%3D,Delhi Urban Shelter Improvement Board||Engineering Department||SE-I||DD-II
459,25,23-Sep-2025 05:00 PM,30-Sep-2025 03:00 PM,30-Sep-2025 03:30 PM,"[Maintenance and repair of various court building under JCD-5, during 2025-26 (SH- Round the clock watch and ward of the Judiciary Civil Division-5, Andrew Ganj and family Court Building, Janakpuri, New Delhi). (Modified)]","[Maintenance and repair of various court building under JCD-5, during 2025-26 (SH- Round the clock watch and ward of the Judiciary Civil Division-5, Andrew Ganj and family Court Building, Janakpuri, New Delhi). (Modified)]
																				[46/EE/JCD-5/PWD/2025-26][2025_PWD_278548_1]",https://etender.up.nic.in/nicgep/app?component=%24DirectLink_0&page=FrontEndAdvancedSearchResult&service=direct&session=T&sp=SMPJtNbSdL%2FnTWBAGnEwQlw%3D%3D,Public Works Department||CE (J P) / SE (J P)||EE (JCD)-5
460,25,23-Sep-2025 05:00 PM,30-Sep-2025 03:00 PM,30-Sep-2025 03:30 PM,[EIUS (Capital)],"[EIUS (Capital)]
																				[NIT No.29/EE,C-4/DUSIB/2025-26][2025_DUSIB_278599_1]",https://etender.up.nic.in/nicgep/app?component=%24DirectLink_0&page=FrontEndAdvancedSearchResult&service=direct&session=T&sp=S6U39ZrEDAo9ntQDmOK5jHA%3D%3D,Delhi Urban Shelter Improvement Board||Engineering Department||SE-I||CD-IV
241,8,25-Sep-2025 06:55 PM,03-Oct-2025 03:00 PM,03-Oct-2025 03:30 PM,"[A/R and M/O to various roads under East Road- II, of PWD East Road Division dg. 2025-26. (SH- Providing and Fixing of Signage board under Sub-division East Road-II)]","[A/R and M/O to various roads under East Road- II, of PWD East Road Division dg. 2025-26. (SH- Providing and Fixing of Signage board under Sub-division East Road-II)]
																				[27/EE/East Road (M-212)/PWD/2025-26][2025_PWD_278773_1]",https://etender.up.nic.in/nicgep/app?component=%24DirectLink_0&page=FrontEndAdvancedSearchResult&service=direct&session=T&sp=S1BB%2Fm%2BJOuQQvlZkep6wXrw%3D%3D,Public Works Department||CE/SE/M2-M21||EE/M212
242,8,25-Sep-2025 06:55 PM,01-Oct-2025 11:30 AM,01-Oct-2025 12:05 PM,[NIT NO-10 ITEM NO-13],"[NIT NO-10 ITEM NO-13]
																				[NIT NO-10 (2025-2026)][2025_DJB_278740_13]",https://etender.up.nic.in/nicgep/app?component=%24DirectLink_0&page=FrontEndAdvancedSearchResult&service=direct&session=T&sp=SbN3XyRzujyjcgeGarydnwA%3D%3D,Delhi Jal Board||Delhi Jal Board||EE (E and M) M-5
243,8,25-Sep-2025 06:55 PM,03-Oct-2025 03:00 PM,03-Oct-2025 03:30 PM,"[Rehabilitation/Strengthening of PWD roads by cold milling and recycling process of various roads under Sub Division East Road-IV of Division East Road/(M-212), Delhi during 2023-24.1. Noida Link Road(Road ID-70-40036) 2. Noida more.. (SH-Balance work]","[Rehabilitation/Strengthening of PWD roads by cold milling and recycling process of various roads under Sub Division East Road-IV of Division East Road/(M-212), Delhi during 2023-24.1. Noida Link Road(Road ID-70-40036) 2. Noida more.. (SH-Balance work]
																				[17/CE(East)M/PWD/2025-26][2025_PWD_278757_1]",https://etender.up.nic.in/nicgep/app?component=%24DirectLink_0&page=FrontEndAdvancedSearchResult&service=direct&session=T&sp=ShS4b4GRzf2tCA%2BoZVkMBLw%3D%3D,Public Works Department||CE/SE/M2-M21||EE/M212
244,8,25-Sep-2025 06:55 PM,06-Oct-2025 03:00 PM,06-Oct-2025 03:30 PM,"[M/o Hort. Work at Dwarka Court Complex, Sector-10, Dwarka, under Hort. Sub-Division H and J-I, HD Health and Judiciary,  PWD, New Delhi during 2025-26. SH- Complete Maintenance of garden features]","[M/o Hort. Work at Dwarka Court Complex, Sector-10, Dwarka, under Hort. Sub-Division H and J-I, HD Health and Judiciary,  PWD, New Delhi during 2025-26. SH- Complete Maintenance of garden features]
																				[53/DD(H)/HD-H and J/PWD/2025-26][2025_PWD_278732_1]",https://etender.up.nic.in/nicgep/app?component=%24DirectLink_0&page=FrontEndAdvancedSearchResult&service=direct&session=T&sp=S%2BaLmzEBme7VADBlxZ%2FlClg%3D%3D,Public Works Department||CE/SE/M2-M21||EE/M214
245,8,25-Sep-2025 06:55 PM,01-Oct-2025 11:30 AM,01-Oct-2025 12:05 PM,[NIT NO-10 ITEM NO-08],"[NIT NO-10 ITEM NO-08]
																				[NIT NO-10 (2025-2026)][2025_DJB_278740_8]",https://etender.up.nic.in/nicgep/app?component=%24DirectLink_0&page=FrontEndAdvancedSearchResult&service=direct&session=T&sp=SHKANHEQaxcQOddOa%2F2rYEQ%3D%3D,Delhi Jal Board||Delhi Jal Board||EE (E and M) M-5
246,8,25-Sep-2025 06:55 PM,01-Oct-2025 03:00 PM,01-Oct-2025 03:30 PM,[NIT No.13(2025-26) Item 7],"[NIT No.13(2025-26) Item 7]
																				[e-NIT No.13 / (EnM)M-9/ 2025-26][2025_DJB_278777_7]",https://etender.up.nic.in/nicgep/app?component=%24DirectLink_0&page=FrontEndAdvancedSearchResult&service=direct&session=T&sp=Sc7SYsLskYuX387hhGQ6gZw%3D%3D,Delhi Jal Board||Delhi Jal Board||EE (E and M) M-8
247,8,25-Sep-2025 06:55 PM,01-Oct-2025 11:30 AM,01-Oct-2025 12:05 PM,[NIT NO-10 ITEM NO-22],"[NIT NO-10 ITEM NO-22]
																				[NIT NO-10 (2025-2026)][2025_DJB_278740_22]",https://etender.up.nic.in/nicgep/app?component=%24DirectLink_0&page=FrontEndAdvancedSearchResult&service=direct&session=T&sp=So3gl32N1grhju46SszBRDQ%3D%3D,Delhi Jal Board||Delhi Jal Board||EE (E and M) M-5
248,8,25-Sep-2025 06:55 PM,01-Oct-2025 11:30 AM,01-Oct-2025 12:05 PM,[NIT NO-10 ITEM NO-11],"[NIT NO-10 ITEM NO-11]
																				[NIT NO-10 (2025-2026)][2025_DJB_278740_11]",https://etender.up.nic.in/nicgep/app?component=%24DirectLink_0&page=FrontEndAdvancedSearchResult&service=direct&session=T&sp=SPYlCll2XoJ7NzBQLpMdKxA%3D%3D,Delhi Jal Board||Delhi Jal Board||EE (E and M) M-5
249,8,25-Sep-2025 06:55 PM,06-Oct-2025 03:00 PM,06-Oct-2025 03:30 PM,"[M/o Horticulture work at Tis Hazari Court under Hort. Sub-Divn-H and J-III, HD-H and J, PWD  Delhi during 2025-26. SH-Providing and Displaying of Out door plants in Tis Hazari Court ]","[M/o Horticulture work at Tis Hazari Court under Hort. Sub-Divn-H and J-III, HD-H and J, PWD  Delhi during 2025-26. SH-Providing and Displaying of Out door plants in Tis Hazari Court ]
																				[34/DD(H)/HD-H and J/PWD/2025-26][2025_PWD_275981_4]",https://etender.up.nic.in/nicgep/app?component=%24DirectLink_0&page=FrontEndAdvancedSearchResult&service=direct&session=T&sp=SzHmYzTF5on74jbxtVd20gg%3D%3D,Public Works Department||CE/SE/M2-M21||EE/M214
250,8,25-Sep-2025 06:55 PM,01-Oct-2025 03:00 PM,01-Oct-2025 03:30 PM,[NIT No.13(2025-26) Item 6],"[NIT No.13(2025-26) Item 6]
																				[e-NIT No.13 / (EnM)M-9/ 2025-26][2025_DJB_278777_6]",https://etender.up.nic.in/nicgep/app?component=%24DirectLink_0&page=FrontEndAdvancedSearchResult&service=direct&session=T&sp=SLjmwUptIzcBQNsmff8PzXA%3D%3D,Delhi Jal Board||Delhi Jal Board||EE (E and M) M-8
251,8,25-Sep-2025 06:55 PM,01-Oct-2025 11:30 AM,01-Oct-2025 12:05 PM,[NIT NO-10 ITEM NO-21],"[NIT NO-10 ITEM NO-21]
																				[NIT NO-10 (2025-2026)][2025_DJB_278740_21]",https://etender.up.nic.in/nicgep/app?component=%24DirectLink_0&page=FrontEndAdvancedSearchResult&service=direct&session=T&sp=SsbOaabskJMEcKHA90bllCg%3D%3D,Delhi Jal Board||Delhi Jal Board||EE (E and M) M-5
252,8,25-Sep-2025 06:55 PM,01-Oct-2025 11:30 AM,01-Oct-2025 12:05 PM,[NIT NO-10 ITEM NO-01],"[NIT NO-10 ITEM NO-01]
																				[NIT NO-10 (2025-2026)][2025_DJB_278740_1]",https://etender.up.nic.in/nicgep/app?component=%24DirectLink_0&page=FrontEndAdvancedSearchResult&service=direct&session=T&sp=SpEOHH9UBdBoMc565BTbagg%3D%3D,Delhi Jal Board||Delhi Jal Board||EE (E and M) M-5
253,8,25-Sep-2025 06:55 PM,01-Oct-2025 03:00 PM,01-Oct-2025 03:30 PM,[NIT No.13(2025-26) Item 5],"[NIT No.13(2025-26) Item 5]
																				[e-NIT No.13 / (EnM)M-9/ 2025-26][2025_DJB_278777_5]",https://etender.up.nic.in/nicgep/app?component=%24DirectLink_0&page=FrontEndAdvancedSearchResult&service=direct&session=T&sp=SHYYZ6M6XDlqjvWH4qIEyFw%3D%3D,Delhi Jal Board||Delhi Jal Board||EE (E and M) M-8
254,8,25-Sep-2025 06:55 PM,01-Oct-2025 11:30 AM,01-Oct-2025 12:05 PM,[NIT NO-10 ITEM NO-02],"[NIT NO-10 ITEM NO-02]
																				[NIT NO-10 (2025-2026)][2025_DJB_278740_2]",https://etender.up.nic.in/nicgep/app?component=%24DirectLink_0&page=FrontEndAdvancedSearchResult&service=direct&session=T&sp=S6D%2FgldBhSLTSjVz4RsEsKQ%3D%3D,Delhi Jal Board||Delhi Jal Board||EE (E and M) M-5
255,8,25-Sep-2025 06:55 PM,01-Oct-2025 11:30 AM,01-Oct-2025 12:05 PM,[NIT NO-10 ITEM NO-03],"[NIT NO-10 ITEM NO-03]
																				[NIT NO-10 (2025-2026)][2025_DJB_278740_3]",https://etender.up.nic.in/nicgep/app?component=%24DirectLink_0&page=FrontEndAdvancedSearchResult&service=direct&session=T&sp=SvjmW0eOnLssD7Y0RBdIMlA%3D%3D,Delhi Jal Board||Delhi Jal Board||EE (E and M) M-5
256,8,25-Sep-2025 06:55 PM,01-Oct-2025 11:30 AM,01-Oct-2025 12:05 PM,[NIT NO-10 ITEM NO-04],"[NIT NO-10 ITEM NO-04]
																				[NIT NO-10 (2025-2026)][2025_DJB_278740_4]",https://etender.up.nic.in/nicgep/app?component=%24DirectLink_0&page=FrontEndAdvancedSearchResult&service=direct&session=T&sp=S8OaZmvPhN%2B7F8EtUb8xYsw%3D%3D,Delhi Jal Board||Delhi Jal Board||EE (E and M) M-5
257,8,25-Sep-2025 06:55 PM,01-Oct-2025 11:30 AM,01-Oct-2025 12:05 PM,[NIT NO-10 ITEM NO-20],"[NIT NO-10 ITEM NO-20]
																				[NIT NO-10 (2025-2026)][2025_DJB_278740_20]",https://etender.up.nic.in/nicgep/app?component=%24DirectLink_0&page=FrontEndAdvancedSearchResult&service=direct&session=T&sp=SMPWsmRId2N%2F8oEf4x1yH9A%3D%3D,Delhi Jal Board||Delhi Jal Board||EE (E and M) M-5
258,8,25-Sep-2025 06:55 PM,01-Oct-2025 03:00 PM,01-Oct-2025 03:30 PM,[NIT No.13(2025-26) Item 4],"[NIT No.13(2025-26) Item 4]
																				[e-NIT No.13 / (EnM)M-9/ 2025-26][2025_DJB_278777_4]",https://etender.up.nic.in/nicgep/app?component=%24DirectLink_0&page=FrontEndAdvancedSearchResult&service=direct&session=T&sp=SdOt4pvFCy%2F1bsHIintRQLQ%3D%3D,Delhi Jal Board||Delhi Jal Board||EE (E and M) M-8
259,8,25-Sep-2025 06:55 PM,01-Oct-2025 11:30 AM,01-Oct-2025 12:05 PM,[NIT NO-10 ITEM NO-05],"[NIT NO-10 ITEM NO-05]
																				[NIT NO-10 (2025-2026)][2025_DJB_278740_5]",https://etender.up.nic.in/nicgep/app?component=%24DirectLink_0&page=FrontEndAdvancedSearchResult&service=direct&session=T&sp=S0boTuCvJcQ6cbtLIe6mCEQ%3D%3D,Delhi Jal Board||Delhi Jal Board||EE (E and M) M-5
260,8,25-Sep-2025 06:55 PM,01-Oct-2025 11:30 AM,01-Oct-2025 12:05 PM,[NIT NO-10 ITEM NO-19],"[NIT NO-10 ITEM NO-19]
																				[NIT NO-10 (2025-2026)][2025_DJB_278740_19]",https://etender.up.nic.in/nicgep/app?component=%24DirectLink_0&page=FrontEndAdvancedSearchResult&service=direct&session=T&sp=S7v81H4dDomMBoKMDyRc6zA%3D%3D,Delhi Jal Board||Delhi Jal Board||EE (E and M) M-5
521,32,22-Sep-2025 09:00 AM,01-Oct-2025 03:00 PM,01-Oct-2025 03:05 PM,[NIT NO. 40/EE(SW)III/EE(C)28/25-26 Item No. 2],"[NIT NO. 40/EE(SW)III/EE(C)28/25-26 Item No. 2]
																				[NIT NO. 40/EE(SW)III/EE(C)28/2025-26][2025_DJB_278495_2]",https://etender.up.nic.in/nicgep/app?component=%24DirectLink_0&page=FrontEndAdvancedSearchResult&service=direct&session=T&sp=SKC%2BKoJSwA5oXdmf%2F%2B144ZQ%3D%3D,Delhi Jal Board||Delhi Jal Board||EE (Civil) - 28
522,32,22-Sep-2025 09:00 AM,30-Sep-2025 03:00 PM,30-Sep-2025 03:15 PM,[NIT NO. 38/EE(SW)III/EE(C)28/25-26],"[NIT NO. 38/EE(SW)III/EE(C)28/25-26]
																				[NIT NO. 38/EE(SW)III/EE(C)28/2025-26][2025_DJB_278493_1]",https://etender.up.nic.in/nicgep/app?component=%24DirectLink_0&page=FrontEndAdvancedSearchResult&service=direct&session=T&sp=SLJrliAbZnw6e1IEJCK%2FDfA%3D%3D,Delhi Jal Board||Delhi Jal Board||EE (Civil) - 28
523,32,22-Sep-2025 09:00 AM,01-Oct-2025 03:00 PM,01-Oct-2025 03:05 PM,[NIT NO. 40/EE(SW)III/EE(C)28/25-26 Item No. 1],"[NIT NO. 40/EE(SW)III/EE(C)28/25-26 Item No. 1]
																				[NIT NO. 40/EE(SW)III/EE(C)28/2025-26][2025_DJB_278495_1]",https://etender.up.nic.in/nicgep/app?component=%24DirectLink_0&page=FrontEndAdvancedSearchResult&service=direct&session=T&sp=S3EM8XO2uWV22%2BPgPOpLsNg%3D%3D,Delhi Jal Board||Delhi Jal Board||EE (Civil) - 28
524,32,22-Sep-2025 09:00 AM,30-Sep-2025 03:00 PM,30-Sep-2025 03:30 PM,[E.I.U.S. (Revenue)],"[E.I.U.S. (Revenue)]
																				[NIT No.19/EEC-12/DUSIB/2025-26][2025_DUSIB_277954_1]",https://etender.up.nic.in/nicgep/app?component=%24DirectLink_0&page=FrontEndAdvancedSearchResult&service=direct&session=T&sp=Sp7f4dwrMHzUAWWUdHbWweA%3D%3D,Delhi Urban Shelter Improvement Board||Engineering Department||SE-II||DD-IV
525,32,22-Sep-2025 09:00 AM,01-Oct-2025 03:00 PM,01-Oct-2025 03:05 PM,[NIT NO. 40/EE(SW)III/EE(C)28/25-26 Item No. 3],"[NIT NO. 40/EE(SW)III/EE(C)28/25-26 Item No. 3]
																				[NIT NO. 40/EE(SW)III/EE(C)28/2025-26][2025_DJB_278495_3]",https://etender.up.nic.in/nicgep/app?component=%24DirectLink_0&page=FrontEndAdvancedSearchResult&service=direct&session=T&sp=SOdeUkupOxKp5nqrjOlSXCg%3D%3D,Delhi Jal Board||Delhi Jal Board||EE (Civil) - 28
526,32,20-Sep-2025 06:00 PM,30-Sep-2025 02:45 PM,30-Sep-2025 03:00 PM,[NIT No. 6 item No. 3],"[NIT No. 6 item No. 3]
																				[NIT NO.06 (2025-2026)EE(SDW)VIII][2025_DJB_278467_3]",https://etender.up.nic.in/nicgep/app?component=%24DirectLink_0&page=FrontEndAdvancedSearchResult&service=direct&session=T&sp=Sd831DHcU3RHMZU5wJRKZyg%3D%3D,Delhi Jal Board||Delhi Jal Board||EE(SDW)-VIII
527,32,20-Sep-2025 06:00 PM,30-Sep-2025 03:00 PM,30-Sep-2025 03:30 PM,[Construction of Foot over Bridge at IT Park on Eastern Approach Road Delhi. (SH- Providing consultancy services). ],"[Construction of Foot over Bridge at IT Park on Eastern Approach Road Delhi. (SH- Providing consultancy services). ]
																				[01/EE/PWD/NE (B AND R) Maint. Division/2025-26][2025_PWD_278481_1]",https://etender.up.nic.in/nicgep/app?component=%24DirectLink_0&page=FrontEndAdvancedSearchResult&service=direct&session=T&sp=SPjAtR7R1az%2BKtl%2BdNRhyYQ%3D%3D,Public Works Department||CE/SE/M2-M21||EE/M213
528,32,20-Sep-2025 06:00 PM,30-Sep-2025 02:45 PM,30-Sep-2025 03:00 PM,[NIT No. 6 item No. 7],"[NIT No. 6 item No. 7]
																				[NIT NO.06 (2025-2026)EE(SDW)VIII][2025_DJB_278467_7]",https://etender.up.nic.in/nicgep/app?component=%24DirectLink_0&page=FrontEndAdvancedSearchResult&service=direct&session=T&sp=SgEIYbE6OzqStlJC246SOSQ%3D%3D,Delhi Jal Board||Delhi Jal Board||EE(SDW)-VIII
529,32,20-Sep-2025 06:00 PM,30-Sep-2025 02:45 PM,30-Sep-2025 03:00 PM,[NIT No. 6 item No. 6],"[NIT No. 6 item No. 6]
																				[NIT NO.06 (2025-2026)EE(SDW)VIII][2025_DJB_278467_6]",https://etender.up.nic.in/nicgep/app?component=%24DirectLink_0&page=FrontEndAdvancedSearchResult&service=direct&session=T&sp=SHGCxmbZHk2Pwqr%2BKFTLF%2BQ%3D%3D,Delhi Jal Board||Delhi Jal Board||EE(SDW)-VIII
530,32,20-Sep-2025 06:00 PM,30-Sep-2025 02:45 PM,30-Sep-2025 03:00 PM,[NIT No. 6 item No. 5],"[NIT No. 6 item No. 5]
																				[NIT NO.06 (2025-2026)EE(SDW)VIII][2025_DJB_278467_5]",https://etender.up.nic.in/nicgep/app?component=%24DirectLink_0&page=FrontEndAdvancedSearchResult&service=direct&session=T&sp=SHwYrrUNNNY%2FWfXf45x9grw%3D%3D,Delhi Jal Board||Delhi Jal Board||EE(SDW)-VIII
531,32,20-Sep-2025 06:00 PM,30-Sep-2025 02:45 PM,30-Sep-2025 03:00 PM,[NIT No. 6 item No. 4],"[NIT No. 6 item No. 4]
																				[NIT NO.06 (2025-2026)EE(SDW)VIII][2025_DJB_278467_4]",https://etender.up.nic.in/nicgep/app?component=%24DirectLink_0&page=FrontEndAdvancedSearchResult&service=direct&session=T&sp=Slvnz1%2BnmLse5v%2BHeqg%2Bgag%3D%3D,Delhi Jal Board||Delhi Jal Board||EE(SDW)-VIII
532,32,20-Sep-2025 06:00 PM,30-Sep-2025 02:45 PM,30-Sep-2025 03:00 PM,[NIT No. 6 item No. 2],"[NIT No. 6 item No. 2]
																				[NIT NO.06 (2025-2026)EE(SDW)VIII][2025_DJB_278467_2]",https://etender.up.nic.in/nicgep/app?component=%24DirectLink_0&page=FrontEndAdvancedSearchResult&service=direct&session=T&sp=SDBjP8kU7lwmoRuwlw0VoWQ%3D%3D,Delhi Jal Board||Delhi Jal Board||EE(SDW)-VIII
533,32,20-Sep-2025 06:00 PM,30-Sep-2025 02:45 PM,30-Sep-2025 03:00 PM,[NIT No. 6 item No. 1],"[NIT No. 6 item No. 1]
																				[NIT NO.06 (2025-2026)EE(SDW)VIII][2025_DJB_278467_1]",https://etender.up.nic.in/nicgep/app?component=%24DirectLink_0&page=FrontEndAdvancedSearchResult&service=direct&session=T&sp=SCEuMSnK0ztlt017Vv1JGxg%3D%3D,Delhi Jal Board||Delhi Jal Board||EE(SDW)-VIII
534,32,20-Sep-2025 06:00 PM,30-Sep-2025 03:00 PM,30-Sep-2025 03:30 PM,[NIT. No.48 Item no.1],"[NIT. No.48 Item no.1]
																				[NIT. No.48 Item no.1 (2025-26) E.E.(C)-12][2025_DJB_278474_1]",https://etender.up.nic.in/nicgep/app?component=%24DirectLink_0&page=FrontEndAdvancedSearchResult&service=direct&session=T&sp=StBNG51jz%2FECYSgSTxiYg4g%3D%3D,Delhi Jal Board||Delhi Jal Board||EE(NORTH)-I
535,32,20-Sep-2025 05:00 PM,29-Sep-2025 05:00 PM,29-Sep-2025 05:30 PM,[GIA to DUSIB for Existing Infrastructure],"[GIA to DUSIB for Existing Infrastructure]
																				[NIT No.19/EEC-3/DUSIB/2025-26][2025_DUSIB_278469_1]",https://etender.up.nic.in/nicgep/app?component=%24DirectLink_0&page=FrontEndAdvancedSearchResult&service=direct&session=T&sp=SKZCeI2yi9evbpey0r7iGrw%3D%3D,Delhi Urban Shelter Improvement Board||Engineering Department||SE-I||DD-II
536,32,20-Sep-2025 04:00 PM,03-Oct-2025 03:00 PM,03-Oct-2025 03:30 PM,[Development works in un-authorized colonies.Sub Head-  C/o CC Road and S.W drain at Naveen Vihar (Part-9) in Bawana AC (Regn.no.608)],"[Development works in un-authorized colonies.Sub Head-  C/o CC Road and S.W drain at Naveen Vihar (Part-9) in Bawana AC (Regn.no.608)]
																				[NIT No. 08/2025-26/CD-06(UC)][2025_DSIDC_278458_1]",https://etender.up.nic.in/nicgep/app?component=%24DirectLink_0&page=FrontEndAdvancedSearchResult&service=direct&session=T&sp=SLGVAaiXgWnafXzXmSYutrg%3D%3D,DSIIDC||ENGINEERING||ED-II
537,32,20-Sep-2025 04:00 PM,03-Oct-2025 03:00 PM,03-Oct-2025 03:30 PM,[Development works in un-authorized colonies.Sub Head- C/o CC Road and Repair of S.W drain at Raja Vihar Part 4. in Rohini AC ( Regd. No. 107)],"[Development works in un-authorized colonies.Sub Head- C/o CC Road and Repair of S.W drain at Raja Vihar Part 4. in Rohini AC ( Regd. No. 107)]
																				[NIT No. 09/2025-26/CD-06(UC)][2025_DSIDC_278459_1]",https://etender.up.nic.in/nicgep/app?component=%24DirectLink_0&page=FrontEndAdvancedSearchResult&service=direct&session=T&sp=SDFKl7eGAc7CUYkyLlZTL9w%3D%3D,DSIIDC||ENGINEERING||ED-II
538,32,20-Sep-2025 03:00 PM,03-Oct-2025 03:00 PM,03-Oct-2025 03:30 PM,"[Development works in un-authorized colonies. Sub Head- C/o C.C Roads and SW Drains at Palam Kunj Harijan Basti, Palam New Delhi-110045 in Palam AC. (Regn No. 43-LOP).]","[Development works in un-authorized colonies. Sub Head- C/o C.C Roads and SW Drains at Palam Kunj Harijan Basti, Palam New Delhi-110045 in Palam AC. (Regn No. 43-LOP).]
																				[NIT No. 08/2025-26/CD-07 (UC)][2025_DSIDC_278452_1]",https://etender.up.nic.in/nicgep/app?component=%24DirectLink_0&page=FrontEndAdvancedSearchResult&service=direct&session=T&sp=SJJ0k0SeVpmWPZoenX5edqw%3D%3D,DSIIDC||ENGINEERING||ED-II
539,32,20-Sep-2025 03:00 PM,03-Oct-2025 03:00 PM,03-Oct-2025 03:30 PM,"[Development works in un-authorized colonies. Sub Head- C/o Roads and SW Drains at Chander Vihar, Palam Extn., Part-I, New Delhi- 75 in Palam AC (Regn no. 117).]","[Development works in un-authorized colonies. Sub Head- C/o Roads and SW Drains at Chander Vihar, Palam Extn., Part-I, New Delhi- 75 in Palam AC (Regn no. 117).]
																				[NIT No. 07/2025-26/CD-07 (UC)][2025_DSIDC_278449_1]",https://etender.up.nic.in/nicgep/app?component=%24DirectLink_0&page=FrontEndAdvancedSearchResult&service=direct&session=T&sp=SQ5g6WFTBer%2BXsOGcVDZ2Ug%3D%3D,DSIIDC||ENGINEERING||ED-II
540,32,20-Sep-2025 02:30 PM,30-Sep-2025 03:00 PM,30-Sep-2025 03:30 PM,[AR and MO to Jag Pravesh Chandra Hospital Shastri Park Delhi Dg 2025 26 SH Replacement of damaged Shed GI profile sheet false Ceiling at OPD Registration Counter DOTS area and other Misc works],"[AR and MO to Jag Pravesh Chandra Hospital Shastri Park Delhi Dg 2025 26 SH Replacement of damaged Shed GI profile sheet false Ceiling at OPD Registration Counter DOTS area and other Misc works]
																				[13/EE/BPD B-221(N)/CHMD(East)/2025-26 (Modified)][2025_PWD_278443_1]",https://etender.up.nic.in/nicgep/app?component=%24DirectLink_0&page=FrontEndAdvancedSearchResult&service=direct&session=T&sp=SeMXQtVkXilsq9JkBbbJAWg%3D%3D,Public Works Department||CE/SE/B2-B22||EE/B221(N)
241,16,25-Sep-2025 06:55 PM,03-Oct-2025 03:00 PM,03-Oct-2025 03:30 PM,"[A/R and M/O to various roads under East Road- II, of PWD East Road Division dg. 2025-26. (SH- Providing and Fixing of Signage board under Sub-division East Road-II)]","[A/R and M/O to various roads under East Road- II, of PWD East Road Division dg. 2025-26. (SH- Providing and Fixing of Signage board under Sub-division East Road-II)]
																				[27/EE/East Road (M-212)/PWD/2025-26][2025_PWD_278773_1]",https://etender.up.nic.in/nicgep/app?component=%24DirectLink_0&page=FrontEndAdvancedSearchResult&service=direct&session=T&sp=S1BB%2Fm%2BJOuQQvlZkep6wXrw%3D%3D,Public Works Department||CE/SE/M2-M21||EE/M212
242,16,25-Sep-2025 06:55 PM,01-Oct-2025 11:30 AM,01-Oct-2025 12:05 PM,[NIT NO-10 ITEM NO-13],"[NIT NO-10 ITEM NO-13]
																				[NIT NO-10 (2025-2026)][2025_DJB_278740_13]",https://etender.up.nic.in/nicgep/app?component=%24DirectLink_0&page=FrontEndAdvancedSearchResult&service=direct&session=T&sp=SbN3XyRzujyjcgeGarydnwA%3D%3D,Delhi Jal Board||Delhi Jal Board||EE (E and M) M-5
243,16,25-Sep-2025 06:55 PM,03-Oct-2025 03:00 PM,03-Oct-2025 03:30 PM,"[Rehabilitation/Strengthening of PWD roads by cold milling and recycling process of various roads under Sub Division East Road-IV of Division East Road/(M-212), Delhi during 2023-24.1. Noida Link Road(Road ID-70-40036) 2. Noida more.. (SH-Balance work]","[Rehabilitation/Strengthening of PWD roads by cold milling and recycling process of various roads under Sub Division East Road-IV of Division East Road/(M-212), Delhi during 2023-24.1. Noida Link Road(Road ID-70-40036) 2. Noida more.. (SH-Balance work]
																				[17/CE(East)M/PWD/2025-26][2025_PWD_278757_1]",https://etender.up.nic.in/nicgep/app?component=%24DirectLink_0&page=FrontEndAdvancedSearchResult&service=direct&session=T&sp=ShS4b4GRzf2tCA%2BoZVkMBLw%3D%3D,Public Works Department||CE/SE/M2-M21||EE/M212
244,16,25-Sep-2025 06:55 PM,06-Oct-2025 03:00 PM,06-Oct-2025 03:30 PM,"[M/o Hort. Work at Dwarka Court Complex, Sector-10, Dwarka, under Hort. Sub-Division H and J-I, HD Health and Judiciary,  PWD, New Delhi during 2025-26. SH- Complete Maintenance of garden features]","[M/o Hort. Work at Dwarka Court Complex, Sector-10, Dwarka, under Hort. Sub-Division H and J-I, HD Health and Judiciary,  PWD, New Delhi during 2025-26. SH- Complete Maintenance of garden features]
																				[53/DD(H)/HD-H and J/PWD/2025-26][2025_PWD_278732_1]",https://etender.up.nic.in/nicgep/app?component=%24DirectLink_0&page=FrontEndAdvancedSearchResult&service=direct&session=T&sp=S%2BaLmzEBme7VADBlxZ%2FlClg%3D%3D,Public Works Department||CE/SE/M2-M21||EE/M214
245,16,25-Sep-2025 06:55 PM,01-Oct-2025 11:30 AM,01-Oct-2025 12:05 PM,[NIT NO-10 ITEM NO-08],"[NIT NO-10 ITEM NO-08]
																				[NIT NO-10 (2025-2026)][2025_DJB_278740_8]",https://etender.up.nic.in/nicgep/app?component=%24DirectLink_0&page=FrontEndAdvancedSearchResult&service=direct&session=T&sp=SHKANHEQaxcQOddOa%2F2rYEQ%3D%3D,Delhi Jal Board||Delhi Jal Board||EE (E and M) M-5
246,16,25-Sep-2025 06:55 PM,01-Oct-2025 03:00 PM,01-Oct-2025 03:30 PM,[NIT No.13(2025-26) Item 7],"[NIT No.13(2025-26) Item 7]
																				[e-NIT No.13 / (EnM)M-9/ 2025-26][2025_DJB_278777_7]",https://etender.up.nic.in/nicgep/app?component=%24DirectLink_0&page=FrontEndAdvancedSearchResult&service=direct&session=T&sp=Sc7SYsLskYuX387hhGQ6gZw%3D%3D,Delhi Jal Board||Delhi Jal Board||EE (E and M) M-8
247,16,25-Sep-2025 06:55 PM,01-Oct-2025 11:30 AM,01-Oct-2025 12:05 PM,[NIT NO-10 ITEM NO-22],"[NIT NO-10 ITEM NO-22]
																				[NIT NO-10 (2025-2026)][2025_DJB_278740_22]",https://etender.up.nic.in/nicgep/app?component=%24DirectLink_0&page=FrontEndAdvancedSearchResult&service=direct&session=T&sp=So3gl32N1grhju46SszBRDQ%3D%3D,Delhi Jal Board||Delhi Jal Board||EE (E and M) M-5
248,16,25-Sep-2025 06:55 PM,01-Oct-2025 11:30 AM,01-Oct-2025 12:05 PM,[NIT NO-10 ITEM NO-11],"[NIT NO-10 ITEM NO-11]
																				[NIT NO-10 (2025-2026)][2025_DJB_278740_11]",https://etender.up.nic.in/nicgep/app?component=%24DirectLink_0&page=FrontEndAdvancedSearchResult&service=direct&session=T&sp=SPYlCll2XoJ7NzBQLpMdKxA%3D%3D,Delhi Jal Board||Delhi Jal Board||EE (E and M) M-5
249,16,25-Sep-2025 06:55 PM,06-Oct-2025 03:00 PM,06-Oct-2025 03:30 PM,"[M/o Horticulture work at Tis Hazari Court under Hort. Sub-Divn-H and J-III, HD-H and J, PWD  Delhi during 2025-26. SH-Providing and Displaying of Out door plants in Tis Hazari Court ]","[M/o Horticulture work at Tis Hazari Court under Hort. Sub-Divn-H and J-III, HD-H and J, PWD  Delhi during 2025-26. SH-Providing and Displaying of Out door plants in Tis Hazari Court ]
																				[34/DD(H)/HD-H and J/PWD/2025-26][2025_PWD_275981_4]",https://etender.up.nic.in/nicgep/app?component=%24DirectLink_0&page=FrontEndAdvancedSearchResult&service=direct&session=T&sp=SzHmYzTF5on74jbxtVd20gg%3D%3D,Public Works Department||CE/SE/M2-M21||EE/M214
250,16,25-Sep-2025 06:55 PM,01-Oct-2025 03:00 PM,01-Oct-2025 03:30 PM,[NIT No.13(2025-26) Item 6],"[NIT No.13(2025-26) Item 6]
																				[e-NIT No.13 / (EnM)M-9/ 2025-26][2025_DJB_278777_6]",https://etender.up.nic.in/nicgep/app?component=%24DirectLink_0&page=FrontEndAdvancedSearchResult&service=direct&session=T&sp=SLjmwUptIzcBQNsmff8PzXA%3D%3D,Delhi Jal Board||Delhi Jal Board||EE (E and M) M-8
251,16,25-Sep-2025 06:55 PM,01-Oct-2025 11:30 AM,01-Oct-2025 12:05 PM,[NIT NO-10 ITEM NO-21],"[NIT NO-10 ITEM NO-21]
																				[NIT NO-10 (2025-2026)][2025_DJB_278740_21]",https://etender.up.nic.in/nicgep/app?component=%24DirectLink_0&page=FrontEndAdvancedSearchResult&service=direct&session=T&sp=SsbOaabskJMEcKHA90bllCg%3D%3D,Delhi Jal Board||Delhi Jal Board||EE (E and M) M-5
252,16,25-Sep-2025 06:55 PM,01-Oct-2025 11:30 AM,01-Oct-2025 12:05 PM,[NIT NO-10 ITEM NO-01],"[NIT NO-10 ITEM NO-01]
																				[NIT NO-10 (2025-2026)][2025_DJB_278740_1]",https://etender.up.nic.in/nicgep/app?component=%24DirectLink_0&page=FrontEndAdvancedSearchResult&service=direct&session=T&sp=SpEOHH9UBdBoMc565BTbagg%3D%3D,Delhi Jal Board||Delhi Jal Board||EE (E and M) M-5
253,16,25-Sep-2025 06:55 PM,01-Oct-2025 03:00 PM,01-Oct-2025 03:30 PM,[NIT No.13(2025-26) Item 5],"[NIT No.13(2025-26) Item 5]
																				[e-NIT No.13 / (EnM)M-9/ 2025-26][2025_DJB_278777_5]",https://etender.up.nic.in/nicgep/app?component=%24DirectLink_0&page=FrontEndAdvancedSearchResult&service=direct&session=T&sp=SHYYZ6M6XDlqjvWH4qIEyFw%3D%3D,Delhi Jal Board||Delhi Jal Board||EE (E and M) M-8
254,16,25-Sep-2025 06:55 PM,01-Oct-2025 11:30 AM,01-Oct-2025 12:05 PM,[NIT NO-10 ITEM NO-02],"[NIT NO-10 ITEM NO-02]
																				[NIT NO-10 (2025-2026)][2025_DJB_278740_2]",https://etender.up.nic.in/nicgep/app?component=%24DirectLink_0&page=FrontEndAdvancedSearchResult&service=direct&session=T&sp=S6D%2FgldBhSLTSjVz4RsEsKQ%3D%3D,Delhi Jal Board||Delhi Jal Board||EE (E and M) M-5
255,16,25-Sep-2025 06:55 PM,01-Oct-2025 11:30 AM,01-Oct-2025 12:05 PM,[NIT NO-10 ITEM NO-03],"[NIT NO-10 ITEM NO-03]
																				[NIT NO-10 (2025-2026)][2025_DJB_278740_3]",https://etender.up.nic.in/nicgep/app?component=%24DirectLink_0&page=FrontEndAdvancedSearchResult&service=direct&session=T&sp=SvjmW0eOnLssD7Y0RBdIMlA%3D%3D,Delhi Jal Board||Delhi Jal Board||EE (E and M) M-5
256,16,25-Sep-2025 06:55 PM,01-Oct-2025 11:30 AM,01-Oct-2025 12:05 PM,[NIT NO-10 ITEM NO-04],"[NIT NO-10 ITEM NO-04]
																				[NIT NO-10 (2025-2026)][2025_DJB_278740_4]",https://etender.up.nic.in/nicgep/app?component=%24DirectLink_0&page=FrontEndAdvancedSearchResult&service=direct&session=T&sp=S8OaZmvPhN%2B7F8EtUb8xYsw%3D%3D,Delhi Jal Board||Delhi Jal Board||EE (E and M) M-5
257,16,25-Sep-2025 06:55 PM,01-Oct-2025 11:30 AM,01-Oct-2025 12:05 PM,[NIT NO-10 ITEM NO-20],"[NIT NO-10 ITEM NO-20]
																				[NIT NO-10 (2025-2026)][2025_DJB_278740_20]",https://etender.up.nic.in/nicgep/app?component=%24DirectLink_0&page=FrontEndAdvancedSearchResult&service=direct&session=T&sp=SMPWsmRId2N%2F8oEf4x1yH9A%3D%3D,Delhi Jal Board||Delhi Jal Board||EE (E and M) M-5
258,16,25-Sep-2025 06:55 PM,01-Oct-2025 03:00 PM,01-Oct-2025 03:30 PM,[NIT No.13(2025-26) Item 4],"[NIT No.13(2025-26) Item 4]
																				[e-NIT No.13 / (EnM)M-9/ 2025-26][2025_DJB_278777_4]",https://etender.up.nic.in/nicgep/app?component=%24DirectLink_0&page=FrontEndAdvancedSearchResult&service=direct&session=T&sp=SdOt4pvFCy%2F1bsHIintRQLQ%3D%3D,Delhi Jal Board||Delhi Jal Board||EE (E and M) M-8
259,16,25-Sep-2025 06:55 PM,01-Oct-2025 11:30 AM,01-Oct-2025 12:05 PM,[NIT NO-10 ITEM NO-05],"[NIT NO-10 ITEM NO-05]
																				[NIT NO-10 (2025-2026)][2025_DJB_278740_5]",https://etender.up.nic.in/nicgep/app?component=%24DirectLink_0&page=FrontEndAdvancedSearchResult&service=direct&session=T&sp=S0boTuCvJcQ6cbtLIe6mCEQ%3D%3D,Delhi Jal Board||Delhi Jal Board||EE (E and M) M-5
260,16,25-Sep-2025 06:55 PM,01-Oct-2025 11:30 AM,01-Oct-2025 12:05 PM,[NIT NO-10 ITEM NO-19],"[NIT NO-10 ITEM NO-19]
																				[NIT NO-10 (2025-2026)][2025_DJB_278740_19]",https://etender.up.nic.in/nicgep/app?component=%24DirectLink_0&page=FrontEndAdvancedSearchResult&service=direct&session=T&sp=S7v81H4dDomMBoKMDyRc6zA%3D%3D,Delhi Jal Board||Delhi Jal Board||EE (E and M) M-5
161,21,26-Sep-2025 06:00 PM,06-Oct-2025 03:00 PM,06-Oct-2025 03:05 PM,[NIT No. 43/EE(C)-24/(2025-26) Item No. 01],"[NIT No. 43/EE(C)-24/(2025-26) Item No. 01]
																				[NIT No. 43/EE(C)-24/(2025-26) Item No. 01 to 02][2025_DJB_278832_1]",https://etender.up.nic.in/nicgep/app?component=%24DirectLink_0&page=FrontEndAdvancedSearchResult&service=direct&session=T&sp=Sfpn9J1Yw48dG23VaKKEL1Q%3D%3D,Delhi Jal Board||Delhi Jal Board||EE (Civil) - 24
162,21,26-Sep-2025 06:00 PM,08-Oct-2025 03:00 PM,08-Oct-2025 03:30 PM,"[EIUS (Capital) SH, Emergent repair of the conventional JSC located at JJC C-Block Budh Nagar, Inderpuri in                AC-39, Rajinder Nagar (JSC Code 39CJ1376)]","[EIUS (Capital) SH, Emergent repair of the conventional JSC located at JJC C-Block Budh Nagar, Inderpuri in                AC-39, Rajinder Nagar (JSC Code 39CJ1376)]
																				[NIT No. 23/EEC-10/DUSIB/2025-26][2025_DUSIB_278742_1]",https://etender.up.nic.in/nicgep/app?component=%24DirectLink_0&page=FrontEndAdvancedSearchResult&service=direct&session=T&sp=Syyh7lnQ%2BmJCBZXtgNvgpzA%3D%3D,Delhi Urban Shelter Improvement Board||Engineering Department||SE-II||CD-II
163,21,26-Sep-2025 06:00 PM,03-Oct-2025 03:00 PM,03-Oct-2025 03:30 PM,[NIT No.08(2025-26)EE(C)-26 Item No_04],"[NIT No.08(2025-26)EE(C)-26 Item No_04]
																				[NIT No. 08(2025-26)EE(C)-26][2025_DJB_278794_4]",https://etender.up.nic.in/nicgep/app?component=%24DirectLink_0&page=FrontEndAdvancedSearchResult&service=direct&session=T&sp=SROXfQf41iTeVuAhozhPTmQ%3D%3D,Delhi Jal Board||Delhi Jal Board||EE (Civil) - 26
164,21,26-Sep-2025 06:00 PM,13-Oct-2025 11:00 AM,15-Oct-2025 11:30 AM,[Repai Providing ACC block Masonary Support to Raw Water Line From Delhi Gate to PPS 1],"[Repai Providing ACC block Masonary Support to Raw Water Line From Delhi Gate to PPS 1]
																				[1000013821/CS-III][2025_IPGCL_278805_1]",https://etender.up.nic.in/nicgep/app?component=%24DirectLink_0&page=FrontEndAdvancedSearchResult&service=direct&session=T&sp=SUYxiznir5XcOOX9ZMdSIqw%3D%3D,IPGCL-PPCL||CS III
165,21,26-Sep-2025 06:00 PM,08-Oct-2025 03:00 PM,08-Oct-2025 03:30 PM,"[EIUS (Capital) SH, Repair and Renovation of the boundary walls of the Shishu Vatika located at Y-Block in Rajinder Nagar Assembly Constituency, AC-39.]","[EIUS (Capital) SH, Repair and Renovation of the boundary walls of the Shishu Vatika located at Y-Block in Rajinder Nagar Assembly Constituency, AC-39.]
																				[NIT No. 24/EEC-10/DUSIB/2025-26][2025_DUSIB_278743_1]",https://etender.up.nic.in/nicgep/app?component=%24DirectLink_0&page=FrontEndAdvancedSearchResult&service=direct&session=T&sp=SH5IOBTL5HWbxTVWuZmcXfA%3D%3D,Delhi Urban Shelter Improvement Board||Engineering Department||SE-II||CD-II
166,21,26-Sep-2025 06:00 PM,08-Oct-2025 03:00 PM,08-Oct-2025 03:30 PM,"[EIUS SH,Imp of existing lanes by providing and laying cc pavement and drainage system in JJC Indira Camp,B 97by3 Naraina Industrial,AC 39     ]","[EIUS SH,Imp of existing lanes by providing and laying cc pavement and drainage system in JJC Indira Camp,B 97by3 Naraina Industrial,AC 39     ]
																				[NIT No. 25/EEC-10/DUSIB/2025-26][2025_DUSIB_278744_1]",https://etender.up.nic.in/nicgep/app?component=%24DirectLink_0&page=FrontEndAdvancedSearchResult&service=direct&session=T&sp=Sk7TKvbhZH28Yx1SYIK2%2FoQ%3D%3D,Delhi Urban Shelter Improvement Board||Engineering Department||SE-II||CD-II
167,21,26-Sep-2025 05:55 PM,03-Oct-2025 03:00 PM,03-Oct-2025 03:30 PM,"[ARMO Comprehensive Maintenance of Various EM Services at GBPH,ND .SH Comprehensive Maintenance of  Thyssenkrupp Make Lift]","[ARMO Comprehensive Maintenance of Various EM Services at GBPH,ND .SH Comprehensive Maintenance of  Thyssenkrupp Make Lift]
																				[53/EE(E)/HMED(C)/PWD/25-26R-4][2025_PWD_278836_1]",https://etender.up.nic.in/nicgep/app?component=%24DirectLink_0&page=FrontEndAdvancedSearchResult&service=direct&session=T&sp=S7T36x2VlCPMI8GLQIyQgIQ%3D%3D,Public Works Department||CE/SE/B2-B24||EE/B244(N)
168,21,26-Sep-2025 05:40 PM,03-Oct-2025 03:00 PM,03-Oct-2025 03:30 PM,"[C/o Barapulla Phase-III, Barapullha Elevated Corridor from Sarai Kale Khan to Mayur Vihar Phase-I under Hort. Sub Division South-III, Hort. Division South/PWD, dg. 2025-26.]","[C/o Barapulla Phase-III, Barapullha Elevated Corridor from Sarai Kale Khan to Mayur Vihar Phase-I under Hort. Sub Division South-III, Hort. Division South/PWD, dg. 2025-26.]
																				[12/DD/HD-South/PWD/2025-26 (Recall)][2025_PWD_278839_1]",https://etender.up.nic.in/nicgep/app?component=%24DirectLink_0&page=FrontEndAdvancedSearchResult&service=direct&session=T&sp=SOULPM0qxpmqx01C7Wy8L0w%3D%3D,Public Works Department||CE/SE/M3-M31||EE/M314
169,21,26-Sep-2025 05:35 PM,03-Oct-2025 04:00 PM,03-Oct-2025 04:30 PM,[Painting of walls under the area of R-V Division for uplift the area under Swachh Sarvekshan Mission.	],"[Painting of walls under the area of R-V Division for uplift the area under Swachh Sarvekshan Mission.	]
																				[NIT No.46/EE(R-V)/2025-26][2025_NDMC_278841_1]",https://etender.up.nic.in/nicgep/app?component=%24DirectLink_0&page=FrontEndAdvancedSearchResult&service=direct&session=T&sp=S%2Fas1xzDpecYJ6eYdk5fjhQ%3D%3D,New Delhi Municipal Council||Civil-III||W/S
170,21,26-Sep-2025 05:00 PM,03-Oct-2025 03:00 PM,03-Oct-2025 03:30 PM,[GIA to DUSIB],"[GIA to DUSIB]
																				[04/EEC-08/DUSIB/2025-26][2025_DUSIB_278795_1]",https://etender.up.nic.in/nicgep/app?component=%24DirectLink_0&page=FrontEndAdvancedSearchResult&service=direct&session=T&sp=Sxe3ykKx5IcQbqSir1ciX3w%3D%3D,Delhi Urban Shelter Improvement Board||Engineering Department||SE-III||DD-VI
171,21,26-Sep-2025 05:00 PM,03-Oct-2025 03:00 PM,03-Oct-2025 03:30 PM,[EIUS-Capital],"[EIUS-Capital]
																				[10/EE-C08/DUSIB/2025-26][2025_DUSIB_278823_1]",https://etender.up.nic.in/nicgep/app?component=%24DirectLink_0&page=FrontEndAdvancedSearchResult&service=direct&session=T&sp=SkPjDIGINDapiAF18BiriMg%3D%3D,Delhi Urban Shelter Improvement Board||Engineering Department||SE-III||DD-VI
172,21,26-Sep-2025 05:00 PM,03-Oct-2025 03:00 PM,03-Oct-2025 03:30 PM,"[ ARMO Comprehensive Maintenance of Various EM Services at GBPH,ND.SH.Comprehensive Maintenance of  OTIS Make Lift]","[ ARMO Comprehensive Maintenance of Various EM Services at GBPH,ND.SH.Comprehensive Maintenance of  OTIS Make Lift]
																				[44/EE(E)/HMED(C)/PWD/25-26 R-4][2025_PWD_278808_1]",https://etender.up.nic.in/nicgep/app?component=%24DirectLink_0&page=FrontEndAdvancedSearchResult&service=direct&session=T&sp=S7vbCGlU%2BB9CX%2BdKvLzeAUw%3D%3D,Public Works Department||CE/SE/B2-B24||EE/B244(N)
521,5,22-Sep-2025 09:00 AM,01-Oct-2025 03:00 PM,01-Oct-2025 03:05 PM,[NIT NO. 40/EE(SW)III/EE(C)28/25-26 Item No. 2],"[NIT NO. 40/EE(SW)III/EE(C)28/25-26 Item No. 2]
																				[NIT NO. 40/EE(SW)III/EE(C)28/2025-26][2025_DJB_278495_2]",https://etender.up.nic.in/nicgep/app?component=%24DirectLink_0&page=FrontEndAdvancedSearchResult&service=direct&session=T&sp=SKC%2BKoJSwA5oXdmf%2F%2B144ZQ%3D%3D,Delhi Jal Board||Delhi Jal Board||EE (Civil) - 28
173,21,26-Sep-2025 05:00 PM,06-Oct-2025 03:00 PM,06-Oct-2025 03:30 PM,[E.I.U.S. (Capital)],"[E.I.U.S. (Capital)]
																				[NIT No.17/EE/E-2/DUSIB/2025-26][2025_DUSIB_278820_1]",https://etender.up.nic.in/nicgep/app?component=%24DirectLink_0&page=FrontEndAdvancedSearchResult&service=direct&session=T&sp=SqWBMRE36qrXHAhfCwphyMA%3D%3D,Delhi Urban Shelter Improvement Board||Engineering Department||SE-III||DD-III
522,5,22-Sep-2025 09:00 AM,30-Sep-2025 03:00 PM,30-Sep-2025 03:15 PM,[NIT NO. 38/EE(SW)III/EE(C)28/25-26],"[NIT NO. 38/EE(SW)III/EE(C)28/25-26]
																				[NIT NO. 38/EE(SW)III/EE(C)28/2025-26][2025_DJB_278493_1]",https://etender.up.nic.in/nicgep/app?component=%24DirectLink_0&page=FrontEndAdvancedSearchResult&service=direct&session=T&sp=SLJrliAbZnw6e1IEJCK%2FDfA%3D%3D,Delhi Jal Board||Delhi Jal Board||EE (Civil) - 28
174,21,26-Sep-2025 05:00 PM,03-Oct-2025 03:00 PM,03-Oct-2025 03:30 PM,[EIUS-Capital],"[EIUS-Capital]
																				[09/EE-C08/DUSIB/2025-26][2025_DUSIB_278815_1]",https://etender.up.nic.in/nicgep/app?component=%24DirectLink_0&page=FrontEndAdvancedSearchResult&service=direct&session=T&sp=SoazTdlgJf2SGVwHYcshZFQ%3D%3D,Delhi Urban Shelter Improvement Board||Engineering Department||SE-III||DD-VI
523,5,22-Sep-2025 09:00 AM,01-Oct-2025 03:00 PM,01-Oct-2025 03:05 PM,[NIT NO. 40/EE(SW)III/EE(C)28/25-26 Item No. 1],"[NIT NO. 40/EE(SW)III/EE(C)28/25-26 Item No. 1]
																				[NIT NO. 40/EE(SW)III/EE(C)28/2025-26][2025_DJB_278495_1]",https://etender.up.nic.in/nicgep/app?component=%24DirectLink_0&page=FrontEndAdvancedSearchResult&service=direct&session=T&sp=S3EM8XO2uWV22%2BPgPOpLsNg%3D%3D,Delhi Jal Board||Delhi Jal Board||EE (Civil) - 28
175,21,26-Sep-2025 05:00 PM,04-Oct-2025 03:00 PM,04-Oct-2025 03:30 PM,[Construction of Night Shelter (Revenue)],"[Construction of Night Shelter (Revenue)]
																				[12/EE-C08/DUSIB/2025-26][2025_DUSIB_278829_1]",https://etender.up.nic.in/nicgep/app?component=%24DirectLink_0&page=FrontEndAdvancedSearchResult&service=direct&session=T&sp=SHiy7tr4Z35BGHrrIP0dq2A%3D%3D,Delhi Urban Shelter Improvement Board||Engineering Department||SE-III||DD-VI
524,5,22-Sep-2025 09:00 AM,30-Sep-2025 03:00 PM,30-Sep-2025 03:30 PM,[E.I.U.S. (Revenue)],"[E.I.U.S. (Revenue)]
																				[NIT No.19/EEC-12/DUSIB/2025-26][2025_DUSIB_277954_1]",https://etender.up.nic.in/nicgep/app?component=%24DirectLink_0&page=FrontEndAdvancedSearchResult&service=direct&session=T&sp=Sp7f4dwrMHzUAWWUdHbWweA%3D%3D,Delhi Urban Shelter Improvement Board||Engineering Department||SE-II||DD-IV
176,21,26-Sep-2025 05:00 PM,03-Oct-2025 03:00 PM,03-Oct-2025 03:30 PM,[Night Shelter Revenue],"[Night Shelter Revenue]
																				[NIT-07/EEC-8/2025-26][2025_DUSIB_278806_1]",https://etender.up.nic.in/nicgep/app?component=%24DirectLink_0&page=FrontEndAdvancedSearchResult&service=direct&session=T&sp=SKz1rQemr8xJryTf4Hu8fQg%3D%3D,Delhi Urban Shelter Improvement Board||Engineering Department||SE-III||DD-VI
525,5,22-Sep-2025 09:00 AM,01-Oct-2025 03:00 PM,01-Oct-2025 03:05 PM,[NIT NO. 40/EE(SW)III/EE(C)28/25-26 Item No. 3],"[NIT NO. 40/EE(SW)III/EE(C)28/25-26 Item No. 3]
																				[NIT NO. 40/EE(SW)III/EE(C)28/2025-26][2025_DJB_278495_3]",https://etender.up.nic.in/nicgep/app?component=%24DirectLink_0&page=FrontEndAdvancedSearchResult&service=direct&session=T&sp=SOdeUkupOxKp5nqrjOlSXCg%3D%3D,Delhi Jal Board||Delhi Jal Board||EE (Civil) - 28
177,21,26-Sep-2025 05:00 PM,03-Oct-2025 03:00 PM,03-Oct-2025 03:30 PM,[EIUS-Capital],"[EIUS-Capital]
																				[05/EEC8/DUSIB/2025-26][2025_DUSIB_278797_1]",https://etender.up.nic.in/nicgep/app?component=%24DirectLink_0&page=FrontEndAdvancedSearchResult&service=direct&session=T&sp=SHaycOLbLHdY5SZ2IKmDSoA%3D%3D,Delhi Urban Shelter Improvement Board||Engineering Department||SE-III||DD-VI
526,5,20-Sep-2025 06:00 PM,30-Sep-2025 02:45 PM,30-Sep-2025 03:00 PM,[NIT No. 6 item No. 3],"[NIT No. 6 item No. 3]
																				[NIT NO.06 (2025-2026)EE(SDW)VIII][2025_DJB_278467_3]",https://etender.up.nic.in/nicgep/app?component=%24DirectLink_0&page=FrontEndAdvancedSearchResult&service=direct&session=T&sp=Sd831DHcU3RHMZU5wJRKZyg%3D%3D,Delhi Jal Board||Delhi Jal Board||EE(SDW)-VIII
178,21,26-Sep-2025 05:00 PM,04-Oct-2025 03:00 PM,04-Oct-2025 03:30 PM,"[Construction of Electrical Guard Room (Porta Cabin) under Motilal Nehru FOB and Maintenance of FOBs at various roads Under Sub Division-I, New Delhi.]","[Construction of Electrical Guard Room (Porta Cabin) under Motilal Nehru FOB and Maintenance of FOBs at various roads Under Sub Division-I, New Delhi.]
																				[66/EE/SWR-I/PWD/2025-2][2025_PWD_278817_1]",https://etender.up.nic.in/nicgep/app?component=%24DirectLink_0&page=FrontEndAdvancedSearchResult&service=direct&session=T&sp=SZ%2F%2FrL0RYkB8C5YlkZbvAFg%3D%3D,Public Works Department||CE/SE/M1-M11||EE/M113(New)
527,5,20-Sep-2025 06:00 PM,30-Sep-2025 03:00 PM,30-Sep-2025 03:30 PM,[Construction of Foot over Bridge at IT Park on Eastern Approach Road Delhi. (SH- Providing consultancy services). ],"[Construction of Foot over Bridge at IT Park on Eastern Approach Road Delhi. (SH- Providing consultancy services). ]
																				[01/EE/PWD/NE (B AND R) Maint. Division/2025-26][2025_PWD_278481_1]",https://etender.up.nic.in/nicgep/app?component=%24DirectLink_0&page=FrontEndAdvancedSearchResult&service=direct&session=T&sp=SPjAtR7R1az%2BKtl%2BdNRhyYQ%3D%3D,Public Works Department||CE/SE/M2-M21||EE/M213
179,21,26-Sep-2025 05:00 PM,04-Oct-2025 03:00 PM,04-Oct-2025 03:30 PM,"[MOEI fans at Casualty Block, Surgical Block, OPD, New OT, MS Office, Xraydeptt., Gynae Block, Skin ward, Burn ward, Peadetric ward, New MedicalBlock, Gas plant. Hostels block, Ward 19 A 19B, workshop at L.N. H,ND.SH.Hiring of light vehicle for inspec]","[MOEI fans at Casualty Block, Surgical Block, OPD, New OT, MS Office, Xraydeptt., Gynae Block, Skin ward, Burn ward, Peadetric ward, New MedicalBlock, Gas plant. Hostels block, Ward 19 A 19B, workshop at L.N. H,ND.SH.Hiring of light vehicle for inspec]
																				[12/AEE/HC-1/HMED(C)/PWD/25-26][2025_PWD_278813_1]",https://etender.up.nic.in/nicgep/app?component=%24DirectLink_0&page=FrontEndAdvancedSearchResult&service=direct&session=T&sp=SHYcyg%2BWNkPZZ08cDq6Xqow%3D%3D,Public Works Department||CE/SE/B2-B24||EE/B244(N)
528,5,20-Sep-2025 06:00 PM,30-Sep-2025 02:45 PM,30-Sep-2025 03:00 PM,[NIT No. 6 item No. 7],"[NIT No. 6 item No. 7]
																				[NIT NO.06 (2025-2026)EE(SDW)VIII][2025_DJB_278467_7]",https://etender.up.nic.in/nicgep/app?component=%24DirectLink_0&page=FrontEndAdvancedSearchResult&service=direct&session=T&sp=SgEIYbE6OzqStlJC246SOSQ%3D%3D,Delhi Jal Board||Delhi Jal Board||EE(SDW)-VIII
180,21,26-Sep-2025 05:00 PM,03-Oct-2025 03:00 PM,03-Oct-2025 03:30 PM,[Construction of Night Shelter (Revenue)],"[Construction of Night Shelter (Revenue)]
																				[08/EE-C08/DUSIB/2025-26][2025_DUSIB_278812_1]",https://etender.up.nic.in/nicgep/app?component=%24DirectLink_0&page=FrontEndAdvancedSearchResult&service=direct&session=T&sp=SS6r7gXRBTziaDzZFPDuFpg%3D%3D,Delhi Urban Shelter Improvement Board||Engineering Department||SE-III||DD-VI
529,5,20-Sep-2025 06:00 PM,30-Sep-2025 02:45 PM,30-Sep-2025 03:00 PM,[NIT No. 6 item No. 6],"[NIT No. 6 item No. 6]
																				[NIT NO.06 (2025-2026)EE(SDW)VIII][2025_DJB_278467_6]",https://etender.up.nic.in/nicgep/app?component=%24DirectLink_0&page=FrontEndAdvancedSearchResult&service=direct&session=T&sp=SHGCxmbZHk2Pwqr%2BKFTLF%2BQ%3D%3D,Delhi Jal Board||Delhi Jal Board||EE(SDW)-VIII
530,5,20-Sep-2025 06:00 PM,30-Sep-2025 02:45 PM,30-Sep-2025 03:00 PM,[NIT No. 6 item No. 5],"[NIT No. 6 item No. 5]
																				[NIT NO.06 (2025-2026)EE(SDW)VIII][2025_DJB_278467_5]",https://etender.up.nic.in/nicgep/app?component=%24DirectLink_0&page=FrontEndAdvancedSearchResult&service=direct&session=T&sp=SHwYrrUNNNY%2FWfXf45x9grw%3D%3D,Delhi Jal Board||Delhi Jal Board||EE(SDW)-VIII
531,5,20-Sep-2025 06:00 PM,30-Sep-2025 02:45 PM,30-Sep-2025 03:00 PM,[NIT No. 6 item No. 4],"[NIT No. 6 item No. 4]
																				[NIT NO.06 (2025-2026)EE(SDW)VIII][2025_DJB_278467_4]",https://etender.up.nic.in/nicgep/app?component=%24DirectLink_0&page=FrontEndAdvancedSearchResult&service=direct&session=T&sp=Slvnz1%2BnmLse5v%2BHeqg%2Bgag%3D%3D,Delhi Jal Board||Delhi Jal Board||EE(SDW)-VIII
532,5,20-Sep-2025 06:00 PM,30-Sep-2025 02:45 PM,30-Sep-2025 03:00 PM,[NIT No. 6 item No. 2],"[NIT No. 6 item No. 2]
																				[NIT NO.06 (2025-2026)EE(SDW)VIII][2025_DJB_278467_2]",https://etender.up.nic.in/nicgep/app?component=%24DirectLink_0&page=FrontEndAdvancedSearchResult&service=direct&session=T&sp=SDBjP8kU7lwmoRuwlw0VoWQ%3D%3D,Delhi Jal Board||Delhi Jal Board||EE(SDW)-VIII
533,5,20-Sep-2025 06:00 PM,30-Sep-2025 02:45 PM,30-Sep-2025 03:00 PM,[NIT No. 6 item No. 1],"[NIT No. 6 item No. 1]
																				[NIT NO.06 (2025-2026)EE(SDW)VIII][2025_DJB_278467_1]",https://etender.up.nic.in/nicgep/app?component=%24DirectLink_0&page=FrontEndAdvancedSearchResult&service=direct&session=T&sp=SCEuMSnK0ztlt017Vv1JGxg%3D%3D,Delhi Jal Board||Delhi Jal Board||EE(SDW)-VIII
534,5,20-Sep-2025 06:00 PM,30-Sep-2025 03:00 PM,30-Sep-2025 03:30 PM,[NIT. No.48 Item no.1],"[NIT. No.48 Item no.1]
																				[NIT. No.48 Item no.1 (2025-26) E.E.(C)-12][2025_DJB_278474_1]",https://etender.up.nic.in/nicgep/app?component=%24DirectLink_0&page=FrontEndAdvancedSearchResult&service=direct&session=T&sp=StBNG51jz%2FECYSgSTxiYg4g%3D%3D,Delhi Jal Board||Delhi Jal Board||EE(NORTH)-I
535,5,20-Sep-2025 05:00 PM,29-Sep-2025 05:00 PM,29-Sep-2025 05:30 PM,[GIA to DUSIB for Existing Infrastructure],"[GIA to DUSIB for Existing Infrastructure]
																				[NIT No.19/EEC-3/DUSIB/2025-26][2025_DUSIB_278469_1]",https://etender.up.nic.in/nicgep/app?component=%24DirectLink_0&page=FrontEndAdvancedSearchResult&service=direct&session=T&sp=SKZCeI2yi9evbpey0r7iGrw%3D%3D,Delhi Urban Shelter Improvement Board||Engineering Department||SE-I||DD-II
536,5,20-Sep-2025 04:00 PM,03-Oct-2025 03:00 PM,03-Oct-2025 03:30 PM,[Development works in un-authorized colonies.Sub Head-  C/o CC Road and S.W drain at Naveen Vihar (Part-9) in Bawana AC (Regn.no.608)],"[Development works in un-authorized colonies.Sub Head-  C/o CC Road and S.W drain at Naveen Vihar (Part-9) in Bawana AC (Regn.no.608)]
																				[NIT No. 08/2025-26/CD-06(UC)][2025_DSIDC_278458_1]",https://etender.up.nic.in/nicgep/app?component=%24DirectLink_0&page=FrontEndAdvancedSearchResult&service=direct&session=T&sp=SLGVAaiXgWnafXzXmSYutrg%3D%3D,DSIIDC||ENGINEERING||ED-II
537,5,20-Sep-2025 04:00 PM,03-Oct-2025 03:00 PM,03-Oct-2025 03:30 PM,[Development works in un-authorized colonies.Sub Head- C/o CC Road and Repair of S.W drain at Raja Vihar Part 4. in Rohini AC ( Regd. No. 107)],"[Development works in un-authorized colonies.Sub Head- C/o CC Road and Repair of S.W drain at Raja Vihar Part 4. in Rohini AC ( Regd. No. 107)]
																				[NIT No. 09/2025-26/CD-06(UC)][2025_DSIDC_278459_1]",https://etender.up.nic.in/nicgep/app?component=%24DirectLink_0&page=FrontEndAdvancedSearchResult&service=direct&session=T&sp=SDFKl7eGAc7CUYkyLlZTL9w%3D%3D,DSIIDC||ENGINEERING||ED-II
538,5,20-Sep-2025 03:00 PM,03-Oct-2025 03:00 PM,03-Oct-2025 03:30 PM,"[Development works in un-authorized colonies. Sub Head- C/o C.C Roads and SW Drains at Palam Kunj Harijan Basti, Palam New Delhi-110045 in Palam AC. (Regn No. 43-LOP).]","[Development works in un-authorized colonies. Sub Head- C/o C.C Roads and SW Drains at Palam Kunj Harijan Basti, Palam New Delhi-110045 in Palam AC. (Regn No. 43-LOP).]
																				[NIT No. 08/2025-26/CD-07 (UC)][2025_DSIDC_278452_1]",https://etender.up.nic.in/nicgep/app?component=%24DirectLink_0&page=FrontEndAdvancedSearchResult&service=direct&session=T&sp=SJJ0k0SeVpmWPZoenX5edqw%3D%3D,DSIIDC||ENGINEERING||ED-II
539,5,20-Sep-2025 03:00 PM,03-Oct-2025 03:00 PM,03-Oct-2025 03:30 PM,"[Development works in un-authorized colonies. Sub Head- C/o Roads and SW Drains at Chander Vihar, Palam Extn., Part-I, New Delhi- 75 in Palam AC (Regn no. 117).]","[Development works in un-authorized colonies. Sub Head- C/o Roads and SW Drains at Chander Vihar, Palam Extn., Part-I, New Delhi- 75 in Palam AC (Regn no. 117).]
																				[NIT No. 07/2025-26/CD-07 (UC)][2025_DSIDC_278449_1]",https://etender.up.nic.in/nicgep/app?component=%24DirectLink_0&page=FrontEndAdvancedSearchResult&service=direct&session=T&sp=SQ5g6WFTBer%2BXsOGcVDZ2Ug%3D%3D,DSIIDC||ENGINEERING||ED-II
540,5,20-Sep-2025 02:30 PM,30-Sep-2025 03:00 PM,30-Sep-2025 03:30 PM,[AR and MO to Jag Pravesh Chandra Hospital Shastri Park Delhi Dg 2025 26 SH Replacement of damaged Shed GI profile sheet false Ceiling at OPD Registration Counter DOTS area and other Misc works],"[AR and MO to Jag Pravesh Chandra Hospital Shastri Park Delhi Dg 2025 26 SH Replacement of damaged Shed GI profile sheet false Ceiling at OPD Registration Counter DOTS area and other Misc works]
																				[13/EE/BPD B-221(N)/CHMD(East)/2025-26 (Modified)][2025_PWD_278443_1]",https://etender.up.nic.in/nicgep/app?component=%24DirectLink_0&page=FrontEndAdvancedSearchResult&service=direct&session=T&sp=SeMXQtVkXilsq9JkBbbJAWg%3D%3D,Public Works Department||CE/SE/B2-B22||EE/B221(N)
561,7,18-Sep-2025 09:00 AM,01-Oct-2025 03:00 PM,01-Oct-2025 03:30 PM,[Replacement of old and damaged sewer line at main road mandawali saket block to asha ram gali by bursting method in ward no -200 in Laxmi nagar in AC 58],"[Replacement of old and damaged sewer line at main road mandawali saket block to asha ram gali by bursting method in ward no -200 in Laxmi nagar in AC 58]
																				[NIT No. 36 (2025-26)][2025_DJB_278330_2]",https://etender.up.nic.in/nicgep/app?component=%24DirectLink_0&page=FrontEndAdvancedSearchResult&service=direct&session=T&sp=SJwSBN0G2OfMGSTZQ%2FQjB5w%3D%3D,Delhi Jal Board||Delhi Jal Board||EE (T) M-1
562,7,17-Sep-2025 06:15 PM,03-Oct-2025 03:00 PM,03-Oct-2025 03:30 PM,"[Development works in un-authorized colonies.Sub Head- C/o CC Roads and SW Drains at  Mahavir Enclave D and F Block, Palam Dabri Road, New Delhi-110045, (Part-A) in Dwarka AC-33 (Regn. No. 746).]","[Development works in un-authorized colonies.Sub Head- C/o CC Roads and SW Drains at  Mahavir Enclave D and F Block, Palam Dabri Road, New Delhi-110045, (Part-A) in Dwarka AC-33 (Regn. No. 746).]
																				[NIT No.04/2025-26/CD-07 (UC)][2025_DSIDC_278326_1]",https://etender.up.nic.in/nicgep/app?component=%24DirectLink_0&page=FrontEndAdvancedSearchResult&service=direct&session=T&sp=SkjY7clYyJBUkB%2FkMaMzS2A%3D%3D,DSIIDC||ENGINEERING||ED-II
563,7,17-Sep-2025 06:00 PM,15-Oct-2025 11:00 AM,16-Oct-2025 11:30 AM,"[Annual contract for upkeep and maintenance of water supply, drainage, sanitary installation and general civil works at PPS3 bawana]","[Annual contract for upkeep and maintenance of water supply, drainage, sanitary installation and general civil works at PPS3 bawana]
																				[1000013714/CS-III][2025_IPGCL_276074_1]",https://etender.up.nic.in/nicgep/app?component=%24DirectLink_0&page=FrontEndAdvancedSearchResult&service=direct&session=T&sp=SR57DOFdx2uCGSFR3l6et6A%3D%3D,IPGCL-PPCL||CS III
564,7,17-Sep-2025 06:00 PM,08-Oct-2025 11:00 AM,09-Oct-2025 11:30 AM,[Fabrication of Sample Cooler Structure with Tray of HRSG WHRU GTPS],"[Fabrication of Sample Cooler Structure with Tray of HRSG WHRU GTPS]
																				[1000013807/CS/GTPS/25-26][2025_IPGCL_278307_1]",https://etender.up.nic.in/nicgep/app?component=%24DirectLink_0&page=FrontEndAdvancedSearchResult&service=direct&session=T&sp=S2Q8hBh8X7AphFb1GoWJ60w%3D%3D,IPGCL-PPCL||CS||CS-I
565,7,17-Sep-2025 06:00 PM,01-Oct-2025 03:00 PM,01-Oct-2025 03:30 PM,[Replacement of old and damaged 350 mm dia PSC water line in 17 block kalyanpuri in kondli AC-56 under EE(D)-12],"[Replacement of old and damaged 350 mm dia PSC water line in 17 block kalyanpuri in kondli AC-56 under EE(D)-12]
																				[NIT No. 35 (2025-26)][2025_DJB_278299_6]",https://etender.up.nic.in/nicgep/app?component=%24DirectLink_0&page=FrontEndAdvancedSearchResult&service=direct&session=T&sp=S0C%2F26fbYIzyN0FYFyj0COg%3D%3D,Delhi Jal Board||Delhi Jal Board||EE (T) M-1
566,7,17-Sep-2025 06:00 PM,01-Oct-2025 03:00 PM,01-Oct-2025 03:30 PM,[Shifting of 900mm dia sewer line near New Ashok Nagar Metro Station damaged by NCRTC during construction of Columns/piles in Trilokpuri Constituency under EE(D)-011 c/o SE(C )-01.],"[Shifting of 900mm dia sewer line near New Ashok Nagar Metro Station damaged by NCRTC during construction of Columns/piles in Trilokpuri Constituency under EE(D)-011 c/o SE(C )-01.]
																				[NIT No. 35 (2025-26)][2025_DJB_278299_5]",https://etender.up.nic.in/nicgep/app?component=%24DirectLink_0&page=FrontEndAdvancedSearchResult&service=direct&session=T&sp=SqdIunbduHgmeSiimJF9BHQ%3D%3D,Delhi Jal Board||Delhi Jal Board||EE (T) M-1
567,7,17-Sep-2025 06:00 PM,01-Oct-2025 03:00 PM,01-Oct-2025 03:30 PM,[Development of six lane accessed controlled in UP portion of Delhi Saharanpur Highway from Akshardham Junction to Delhi/UP in the state of UP on EPC mode under Economic Corridor in ph-U of Bharatmala Pariyojan-Reg Shifting of water utility near ROB-I],"[Development of six lane accessed controlled in UP portion of Delhi Saharanpur Highway from Akshardham Junction to Delhi/UP in the state of UP on EPC mode under Economic Corridor in ph-U of Bharatmala Pariyojan-Reg Shifting of water utility near ROB-I]
																				[NIT No. 35 (2025-26)][2025_DJB_278299_4]",https://etender.up.nic.in/nicgep/app?component=%24DirectLink_0&page=FrontEndAdvancedSearchResult&service=direct&session=T&sp=SvREcUuqQoIeFW5j24%2Fz0bg%3D%3D,Delhi Jal Board||Delhi Jal Board||EE (T) M-1
568,7,17-Sep-2025 06:00 PM,01-Oct-2025 03:00 PM,01-Oct-2025 03:30 PM,[Replacement of Perepherial sewer line of CR road by bursting method going to Vikas Marg Trunk Sewer in AC-58.],"[Replacement of Perepherial sewer line of CR road by bursting method going to Vikas Marg Trunk Sewer in AC-58.]
																				[NIT No. 35 (2025-26)][2025_DJB_278299_3]",https://etender.up.nic.in/nicgep/app?component=%24DirectLink_0&page=FrontEndAdvancedSearchResult&service=direct&session=T&sp=SEOzMBlSZ5xHwmge78Dk%2FvA%3D%3D,Delhi Jal Board||Delhi Jal Board||EE (T) M-1
569,7,17-Sep-2025 06:00 PM,01-Oct-2025 03:00 PM,01-Oct-2025 03:30 PM,[Improvement of sewerage system by replacement of old and damaged sewer line at Pandit mohalla Mandawali in ward no. 199 Mandawali under EE(D )013 AC-57 Patparganj],"[Improvement of sewerage system by replacement of old and damaged sewer line at Pandit mohalla Mandawali in ward no. 199 Mandawali under EE(D )013 AC-57 Patparganj]
																				[NIT No. 35 (2025-26)][2025_DJB_278299_2]",https://etender.up.nic.in/nicgep/app?component=%24DirectLink_0&page=FrontEndAdvancedSearchResult&service=direct&session=T&sp=SXIyr3EjkA18M%2B7GFTzKi%2Bw%3D%3D,Delhi Jal Board||Delhi Jal Board||EE (T) M-1
570,7,17-Sep-2025 06:00 PM,01-Oct-2025 03:00 PM,01-Oct-2025 03:30 PM,"[Replacement of old RCC Sewer line of Vijay Block, Laxmi Nagar going to Vikas Marg trunk Sewer in AC-58]","[Replacement of old RCC Sewer line of Vijay Block, Laxmi Nagar going to Vikas Marg trunk Sewer in AC-58]
																				[NIT No. 35 (2025-26)][2025_DJB_278299_1]",https://etender.up.nic.in/nicgep/app?component=%24DirectLink_0&page=FrontEndAdvancedSearchResult&service=direct&session=T&sp=SwWjdnXv49x9LM0s1KYwtHw%3D%3D,Delhi Jal Board||Delhi Jal Board||EE (T) M-1
571,7,17-Sep-2025 06:00 PM,28-Oct-2025 11:00 AM,30-Oct-2025 11:30 AM,[Biennial Contract for Housekeeping work in IPGCL Colony Sarai Kale Khan.],"[Biennial Contract for Housekeeping work in IPGCL Colony Sarai Kale Khan.]
																				[1000013715/CS-III][2025_IPGCL_276075_1]",https://etender.up.nic.in/nicgep/app?component=%24DirectLink_0&page=FrontEndAdvancedSearchResult&service=direct&session=T&sp=SSrTUYXsqcJ5cVbiOwyZdMg%3D%3D,IPGCL-PPCL||CS III
572,7,17-Sep-2025 06:00 PM,01-Oct-2025 03:00 PM,01-Oct-2025 03:30 PM,[RMO Electrical  Mechanical Services at Chhatrasal Stadium Delhi. SH Annual Comprehensive Maintenance of Kone Make Lift],"[RMO Electrical  Mechanical Services at Chhatrasal Stadium Delhi. SH Annual Comprehensive Maintenance of Kone Make Lift]
																				[47/NED/PWD/M-352/2025-26][2025_PWD_278268_1]",https://etender.up.nic.in/nicgep/app?component=%24DirectLink_0&page=FrontEndAdvancedSearchResult&service=direct&session=T&sp=Seh0zrheUwH3J3OWvI79BpA%3D%3D,Public Works Department||CE/SE/M3-M35||EE/M352
573,7,17-Sep-2025 05:00 PM,03-Oct-2025 01:30 PM,03-Oct-2025 03:00 PM,[SITC of 400kV Circuit Breaker and dismantling of old CBs],"[SITC of 400kV Circuit Breaker and dismantling of old CBs]
																				[T25P111784][2025_DTL_273043_3]",https://etender.up.nic.in/nicgep/app?component=%24DirectLink_0&page=FrontEndAdvancedSearchResult&service=direct&session=T&sp=SRBf2VGbErYacDjMCZg0ZyA%3D%3D,Delhi Transco Limited
574,7,17-Sep-2025 05:00 PM,04-Oct-2025 03:00 PM,04-Oct-2025 03:30 PM,[NOW GIA to DUSIB for existing infrastructure.],"[NOW GIA to DUSIB for existing infrastructure.]
																				[NIT No.31/EEC-1/DUSIB/2025-26][2025_DUSIB_278311_1]",https://etender.up.nic.in/nicgep/app?component=%24DirectLink_0&page=FrontEndAdvancedSearchResult&service=direct&session=T&sp=Sr3F8oEBAW8akVORUPv7KdA%3D%3D,Delhi Urban Shelter Improvement Board||Engineering Department||SE-I||DD-I
575,7,17-Sep-2025 05:00 PM,01-Oct-2025 03:00 PM,01-Oct-2025 03:30 PM,[Name of Work EIUS Capital	],"[Name of Work EIUS Capital	]
																				[NIT No.30/EEC-1/DUSIB/2025-26 ][2025_DUSIB_278294_1]",https://etender.up.nic.in/nicgep/app?component=%24DirectLink_0&page=FrontEndAdvancedSearchResult&service=direct&session=T&sp=SuESaNrV9IHwwh9dHYxAUiw%3D%3D,Delhi Urban Shelter Improvement Board||Engineering Department||SE-I||DD-I
576,7,17-Sep-2025 03:00 PM,03-Oct-2025 03:00 PM,03-Oct-2025 03:30 PM,[Name of Work GIA  to DUSIB for existing infrastructure],"[Name of Work GIA  to DUSIB for existing infrastructure]
																				[NIT No.29/EEC-1/DUSIB/2025-26 ][2025_DUSIB_278288_1]",https://etender.up.nic.in/nicgep/app?component=%24DirectLink_0&page=FrontEndAdvancedSearchResult&service=direct&session=T&sp=SRB2bC8W7%2BmZLOjw9HAl7Hw%3D%3D,Delhi Urban Shelter Improvement Board||Engineering Department||SE-I||DD-I
577,7,17-Sep-2025 03:00 PM,03-Oct-2025 03:00 PM,03-Oct-2025 03:30 PM,[EOR to District Court Rohini Delhi dg. 2025-26 SH Post Constructional anti termite treatment pest control fogging outside common area in court premises],"[EOR to District Court Rohini Delhi dg. 2025-26 SH Post Constructional anti termite treatment pest control fogging outside common area in court premises]
																				[11/EE/JCD-4/PWD/2025-26 (2nd Call)][2025_PWD_278279_1]",https://etender.up.nic.in/nicgep/app?component=%24DirectLink_0&page=FrontEndAdvancedSearchResult&service=direct&session=T&sp=St1nK0DhjhVqReYN244KbIw%3D%3D,Public Works Department||CE (J P) / SE (J P)||EE (JCD)-4
578,7,16-Sep-2025 06:00 PM,08-Oct-2025 03:00 PM,08-Oct-2025 03:30 PM,[peration and Maintenance of Audio Video system at GGSIPU Campuses],"[peration and Maintenance of Audio Video system at GGSIPU Campuses]
																				[28/EE/UWD/Dwarka Campus/2025-26][2025_GGSIP_278239_1]",https://etender.up.nic.in/nicgep/app?component=%24DirectLink_0&page=FrontEndAdvancedSearchResult&service=direct&session=T&sp=SrunmZ1lY2FrlKxxmdku74Q%3D%3D,GGS INDERPRASTHA UNIVERSITY
579,7,16-Sep-2025 06:00 PM,30-Sep-2025 11:00 AM,01-Oct-2025 11:30 AM,[Annual contract for anti Larva and fogging operation in Vidyut vihar Colony Sarai Kale Khan.],"[Annual contract for anti Larva and fogging operation in Vidyut vihar Colony Sarai Kale Khan.]
																				[1000013804/CS-III][2025_IPGCL_278218_1]",https://etender.up.nic.in/nicgep/app?component=%24DirectLink_0&page=FrontEndAdvancedSearchResult&service=direct&session=T&sp=SObynNWoqEIgXD9EHoME3xg%3D%3D,IPGCL-PPCL||CS III
580,7,16-Sep-2025 06:00 PM,01-Oct-2025 03:00 PM,01-Oct-2025 03:30 PM,[Short NIT. No.47 Item no.1],"[Short NIT. No.47 Item no.1]
																				[Short NIT. No.47 Item no.1 (2025-26) E.E.(C)-12][2025_DJB_278209_1]",https://etender.up.nic.in/nicgep/app?component=%24DirectLink_0&page=FrontEndAdvancedSearchResult&service=direct&session=T&sp=SQF51fCJemj1Ta88HFhpn5A%3D%3D,Delhi Jal Board||Delhi Jal Board||EE(NORTH)-I
561,26,18-Sep-2025 09:00 AM,01-Oct-2025 03:00 PM,01-Oct-2025 03:30 PM,[Replacement of old and damaged sewer line at main road mandawali saket block to asha ram gali by bursting method in ward no -200 in Laxmi nagar in AC 58],"[Replacement of old and damaged sewer line at main road mandawali saket block to asha ram gali by bursting method in ward no -200 in Laxmi nagar in AC 58]
																				[NIT No. 36 (2025-26)][2025_DJB_278330_2]",https://etender.up.nic.in/nicgep/app?component=%24DirectLink_0&page=FrontEndAdvancedSearchResult&service=direct&session=T&sp=SJwSBN0G2OfMGSTZQ%2FQjB5w%3D%3D,Delhi Jal Board||Delhi Jal Board||EE (T) M-1
562,26,17-Sep-2025 06:15 PM,03-Oct-2025 03:00 PM,03-Oct-2025 03:30 PM,"[Development works in un-authorized colonies.Sub Head- C/o CC Roads and SW Drains at  Mahavir Enclave D and F Block, Palam Dabri Road, New Delhi-110045, (Part-A) in Dwarka AC-33 (Regn. No. 746).]","[Development works in un-authorized colonies.Sub Head- C/o CC Roads and SW Drains at  Mahavir Enclave D and F Block, Palam Dabri Road, New Delhi-110045, (Part-A) in Dwarka AC-33 (Regn. No. 746).]
																				[NIT No.04/2025-26/CD-07 (UC)][2025_DSIDC_278326_1]",https://etender.up.nic.in/nicgep/app?component=%24DirectLink_0&page=FrontEndAdvancedSearchResult&service=direct&session=T&sp=SkjY7clYyJBUkB%2FkMaMzS2A%3D%3D,DSIIDC||ENGINEERING||ED-II
563,26,17-Sep-2025 06:00 PM,15-Oct-2025 11:00 AM,16-Oct-2025 11:30 AM,"[Annual contract for upkeep and maintenance of water supply, drainage, sanitary installation and general civil works at PPS3 bawana]","[Annual contract for upkeep and maintenance of water supply, drainage, sanitary installation and general civil works at PPS3 bawana]
																				[1000013714/CS-III][2025_IPGCL_276074_1]",https://etender.up.nic.in/nicgep/app?component=%24DirectLink_0&page=FrontEndAdvancedSearchResult&service=direct&session=T&sp=SR57DOFdx2uCGSFR3l6et6A%3D%3D,IPGCL-PPCL||CS III
564,26,17-Sep-2025 06:00 PM,08-Oct-2025 11:00 AM,09-Oct-2025 11:30 AM,[Fabrication of Sample Cooler Structure with Tray of HRSG WHRU GTPS],"[Fabrication of Sample Cooler Structure with Tray of HRSG WHRU GTPS]
																				[1000013807/CS/GTPS/25-26][2025_IPGCL_278307_1]",https://etender.up.nic.in/nicgep/app?component=%24DirectLink_0&page=FrontEndAdvancedSearchResult&service=direct&session=T&sp=S2Q8hBh8X7AphFb1GoWJ60w%3D%3D,IPGCL-PPCL||CS||CS-I
565,26,17-Sep-2025 06:00 PM,01-Oct-2025 03:00 PM,01-Oct-2025 03:30 PM,[Replacement of old and damaged 350 mm dia PSC water line in 17 block kalyanpuri in kondli AC-56 under EE(D)-12],"[Replacement of old and damaged 350 mm dia PSC water line in 17 block kalyanpuri in kondli AC-56 under EE(D)-12]
																				[NIT No. 35 (2025-26)][2025_DJB_278299_6]",https://etender.up.nic.in/nicgep/app?component=%24DirectLink_0&page=FrontEndAdvancedSearchResult&service=direct&session=T&sp=S0C%2F26fbYIzyN0FYFyj0COg%3D%3D,Delhi Jal Board||Delhi Jal Board||EE (T) M-1
566,26,17-Sep-2025 06:00 PM,01-Oct-2025 03:00 PM,01-Oct-2025 03:30 PM,[Shifting of 900mm dia sewer line near New Ashok Nagar Metro Station damaged by NCRTC during construction of Columns/piles in Trilokpuri Constituency under EE(D)-011 c/o SE(C )-01.],"[Shifting of 900mm dia sewer line near New Ashok Nagar Metro Station damaged by NCRTC during construction of Columns/piles in Trilokpuri Constituency under EE(D)-011 c/o SE(C )-01.]
																				[NIT No. 35 (2025-26)][2025_DJB_278299_5]",https://etender.up.nic.in/nicgep/app?component=%24DirectLink_0&page=FrontEndAdvancedSearchResult&service=direct&session=T&sp=SqdIunbduHgmeSiimJF9BHQ%3D%3D,Delhi Jal Board||Delhi Jal Board||EE (T) M-1
567,26,17-Sep-2025 06:00 PM,01-Oct-2025 03:00 PM,01-Oct-2025 03:30 PM,[Development of six lane accessed controlled in UP portion of Delhi Saharanpur Highway from Akshardham Junction to Delhi/UP in the state of UP on EPC mode under Economic Corridor in ph-U of Bharatmala Pariyojan-Reg Shifting of water utility near ROB-I],"[Development of six lane accessed controlled in UP portion of Delhi Saharanpur Highway from Akshardham Junction to Delhi/UP in the state of UP on EPC mode under Economic Corridor in ph-U of Bharatmala Pariyojan-Reg Shifting of water utility near ROB-I]
																				[NIT No. 35 (2025-26)][2025_DJB_278299_4]",https://etender.up.nic.in/nicgep/app?component=%24DirectLink_0&page=FrontEndAdvancedSearchResult&service=direct&session=T&sp=SvREcUuqQoIeFW5j24%2Fz0bg%3D%3D,Delhi Jal Board||Delhi Jal Board||EE (T) M-1
568,26,17-Sep-2025 06:00 PM,01-Oct-2025 03:00 PM,01-Oct-2025 03:30 PM,[Replacement of Perepherial sewer line of CR road by bursting method going to Vikas Marg Trunk Sewer in AC-58.],"[Replacement of Perepherial sewer line of CR road by bursting method going to Vikas Marg Trunk Sewer in AC-58.]
																				[NIT No. 35 (2025-26)][2025_DJB_278299_3]",https://etender.up.nic.in/nicgep/app?component=%24DirectLink_0&page=FrontEndAdvancedSearchResult&service=direct&session=T&sp=SEOzMBlSZ5xHwmge78Dk%2FvA%3D%3D,Delhi Jal Board||Delhi Jal Board||EE (T) M-1
569,26,17-Sep-2025 06:00 PM,01-Oct-2025 03:00 PM,01-Oct-2025 03:30 PM,[Improvement of sewerage system by replacement of old and damaged sewer line at Pandit mohalla Mandawali in ward no. 199 Mandawali under EE(D )013 AC-57 Patparganj],"[Improvement of sewerage system by replacement of old and damaged sewer line at Pandit mohalla Mandawali in ward no. 199 Mandawali under EE(D )013 AC-57 Patparganj]
																				[NIT No. 35 (2025-26)][2025_DJB_278299_2]",https://etender.up.nic.in/nicgep/app?component=%24DirectLink_0&page=FrontEndAdvancedSearchResult&service=direct&session=T&sp=SXIyr3EjkA18M%2B7GFTzKi%2Bw%3D%3D,Delhi Jal Board||Delhi Jal Board||EE (T) M-1
570,26,17-Sep-2025 06:00 PM,01-Oct-2025 03:00 PM,01-Oct-2025 03:30 PM,"[Replacement of old RCC Sewer line of Vijay Block, Laxmi Nagar going to Vikas Marg trunk Sewer in AC-58]","[Replacement of old RCC Sewer line of Vijay Block, Laxmi Nagar going to Vikas Marg trunk Sewer in AC-58]
																				[NIT No. 35 (2025-26)][2025_DJB_278299_1]",https://etender.up.nic.in/nicgep/app?component=%24DirectLink_0&page=FrontEndAdvancedSearchResult&service=direct&session=T&sp=SwWjdnXv49x9LM0s1KYwtHw%3D%3D,Delhi Jal Board||Delhi Jal Board||EE (T) M-1
571,26,17-Sep-2025 06:00 PM,28-Oct-2025 11:00 AM,30-Oct-2025 11:30 AM,[Biennial Contract for Housekeeping work in IPGCL Colony Sarai Kale Khan.],"[Biennial Contract for Housekeeping work in IPGCL Colony Sarai Kale Khan.]
																				[1000013715/CS-III][2025_IPGCL_276075_1]",https://etender.up.nic.in/nicgep/app?component=%24DirectLink_0&page=FrontEndAdvancedSearchResult&service=direct&session=T&sp=SSrTUYXsqcJ5cVbiOwyZdMg%3D%3D,IPGCL-PPCL||CS III
572,26,17-Sep-2025 06:00 PM,01-Oct-2025 03:00 PM,01-Oct-2025 03:30 PM,[RMO Electrical  Mechanical Services at Chhatrasal Stadium Delhi. SH Annual Comprehensive Maintenance of Kone Make Lift],"[RMO Electrical  Mechanical Services at Chhatrasal Stadium Delhi. SH Annual Comprehensive Maintenance of Kone Make Lift]
																				[47/NED/PWD/M-352/2025-26][2025_PWD_278268_1]",https://etender.up.nic.in/nicgep/app?component=%24DirectLink_0&page=FrontEndAdvancedSearchResult&service=direct&session=T&sp=Seh0zrheUwH3J3OWvI79BpA%3D%3D,Public Works Department||CE/SE/M3-M35||EE/M352
573,26,17-Sep-2025 05:00 PM,03-Oct-2025 01:30 PM,03-Oct-2025 03:00 PM,[SITC of 400kV Circuit Breaker and dismantling of old CBs],"[SITC of 400kV Circuit Breaker and dismantling of old CBs]
																				[T25P111784][2025_DTL_273043_3]",https://etender.up.nic.in/nicgep/app?component=%24DirectLink_0&page=FrontEndAdvancedSearchResult&service=direct&session=T&sp=SRBf2VGbErYacDjMCZg0ZyA%3D%3D,Delhi Transco Limited
574,26,17-Sep-2025 05:00 PM,04-Oct-2025 03:00 PM,04-Oct-2025 03:30 PM,[NOW GIA to DUSIB for existing infrastructure.],"[NOW GIA to DUSIB for existing infrastructure.]
																				[NIT No.31/EEC-1/DUSIB/2025-26][2025_DUSIB_278311_1]",https://etender.up.nic.in/nicgep/app?component=%24DirectLink_0&page=FrontEndAdvancedSearchResult&service=direct&session=T&sp=Sr3F8oEBAW8akVORUPv7KdA%3D%3D,Delhi Urban Shelter Improvement Board||Engineering Department||SE-I||DD-I
575,26,17-Sep-2025 05:00 PM,01-Oct-2025 03:00 PM,01-Oct-2025 03:30 PM,[Name of Work EIUS Capital	],"[Name of Work EIUS Capital	]
																				[NIT No.30/EEC-1/DUSIB/2025-26 ][2025_DUSIB_278294_1]",https://etender.up.nic.in/nicgep/app?component=%24DirectLink_0&page=FrontEndAdvancedSearchResult&service=direct&session=T&sp=SuESaNrV9IHwwh9dHYxAUiw%3D%3D,Delhi Urban Shelter Improvement Board||Engineering Department||SE-I||DD-I
576,26,17-Sep-2025 03:00 PM,03-Oct-2025 03:00 PM,03-Oct-2025 03:30 PM,[Name of Work GIA  to DUSIB for existing infrastructure],"[Name of Work GIA  to DUSIB for existing infrastructure]
																				[NIT No.29/EEC-1/DUSIB/2025-26 ][2025_DUSIB_278288_1]",https://etender.up.nic.in/nicgep/app?component=%24DirectLink_0&page=FrontEndAdvancedSearchResult&service=direct&session=T&sp=SRB2bC8W7%2BmZLOjw9HAl7Hw%3D%3D,Delhi Urban Shelter Improvement Board||Engineering Department||SE-I||DD-I
577,26,17-Sep-2025 03:00 PM,03-Oct-2025 03:00 PM,03-Oct-2025 03:30 PM,[EOR to District Court Rohini Delhi dg. 2025-26 SH Post Constructional anti termite treatment pest control fogging outside common area in court premises],"[EOR to District Court Rohini Delhi dg. 2025-26 SH Post Constructional anti termite treatment pest control fogging outside common area in court premises]
																				[11/EE/JCD-4/PWD/2025-26 (2nd Call)][2025_PWD_278279_1]",https://etender.up.nic.in/nicgep/app?component=%24DirectLink_0&page=FrontEndAdvancedSearchResult&service=direct&session=T&sp=St1nK0DhjhVqReYN244KbIw%3D%3D,Public Works Department||CE (J P) / SE (J P)||EE (JCD)-4
578,26,16-Sep-2025 06:00 PM,08-Oct-2025 03:00 PM,08-Oct-2025 03:30 PM,[peration and Maintenance of Audio Video system at GGSIPU Campuses],"[peration and Maintenance of Audio Video system at GGSIPU Campuses]
																				[28/EE/UWD/Dwarka Campus/2025-26][2025_GGSIP_278239_1]",https://etender.up.nic.in/nicgep/app?component=%24DirectLink_0&page=FrontEndAdvancedSearchResult&service=direct&session=T&sp=SrunmZ1lY2FrlKxxmdku74Q%3D%3D,GGS INDERPRASTHA UNIVERSITY
579,26,16-Sep-2025 06:00 PM,30-Sep-2025 11:00 AM,01-Oct-2025 11:30 AM,[Annual contract for anti Larva and fogging operation in Vidyut vihar Colony Sarai Kale Khan.],"[Annual contract for anti Larva and fogging operation in Vidyut vihar Colony Sarai Kale Khan.]
																				[1000013804/CS-III][2025_IPGCL_278218_1]",https://etender.up.nic.in/nicgep/app?component=%24DirectLink_0&page=FrontEndAdvancedSearchResult&service=direct&session=T&sp=SObynNWoqEIgXD9EHoME3xg%3D%3D,IPGCL-PPCL||CS III
580,26,16-Sep-2025 06:00 PM,01-Oct-2025 03:00 PM,01-Oct-2025 03:30 PM,[Short NIT. No.47 Item no.1],"[Short NIT. No.47 Item no.1]
																				[Short NIT. No.47 Item no.1 (2025-26) E.E.(C)-12][2025_DJB_278209_1]",https://etender.up.nic.in/nicgep/app?component=%24DirectLink_0&page=FrontEndAdvancedSearchResult&service=direct&session=T&sp=SQF51fCJemj1Ta88HFhpn5A%3D%3D,Delhi Jal Board||Delhi Jal Board||EE(NORTH)-I
221,12,26-Sep-2025 09:00 AM,03-Oct-2025 03:00 PM,03-Oct-2025 03:30 PM,[NIT NO. 42 (2025-26) Item no. 4],"[NIT NO. 42 (2025-26) Item no. 4]
																				[NIT NO. 42 (2025-26) ][2025_DJB_278549_4]",https://etender.up.nic.in/nicgep/app?component=%24DirectLink_0&page=FrontEndAdvancedSearchResult&service=direct&session=T&sp=SIuqHgao4wv02FcBtCfQiPw%3D%3D,Delhi Jal Board||Delhi Jal Board||EE (Civil) - 34
222,12,26-Sep-2025 09:00 AM,03-Oct-2025 03:00 PM,03-Oct-2025 03:30 PM,[NIT NO. 42 (2025-26) Item no. 3],"[NIT NO. 42 (2025-26) Item no. 3]
																				[NIT NO. 42 (2025-26) ][2025_DJB_278549_3]",https://etender.up.nic.in/nicgep/app?component=%24DirectLink_0&page=FrontEndAdvancedSearchResult&service=direct&session=T&sp=S3s7JiQDsU1SHaVdoL9hpkw%3D%3D,Delhi Jal Board||Delhi Jal Board||EE (Civil) - 34
223,12,26-Sep-2025 09:00 AM,03-Oct-2025 03:00 PM,03-Oct-2025 03:30 PM,"[A/R and M/O various Road under  PWD, Division WR-2 during 2025-26. (SH- Providing services of Inspection Vehicle for Divisional Officer of PWD West Road-2/M-112N Division, Sainik Vihar, Delhi]","[A/R and M/O various Road under  PWD, Division WR-2 during 2025-26. (SH- Providing services of Inspection Vehicle for Divisional Officer of PWD West Road-2/M-112N Division, Sainik Vihar, Delhi]
																				[18/EE/PWD M-112N/2025-26][2025_PWD_278783_1]",https://etender.up.nic.in/nicgep/app?component=%24DirectLink_0&page=FrontEndAdvancedSearchResult&service=direct&session=T&sp=Sa%2Fhs9av4EMtF%2FFX0LNp9jQ%3D%3D,Public Works Department||CE/SE/M1-M11||EE/M112(N)
224,12,25-Sep-2025 06:55 PM,03-Oct-2025 03:00 PM,03-Oct-2025 03:30 PM,"[A/R and M/O to various roads under East Road-IV, of PWD East Road Division dg. 2025-26. (SH- Creation of additional office space, repair/restoration and upgradation of  Division office East Road/(M-212) Under Akshardham flyover)]","[A/R and M/O to various roads under East Road-IV, of PWD East Road Division dg. 2025-26. (SH- Creation of additional office space, repair/restoration and upgradation of  Division office East Road/(M-212) Under Akshardham flyover)]
																				[28/EE/East Road (M-212)/PWD/2025-26][2025_PWD_278774_1]",https://etender.up.nic.in/nicgep/app?component=%24DirectLink_0&page=FrontEndAdvancedSearchResult&service=direct&session=T&sp=SDzoiNwCVCpCsPBjK0nYz3A%3D%3D,Public Works Department||CE/SE/M2-M21||EE/M212
225,12,25-Sep-2025 06:55 PM,03-Oct-2025 03:00 PM,03-Oct-2025 03:30 PM,[Providing and Placing Jersey barrier at Patparganj road (Khureji red light to Geeta Colony thana).],"[Providing and Placing Jersey barrier at Patparganj road (Khureji red light to Geeta Colony thana).]
																				[26/EE/East Road (M-212)/PWD/2025-26][2025_PWD_278771_1]",https://etender.up.nic.in/nicgep/app?component=%24DirectLink_0&page=FrontEndAdvancedSearchResult&service=direct&session=T&sp=SsaT4%2FaRc9EJPUOxX4gncFQ%3D%3D,Public Works Department||CE/SE/M2-M21||EE/M212
226,12,25-Sep-2025 06:55 PM,03-Oct-2025 03:00 PM,03-Oct-2025 03:30 PM,[Road Restoration work after Delhi Jal Board activities at Kotla Road Due to main trunk line sinking under Sub Division-III of Division East Road/(M-212) PWD Delhi During 2025-26.],"[Road Restoration work after Delhi Jal Board activities at Kotla Road Due to main trunk line sinking under Sub Division-III of Division East Road/(M-212) PWD Delhi During 2025-26.]
																				[25/EE/East Road (M-212)/PWD/2025-26][2025_PWD_278770_1]",https://etender.up.nic.in/nicgep/app?component=%24DirectLink_0&page=FrontEndAdvancedSearchResult&service=direct&session=T&sp=S9t6SUXAzSkxc77tkjJ1n4w%3D%3D,Public Works Department||CE/SE/M2-M21||EE/M212
227,12,25-Sep-2025 06:55 PM,01-Oct-2025 11:30 AM,01-Oct-2025 12:05 PM,[NIT NO-10 ITEM NO-07],"[NIT NO-10 ITEM NO-07]
																				[NIT NO-10 (2025-2026)][2025_DJB_278740_7]",https://etender.up.nic.in/nicgep/app?component=%24DirectLink_0&page=FrontEndAdvancedSearchResult&service=direct&session=T&sp=S6s7LoWlNv%2FARhTi7OiTotQ%3D%3D,Delhi Jal Board||Delhi Jal Board||EE (E and M) M-5
228,12,25-Sep-2025 06:55 PM,01-Oct-2025 11:30 AM,01-Oct-2025 12:05 PM,[NIT NO-10 ITEM NO-18],"[NIT NO-10 ITEM NO-18]
																				[NIT NO-10 (2025-2026)][2025_DJB_278740_18]",https://etender.up.nic.in/nicgep/app?component=%24DirectLink_0&page=FrontEndAdvancedSearchResult&service=direct&session=T&sp=S%2FIKyDe840zExz2z6yw%2FUsQ%3D%3D,Delhi Jal Board||Delhi Jal Board||EE (E and M) M-5
229,12,25-Sep-2025 06:55 PM,01-Oct-2025 11:30 AM,01-Oct-2025 12:05 PM,[NIT NO-10 ITEM NO-06],"[NIT NO-10 ITEM NO-06]
																				[NIT NO-10 (2025-2026)][2025_DJB_278740_6]",https://etender.up.nic.in/nicgep/app?component=%24DirectLink_0&page=FrontEndAdvancedSearchResult&service=direct&session=T&sp=SSliDKsFvyTlHb99YMmNCcA%3D%3D,Delhi Jal Board||Delhi Jal Board||EE (E and M) M-5
230,12,25-Sep-2025 06:55 PM,01-Oct-2025 11:30 AM,01-Oct-2025 12:05 PM,[NIT NO-10 ITEM NO-09],"[NIT NO-10 ITEM NO-09]
																				[NIT NO-10 (2025-2026)][2025_DJB_278740_9]",https://etender.up.nic.in/nicgep/app?component=%24DirectLink_0&page=FrontEndAdvancedSearchResult&service=direct&session=T&sp=SrxXBczwmFa2G9wtoEL2vew%3D%3D,Delhi Jal Board||Delhi Jal Board||EE (E and M) M-5
231,12,25-Sep-2025 06:55 PM,01-Oct-2025 11:30 AM,01-Oct-2025 12:05 PM,[NIT NO-10 ITEM NO-17],"[NIT NO-10 ITEM NO-17]
																				[NIT NO-10 (2025-2026)][2025_DJB_278740_17]",https://etender.up.nic.in/nicgep/app?component=%24DirectLink_0&page=FrontEndAdvancedSearchResult&service=direct&session=T&sp=Sy96rAQ1wDl0XkGZI3yxFcg%3D%3D,Delhi Jal Board||Delhi Jal Board||EE (E and M) M-5
232,12,25-Sep-2025 06:55 PM,01-Oct-2025 11:30 AM,01-Oct-2025 12:05 PM,[NIT NO-10 ITEM NO-10],"[NIT NO-10 ITEM NO-10]
																				[NIT NO-10 (2025-2026)][2025_DJB_278740_10]",https://etender.up.nic.in/nicgep/app?component=%24DirectLink_0&page=FrontEndAdvancedSearchResult&service=direct&session=T&sp=SA7Ca5SyI8cfNsXPx7zuhEw%3D%3D,Delhi Jal Board||Delhi Jal Board||EE (E and M) M-5
233,12,25-Sep-2025 06:55 PM,01-Oct-2025 11:30 AM,01-Oct-2025 12:05 PM,[NIT NO-10 ITEM NO-16],"[NIT NO-10 ITEM NO-16]
																				[NIT NO-10 (2025-2026)][2025_DJB_278740_16]",https://etender.up.nic.in/nicgep/app?component=%24DirectLink_0&page=FrontEndAdvancedSearchResult&service=direct&session=T&sp=S%2F7bB27qR0OigQM5yXNYAmA%3D%3D,Delhi Jal Board||Delhi Jal Board||EE (E and M) M-5
234,12,25-Sep-2025 06:55 PM,03-Oct-2025 03:00 PM,03-Oct-2025 03:30 PM,[Upgradation of 07 Nos. Delhi Govt. Ayushman Arogya Mandir (PHC) 2 Nos. Delhi Govt. Urban Ayushman Arogya Mandir under Sub division HC-5 HMED(C).SH. Misc Electrical Mechanical Work of 07 Nos. Delhi Govt. Ayushman Arogya Mandir (PHC) 2 Nos. Delhi Govt.],"[Upgradation of 07 Nos. Delhi Govt. Ayushman Arogya Mandir (PHC) 2 Nos. Delhi Govt. Urban Ayushman Arogya Mandir under Sub division HC-5 HMED(C).SH. Misc Electrical Mechanical Work of 07 Nos. Delhi Govt. Ayushman Arogya Mandir (PHC) 2 Nos. Delhi Govt.]
																				[71/EE(E)/HMED(C)/PWD/2025-26 ][2025_PWD_278779_1]",https://etender.up.nic.in/nicgep/app?component=%24DirectLink_0&page=FrontEndAdvancedSearchResult&service=direct&session=T&sp=SVHWmX3RaG8j6Ym4uLMqiPg%3D%3D,Public Works Department||CE/SE/B2-B24||EE/B244(N)
235,12,25-Sep-2025 06:55 PM,01-Oct-2025 03:00 PM,01-Oct-2025 03:30 PM,[NIT No.13 (2025-26) Item 2],"[NIT No.13 (2025-26) Item 2]
																				[e-NIT No.13 / (EnM)M-9/ 2025-26][2025_DJB_278777_2]",https://etender.up.nic.in/nicgep/app?component=%24DirectLink_0&page=FrontEndAdvancedSearchResult&service=direct&session=T&sp=SYakfvl5X0Pqmsa%2FjXIch3A%3D%3D,Delhi Jal Board||Delhi Jal Board||EE (E and M) M-8
236,12,25-Sep-2025 06:55 PM,01-Oct-2025 11:30 AM,01-Oct-2025 12:05 PM,[NIT NO-10 ITEM NO-15],"[NIT NO-10 ITEM NO-15]
																				[NIT NO-10 (2025-2026)][2025_DJB_278740_15]",https://etender.up.nic.in/nicgep/app?component=%24DirectLink_0&page=FrontEndAdvancedSearchResult&service=direct&session=T&sp=SchhRyqKi55LZaviXrNEIoA%3D%3D,Delhi Jal Board||Delhi Jal Board||EE (E and M) M-5
237,12,25-Sep-2025 06:55 PM,01-Oct-2025 03:00 PM,01-Oct-2025 03:30 PM,[NIT No.13(2025-26) Item 1],"[NIT No.13(2025-26) Item 1]
																				[e-NIT No.13 / (EnM)M-9/ 2025-26][2025_DJB_278777_1]",https://etender.up.nic.in/nicgep/app?component=%24DirectLink_0&page=FrontEndAdvancedSearchResult&service=direct&session=T&sp=SwrNslqVzgVkL4OQUl04zjA%3D%3D,Delhi Jal Board||Delhi Jal Board||EE (E and M) M-8
238,12,25-Sep-2025 06:55 PM,01-Oct-2025 11:30 AM,01-Oct-2025 12:05 PM,[NIT NO-10 ITEM NO-12],"[NIT NO-10 ITEM NO-12]
																				[NIT NO-10 (2025-2026)][2025_DJB_278740_12]",https://etender.up.nic.in/nicgep/app?component=%24DirectLink_0&page=FrontEndAdvancedSearchResult&service=direct&session=T&sp=SLoDIHm%2F74XF5pOl6eLfAhw%3D%3D,Delhi Jal Board||Delhi Jal Board||EE (E and M) M-5
239,12,25-Sep-2025 06:55 PM,01-Oct-2025 11:30 AM,01-Oct-2025 12:05 PM,[NIT NO-10 ITEM NO-14],"[NIT NO-10 ITEM NO-14]
																				[NIT NO-10 (2025-2026)][2025_DJB_278740_14]",https://etender.up.nic.in/nicgep/app?component=%24DirectLink_0&page=FrontEndAdvancedSearchResult&service=direct&session=T&sp=SgtcALUltXXi4wuLbINcYYQ%3D%3D,Delhi Jal Board||Delhi Jal Board||EE (E and M) M-5
240,12,25-Sep-2025 06:55 PM,03-Oct-2025 03:00 PM,03-Oct-2025 03:30 PM,[A/R and M/O to various roads under Sub-Division East Road-IV of Division  East Road/(M-212)  during 2025-26. (SH- Beautification of footpath near entry gate and widening of entry and exit of Asita park on Vikas Marg)],"[A/R and M/O to various roads under Sub-Division East Road-IV of Division  East Road/(M-212)  during 2025-26. (SH- Beautification of footpath near entry gate and widening of entry and exit of Asita park on Vikas Marg)]
																				[29/EE/East Road (M-212)/PWD/2025-26][2025_PWD_278775_1]",https://etender.up.nic.in/nicgep/app?component=%24DirectLink_0&page=FrontEndAdvancedSearchResult&service=direct&session=T&sp=S2zyRvCcjIblu7PN7sbH%2BHQ%3D%3D,Public Works Department||CE/SE/M2-M21||EE/M212
621,4,20-Aug-2025 06:55 PM,03-Oct-2025 03:00 PM,03-Oct-2025 03:30 PM,"[De-silting of more than 1000 mm dia Trunk sewers under command of Kondli STP  from Mother Dairy Plant Pandav Nagar to Mandawali SPS, Vivekanand Mahila College to Main Gate Jagriti Enclave in East Zone. NIT 01-1]","[De-silting of more than 1000 mm dia Trunk sewers under command of Kondli STP  from Mother Dairy Plant Pandav Nagar to Mandawali SPS, Vivekanand Mahila College to Main Gate Jagriti Enclave in East Zone. NIT 01-1]
																				[NIT No. 01 (2025-26)/EE (C)DR-X][2025_DJB_277021_1]",https://etender.up.nic.in/nicgep/app?component=%24DirectLink_0&page=FrontEndAdvancedSearchResult&service=direct&session=T&sp=S50QT4HX%2BgBKWpyM6GrPLxQ%3D%3D,Delhi Jal Board||Delhi Jal Board||EE(C) DR- X
622,4,20-Aug-2025 06:15 PM,10-Oct-2025 03:00 PM,10-Oct-2025 03:30 PM,[Desilting of Trunk Sewer from Lodhi Road near Dyal Singh College to Kilokri SPS (New barrel). NIT 03],"[Desilting of Trunk Sewer from Lodhi Road near Dyal Singh College to Kilokri SPS (New barrel). NIT 03]
																				[N.I.T. No. 03(2025-26) EE(C)DR-VI][2025_DJB_277044_1]",https://etender.up.nic.in/nicgep/app?component=%24DirectLink_0&page=FrontEndAdvancedSearchResult&service=direct&session=T&sp=SNWBFuOkTptIRnpLAoH5faQ%3D%3D,Delhi Jal Board||Delhi Jal Board||EE(C) DR- VI
623,4,20-Aug-2025 06:15 PM,10-Oct-2025 03:00 PM,10-Oct-2025 03:30 PM,[Desiltingof Trunk Sewer from Lodhi Road near Dyal Singh      College to Kilokri SPS (Rehabilitated barrel) NIT 04],"[Desiltingof Trunk Sewer from Lodhi Road near Dyal Singh      College to Kilokri SPS (Rehabilitated barrel) NIT 04]
																				[N.I.T. No. 04(2025-26) EE(C)DR-VI][2025_DJB_277046_1]",https://etender.up.nic.in/nicgep/app?component=%24DirectLink_0&page=FrontEndAdvancedSearchResult&service=direct&session=T&sp=SOJXqOAd9In2mka2rgCGU6A%3D%3D,Delhi Jal Board||Delhi Jal Board||EE(C) DR- VI
624,4,20-Aug-2025 05:50 PM,10-Oct-2025 03:00 PM,10-Oct-2025 03:30 PM,[Desilting of Ring Road Trunk Sewer from BhikajiCama Place to AIIMS Trauma Centre.NIT 02],"[Desilting of Ring Road Trunk Sewer from BhikajiCama Place to AIIMS Trauma Centre.NIT 02]
																				[ N.I.T. No. 02(2025-26) EE(C)DR-VI][2025_DJB_277038_1]",https://etender.up.nic.in/nicgep/app?component=%24DirectLink_0&page=FrontEndAdvancedSearchResult&service=direct&session=T&sp=SSdkveGUL%2F2h4xB%2FFDiEW6A%3D%3D,Delhi Jal Board||Delhi Jal Board||EE(C) DR- VI
625,4,20-Aug-2025 04:30 PM,09-Oct-2025 03:00 PM,09-Oct-2025 03:30 PM,[De-Silting of Sewa Nagar Trunk Sewer from Sewa nagar to Kilokri SPS under the command of WWTP Okhla. NIT 04-Item no. 2],"[De-Silting of Sewa Nagar Trunk Sewer from Sewa nagar to Kilokri SPS under the command of WWTP Okhla. NIT 04-Item no. 2]
																				[NIT No. 04 / EE(C)DR- XV (2025-26)][2025_DJB_277028_2]",https://etender.up.nic.in/nicgep/app?component=%24DirectLink_0&page=FrontEndAdvancedSearchResult&service=direct&session=T&sp=SS9w1TE0UjiiXv%2FBCHhIf4g%3D%3D,Delhi Jal Board||Delhi Jal Board||EE(C) DR- XV
626,4,20-Aug-2025 04:30 PM,09-Oct-2025 03:00 PM,09-Oct-2025 03:30 PM,[De-Silting of Dakshiniuri Trunk Sewer from Krishi Vihar Culvert to Andrews ganj SPS under the command of WWTP Okhla. NIT 04-Item no. 1],"[De-Silting of Dakshiniuri Trunk Sewer from Krishi Vihar Culvert to Andrews ganj SPS under the command of WWTP Okhla. NIT 04-Item no. 1]
																				[NIT No. 04 / EE(C)DR- XV (2025-26)][2025_DJB_277028_1]",https://etender.up.nic.in/nicgep/app?component=%24DirectLink_0&page=FrontEndAdvancedSearchResult&service=direct&session=T&sp=Ssynec5G7tHD7P5w1LCD0TA%3D%3D,Delhi Jal Board||Delhi Jal Board||EE(C) DR- XV
627,4,20-Aug-2025 09:00 AM,15-Oct-2025 03:00 PM,15-Oct-2025 03:30 PM,[Desilting of Trunk Sewer sizing more than 900 mm under command of Coronation Pillar Sewage Treatment Plant under the jurisdiction of SE(C)-4.],"[Desilting of Trunk Sewer sizing more than 900 mm under command of Coronation Pillar Sewage Treatment Plant under the jurisdiction of SE(C)-4.]
																				[NIT No. 03 / EE (C) Dr XII /2025-26][2025_DJB_277001_1]",https://etender.up.nic.in/nicgep/app?component=%24DirectLink_0&page=FrontEndAdvancedSearchResult&service=direct&session=T&sp=Sd0kL%2B8ndCQptOVAON2X4Jw%3D%3D,Delhi Jal Board||Delhi Jal Board||EE(C) DR- XII
628,4,20-Aug-2025 09:00 AM,03-Oct-2025 03:00 PM,03-Oct-2025 03:30 PM,[Desilting of Trunk Sewer sizing more than 900 mm dia. under command of Ghonda SPS-I and Ghonda SPS-II and under the jurisdiction of SE(C)-02. (Package -03). NIT 01-Item No. 3],"[Desilting of Trunk Sewer sizing more than 900 mm dia. under command of Ghonda SPS-I and Ghonda SPS-II and under the jurisdiction of SE(C)-02. (Package -03). NIT 01-Item No. 3]
																				[N.I.T. NO.01(2025-2026)/EE (C) DR-VIII][2025_DJB_277000_3]",https://etender.up.nic.in/nicgep/app?component=%24DirectLink_0&page=FrontEndAdvancedSearchResult&service=direct&session=T&sp=Sn7j8TusKhROcWLRElILsgA%3D%3D,Delhi Jal Board||Delhi Jal Board||EE(C) DR- VIII
629,4,20-Aug-2025 09:00 AM,03-Oct-2025 03:00 PM,03-Oct-2025 03:30 PM,[Desilting of Trunk Sewer sizing more than 900 mm dia.  Under command of Yamuna Vihar SPS and under the jurisdiction of SE(C)-02(Package -02). NIT 01-Item No. 2],"[Desilting of Trunk Sewer sizing more than 900 mm dia.  Under command of Yamuna Vihar SPS and under the jurisdiction of SE(C)-02(Package -02). NIT 01-Item No. 2]
																				[N.I.T. NO.01(2025-2026)/EE (C) DR-VIII][2025_DJB_277000_2]",https://etender.up.nic.in/nicgep/app?component=%24DirectLink_0&page=FrontEndAdvancedSearchResult&service=direct&session=T&sp=SuoZnpq%2FRvyIgU5Gj%2BFoHTg%3D%3D,Delhi Jal Board||Delhi Jal Board||EE(C) DR- VIII
630,4,20-Aug-2025 09:00 AM,03-Oct-2025 03:00 PM,03-Oct-2025 03:30 PM,"[Desilting of Trunk Sewer sizing more than 900 mm dia. under command of Mansarovar Park SPS and Jafrabad SPS,  under the jurisdiction of SE(C)-02            ( Package -01). NIT 01-Item No. 1]","[Desilting of Trunk Sewer sizing more than 900 mm dia. under command of Mansarovar Park SPS and Jafrabad SPS,  under the jurisdiction of SE(C)-02            ( Package -01). NIT 01-Item No. 1]
																				[N.I.T. NO.01(2025-2026)/EE (C) DR-VIII][2025_DJB_277000_1]",https://etender.up.nic.in/nicgep/app?component=%24DirectLink_0&page=FrontEndAdvancedSearchResult&service=direct&session=T&sp=Sn1lrw5z6%2Bq5JSzaieWf4OQ%3D%3D,Delhi Jal Board||Delhi Jal Board||EE(C) DR- VIII
631,4,19-Aug-2025 06:50 PM,09-Oct-2025 03:00 PM,09-Oct-2025 03:30 PM,[De-Silting of Reliving Trunk Sewer (RTS) from Road No 29 to Keshopur STP under the Keshopur STP (Package 2). NIT 03 Item No. 6],"[De-Silting of Reliving Trunk Sewer (RTS) from Road No 29 to Keshopur STP under the Keshopur STP (Package 2). NIT 03 Item No. 6]
																				[NIT No. 03 (2025-26)/EE(C)DR-III][2025_DJB_276998_6]",https://etender.up.nic.in/nicgep/app?component=%24DirectLink_0&page=FrontEndAdvancedSearchResult&service=direct&session=T&sp=S6KTOrQd4ZFaLbXcUAzEBFQ%3D%3D,Delhi Jal Board||Delhi Jal Board||EE(C) DR- III
632,4,19-Aug-2025 06:40 PM,09-Oct-2025 03:00 PM,09-Oct-2025 03:30 PM,[De-Silting of Jail Road Trunk Sewer from Lajwanti Garden to District Center Janakpuri under the Keshopur STP (Package.1). NIT 03 Item No. 1],"[De-Silting of Jail Road Trunk Sewer from Lajwanti Garden to District Center Janakpuri under the Keshopur STP (Package.1). NIT 03 Item No. 1]
																				[NIT No. 03 (2025-26)/EE(C)DR-III][2025_DJB_276998_1]",https://etender.up.nic.in/nicgep/app?component=%24DirectLink_0&page=FrontEndAdvancedSearchResult&service=direct&session=T&sp=SRhNXqnRUOj8t8MiA8ND0Fg%3D%3D,Delhi Jal Board||Delhi Jal Board||EE(C) DR- III
633,4,19-Aug-2025 06:40 PM,09-Oct-2025 03:00 PM,09-Oct-2025 03:30 PM,[De-Silting of Reliving Trunk Sewer (RTS) from Vishal Cinema Rajouri Garden to Road No 29 under the Keshopur STP (Package.1). NIT 03 Item No. 5],"[De-Silting of Reliving Trunk Sewer (RTS) from Vishal Cinema Rajouri Garden to Road No 29 under the Keshopur STP (Package.1). NIT 03 Item No. 5]
																				[NIT No. 03 (2025-26)/EE(C)DR-III][2025_DJB_276998_5]",https://etender.up.nic.in/nicgep/app?component=%24DirectLink_0&page=FrontEndAdvancedSearchResult&service=direct&session=T&sp=Sr2ickKK0xUoBGLPkCa4Hww%3D%3D,Delhi Jal Board||Delhi Jal Board||EE(C) DR- III
634,4,19-Aug-2025 06:40 PM,09-Oct-2025 03:00 PM,09-Oct-2025 03:30 PM,[De-Silting of West Delhi Trunk Sewer from Kukreja Hospital to Keshopur STP under the Keshopur STP (Package 2). NIT 03 Item No. 4],"[De-Silting of West Delhi Trunk Sewer from Kukreja Hospital to Keshopur STP under the Keshopur STP (Package 2). NIT 03 Item No. 4]
																				[NIT No. 03 (2025-26)/EE(C)DR-III][2025_DJB_276998_4]",https://etender.up.nic.in/nicgep/app?component=%24DirectLink_0&page=FrontEndAdvancedSearchResult&service=direct&session=T&sp=SBoqU0O1qVV37ongFY79otQ%3D%3D,Delhi Jal Board||Delhi Jal Board||EE(C) DR- III
635,4,19-Aug-2025 06:40 PM,09-Oct-2025 03:00 PM,09-Oct-2025 03:30 PM,[De-Silting of West Delhi Trunk Sewer from Moti Nagar to Kukreja Hospital under the Keshopur STP (Package 1). NIT 03 Item No. 3],"[De-Silting of West Delhi Trunk Sewer from Moti Nagar to Kukreja Hospital under the Keshopur STP (Package 1). NIT 03 Item No. 3]
																				[NIT No. 03 (2025-26)/EE(C)DR-III][2025_DJB_276998_3]",https://etender.up.nic.in/nicgep/app?component=%24DirectLink_0&page=FrontEndAdvancedSearchResult&service=direct&session=T&sp=StB940Ow8tr3BI43O8M6Gkw%3D%3D,Delhi Jal Board||Delhi Jal Board||EE(C) DR- III
636,4,19-Aug-2025 06:40 PM,09-Oct-2025 03:00 PM,09-Oct-2025 03:30 PM,[De-Silting of Jail Road Trunk Sewer from District Center Janakpuri to Keshopur STP under the Keshopur STP (Package 2). NIT 03 Item No. 2],"[De-Silting of Jail Road Trunk Sewer from District Center Janakpuri to Keshopur STP under the Keshopur STP (Package 2). NIT 03 Item No. 2]
																				[NIT No. 03 (2025-26)/EE(C)DR-III][2025_DJB_276998_2]",https://etender.up.nic.in/nicgep/app?component=%24DirectLink_0&page=FrontEndAdvancedSearchResult&service=direct&session=T&sp=SgNPXY9LrEz16STFC9jQ%2BGg%3D%3D,Delhi Jal Board||Delhi Jal Board||EE(C) DR- III
637,4,18-Aug-2025 06:00 PM,08-Oct-2025 11:00 AM,09-Oct-2025 11:30 AM,[PR for Biennial ARC for Re-conditioning - repairing of valves at PPS-I.],"[PR for Biennial ARC for Re-conditioning - repairing of valves at PPS-I.]
																				[1000013747/CS-1/PPS-I/25-26][2025_IPGCL_276921_1]",https://etender.up.nic.in/nicgep/app?component=%24DirectLink_0&page=FrontEndAdvancedSearchResult&service=direct&session=T&sp=SkHwjqrlv3QPWIelgmyZfWA%3D%3D,IPGCL-PPCL||CS||CS-I
638,4,15-Aug-2025 09:00 AM,10-Oct-2025 03:00 PM,10-Oct-2025 03:30 PM,"[Construction of 4 Nos. of Decentralized Sewage Treatment Plant and Sewage Pumping Station along with other associated / allied appurtenant work under Najafgarh drainage Zone, Delhi, along with 15 years O n M including 02 years DLP on DBO mode . NIT-5]","[Construction of 4 Nos. of Decentralized Sewage Treatment Plant and Sewage Pumping Station along with other associated / allied appurtenant work under Najafgarh drainage Zone, Delhi, along with 15 years O n M including 02 years DLP on DBO mode . NIT-5]
																				[NIT No.5 /EE (P) SR.II/ (2025-26)][2025_DJB_276905_1]",https://etender.up.nic.in/nicgep/app?component=%24DirectLink_0&page=FrontEndAdvancedSearchResult&service=direct&session=T&sp=Sl3D6kJiASgxVpjUj7ZEhmQ%3D%3D,Delhi Jal Board||Delhi Jal Board||EE(PR) SR-II
639,4,15-Aug-2025 09:00 AM,30-Sep-2025 03:00 PM,30-Sep-2025 03:30 PM,"[Construction of 15 MGD Wastewater Treatment Plant at Zindpur, power generation and other associated / allied Appurtenant work with effluent standard of BOD-10mg/l, TSS-10mg/l or better on DBO basis and construction of 22 MGD WWPSs at Zindpura 9 MGD W]","[Construction of 15 MGD Wastewater Treatment Plant at Zindpur, power generation and other associated / allied Appurtenant work with effluent standard of BOD-10mg/l, TSS-10mg/l or better on DBO basis and construction of 22 MGD WWPSs at Zindpura 9 MGD W]
																				[ NIT No. 02 (2025-26)/EE(C)DR-III][2025_DJB_276914_1]",https://etender.up.nic.in/nicgep/app?component=%24DirectLink_0&page=FrontEndAdvancedSearchResult&service=direct&session=T&sp=SAlU6aTStf2Zt4jfNX8Oofg%3D%3D,Delhi Jal Board||Delhi Jal Board||EE(C) DR- III
640,4,14-Aug-2025 06:15 PM,10-Oct-2025 03:00 PM,10-Oct-2025 03:30 PM,[Construction of 17.0 MGD Wastewater Treatment Plant at Mitraon with other associated / allied appurtenant work along with 15 years OnM including 02 years DLP NIT- 04],"[Construction of 17.0 MGD Wastewater Treatment Plant at Mitraon with other associated / allied appurtenant work along with 15 years OnM including 02 years DLP NIT- 04]
																				[NIT No.4 /EE (P) SR.II/ (2025-26)][2025_DJB_276899_1]",https://etender.up.nic.in/nicgep/app?component=%24DirectLink_0&page=FrontEndAdvancedSearchResult&service=direct&session=T&sp=So9KU1OHxR5o4zAglbJUNCg%3D%3D,Delhi Jal Board||Delhi Jal Board||EE(PR) SR-II
521,27,22-Sep-2025 09:00 AM,01-Oct-2025 03:00 PM,01-Oct-2025 03:05 PM,[NIT NO. 40/EE(SW)III/EE(C)28/25-26 Item No. 2],"[NIT NO. 40/EE(SW)III/EE(C)28/25-26 Item No. 2]
																				[NIT NO. 40/EE(SW)III/EE(C)28/2025-26][2025_DJB_278495_2]",https://etender.up.nic.in/nicgep/app?component=%24DirectLink_0&page=FrontEndAdvancedSearchResult&service=direct&session=T&sp=SKC%2BKoJSwA5oXdmf%2F%2B144ZQ%3D%3D,Delhi Jal Board||Delhi Jal Board||EE (Civil) - 28
522,27,22-Sep-2025 09:00 AM,30-Sep-2025 03:00 PM,30-Sep-2025 03:15 PM,[NIT NO. 38/EE(SW)III/EE(C)28/25-26],"[NIT NO. 38/EE(SW)III/EE(C)28/25-26]
																				[NIT NO. 38/EE(SW)III/EE(C)28/2025-26][2025_DJB_278493_1]",https://etender.up.nic.in/nicgep/app?component=%24DirectLink_0&page=FrontEndAdvancedSearchResult&service=direct&session=T&sp=SLJrliAbZnw6e1IEJCK%2FDfA%3D%3D,Delhi Jal Board||Delhi Jal Board||EE (Civil) - 28
523,27,22-Sep-2025 09:00 AM,01-Oct-2025 03:00 PM,01-Oct-2025 03:05 PM,[NIT NO. 40/EE(SW)III/EE(C)28/25-26 Item No. 1],"[NIT NO. 40/EE(SW)III/EE(C)28/25-26 Item No. 1]
																				[NIT NO. 40/EE(SW)III/EE(C)28/2025-26][2025_DJB_278495_1]",https://etender.up.nic.in/nicgep/app?component=%24DirectLink_0&page=FrontEndAdvancedSearchResult&service=direct&session=T&sp=S3EM8XO2uWV22%2BPgPOpLsNg%3D%3D,Delhi Jal Board||Delhi Jal Board||EE (Civil) - 28
524,27,22-Sep-2025 09:00 AM,30-Sep-2025 03:00 PM,30-Sep-2025 03:30 PM,[E.I.U.S. (Revenue)],"[E.I.U.S. (Revenue)]
																				[NIT No.19/EEC-12/DUSIB/2025-26][2025_DUSIB_277954_1]",https://etender.up.nic.in/nicgep/app?component=%24DirectLink_0&page=FrontEndAdvancedSearchResult&service=direct&session=T&sp=Sp7f4dwrMHzUAWWUdHbWweA%3D%3D,Delhi Urban Shelter Improvement Board||Engineering Department||SE-II||DD-IV
525,27,22-Sep-2025 09:00 AM,01-Oct-2025 03:00 PM,01-Oct-2025 03:05 PM,[NIT NO. 40/EE(SW)III/EE(C)28/25-26 Item No. 3],"[NIT NO. 40/EE(SW)III/EE(C)28/25-26 Item No. 3]
																				[NIT NO. 40/EE(SW)III/EE(C)28/2025-26][2025_DJB_278495_3]",https://etender.up.nic.in/nicgep/app?component=%24DirectLink_0&page=FrontEndAdvancedSearchResult&service=direct&session=T&sp=SOdeUkupOxKp5nqrjOlSXCg%3D%3D,Delhi Jal Board||Delhi Jal Board||EE (Civil) - 28
526,27,20-Sep-2025 06:00 PM,30-Sep-2025 02:45 PM,30-Sep-2025 03:00 PM,[NIT No. 6 item No. 3],"[NIT No. 6 item No. 3]
																				[NIT NO.06 (2025-2026)EE(SDW)VIII][2025_DJB_278467_3]",https://etender.up.nic.in/nicgep/app?component=%24DirectLink_0&page=FrontEndAdvancedSearchResult&service=direct&session=T&sp=Sd831DHcU3RHMZU5wJRKZyg%3D%3D,Delhi Jal Board||Delhi Jal Board||EE(SDW)-VIII
527,27,20-Sep-2025 06:00 PM,30-Sep-2025 03:00 PM,30-Sep-2025 03:30 PM,[Construction of Foot over Bridge at IT Park on Eastern Approach Road Delhi. (SH- Providing consultancy services). ],"[Construction of Foot over Bridge at IT Park on Eastern Approach Road Delhi. (SH- Providing consultancy services). ]
																				[01/EE/PWD/NE (B AND R) Maint. Division/2025-26][2025_PWD_278481_1]",https://etender.up.nic.in/nicgep/app?component=%24DirectLink_0&page=FrontEndAdvancedSearchResult&service=direct&session=T&sp=SPjAtR7R1az%2BKtl%2BdNRhyYQ%3D%3D,Public Works Department||CE/SE/M2-M21||EE/M213
528,27,20-Sep-2025 06:00 PM,30-Sep-2025 02:45 PM,30-Sep-2025 03:00 PM,[NIT No. 6 item No. 7],"[NIT No. 6 item No. 7]
																				[NIT NO.06 (2025-2026)EE(SDW)VIII][2025_DJB_278467_7]",https://etender.up.nic.in/nicgep/app?component=%24DirectLink_0&page=FrontEndAdvancedSearchResult&service=direct&session=T&sp=SgEIYbE6OzqStlJC246SOSQ%3D%3D,Delhi Jal Board||Delhi Jal Board||EE(SDW)-VIII
529,27,20-Sep-2025 06:00 PM,30-Sep-2025 02:45 PM,30-Sep-2025 03:00 PM,[NIT No. 6 item No. 6],"[NIT No. 6 item No. 6]
																				[NIT NO.06 (2025-2026)EE(SDW)VIII][2025_DJB_278467_6]",https://etender.up.nic.in/nicgep/app?component=%24DirectLink_0&page=FrontEndAdvancedSearchResult&service=direct&session=T&sp=SHGCxmbZHk2Pwqr%2BKFTLF%2BQ%3D%3D,Delhi Jal Board||Delhi Jal Board||EE(SDW)-VIII
530,27,20-Sep-2025 06:00 PM,30-Sep-2025 02:45 PM,30-Sep-2025 03:00 PM,[NIT No. 6 item No. 5],"[NIT No. 6 item No. 5]
																				[NIT NO.06 (2025-2026)EE(SDW)VIII][2025_DJB_278467_5]",https://etender.up.nic.in/nicgep/app?component=%24DirectLink_0&page=FrontEndAdvancedSearchResult&service=direct&session=T&sp=SHwYrrUNNNY%2FWfXf45x9grw%3D%3D,Delhi Jal Board||Delhi Jal Board||EE(SDW)-VIII
531,27,20-Sep-2025 06:00 PM,30-Sep-2025 02:45 PM,30-Sep-2025 03:00 PM,[NIT No. 6 item No. 4],"[NIT No. 6 item No. 4]
																				[NIT NO.06 (2025-2026)EE(SDW)VIII][2025_DJB_278467_4]",https://etender.up.nic.in/nicgep/app?component=%24DirectLink_0&page=FrontEndAdvancedSearchResult&service=direct&session=T&sp=Slvnz1%2BnmLse5v%2BHeqg%2Bgag%3D%3D,Delhi Jal Board||Delhi Jal Board||EE(SDW)-VIII
532,27,20-Sep-2025 06:00 PM,30-Sep-2025 02:45 PM,30-Sep-2025 03:00 PM,[NIT No. 6 item No. 2],"[NIT No. 6 item No. 2]
																				[NIT NO.06 (2025-2026)EE(SDW)VIII][2025_DJB_278467_2]",https://etender.up.nic.in/nicgep/app?component=%24DirectLink_0&page=FrontEndAdvancedSearchResult&service=direct&session=T&sp=SDBjP8kU7lwmoRuwlw0VoWQ%3D%3D,Delhi Jal Board||Delhi Jal Board||EE(SDW)-VIII
533,27,20-Sep-2025 06:00 PM,30-Sep-2025 02:45 PM,30-Sep-2025 03:00 PM,[NIT No. 6 item No. 1],"[NIT No. 6 item No. 1]
																				[NIT NO.06 (2025-2026)EE(SDW)VIII][2025_DJB_278467_1]",https://etender.up.nic.in/nicgep/app?component=%24DirectLink_0&page=FrontEndAdvancedSearchResult&service=direct&session=T&sp=SCEuMSnK0ztlt017Vv1JGxg%3D%3D,Delhi Jal Board||Delhi Jal Board||EE(SDW)-VIII
534,27,20-Sep-2025 06:00 PM,30-Sep-2025 03:00 PM,30-Sep-2025 03:30 PM,[NIT. No.48 Item no.1],"[NIT. No.48 Item no.1]
																				[NIT. No.48 Item no.1 (2025-26) E.E.(C)-12][2025_DJB_278474_1]",https://etender.up.nic.in/nicgep/app?component=%24DirectLink_0&page=FrontEndAdvancedSearchResult&service=direct&session=T&sp=StBNG51jz%2FECYSgSTxiYg4g%3D%3D,Delhi Jal Board||Delhi Jal Board||EE(NORTH)-I
535,27,20-Sep-2025 05:00 PM,29-Sep-2025 05:00 PM,29-Sep-2025 05:30 PM,[GIA to DUSIB for Existing Infrastructure],"[GIA to DUSIB for Existing Infrastructure]
																				[NIT No.19/EEC-3/DUSIB/2025-26][2025_DUSIB_278469_1]",https://etender.up.nic.in/nicgep/app?component=%24DirectLink_0&page=FrontEndAdvancedSearchResult&service=direct&session=T&sp=SKZCeI2yi9evbpey0r7iGrw%3D%3D,Delhi Urban Shelter Improvement Board||Engineering Department||SE-I||DD-II
536,27,20-Sep-2025 04:00 PM,03-Oct-2025 03:00 PM,03-Oct-2025 03:30 PM,[Development works in un-authorized colonies.Sub Head-  C/o CC Road and S.W drain at Naveen Vihar (Part-9) in Bawana AC (Regn.no.608)],"[Development works in un-authorized colonies.Sub Head-  C/o CC Road and S.W drain at Naveen Vihar (Part-9) in Bawana AC (Regn.no.608)]
																				[NIT No. 08/2025-26/CD-06(UC)][2025_DSIDC_278458_1]",https://etender.up.nic.in/nicgep/app?component=%24DirectLink_0&page=FrontEndAdvancedSearchResult&service=direct&session=T&sp=SLGVAaiXgWnafXzXmSYutrg%3D%3D,DSIIDC||ENGINEERING||ED-II
537,27,20-Sep-2025 04:00 PM,03-Oct-2025 03:00 PM,03-Oct-2025 03:30 PM,[Development works in un-authorized colonies.Sub Head- C/o CC Road and Repair of S.W drain at Raja Vihar Part 4. in Rohini AC ( Regd. No. 107)],"[Development works in un-authorized colonies.Sub Head- C/o CC Road and Repair of S.W drain at Raja Vihar Part 4. in Rohini AC ( Regd. No. 107)]
																				[NIT No. 09/2025-26/CD-06(UC)][2025_DSIDC_278459_1]",https://etender.up.nic.in/nicgep/app?component=%24DirectLink_0&page=FrontEndAdvancedSearchResult&service=direct&session=T&sp=SDFKl7eGAc7CUYkyLlZTL9w%3D%3D,DSIIDC||ENGINEERING||ED-II
538,27,20-Sep-2025 03:00 PM,03-Oct-2025 03:00 PM,03-Oct-2025 03:30 PM,"[Development works in un-authorized colonies. Sub Head- C/o C.C Roads and SW Drains at Palam Kunj Harijan Basti, Palam New Delhi-110045 in Palam AC. (Regn No. 43-LOP).]","[Development works in un-authorized colonies. Sub Head- C/o C.C Roads and SW Drains at Palam Kunj Harijan Basti, Palam New Delhi-110045 in Palam AC. (Regn No. 43-LOP).]
																				[NIT No. 08/2025-26/CD-07 (UC)][2025_DSIDC_278452_1]",https://etender.up.nic.in/nicgep/app?component=%24DirectLink_0&page=FrontEndAdvancedSearchResult&service=direct&session=T&sp=SJJ0k0SeVpmWPZoenX5edqw%3D%3D,DSIIDC||ENGINEERING||ED-II
539,27,20-Sep-2025 03:00 PM,03-Oct-2025 03:00 PM,03-Oct-2025 03:30 PM,"[Development works in un-authorized colonies. Sub Head- C/o Roads and SW Drains at Chander Vihar, Palam Extn., Part-I, New Delhi- 75 in Palam AC (Regn no. 117).]","[Development works in un-authorized colonies. Sub Head- C/o Roads and SW Drains at Chander Vihar, Palam Extn., Part-I, New Delhi- 75 in Palam AC (Regn no. 117).]
																				[NIT No. 07/2025-26/CD-07 (UC)][2025_DSIDC_278449_1]",https://etender.up.nic.in/nicgep/app?component=%24DirectLink_0&page=FrontEndAdvancedSearchResult&service=direct&session=T&sp=SQ5g6WFTBer%2BXsOGcVDZ2Ug%3D%3D,DSIIDC||ENGINEERING||ED-II
540,27,20-Sep-2025 02:30 PM,30-Sep-2025 03:00 PM,30-Sep-2025 03:30 PM,[AR and MO to Jag Pravesh Chandra Hospital Shastri Park Delhi Dg 2025 26 SH Replacement of damaged Shed GI profile sheet false Ceiling at OPD Registration Counter DOTS area and other Misc works],"[AR and MO to Jag Pravesh Chandra Hospital Shastri Park Delhi Dg 2025 26 SH Replacement of damaged Shed GI profile sheet false Ceiling at OPD Registration Counter DOTS area and other Misc works]
																				[13/EE/BPD B-221(N)/CHMD(East)/2025-26 (Modified)][2025_PWD_278443_1]",https://etender.up.nic.in/nicgep/app?component=%24DirectLink_0&page=FrontEndAdvancedSearchResult&service=direct&session=T&sp=SeMXQtVkXilsq9JkBbbJAWg%3D%3D,Public Works Department||CE/SE/B2-B22||EE/B221(N)
621,3,20-Aug-2025 06:55 PM,03-Oct-2025 03:00 PM,03-Oct-2025 03:30 PM,"[De-silting of more than 1000 mm dia Trunk sewers under command of Kondli STP  from Mother Dairy Plant Pandav Nagar to Mandawali SPS, Vivekanand Mahila College to Main Gate Jagriti Enclave in East Zone. NIT 01-1]","[De-silting of more than 1000 mm dia Trunk sewers under command of Kondli STP  from Mother Dairy Plant Pandav Nagar to Mandawali SPS, Vivekanand Mahila College to Main Gate Jagriti Enclave in East Zone. NIT 01-1]
																				[NIT No. 01 (2025-26)/EE (C)DR-X][2025_DJB_277021_1]",https://etender.up.nic.in/nicgep/app?component=%24DirectLink_0&page=FrontEndAdvancedSearchResult&service=direct&session=T&sp=S50QT4HX%2BgBKWpyM6GrPLxQ%3D%3D,Delhi Jal Board||Delhi Jal Board||EE(C) DR- X
622,3,20-Aug-2025 06:15 PM,10-Oct-2025 03:00 PM,10-Oct-2025 03:30 PM,[Desilting of Trunk Sewer from Lodhi Road near Dyal Singh College to Kilokri SPS (New barrel). NIT 03],"[Desilting of Trunk Sewer from Lodhi Road near Dyal Singh College to Kilokri SPS (New barrel). NIT 03]
																				[N.I.T. No. 03(2025-26) EE(C)DR-VI][2025_DJB_277044_1]",https://etender.up.nic.in/nicgep/app?component=%24DirectLink_0&page=FrontEndAdvancedSearchResult&service=direct&session=T&sp=SNWBFuOkTptIRnpLAoH5faQ%3D%3D,Delhi Jal Board||Delhi Jal Board||EE(C) DR- VI
623,3,20-Aug-2025 06:15 PM,10-Oct-2025 03:00 PM,10-Oct-2025 03:30 PM,[Desiltingof Trunk Sewer from Lodhi Road near Dyal Singh      College to Kilokri SPS (Rehabilitated barrel) NIT 04],"[Desiltingof Trunk Sewer from Lodhi Road near Dyal Singh      College to Kilokri SPS (Rehabilitated barrel) NIT 04]
																				[N.I.T. No. 04(2025-26) EE(C)DR-VI][2025_DJB_277046_1]",https://etender.up.nic.in/nicgep/app?component=%24DirectLink_0&page=FrontEndAdvancedSearchResult&service=direct&session=T&sp=SOJXqOAd9In2mka2rgCGU6A%3D%3D,Delhi Jal Board||Delhi Jal Board||EE(C) DR- VI
624,3,20-Aug-2025 05:50 PM,10-Oct-2025 03:00 PM,10-Oct-2025 03:30 PM,[Desilting of Ring Road Trunk Sewer from BhikajiCama Place to AIIMS Trauma Centre.NIT 02],"[Desilting of Ring Road Trunk Sewer from BhikajiCama Place to AIIMS Trauma Centre.NIT 02]
																				[ N.I.T. No. 02(2025-26) EE(C)DR-VI][2025_DJB_277038_1]",https://etender.up.nic.in/nicgep/app?component=%24DirectLink_0&page=FrontEndAdvancedSearchResult&service=direct&session=T&sp=SSdkveGUL%2F2h4xB%2FFDiEW6A%3D%3D,Delhi Jal Board||Delhi Jal Board||EE(C) DR- VI
625,3,20-Aug-2025 04:30 PM,09-Oct-2025 03:00 PM,09-Oct-2025 03:30 PM,[De-Silting of Sewa Nagar Trunk Sewer from Sewa nagar to Kilokri SPS under the command of WWTP Okhla. NIT 04-Item no. 2],"[De-Silting of Sewa Nagar Trunk Sewer from Sewa nagar to Kilokri SPS under the command of WWTP Okhla. NIT 04-Item no. 2]
																				[NIT No. 04 / EE(C)DR- XV (2025-26)][2025_DJB_277028_2]",https://etender.up.nic.in/nicgep/app?component=%24DirectLink_0&page=FrontEndAdvancedSearchResult&service=direct&session=T&sp=SS9w1TE0UjiiXv%2FBCHhIf4g%3D%3D,Delhi Jal Board||Delhi Jal Board||EE(C) DR- XV
626,3,20-Aug-2025 04:30 PM,09-Oct-2025 03:00 PM,09-Oct-2025 03:30 PM,[De-Silting of Dakshiniuri Trunk Sewer from Krishi Vihar Culvert to Andrews ganj SPS under the command of WWTP Okhla. NIT 04-Item no. 1],"[De-Silting of Dakshiniuri Trunk Sewer from Krishi Vihar Culvert to Andrews ganj SPS under the command of WWTP Okhla. NIT 04-Item no. 1]
																				[NIT No. 04 / EE(C)DR- XV (2025-26)][2025_DJB_277028_1]",https://etender.up.nic.in/nicgep/app?component=%24DirectLink_0&page=FrontEndAdvancedSearchResult&service=direct&session=T&sp=Ssynec5G7tHD7P5w1LCD0TA%3D%3D,Delhi Jal Board||Delhi Jal Board||EE(C) DR- XV
627,3,20-Aug-2025 09:00 AM,15-Oct-2025 03:00 PM,15-Oct-2025 03:30 PM,[Desilting of Trunk Sewer sizing more than 900 mm under command of Coronation Pillar Sewage Treatment Plant under the jurisdiction of SE(C)-4.],"[Desilting of Trunk Sewer sizing more than 900 mm under command of Coronation Pillar Sewage Treatment Plant under the jurisdiction of SE(C)-4.]
																				[NIT No. 03 / EE (C) Dr XII /2025-26][2025_DJB_277001_1]",https://etender.up.nic.in/nicgep/app?component=%24DirectLink_0&page=FrontEndAdvancedSearchResult&service=direct&session=T&sp=Sd0kL%2B8ndCQptOVAON2X4Jw%3D%3D,Delhi Jal Board||Delhi Jal Board||EE(C) DR- XII
628,3,20-Aug-2025 09:00 AM,03-Oct-2025 03:00 PM,03-Oct-2025 03:30 PM,[Desilting of Trunk Sewer sizing more than 900 mm dia. under command of Ghonda SPS-I and Ghonda SPS-II and under the jurisdiction of SE(C)-02. (Package -03). NIT 01-Item No. 3],"[Desilting of Trunk Sewer sizing more than 900 mm dia. under command of Ghonda SPS-I and Ghonda SPS-II and under the jurisdiction of SE(C)-02. (Package -03). NIT 01-Item No. 3]
																				[N.I.T. NO.01(2025-2026)/EE (C) DR-VIII][2025_DJB_277000_3]",https://etender.up.nic.in/nicgep/app?component=%24DirectLink_0&page=FrontEndAdvancedSearchResult&service=direct&session=T&sp=Sn7j8TusKhROcWLRElILsgA%3D%3D,Delhi Jal Board||Delhi Jal Board||EE(C) DR- VIII
629,3,20-Aug-2025 09:00 AM,03-Oct-2025 03:00 PM,03-Oct-2025 03:30 PM,[Desilting of Trunk Sewer sizing more than 900 mm dia.  Under command of Yamuna Vihar SPS and under the jurisdiction of SE(C)-02(Package -02). NIT 01-Item No. 2],"[Desilting of Trunk Sewer sizing more than 900 mm dia.  Under command of Yamuna Vihar SPS and under the jurisdiction of SE(C)-02(Package -02). NIT 01-Item No. 2]
																				[N.I.T. NO.01(2025-2026)/EE (C) DR-VIII][2025_DJB_277000_2]",https://etender.up.nic.in/nicgep/app?component=%24DirectLink_0&page=FrontEndAdvancedSearchResult&service=direct&session=T&sp=SuoZnpq%2FRvyIgU5Gj%2BFoHTg%3D%3D,Delhi Jal Board||Delhi Jal Board||EE(C) DR- VIII
630,3,20-Aug-2025 09:00 AM,03-Oct-2025 03:00 PM,03-Oct-2025 03:30 PM,"[Desilting of Trunk Sewer sizing more than 900 mm dia. under command of Mansarovar Park SPS and Jafrabad SPS,  under the jurisdiction of SE(C)-02            ( Package -01). NIT 01-Item No. 1]","[Desilting of Trunk Sewer sizing more than 900 mm dia. under command of Mansarovar Park SPS and Jafrabad SPS,  under the jurisdiction of SE(C)-02            ( Package -01). NIT 01-Item No. 1]
																				[N.I.T. NO.01(2025-2026)/EE (C) DR-VIII][2025_DJB_277000_1]",https://etender.up.nic.in/nicgep/app?component=%24DirectLink_0&page=FrontEndAdvancedSearchResult&service=direct&session=T&sp=Sn1lrw5z6%2Bq5JSzaieWf4OQ%3D%3D,Delhi Jal Board||Delhi Jal Board||EE(C) DR- VIII
631,3,19-Aug-2025 06:50 PM,09-Oct-2025 03:00 PM,09-Oct-2025 03:30 PM,[De-Silting of Reliving Trunk Sewer (RTS) from Road No 29 to Keshopur STP under the Keshopur STP (Package 2). NIT 03 Item No. 6],"[De-Silting of Reliving Trunk Sewer (RTS) from Road No 29 to Keshopur STP under the Keshopur STP (Package 2). NIT 03 Item No. 6]
																				[NIT No. 03 (2025-26)/EE(C)DR-III][2025_DJB_276998_6]",https://etender.up.nic.in/nicgep/app?component=%24DirectLink_0&page=FrontEndAdvancedSearchResult&service=direct&session=T&sp=S6KTOrQd4ZFaLbXcUAzEBFQ%3D%3D,Delhi Jal Board||Delhi Jal Board||EE(C) DR- III
632,3,19-Aug-2025 06:40 PM,09-Oct-2025 03:00 PM,09-Oct-2025 03:30 PM,[De-Silting of Jail Road Trunk Sewer from Lajwanti Garden to District Center Janakpuri under the Keshopur STP (Package.1). NIT 03 Item No. 1],"[De-Silting of Jail Road Trunk Sewer from Lajwanti Garden to District Center Janakpuri under the Keshopur STP (Package.1). NIT 03 Item No. 1]
																				[NIT No. 03 (2025-26)/EE(C)DR-III][2025_DJB_276998_1]",https://etender.up.nic.in/nicgep/app?component=%24DirectLink_0&page=FrontEndAdvancedSearchResult&service=direct&session=T&sp=SRhNXqnRUOj8t8MiA8ND0Fg%3D%3D,Delhi Jal Board||Delhi Jal Board||EE(C) DR- III
633,3,19-Aug-2025 06:40 PM,09-Oct-2025 03:00 PM,09-Oct-2025 03:30 PM,[De-Silting of Reliving Trunk Sewer (RTS) from Vishal Cinema Rajouri Garden to Road No 29 under the Keshopur STP (Package.1). NIT 03 Item No. 5],"[De-Silting of Reliving Trunk Sewer (RTS) from Vishal Cinema Rajouri Garden to Road No 29 under the Keshopur STP (Package.1). NIT 03 Item No. 5]
																				[NIT No. 03 (2025-26)/EE(C)DR-III][2025_DJB_276998_5]",https://etender.up.nic.in/nicgep/app?component=%24DirectLink_0&page=FrontEndAdvancedSearchResult&service=direct&session=T&sp=Sr2ickKK0xUoBGLPkCa4Hww%3D%3D,Delhi Jal Board||Delhi Jal Board||EE(C) DR- III
634,3,19-Aug-2025 06:40 PM,09-Oct-2025 03:00 PM,09-Oct-2025 03:30 PM,[De-Silting of West Delhi Trunk Sewer from Kukreja Hospital to Keshopur STP under the Keshopur STP (Package 2). NIT 03 Item No. 4],"[De-Silting of West Delhi Trunk Sewer from Kukreja Hospital to Keshopur STP under the Keshopur STP (Package 2). NIT 03 Item No. 4]
																				[NIT No. 03 (2025-26)/EE(C)DR-III][2025_DJB_276998_4]",https://etender.up.nic.in/nicgep/app?component=%24DirectLink_0&page=FrontEndAdvancedSearchResult&service=direct&session=T&sp=SBoqU0O1qVV37ongFY79otQ%3D%3D,Delhi Jal Board||Delhi Jal Board||EE(C) DR- III
635,3,19-Aug-2025 06:40 PM,09-Oct-2025 03:00 PM,09-Oct-2025 03:30 PM,[De-Silting of West Delhi Trunk Sewer from Moti Nagar to Kukreja Hospital under the Keshopur STP (Package 1). NIT 03 Item No. 3],"[De-Silting of West Delhi Trunk Sewer from Moti Nagar to Kukreja Hospital under the Keshopur STP (Package 1). NIT 03 Item No. 3]
																				[NIT No. 03 (2025-26)/EE(C)DR-III][2025_DJB_276998_3]",https://etender.up.nic.in/nicgep/app?component=%24DirectLink_0&page=FrontEndAdvancedSearchResult&service=direct&session=T&sp=StB940Ow8tr3BI43O8M6Gkw%3D%3D,Delhi Jal Board||Delhi Jal Board||EE(C) DR- III
636,3,19-Aug-2025 06:40 PM,09-Oct-2025 03:00 PM,09-Oct-2025 03:30 PM,[De-Silting of Jail Road Trunk Sewer from District Center Janakpuri to Keshopur STP under the Keshopur STP (Package 2). NIT 03 Item No. 2],"[De-Silting of Jail Road Trunk Sewer from District Center Janakpuri to Keshopur STP under the Keshopur STP (Package 2). NIT 03 Item No. 2]
																				[NIT No. 03 (2025-26)/EE(C)DR-III][2025_DJB_276998_2]",https://etender.up.nic.in/nicgep/app?component=%24DirectLink_0&page=FrontEndAdvancedSearchResult&service=direct&session=T&sp=SgNPXY9LrEz16STFC9jQ%2BGg%3D%3D,Delhi Jal Board||Delhi Jal Board||EE(C) DR- III
637,3,18-Aug-2025 06:00 PM,08-Oct-2025 11:00 AM,09-Oct-2025 11:30 AM,[PR for Biennial ARC for Re-conditioning - repairing of valves at PPS-I.],"[PR for Biennial ARC for Re-conditioning - repairing of valves at PPS-I.]
																				[1000013747/CS-1/PPS-I/25-26][2025_IPGCL_276921_1]",https://etender.up.nic.in/nicgep/app?component=%24DirectLink_0&page=FrontEndAdvancedSearchResult&service=direct&session=T&sp=SkHwjqrlv3QPWIelgmyZfWA%3D%3D,IPGCL-PPCL||CS||CS-I
638,3,15-Aug-2025 09:00 AM,10-Oct-2025 03:00 PM,10-Oct-2025 03:30 PM,"[Construction of 4 Nos. of Decentralized Sewage Treatment Plant and Sewage Pumping Station along with other associated / allied appurtenant work under Najafgarh drainage Zone, Delhi, along with 15 years O n M including 02 years DLP on DBO mode . NIT-5]","[Construction of 4 Nos. of Decentralized Sewage Treatment Plant and Sewage Pumping Station along with other associated / allied appurtenant work under Najafgarh drainage Zone, Delhi, along with 15 years O n M including 02 years DLP on DBO mode . NIT-5]
																				[NIT No.5 /EE (P) SR.II/ (2025-26)][2025_DJB_276905_1]",https://etender.up.nic.in/nicgep/app?component=%24DirectLink_0&page=FrontEndAdvancedSearchResult&service=direct&session=T&sp=Sl3D6kJiASgxVpjUj7ZEhmQ%3D%3D,Delhi Jal Board||Delhi Jal Board||EE(PR) SR-II
639,3,15-Aug-2025 09:00 AM,30-Sep-2025 03:00 PM,30-Sep-2025 03:30 PM,"[Construction of 15 MGD Wastewater Treatment Plant at Zindpur, power generation and other associated / allied Appurtenant work with effluent standard of BOD-10mg/l, TSS-10mg/l or better on DBO basis and construction of 22 MGD WWPSs at Zindpura 9 MGD W]","[Construction of 15 MGD Wastewater Treatment Plant at Zindpur, power generation and other associated / allied Appurtenant work with effluent standard of BOD-10mg/l, TSS-10mg/l or better on DBO basis and construction of 22 MGD WWPSs at Zindpura 9 MGD W]
																				[ NIT No. 02 (2025-26)/EE(C)DR-III][2025_DJB_276914_1]",https://etender.up.nic.in/nicgep/app?component=%24DirectLink_0&page=FrontEndAdvancedSearchResult&service=direct&session=T&sp=SAlU6aTStf2Zt4jfNX8Oofg%3D%3D,Delhi Jal Board||Delhi Jal Board||EE(C) DR- III
640,3,14-Aug-2025 06:15 PM,10-Oct-2025 03:00 PM,10-Oct-2025 03:30 PM,[Construction of 17.0 MGD Wastewater Treatment Plant at Mitraon with other associated / allied appurtenant work along with 15 years OnM including 02 years DLP NIT- 04],"[Construction of 17.0 MGD Wastewater Treatment Plant at Mitraon with other associated / allied appurtenant work along with 15 years OnM including 02 years DLP NIT- 04]
																				[NIT No.4 /EE (P) SR.II/ (2025-26)][2025_DJB_276899_1]",https://etender.up.nic.in/nicgep/app?component=%24DirectLink_0&page=FrontEndAdvancedSearchResult&service=direct&session=T&sp=So9KU1OHxR5o4zAglbJUNCg%3D%3D,Delhi Jal Board||Delhi Jal Board||EE(PR) SR-II
61,6,27-Sep-2025 06:00 PM,04-Oct-2025 03:00 PM,04-Oct-2025 03:30 PM,[NIT. No.50 Item no.2],"[NIT. No.50 Item no.2]
																				[NIT. No.50 Item no.1,2 (2025-26) E.E.(C)-12][2025_DJB_278869_2]",https://etender.up.nic.in/nicgep/app?component=%24DirectLink_0&page=FrontEndAdvancedSearchResult&service=direct&session=T&sp=SlRXdNluL4MlpndeeRp4CLQ%3D%3D,Delhi Jal Board||Delhi Jal Board||EE(NORTH)-I
62,6,27-Sep-2025 06:00 PM,04-Oct-2025 03:00 PM,04-Oct-2025 03:30 PM,[NIT. No.50 Item no.1],"[NIT. No.50 Item no.1]
																				[NIT. No.50 Item no.1,2 (2025-26) E.E.(C)-12][2025_DJB_278869_1]",https://etender.up.nic.in/nicgep/app?component=%24DirectLink_0&page=FrontEndAdvancedSearchResult&service=direct&session=T&sp=SQj5X1wAqRmZIs5WrcssDcg%3D%3D,Delhi Jal Board||Delhi Jal Board||EE(NORTH)-I
63,6,27-Sep-2025 05:45 PM,08-Oct-2025 03:00 PM,08-Oct-2025 03:30 PM,[AR and MO to various DGDs Polyclinics under Sub Division HE 2 CHMD East dg 2025 26 SH Conversion of existing AAMC to Ayushman Arogya Mandir Clinics DJB Site New Seelampur Brahmpuri Khatta Bhajanpura Gokalpuri Kailash Nagar Old Seelampur at District S],"[AR and MO to various DGDs Polyclinics under Sub Division HE 2 CHMD East dg 2025 26 SH Conversion of existing AAMC to Ayushman Arogya Mandir Clinics DJB Site New Seelampur Brahmpuri Khatta Bhajanpura Gokalpuri Kailash Nagar Old Seelampur at District S]
																				[32/EE/BPD B-221(N)/CHMD(East)/2025-26][2025_PWD_278903_1]",https://etender.up.nic.in/nicgep/app?component=%24DirectLink_0&page=FrontEndAdvancedSearchResult&service=direct&session=T&sp=SVQ5t%2Bt6Qqpre%2F%2FcblgY0FQ%3D%3D,Public Works Department||CE/SE/B2-B22||EE/B221(N)
64,6,27-Sep-2025 05:25 PM,07-Oct-2025 03:00 PM,07-Oct-2025 03:30 PM,[EOR to Punjabi Bagh No2 SKV New Delhi during 2024 25 SH Renovation of primary toilets strengthening of toilets and 2 rooms of primary building Floor tiles of corridor Kota stone for stair case Repairing of primary main gate Other miscella],"[EOR to Punjabi Bagh No2 SKV New Delhi during 2024 25 SH Renovation of primary toilets strengthening of toilets and 2 rooms of primary building Floor tiles of corridor Kota stone for stair case Repairing of primary main gate Other miscella]
																				[12/EE/Edu. West Divn.(N)/PWD/2025-26][2025_PWD_278906_1]",https://etender.up.nic.in/nicgep/app?component=%24DirectLink_0&page=FrontEndAdvancedSearchResult&service=direct&session=T&sp=S%2F6v%2FjZFmyjLVL5gYor15XQ%3D%3D,Public Works Department||CE/SE/M1-M12||EE/M122(New)
65,6,27-Sep-2025 05:00 PM,06-Oct-2025 03:00 PM,06-Oct-2025 03:10 PM,[NIT No. 33(2025-26) Item No. 1],"[NIT No. 33(2025-26) Item No. 1]
																				[NIT No. 33(2025-26)][2025_DJB_278875_1]",https://etender.up.nic.in/nicgep/app?component=%24DirectLink_0&page=FrontEndAdvancedSearchResult&service=direct&session=T&sp=S6mH1y5n%2BK1czUPlyFpiqCA%3D%3D,Delhi Jal Board||Delhi Jal Board||EE (Civil) - 15
66,6,27-Sep-2025 05:00 PM,06-Oct-2025 03:00 PM,06-Oct-2025 03:10 PM,[NIT No. 33(2025-26) Item No. 9],"[NIT No. 33(2025-26) Item No. 9]
																				[NIT No. 33(2025-26)][2025_DJB_278875_9]",https://etender.up.nic.in/nicgep/app?component=%24DirectLink_0&page=FrontEndAdvancedSearchResult&service=direct&session=T&sp=S1DrtI4%2BZw9JaplpzbHQo3g%3D%3D,Delhi Jal Board||Delhi Jal Board||EE (Civil) - 15
67,6,27-Sep-2025 05:00 PM,06-Oct-2025 03:00 PM,06-Oct-2025 03:10 PM,[NIT No. 33(2025-26) Item No. 8],"[NIT No. 33(2025-26) Item No. 8]
																				[NIT No. 33(2025-26)][2025_DJB_278875_8]",https://etender.up.nic.in/nicgep/app?component=%24DirectLink_0&page=FrontEndAdvancedSearchResult&service=direct&session=T&sp=SUYzxa%2B1I%2BBJRNskOLzqpeQ%3D%3D,Delhi Jal Board||Delhi Jal Board||EE (Civil) - 15
68,6,27-Sep-2025 05:00 PM,06-Oct-2025 03:00 PM,06-Oct-2025 03:00 PM,[NIT No. 33(2025-26) Item No. 7],"[NIT No. 33(2025-26) Item No. 7]
																				[NIT No. 33(2025-26)][2025_DJB_278875_7]",https://etender.up.nic.in/nicgep/app?component=%24DirectLink_0&page=FrontEndAdvancedSearchResult&service=direct&session=T&sp=SuXOePmsK%2FqqXkdm9UOmZFw%3D%3D,Delhi Jal Board||Delhi Jal Board||EE (Civil) - 15
69,6,27-Sep-2025 05:00 PM,06-Oct-2025 03:00 PM,06-Oct-2025 03:10 PM,[NIT No. 33(2025-26) Item No. 6],"[NIT No. 33(2025-26) Item No. 6]
																				[NIT No. 33(2025-26)][2025_DJB_278875_6]",https://etender.up.nic.in/nicgep/app?component=%24DirectLink_0&page=FrontEndAdvancedSearchResult&service=direct&session=T&sp=Sddsc308HUh9Nqg9svjzWJw%3D%3D,Delhi Jal Board||Delhi Jal Board||EE (Civil) - 15
70,6,27-Sep-2025 05:00 PM,06-Oct-2025 03:00 PM,06-Oct-2025 03:10 PM,[NIT No. 33(2025-26) Item No. 5],"[NIT No. 33(2025-26) Item No. 5]
																				[NIT No. 33(2025-26)][2025_DJB_278875_5]",https://etender.up.nic.in/nicgep/app?component=%24DirectLink_0&page=FrontEndAdvancedSearchResult&service=direct&session=T&sp=SP7tUlpLGeJrzDi2v9sFitQ%3D%3D,Delhi Jal Board||Delhi Jal Board||EE (Civil) - 15
71,6,27-Sep-2025 05:00 PM,06-Oct-2025 03:00 PM,06-Oct-2025 03:10 PM,[NIT No. 33(2025-26) Item No. 3],"[NIT No. 33(2025-26) Item No. 3]
																				[NIT No. 33(2025-26)][2025_DJB_278875_3]",https://etender.up.nic.in/nicgep/app?component=%24DirectLink_0&page=FrontEndAdvancedSearchResult&service=direct&session=T&sp=SKhZUlJrcJPPomWkRKHzB1Q%3D%3D,Delhi Jal Board||Delhi Jal Board||EE (Civil) - 15
72,6,27-Sep-2025 05:00 PM,06-Oct-2025 03:00 PM,06-Oct-2025 03:10 PM,[NIT No. 33(2025-26) Item No. 2],"[NIT No. 33(2025-26) Item No. 2]
																				[NIT No. 33(2025-26)][2025_DJB_278875_2]",https://etender.up.nic.in/nicgep/app?component=%24DirectLink_0&page=FrontEndAdvancedSearchResult&service=direct&session=T&sp=Se1bfIaNSP7eCrbFoJPi1bA%3D%3D,Delhi Jal Board||Delhi Jal Board||EE (Civil) - 15
73,6,27-Sep-2025 05:00 PM,06-Oct-2025 03:00 PM,06-Oct-2025 03:10 PM,[NIT No. 33(2025-26) Item No. 4],"[NIT No. 33(2025-26) Item No. 4]
																				[NIT No. 33(2025-26)][2025_DJB_278875_4]",https://etender.up.nic.in/nicgep/app?component=%24DirectLink_0&page=FrontEndAdvancedSearchResult&service=direct&session=T&sp=S7cSIuAtdhuz%2Bl%2FlyF01ylg%3D%3D,Delhi Jal Board||Delhi Jal Board||EE (Civil) - 15
74,6,27-Sep-2025 05:00 PM,04-Oct-2025 03:00 PM,04-Oct-2025 03:30 PM,"[AR and MO to Residential building under Sub Division M-3222 dg. 2025-26. (SH Finishing work with pump on outside wall From Qtr No. 1229 to 2143 Gulabi Bagh, Delhi)]","[AR and MO to Residential building under Sub Division M-3222 dg. 2025-26. (SH Finishing work with pump on outside wall From Qtr No. 1229 to 2143 Gulabi Bagh, Delhi)]
																				[51/EE/NBD/PWD/2025-26][2025_PWD_278887_1]",https://etender.up.nic.in/nicgep/app?component=%24DirectLink_0&page=FrontEndAdvancedSearchResult&service=direct&session=T&sp=SDRPaNs%2BtW8uH9KzVe0dy%2Fg%3D%3D,Public Works Department||CE/SE/M3-M32||EE/M322
75,6,27-Sep-2025 05:00 PM,04-Oct-2025 03:00 PM,04-Oct-2025 03:30 PM,"[Repair and renovation work of back side of I block for shifting printmaking department at College of Art, Tilak Marg under Sub Divn. IV, SRDP-I, PWD, New Delhi.]","[Repair and renovation work of back side of I block for shifting printmaking department at College of Art, Tilak Marg under Sub Divn. IV, SRDP-I, PWD, New Delhi.]
																				[30/EE/SRDP-1/PWD/2025-26][2025_PWD_278896_1]",https://etender.up.nic.in/nicgep/app?component=%24DirectLink_0&page=FrontEndAdvancedSearchResult&service=direct&session=T&sp=SXXcXO3jXX5Z0XFRNEdDnVQ%3D%3D,Public Works Department||CE/SE/M2-M24||EE/M241
76,6,27-Sep-2025 05:00 PM,06-Oct-2025 12:00 PM,06-Oct-2025 12:30 PM,"[RMO of Elect. and Mech. Works Services at GPO Bldg Vikas Bhawan-II, Delhi. (SH- Replacement of existing defunct cooling tower alongwith augmentation of condenser water pipe related to new cooling tower at 3 x 400 TR and 1 x 100 TR capacity AC Plant)]","[RMO of Elect. and Mech. Works Services at GPO Bldg Vikas Bhawan-II, Delhi. (SH- Replacement of existing defunct cooling tower alongwith augmentation of condenser water pipe related to new cooling tower at 3 x 400 TR and 1 x 100 TR capacity AC Plant)]
																				[65/2025-26/EMD M-351/EE(E)][2025_PWD_278898_1]",https://etender.up.nic.in/nicgep/app?component=%24DirectLink_0&page=FrontEndAdvancedSearchResult&service=direct&session=T&sp=SwYO4tYU6Rv9eZWbhBc9riw%3D%3D,Public Works Department||CE/SE/M3-M35||EE/M351
77,6,27-Sep-2025 04:50 PM,03-Oct-2025 03:00 PM,03-Oct-2025 03:30 PM,"[SITC of controller in HVAC system for individual room of building i.e. VLB, APJ, AB03 and AB04 at DTU, Bawana Road, Delhi.(SH Provision of return air)]","[SITC of controller in HVAC system for individual room of building i.e. VLB, APJ, AB03 and AB04 at DTU, Bawana Road, Delhi.(SH Provision of return air)]
																				[07/EE(E)/HEED(B141)/PWD/25-26][2025_PWD_278897_1]",https://etender.up.nic.in/nicgep/app?component=%24DirectLink_0&page=FrontEndAdvancedSearchResult&service=direct&session=T&sp=Smmqafkg21jeS7zxL3WoK5Q%3D%3D,Public Works Department||CE/SE/B1-B14||EE/B141
78,6,27-Sep-2025 04:40 PM,06-Oct-2025 03:00 PM,06-Oct-2025 03:30 PM,"[Maintenance and repair of office of Flood Circle-I, Chief Engineer office, Pr. Secretary/A.C.S (IandFC) Office at L M Bund office complex Shastri Nagar Delhi-110031.]","[Maintenance and repair of office of Flood Circle-I, Chief Engineer office, Pr. Secretary/A.C.S (IandFC) Office at L M Bund office complex Shastri Nagar Delhi-110031.]
																				[69/EE/CD-IV/IFC/2025-26][2025_IFC_278894_1]",https://etender.up.nic.in/nicgep/app?component=%24DirectLink_0&page=FrontEndAdvancedSearchResult&service=direct&session=T&sp=S4M5ycG4Qt36gHMj9bGGhBQ%3D%3D,Irrigation and Flood Control||ZONE-I||Flood Circle-I||Civil Division-IV
79,6,27-Sep-2025 04:30 PM,04-Oct-2025 03:00 PM,04-Oct-2025 03:30 PM,"[AR and MO Delhi Govt. Officers Flat G 3 Type 5 at G.K.-1 New Delhi during 2025 26 SH Shotcreting works of chajjas beams columns and other similar locations, replacement of old damaged water tanks, waterproofing of roofs and various misc. repair works]","[AR and MO Delhi Govt. Officers Flat G 3 Type 5 at G.K.-1 New Delhi during 2025 26 SH Shotcreting works of chajjas beams columns and other similar locations, replacement of old damaged water tanks, waterproofing of roofs and various misc. repair works]
																				[39/Modified/South-East(B)M/New Delhi/2025-26. (2nd Call) ][2025_PWD_278885_1]",https://etender.up.nic.in/nicgep/app?component=%24DirectLink_0&page=FrontEndAdvancedSearchResult&service=direct&session=T&sp=SGlPboNq3wS7wuSrG3vm5Jw%3D%3D,Public Works Department||CE/SE/M4-M42||EE/M421
80,6,27-Sep-2025 04:15 PM,04-Oct-2025 03:00 PM,04-Oct-2025 03:30 PM,"[AR and MO to residential building under Sub Division M-3221 during 2025-26 (SH Finishing work on outside wall from Qtr No. 857 to 904, 905 to 1228 and 1516 to 1576 Gulabi Bagh, Delhi-110007]","[AR and MO to residential building under Sub Division M-3221 during 2025-26 (SH Finishing work on outside wall from Qtr No. 857 to 904, 905 to 1228 and 1516 to 1576 Gulabi Bagh, Delhi-110007]
																				[50/EE/NBD/PWD/2025-26][2025_PWD_278879_1]",https://etender.up.nic.in/nicgep/app?component=%24DirectLink_0&page=FrontEndAdvancedSearchResult&service=direct&session=T&sp=SL%2FipzuAUPIhY6T0GfkPovg%3D%3D,Public Works Department||CE/SE/M3-M32||EE/M322
61,9,27-Sep-2025 06:00 PM,04-Oct-2025 03:00 PM,04-Oct-2025 03:30 PM,[NIT. No.50 Item no.2],"[NIT. No.50 Item no.2]
																				[NIT. No.50 Item no.1,2 (2025-26) E.E.(C)-12][2025_DJB_278869_2]",https://etender.up.nic.in/nicgep/app?component=%24DirectLink_0&page=FrontEndAdvancedSearchResult&service=direct&session=T&sp=SlRXdNluL4MlpndeeRp4CLQ%3D%3D,Delhi Jal Board||Delhi Jal Board||EE(NORTH)-I
62,9,27-Sep-2025 06:00 PM,04-Oct-2025 03:00 PM,04-Oct-2025 03:30 PM,[NIT. No.50 Item no.1],"[NIT. No.50 Item no.1]
																				[NIT. No.50 Item no.1,2 (2025-26) E.E.(C)-12][2025_DJB_278869_1]",https://etender.up.nic.in/nicgep/app?component=%24DirectLink_0&page=FrontEndAdvancedSearchResult&service=direct&session=T&sp=SQj5X1wAqRmZIs5WrcssDcg%3D%3D,Delhi Jal Board||Delhi Jal Board||EE(NORTH)-I
63,9,27-Sep-2025 05:45 PM,08-Oct-2025 03:00 PM,08-Oct-2025 03:30 PM,[AR and MO to various DGDs Polyclinics under Sub Division HE 2 CHMD East dg 2025 26 SH Conversion of existing AAMC to Ayushman Arogya Mandir Clinics DJB Site New Seelampur Brahmpuri Khatta Bhajanpura Gokalpuri Kailash Nagar Old Seelampur at District S],"[AR and MO to various DGDs Polyclinics under Sub Division HE 2 CHMD East dg 2025 26 SH Conversion of existing AAMC to Ayushman Arogya Mandir Clinics DJB Site New Seelampur Brahmpuri Khatta Bhajanpura Gokalpuri Kailash Nagar Old Seelampur at District S]
																				[32/EE/BPD B-221(N)/CHMD(East)/2025-26][2025_PWD_278903_1]",https://etender.up.nic.in/nicgep/app?component=%24DirectLink_0&page=FrontEndAdvancedSearchResult&service=direct&session=T&sp=SVQ5t%2Bt6Qqpre%2F%2FcblgY0FQ%3D%3D,Public Works Department||CE/SE/B2-B22||EE/B221(N)
64,9,27-Sep-2025 05:25 PM,07-Oct-2025 03:00 PM,07-Oct-2025 03:30 PM,[EOR to Punjabi Bagh No2 SKV New Delhi during 2024 25 SH Renovation of primary toilets strengthening of toilets and 2 rooms of primary building Floor tiles of corridor Kota stone for stair case Repairing of primary main gate Other miscella],"[EOR to Punjabi Bagh No2 SKV New Delhi during 2024 25 SH Renovation of primary toilets strengthening of toilets and 2 rooms of primary building Floor tiles of corridor Kota stone for stair case Repairing of primary main gate Other miscella]
																				[12/EE/Edu. West Divn.(N)/PWD/2025-26][2025_PWD_278906_1]",https://etender.up.nic.in/nicgep/app?component=%24DirectLink_0&page=FrontEndAdvancedSearchResult&service=direct&session=T&sp=S%2F6v%2FjZFmyjLVL5gYor15XQ%3D%3D,Public Works Department||CE/SE/M1-M12||EE/M122(New)
65,9,27-Sep-2025 05:00 PM,06-Oct-2025 03:00 PM,06-Oct-2025 03:10 PM,[NIT No. 33(2025-26) Item No. 1],"[NIT No. 33(2025-26) Item No. 1]
																				[NIT No. 33(2025-26)][2025_DJB_278875_1]",https://etender.up.nic.in/nicgep/app?component=%24DirectLink_0&page=FrontEndAdvancedSearchResult&service=direct&session=T&sp=S6mH1y5n%2BK1czUPlyFpiqCA%3D%3D,Delhi Jal Board||Delhi Jal Board||EE (Civil) - 15
66,9,27-Sep-2025 05:00 PM,06-Oct-2025 03:00 PM,06-Oct-2025 03:10 PM,[NIT No. 33(2025-26) Item No. 9],"[NIT No. 33(2025-26) Item No. 9]
																				[NIT No. 33(2025-26)][2025_DJB_278875_9]",https://etender.up.nic.in/nicgep/app?component=%24DirectLink_0&page=FrontEndAdvancedSearchResult&service=direct&session=T&sp=S1DrtI4%2BZw9JaplpzbHQo3g%3D%3D,Delhi Jal Board||Delhi Jal Board||EE (Civil) - 15
67,9,27-Sep-2025 05:00 PM,06-Oct-2025 03:00 PM,06-Oct-2025 03:10 PM,[NIT No. 33(2025-26) Item No. 8],"[NIT No. 33(2025-26) Item No. 8]
																				[NIT No. 33(2025-26)][2025_DJB_278875_8]",https://etender.up.nic.in/nicgep/app?component=%24DirectLink_0&page=FrontEndAdvancedSearchResult&service=direct&session=T&sp=SUYzxa%2B1I%2BBJRNskOLzqpeQ%3D%3D,Delhi Jal Board||Delhi Jal Board||EE (Civil) - 15
68,9,27-Sep-2025 05:00 PM,06-Oct-2025 03:00 PM,06-Oct-2025 03:00 PM,[NIT No. 33(2025-26) Item No. 7],"[NIT No. 33(2025-26) Item No. 7]
																				[NIT No. 33(2025-26)][2025_DJB_278875_7]",https://etender.up.nic.in/nicgep/app?component=%24DirectLink_0&page=FrontEndAdvancedSearchResult&service=direct&session=T&sp=SuXOePmsK%2FqqXkdm9UOmZFw%3D%3D,Delhi Jal Board||Delhi Jal Board||EE (Civil) - 15
69,9,27-Sep-2025 05:00 PM,06-Oct-2025 03:00 PM,06-Oct-2025 03:10 PM,[NIT No. 33(2025-26) Item No. 6],"[NIT No. 33(2025-26) Item No. 6]
																				[NIT No. 33(2025-26)][2025_DJB_278875_6]",https://etender.up.nic.in/nicgep/app?component=%24DirectLink_0&page=FrontEndAdvancedSearchResult&service=direct&session=T&sp=Sddsc308HUh9Nqg9svjzWJw%3D%3D,Delhi Jal Board||Delhi Jal Board||EE (Civil) - 15
70,9,27-Sep-2025 05:00 PM,06-Oct-2025 03:00 PM,06-Oct-2025 03:10 PM,[NIT No. 33(2025-26) Item No. 5],"[NIT No. 33(2025-26) Item No. 5]
																				[NIT No. 33(2025-26)][2025_DJB_278875_5]",https://etender.up.nic.in/nicgep/app?component=%24DirectLink_0&page=FrontEndAdvancedSearchResult&service=direct&session=T&sp=SP7tUlpLGeJrzDi2v9sFitQ%3D%3D,Delhi Jal Board||Delhi Jal Board||EE (Civil) - 15
71,9,27-Sep-2025 05:00 PM,06-Oct-2025 03:00 PM,06-Oct-2025 03:10 PM,[NIT No. 33(2025-26) Item No. 3],"[NIT No. 33(2025-26) Item No. 3]
																				[NIT No. 33(2025-26)][2025_DJB_278875_3]",https://etender.up.nic.in/nicgep/app?component=%24DirectLink_0&page=FrontEndAdvancedSearchResult&service=direct&session=T&sp=SKhZUlJrcJPPomWkRKHzB1Q%3D%3D,Delhi Jal Board||Delhi Jal Board||EE (Civil) - 15
72,9,27-Sep-2025 05:00 PM,06-Oct-2025 03:00 PM,06-Oct-2025 03:10 PM,[NIT No. 33(2025-26) Item No. 2],"[NIT No. 33(2025-26) Item No. 2]
																				[NIT No. 33(2025-26)][2025_DJB_278875_2]",https://etender.up.nic.in/nicgep/app?component=%24DirectLink_0&page=FrontEndAdvancedSearchResult&service=direct&session=T&sp=Se1bfIaNSP7eCrbFoJPi1bA%3D%3D,Delhi Jal Board||Delhi Jal Board||EE (Civil) - 15
73,9,27-Sep-2025 05:00 PM,06-Oct-2025 03:00 PM,06-Oct-2025 03:10 PM,[NIT No. 33(2025-26) Item No. 4],"[NIT No. 33(2025-26) Item No. 4]
																				[NIT No. 33(2025-26)][2025_DJB_278875_4]",https://etender.up.nic.in/nicgep/app?component=%24DirectLink_0&page=FrontEndAdvancedSearchResult&service=direct&session=T&sp=S7cSIuAtdhuz%2Bl%2FlyF01ylg%3D%3D,Delhi Jal Board||Delhi Jal Board||EE (Civil) - 15
74,9,27-Sep-2025 05:00 PM,04-Oct-2025 03:00 PM,04-Oct-2025 03:30 PM,"[AR and MO to Residential building under Sub Division M-3222 dg. 2025-26. (SH Finishing work with pump on outside wall From Qtr No. 1229 to 2143 Gulabi Bagh, Delhi)]","[AR and MO to Residential building under Sub Division M-3222 dg. 2025-26. (SH Finishing work with pump on outside wall From Qtr No. 1229 to 2143 Gulabi Bagh, Delhi)]
																				[51/EE/NBD/PWD/2025-26][2025_PWD_278887_1]",https://etender.up.nic.in/nicgep/app?component=%24DirectLink_0&page=FrontEndAdvancedSearchResult&service=direct&session=T&sp=SDRPaNs%2BtW8uH9KzVe0dy%2Fg%3D%3D,Public Works Department||CE/SE/M3-M32||EE/M322
75,9,27-Sep-2025 05:00 PM,04-Oct-2025 03:00 PM,04-Oct-2025 03:30 PM,"[Repair and renovation work of back side of I block for shifting printmaking department at College of Art, Tilak Marg under Sub Divn. IV, SRDP-I, PWD, New Delhi.]","[Repair and renovation work of back side of I block for shifting printmaking department at College of Art, Tilak Marg under Sub Divn. IV, SRDP-I, PWD, New Delhi.]
																				[30/EE/SRDP-1/PWD/2025-26][2025_PWD_278896_1]",https://etender.up.nic.in/nicgep/app?component=%24DirectLink_0&page=FrontEndAdvancedSearchResult&service=direct&session=T&sp=SXXcXO3jXX5Z0XFRNEdDnVQ%3D%3D,Public Works Department||CE/SE/M2-M24||EE/M241
76,9,27-Sep-2025 05:00 PM,06-Oct-2025 12:00 PM,06-Oct-2025 12:30 PM,"[RMO of Elect. and Mech. Works Services at GPO Bldg Vikas Bhawan-II, Delhi. (SH- Replacement of existing defunct cooling tower alongwith augmentation of condenser water pipe related to new cooling tower at 3 x 400 TR and 1 x 100 TR capacity AC Plant)]","[RMO of Elect. and Mech. Works Services at GPO Bldg Vikas Bhawan-II, Delhi. (SH- Replacement of existing defunct cooling tower alongwith augmentation of condenser water pipe related to new cooling tower at 3 x 400 TR and 1 x 100 TR capacity AC Plant)]
																				[65/2025-26/EMD M-351/EE(E)][2025_PWD_278898_1]",https://etender.up.nic.in/nicgep/app?component=%24DirectLink_0&page=FrontEndAdvancedSearchResult&service=direct&session=T&sp=SwYO4tYU6Rv9eZWbhBc9riw%3D%3D,Public Works Department||CE/SE/M3-M35||EE/M351
77,9,27-Sep-2025 04:50 PM,03-Oct-2025 03:00 PM,03-Oct-2025 03:30 PM,"[SITC of controller in HVAC system for individual room of building i.e. VLB, APJ, AB03 and AB04 at DTU, Bawana Road, Delhi.(SH Provision of return air)]","[SITC of controller in HVAC system for individual room of building i.e. VLB, APJ, AB03 and AB04 at DTU, Bawana Road, Delhi.(SH Provision of return air)]
																				[07/EE(E)/HEED(B141)/PWD/25-26][2025_PWD_278897_1]",https://etender.up.nic.in/nicgep/app?component=%24DirectLink_0&page=FrontEndAdvancedSearchResult&service=direct&session=T&sp=Smmqafkg21jeS7zxL3WoK5Q%3D%3D,Public Works Department||CE/SE/B1-B14||EE/B141
78,9,27-Sep-2025 04:40 PM,06-Oct-2025 03:00 PM,06-Oct-2025 03:30 PM,"[Maintenance and repair of office of Flood Circle-I, Chief Engineer office, Pr. Secretary/A.C.S (IandFC) Office at L M Bund office complex Shastri Nagar Delhi-110031.]","[Maintenance and repair of office of Flood Circle-I, Chief Engineer office, Pr. Secretary/A.C.S (IandFC) Office at L M Bund office complex Shastri Nagar Delhi-110031.]
																				[69/EE/CD-IV/IFC/2025-26][2025_IFC_278894_1]",https://etender.up.nic.in/nicgep/app?component=%24DirectLink_0&page=FrontEndAdvancedSearchResult&service=direct&session=T&sp=S4M5ycG4Qt36gHMj9bGGhBQ%3D%3D,Irrigation and Flood Control||ZONE-I||Flood Circle-I||Civil Division-IV
79,9,27-Sep-2025 04:30 PM,04-Oct-2025 03:00 PM,04-Oct-2025 03:30 PM,"[AR and MO Delhi Govt. Officers Flat G 3 Type 5 at G.K.-1 New Delhi during 2025 26 SH Shotcreting works of chajjas beams columns and other similar locations, replacement of old damaged water tanks, waterproofing of roofs and various misc. repair works]","[AR and MO Delhi Govt. Officers Flat G 3 Type 5 at G.K.-1 New Delhi during 2025 26 SH Shotcreting works of chajjas beams columns and other similar locations, replacement of old damaged water tanks, waterproofing of roofs and various misc. repair works]
																				[39/Modified/South-East(B)M/New Delhi/2025-26. (2nd Call) ][2025_PWD_278885_1]",https://etender.up.nic.in/nicgep/app?component=%24DirectLink_0&page=FrontEndAdvancedSearchResult&service=direct&session=T&sp=SGlPboNq3wS7wuSrG3vm5Jw%3D%3D,Public Works Department||CE/SE/M4-M42||EE/M421
80,9,27-Sep-2025 04:15 PM,04-Oct-2025 03:00 PM,04-Oct-2025 03:30 PM,"[AR and MO to residential building under Sub Division M-3221 during 2025-26 (SH Finishing work on outside wall from Qtr No. 857 to 904, 905 to 1228 and 1516 to 1576 Gulabi Bagh, Delhi-110007]","[AR and MO to residential building under Sub Division M-3221 during 2025-26 (SH Finishing work on outside wall from Qtr No. 857 to 904, 905 to 1228 and 1516 to 1576 Gulabi Bagh, Delhi-110007]
																				[50/EE/NBD/PWD/2025-26][2025_PWD_278879_1]",https://etender.up.nic.in/nicgep/app?component=%24DirectLink_0&page=FrontEndAdvancedSearchResult&service=direct&session=T&sp=SL%2FipzuAUPIhY6T0GfkPovg%3D%3D,Public Works Department||CE/SE/M3-M32||EE/M322
61,22,27-Sep-2025 06:00 PM,04-Oct-2025 03:00 PM,04-Oct-2025 03:30 PM,[NIT. No.50 Item no.2],"[NIT. No.50 Item no.2]
																				[NIT. No.50 Item no.1,2 (2025-26) E.E.(C)-12][2025_DJB_278869_2]",https://etender.up.nic.in/nicgep/app?component=%24DirectLink_0&page=FrontEndAdvancedSearchResult&service=direct&session=T&sp=SlRXdNluL4MlpndeeRp4CLQ%3D%3D,Delhi Jal Board||Delhi Jal Board||EE(NORTH)-I
62,22,27-Sep-2025 06:00 PM,04-Oct-2025 03:00 PM,04-Oct-2025 03:30 PM,[NIT. No.50 Item no.1],"[NIT. No.50 Item no.1]
																				[NIT. No.50 Item no.1,2 (2025-26) E.E.(C)-12][2025_DJB_278869_1]",https://etender.up.nic.in/nicgep/app?component=%24DirectLink_0&page=FrontEndAdvancedSearchResult&service=direct&session=T&sp=SQj5X1wAqRmZIs5WrcssDcg%3D%3D,Delhi Jal Board||Delhi Jal Board||EE(NORTH)-I
63,22,27-Sep-2025 05:45 PM,08-Oct-2025 03:00 PM,08-Oct-2025 03:30 PM,[AR and MO to various DGDs Polyclinics under Sub Division HE 2 CHMD East dg 2025 26 SH Conversion of existing AAMC to Ayushman Arogya Mandir Clinics DJB Site New Seelampur Brahmpuri Khatta Bhajanpura Gokalpuri Kailash Nagar Old Seelampur at District S],"[AR and MO to various DGDs Polyclinics under Sub Division HE 2 CHMD East dg 2025 26 SH Conversion of existing AAMC to Ayushman Arogya Mandir Clinics DJB Site New Seelampur Brahmpuri Khatta Bhajanpura Gokalpuri Kailash Nagar Old Seelampur at District S]
																				[32/EE/BPD B-221(N)/CHMD(East)/2025-26][2025_PWD_278903_1]",https://etender.up.nic.in/nicgep/app?component=%24DirectLink_0&page=FrontEndAdvancedSearchResult&service=direct&session=T&sp=SVQ5t%2Bt6Qqpre%2F%2FcblgY0FQ%3D%3D,Public Works Department||CE/SE/B2-B22||EE/B221(N)
64,22,27-Sep-2025 05:25 PM,07-Oct-2025 03:00 PM,07-Oct-2025 03:30 PM,[EOR to Punjabi Bagh No2 SKV New Delhi during 2024 25 SH Renovation of primary toilets strengthening of toilets and 2 rooms of primary building Floor tiles of corridor Kota stone for stair case Repairing of primary main gate Other miscella],"[EOR to Punjabi Bagh No2 SKV New Delhi during 2024 25 SH Renovation of primary toilets strengthening of toilets and 2 rooms of primary building Floor tiles of corridor Kota stone for stair case Repairing of primary main gate Other miscella]
																				[12/EE/Edu. West Divn.(N)/PWD/2025-26][2025_PWD_278906_1]",https://etender.up.nic.in/nicgep/app?component=%24DirectLink_0&page=FrontEndAdvancedSearchResult&service=direct&session=T&sp=S%2F6v%2FjZFmyjLVL5gYor15XQ%3D%3D,Public Works Department||CE/SE/M1-M12||EE/M122(New)
65,22,27-Sep-2025 05:00 PM,06-Oct-2025 03:00 PM,06-Oct-2025 03:10 PM,[NIT No. 33(2025-26) Item No. 1],"[NIT No. 33(2025-26) Item No. 1]
																				[NIT No. 33(2025-26)][2025_DJB_278875_1]",https://etender.up.nic.in/nicgep/app?component=%24DirectLink_0&page=FrontEndAdvancedSearchResult&service=direct&session=T&sp=S6mH1y5n%2BK1czUPlyFpiqCA%3D%3D,Delhi Jal Board||Delhi Jal Board||EE (Civil) - 15
66,22,27-Sep-2025 05:00 PM,06-Oct-2025 03:00 PM,06-Oct-2025 03:10 PM,[NIT No. 33(2025-26) Item No. 9],"[NIT No. 33(2025-26) Item No. 9]
																				[NIT No. 33(2025-26)][2025_DJB_278875_9]",https://etender.up.nic.in/nicgep/app?component=%24DirectLink_0&page=FrontEndAdvancedSearchResult&service=direct&session=T&sp=S1DrtI4%2BZw9JaplpzbHQo3g%3D%3D,Delhi Jal Board||Delhi Jal Board||EE (Civil) - 15
67,22,27-Sep-2025 05:00 PM,06-Oct-2025 03:00 PM,06-Oct-2025 03:10 PM,[NIT No. 33(2025-26) Item No. 8],"[NIT No. 33(2025-26) Item No. 8]
																				[NIT No. 33(2025-26)][2025_DJB_278875_8]",https://etender.up.nic.in/nicgep/app?component=%24DirectLink_0&page=FrontEndAdvancedSearchResult&service=direct&session=T&sp=SUYzxa%2B1I%2BBJRNskOLzqpeQ%3D%3D,Delhi Jal Board||Delhi Jal Board||EE (Civil) - 15
68,22,27-Sep-2025 05:00 PM,06-Oct-2025 03:00 PM,06-Oct-2025 03:00 PM,[NIT No. 33(2025-26) Item No. 7],"[NIT No. 33(2025-26) Item No. 7]
																				[NIT No. 33(2025-26)][2025_DJB_278875_7]",https://etender.up.nic.in/nicgep/app?component=%24DirectLink_0&page=FrontEndAdvancedSearchResult&service=direct&session=T&sp=SuXOePmsK%2FqqXkdm9UOmZFw%3D%3D,Delhi Jal Board||Delhi Jal Board||EE (Civil) - 15
69,22,27-Sep-2025 05:00 PM,06-Oct-2025 03:00 PM,06-Oct-2025 03:10 PM,[NIT No. 33(2025-26) Item No. 6],"[NIT No. 33(2025-26) Item No. 6]
																				[NIT No. 33(2025-26)][2025_DJB_278875_6]",https://etender.up.nic.in/nicgep/app?component=%24DirectLink_0&page=FrontEndAdvancedSearchResult&service=direct&session=T&sp=Sddsc308HUh9Nqg9svjzWJw%3D%3D,Delhi Jal Board||Delhi Jal Board||EE (Civil) - 15
70,22,27-Sep-2025 05:00 PM,06-Oct-2025 03:00 PM,06-Oct-2025 03:10 PM,[NIT No. 33(2025-26) Item No. 5],"[NIT No. 33(2025-26) Item No. 5]
																				[NIT No. 33(2025-26)][2025_DJB_278875_5]",https://etender.up.nic.in/nicgep/app?component=%24DirectLink_0&page=FrontEndAdvancedSearchResult&service=direct&session=T&sp=SP7tUlpLGeJrzDi2v9sFitQ%3D%3D,Delhi Jal Board||Delhi Jal Board||EE (Civil) - 15
71,22,27-Sep-2025 05:00 PM,06-Oct-2025 03:00 PM,06-Oct-2025 03:10 PM,[NIT No. 33(2025-26) Item No. 3],"[NIT No. 33(2025-26) Item No. 3]
																				[NIT No. 33(2025-26)][2025_DJB_278875_3]",https://etender.up.nic.in/nicgep/app?component=%24DirectLink_0&page=FrontEndAdvancedSearchResult&service=direct&session=T&sp=SKhZUlJrcJPPomWkRKHzB1Q%3D%3D,Delhi Jal Board||Delhi Jal Board||EE (Civil) - 15
72,22,27-Sep-2025 05:00 PM,06-Oct-2025 03:00 PM,06-Oct-2025 03:10 PM,[NIT No. 33(2025-26) Item No. 2],"[NIT No. 33(2025-26) Item No. 2]
																				[NIT No. 33(2025-26)][2025_DJB_278875_2]",https://etender.up.nic.in/nicgep/app?component=%24DirectLink_0&page=FrontEndAdvancedSearchResult&service=direct&session=T&sp=Se1bfIaNSP7eCrbFoJPi1bA%3D%3D,Delhi Jal Board||Delhi Jal Board||EE (Civil) - 15
73,22,27-Sep-2025 05:00 PM,06-Oct-2025 03:00 PM,06-Oct-2025 03:10 PM,[NIT No. 33(2025-26) Item No. 4],"[NIT No. 33(2025-26) Item No. 4]
																				[NIT No. 33(2025-26)][2025_DJB_278875_4]",https://etender.up.nic.in/nicgep/app?component=%24DirectLink_0&page=FrontEndAdvancedSearchResult&service=direct&session=T&sp=S7cSIuAtdhuz%2Bl%2FlyF01ylg%3D%3D,Delhi Jal Board||Delhi Jal Board||EE (Civil) - 15
74,22,27-Sep-2025 05:00 PM,04-Oct-2025 03:00 PM,04-Oct-2025 03:30 PM,"[AR and MO to Residential building under Sub Division M-3222 dg. 2025-26. (SH Finishing work with pump on outside wall From Qtr No. 1229 to 2143 Gulabi Bagh, Delhi)]","[AR and MO to Residential building under Sub Division M-3222 dg. 2025-26. (SH Finishing work with pump on outside wall From Qtr No. 1229 to 2143 Gulabi Bagh, Delhi)]
																				[51/EE/NBD/PWD/2025-26][2025_PWD_278887_1]",https://etender.up.nic.in/nicgep/app?component=%24DirectLink_0&page=FrontEndAdvancedSearchResult&service=direct&session=T&sp=SDRPaNs%2BtW8uH9KzVe0dy%2Fg%3D%3D,Public Works Department||CE/SE/M3-M32||EE/M322
75,22,27-Sep-2025 05:00 PM,04-Oct-2025 03:00 PM,04-Oct-2025 03:30 PM,"[Repair and renovation work of back side of I block for shifting printmaking department at College of Art, Tilak Marg under Sub Divn. IV, SRDP-I, PWD, New Delhi.]","[Repair and renovation work of back side of I block for shifting printmaking department at College of Art, Tilak Marg under Sub Divn. IV, SRDP-I, PWD, New Delhi.]
																				[30/EE/SRDP-1/PWD/2025-26][2025_PWD_278896_1]",https://etender.up.nic.in/nicgep/app?component=%24DirectLink_0&page=FrontEndAdvancedSearchResult&service=direct&session=T&sp=SXXcXO3jXX5Z0XFRNEdDnVQ%3D%3D,Public Works Department||CE/SE/M2-M24||EE/M241
76,22,27-Sep-2025 05:00 PM,06-Oct-2025 12:00 PM,06-Oct-2025 12:30 PM,"[RMO of Elect. and Mech. Works Services at GPO Bldg Vikas Bhawan-II, Delhi. (SH- Replacement of existing defunct cooling tower alongwith augmentation of condenser water pipe related to new cooling tower at 3 x 400 TR and 1 x 100 TR capacity AC Plant)]","[RMO of Elect. and Mech. Works Services at GPO Bldg Vikas Bhawan-II, Delhi. (SH- Replacement of existing defunct cooling tower alongwith augmentation of condenser water pipe related to new cooling tower at 3 x 400 TR and 1 x 100 TR capacity AC Plant)]
																				[65/2025-26/EMD M-351/EE(E)][2025_PWD_278898_1]",https://etender.up.nic.in/nicgep/app?component=%24DirectLink_0&page=FrontEndAdvancedSearchResult&service=direct&session=T&sp=SwYO4tYU6Rv9eZWbhBc9riw%3D%3D,Public Works Department||CE/SE/M3-M35||EE/M351
77,22,27-Sep-2025 04:50 PM,03-Oct-2025 03:00 PM,03-Oct-2025 03:30 PM,"[SITC of controller in HVAC system for individual room of building i.e. VLB, APJ, AB03 and AB04 at DTU, Bawana Road, Delhi.(SH Provision of return air)]","[SITC of controller in HVAC system for individual room of building i.e. VLB, APJ, AB03 and AB04 at DTU, Bawana Road, Delhi.(SH Provision of return air)]
																				[07/EE(E)/HEED(B141)/PWD/25-26][2025_PWD_278897_1]",https://etender.up.nic.in/nicgep/app?component=%24DirectLink_0&page=FrontEndAdvancedSearchResult&service=direct&session=T&sp=Smmqafkg21jeS7zxL3WoK5Q%3D%3D,Public Works Department||CE/SE/B1-B14||EE/B141
78,22,27-Sep-2025 04:40 PM,06-Oct-2025 03:00 PM,06-Oct-2025 03:30 PM,"[Maintenance and repair of office of Flood Circle-I, Chief Engineer office, Pr. Secretary/A.C.S (IandFC) Office at L M Bund office complex Shastri Nagar Delhi-110031.]","[Maintenance and repair of office of Flood Circle-I, Chief Engineer office, Pr. Secretary/A.C.S (IandFC) Office at L M Bund office complex Shastri Nagar Delhi-110031.]
																				[69/EE/CD-IV/IFC/2025-26][2025_IFC_278894_1]",https://etender.up.nic.in/nicgep/app?component=%24DirectLink_0&page=FrontEndAdvancedSearchResult&service=direct&session=T&sp=S4M5ycG4Qt36gHMj9bGGhBQ%3D%3D,Irrigation and Flood Control||ZONE-I||Flood Circle-I||Civil Division-IV
79,22,27-Sep-2025 04:30 PM,04-Oct-2025 03:00 PM,04-Oct-2025 03:30 PM,"[AR and MO Delhi Govt. Officers Flat G 3 Type 5 at G.K.-1 New Delhi during 2025 26 SH Shotcreting works of chajjas beams columns and other similar locations, replacement of old damaged water tanks, waterproofing of roofs and various misc. repair works]","[AR and MO Delhi Govt. Officers Flat G 3 Type 5 at G.K.-1 New Delhi during 2025 26 SH Shotcreting works of chajjas beams columns and other similar locations, replacement of old damaged water tanks, waterproofing of roofs and various misc. repair works]
																				[39/Modified/South-East(B)M/New Delhi/2025-26. (2nd Call) ][2025_PWD_278885_1]",https://etender.up.nic.in/nicgep/app?component=%24DirectLink_0&page=FrontEndAdvancedSearchResult&service=direct&session=T&sp=SGlPboNq3wS7wuSrG3vm5Jw%3D%3D,Public Works Department||CE/SE/M4-M42||EE/M421
80,22,27-Sep-2025 04:15 PM,04-Oct-2025 03:00 PM,04-Oct-2025 03:30 PM,"[AR and MO to residential building under Sub Division M-3221 during 2025-26 (SH Finishing work on outside wall from Qtr No. 857 to 904, 905 to 1228 and 1516 to 1576 Gulabi Bagh, Delhi-110007]","[AR and MO to residential building under Sub Division M-3221 during 2025-26 (SH Finishing work on outside wall from Qtr No. 857 to 904, 905 to 1228 and 1516 to 1576 Gulabi Bagh, Delhi-110007]
																				[50/EE/NBD/PWD/2025-26][2025_PWD_278879_1]",https://etender.up.nic.in/nicgep/app?component=%24DirectLink_0&page=FrontEndAdvancedSearchResult&service=direct&session=T&sp=SL%2FipzuAUPIhY6T0GfkPovg%3D%3D,Public Works Department||CE/SE/M3-M32||EE/M322
