S.No,Page No,e-Published Date,Closing Date,Opening Date,Title,TenderID,Link,Organisation Chain
1,1,29-Sep-2025 03:00 PM,13-Oct-2025 11:00 AM,14-Oct-2025 11:00 AM,"[Track chain pad cutting (08 Nos.) from machine and 08 Nos. old and severable track chain pad jointing in machine RECP drill Sl. No. 817 at Bansdeopur OCP, Sijua Area]","[Track chain pad cutting (08 Nos.) from machine and 08 Nos. old and severable track chain pad jointing in machine RECP drill Sl. No. 817 at Bansdeopur OCP, Sijua Area]
																				[BCCL/SA/EXCV/ETENDER/25-26/55][2025_BCCL_344948_1]",https://etender.up.nic.in/nicgep/app?component=%24DirectLink_0&page=FrontEndAdvancedSearchResult&service=direct&session=T&sp=SqjM3LYiVA9RKwd1skJHshA%3D%3D,Bharat Coking Coal Limited||BCCL_SIJUA AREA
2,1,29-Sep-2025 03:00 PM,13-Oct-2025 11:00 AM,14-Oct-2025 11:00 AM,"[Repairing of platform, platform base, brackets, railing guard and both side ladder, rep. of leakage from bucket cylinder of BE1000-1 Hyd. Shovel Sl. No. 10222 at ASBN OCP, Sijua Area.]","[Repairing of platform, platform base, brackets, railing guard and both side ladder, rep. of leakage from bucket cylinder of BE1000-1 Hyd. Shovel Sl. No. 10222 at ASBN OCP, Sijua Area.]
																				[BCCL/SA/EXCV/ETENDER/25-26/53][2025_BCCL_344941_1]",https://etender.up.nic.in/nicgep/app?component=%24DirectLink_0&page=FrontEndAdvancedSearchResult&service=direct&session=T&sp=SdY9m3NtXy2e3uraOQ6g91w%3D%3D,Bharat Coking Coal Limited||BCCL_SIJUA AREA
3,1,29-Sep-2025 03:00 PM,29-Oct-2025 10:00 AM,30-Oct-2025 10:00 AM,"[Developing cluster value-chain-based economic livelihood development programme,  including preparation of Detailed Project Reports (DPRs) and implementation of the selected  DPR(s)]","[Developing cluster value-chain-based economic livelihood development programme,  including preparation of Detailed Project Reports (DPRs) and implementation of the selected  DPR(s)]
																				[JMP/Livelihood/2025-2026/ 02][2025_BCCL_344923_1]",https://etender.up.nic.in/nicgep/app?component=%24DirectLink_0&page=FrontEndAdvancedSearchResult&service=direct&session=T&sp=S23KPPz2RDhsTVN0nJIodhQ%3D%3D,Bharat Coking Coal Limited||BCCL-Hqrs||HQ_JMP
4,1,29-Sep-2025 03:00 PM,13-Oct-2025 11:00 AM,14-Oct-2025 11:00 AM,"[Repairing of railing guard, operator cabin, tie rod and safety glass fitting in Water Sprinkler Sl. No. 28236 at BOCP, Sijua Area.]","[Repairing of railing guard, operator cabin, tie rod and safety glass fitting in Water Sprinkler Sl. No. 28236 at BOCP, Sijua Area.]
																				[BCCL/SA/EXCV/ETENDER/25-26/56][2025_BCCL_344949_1]",https://etender.up.nic.in/nicgep/app?component=%24DirectLink_0&page=FrontEndAdvancedSearchResult&service=direct&session=T&sp=SVqyCU%2BDMiP0%2F9OHLThqpQQ%3D%3D,Bharat Coking Coal Limited||BCCL_SIJUA AREA
5,1,29-Sep-2025 03:00 PM,13-Oct-2025 11:00 AM,14-Oct-2025 11:00 AM,"[Repairing of center pin damaged hole new changing arm pin of TATA loader Reg. No. JH10AH-6488 Model 3036 at Sendra auto Workshop, Sijua Area]","[Repairing of center pin damaged hole new changing arm pin of TATA loader Reg. No. JH10AH-6488 Model 3036 at Sendra auto Workshop, Sijua Area]
																				[BCCL/SA/EXCV/ETENDER/25-26/54][2025_BCCL_344945_1]",https://etender.up.nic.in/nicgep/app?component=%24DirectLink_0&page=FrontEndAdvancedSearchResult&service=direct&session=T&sp=SaheGyOxz1T7VkQj6aw8YZQ%3D%3D,Bharat Coking Coal Limited||BCCL_SIJUA AREA
6,1,29-Sep-2025 02:00 PM,10-Oct-2025 05:00 PM,11-Oct-2025 10:00 AM,"[(A) 550V, 400A GEC make pumping controlling switch. ]","[(A) 550V, 400A GEC make pumping controlling switch. ]
																				[ECL/GM/MA/E and M/25-26/eTender/17   Dt. 27.09.2025][2025_ECL_344928_1]",https://etender.up.nic.in/nicgep/app?component=%24DirectLink_0&page=FrontEndAdvancedSearchResult&service=direct&session=T&sp=SWK9rH5jkR%2BZP85K%2F%2BEZmHw%3D%3D,Eastern Coalfields Limited||ECL_Mugma area
7,1,29-Sep-2025 02:00 PM,11-Oct-2025 06:00 PM,13-Oct-2025 11:00 AM,"[Complete Rewinding and  Repairing of 200KVA  (11KV/440V) Lighting  Transformer GEC makes  serial No. PRM/200 at  Nagada Sub Station,  Bhatdee Colliery of  Mahuda Group]","[Complete Rewinding and  Repairing of 200KVA  (11KV/440V) Lighting  Transformer GEC makes  serial No. PRM/200 at  Nagada Sub Station,  Bhatdee Colliery of  Mahuda Group]
																				[BCCL/WJA/AM(ENM)/25-26/RP-67][2025_BCCL_344937_1]",https://etender.up.nic.in/nicgep/app?component=%24DirectLink_0&page=FrontEndAdvancedSearchResult&service=direct&session=T&sp=SdmwFMeHK1N%2FkI7ZKtF%2BoGA%3D%3D,Bharat Coking Coal Limited||BCCL_WJ AREA
8,1,29-Sep-2025 02:00 PM,10-Oct-2025 05:00 PM,11-Oct-2025 10:00 AM,"[JOB (1) Workshop related Mechanical repairing job of pump parts i.e. shaft welding, balance valve, bearing bushing, gland making, NR valve and other E and M related to E and M at ROCP, Mugma Area, ECL.]","[JOB (1) Workshop related Mechanical repairing job of pump parts i.e. shaft welding, balance valve, bearing bushing, gland making, NR valve and other E and M related to E and M at ROCP, Mugma Area, ECL.]
																				[ECL/GM/MA/E and M/25-26/eTender/16 Dt. 25.09.2025][2025_ECL_344707_1]",https://etender.up.nic.in/nicgep/app?component=%24DirectLink_0&page=FrontEndAdvancedSearchResult&service=direct&session=T&sp=Sj5W%2BV52hK9myZLZr8kT8Mg%3D%3D,Eastern Coalfields Limited||ECL_Mugma area
9,1,29-Sep-2025 01:00 PM,10-Oct-2025 10:00 AM,11-Oct-2025 11:00 AM,[Providing steps and repairing approach of pond situated at Saradhu under Magadh OCP of Magadh-Sanghmitra Area.],"[Providing steps and repairing approach of pond situated at Saradhu under Magadh OCP of Magadh-Sanghmitra Area.]
																				[GMMS/SOC/Tender/25-26/36/582][2025_CCL_344876_1]",https://etender.up.nic.in/nicgep/app?component=%24DirectLink_0&page=FrontEndAdvancedSearchResult&service=direct&session=T&sp=SgpB714OnGB5zGIXX8Z5dYA%3D%3D,Central Coalfields Limited||Magadh and Amrapali
10,1,29-Sep-2025 12:00 PM,06-Oct-2025 05:00 PM,07-Oct-2025 11:00 AM,"[Day-to-day diversion, shifting and extension of LT overhead Lines of East and West Section Quarry (Old Dipka, Malgaon, Upper and Lower Kusmunda etc) for a period of 60 days at Dipka Expansion Project.]","[Day-to-day diversion, shifting and extension of LT overhead Lines of East and West Section Quarry (Old Dipka, Malgaon, Upper and Lower Kusmunda etc) for a period of 60 days at Dipka Expansion Project.]
																				[SECL/GM/DA/SO(EnM)/ e-tender/25-26/95 dtd-27/09/25][2025_SECL_344900_1]",https://etender.up.nic.in/nicgep/app?component=%24DirectLink_0&page=FrontEndAdvancedSearchResult&service=direct&session=T&sp=SbPGEvEGxe%2Fwkd85pHQi4hQ%3D%3D,South Eastern Coalfields Limited||Dipika Area
11,1,29-Sep-2025 11:00 AM,06-Oct-2025 06:00 PM,08-Oct-2025 11:00 AM,[Fabrication repairing of hydraulic tank and its mounting diesel tank and its mounting and bracket replacement belt rope and adjusting pulley and repairing radiator cage repairing of hydraulic oil cooler assembly of hydraulic shovel CK300 Sl No B695 n],"[Fabrication repairing of hydraulic tank and its mounting diesel tank and its mounting and bracket replacement belt rope and adjusting pulley and repairing radiator cage repairing of hydraulic oil cooler assembly of hydraulic shovel CK300 Sl No B695 n]
																				[PE(X)/TTK Excv/Tend/25-26/22][2025_CCL_344904_1]",https://etender.up.nic.in/nicgep/app?component=%24DirectLink_0&page=FrontEndAdvancedSearchResult&service=direct&session=T&sp=Sii5vGyOSNBrlOsuct4nF%2Bw%3D%3D,Central Coalfields Limited||Rajhara
12,1,29-Sep-2025 11:00 AM,10-Oct-2025 05:00 PM,11-Oct-2025 11:00 AM,[Making Embankment on either side of concrete pavement including painting on grills walls and Kerb wall etc inside CEWS Gevra],"[Making Embankment on either side of concrete pavement including painting on grills walls and Kerb wall etc inside CEWS Gevra]
																				[SECL/CEWS/SO(C)/ETN /25-26/02, Dt. - 26.09.2025][2025_SECL_343452_1]",https://etender.up.nic.in/nicgep/app?component=%24DirectLink_0&page=FrontEndAdvancedSearchResult&service=direct&session=T&sp=SWJn8XVwoRRwrPA9nu%2BEB%2Fw%3D%3D,"South Eastern Coalfields Limited||Central Work Shop, Gevra"
13,1,29-Sep-2025 11:00 AM,06-Oct-2025 06:00 PM,08-Oct-2025 11:00 AM,[Repairing replacement of tierod assembly steering control valve assembly replacement of 04 nos rear tyres denting and fabrication of railing ladder platform and replacement of window pane of cabin assembly of dumper Sl No 61073 under TTK OCP Rajhara ],"[Repairing replacement of tierod assembly steering control valve assembly replacement of 04 nos rear tyres denting and fabrication of railing ladder platform and replacement of window pane of cabin assembly of dumper Sl No 61073 under TTK OCP Rajhara ]
																				[PE(X)/TTK Excv/Tend/25-26/21][2025_CCL_344903_1]",https://etender.up.nic.in/nicgep/app?component=%24DirectLink_0&page=FrontEndAdvancedSearchResult&service=direct&session=T&sp=SF%2BPYeGqcB5hV43TNeQURpw%3D%3D,Central Coalfields Limited||Rajhara
14,1,29-Sep-2025 11:00 AM,15-Oct-2025 05:00 PM,17-Oct-2025 11:00 AM,[Renovation and maintenance of KV school building at AHQ of Baikunthpur Area],"[Renovation and maintenance of KV school building at AHQ of Baikunthpur Area]
																				[SECL /BKP/ DGM(C) / e-T / 51][2025_SECL_344730_1]",https://etender.up.nic.in/nicgep/app?component=%24DirectLink_0&page=FrontEndAdvancedSearchResult&service=direct&session=T&sp=S%2BUlU%2FyZEUk7yoI%2FgyGy4oQ%3D%3D,South Eastern Coalfields Limited||Baikunthpur Area
15,1,29-Sep-2025 10:10 AM,09-Oct-2025 06:00 PM,10-Oct-2025 10:00 AM,"[ADMINISTRATIVE APPROVAL FOR INSTALLATION OF 2NOS. FOG CANON ,REPAIRING OF DAMAGED WATER TANK AND FABRICATION OF RAILING AT SIJUA SIDING , KATRAS AREA]","[ADMINISTRATIVE APPROVAL FOR INSTALLATION OF 2NOS. FOG CANON ,REPAIRING OF DAMAGED WATER TANK AND FABRICATION OF RAILING AT SIJUA SIDING , KATRAS AREA]
																				[ 	BCCL/KA/IV/ENM/E-TEN/25-26/81 DT.29.9.2025][2025_BCCL_344906_1]",https://etender.up.nic.in/nicgep/app?component=%24DirectLink_0&page=FrontEndAdvancedSearchResult&service=direct&session=T&sp=ShgaUJKG1AKtzOe%2BUeK7mJA%3D%3D,Bharat Coking Coal Limited||BCCL_KATRAS AREA
16,1,29-Sep-2025 10:00 AM,13-Oct-2025 05:00 PM,15-Oct-2025 11:00 AM,"[Part Repairing of 500KVA, 11KV/440V NGEF make Transformer Sl. No. 2800022205 for domestic power supply at South Govindpur Colliery under Govindpur Area-III]","[Part Repairing of 500KVA, 11KV/440V NGEF make Transformer Sl. No. 2800022205 for domestic power supply at South Govindpur Colliery under Govindpur Area-III]
																				[BCCL/GA-III/AM (EnM) E-TENDER/2025-26/132		 Date- 22.09.2025][2025_BCCL_344684_1]",https://etender.up.nic.in/nicgep/app?component=%24DirectLink_0&page=FrontEndAdvancedSearchResult&service=direct&session=T&sp=S4oVeS1nflEuYQYZkatI06g%3D%3D,Bharat Coking Coal Limited||BCCL_GOVINDPUR AREA
17,1,29-Sep-2025 10:00 AM,10-Oct-2025 04:00 PM,11-Oct-2025 04:00 PM,[Repairing of busbar 33KV and 11KV 02 nos installed at regional sub-station under Kathara Colliery],"[Repairing of busbar 33KV and 11KV 02 nos installed at regional sub-station under Kathara Colliery]
																				[KTC/PE/EnM/25-26/43	 date-28.09.2025][2025_CCL_344902_1]",https://etender.up.nic.in/nicgep/app?component=%24DirectLink_0&page=FrontEndAdvancedSearchResult&service=direct&session=T&sp=S%2FpJBMdU55Vq5l4%2BPRAu9dA%3D%3D,Central Coalfields Limited||Kathara
18,1,29-Sep-2025 10:00 AM,11-Oct-2025 05:00 PM,13-Oct-2025 11:00 AM,[Construction of Garage at Quarter No C/6 of No 3 officer colony of sohagpur Area],"[Construction of Garage at Quarter No C/6 of No 3 officer colony of sohagpur Area]
																				[SECL/SGP/SO(C)/ e-TENDER/2025-26/38 dt. 28.09.2025][2025_SECL_344884_1]",https://etender.up.nic.in/nicgep/app?component=%24DirectLink_0&page=FrontEndAdvancedSearchResult&service=direct&session=T&sp=Sn4U93NHdvZOUpGnzeHg47w%3D%3D,South Eastern Coalfields Limited||Sohagpur Area
19,1,29-Sep-2025 10:00 AM,13-Oct-2025 05:00 PM,15-Oct-2025 11:00 AM,"[Providing and fixing of lightning arrestors, earthing and erection of metallic pole for wire shielding of weighbridges and Boom Barriers at Gevra Project]","[Providing and fixing of lightning arrestors, earthing and erection of metallic pole for wire shielding of weighbridges and Boom Barriers at Gevra Project]
																				[SECL/GA/SOENM/ 25-26/E-TENDER/69 Dt. 28/09/2025][2025_SECL_344897_1]",https://etender.up.nic.in/nicgep/app?component=%24DirectLink_0&page=FrontEndAdvancedSearchResult&service=direct&session=T&sp=S0JGIM9txhTTxMw1032bPmg%3D%3D,South Eastern Coalfields Limited||Gevra Area
20,1,29-Sep-2025 10:00 AM,13-Oct-2025 05:00 PM,15-Oct-2025 11:00 AM,[Repairing GEC make OCB switch of 1 seam Jogidih colliery Govindpur Area],"[Repairing GEC make OCB switch of 1 seam Jogidih colliery Govindpur Area]
																				[BCCL/GA-III/AM (EnM) E-TENDER/2025-26/131		 Date- 22.09.2025][2025_BCCL_344683_1]",https://etender.up.nic.in/nicgep/app?component=%24DirectLink_0&page=FrontEndAdvancedSearchResult&service=direct&session=T&sp=SuOurj%2FitOpNXqQGj2v119Q%3D%3D,Bharat Coking Coal Limited||BCCL_GOVINDPUR AREA
441,23,23-Sep-2025 10:00 AM,04-Oct-2025 05:00 PM,06-Oct-2025 11:00 AM,[Cable jointing at Hadhadiya pumping Feeder No. 17 and various locations in 1-Seam UG of NAKC under GA.],"[Cable jointing at Hadhadiya pumping Feeder No. 17 and various locations in 1-Seam UG of NAKC under GA.]
																				[BCCL/GA-III/AM (EnM) E-TENDER/2025-26/117		 Date- 17.09.2025][2025_BCCL_344279_1]",https://etender.up.nic.in/nicgep/app?component=%24DirectLink_0&page=FrontEndAdvancedSearchResult&service=direct&session=T&sp=SjOTWJgLTnbOQMxMgEioG7Q%3D%3D,Bharat Coking Coal Limited||BCCL_GOVINDPUR AREA
442,23,23-Sep-2025 10:00 AM,04-Oct-2025 05:00 PM,06-Oct-2025 11:00 AM,"[Complete Repairing of 3-Phase, 440V, 20KVA Kirloskar Electric Make Diesel Generator set Sl. No. 85AH19-90 at Sinidih Regional Store under Govindpur Area-III]","[Complete Repairing of 3-Phase, 440V, 20KVA Kirloskar Electric Make Diesel Generator set Sl. No. 85AH19-90 at Sinidih Regional Store under Govindpur Area-III]
																				[BCCL/GA-III/AM (EnM) E-TENDER/2025-26/116		 Date- 17.09.2025][2025_BCCL_344277_1]",https://etender.up.nic.in/nicgep/app?component=%24DirectLink_0&page=FrontEndAdvancedSearchResult&service=direct&session=T&sp=SzQtdsYbZiBOXhMCVq28vFQ%3D%3D,Bharat Coking Coal Limited||BCCL_GOVINDPUR AREA
443,23,23-Sep-2025 10:00 AM,04-Oct-2025 05:00 PM,06-Oct-2025 11:00 AM,"[Repairing of OCB Switch 400Amps of Make GEC,550V/440V,SI.No.30/1754 at Water Treatment Plant for lightening of Kharkharee Colony of Kharkharee colliery under.]","[Repairing of OCB Switch 400Amps of Make GEC,550V/440V,SI.No.30/1754 at Water Treatment Plant for lightening of Kharkharee Colony of Kharkharee colliery under.]
																				[BCCL/GA-III/AM (EnM) E-TENDER/2025-26/120		 Date- 17.09.2025][2025_BCCL_344291_1]",https://etender.up.nic.in/nicgep/app?component=%24DirectLink_0&page=FrontEndAdvancedSearchResult&service=direct&session=T&sp=SoVwpGn7n%2B1IOgsHfK0V8PA%3D%3D,Bharat Coking Coal Limited||BCCL_GOVINDPUR AREA
444,23,23-Sep-2025 10:00 AM,04-Oct-2025 05:00 PM,06-Oct-2025 11:00 AM,[Spraying of K- Otherine /Mosquito repellent within the township at Bhatgaon Sub Area of Bhatgaon Area. (For Two Years)],"[Spraying of K- Otherine /Mosquito repellent within the township at Bhatgaon Sub Area of Bhatgaon Area. (For Two Years)]
																				[GM/BHAT/CVL/eTENDER/25-26/49  DATE 22/09/2025][2025_SECL_344457_1]",https://etender.up.nic.in/nicgep/app?component=%24DirectLink_0&page=FrontEndAdvancedSearchResult&service=direct&session=T&sp=S5fdTmg90c%2F1kKp9zfe5rCA%3D%3D,South Eastern Coalfields Limited||Bhatgaon Area
445,23,23-Sep-2025 10:00 AM,06-Oct-2025 05:00 PM,07-Oct-2025 05:00 PM,[Making of Earth Pits connections at 19X Cut Borehole and Pit Top of Handidhua Colliery and Providing fixing of Insulation Mat as per IS 15652 with ISI mark at 19X Cut Borehole Substation and erection of continuous earth conductor on 33kV line of Hand],"[Making of Earth Pits connections at 19X Cut Borehole and Pit Top of Handidhua Colliery and Providing fixing of Insulation Mat as per IS 15652 with ISI mark at 19X Cut Borehole Substation and erection of continuous earth conductor on 33kV line of Hand]
																				[GM(TA)/SO(EnM)/e-21, date- 20.09.2025][2025_MCL_344473_1]",https://etender.up.nic.in/nicgep/app?component=%24DirectLink_0&page=FrontEndAdvancedSearchResult&service=direct&session=T&sp=SXpBZVcUoSaiCojKDr69Onw%3D%3D,Mahanadi Coalfields Limited||TALCHER AREA||TALCH_E AND M||E AND M
446,23,23-Sep-2025 09:00 AM,04-Oct-2025 11:00 AM,06-Oct-2025 11:00 AM,"[Repair and maintenance of (A) 440V OH line from transit camp/Rest House to GM office, (B)440V from cut point near GM Tanki to GM Office and 220V Street lighting line from GM Office to Kargali Gate, (C ) 440V LT power line extending from the transform]","[Repair and maintenance of (A) 440V OH line from transit camp/Rest House to GM office, (B)440V from cut point near GM Tanki to GM Office and 220V Street lighting line from GM Office to Kargali Gate, (C ) 440V LT power line extending from the transform]
																				[SO(EnM)/e-tender/25-26/11][2025_CCL_344481_6]",https://etender.up.nic.in/nicgep/app?component=%24DirectLink_0&page=FrontEndAdvancedSearchResult&service=direct&session=T&sp=SUSW2lUT6H%2FNtkYY%2BvzdoGQ%3D%3D,Central Coalfields Limited||B&K
447,23,23-Sep-2025 09:00 AM,03-Oct-2025 09:00 AM,04-Oct-2025 09:00 AM,[CHANGING OF GANG OPERATING SWITCH FOR DIFFERENT PLACES UNDER SOUTH SAMLA UNIT OF MSAM COLLIERY UNDER PANDAVESWAR AREA],"[CHANGING OF GANG OPERATING SWITCH FOR DIFFERENT PLACES UNDER SOUTH SAMLA UNIT OF MSAM COLLIERY UNDER PANDAVESWAR AREA]
																				[GM-PND/EandM/25-26/142/755 dated 22/09/2025 ][2025_ECL_344515_1]",https://etender.up.nic.in/nicgep/app?component=%24DirectLink_0&page=FrontEndAdvancedSearchResult&service=direct&session=T&sp=SZFq04W7VshYObGkeZwkfDg%3D%3D,Eastern Coalfields Limited||ECL_Pandaveswar area
448,23,23-Sep-2025 09:00 AM,06-Oct-2025 09:00 AM,07-Oct-2025 04:00 PM,[complete rewinding. Repairing of 630KVA.11KV.550 Volt make Andrew yule local sl no-KUGP/Transformer/08 Transformer at KUGP under Hazaribag Area],"[complete rewinding. Repairing of 630KVA.11KV.550 Volt make Andrew yule local sl no-KUGP/Transformer/08 Transformer at KUGP under Hazaribag Area]
																				[PO/KUGP/EnM/Tender/25-26/08][2025_CCL_344514_1]",https://etender.up.nic.in/nicgep/app?component=%24DirectLink_0&page=FrontEndAdvancedSearchResult&service=direct&session=T&sp=S8yU5%2Bgdnb2J9PkJKGbD8Qw%3D%3D,Central Coalfields Limited||Hazaribag
449,23,23-Sep-2025 09:00 AM,04-Oct-2025 11:00 AM,06-Oct-2025 11:00 AM,[Erection and Making of Oil Soak pits and transformer blast barrier(fire walls) with peripheral yard lighting arrangement at 33KV/11KV/3.3KV main sub-station at MRSS under BnK Area ],"[Erection and Making of Oil Soak pits and transformer blast barrier(fire walls) with peripheral yard lighting arrangement at 33KV/11KV/3.3KV main sub-station at MRSS under BnK Area ]
																				[SO(EnM)/e-tender/25-26/11][2025_CCL_344481_4]",https://etender.up.nic.in/nicgep/app?component=%24DirectLink_0&page=FrontEndAdvancedSearchResult&service=direct&session=T&sp=SRzGOgXr4OEk6tUG8I8RdfQ%3D%3D,Central Coalfields Limited||B&K
450,23,23-Sep-2025 09:00 AM,04-Oct-2025 11:00 AM,06-Oct-2025 11:00 AM,"[Supply and installation of 11 kV and 3.3 kV grade outdoor type 3 phase horizontal rotating type Auto Re-closing Isolators at the Karo Main Electric Substation under Karo OCP, BnK Area]","[Supply and installation of 11 kV and 3.3 kV grade outdoor type 3 phase horizontal rotating type Auto Re-closing Isolators at the Karo Main Electric Substation under Karo OCP, BnK Area]
																				[SO(EnM)/e-tender/25-26/11][2025_CCL_344481_5]",https://etender.up.nic.in/nicgep/app?component=%24DirectLink_0&page=FrontEndAdvancedSearchResult&service=direct&session=T&sp=S9v1fxdICiViK74PCgn39jA%3D%3D,Central Coalfields Limited||B&K
451,23,23-Sep-2025 09:00 AM,04-Oct-2025 11:00 AM,06-Oct-2025 11:00 AM,"[Dismantling of sheds and other allied building, structures and OH line of Kargali Excavation workshop for providing   working space for construction of Main office building, Mani control room, Compressor house, and sub-station B of Karo CHP ]","[Dismantling of sheds and other allied building, structures and OH line of Kargali Excavation workshop for providing   working space for construction of Main office building, Mani control room, Compressor house, and sub-station B of Karo CHP ]
																				[SO(EnM)/e-tender/25-26/11][2025_CCL_344481_3]",https://etender.up.nic.in/nicgep/app?component=%24DirectLink_0&page=FrontEndAdvancedSearchResult&service=direct&session=T&sp=SkqIP%2BfZnfO38EiuEpp6S%2FQ%3D%3D,Central Coalfields Limited||B&K
452,23,23-Sep-2025 09:00 AM,04-Oct-2025 05:00 PM,06-Oct-2025 10:00 AM,[DEEP BOREWELL WITH SUBMERSIBLE PUMPSET AND ELECTRICALS FOR COLONY WATER SUPPLY AT TIKAK COLLIERY.],"[DEEP BOREWELL WITH SUBMERSIBLE PUMPSET AND ELECTRICALS FOR COLONY WATER SUPPLY AT TIKAK COLLIERY.]
																				[RWS/T/TIKAK BOREWELL/25-26/51][2025_NEC_344461_1]",https://etender.up.nic.in/nicgep/app?component=%24DirectLink_0&page=FrontEndAdvancedSearchResult&service=direct&session=T&sp=Sp3uuHKs7cJaqhLPZISZpDQ%3D%3D,"North Eastern Coalfields, Margherita||NEC_EnM"
453,23,23-Sep-2025 09:00 AM,04-Oct-2025 11:00 AM,06-Oct-2025 11:00 AM,[Repair and maintenance of 3.3KV OH line from MRSS to IWSP and also during breakdown period in view of uninterrupted power supply to IWSP for a period of 365 days( 01 year) along with repairing of existing GOAB switch in the feeder as well as laying],"[Repair and maintenance of 3.3KV OH line from MRSS to IWSP and also during breakdown period in view of uninterrupted power supply to IWSP for a period of 365 days( 01 year) along with repairing of existing GOAB switch in the feeder as well as laying]
																				[SO(EnM)/e-tender/25-26/11][2025_CCL_344481_2]",https://etender.up.nic.in/nicgep/app?component=%24DirectLink_0&page=FrontEndAdvancedSearchResult&service=direct&session=T&sp=SD9q8J7OQA0QLVUM8TByLTQ%3D%3D,Central Coalfields Limited||B&K
454,23,23-Sep-2025 09:00 AM,04-Oct-2025 11:00 AM,06-Oct-2025 11:00 AM,"[Repairing, Rewinding and Mechanical repairing maintenance of 04(Four) Nos induction Motors 1st 185 HP Motor, 550 Volt, 1480 RPM, punch sl. no. BnK/IWSP/185HP/01 ,2nd 170 HP motor,  550 Volt, punch sl. no. BnK/IWSP/170HP/03 3rd 120 HP Motor 550V, pu]","[Repairing, Rewinding and Mechanical repairing maintenance of 04(Four) Nos induction Motors 1st 185 HP Motor, 550 Volt, 1480 RPM, punch sl. no. BnK/IWSP/185HP/01 ,2nd 170 HP motor,  550 Volt, punch sl. no. BnK/IWSP/170HP/03 3rd 120 HP Motor 550V, pu]
																				[SO(EnM)/e-tender/25-26/11][2025_CCL_344481_1]",https://etender.up.nic.in/nicgep/app?component=%24DirectLink_0&page=FrontEndAdvancedSearchResult&service=direct&session=T&sp=SNndc%2FQclVY%2Fa5mT2sh0iOw%3D%3D,Central Coalfields Limited||B&K
455,23,22-Sep-2025 06:55 PM,08-Oct-2025 05:00 PM,10-Oct-2025 10:00 AM,"[Providing and laying APP over non-residential buildings i.e. Project office, Drill section, dozer section, site office, Light vehicle section, ETP building, 33-kv substation, Store, Rest shelter, Community mandap at Ananta OCP under Jagannath Area]","[Providing and laying APP over non-residential buildings i.e. Project office, Drill section, dozer section, site office, Light vehicle section, ETP building, 33-kv substation, Store, Rest shelter, Community mandap at Ananta OCP under Jagannath Area]
																				[MCL/GM(JA)/SO(C)/e- Tender/25-26/60, Dtd-19/09/25][2025_MCL_344374_1]",https://etender.up.nic.in/nicgep/app?component=%24DirectLink_0&page=FrontEndAdvancedSearchResult&service=direct&session=T&sp=S7316ZhOd8nQcggVDekDqBQ%3D%3D,Mahanadi Coalfields Limited||JAGANNATH AREA||JAGN_CIVIL||CIVIL
456,23,22-Sep-2025 06:55 PM,08-Oct-2025 11:00 AM,09-Oct-2025 11:00 AM,[Renovation/modernization on including repairing of 13 nos C type quarters during changeover at Kailashnagar colony of Mungoli Sub Area],"[Renovation/modernization on including repairing of 13 nos C type quarters during changeover at Kailashnagar colony of Mungoli Sub Area]
																				[WCL wa4350-civ-e051-2025-26/651][2025_WCL_344415_1]",https://etender.up.nic.in/nicgep/app?component=%24DirectLink_0&page=FrontEndAdvancedSearchResult&service=direct&session=T&sp=SINmnZjMfouzfaAsGLaZLfQ%3D%3D,Western Coalfields Limited||Wani||Wani_Civil
457,23,22-Sep-2025 06:55 PM,03-Oct-2025 05:00 PM,06-Oct-2025 11:00 AM,"[Fabrication, Fixing r Installation, Testing and Commissioning of Acrylic Glow Board with matter ORIENT HOUSE with CIL Logo , MCL Logo either sides of matter at MT Hostel, Orient Area]","[Fabrication, Fixing r Installation, Testing and Commissioning of Acrylic Glow Board with matter ORIENT HOUSE with CIL Logo , MCL Logo either sides of matter at MT Hostel, Orient Area]
																				[NIT No. MCL/GM/OA/EnM/e-Ten/25-26/16    Dated. 22/09/2025][2025_MCL_344511_1]",https://etender.up.nic.in/nicgep/app?component=%24DirectLink_0&page=FrontEndAdvancedSearchResult&service=direct&session=T&sp=Slw9YN9DL%2BIbTx3GwbfBOGw%3D%3D,Mahanadi Coalfields Limited||ORIENT AREA||ORIEN_E AND M||E AND M
458,23,22-Sep-2025 06:55 PM,08-Oct-2025 10:00 AM,09-Oct-2025 10:00 AM,[Repair proposal towards demounting/ repairing/ rebuilding/ denting of 04 nos. operator cabin of BEML BD355 Dozers of Bina Project.],"[Repair proposal towards demounting/ repairing/ rebuilding/ denting of 04 nos. operator cabin of BEML BD355 Dozers of Bina Project.]
																				[Bina/SO(Excv)/Tender/25-26/43 dt. 22.09.2025][2025_NCL_344468_1]",https://etender.up.nic.in/nicgep/app?component=%24DirectLink_0&page=FrontEndAdvancedSearchResult&service=direct&session=T&sp=SKD%2BE4DKmR5IU6QJsER8u9g%3D%3D,Northern Coalfields Limited||Bina Project
459,23,22-Sep-2025 06:55 PM,06-Oct-2025 05:00 PM,07-Oct-2025 11:00 AM,"[Towards repairing of 02nos. Drive chains and RHS and LHS Driving Wheel sprocket of RECP 750 Drill, sl.no. 6011006 working at Lajkura OCP.]","[Towards repairing of 02nos. Drive chains and RHS and LHS Driving Wheel sprocket of RECP 750 Drill, sl.no. 6011006 working at Lajkura OCP.]
																				[LOCP/PO/EXCV/NIT/25-26/467][2025_MCL_344502_1]",https://etender.up.nic.in/nicgep/app?component=%24DirectLink_0&page=FrontEndAdvancedSearchResult&service=direct&session=T&sp=SDOZXQa1s4IkWgfTiQvg62A%3D%3D,Mahanadi Coalfields Limited||IB VALLEY AREA||LAJKURA OCP||EXCV
460,23,22-Sep-2025 06:30 PM,04-Oct-2025 05:00 PM,06-Oct-2025 11:00 AM,"[Paper setting, stitching and binding with numbering of various department of IB Valley Area. ]","[Paper setting, stitching and binding with numbering of various department of IB Valley Area. ]
																				[MCL/GM/IBV/ENM/etender/112284 Dated.22.09.2025][2025_MCL_344507_1]",https://etender.up.nic.in/nicgep/app?component=%24DirectLink_0&page=FrontEndAdvancedSearchResult&service=direct&session=T&sp=SLlFTBgS7k2LbQUtP4yFYvA%3D%3D,Mahanadi Coalfields Limited||IB VALLEY AREA||IBV_E AND M||E AND M
261,9,25-Sep-2025 06:00 PM,06-Oct-2025 06:00 PM,07-Oct-2025 10:00 AM,[Complete repairing and overhauling of 05 nos. hydraulic pump Batac jig for Fine Coal Jig of Main Plant of Kedla Washery.],"[Complete repairing and overhauling of 05 nos. hydraulic pump Batac jig for Fine Coal Jig of Main Plant of Kedla Washery.]
																				[PO/KW/E-TENDER/25-26/45, Date- 25.09.2025][2025_CCL_344674_1]",https://etender.up.nic.in/nicgep/app?component=%24DirectLink_0&page=FrontEndAdvancedSearchResult&service=direct&session=T&sp=SY9n3xoIUdDSKbvUDHcJYVw%3D%3D,Central Coalfields Limited||Hazaribag
262,9,25-Sep-2025 06:00 PM,06-Oct-2025 03:00 PM,07-Oct-2025 09:00 AM,"[Extension of 6 inch Diameter Pipeline for Dust Suppression at CHP, Birsa Project.]","[Extension of 6 inch Diameter Pipeline for Dust Suppression at CHP, Birsa Project.]
																				[PE(EnM)/BIRSA/ETENDER/25-26/26][2025_CCL_344694_1]",https://etender.up.nic.in/nicgep/app?component=%24DirectLink_0&page=FrontEndAdvancedSearchResult&service=direct&session=T&sp=S0xNV8oK38%2FyUUWiq5MxmNw%3D%3D,Central Coalfields Limited||Barka Syal
263,9,25-Sep-2025 06:00 PM,07-Oct-2025 06:00 PM,08-Oct-2025 12:00 PM,[Cleaning Slurry debris along 2nd Dip Sump in R VI seam at MIC Unit of Jhanjra Project Colliery],"[Cleaning Slurry debris along 2nd Dip Sump in R VI seam at MIC Unit of Jhanjra Project Colliery]
																				[ECL/GM/JNR/MIN.A/25-26/19 Dt. 23.09.2025][2025_ECL_344599_1]",https://etender.up.nic.in/nicgep/app?component=%24DirectLink_0&page=FrontEndAdvancedSearchResult&service=direct&session=T&sp=Sg1YGUD6RQmM%2BHIbpR2ptyw%3D%3D,Eastern Coalfields Limited||ECL_Jhanjra area
264,9,25-Sep-2025 06:00 PM,06-Oct-2025 10:00 AM,07-Oct-2025 11:00 AM,"[Repair  maintenance of 11KV OH line from Dhori Sub-station to CCD Sub-station under CCD, G.M. unit, Dhori Area.]","[Repair  maintenance of 11KV OH line from Dhori Sub-station to CCD Sub-station under CCD, G.M. unit, Dhori Area.]
																				[GM(D)/SO(EnM)/NIT/25-26/16][2025_CCL_344617_5]",https://etender.up.nic.in/nicgep/app?component=%24DirectLink_0&page=FrontEndAdvancedSearchResult&service=direct&session=T&sp=S%2Fq4UYha2XbziGB%2B%2FiF1FUQ%3D%3D,Central Coalfields Limited||Dhori
265,9,25-Sep-2025 06:00 PM,10-Oct-2025 11:00 AM,11-Oct-2025 11:00 AM,"[Repair of existing Blacktop road from Hospital Chowk to Satnam Singh Chowk under Gidi-A OCP, Argada Area]","[Repair of existing Blacktop road from Hospital Chowk to Satnam Singh Chowk under Gidi-A OCP, Argada Area]
																				[SO(C)(A)/e-Tender16/25-26/1867 ][2025_CCL_344622_1]",https://etender.up.nic.in/nicgep/app?component=%24DirectLink_0&page=FrontEndAdvancedSearchResult&service=direct&session=T&sp=S60Y4sbp9M%2FojwwCAXIsfUw%3D%3D,Central Coalfields Limited||Argada
266,9,25-Sep-2025 06:00 PM,10-Oct-2025 11:00 AM,11-Oct-2025 11:00 AM,"[Repair and maintenance of Qtr. No. 2C-01, 2B-09, 2B-10, 2B-11, 2A-07 and 2A-01 under Gidi-A, Argada Area.]","[Repair and maintenance of Qtr. No. 2C-01, 2B-09, 2B-10, 2B-11, 2A-07 and 2A-01 under Gidi-A, Argada Area.]
																				[SO(C)(A)/e-Tender17/25-26/1868][2025_CCL_344623_1]",https://etender.up.nic.in/nicgep/app?component=%24DirectLink_0&page=FrontEndAdvancedSearchResult&service=direct&session=T&sp=SJHcABzelauEODdhPQDepFg%3D%3D,Central Coalfields Limited||Argada
267,9,25-Sep-2025 06:00 PM,06-Oct-2025 11:00 AM,07-Oct-2025 11:00 AM,[Day to day work of Lighting tilting ],"[Day to day work of Lighting tilting ]
																				[GM(H)/EnM/Tender/25-26/42][2025_CCL_344704_1]",https://etender.up.nic.in/nicgep/app?component=%24DirectLink_0&page=FrontEndAdvancedSearchResult&service=direct&session=T&sp=SfsbnxRviByzrkX%2FZaMZeuw%3D%3D,Central Coalfields Limited||Hazaribag
268,9,25-Sep-2025 06:00 PM,06-Oct-2025 11:00 AM,07-Oct-2025 11:30 AM,[Major renovation and upgradation work of ladies toilets and minor repair works of gents toilets at AGM office under Town Administration of Umrer Area.],"[Major renovation and upgradation work of ladies toilets and minor repair works of gents toilets at AGM office under Town Administration of Umrer Area.]
																				[um4550-civ-0041-2025-26][2025_WCL_344679_1]",https://etender.up.nic.in/nicgep/app?component=%24DirectLink_0&page=FrontEndAdvancedSearchResult&service=direct&session=T&sp=SYmD3ZjOo0VBQ052M4eVLaw%3D%3D,Western Coalfields Limited||UMR||UMR_Civil
269,9,25-Sep-2025 05:00 PM,04-Oct-2025 05:00 PM,06-Oct-2025 11:00 AM,[Repairing of worn out and damaged bucket assembly of CAT 988H pay loader Sl. No. FEL 272/A7A00283 of Jharkhand OCP.],"[Repairing of worn out and damaged bucket assembly of CAT 988H pay loader Sl. No. FEL 272/A7A00283 of Jharkhand OCP.]
																				[PE(X)/JOCP/NIT/25-26/29      Dated - 25.09.2025][2025_CCL_344677_1]",https://etender.up.nic.in/nicgep/app?component=%24DirectLink_0&page=FrontEndAdvancedSearchResult&service=direct&session=T&sp=SzJqLM%2BMnrAdUFnCIUTXbxw%3D%3D,Central Coalfields Limited||Hazaribag
270,9,25-Sep-2025 05:00 PM,04-Oct-2025 05:00 PM,06-Oct-2025 11:00 AM,"[Repairing of railing, platform, ladder, battery box etc. along with repairing and rectification of pressurized air system of WS 28-II Water sprinkler Sl. No. 28177 of Jharkhand OCP.]","[Repairing of railing, platform, ladder, battery box etc. along with repairing and rectification of pressurized air system of WS 28-II Water sprinkler Sl. No. 28177 of Jharkhand OCP.]
																				[PE(X)/JOCP/NIT/25-26/28             Dated - 25.09.2025][2025_CCL_344673_1]",https://etender.up.nic.in/nicgep/app?component=%24DirectLink_0&page=FrontEndAdvancedSearchResult&service=direct&session=T&sp=S1wijx0wS0Aj%2Fsw%2BnFPJpUw%3D%3D,Central Coalfields Limited||Hazaribag
271,9,25-Sep-2025 05:00 PM,06-Oct-2025 05:00 PM,07-Oct-2025 05:00 PM,[Supply and installation of Audio-Visual Warning System at Different Location Underground haulage of Bahula Colliery],"[Supply and installation of Audio-Visual Warning System at Different Location Underground haulage of Bahula Colliery]
																				[GM/KND/AE(ENM)/55(TN)/25-26/45][2025_ECL_344689_1]",https://etender.up.nic.in/nicgep/app?component=%24DirectLink_0&page=FrontEndAdvancedSearchResult&service=direct&session=T&sp=SLvyGASt2u%2FSCkvQX00CnaA%3D%3D,Eastern Coalfields Limited||ECL_Kenda area
272,9,25-Sep-2025 05:00 PM,06-Oct-2025 11:00 AM,07-Oct-2025 11:30 AM,"[Complete repairing and rewinding of 01 Nos. 110 KW, 550 V, 1470 RPM and 01 Nos. 90 KW, 550 V, 1470 RPM Induction Motors of Sirka Colliery under Argada Area.]","[Complete repairing and rewinding of 01 Nos. 110 KW, 550 V, 1470 RPM and 01 Nos. 90 KW, 550 V, 1470 RPM Induction Motors of Sirka Colliery under Argada Area.]
																				[PO/SG/EnM/Sirka/eNIT/25-26/21][2025_CCL_344686_1]",https://etender.up.nic.in/nicgep/app?component=%24DirectLink_0&page=FrontEndAdvancedSearchResult&service=direct&session=T&sp=SzIJM09gnPufGMvFEsojNjw%3D%3D,Central Coalfields Limited||Argada
273,9,25-Sep-2025 05:00 PM,10-Oct-2025 05:00 PM,11-Oct-2025 05:00 PM,[1.Reorganization of overhead line  2. Cleaning of electrical substation  3. 24 nos straight through cable joints  4. Supply and installation of 12 nos of gang switch  5. Supply and installation of insulating mat],"[1.Reorganization of overhead line  2. Cleaning of electrical substation  3. 24 nos straight through cable joints  4. Supply and installation of 12 nos of gang switch  5. Supply and installation of insulating mat]
																				[GM/KND/AE(ENM)/55(TN)/25-26/44][2025_ECL_344688_1]",https://etender.up.nic.in/nicgep/app?component=%24DirectLink_0&page=FrontEndAdvancedSearchResult&service=direct&session=T&sp=S0uLLawcXxW%2Fi9EqYNe84wQ%3D%3D,Eastern Coalfields Limited||ECL_Kenda area
274,9,25-Sep-2025 05:00 PM,11-Oct-2025 05:00 PM,13-Oct-2025 11:00 AM,"[Thorough repairing of CVO office building and security room at Barachak house under HQ, ECL]","[Thorough repairing of CVO office building and security room at Barachak house under HQ, ECL]
																				[ECL/HQ/GM(c)/e-Tender/25-26/16 Date 23.09.2025][2025_ECL_344594_1]",https://etender.up.nic.in/nicgep/app?component=%24DirectLink_0&page=FrontEndAdvancedSearchResult&service=direct&session=T&sp=SMzwvJwmphYlasBqvoubQew%3D%3D,Eastern Coalfields Limited||ECL_Head quarter ||HQ_CIVIL
275,9,25-Sep-2025 05:00 PM,06-Oct-2025 05:00 PM,07-Oct-2025 05:00 PM,[Repairing of 2 Nos. Community Centre at East Kenda Colony at New Kenda Colliery],"[Repairing of 2 Nos. Community Centre at East Kenda Colony at New Kenda Colliery]
																				[ECL/GM/Knd/AE(C)/ e-tender/25-26/80 dated 20.09.2025][2025_ECL_344556_1]",https://etender.up.nic.in/nicgep/app?component=%24DirectLink_0&page=FrontEndAdvancedSearchResult&service=direct&session=T&sp=SWSNOZPtiuDc3z%2FXSlatBZw%3D%3D,Eastern Coalfields Limited||ECL_Kenda area
276,9,25-Sep-2025 05:00 PM,06-Oct-2025 05:00 PM,07-Oct-2025 05:00 PM,[Renovation of GM cabin at GM Office building under Kenda Area],"[Renovation of GM cabin at GM Office building under Kenda Area]
																				[ECL/GM/Knd/AE(C)/ e-tender/25-26/78 dated 20.09.2025][2025_ECL_344548_1]",https://etender.up.nic.in/nicgep/app?component=%24DirectLink_0&page=FrontEndAdvancedSearchResult&service=direct&session=T&sp=SlSy2ribW3VHj84%2FMQxKdQw%3D%3D,Eastern Coalfields Limited||ECL_Kenda area
277,9,25-Sep-2025 05:00 PM,06-Oct-2025 05:00 PM,07-Oct-2025 05:00 PM,[Supplying and laying hume pipe at CL Jamabd OC under Kenda Area],"[Supplying and laying hume pipe at CL Jamabd OC under Kenda Area]
																				[ECL/GM/Knd/AE(C)/ e-tender/25-26/79 dated 20.09.2025][2025_ECL_344554_1]",https://etender.up.nic.in/nicgep/app?component=%24DirectLink_0&page=FrontEndAdvancedSearchResult&service=direct&session=T&sp=SjdhRbYo4iAPOGLLIi5HZPw%3D%3D,Eastern Coalfields Limited||ECL_Kenda area
278,9,25-Sep-2025 05:00 PM,06-Oct-2025 05:00 PM,07-Oct-2025 05:00 PM,[Construction of boundary wall and fencing with barbed wire around the Diesel Dispensing Unit at Shankarpur OCP under Kenda Area],"[Construction of boundary wall and fencing with barbed wire around the Diesel Dispensing Unit at Shankarpur OCP under Kenda Area]
																				[ECL/GM/Knd/AE(C)/ e-tender/25-26/77 dated 20.09.2025][2025_ECL_344494_1]",https://etender.up.nic.in/nicgep/app?component=%24DirectLink_0&page=FrontEndAdvancedSearchResult&service=direct&session=T&sp=SeTP2dcGUtiL2%2BSWXt8y8Kw%3D%3D,Eastern Coalfields Limited||ECL_Kenda area
279,9,25-Sep-2025 05:00 PM,06-Oct-2025 05:00 PM,08-Oct-2025 11:00 AM,[Strengthening of 02 Nos transformer platform at Vindhya sub station under Pinoura Sub Area of Johilla Area.],"[Strengthening of 02 Nos transformer platform at Vindhya sub station under Pinoura Sub Area of Johilla Area.]
																				[SECL/JHL/S.O.(C)/ eNIT-35/25-26/476 dt. 25.09.2025][2025_SECL_344696_1]",https://etender.up.nic.in/nicgep/app?component=%24DirectLink_0&page=FrontEndAdvancedSearchResult&service=direct&session=T&sp=SdzVR%2FeyW3OicG14HQ46R%2BA%3D%3D,South Eastern Coalfields Limited||Johilla Area
280,9,25-Sep-2025 05:00 PM,13-Oct-2025 05:00 PM,14-Oct-2025 11:00 AM,[Annual Horticulture works in various gardens at Pragati Nagar colony of Dipka Area],"[Annual Horticulture works in various gardens at Pragati Nagar colony of Dipka Area]
																				[SECL/DA/CIV/e-TENDER/25-26/57 dated 25-09-2025][2025_SECL_344676_1]",https://etender.up.nic.in/nicgep/app?component=%24DirectLink_0&page=FrontEndAdvancedSearchResult&service=direct&session=T&sp=SYuwahOSbYUecEHc%2ByqRRpA%3D%3D,South Eastern Coalfields Limited||Dipika Area
301,3,24-Sep-2025 06:55 PM,04-Oct-2025 06:55 PM,06-Oct-2025 11:00 AM,[Fabrication and installation of 02 numbers Water Tanker point at Topa Project under Kuju Area.],"[Fabrication and installation of 02 numbers Water Tanker point at Topa Project under Kuju Area.]
																				[GM (K)/EnM/eTender/25-26/146][2025_CCL_344656_1]",https://etender.up.nic.in/nicgep/app?component=%24DirectLink_0&page=FrontEndAdvancedSearchResult&service=direct&session=T&sp=S8KaFrdXKWNEps3QbZvIR2Q%3D%3D,Central Coalfields Limited||Kuju
302,3,24-Sep-2025 06:55 PM,13-Oct-2025 11:00 AM,14-Oct-2025 11:00 AM,[Providing and fixing concertina fencing around new B type sectors (7 to 16) at Nigahi Project],"[Providing and fixing concertina fencing around new B type sectors (7 to 16) at Nigahi Project]
																				[NGH/C/25-26/ETN-22 Dated 23.09.2025][2025_NCL_344649_1]",https://etender.up.nic.in/nicgep/app?component=%24DirectLink_0&page=FrontEndAdvancedSearchResult&service=direct&session=T&sp=S2cnm7pGRb9IAq8wjipwjxg%3D%3D,Northern Coalfields Limited||Nigahi Project
303,3,24-Sep-2025 06:55 PM,06-Oct-2025 10:00 AM,07-Oct-2025 10:00 AM,[Preparation of safety week 2025-26 in mine area at Krishanshila Project.],"[Preparation of safety week 2025-26 in mine area at Krishanshila Project.]
																				[ 	KSL/Civil/Tender/2025-26/ ETN-09 Dated. 24.09.2025][2025_NCL_344651_1]",https://etender.up.nic.in/nicgep/app?component=%24DirectLink_0&page=FrontEndAdvancedSearchResult&service=direct&session=T&sp=Srn9pH06M2CK2GWY6s9IJEQ%3D%3D,Northern Coalfields Limited||Krishnashila Project
304,3,24-Sep-2025 06:55 PM,04-Oct-2025 06:55 PM,06-Oct-2025 11:00 AM,"[Supply and fixing of UPS Backup system of 02 nos, weighbridges installed at Karma Project Under Kuju Area.]","[Supply and fixing of UPS Backup system of 02 nos, weighbridges installed at Karma Project Under Kuju Area.]
																				[GM (K)/EnM/eTender/25-26/144 ][2025_CCL_344658_1]",https://etender.up.nic.in/nicgep/app?component=%24DirectLink_0&page=FrontEndAdvancedSearchResult&service=direct&session=T&sp=SIBh3u5mvtDgCgeoeO4mTIA%3D%3D,Central Coalfields Limited||Kuju
305,3,24-Sep-2025 06:55 PM,04-Oct-2025 06:55 PM,06-Oct-2025 11:00 AM,"[Fabrication and installation of 50mm dia U-PVC Pipeline 300 mtrs and 25 mm dia UPVC pipeline 240 mtrs for day to day water use at PO Office, Executive rest house and AC Canteen connecting with existing 150mm dia pipeline at Karma OCP under Kuju area.]","[Fabrication and installation of 50mm dia U-PVC Pipeline 300 mtrs and 25 mm dia UPVC pipeline 240 mtrs for day to day water use at PO Office, Executive rest house and AC Canteen connecting with existing 150mm dia pipeline at Karma OCP under Kuju area.]
																				[GM (K)/EnM/eTender/25-26/145][2025_CCL_344662_1]",https://etender.up.nic.in/nicgep/app?component=%24DirectLink_0&page=FrontEndAdvancedSearchResult&service=direct&session=T&sp=SfuOy93Ekn4sb%2BT5O3NhllA%3D%3D,Central Coalfields Limited||Kuju
306,3,24-Sep-2025 06:55 PM,07-Oct-2025 05:00 PM,08-Oct-2025 05:00 PM,[Construction of Public Toilet near Maa Jwala Mukhi Temple near Shaktinagar UP under CSR Scheme],"[Construction of Public Toilet near Maa Jwala Mukhi Temple near Shaktinagar UP under CSR Scheme]
																				[DCH/SO(C)/2025-26/ETN-22 dated 24.09.2025][2025_NCL_344661_1]",https://etender.up.nic.in/nicgep/app?component=%24DirectLink_0&page=FrontEndAdvancedSearchResult&service=direct&session=T&sp=SpgVolzrCPIJSMQifmfTWhw%3D%3D,Northern Coalfields Limited||Dudichua Project
307,3,24-Sep-2025 06:55 PM,10-Oct-2025 11:00 AM,11-Oct-2025 11:00 AM,[Renovation of deshalling plant CHP shift office MCC-1  2 Coal and OB substation at Bina project],"[Renovation of deshalling plant CHP shift office MCC-1  2 Coal and OB substation at Bina project]
																				[B/Civil/2025-26/ETN-26 dtd 24.09.2025][2025_NCL_344663_1]",https://etender.up.nic.in/nicgep/app?component=%24DirectLink_0&page=FrontEndAdvancedSearchResult&service=direct&session=T&sp=SxKilbNaJtrF8k6FW%2BVhv%2BQ%3D%3D,Northern Coalfields Limited||Bina Project
308,3,24-Sep-2025 06:55 PM,04-Oct-2025 06:55 PM,06-Oct-2025 11:00 AM,"[Repairing and maintenance of 11 no. of 11KV GOAB and bus bar maintenance at colony substation ,IWSP substation and 10No substation of Sarubera Colliery under Kuju Area.]","[Repairing and maintenance of 11 no. of 11KV GOAB and bus bar maintenance at colony substation ,IWSP substation and 10No substation of Sarubera Colliery under Kuju Area.]
																				[GM (K)/EnM/eTender/25-26/156                                      ][2025_CCL_344665_1]",https://etender.up.nic.in/nicgep/app?component=%24DirectLink_0&page=FrontEndAdvancedSearchResult&service=direct&session=T&sp=SdrWj%2F%2Fr4KeKWeIyuUriT2A%3D%3D,Central Coalfields Limited||Kuju
309,3,24-Sep-2025 06:00 PM,06-Oct-2025 05:00 PM,07-Oct-2025 10:00 AM,"[Repairing of Left side final drive planetary gear box, track roller 07 nos. (LHS) and Carrier Roller 02 nos. (LHS) of LnT make CK-300E Shovel Sl.no.E-164 of Gidi-C Colliery.]","[Repairing of Left side final drive planetary gear box, track roller 07 nos. (LHS) and Carrier Roller 02 nos. (LHS) of LnT make CK-300E Shovel Sl.no.E-164 of Gidi-C Colliery.]
																				[SO(X)(A)/e-NIT/45/25-26/138][2025_CCL_344639_1]",https://etender.up.nic.in/nicgep/app?component=%24DirectLink_0&page=FrontEndAdvancedSearchResult&service=direct&session=T&sp=SbIs7PmOxeLOtG9Reu%2B%2BPkw%3D%3D,Central Coalfields Limited||Argada
310,3,24-Sep-2025 06:00 PM,06-Oct-2025 11:00 AM,07-Oct-2025 11:30 AM,[Providing and fixing of HDPE pipeline from MKD Sump near TSMQ to Magazine of Umrer Area.],"[Providing and fixing of HDPE pipeline from MKD Sump near TSMQ to Magazine of Umrer Area.]
																				[um4550-civ-0040-2025-26][2025_WCL_344613_2]",https://etender.up.nic.in/nicgep/app?component=%24DirectLink_0&page=FrontEndAdvancedSearchResult&service=direct&session=T&sp=SrS6Pwsjbj2xgr2nHEqnkZg%3D%3D,Western Coalfields Limited||UMR||UMR_Civil
311,3,24-Sep-2025 06:00 PM,15-Oct-2025 05:00 PM,17-Oct-2025 11:00 AM,"[Development of external drainage system of entire colony, Dust Bins, providing Paver Block over berms of main road of colony from front entrance to back entrance at Hilltop colony of SOCP under Ib Valley Area.]","[Development of external drainage system of entire colony, Dust Bins, providing Paver Block over berms of main road of colony from front entrance to back entrance at Hilltop colony of SOCP under Ib Valley Area.]
																				[MCL/Samb/Civil-Wel/e Tender/25-26/16 dt 24/09/2025][2025_MCL_344597_1]",https://etender.up.nic.in/nicgep/app?component=%24DirectLink_0&page=FrontEndAdvancedSearchResult&service=direct&session=T&sp=SNQfMHxOnhZnwhsr1m6f%2Bsw%3D%3D,Mahanadi Coalfields Limited||HQ CIVIL-WELFARE N CSR||CIVIL-WELFARE N CSR
312,3,24-Sep-2025 06:00 PM,06-Oct-2025 05:00 PM,07-Oct-2025 10:00 AM,"[Repairing of tower raising cylinder, rod centralizer bush, power pack canopy, 03 Nos. Leveling Jack of REL 650 Drill Sl. No. RDC 1482 of Religara Project.]","[Repairing of tower raising cylinder, rod centralizer bush, power pack canopy, 03 Nos. Leveling Jack of REL 650 Drill Sl. No. RDC 1482 of Religara Project.]
																				[SO(X)(A)/e-NIT/44/25-26/137][2025_CCL_344634_1]",https://etender.up.nic.in/nicgep/app?component=%24DirectLink_0&page=FrontEndAdvancedSearchResult&service=direct&session=T&sp=SweY%2FPSji35rRI09AGnfxZA%3D%3D,Central Coalfields Limited||Argada
313,3,24-Sep-2025 06:00 PM,06-Oct-2025 05:00 PM,07-Oct-2025 10:00 AM,"[Repairing of both side steering cylinder, Rotating jaw, Rear axle arm, Battery Box, Slide cylinder and counterweight of BEML Tyre handler model BL14TH, Sl no. 18120 of Gidi-C Colliery.]","[Repairing of both side steering cylinder, Rotating jaw, Rear axle arm, Battery Box, Slide cylinder and counterweight of BEML Tyre handler model BL14TH, Sl no. 18120 of Gidi-C Colliery.]
																				[SO(X)(A)/e-NIT/43/25-26/136][2025_CCL_344620_1]",https://etender.up.nic.in/nicgep/app?component=%24DirectLink_0&page=FrontEndAdvancedSearchResult&service=direct&session=T&sp=S1LGUxw44NEry5gkT1ADYzA%3D%3D,Central Coalfields Limited||Argada
314,3,24-Sep-2025 06:00 PM,06-Oct-2025 11:00 AM,07-Oct-2025 11:30 AM,"[Repair of magazine and watch tower of Umrer Area with rcc pathway, concertina coil fencing and hardstand for parking at Umrer Area.]","[Repair of magazine and watch tower of Umrer Area with rcc pathway, concertina coil fencing and hardstand for parking at Umrer Area.]
																				[um4550-civ-0040-2025-26][2025_WCL_344613_1]",https://etender.up.nic.in/nicgep/app?component=%24DirectLink_0&page=FrontEndAdvancedSearchResult&service=direct&session=T&sp=SR%2FuErJ%2FsPhIAYD6fhSXwxw%3D%3D,Western Coalfields Limited||UMR||UMR_Civil
315,3,24-Sep-2025 06:00 PM,06-Oct-2025 06:00 PM,07-Oct-2025 11:00 AM,[Renovation of pond at Telenkachar under Bundia village Kudopali GP under CSR activity of OA],"[Renovation of pond at Telenkachar under Bundia village Kudopali GP under CSR activity of OA]
																				[MCL/GM/OA/SO(C)/e-T/25-26/23 dtd.24.09.2025][2025_MCL_344606_1]",https://etender.up.nic.in/nicgep/app?component=%24DirectLink_0&page=FrontEndAdvancedSearchResult&service=direct&session=T&sp=SuiNoOc%2FBAZIY1%2Baip2zEEg%3D%3D,Mahanadi Coalfields Limited||ORIENT AREA||ORIEN_CIVIL||CIVIL
316,3,24-Sep-2025 06:00 PM,06-Oct-2025 10:00 AM,07-Oct-2025 10:00 AM,"[Development of central nursery at Salanpur Area, ECL]","[Development of central nursery at Salanpur Area, ECL]
																				[SLN/GM/AE(C)/E-Tender/25-26/34 dt 20.09.2025][2025_ECL_344395_1]",https://etender.up.nic.in/nicgep/app?component=%24DirectLink_0&page=FrontEndAdvancedSearchResult&service=direct&session=T&sp=STembQOg%2FMM3a627dI96srw%3D%3D,Eastern Coalfields Limited||ECL_Salanpur area
317,3,24-Sep-2025 06:00 PM,06-Oct-2025 11:00 AM,07-Oct-2025 11:00 AM,[Dismantling of poles and conductors at new railway siding and repair and maintenance of 440 Volt O/H L.T line for power supply from LVS Section to P.O Office (KTW) and RLB Section to Weigh Bridge No. 2 under Kathara Washery],"[Dismantling of poles and conductors at new railway siding and repair and maintenance of 440 Volt O/H L.T line for power supply from LVS Section to P.O Office (KTW) and RLB Section to Weigh Bridge No. 2 under Kathara Washery]
																				[PO/KTW/EnM/eTen/25-26/65 Dated-24.09.2025][2025_CCL_344611_1]",https://etender.up.nic.in/nicgep/app?component=%24DirectLink_0&page=FrontEndAdvancedSearchResult&service=direct&session=T&sp=SgWTL1pDRoUTz%2FGHK8tfpmQ%3D%3D,Central Coalfields Limited||Kathara
318,3,24-Sep-2025 06:00 PM,06-Oct-2025 11:00 AM,07-Oct-2025 11:00 AM,[Repairing of 04 Nos. Operator Seats of Shovels and Drills of Jayant Project.],"[Repairing of 04 Nos. Operator Seats of Shovels and Drills of Jayant Project.]
																				[JNT/GM(Excv)/E-tender/25-26/30][2025_NCL_344526_1]",https://etender.up.nic.in/nicgep/app?component=%24DirectLink_0&page=FrontEndAdvancedSearchResult&service=direct&session=T&sp=SuxZ2Nmra0d4XYFTnIcL2eQ%3D%3D,Northern Coalfields Limited||Jayant Project
319,3,24-Sep-2025 06:00 PM,06-Oct-2025 11:00 AM,07-Oct-2025 11:00 AM,"[Fitment of safety glasses of operator cabin , cabin window glasses, front cabin glasses with rubber bead and denting work etc. in all models of dumpers, water tankers, water sprinkler and cranes.]","[Fitment of safety glasses of operator cabin , cabin window glasses, front cabin glasses with rubber bead and denting work etc. in all models of dumpers, water tankers, water sprinkler and cranes.]
																				[JNT/GM(Excv)/E-tender/25-26/29][2025_NCL_344525_1]",https://etender.up.nic.in/nicgep/app?component=%24DirectLink_0&page=FrontEndAdvancedSearchResult&service=direct&session=T&sp=SB0fFID%2F5sCYQyHDaAX%2B3XA%3D%3D,Northern Coalfields Limited||Jayant Project
320,3,24-Sep-2025 06:00 PM,06-Oct-2025 11:00 AM,07-Oct-2025 11:00 AM,"[Repair and overhauling of diesel engine Make- SIMPSON Sl. no. S433B37856 applicable for SHAKTI 12T Crane, CIL no. MC-822.]","[Repair and overhauling of diesel engine Make- SIMPSON Sl. no. S433B37856 applicable for SHAKTI 12T Crane, CIL no. MC-822.]
																				[JNT/GM(Excv)/E-tender/25-26/28][2025_NCL_344523_1]",https://etender.up.nic.in/nicgep/app?component=%24DirectLink_0&page=FrontEndAdvancedSearchResult&service=direct&session=T&sp=Si1mBoSUEZXb8L5fOrchpuw%3D%3D,Northern Coalfields Limited||Jayant Project
21,2,29-Sep-2025 10:00 AM,13-Oct-2025 05:00 PM,15-Oct-2025 11:00 AM,"[(A) Repairing of NFLP ACB Switch of Make ABC Electricals Pvt. Ltd, 400A,550V SI.No.365 of secondary switch Hadhadiya substation of NAKC (B) Repairing of NFLP ACb Switch of MAke SAIT Mine Line Pvt. Ltd, 800A, 440V SI.No. SA 1544 of 5 Pit Substation ]","[(A) Repairing of NFLP ACB Switch of Make ABC Electricals Pvt. Ltd, 400A,550V SI.No.365 of secondary switch Hadhadiya substation of NAKC (B) Repairing of NFLP ACb Switch of MAke SAIT Mine Line Pvt. Ltd, 800A, 440V SI.No. SA 1544 of 5 Pit Substation ]
																				[BCCL/GA-III/AM (EnM) E-TENDER/2025-26/133		 Date- 22.09.2025][2025_BCCL_344726_1]",https://etender.up.nic.in/nicgep/app?component=%24DirectLink_0&page=FrontEndAdvancedSearchResult&service=direct&session=T&sp=SKVzePGdxganQpzDQz1t6mw%3D%3D,Bharat Coking Coal Limited||BCCL_GOVINDPUR AREA
301,35,24-Sep-2025 06:55 PM,10-Oct-2025 11:00 AM,11-Oct-2025 11:00 AM,[Renovation of deshalling plant CHP shift office MCC-1  2 Coal and OB substation at Bina project],"[Renovation of deshalling plant CHP shift office MCC-1  2 Coal and OB substation at Bina project]
																				[B/Civil/2025-26/ETN-26 dtd 24.09.2025][2025_NCL_344663_1]",https://etender.up.nic.in/nicgep/app?component=%24DirectLink_0&page=FrontEndAdvancedSearchResult&service=direct&session=T&sp=SxKilbNaJtrF8k6FW%2BVhv%2BQ%3D%3D,Northern Coalfields Limited||Bina Project
101,20,27-Sep-2025 06:00 PM,09-Oct-2025 06:00 PM,10-Oct-2025 10:00 AM,"[Repairing of sprocket mounting assembly, sprocket segment Equalizer, bar, Driveling, Transmission guard and radiator guard transmission and  hydraulic cooling assembly and  Glass of Dozer BD-355, make BEML, Sl. No. 11580 at Kedla Washery.]","[Repairing of sprocket mounting assembly, sprocket segment Equalizer, bar, Driveling, Transmission guard and radiator guard transmission and  hydraulic cooling assembly and  Glass of Dozer BD-355, make BEML, Sl. No. 11580 at Kedla Washery.]
																				[PO/KW/E-Tender/HEMM/25-26/46 Dated-27.09.2025][2025_CCL_344863_1]",https://etender.up.nic.in/nicgep/app?component=%24DirectLink_0&page=FrontEndAdvancedSearchResult&service=direct&session=T&sp=S%2BiTVbXnH4fkxMmtprza8pw%3D%3D,Central Coalfields Limited||Hazaribag
302,35,24-Sep-2025 06:55 PM,07-Oct-2025 05:00 PM,08-Oct-2025 05:00 PM,[Construction of Public Toilet near Maa Jwala Mukhi Temple near Shaktinagar UP under CSR Scheme],"[Construction of Public Toilet near Maa Jwala Mukhi Temple near Shaktinagar UP under CSR Scheme]
																				[DCH/SO(C)/2025-26/ETN-22 dated 24.09.2025][2025_NCL_344661_1]",https://etender.up.nic.in/nicgep/app?component=%24DirectLink_0&page=FrontEndAdvancedSearchResult&service=direct&session=T&sp=SpgVolzrCPIJSMQifmfTWhw%3D%3D,Northern Coalfields Limited||Dudichua Project
102,20,27-Sep-2025 06:00 PM,09-Oct-2025 11:00 AM,10-Oct-2025 10:00 AM,[Repairing of Mine Line ACB 400Amp. 550V SL. No.- 5509 of Filter Plant Colony for Water Supply at KOCP],"[Repairing of Mine Line ACB 400Amp. 550V SL. No.- 5509 of Filter Plant Colony for Water Supply at KOCP]
																				[BCCL/BA-IX/ENM/25-26/149   26/09/2025][2025_BCCL_344867_1]",https://etender.up.nic.in/nicgep/app?component=%24DirectLink_0&page=FrontEndAdvancedSearchResult&service=direct&session=T&sp=SnpfRGy0UMzChL%2BXa8Qhi4A%3D%3D,Bharat Coking Coal Limited||BCCL_BASTACOLLA AREA||EnM
22,2,29-Sep-2025 10:00 AM,13-Oct-2025 05:00 PM,15-Oct-2025 11:00 AM,"[Part Repairing of 500KVA, 11KV/440V NGEF make Transformer Sl. No. 2800022205 for domestic power supply at South Govindpur Colliery under Govindpur Area-III]","[Part Repairing of 500KVA, 11KV/440V NGEF make Transformer Sl. No. 2800022205 for domestic power supply at South Govindpur Colliery under Govindpur Area-III]
																				[BCCL/GA-III/AM (EnM) E-TENDER/2025-26/132		 Date- 22.09.2025][2025_BCCL_344684_1]",https://etender.up.nic.in/nicgep/app?component=%24DirectLink_0&page=FrontEndAdvancedSearchResult&service=direct&session=T&sp=S4oVeS1nflEuYQYZkatI06g%3D%3D,Bharat Coking Coal Limited||BCCL_GOVINDPUR AREA
303,35,24-Sep-2025 06:55 PM,04-Oct-2025 06:55 PM,06-Oct-2025 11:00 AM,"[Supply and fixing of UPS Backup system of 02 nos, weighbridges installed at Karma Project Under Kuju Area.]","[Supply and fixing of UPS Backup system of 02 nos, weighbridges installed at Karma Project Under Kuju Area.]
																				[GM (K)/EnM/eTender/25-26/144 ][2025_CCL_344658_1]",https://etender.up.nic.in/nicgep/app?component=%24DirectLink_0&page=FrontEndAdvancedSearchResult&service=direct&session=T&sp=SIBh3u5mvtDgCgeoeO4mTIA%3D%3D,Central Coalfields Limited||Kuju
103,20,27-Sep-2025 06:00 PM,09-Oct-2025 11:00 AM,10-Oct-2025 10:00 AM,[Complete Repairing of 400 Amp 11KV Medtron Make Sl. No.- 6309 VCB Switch with Busbar at Victory Colliery.     ],"[Complete Repairing of 400 Amp 11KV Medtron Make Sl. No.- 6309 VCB Switch with Busbar at Victory Colliery.     ]
																				[BCCL/BA-IX/ENM/25-26/150   26/09/2025][2025_BCCL_344868_1]",https://etender.up.nic.in/nicgep/app?component=%24DirectLink_0&page=FrontEndAdvancedSearchResult&service=direct&session=T&sp=SLexvhg3myxLVC9VE1jF16w%3D%3D,Bharat Coking Coal Limited||BCCL_BASTACOLLA AREA||EnM
304,35,24-Sep-2025 06:55 PM,06-Oct-2025 10:00 AM,07-Oct-2025 10:00 AM,[Preparation of safety week 2025-26 in mine area at Krishanshila Project.],"[Preparation of safety week 2025-26 in mine area at Krishanshila Project.]
																				[ 	KSL/Civil/Tender/2025-26/ ETN-09 Dated. 24.09.2025][2025_NCL_344651_1]",https://etender.up.nic.in/nicgep/app?component=%24DirectLink_0&page=FrontEndAdvancedSearchResult&service=direct&session=T&sp=Srn9pH06M2CK2GWY6s9IJEQ%3D%3D,Northern Coalfields Limited||Krishnashila Project
23,2,29-Sep-2025 10:00 AM,10-Oct-2025 04:00 PM,11-Oct-2025 04:00 PM,[Repairing of busbar 33KV and 11KV 02 nos installed at regional sub-station under Kathara Colliery],"[Repairing of busbar 33KV and 11KV 02 nos installed at regional sub-station under Kathara Colliery]
																				[KTC/PE/EnM/25-26/43	 date-28.09.2025][2025_CCL_344902_1]",https://etender.up.nic.in/nicgep/app?component=%24DirectLink_0&page=FrontEndAdvancedSearchResult&service=direct&session=T&sp=S%2FpJBMdU55Vq5l4%2BPRAu9dA%3D%3D,Central Coalfields Limited||Kathara
305,35,24-Sep-2025 06:55 PM,13-Oct-2025 11:00 AM,14-Oct-2025 11:00 AM,[Providing and fixing concertina fencing around new B type sectors (7 to 16) at Nigahi Project],"[Providing and fixing concertina fencing around new B type sectors (7 to 16) at Nigahi Project]
																				[NGH/C/25-26/ETN-22 Dated 23.09.2025][2025_NCL_344649_1]",https://etender.up.nic.in/nicgep/app?component=%24DirectLink_0&page=FrontEndAdvancedSearchResult&service=direct&session=T&sp=S2cnm7pGRb9IAq8wjipwjxg%3D%3D,Northern Coalfields Limited||Nigahi Project
104,20,27-Sep-2025 06:00 PM,10-Oct-2025 06:00 PM,11-Oct-2025 06:00 PM,[Repairing of Boundary wall at Agent office under Bankola Colliery.],"[Repairing of Boundary wall at Agent office under Bankola Colliery.]
																				[ 	ECL/GM/BA/E TENDER/25-26/Civil/56 Dt 27.09.2025][2025_ECL_344853_1]",https://etender.up.nic.in/nicgep/app?component=%24DirectLink_0&page=FrontEndAdvancedSearchResult&service=direct&session=T&sp=SBX0k8sTgfRMtjv9J9NsxZQ%3D%3D,Eastern Coalfields Limited||ECL_Bankola area
306,35,24-Sep-2025 06:55 PM,04-Oct-2025 06:55 PM,06-Oct-2025 11:00 AM,[Fabrication and installation of 02 numbers Water Tanker point at Topa Project under Kuju Area.],"[Fabrication and installation of 02 numbers Water Tanker point at Topa Project under Kuju Area.]
																				[GM (K)/EnM/eTender/25-26/146][2025_CCL_344656_1]",https://etender.up.nic.in/nicgep/app?component=%24DirectLink_0&page=FrontEndAdvancedSearchResult&service=direct&session=T&sp=S8KaFrdXKWNEps3QbZvIR2Q%3D%3D,Central Coalfields Limited||Kuju
24,2,29-Sep-2025 10:00 AM,11-Oct-2025 05:00 PM,13-Oct-2025 11:00 AM,[Construction of Garage at Quarter No C/6 of No 3 officer colony of sohagpur Area],"[Construction of Garage at Quarter No C/6 of No 3 officer colony of sohagpur Area]
																				[SECL/SGP/SO(C)/ e-TENDER/2025-26/38 dt. 28.09.2025][2025_SECL_344884_1]",https://etender.up.nic.in/nicgep/app?component=%24DirectLink_0&page=FrontEndAdvancedSearchResult&service=direct&session=T&sp=Sn4U93NHdvZOUpGnzeHg47w%3D%3D,South Eastern Coalfields Limited||Sohagpur Area
105,20,27-Sep-2025 06:00 PM,10-Oct-2025 06:00 PM,11-Oct-2025 06:00 PM,"[Calibration of D 6 Methanometer, Local Methane Detector, Multi Gas Detector and Anemometer of Shyamsundarpur Colliery under Bankola Area]","[Calibration of D 6 Methanometer, Local Methane Detector, Multi Gas Detector and Anemometer of Shyamsundarpur Colliery under Bankola Area]
																				[ 	ECL/GM/BA/E TENDER/25-26/Min/84 Dt 27.09.2025][2025_ECL_344854_1]",https://etender.up.nic.in/nicgep/app?component=%24DirectLink_0&page=FrontEndAdvancedSearchResult&service=direct&session=T&sp=Sa2ycKTHrxpEqhh%2FpOTk9Ig%3D%3D,Eastern Coalfields Limited||ECL_Bankola area
106,20,27-Sep-2025 06:00 PM,10-Oct-2025 06:00 PM,11-Oct-2025 06:00 PM,[Engagement of JCB for kutccha drain cutting and other miscellaneous work near CHP of Kumardihi B Colliery.],"[Engagement of JCB for kutccha drain cutting and other miscellaneous work near CHP of Kumardihi B Colliery.]
																				[ECL/GM/BA/E TENDER/25-26/Min/85 Dt 27.09.2025][2025_ECL_344857_1]",https://etender.up.nic.in/nicgep/app?component=%24DirectLink_0&page=FrontEndAdvancedSearchResult&service=direct&session=T&sp=Shge%2FL7bsaP%2Bv2D5wfzJfEQ%3D%3D,Eastern Coalfields Limited||ECL_Bankola area
307,35,24-Sep-2025 06:55 PM,06-Oct-2025 10:00 AM,07-Oct-2025 10:00 AM,[Providing pipeline from mine water discharge point to fire hydrant reservoir at Krishnashila Project.],"[Providing pipeline from mine water discharge point to fire hydrant reservoir at Krishnashila Project.]
																				[ 	KSL/Civil/Tender/2025-26/ ETN-08 Dated. 24.09.2025][2025_NCL_344615_1]",https://etender.up.nic.in/nicgep/app?component=%24DirectLink_0&page=FrontEndAdvancedSearchResult&service=direct&session=T&sp=Sth855anshGF26zYTGOvOGg%3D%3D,Northern Coalfields Limited||Krishnashila Project
25,2,29-Sep-2025 10:00 AM,09-Oct-2025 05:00 PM,10-Oct-2025 11:00 AM,[Repairing of Boundary Wall for covering of Transformer Room at P.G Pahari under Lodna Area ],"[Repairing of Boundary Wall for covering of Transformer Room at P.G Pahari under Lodna Area ]
																				[BCCL/LA/CIVIL/e NIT/2025-26/ 13 Date  27.09.2025    ][2025_BCCL_344652_1]",https://etender.up.nic.in/nicgep/app?component=%24DirectLink_0&page=FrontEndAdvancedSearchResult&service=direct&session=T&sp=Sulo7u9n4mBFK8ZPrdjw10g%3D%3D,Bharat Coking Coal Limited||BCCL_LODNA AREA
107,20,27-Sep-2025 06:00 PM,08-Oct-2025 04:00 PM,09-Oct-2025 04:00 PM,"[Dismantling, installation of Pump-Motor set up to 550V along with cable handling and repairing, maintenance and modification of Base-plate if and when required for a period of one year (365-days) of all Pump-motor set under Water Supply (12) Nos. Pum]","[Dismantling, installation of Pump-Motor set up to 550V along with cable handling and repairing, maintenance and modification of Base-plate if and when required for a period of one year (365-days) of all Pump-motor set under Water Supply (12) Nos. Pum]
																				[KTC/PE/EnM/25-26/41 date-27.09.2025][2025_CCL_344812_1]",https://etender.up.nic.in/nicgep/app?component=%24DirectLink_0&page=FrontEndAdvancedSearchResult&service=direct&session=T&sp=SLnASEMRmtQYtksZASofexw%3D%3D,Central Coalfields Limited||Kathara
308,35,24-Sep-2025 06:55 PM,13-Oct-2025 11:00 AM,14-Oct-2025 11:00 AM,"[Recarpetting of approach and internal roads of C type (Quarters Sector 3 to 5) , D type , B type Sector 7 to 14 and other prominent locations  at Nigahi Project (Phase -III)]","[Recarpetting of approach and internal roads of C type (Quarters Sector 3 to 5) , D type , B type Sector 7 to 14 and other prominent locations  at Nigahi Project (Phase -III)]
																				[NGH/C/25-26/ETN-23 Dated 23.09.2025][2025_NCL_344653_1]",https://etender.up.nic.in/nicgep/app?component=%24DirectLink_0&page=FrontEndAdvancedSearchResult&service=direct&session=T&sp=SnAzWrj8lXWsaQPx3YoPCng%3D%3D,Northern Coalfields Limited||Nigahi Project
26,2,29-Sep-2025 10:00 AM,15-Oct-2025 06:00 PM,17-Oct-2025 11:00 AM,[Work of White washing and Stone Dusting of travelling and haulage roadways in seam I at Rani Atari UG Mine],"[Work of White washing and Stone Dusting of travelling and haulage roadways in seam I at Rani Atari UG Mine]
																				[eTender/25-26/RA/R-13/14 Date 28.09.2025][2025_SECL_344901_1]",https://etender.up.nic.in/nicgep/app?component=%24DirectLink_0&page=FrontEndAdvancedSearchResult&service=direct&session=T&sp=STanTH3Xm7rKWMfj8uVTk5A%3D%3D,South Eastern Coalfields Limited||Chirimiri Area
108,20,27-Sep-2025 06:00 PM,09-Oct-2025 05:00 PM,10-Oct-2025 11:00 AM,"[Supply and installation of Copper pad clamp connectors for Dog type conductor and Preventive Maintenance of Transformers supplying power to Townships in respect of Dakra Project, NK Area]","[Supply and installation of Copper pad clamp connectors for Dog type conductor and Preventive Maintenance of Transformers supplying power to Townships in respect of Dakra Project, NK Area]
																				[GM (NK)/EnM/e-NIT/2025-26/94  ][2025_CCL_344827_1]",https://etender.up.nic.in/nicgep/app?component=%24DirectLink_0&page=FrontEndAdvancedSearchResult&service=direct&session=T&sp=S1BNcKer1xwKV2j3geFbJHg%3D%3D,Central Coalfields Limited||NK Dakara
309,35,24-Sep-2025 06:00 PM,06-Oct-2025 05:00 PM,07-Oct-2025 10:00 AM,"[Repairing of Left side final drive planetary gear box, track roller 07 nos. (LHS) and Carrier Roller 02 nos. (LHS) of LnT make CK-300E Shovel Sl.no.E-164 of Gidi-C Colliery.]","[Repairing of Left side final drive planetary gear box, track roller 07 nos. (LHS) and Carrier Roller 02 nos. (LHS) of LnT make CK-300E Shovel Sl.no.E-164 of Gidi-C Colliery.]
																				[SO(X)(A)/e-NIT/45/25-26/138][2025_CCL_344639_1]",https://etender.up.nic.in/nicgep/app?component=%24DirectLink_0&page=FrontEndAdvancedSearchResult&service=direct&session=T&sp=SbIs7PmOxeLOtG9Reu%2B%2BPkw%3D%3D,Central Coalfields Limited||Argada
109,20,27-Sep-2025 06:00 PM,13-Oct-2025 06:00 PM,14-Oct-2025 12:00 PM,[Construction of 06 nos Sectionalisation Stoppings at CM  Panel 5 of R V seam at MIC Unit under JPC],"[Construction of 06 nos Sectionalisation Stoppings at CM  Panel 5 of R V seam at MIC Unit under JPC]
																				[ECL/GM/JNR/MIN.A/25-26/21 Dt. 26.09.2025][2025_ECL_344838_1]",https://etender.up.nic.in/nicgep/app?component=%24DirectLink_0&page=FrontEndAdvancedSearchResult&service=direct&session=T&sp=S50%2Bzrpr41FRWIqCWM69mIA%3D%3D,Eastern Coalfields Limited||ECL_Jhanjra area
27,2,29-Sep-2025 10:00 AM,13-Oct-2025 05:00 PM,15-Oct-2025 11:00 AM,"[Providing and fixing of lightning arrestors, earthing and erection of metallic pole for wire shielding of weighbridges and Boom Barriers at Gevra Project]","[Providing and fixing of lightning arrestors, earthing and erection of metallic pole for wire shielding of weighbridges and Boom Barriers at Gevra Project]
																				[SECL/GA/SOENM/ 25-26/E-TENDER/69 Dt. 28/09/2025][2025_SECL_344897_1]",https://etender.up.nic.in/nicgep/app?component=%24DirectLink_0&page=FrontEndAdvancedSearchResult&service=direct&session=T&sp=S0JGIM9txhTTxMw1032bPmg%3D%3D,South Eastern Coalfields Limited||Gevra Area
310,35,24-Sep-2025 06:00 PM,10-Oct-2025 10:00 AM,11-Oct-2025 10:00 AM,"[Operation of EI cabin, LC gate, Electrical and mechanical signalling works along with maintenance of railway track at Dalmiya private railway siding under Salanpur Area. (for 1 year)]","[Operation of EI cabin, LC gate, Electrical and mechanical signalling works along with maintenance of railway track at Dalmiya private railway siding under Salanpur Area. (for 1 year)]
																				[SLN/GM/AE(C)/E-Tender/25-26/35 dt 22.09.2025][2025_ECL_344513_1]",https://etender.up.nic.in/nicgep/app?component=%24DirectLink_0&page=FrontEndAdvancedSearchResult&service=direct&session=T&sp=SLmGUBzlm0ieX5LyLLri40Q%3D%3D,Eastern Coalfields Limited||ECL_Salanpur area
110,20,27-Sep-2025 06:00 PM,10-Oct-2025 06:00 PM,11-Oct-2025 06:00 PM,[Minor Repairing of Millennium Colliery Coal Transport Road from main road to the Loading Point under Bankola Area.],"[Minor Repairing of Millennium Colliery Coal Transport Road from main road to the Loading Point under Bankola Area.]
																				[ECL/GM/BA/E TENDER/25-26/Civil/55  Dt 27.09.2025][2025_ECL_344815_1]",https://etender.up.nic.in/nicgep/app?component=%24DirectLink_0&page=FrontEndAdvancedSearchResult&service=direct&session=T&sp=SWjg78JERUkmm0UkPegolVg%3D%3D,Eastern Coalfields Limited||ECL_Bankola area
28,2,29-Sep-2025 10:00 AM,13-Oct-2025 05:00 PM,15-Oct-2025 11:00 AM,[Repairing and rewinding of drill panel Sl.No.JCDP/01 ABC Make 550V/125V for Jogidih Colliery under Govindpur Area III.],"[Repairing and rewinding of drill panel Sl.No.JCDP/01 ABC Make 550V/125V for Jogidih Colliery under Govindpur Area III.]
																				[BCCL/GA-III/AM (EnM) E-TENDER/2025-26/128		 Date- 22.09.2025][2025_BCCL_344642_1]",https://etender.up.nic.in/nicgep/app?component=%24DirectLink_0&page=FrontEndAdvancedSearchResult&service=direct&session=T&sp=San%2F2q3bbs6sgsTbrHAZQmQ%3D%3D,Bharat Coking Coal Limited||BCCL_GOVINDPUR AREA
311,35,24-Sep-2025 06:00 PM,06-Oct-2025 10:00 AM,07-Oct-2025 10:00 AM,"[Development of central nursery at Salanpur Area, ECL]","[Development of central nursery at Salanpur Area, ECL]
																				[SLN/GM/AE(C)/E-Tender/25-26/34 dt 20.09.2025][2025_ECL_344395_1]",https://etender.up.nic.in/nicgep/app?component=%24DirectLink_0&page=FrontEndAdvancedSearchResult&service=direct&session=T&sp=STembQOg%2FMM3a627dI96srw%3D%3D,Eastern Coalfields Limited||ECL_Salanpur area
111,20,27-Sep-2025 06:00 PM,10-Oct-2025 06:00 PM,11-Oct-2025 06:00 PM,[Debris cleaning for drift joining in RVIIA seam at Shyamsundarpur colliery],"[Debris cleaning for drift joining in RVIIA seam at Shyamsundarpur colliery]
																				[ 	ECL/GM/BA/E TENDER/25-26/Min/91 Dt 27.09.2025][2025_ECL_344866_1]",https://etender.up.nic.in/nicgep/app?component=%24DirectLink_0&page=FrontEndAdvancedSearchResult&service=direct&session=T&sp=SctjpJdsVv3SvVRZDcUOvtQ%3D%3D,Eastern Coalfields Limited||ECL_Bankola area
312,35,24-Sep-2025 06:00 PM,06-Oct-2025 11:00 AM,07-Oct-2025 11:00 AM,"[Repair and overhauling of diesel engine Make- SIMPSON Sl. no. S433B37856 applicable for SHAKTI 12T Crane, CIL no. MC-822.]","[Repair and overhauling of diesel engine Make- SIMPSON Sl. no. S433B37856 applicable for SHAKTI 12T Crane, CIL no. MC-822.]
																				[JNT/GM(Excv)/E-tender/25-26/28][2025_NCL_344523_1]",https://etender.up.nic.in/nicgep/app?component=%24DirectLink_0&page=FrontEndAdvancedSearchResult&service=direct&session=T&sp=Si1mBoSUEZXb8L5fOrchpuw%3D%3D,Northern Coalfields Limited||Jayant Project
112,20,27-Sep-2025 06:00 PM,10-Oct-2025 06:00 PM,11-Oct-2025 06:00 PM,"[Supply of drinking water through 5000 Litre capacity tanker at shyamsundarpur village, shyamsundarpur old colony, Jharia Dangal Dangal Dhowrah of Tilaboni colliery under Bankola Area.]","[Supply of drinking water through 5000 Litre capacity tanker at shyamsundarpur village, shyamsundarpur old colony, Jharia Dangal Dangal Dhowrah of Tilaboni colliery under Bankola Area.]
																				[ 	ECL/GM/BA/E TENDER/25-26/Civil/54 Dt 27.09.2025][2025_ECL_344810_1]",https://etender.up.nic.in/nicgep/app?component=%24DirectLink_0&page=FrontEndAdvancedSearchResult&service=direct&session=T&sp=SE7Ciij4KaN6rR2uw%2B7bw2Q%3D%3D,Eastern Coalfields Limited||ECL_Bankola area
29,2,29-Sep-2025 10:00 AM,10-Oct-2025 10:00 AM,11-Oct-2025 10:00 AM,"[CAMC internal  Electrical Repairing / rewiring and changing of electrical items as switches, switch board, earth pit and copper wire etc for electrical day to day  maintenance  of  office building Regional Store, shed A,B,C,D,E, Receipt section ,RCC ]","[CAMC internal  Electrical Repairing / rewiring and changing of electrical items as switches, switch board, earth pit and copper wire etc for electrical day to day  maintenance  of  office building Regional Store, shed A,B,C,D,E, Receipt section ,RCC ]
																				[GM/SO/EnM/GMU KTA/E-Tender/2025-26/12Dated 27.09.2025][2025_CCL_344878_1]",https://etender.up.nic.in/nicgep/app?component=%24DirectLink_0&page=FrontEndAdvancedSearchResult&service=direct&session=T&sp=ScHFOiQ9H984taOomU3DDoQ%3D%3D,Central Coalfields Limited||Kathara
313,35,24-Sep-2025 06:00 PM,06-Oct-2025 05:00 PM,07-Oct-2025 10:00 AM,"[Repairing of tower raising cylinder, rod centralizer bush, power pack canopy, 03 Nos. Leveling Jack of REL 650 Drill Sl. No. RDC 1482 of Religara Project.]","[Repairing of tower raising cylinder, rod centralizer bush, power pack canopy, 03 Nos. Leveling Jack of REL 650 Drill Sl. No. RDC 1482 of Religara Project.]
																				[SO(X)(A)/e-NIT/44/25-26/137][2025_CCL_344634_1]",https://etender.up.nic.in/nicgep/app?component=%24DirectLink_0&page=FrontEndAdvancedSearchResult&service=direct&session=T&sp=SweY%2FPSji35rRI09AGnfxZA%3D%3D,Central Coalfields Limited||Argada
113,20,27-Sep-2025 06:00 PM,10-Oct-2025 06:00 PM,11-Oct-2025 06:00 PM,[Making kachha approach road from Sarpi new Transformer room to new bore holes behind sarpi pit shyamsundarpur colliery under Bankola Area.],"[Making kachha approach road from Sarpi new Transformer room to new bore holes behind sarpi pit shyamsundarpur colliery under Bankola Area.]
																				[ECL/GM/BA/E TENDER/25-26/Civil/53 Dt 27.09.2025][2025_ECL_344808_1]",https://etender.up.nic.in/nicgep/app?component=%24DirectLink_0&page=FrontEndAdvancedSearchResult&service=direct&session=T&sp=Seh273iGUASyU6MO%2FcVPN0A%3D%3D,Eastern Coalfields Limited||ECL_Bankola area
30,2,29-Sep-2025 10:00 AM,10-Oct-2025 05:00 PM,11-Oct-2025 11:00 AM,[Provision of paver block in Bhatadi colony under BSA of Chandrapur Area.],"[Provision of paver block in Bhatadi colony under BSA of Chandrapur Area.]
																				[WCL_CHA_civil_eT-062][2025_WCL_344749_1]",https://etender.up.nic.in/nicgep/app?component=%24DirectLink_0&page=FrontEndAdvancedSearchResult&service=direct&session=T&sp=SJx8TFyoAiyU%2FbuqAPIYzYw%3D%3D,Western Coalfields Limited||CHP||CHP_Civil
114,20,27-Sep-2025 06:00 PM,10-Oct-2025 06:00 PM,11-Oct-2025 06:00 PM,"[Supply of drinking water to (i)  Ukhra Panchayat, (ii) Telipara (ii) Sarpi More (iv)  Dangipara  Khad para Anand More  Pathak para and Muchi para and (v) 3 4 No  pit of Majhipara of Shyamsundarpur colliery under Bankola Area.]","[Supply of drinking water to (i)  Ukhra Panchayat, (ii) Telipara (ii) Sarpi More (iv)  Dangipara  Khad para Anand More  Pathak para and Muchi para and (v) 3 4 No  pit of Majhipara of Shyamsundarpur colliery under Bankola Area.]
																				[ECL/GM/BA/E TENDER/25-26/Civil/52 Dt 27.09.2025][2025_ECL_344806_1]",https://etender.up.nic.in/nicgep/app?component=%24DirectLink_0&page=FrontEndAdvancedSearchResult&service=direct&session=T&sp=SkPoKZ9m6kcco41GkWtnVow%3D%3D,Eastern Coalfields Limited||ECL_Bankola area
314,35,24-Sep-2025 06:00 PM,15-Oct-2025 05:00 PM,17-Oct-2025 11:00 AM,"[Development of external drainage system of entire colony, Dust Bins, providing Paver Block over berms of main road of colony from front entrance to back entrance at Hilltop colony of SOCP under Ib Valley Area.]","[Development of external drainage system of entire colony, Dust Bins, providing Paver Block over berms of main road of colony from front entrance to back entrance at Hilltop colony of SOCP under Ib Valley Area.]
																				[MCL/Samb/Civil-Wel/e Tender/25-26/16 dt 24/09/2025][2025_MCL_344597_1]",https://etender.up.nic.in/nicgep/app?component=%24DirectLink_0&page=FrontEndAdvancedSearchResult&service=direct&session=T&sp=SNQfMHxOnhZnwhsr1m6f%2Bsw%3D%3D,Mahanadi Coalfields Limited||HQ CIVIL-WELFARE N CSR||CIVIL-WELFARE N CSR
301,15,24-Sep-2025 06:55 PM,13-Oct-2025 11:00 AM,14-Oct-2025 11:00 AM,"[Recarpetting of approach and internal roads of C type (Quarters Sector 3 to 5) , D type , B type Sector 7 to 14 and other prominent locations  at Nigahi Project (Phase -III)]","[Recarpetting of approach and internal roads of C type (Quarters Sector 3 to 5) , D type , B type Sector 7 to 14 and other prominent locations  at Nigahi Project (Phase -III)]
																				[NGH/C/25-26/ETN-23 Dated 23.09.2025][2025_NCL_344653_1]",https://etender.up.nic.in/nicgep/app?component=%24DirectLink_0&page=FrontEndAdvancedSearchResult&service=direct&session=T&sp=SnAzWrj8lXWsaQPx3YoPCng%3D%3D,Northern Coalfields Limited||Nigahi Project
31,2,29-Sep-2025 10:00 AM,10-Oct-2025 05:00 PM,11-Oct-2025 11:00 AM,"[Revamping of three nos. rest shelters at old RC Office, Excavation WS, Sector-V and Manager Office, DOC under DSA of Chandrapur Area.]","[Revamping of three nos. rest shelters at old RC Office, Excavation WS, Sector-V and Manager Office, DOC under DSA of Chandrapur Area.]
																				[WCL_CHA_civil_eT-063][2025_WCL_344899_1]",https://etender.up.nic.in/nicgep/app?component=%24DirectLink_0&page=FrontEndAdvancedSearchResult&service=direct&session=T&sp=SKffywfN7949CxsBJIGMAwQ%3D%3D,Western Coalfields Limited||CHP||CHP_Civil
115,20,27-Sep-2025 06:00 PM,09-Oct-2025 06:00 PM,10-Oct-2025 06:00 PM,[major overhauling of steam winder at 5n6 pits of Nakrakonda-Kumardihi B Colliery  under Bankola Area.],"[major overhauling of steam winder at 5n6 pits of Nakrakonda-Kumardihi B Colliery  under Bankola Area.]
																				[ECL/GM/BA/E TENDER/25-26/ENM/135  Dt 27.09.2025][2025_ECL_344855_1]",https://etender.up.nic.in/nicgep/app?component=%24DirectLink_0&page=FrontEndAdvancedSearchResult&service=direct&session=T&sp=S4RMsgs7zE%2BiZ2wDykOKyuw%3D%3D,Eastern Coalfields Limited||ECL_Bankola area
315,35,24-Sep-2025 06:00 PM,06-Oct-2025 06:00 PM,07-Oct-2025 11:00 AM,[Renovation of pond at Telenkachar under Bundia village Kudopali GP under CSR activity of OA],"[Renovation of pond at Telenkachar under Bundia village Kudopali GP under CSR activity of OA]
																				[MCL/GM/OA/SO(C)/e-T/25-26/23 dtd.24.09.2025][2025_MCL_344606_1]",https://etender.up.nic.in/nicgep/app?component=%24DirectLink_0&page=FrontEndAdvancedSearchResult&service=direct&session=T&sp=SuiNoOc%2FBAZIY1%2Baip2zEEg%3D%3D,Mahanadi Coalfields Limited||ORIENT AREA||ORIEN_CIVIL||CIVIL
302,15,24-Sep-2025 06:55 PM,06-Oct-2025 10:00 AM,07-Oct-2025 10:00 AM,[Providing pipeline from mine water discharge point to fire hydrant reservoir at Krishnashila Project.],"[Providing pipeline from mine water discharge point to fire hydrant reservoir at Krishnashila Project.]
																				[ 	KSL/Civil/Tender/2025-26/ ETN-08 Dated. 24.09.2025][2025_NCL_344615_1]",https://etender.up.nic.in/nicgep/app?component=%24DirectLink_0&page=FrontEndAdvancedSearchResult&service=direct&session=T&sp=Sth855anshGF26zYTGOvOGg%3D%3D,Northern Coalfields Limited||Krishnashila Project
116,20,27-Sep-2025 06:00 PM,09-Oct-2025 03:00 PM,10-Oct-2025 10:00 AM,"[Construction of PCC Road from main road to Panchayat Bhawan at Saunda Basti within Patratu Block under CSR Scheme of FY 2024-25, Barka-Sayal Area.]","[Construction of PCC Road from main road to Panchayat Bhawan at Saunda Basti within Patratu Block under CSR Scheme of FY 2024-25, Barka-Sayal Area.]
																				[GM(B-S)/Civil/Tender/2025-26/ 436][2025_CCL_344832_1]",https://etender.up.nic.in/nicgep/app?component=%24DirectLink_0&page=FrontEndAdvancedSearchResult&service=direct&session=T&sp=Sy6NaEwGuXvontG%2BWhdhMLQ%3D%3D,Central Coalfields Limited||Barka Syal
316,35,24-Sep-2025 06:00 PM,06-Oct-2025 11:00 AM,07-Oct-2025 11:30 AM,[Providing and fixing of HDPE pipeline from MKD Sump near TSMQ to Magazine of Umrer Area.],"[Providing and fixing of HDPE pipeline from MKD Sump near TSMQ to Magazine of Umrer Area.]
																				[um4550-civ-0040-2025-26][2025_WCL_344613_2]",https://etender.up.nic.in/nicgep/app?component=%24DirectLink_0&page=FrontEndAdvancedSearchResult&service=direct&session=T&sp=SrS6Pwsjbj2xgr2nHEqnkZg%3D%3D,Western Coalfields Limited||UMR||UMR_Civil
32,2,29-Sep-2025 10:00 AM,13-Oct-2025 05:00 PM,15-Oct-2025 11:00 AM,[Repairing of SD 15 Star delta starter 550v Jogidih colliery under Govindpur Area III],"[Repairing of SD 15 Star delta starter 550v Jogidih colliery under Govindpur Area III]
																				[BCCL/GA-III/AM (EnM) E-TENDER/2025-26/127		 Date- 22.09.2025][2025_BCCL_344629_1]",https://etender.up.nic.in/nicgep/app?component=%24DirectLink_0&page=FrontEndAdvancedSearchResult&service=direct&session=T&sp=SmlJTeqZj6ZyBBORiZHD1Gw%3D%3D,Bharat Coking Coal Limited||BCCL_GOVINDPUR AREA
303,15,24-Sep-2025 06:55 PM,07-Oct-2025 05:00 PM,08-Oct-2025 05:00 PM,[Construction of Public Toilet near Maa Jwala Mukhi Temple near Shaktinagar UP under CSR Scheme],"[Construction of Public Toilet near Maa Jwala Mukhi Temple near Shaktinagar UP under CSR Scheme]
																				[DCH/SO(C)/2025-26/ETN-22 dated 24.09.2025][2025_NCL_344661_1]",https://etender.up.nic.in/nicgep/app?component=%24DirectLink_0&page=FrontEndAdvancedSearchResult&service=direct&session=T&sp=SpgVolzrCPIJSMQifmfTWhw%3D%3D,Northern Coalfields Limited||Dudichua Project
117,20,27-Sep-2025 06:00 PM,10-Oct-2025 06:00 PM,11-Oct-2025 06:00 PM,[Debris cleaning and drain cutting from 3 no pit bottom to 0D 5L Along 5L 0D to 1ND and Along 1ND 5Lto 9L in RVIIA searn of no 3 and 4 pit unit of Kumardihi A Colliery.],"[Debris cleaning and drain cutting from 3 no pit bottom to 0D 5L Along 5L 0D to 1ND and Along 1ND 5Lto 9L in RVIIA searn of no 3 and 4 pit unit of Kumardihi A Colliery.]
																				[ 	ECL/GM/BA/E TENDER/25-26/Min/86 Dt 27.09.2025][2025_ECL_344858_1]",https://etender.up.nic.in/nicgep/app?component=%24DirectLink_0&page=FrontEndAdvancedSearchResult&service=direct&session=T&sp=SMvj5ndRCT4C70Fj90E0cVw%3D%3D,Eastern Coalfields Limited||ECL_Bankola area
317,35,24-Sep-2025 06:00 PM,06-Oct-2025 11:00 AM,07-Oct-2025 11:30 AM,"[Repair of magazine and watch tower of Umrer Area with rcc pathway, concertina coil fencing and hardstand for parking at Umrer Area.]","[Repair of magazine and watch tower of Umrer Area with rcc pathway, concertina coil fencing and hardstand for parking at Umrer Area.]
																				[um4550-civ-0040-2025-26][2025_WCL_344613_1]",https://etender.up.nic.in/nicgep/app?component=%24DirectLink_0&page=FrontEndAdvancedSearchResult&service=direct&session=T&sp=SR%2FuErJ%2FsPhIAYD6fhSXwxw%3D%3D,Western Coalfields Limited||UMR||UMR_Civil
304,15,24-Sep-2025 06:55 PM,13-Oct-2025 11:00 AM,14-Oct-2025 11:00 AM,[Providing and fixing concertina fencing around new B type sectors (7 to 16) at Nigahi Project],"[Providing and fixing concertina fencing around new B type sectors (7 to 16) at Nigahi Project]
																				[NGH/C/25-26/ETN-22 Dated 23.09.2025][2025_NCL_344649_1]",https://etender.up.nic.in/nicgep/app?component=%24DirectLink_0&page=FrontEndAdvancedSearchResult&service=direct&session=T&sp=S2cnm7pGRb9IAq8wjipwjxg%3D%3D,Northern Coalfields Limited||Nigahi Project
33,2,29-Sep-2025 10:00 AM,13-Oct-2025 05:00 PM,15-Oct-2025 11:00 AM,[Removal and Re-erection of Transformers at Sanskritik Bhawan for domestic power supply distribution under Bilbera Switch Station of Govindpur Area],"[Removal and Re-erection of Transformers at Sanskritik Bhawan for domestic power supply distribution under Bilbera Switch Station of Govindpur Area]
																				[BCCL/GA-III/AM (EnM) E-TENDER/2025-26/126		 Date- 22.09.2025][2025_BCCL_344598_1]",https://etender.up.nic.in/nicgep/app?component=%24DirectLink_0&page=FrontEndAdvancedSearchResult&service=direct&session=T&sp=S00uDvs8QvVduMB3ewr7SGw%3D%3D,Bharat Coking Coal Limited||BCCL_GOVINDPUR AREA
118,20,27-Sep-2025 06:00 PM,10-Oct-2025 06:00 PM,11-Oct-2025 06:00 PM,[Supply of drinking water through 5000 Liter capacity tanker al OCP colony staff centre  uriya centre of Kumardini A colliery under Bankola Area.],"[Supply of drinking water through 5000 Liter capacity tanker al OCP colony staff centre  uriya centre of Kumardini A colliery under Bankola Area.]
																				[ 	ECL/GM/BA/E TENDER/25-26/Civil/51 Dt 27.09.2025][2025_ECL_344804_1]",https://etender.up.nic.in/nicgep/app?component=%24DirectLink_0&page=FrontEndAdvancedSearchResult&service=direct&session=T&sp=SSnmgZyEFGeUdC62%2BS7dXCQ%3D%3D,Eastern Coalfields Limited||ECL_Bankola area
318,35,24-Sep-2025 06:00 PM,06-Oct-2025 05:00 PM,07-Oct-2025 10:00 AM,"[Repairing of both side steering cylinder, Rotating jaw, Rear axle arm, Battery Box, Slide cylinder and counterweight of BEML Tyre handler model BL14TH, Sl no. 18120 of Gidi-C Colliery.]","[Repairing of both side steering cylinder, Rotating jaw, Rear axle arm, Battery Box, Slide cylinder and counterweight of BEML Tyre handler model BL14TH, Sl no. 18120 of Gidi-C Colliery.]
																				[SO(X)(A)/e-NIT/43/25-26/136][2025_CCL_344620_1]",https://etender.up.nic.in/nicgep/app?component=%24DirectLink_0&page=FrontEndAdvancedSearchResult&service=direct&session=T&sp=S1LGUxw44NEry5gkT1ADYzA%3D%3D,Central Coalfields Limited||Argada
305,15,24-Sep-2025 06:55 PM,04-Oct-2025 06:55 PM,06-Oct-2025 11:00 AM,"[Fabrication and installation of 50mm dia U-PVC Pipeline 300 mtrs and 25 mm dia UPVC pipeline 240 mtrs for day to day water use at PO Office, Executive rest house and AC Canteen connecting with existing 150mm dia pipeline at Karma OCP under Kuju area.]","[Fabrication and installation of 50mm dia U-PVC Pipeline 300 mtrs and 25 mm dia UPVC pipeline 240 mtrs for day to day water use at PO Office, Executive rest house and AC Canteen connecting with existing 150mm dia pipeline at Karma OCP under Kuju area.]
																				[GM (K)/EnM/eTender/25-26/145][2025_CCL_344662_1]",https://etender.up.nic.in/nicgep/app?component=%24DirectLink_0&page=FrontEndAdvancedSearchResult&service=direct&session=T&sp=SfuOy93Ekn4sb%2BT5O3NhllA%3D%3D,Central Coalfields Limited||Kuju
119,20,27-Sep-2025 06:00 PM,14-Oct-2025 05:00 PM,16-Oct-2025 11:00 AM,"[Heightening and widening of transportation route galleries at Rajendra UG Mine, Period 240days]","[Heightening and widening of transportation route galleries at Rajendra UG Mine, Period 240days]
																				[SECL/SGP/SO(M)/25-26/NIT-712 dt 27.09.2025][2025_SECL_344842_1]",https://etender.up.nic.in/nicgep/app?component=%24DirectLink_0&page=FrontEndAdvancedSearchResult&service=direct&session=T&sp=SYdNdvaGsw%2B0%2Fzyx8jUS1pw%3D%3D,South Eastern Coalfields Limited||Sohagpur Area
34,2,29-Sep-2025 10:00 AM,13-Oct-2025 05:00 PM,15-Oct-2025 11:00 AM,"[Complete Rewinding and Repairing of 29Nos. Ceiling fans/Pedestal fans/Wall fans of Area Office, Guest House and Various BCCL Colonies etc. under Govindpur Area-III]","[Complete Rewinding and Repairing of 29Nos. Ceiling fans/Pedestal fans/Wall fans of Area Office, Guest House and Various BCCL Colonies etc. under Govindpur Area-III]
																				[BCCL/GA-III/AM (EnM) E-TENDER/2025-26/130		 Date- 22.09.2025][2025_BCCL_344648_1]",https://etender.up.nic.in/nicgep/app?component=%24DirectLink_0&page=FrontEndAdvancedSearchResult&service=direct&session=T&sp=S8v%2BhHH0Y6ZTWs01kkawKtA%3D%3D,Bharat Coking Coal Limited||BCCL_GOVINDPUR AREA
319,35,24-Sep-2025 06:00 PM,06-Oct-2025 11:00 AM,07-Oct-2025 11:00 AM,[Repairing of 04 Nos. Operator Seats of Shovels and Drills of Jayant Project.],"[Repairing of 04 Nos. Operator Seats of Shovels and Drills of Jayant Project.]
																				[JNT/GM(Excv)/E-tender/25-26/30][2025_NCL_344526_1]",https://etender.up.nic.in/nicgep/app?component=%24DirectLink_0&page=FrontEndAdvancedSearchResult&service=direct&session=T&sp=SuxZ2Nmra0d4XYFTnIcL2eQ%3D%3D,Northern Coalfields Limited||Jayant Project
306,15,24-Sep-2025 06:55 PM,10-Oct-2025 11:00 AM,11-Oct-2025 11:00 AM,[Renovation of deshalling plant CHP shift office MCC-1  2 Coal and OB substation at Bina project],"[Renovation of deshalling plant CHP shift office MCC-1  2 Coal and OB substation at Bina project]
																				[B/Civil/2025-26/ETN-26 dtd 24.09.2025][2025_NCL_344663_1]",https://etender.up.nic.in/nicgep/app?component=%24DirectLink_0&page=FrontEndAdvancedSearchResult&service=direct&session=T&sp=SxKilbNaJtrF8k6FW%2BVhv%2BQ%3D%3D,Northern Coalfields Limited||Bina Project
120,20,27-Sep-2025 06:00 PM,08-Oct-2025 04:00 PM,09-Oct-2025 04:00 PM,[Providing and fixing of 04 Nos. lightning rod on the tower with 04 No. Earth Pit for the safety of transformer and equipment and cleaning-painting of all 4 no. towers of 2 No. Sub-station under Kathara Colliery.],"[Providing and fixing of 04 Nos. lightning rod on the tower with 04 No. Earth Pit for the safety of transformer and equipment and cleaning-painting of all 4 no. towers of 2 No. Sub-station under Kathara Colliery.]
																				[KTC/PE/EnM/25-26/42 Date-27.09.2025][2025_CCL_344840_1]",https://etender.up.nic.in/nicgep/app?component=%24DirectLink_0&page=FrontEndAdvancedSearchResult&service=direct&session=T&sp=S2pflfZuhLnUoxb%2BCOTklOw%3D%3D,Central Coalfields Limited||Kathara
307,15,24-Sep-2025 06:55 PM,04-Oct-2025 06:55 PM,06-Oct-2025 11:00 AM,"[Supply and fixing of UPS Backup system of 02 nos, weighbridges installed at Karma Project Under Kuju Area.]","[Supply and fixing of UPS Backup system of 02 nos, weighbridges installed at Karma Project Under Kuju Area.]
																				[GM (K)/EnM/eTender/25-26/144 ][2025_CCL_344658_1]",https://etender.up.nic.in/nicgep/app?component=%24DirectLink_0&page=FrontEndAdvancedSearchResult&service=direct&session=T&sp=SIBh3u5mvtDgCgeoeO4mTIA%3D%3D,Central Coalfields Limited||Kuju
320,35,24-Sep-2025 06:00 PM,06-Oct-2025 11:00 AM,07-Oct-2025 11:00 AM,"[Fitment of safety glasses of operator cabin , cabin window glasses, front cabin glasses with rubber bead and denting work etc. in all models of dumpers, water tankers, water sprinkler and cranes.]","[Fitment of safety glasses of operator cabin , cabin window glasses, front cabin glasses with rubber bead and denting work etc. in all models of dumpers, water tankers, water sprinkler and cranes.]
																				[JNT/GM(Excv)/E-tender/25-26/29][2025_NCL_344525_1]",https://etender.up.nic.in/nicgep/app?component=%24DirectLink_0&page=FrontEndAdvancedSearchResult&service=direct&session=T&sp=SB0fFID%2F5sCYQyHDaAX%2B3XA%3D%3D,Northern Coalfields Limited||Jayant Project
35,2,29-Sep-2025 10:00 AM,13-Oct-2025 05:00 PM,15-Oct-2025 11:00 AM,"[Repairing and rewinding of 09 nos. burnt celling fan of 750KVA Transformer cooling room , cap lamp room , CISF shed , colliery office other section room of Kharkharee Colliery under Govindpur Area]","[Repairing and rewinding of 09 nos. burnt celling fan of 750KVA Transformer cooling room , cap lamp room , CISF shed , colliery office other section room of Kharkharee Colliery under Govindpur Area]
																				[BCCL/GA-III/AM (EnM) E-TENDER/2025-26/129		 Date- 22.09.2025][2025_BCCL_344645_1]",https://etender.up.nic.in/nicgep/app?component=%24DirectLink_0&page=FrontEndAdvancedSearchResult&service=direct&session=T&sp=SXg%2BRmZjbXJ2%2FcRwx2QqkAg%3D%3D,Bharat Coking Coal Limited||BCCL_GOVINDPUR AREA
308,15,24-Sep-2025 06:55 PM,04-Oct-2025 06:55 PM,06-Oct-2025 11:00 AM,[Fabrication and installation of 02 numbers Water Tanker point at Topa Project under Kuju Area.],"[Fabrication and installation of 02 numbers Water Tanker point at Topa Project under Kuju Area.]
																				[GM (K)/EnM/eTender/25-26/146][2025_CCL_344656_1]",https://etender.up.nic.in/nicgep/app?component=%24DirectLink_0&page=FrontEndAdvancedSearchResult&service=direct&session=T&sp=S8KaFrdXKWNEps3QbZvIR2Q%3D%3D,Central Coalfields Limited||Kuju
36,2,29-Sep-2025 10:00 AM,11-Oct-2025 11:00 AM,13-Oct-2025 10:00 AM,"[Construction of 05 nos. Drive head foundation, 05 no. Haulage foundation and 05 nos. Retaining Wall for CM Panel 34D, 39D, 34R and 40R Dev. Distt. of 10B (Top) seam at Haldibari UG Mine.]","[Construction of 05 nos. Drive head foundation, 05 no. Haulage foundation and 05 nos. Retaining Wall for CM Panel 34D, 39D, 34R and 40R Dev. Distt. of 10B (Top) seam at Haldibari UG Mine.]
																				[AGM/HSD/GM(O)/e-Tend/25-26/41 dtd 29.09.2025][2025_SECL_344805_1]",https://etender.up.nic.in/nicgep/app?component=%24DirectLink_0&page=FrontEndAdvancedSearchResult&service=direct&session=T&sp=S8Y22Q0Bn8BRJYe%2F9C0KG4w%3D%3D,South Eastern Coalfields Limited||Hasdeo Area
309,15,24-Sep-2025 06:00 PM,10-Oct-2025 10:00 AM,11-Oct-2025 10:00 AM,"[Operation of EI cabin, LC gate, Electrical and mechanical signalling works along with maintenance of railway track at Dalmiya private railway siding under Salanpur Area. (for 1 year)]","[Operation of EI cabin, LC gate, Electrical and mechanical signalling works along with maintenance of railway track at Dalmiya private railway siding under Salanpur Area. (for 1 year)]
																				[SLN/GM/AE(C)/E-Tender/25-26/35 dt 22.09.2025][2025_ECL_344513_1]",https://etender.up.nic.in/nicgep/app?component=%24DirectLink_0&page=FrontEndAdvancedSearchResult&service=direct&session=T&sp=SLmGUBzlm0ieX5LyLLri40Q%3D%3D,Eastern Coalfields Limited||ECL_Salanpur area
37,2,29-Sep-2025 10:00 AM,11-Oct-2025 05:00 PM,13-Oct-2025 10:00 AM,"[Dismantling, transportation, installation and maintenance of Man Riding Chair Lift System (at along Incline no- 2) from UG to surface and surface to UG. of 4A seam at Haldibari UG Mine.]","[Dismantling, transportation, installation and maintenance of Man Riding Chair Lift System (at along Incline no- 2) from UG to surface and surface to UG. of 4A seam at Haldibari UG Mine.]
																				[AGM/HSD/GM(O)/e-Tend/25-26/42 dtd 29.09.2025][2025_SECL_344807_1]",https://etender.up.nic.in/nicgep/app?component=%24DirectLink_0&page=FrontEndAdvancedSearchResult&service=direct&session=T&sp=S2r4RJuLbtHljoheewLXWLg%3D%3D,South Eastern Coalfields Limited||Hasdeo Area
310,15,24-Sep-2025 06:00 PM,06-Oct-2025 11:00 AM,07-Oct-2025 11:30 AM,"[Repair of magazine and watch tower of Umrer Area with rcc pathway, concertina coil fencing and hardstand for parking at Umrer Area.]","[Repair of magazine and watch tower of Umrer Area with rcc pathway, concertina coil fencing and hardstand for parking at Umrer Area.]
																				[um4550-civ-0040-2025-26][2025_WCL_344613_1]",https://etender.up.nic.in/nicgep/app?component=%24DirectLink_0&page=FrontEndAdvancedSearchResult&service=direct&session=T&sp=SR%2FuErJ%2FsPhIAYD6fhSXwxw%3D%3D,Western Coalfields Limited||UMR||UMR_Civil
38,2,29-Sep-2025 10:00 AM,13-Oct-2025 05:00 PM,15-Oct-2025 11:00 AM,[Repairing GEC make OCB switch of 1 seam Jogidih colliery Govindpur Area],"[Repairing GEC make OCB switch of 1 seam Jogidih colliery Govindpur Area]
																				[BCCL/GA-III/AM (EnM) E-TENDER/2025-26/131		 Date- 22.09.2025][2025_BCCL_344683_1]",https://etender.up.nic.in/nicgep/app?component=%24DirectLink_0&page=FrontEndAdvancedSearchResult&service=direct&session=T&sp=SuOurj%2FitOpNXqQGj2v119Q%3D%3D,Bharat Coking Coal Limited||BCCL_GOVINDPUR AREA
311,15,24-Sep-2025 06:00 PM,06-Oct-2025 11:00 AM,07-Oct-2025 11:30 AM,[Providing and fixing of HDPE pipeline from MKD Sump near TSMQ to Magazine of Umrer Area.],"[Providing and fixing of HDPE pipeline from MKD Sump near TSMQ to Magazine of Umrer Area.]
																				[um4550-civ-0040-2025-26][2025_WCL_344613_2]",https://etender.up.nic.in/nicgep/app?component=%24DirectLink_0&page=FrontEndAdvancedSearchResult&service=direct&session=T&sp=SrS6Pwsjbj2xgr2nHEqnkZg%3D%3D,Western Coalfields Limited||UMR||UMR_Civil
39,2,29-Sep-2025 10:00 AM,09-Oct-2025 05:00 PM,10-Oct-2025 11:00 AM,[Repairing of Septic Tank at Jayrampur Colliery Office Under Lodna Area],"[Repairing of Septic Tank at Jayrampur Colliery Office Under Lodna Area]
																				[BCCL/LA/CIVIL/e NIT/2025-26/ 14 Date 27.09.2025    ][2025_BCCL_344837_1]",https://etender.up.nic.in/nicgep/app?component=%24DirectLink_0&page=FrontEndAdvancedSearchResult&service=direct&session=T&sp=SuzCTHzCCeZfxdvHMMA4t%2FQ%3D%3D,Bharat Coking Coal Limited||BCCL_LODNA AREA
312,15,24-Sep-2025 06:00 PM,06-Oct-2025 05:00 PM,07-Oct-2025 10:00 AM,"[Repairing of tower raising cylinder, rod centralizer bush, power pack canopy, 03 Nos. Leveling Jack of REL 650 Drill Sl. No. RDC 1482 of Religara Project.]","[Repairing of tower raising cylinder, rod centralizer bush, power pack canopy, 03 Nos. Leveling Jack of REL 650 Drill Sl. No. RDC 1482 of Religara Project.]
																				[SO(X)(A)/e-NIT/44/25-26/137][2025_CCL_344634_1]",https://etender.up.nic.in/nicgep/app?component=%24DirectLink_0&page=FrontEndAdvancedSearchResult&service=direct&session=T&sp=SweY%2FPSji35rRI09AGnfxZA%3D%3D,Central Coalfields Limited||Argada
313,15,24-Sep-2025 06:00 PM,06-Oct-2025 11:00 AM,07-Oct-2025 11:00 AM,"[Repair and overhauling of diesel engine Make- SIMPSON Sl. no. S433B37856 applicable for SHAKTI 12T Crane, CIL no. MC-822.]","[Repair and overhauling of diesel engine Make- SIMPSON Sl. no. S433B37856 applicable for SHAKTI 12T Crane, CIL no. MC-822.]
																				[JNT/GM(Excv)/E-tender/25-26/28][2025_NCL_344523_1]",https://etender.up.nic.in/nicgep/app?component=%24DirectLink_0&page=FrontEndAdvancedSearchResult&service=direct&session=T&sp=Si1mBoSUEZXb8L5fOrchpuw%3D%3D,Northern Coalfields Limited||Jayant Project
40,2,29-Sep-2025 10:00 AM,09-Oct-2025 05:00 PM,10-Oct-2025 10:00 AM,[Repair and Maintenance including Terrace water proofing treatment of Qtr no. B-5 and D-2 situated at CCWO Colony Washery Division (under shifting case).],"[Repair and Maintenance including Terrace water proofing treatment of Qtr no. B-5 and D-2 situated at CCWO Colony Washery Division (under shifting case).]
																				[BCCL/WD/ACE/Ten/CO/2025-26/16][2025_BCCL_344828_1]",https://etender.up.nic.in/nicgep/app?component=%24DirectLink_0&page=FrontEndAdvancedSearchResult&service=direct&session=T&sp=SusKT1KEHSobHNGIY8inpUQ%3D%3D,Bharat Coking Coal Limited||Areas of BCCL
314,15,24-Sep-2025 06:00 PM,06-Oct-2025 06:00 PM,07-Oct-2025 11:00 AM,[Renovation of pond at Telenkachar under Bundia village Kudopali GP under CSR activity of OA],"[Renovation of pond at Telenkachar under Bundia village Kudopali GP under CSR activity of OA]
																				[MCL/GM/OA/SO(C)/e-T/25-26/23 dtd.24.09.2025][2025_MCL_344606_1]",https://etender.up.nic.in/nicgep/app?component=%24DirectLink_0&page=FrontEndAdvancedSearchResult&service=direct&session=T&sp=SuiNoOc%2FBAZIY1%2Baip2zEEg%3D%3D,Mahanadi Coalfields Limited||ORIENT AREA||ORIEN_CIVIL||CIVIL
315,15,24-Sep-2025 06:00 PM,06-Oct-2025 05:00 PM,07-Oct-2025 10:00 AM,"[Repairing of Left side final drive planetary gear box, track roller 07 nos. (LHS) and Carrier Roller 02 nos. (LHS) of LnT make CK-300E Shovel Sl.no.E-164 of Gidi-C Colliery.]","[Repairing of Left side final drive planetary gear box, track roller 07 nos. (LHS) and Carrier Roller 02 nos. (LHS) of LnT make CK-300E Shovel Sl.no.E-164 of Gidi-C Colliery.]
																				[SO(X)(A)/e-NIT/45/25-26/138][2025_CCL_344639_1]",https://etender.up.nic.in/nicgep/app?component=%24DirectLink_0&page=FrontEndAdvancedSearchResult&service=direct&session=T&sp=SbIs7PmOxeLOtG9Reu%2B%2BPkw%3D%3D,Central Coalfields Limited||Argada
316,15,24-Sep-2025 06:00 PM,06-Oct-2025 05:00 PM,07-Oct-2025 10:00 AM,"[Repairing of both side steering cylinder, Rotating jaw, Rear axle arm, Battery Box, Slide cylinder and counterweight of BEML Tyre handler model BL14TH, Sl no. 18120 of Gidi-C Colliery.]","[Repairing of both side steering cylinder, Rotating jaw, Rear axle arm, Battery Box, Slide cylinder and counterweight of BEML Tyre handler model BL14TH, Sl no. 18120 of Gidi-C Colliery.]
																				[SO(X)(A)/e-NIT/43/25-26/136][2025_CCL_344620_1]",https://etender.up.nic.in/nicgep/app?component=%24DirectLink_0&page=FrontEndAdvancedSearchResult&service=direct&session=T&sp=S1LGUxw44NEry5gkT1ADYzA%3D%3D,Central Coalfields Limited||Argada
317,15,24-Sep-2025 06:00 PM,15-Oct-2025 05:00 PM,17-Oct-2025 11:00 AM,"[Development of external drainage system of entire colony, Dust Bins, providing Paver Block over berms of main road of colony from front entrance to back entrance at Hilltop colony of SOCP under Ib Valley Area.]","[Development of external drainage system of entire colony, Dust Bins, providing Paver Block over berms of main road of colony from front entrance to back entrance at Hilltop colony of SOCP under Ib Valley Area.]
																				[MCL/Samb/Civil-Wel/e Tender/25-26/16 dt 24/09/2025][2025_MCL_344597_1]",https://etender.up.nic.in/nicgep/app?component=%24DirectLink_0&page=FrontEndAdvancedSearchResult&service=direct&session=T&sp=SNQfMHxOnhZnwhsr1m6f%2Bsw%3D%3D,Mahanadi Coalfields Limited||HQ CIVIL-WELFARE N CSR||CIVIL-WELFARE N CSR
318,15,24-Sep-2025 06:00 PM,06-Oct-2025 11:00 AM,07-Oct-2025 11:00 AM,[Repairing of 04 Nos. Operator Seats of Shovels and Drills of Jayant Project.],"[Repairing of 04 Nos. Operator Seats of Shovels and Drills of Jayant Project.]
																				[JNT/GM(Excv)/E-tender/25-26/30][2025_NCL_344526_1]",https://etender.up.nic.in/nicgep/app?component=%24DirectLink_0&page=FrontEndAdvancedSearchResult&service=direct&session=T&sp=SuxZ2Nmra0d4XYFTnIcL2eQ%3D%3D,Northern Coalfields Limited||Jayant Project
319,15,24-Sep-2025 06:00 PM,06-Oct-2025 11:00 AM,07-Oct-2025 11:00 AM,"[Fitment of safety glasses of operator cabin , cabin window glasses, front cabin glasses with rubber bead and denting work etc. in all models of dumpers, water tankers, water sprinkler and cranes.]","[Fitment of safety glasses of operator cabin , cabin window glasses, front cabin glasses with rubber bead and denting work etc. in all models of dumpers, water tankers, water sprinkler and cranes.]
																				[JNT/GM(Excv)/E-tender/25-26/29][2025_NCL_344525_1]",https://etender.up.nic.in/nicgep/app?component=%24DirectLink_0&page=FrontEndAdvancedSearchResult&service=direct&session=T&sp=SB0fFID%2F5sCYQyHDaAX%2B3XA%3D%3D,Northern Coalfields Limited||Jayant Project
320,15,24-Sep-2025 06:00 PM,06-Oct-2025 11:00 AM,07-Oct-2025 11:00 AM,[Dismantling of poles and conductors at new railway siding and repair and maintenance of 440 Volt O/H L.T line for power supply from LVS Section to P.O Office (KTW) and RLB Section to Weigh Bridge No. 2 under Kathara Washery],"[Dismantling of poles and conductors at new railway siding and repair and maintenance of 440 Volt O/H L.T line for power supply from LVS Section to P.O Office (KTW) and RLB Section to Weigh Bridge No. 2 under Kathara Washery]
																				[PO/KTW/EnM/eTen/25-26/65 Dated-24.09.2025][2025_CCL_344611_1]",https://etender.up.nic.in/nicgep/app?component=%24DirectLink_0&page=FrontEndAdvancedSearchResult&service=direct&session=T&sp=SgWTL1pDRoUTz%2FGHK8tfpmQ%3D%3D,Central Coalfields Limited||Kathara
481,37,22-Sep-2025 06:00 PM,03-Oct-2025 05:00 PM,04-Oct-2025 11:00 AM,"[Providing and fixing of exhaust fan, LED lamp, ceiling light and earthing for VIP Club and D and C type quarter under GM Unit, NK Area]","[Providing and fixing of exhaust fan, LED lamp, ceiling light and earthing for VIP Club and D and C type quarter under GM Unit, NK Area]
																				[GM (NK)/EnM/e-NIT/2025-26/88  ][2025_CCL_344456_1]",https://etender.up.nic.in/nicgep/app?component=%24DirectLink_0&page=FrontEndAdvancedSearchResult&service=direct&session=T&sp=SfXo3QYEjomwzR1FA55lpWw%3D%3D,Central Coalfields Limited||NK Dakara
482,37,22-Sep-2025 06:00 PM,03-Oct-2025 05:00 PM,04-Oct-2025 11:00 AM,"[Reconditioning and repairing of broken frame, walkways, air cleaner housing, Fan pulley system, Bumper frame, Foot steps, fire extinguisher stand, battery box and Transmission cover by cutting and welding in 05 nos. 28 KL water sprinkler ( WT-3, WT-4]","[Reconditioning and repairing of broken frame, walkways, air cleaner housing, Fan pulley system, Bumper frame, Foot steps, fire extinguisher stand, battery box and Transmission cover by cutting and welding in 05 nos. 28 KL water sprinkler ( WT-3, WT-4]
																				[GM(A-C)/SO(X)/e-NIT/25-26/06][2025_CCL_344485_1]",https://etender.up.nic.in/nicgep/app?component=%24DirectLink_0&page=FrontEndAdvancedSearchResult&service=direct&session=T&sp=SUTAljYV5da4BF7wz9DCuIA%3D%3D,Central Coalfields Limited||Magadh and Amrapali
483,37,22-Sep-2025 06:00 PM,08-Oct-2025 06:00 PM,09-Oct-2025 10:00 AM,"[Dust suppression on road at different location including fire combating at coal stock, coal face and OB face by (9KL-12KL-15KL) Capacity water tanker at Chirimiri OC of Chirimiri Area.]","[Dust suppression on road at different location including fire combating at coal stock, coal face and OB face by (9KL-12KL-15KL) Capacity water tanker at Chirimiri OC of Chirimiri Area.]
																				[SECL/CHRM/ Dy. GMC/25-26/e-Tender/45 dt. 22.09.2025][2025_SECL_344493_1]",https://etender.up.nic.in/nicgep/app?component=%24DirectLink_0&page=FrontEndAdvancedSearchResult&service=direct&session=T&sp=SgntX5JINP6q%2B6EkcTJ6UUw%3D%3D,South Eastern Coalfields Limited||Chirimiri Area
484,37,22-Sep-2025 06:00 PM,08-Oct-2025 05:00 PM,10-Oct-2025 11:00 AM,"[Strengthening of Bagdigi river bed by laying Movement Absorption Flexible Lining (MAFL) at NAKC Colliery (900 m) along with 5 years comprehensive maint. period at no additional cost to company, commencing from the date of completion of const. work]","[Strengthening of Bagdigi river bed by laying Movement Absorption Flexible Lining (MAFL) at NAKC Colliery (900 m) along with 5 years comprehensive maint. period at no additional cost to company, commencing from the date of completion of const. work]
																				[BCCL/CED/TC/eNIT-24/25-26/541 dated 22.09.2025][2025_BCCL_344472_1]",https://etender.up.nic.in/nicgep/app?component=%24DirectLink_0&page=FrontEndAdvancedSearchResult&service=direct&session=T&sp=SYIe%2FuxfeoWOPbbptzMMsYA%3D%3D,Bharat Coking Coal Limited||BCCL-Hqrs||HQ_CIVIL
481,10,22-Sep-2025 06:00 PM,03-Oct-2025 05:00 PM,04-Oct-2025 11:00 AM,"[Supply and Fitment of Rear View Mirrors and Blind spot Mirrors, Fabrication/ Repairing of support rods and clamping accessories for water tanker (WT-3, WT-4, WT-5, WT6 and WT-7), Wheel Dozer (WD-1) and chain Dozer (D-2 and D-3) of Amrapali Project, A]","[Supply and Fitment of Rear View Mirrors and Blind spot Mirrors, Fabrication/ Repairing of support rods and clamping accessories for water tanker (WT-3, WT-4, WT-5, WT6 and WT-7), Wheel Dozer (WD-1) and chain Dozer (D-2 and D-3) of Amrapali Project, A]
																				[ GM(A-C)/SO(X)/e-NIT/25-26/05][2025_CCL_344483_1]",https://etender.up.nic.in/nicgep/app?component=%24DirectLink_0&page=FrontEndAdvancedSearchResult&service=direct&session=T&sp=S42I71BB6I3Rxz8a0DQ7Q6Q%3D%3D,Central Coalfields Limited||Magadh and Amrapali
485,37,22-Sep-2025 06:00 PM,03-Oct-2025 06:00 PM,04-Oct-2025 10:00 AM,"[White washing, colour washing, repairing and other misc. civil work in community building at chirimiri OCP.]","[White washing, colour washing, repairing and other misc. civil work in community building at chirimiri OCP.]
																				[SECL/CHRM/ Dy. GMC/25-26/e-Tender/44 dt. 22.09.2025][2025_SECL_344482_1]",https://etender.up.nic.in/nicgep/app?component=%24DirectLink_0&page=FrontEndAdvancedSearchResult&service=direct&session=T&sp=SfMcMWWeRSe3Vn0mOk1pntQ%3D%3D,South Eastern Coalfields Limited||Chirimiri Area
482,10,22-Sep-2025 06:00 PM,03-Oct-2025 05:00 PM,04-Oct-2025 11:00 AM,"[Providing and fixing of exhaust fan, LED lamp, ceiling light and earthing for VIP Club and D and C type quarter under GM Unit, NK Area]","[Providing and fixing of exhaust fan, LED lamp, ceiling light and earthing for VIP Club and D and C type quarter under GM Unit, NK Area]
																				[GM (NK)/EnM/e-NIT/2025-26/88  ][2025_CCL_344456_1]",https://etender.up.nic.in/nicgep/app?component=%24DirectLink_0&page=FrontEndAdvancedSearchResult&service=direct&session=T&sp=SfXo3QYEjomwzR1FA55lpWw%3D%3D,Central Coalfields Limited||NK Dakara
486,37,22-Sep-2025 06:00 PM,03-Oct-2025 09:00 AM,04-Oct-2025 10:00 AM,[Providing and fixing of 06 Nos. interlocking arrangements of emergency tripping device for safety purpose of 11KV/3.3KV main substation BHK and 11KV/3.3KV substation Balkudra under Bhurkunda Colliery.],"[Providing and fixing of 06 Nos. interlocking arrangements of emergency tripping device for safety purpose of 11KV/3.3KV main substation BHK and 11KV/3.3KV substation Balkudra under Bhurkunda Colliery.]
																				[PE(EnM)/BHK/e Tender/25-26/25][2025_CCL_344474_1]",https://etender.up.nic.in/nicgep/app?component=%24DirectLink_0&page=FrontEndAdvancedSearchResult&service=direct&session=T&sp=Sdsqz713WkIH8adLdZ%2BlX3w%3D%3D,Central Coalfields Limited||Barka Syal
487,37,22-Sep-2025 06:00 PM,03-Oct-2025 09:00 AM,04-Oct-2025 10:00 AM,"[Providing and fixing of neutral resistor monitor relay, CT indicator lamp and current monitor relay and other items of 02 nos. 3.3KV grade NGR is installed at main 11KV/3.3KV main substation BHK and Balkudra 11KV/3.3KV substation under Bhurkunda Col.]","[Providing and fixing of neutral resistor monitor relay, CT indicator lamp and current monitor relay and other items of 02 nos. 3.3KV grade NGR is installed at main 11KV/3.3KV main substation BHK and Balkudra 11KV/3.3KV substation under Bhurkunda Col.]
																				[PE(EnM)/BHK/e Tender/25-26/24][2025_CCL_344471_1]",https://etender.up.nic.in/nicgep/app?component=%24DirectLink_0&page=FrontEndAdvancedSearchResult&service=direct&session=T&sp=SdqdxjibnYBGfMILSjgh8Mg%3D%3D,Central Coalfields Limited||Barka Syal
483,10,22-Sep-2025 06:00 PM,02-Oct-2025 04:00 PM,03-Oct-2025 12:00 PM,[Repair and maintenance of drain near slurry pond and cleaning of drain under G.M. unit BnK Area],"[Repair and maintenance of drain near slurry pond and cleaning of drain under G.M. unit BnK Area]
																				[PE(C)/GMU/E -Tender/25-26/06, dt. 22.09.2025][2025_CCL_344478_1]",https://etender.up.nic.in/nicgep/app?component=%24DirectLink_0&page=FrontEndAdvancedSearchResult&service=direct&session=T&sp=SCAkFCBoOQplR4dmBiTUf8w%3D%3D,Central Coalfields Limited||B&K
484,10,22-Sep-2025 06:00 PM,03-Oct-2025 05:00 PM,04-Oct-2025 11:00 AM,"[Reconditioning and repairing of broken frame, walkways, air cleaner housing, Fan pulley system, Bumper frame, Foot steps, fire extinguisher stand, battery box and Transmission cover by cutting and welding in 05 nos. 28 KL water sprinkler ( WT-3, WT-4]","[Reconditioning and repairing of broken frame, walkways, air cleaner housing, Fan pulley system, Bumper frame, Foot steps, fire extinguisher stand, battery box and Transmission cover by cutting and welding in 05 nos. 28 KL water sprinkler ( WT-3, WT-4]
																				[GM(A-C)/SO(X)/e-NIT/25-26/06][2025_CCL_344485_1]",https://etender.up.nic.in/nicgep/app?component=%24DirectLink_0&page=FrontEndAdvancedSearchResult&service=direct&session=T&sp=SUTAljYV5da4BF7wz9DCuIA%3D%3D,Central Coalfields Limited||Magadh and Amrapali
488,37,22-Sep-2025 06:00 PM,03-Oct-2025 03:00 PM,04-Oct-2025 04:00 PM,[Construction of Diesel Dispensing (DDU) room under Jarangdih colliery],"[Construction of Diesel Dispensing (DDU) room under Jarangdih colliery]
																				[PO/JRD/PE (C)/E-Tender/25-26/08	 Dt-22.09.2025][2025_CCL_344460_1]",https://etender.up.nic.in/nicgep/app?component=%24DirectLink_0&page=FrontEndAdvancedSearchResult&service=direct&session=T&sp=SG1Jj5O0UhQVbKGiyt5KW3w%3D%3D,Central Coalfields Limited||Kathara
101,6,27-Sep-2025 06:00 PM,09-Oct-2025 06:00 PM,10-Oct-2025 10:00 AM,"[Repairing of sprocket mounting assembly, sprocket segment Equalizer, bar, Driveling, Transmission guard and radiator guard transmission and  hydraulic cooling assembly and  Glass of Dozer BD-355, make BEML, Sl. No. 11580 at Kedla Washery.]","[Repairing of sprocket mounting assembly, sprocket segment Equalizer, bar, Driveling, Transmission guard and radiator guard transmission and  hydraulic cooling assembly and  Glass of Dozer BD-355, make BEML, Sl. No. 11580 at Kedla Washery.]
																				[PO/KW/E-Tender/HEMM/25-26/46 Dated-27.09.2025][2025_CCL_344863_1]",https://etender.up.nic.in/nicgep/app?component=%24DirectLink_0&page=FrontEndAdvancedSearchResult&service=direct&session=T&sp=S%2BiTVbXnH4fkxMmtprza8pw%3D%3D,Central Coalfields Limited||Hazaribag
485,10,22-Sep-2025 06:00 PM,08-Oct-2025 05:00 PM,10-Oct-2025 11:00 AM,"[Strengthening of Bagdigi river bed by laying Movement Absorption Flexible Lining (MAFL) at NAKC Colliery (900 m) along with 5 years comprehensive maint. period at no additional cost to company, commencing from the date of completion of const. work]","[Strengthening of Bagdigi river bed by laying Movement Absorption Flexible Lining (MAFL) at NAKC Colliery (900 m) along with 5 years comprehensive maint. period at no additional cost to company, commencing from the date of completion of const. work]
																				[BCCL/CED/TC/eNIT-24/25-26/541 dated 22.09.2025][2025_BCCL_344472_1]",https://etender.up.nic.in/nicgep/app?component=%24DirectLink_0&page=FrontEndAdvancedSearchResult&service=direct&session=T&sp=SYIe%2FuxfeoWOPbbptzMMsYA%3D%3D,Bharat Coking Coal Limited||BCCL-Hqrs||HQ_CIVIL
489,37,22-Sep-2025 05:30 PM,03-Oct-2025 05:30 PM,04-Oct-2025 05:30 PM,[Architectural and allied work for Preparation  of DPR  for Refurbishing/Face lifting of Guwahati Office and Guwahati Guest House of NEC/CIL],"[Architectural and allied work for Preparation  of DPR  for Refurbishing/Face lifting of Guwahati Office and Guwahati Guest House of NEC/CIL]
																				[CMPDI/CE/2025/616 dated 22.09.25][2025_CMPDI_344504_1]",https://etender.up.nic.in/nicgep/app?component=%24DirectLink_0&page=FrontEndAdvancedSearchResult&service=direct&session=T&sp=S%2F2CZ8%2B2q02338hFpzeXMFA%3D%3D,Central Mine Planning and Design Institute Limited||Corporate Head Quarters||CHQ-Civil Department
102,6,27-Sep-2025 06:00 PM,09-Oct-2025 11:00 AM,10-Oct-2025 10:00 AM,[Repairing of Mine Line ACB 400Amp. 550V SL. No.- 5509 of Filter Plant Colony for Water Supply at KOCP],"[Repairing of Mine Line ACB 400Amp. 550V SL. No.- 5509 of Filter Plant Colony for Water Supply at KOCP]
																				[BCCL/BA-IX/ENM/25-26/149   26/09/2025][2025_BCCL_344867_1]",https://etender.up.nic.in/nicgep/app?component=%24DirectLink_0&page=FrontEndAdvancedSearchResult&service=direct&session=T&sp=SnpfRGy0UMzChL%2BXa8Qhi4A%3D%3D,Bharat Coking Coal Limited||BCCL_BASTACOLLA AREA||EnM
486,10,22-Sep-2025 06:00 PM,03-Oct-2025 03:00 PM,04-Oct-2025 09:00 AM,[On site repairing and maintenance 3 MVA11kV/3.3KV and 160KVA 3.3KV/440V transformer under Urimari OCP],"[On site repairing and maintenance 3 MVA11kV/3.3KV and 160KVA 3.3KV/440V transformer under Urimari OCP]
																				[PE(EnM)/Urimari/e Tender/25-26/27][2025_CCL_344424_1]",https://etender.up.nic.in/nicgep/app?component=%24DirectLink_0&page=FrontEndAdvancedSearchResult&service=direct&session=T&sp=SToy7Y7RZPWmoCJEi88BMkw%3D%3D,Central Coalfields Limited||Barka Syal
103,6,27-Sep-2025 06:00 PM,09-Oct-2025 11:00 AM,10-Oct-2025 10:00 AM,[Complete Repairing of 400 Amp 11KV Medtron Make Sl. No.- 6309 VCB Switch with Busbar at Victory Colliery.     ],"[Complete Repairing of 400 Amp 11KV Medtron Make Sl. No.- 6309 VCB Switch with Busbar at Victory Colliery.     ]
																				[BCCL/BA-IX/ENM/25-26/150   26/09/2025][2025_BCCL_344868_1]",https://etender.up.nic.in/nicgep/app?component=%24DirectLink_0&page=FrontEndAdvancedSearchResult&service=direct&session=T&sp=SLexvhg3myxLVC9VE1jF16w%3D%3D,Bharat Coking Coal Limited||BCCL_BASTACOLLA AREA||EnM
490,37,22-Sep-2025 05:00 PM,08-Oct-2025 05:00 PM,10-Oct-2025 11:00 AM,[Transportation of explosive and related works of blasting operation by contractual means],"[Transportation of explosive and related works of blasting operation by contractual means]
																				[PK3550-E-MIN-0032-2025-26][2025_WCL_344499_1]",https://etender.up.nic.in/nicgep/app?component=%24DirectLink_0&page=FrontEndAdvancedSearchResult&service=direct&session=T&sp=SWS%2FdWkdLpCh5fPzZt5utTw%3D%3D,Western Coalfields Limited||PKD ||PKD _Mining
487,10,22-Sep-2025 06:00 PM,03-Oct-2025 03:00 PM,04-Oct-2025 09:00 AM,[Erection and Dismantling of LT OH line 440V at Potanga quarry on as and when required basis for a period of  one year(365 days) under Urimari OCP.],"[Erection and Dismantling of LT OH line 440V at Potanga quarry on as and when required basis for a period of  one year(365 days) under Urimari OCP.]
																				[PE(EnM)/Urimari/e Tender/25-26/26  ][2025_CCL_344423_1]",https://etender.up.nic.in/nicgep/app?component=%24DirectLink_0&page=FrontEndAdvancedSearchResult&service=direct&session=T&sp=SBzO04ROxJD1aofYPD0kkow%3D%3D,Central Coalfields Limited||Barka Syal
104,6,27-Sep-2025 06:00 PM,10-Oct-2025 06:00 PM,11-Oct-2025 06:00 PM,[Repairing of Boundary wall at Agent office under Bankola Colliery.],"[Repairing of Boundary wall at Agent office under Bankola Colliery.]
																				[ 	ECL/GM/BA/E TENDER/25-26/Civil/56 Dt 27.09.2025][2025_ECL_344853_1]",https://etender.up.nic.in/nicgep/app?component=%24DirectLink_0&page=FrontEndAdvancedSearchResult&service=direct&session=T&sp=SBX0k8sTgfRMtjv9J9NsxZQ%3D%3D,Eastern Coalfields Limited||ECL_Bankola area
491,37,22-Sep-2025 05:00 PM,03-Oct-2025 05:00 PM,04-Oct-2025 11:00 AM,"[Repairing and modification of Guest house VIP rooms, Kitchen, Bathrooms, green and VIP room of Nazrul munch attached bathroom, garages and Gym at Satgram-Sripur area]","[Repairing and modification of Guest house VIP rooms, Kitchen, Bathrooms, green and VIP room of Nazrul munch attached bathroom, garages and Gym at Satgram-Sripur area]
																				[ECL/SSA/GM/AE(C)/e-T/25-26/48 date 18.09.2025][2025_ECL_344497_1]",https://etender.up.nic.in/nicgep/app?component=%24DirectLink_0&page=FrontEndAdvancedSearchResult&service=direct&session=T&sp=SAsxGqVJNzMC3wIc%2FgPvMRw%3D%3D,Eastern Coalfields Limited||ECL_Satgram area
488,10,22-Sep-2025 06:00 PM,03-Oct-2025 05:00 PM,04-Oct-2025 11:00 AM,"[Erection of tubular pole with stringing of rabbit conductor of street lighting from PO Office to Saradhu Pool under Amrapali Project, A-C Area]","[Erection of tubular pole with stringing of rabbit conductor of street lighting from PO Office to Saradhu Pool under Amrapali Project, A-C Area]
																				[GM(A-C)/SO(EnM)/e-NIT/25-26/21][2025_CCL_344412_1]",https://etender.up.nic.in/nicgep/app?component=%24DirectLink_0&page=FrontEndAdvancedSearchResult&service=direct&session=T&sp=SxeckEFrFrZxyOoBYYJynGA%3D%3D,Central Coalfields Limited||Magadh and Amrapali
105,6,27-Sep-2025 06:00 PM,10-Oct-2025 06:00 PM,11-Oct-2025 06:00 PM,"[Calibration of D 6 Methanometer, Local Methane Detector, Multi Gas Detector and Anemometer of Shyamsundarpur Colliery under Bankola Area]","[Calibration of D 6 Methanometer, Local Methane Detector, Multi Gas Detector and Anemometer of Shyamsundarpur Colliery under Bankola Area]
																				[ 	ECL/GM/BA/E TENDER/25-26/Min/84 Dt 27.09.2025][2025_ECL_344854_1]",https://etender.up.nic.in/nicgep/app?component=%24DirectLink_0&page=FrontEndAdvancedSearchResult&service=direct&session=T&sp=Sa2ycKTHrxpEqhh%2FpOTk9Ig%3D%3D,Eastern Coalfields Limited||ECL_Bankola area
492,37,22-Sep-2025 05:00 PM,01-Oct-2025 05:00 PM,03-Oct-2025 11:00 AM,"[Repairing of gear pinion of swing circle and damaged ring gear teeth of swing support, dismantling, repair of ripper cylinder ,rippper jaws and frame, pin,fire extinguisher stand and its back fitment, dismantling, etc of BG825 Motor Grader G4 at AOCP]","[Repairing of gear pinion of swing circle and damaged ring gear teeth of swing support, dismantling, repair of ripper cylinder ,rippper jaws and frame, pin,fire extinguisher stand and its back fitment, dismantling, etc of BG825 Motor Grader G4 at AOCP]
																				[PE(X)/AOCP/NIT/25-26/21][2025_CCL_344445_1]",https://etender.up.nic.in/nicgep/app?component=%24DirectLink_0&page=FrontEndAdvancedSearchResult&service=direct&session=T&sp=SFJ2w2TOjQPW8qUzr1LyIng%3D%3D,Central Coalfields Limited||Piparwar
493,37,22-Sep-2025 05:00 PM,02-Oct-2025 05:00 PM,03-Oct-2025 11:00 AM,[For the fabrication of CI Coupling 10 inch (12 Nos.) for drift pump motor at SB Workshop under Sijua Area],"[For the fabrication of CI Coupling 10 inch (12 Nos.) for drift pump motor at SB Workshop under Sijua Area]
																				[GM/SA/AM(EnM)-NIT/2025-26/073][2025_BCCL_344430_1]",https://etender.up.nic.in/nicgep/app?component=%24DirectLink_0&page=FrontEndAdvancedSearchResult&service=direct&session=T&sp=SVndgWHMJXjYELEQOGvYc2Q%3D%3D,Bharat Coking Coal Limited||BCCL_SIJUA AREA
489,10,22-Sep-2025 05:30 PM,03-Oct-2025 05:30 PM,04-Oct-2025 05:30 PM,[Architectural and allied work for Preparation  of DPR  for Refurbishing/Face lifting of Guwahati Office and Guwahati Guest House of NEC/CIL],"[Architectural and allied work for Preparation  of DPR  for Refurbishing/Face lifting of Guwahati Office and Guwahati Guest House of NEC/CIL]
																				[CMPDI/CE/2025/616 dated 22.09.25][2025_CMPDI_344504_1]",https://etender.up.nic.in/nicgep/app?component=%24DirectLink_0&page=FrontEndAdvancedSearchResult&service=direct&session=T&sp=S%2F2CZ8%2B2q02338hFpzeXMFA%3D%3D,Central Mine Planning and Design Institute Limited||Corporate Head Quarters||CHQ-Civil Department
106,6,27-Sep-2025 06:00 PM,10-Oct-2025 06:00 PM,11-Oct-2025 06:00 PM,[Engagement of JCB for kutccha drain cutting and other miscellaneous work near CHP of Kumardihi B Colliery.],"[Engagement of JCB for kutccha drain cutting and other miscellaneous work near CHP of Kumardihi B Colliery.]
																				[ECL/GM/BA/E TENDER/25-26/Min/85 Dt 27.09.2025][2025_ECL_344857_1]",https://etender.up.nic.in/nicgep/app?component=%24DirectLink_0&page=FrontEndAdvancedSearchResult&service=direct&session=T&sp=Shge%2FL7bsaP%2Bv2D5wfzJfEQ%3D%3D,Eastern Coalfields Limited||ECL_Bankola area
490,10,22-Sep-2025 05:00 PM,07-Oct-2025 05:00 PM,08-Oct-2025 11:00 AM,[Installation ofInstallation of Five (05) Nos. charging station port at GM unit Rajhara Area],"[Installation ofInstallation of Five (05) Nos. charging station port at GM unit Rajhara Area]
																				[GM(RA)/CHANDWA/EnM/25-26/10 Dated 22.09.2025][2025_CCL_344479_1]",https://etender.up.nic.in/nicgep/app?component=%24DirectLink_0&page=FrontEndAdvancedSearchResult&service=direct&session=T&sp=SKK7UX5JiXuLVwDamzfFB5A%3D%3D,Central Coalfields Limited||Rajhara
494,37,22-Sep-2025 05:00 PM,03-Oct-2025 05:00 PM,04-Oct-2025 10:00 AM,"[Up-Keeping, housekeeping, cleaning etc. for a period of 6 Months at Regional Hospital Loyabad under Sijua Area.]","[Up-Keeping, housekeeping, cleaning etc. for a period of 6 Months at Regional Hospital Loyabad under Sijua Area.]
																				[GM/SA/Civil/2025-26/eNIT-10][2025_BCCL_344484_1]",https://etender.up.nic.in/nicgep/app?component=%24DirectLink_0&page=FrontEndAdvancedSearchResult&service=direct&session=T&sp=Sk2ZVGlkty5O5%2Ftrtitm%2F7w%3D%3D,Bharat Coking Coal Limited||BCCL_SIJUA AREA
107,6,27-Sep-2025 06:00 PM,08-Oct-2025 04:00 PM,09-Oct-2025 04:00 PM,"[Dismantling, installation of Pump-Motor set up to 550V along with cable handling and repairing, maintenance and modification of Base-plate if and when required for a period of one year (365-days) of all Pump-motor set under Water Supply (12) Nos. Pum]","[Dismantling, installation of Pump-Motor set up to 550V along with cable handling and repairing, maintenance and modification of Base-plate if and when required for a period of one year (365-days) of all Pump-motor set under Water Supply (12) Nos. Pum]
																				[KTC/PE/EnM/25-26/41 date-27.09.2025][2025_CCL_344812_1]",https://etender.up.nic.in/nicgep/app?component=%24DirectLink_0&page=FrontEndAdvancedSearchResult&service=direct&session=T&sp=SLnASEMRmtQYtksZASofexw%3D%3D,Central Coalfields Limited||Kathara
491,10,22-Sep-2025 05:00 PM,03-Oct-2025 09:00 AM,04-Oct-2025 09:00 AM,[Dismantling and laying of 8 Inch dia MS pipe line for dewatering of Coal Face at Dept Patch and Shifting and re installation of pumps accessories after shifting work by cutting/welding as per requirement based on progression of face at Dept patch ask],"[Dismantling and laying of 8 Inch dia MS pipe line for dewatering of Coal Face at Dept Patch and Shifting and re installation of pumps accessories after shifting work by cutting/welding as per requirement based on progression of face at Dept patch ask]
																				[PO(AK)/PE(EnM)/e-NIT/25-26/30][2025_CCL_344486_1]",https://etender.up.nic.in/nicgep/app?component=%24DirectLink_0&page=FrontEndAdvancedSearchResult&service=direct&session=T&sp=SDEb23%2FE9AmdTyfoktbyMNg%3D%3D,Central Coalfields Limited||Piparwar
108,6,27-Sep-2025 06:00 PM,09-Oct-2025 05:00 PM,10-Oct-2025 11:00 AM,"[Supply and installation of Copper pad clamp connectors for Dog type conductor and Preventive Maintenance of Transformers supplying power to Townships in respect of Dakra Project, NK Area]","[Supply and installation of Copper pad clamp connectors for Dog type conductor and Preventive Maintenance of Transformers supplying power to Townships in respect of Dakra Project, NK Area]
																				[GM (NK)/EnM/e-NIT/2025-26/94  ][2025_CCL_344827_1]",https://etender.up.nic.in/nicgep/app?component=%24DirectLink_0&page=FrontEndAdvancedSearchResult&service=direct&session=T&sp=S1BNcKer1xwKV2j3geFbJHg%3D%3D,Central Coalfields Limited||NK Dakara
495,37,22-Sep-2025 05:00 PM,03-Oct-2025 09:00 AM,04-Oct-2025 09:00 AM,"[Repairing of Tata Bus BR13P 0172 under Ashok OCP, PPR Area.]","[Repairing of Tata Bus BR13P 0172 under Ashok OCP, PPR Area.]
																				[PO(AK)/PE(EnM)/e-NIT/25-26/32][2025_CCL_344490_1]",https://etender.up.nic.in/nicgep/app?component=%24DirectLink_0&page=FrontEndAdvancedSearchResult&service=direct&session=T&sp=SE6q%2FNAsdj318HXA2xsvRQA%3D%3D,Central Coalfields Limited||Piparwar
492,10,22-Sep-2025 05:00 PM,08-Oct-2025 05:00 PM,09-Oct-2025 05:00 PM,[Repairing of both UG bunker RC feeder of Jhilimili UG mine of Jhilimili Sub Area.],"[Repairing of both UG bunker RC feeder of Jhilimili UG mine of Jhilimili Sub Area.]
																				[SECL/GM/BKP/ENM/eTender/25-26/ 29][2025_SECL_344491_1]",https://etender.up.nic.in/nicgep/app?component=%24DirectLink_0&page=FrontEndAdvancedSearchResult&service=direct&session=T&sp=SNRtzIIusWsajWgaUWZLUdg%3D%3D,South Eastern Coalfields Limited||Baikunthpur Area
109,6,27-Sep-2025 06:00 PM,13-Oct-2025 06:00 PM,14-Oct-2025 12:00 PM,[Construction of 06 nos Sectionalisation Stoppings at CM  Panel 5 of R V seam at MIC Unit under JPC],"[Construction of 06 nos Sectionalisation Stoppings at CM  Panel 5 of R V seam at MIC Unit under JPC]
																				[ECL/GM/JNR/MIN.A/25-26/21 Dt. 26.09.2025][2025_ECL_344838_1]",https://etender.up.nic.in/nicgep/app?component=%24DirectLink_0&page=FrontEndAdvancedSearchResult&service=direct&session=T&sp=S50%2Bzrpr41FRWIqCWM69mIA%3D%3D,Eastern Coalfields Limited||ECL_Jhanjra area
493,10,22-Sep-2025 05:00 PM,03-Oct-2025 09:00 AM,04-Oct-2025 09:00 AM,"[Cleaning, testing and painting of test Weights 850 Nos. each of 20 Kg to be stamped and to be used during Stamping of Road Weighbridge 13 under Ashok OCP, PPR Area.]","[Cleaning, testing and painting of test Weights 850 Nos. each of 20 Kg to be stamped and to be used during Stamping of Road Weighbridge 13 under Ashok OCP, PPR Area.]
																				[PO(AK)/PE(EnM)/e-NIT/25-26/31][2025_CCL_344487_1]",https://etender.up.nic.in/nicgep/app?component=%24DirectLink_0&page=FrontEndAdvancedSearchResult&service=direct&session=T&sp=SmUAqal4GXISW9IGM9DDL5w%3D%3D,Central Coalfields Limited||Piparwar
496,37,22-Sep-2025 05:00 PM,03-Oct-2025 05:00 PM,04-Oct-2025 10:00 AM,[Changing of Water Closet of GM attached toilet and misc. civil works in Area office of Sijua Area.],"[Changing of Water Closet of GM attached toilet and misc. civil works in Area office of Sijua Area.]
																				[GM/SA/Civil/2025-26/eNIT-11][2025_BCCL_344488_1]",https://etender.up.nic.in/nicgep/app?component=%24DirectLink_0&page=FrontEndAdvancedSearchResult&service=direct&session=T&sp=SemKdAWorh%2FVtgfIj0Uy6MA%3D%3D,Bharat Coking Coal Limited||BCCL_SIJUA AREA
110,6,27-Sep-2025 06:00 PM,10-Oct-2025 06:00 PM,11-Oct-2025 06:00 PM,[Minor Repairing of Millennium Colliery Coal Transport Road from main road to the Loading Point under Bankola Area.],"[Minor Repairing of Millennium Colliery Coal Transport Road from main road to the Loading Point under Bankola Area.]
																				[ECL/GM/BA/E TENDER/25-26/Civil/55  Dt 27.09.2025][2025_ECL_344815_1]",https://etender.up.nic.in/nicgep/app?component=%24DirectLink_0&page=FrontEndAdvancedSearchResult&service=direct&session=T&sp=SWjg78JERUkmm0UkPegolVg%3D%3D,Eastern Coalfields Limited||ECL_Bankola area
494,10,22-Sep-2025 05:00 PM,03-Oct-2025 05:00 PM,04-Oct-2025 10:00 AM,"[Up-Keeping, housekeeping, cleaning etc. for a period of 6 Months at Regional Hospital Loyabad under Sijua Area.]","[Up-Keeping, housekeeping, cleaning etc. for a period of 6 Months at Regional Hospital Loyabad under Sijua Area.]
																				[GM/SA/Civil/2025-26/eNIT-10][2025_BCCL_344484_1]",https://etender.up.nic.in/nicgep/app?component=%24DirectLink_0&page=FrontEndAdvancedSearchResult&service=direct&session=T&sp=Sk2ZVGlkty5O5%2Ftrtitm%2F7w%3D%3D,Bharat Coking Coal Limited||BCCL_SIJUA AREA
497,37,22-Sep-2025 05:00 PM,02-Oct-2025 05:00 PM,04-Oct-2025 11:00 AM,"[Repair/ Renovation of D-2 Quarter at Indora Complex of WCL HQ, NagpurRepair/ Renovation of D-2 Quarter at Indora Complex of WCL HQ, Nagpur]","[Repair/ Renovation of D-2 Quarter at Indora Complex of WCL HQ, NagpurRepair/ Renovation of D-2 Quarter at Indora Complex of WCL HQ, Nagpur]
																				[WCL-HQ-CIV-WELFARE-E17-2025-26][2025_WCL_344410_1]",https://etender.up.nic.in/nicgep/app?component=%24DirectLink_0&page=FrontEndAdvancedSearchResult&service=direct&session=T&sp=SeoV%2Bh4%2FU3%2FXuwwAsak8ciQ%3D%3D,Western Coalfields Limited||HQ||HQ_Civil
111,6,27-Sep-2025 06:00 PM,10-Oct-2025 06:00 PM,11-Oct-2025 06:00 PM,[Debris cleaning for drift joining in RVIIA seam at Shyamsundarpur colliery],"[Debris cleaning for drift joining in RVIIA seam at Shyamsundarpur colliery]
																				[ 	ECL/GM/BA/E TENDER/25-26/Min/91 Dt 27.09.2025][2025_ECL_344866_1]",https://etender.up.nic.in/nicgep/app?component=%24DirectLink_0&page=FrontEndAdvancedSearchResult&service=direct&session=T&sp=SctjpJdsVv3SvVRZDcUOvtQ%3D%3D,Eastern Coalfields Limited||ECL_Bankola area
498,37,22-Sep-2025 05:00 PM,03-Oct-2025 09:00 AM,04-Oct-2025 09:00 AM,"[Cleaning, testing and painting of test Weights 850 Nos. each of 20 Kg to be stamped and to be used during Stamping of Road Weighbridge 13 under Ashok OCP, PPR Area.]","[Cleaning, testing and painting of test Weights 850 Nos. each of 20 Kg to be stamped and to be used during Stamping of Road Weighbridge 13 under Ashok OCP, PPR Area.]
																				[PO(AK)/PE(EnM)/e-NIT/25-26/31][2025_CCL_344487_1]",https://etender.up.nic.in/nicgep/app?component=%24DirectLink_0&page=FrontEndAdvancedSearchResult&service=direct&session=T&sp=SmUAqal4GXISW9IGM9DDL5w%3D%3D,Central Coalfields Limited||Piparwar
112,6,27-Sep-2025 06:00 PM,10-Oct-2025 06:00 PM,11-Oct-2025 06:00 PM,"[Supply of drinking water through 5000 Litre capacity tanker at shyamsundarpur village, shyamsundarpur old colony, Jharia Dangal Dangal Dhowrah of Tilaboni colliery under Bankola Area.]","[Supply of drinking water through 5000 Litre capacity tanker at shyamsundarpur village, shyamsundarpur old colony, Jharia Dangal Dangal Dhowrah of Tilaboni colliery under Bankola Area.]
																				[ 	ECL/GM/BA/E TENDER/25-26/Civil/54 Dt 27.09.2025][2025_ECL_344810_1]",https://etender.up.nic.in/nicgep/app?component=%24DirectLink_0&page=FrontEndAdvancedSearchResult&service=direct&session=T&sp=SE7Ciij4KaN6rR2uw%2B7bw2Q%3D%3D,Eastern Coalfields Limited||ECL_Bankola area
495,10,22-Sep-2025 05:00 PM,03-Oct-2025 09:00 AM,04-Oct-2025 09:00 AM,"[Repairing of Tata Bus BR13P 0172 under Ashok OCP, PPR Area.]","[Repairing of Tata Bus BR13P 0172 under Ashok OCP, PPR Area.]
																				[PO(AK)/PE(EnM)/e-NIT/25-26/32][2025_CCL_344490_1]",https://etender.up.nic.in/nicgep/app?component=%24DirectLink_0&page=FrontEndAdvancedSearchResult&service=direct&session=T&sp=SE6q%2FNAsdj318HXA2xsvRQA%3D%3D,Central Coalfields Limited||Piparwar
113,6,27-Sep-2025 06:00 PM,10-Oct-2025 06:00 PM,11-Oct-2025 06:00 PM,[Making kachha approach road from Sarpi new Transformer room to new bore holes behind sarpi pit shyamsundarpur colliery under Bankola Area.],"[Making kachha approach road from Sarpi new Transformer room to new bore holes behind sarpi pit shyamsundarpur colliery under Bankola Area.]
																				[ECL/GM/BA/E TENDER/25-26/Civil/53 Dt 27.09.2025][2025_ECL_344808_1]",https://etender.up.nic.in/nicgep/app?component=%24DirectLink_0&page=FrontEndAdvancedSearchResult&service=direct&session=T&sp=Seh273iGUASyU6MO%2FcVPN0A%3D%3D,Eastern Coalfields Limited||ECL_Bankola area
496,10,22-Sep-2025 05:00 PM,03-Oct-2025 05:00 PM,04-Oct-2025 11:00 AM,[Strengthening of the bituminous road from Durga temple to old bank near childrens park at Kunustoria colliery colony under KNT area],"[Strengthening of the bituminous road from Durga temple to old bank near childrens park at Kunustoria colliery colony under KNT area]
																				[ECL/GM/KNT/CIVIL/E-TENDER/ 25-26/515 Dt. 17-09-2025][2025_ECL_344326_2]",https://etender.up.nic.in/nicgep/app?component=%24DirectLink_0&page=FrontEndAdvancedSearchResult&service=direct&session=T&sp=S9z1tkS1l62mFTEcfaNyOEg%3D%3D,Eastern Coalfields Limited||ECL_Kunostoria area
499,37,22-Sep-2025 05:00 PM,03-Oct-2025 05:00 PM,04-Oct-2025 11:00 AM,[Providing boundary wall with other works related to 33 KV substation at Jampali OCP under Raigarh Area(2nd Call)],"[Providing boundary wall with other works related to 33 KV substation at Jampali OCP under Raigarh Area(2nd Call)]
																				[SECL/GM/RGH/SOC/e-Tender/ 2025-26/31 dtd 22.09.2025][2025_SECL_344344_1]",https://etender.up.nic.in/nicgep/app?component=%24DirectLink_0&page=FrontEndAdvancedSearchResult&service=direct&session=T&sp=SiEjlBwSsVDpfFzm%2FKGXMWw%3D%3D,South Eastern Coalfields Limited||Raigarh Area
497,10,22-Sep-2025 05:00 PM,03-Oct-2025 05:00 PM,04-Oct-2025 10:00 AM,[Changing of Water Closet of GM attached toilet and misc. civil works in Area office of Sijua Area.],"[Changing of Water Closet of GM attached toilet and misc. civil works in Area office of Sijua Area.]
																				[GM/SA/Civil/2025-26/eNIT-11][2025_BCCL_344488_1]",https://etender.up.nic.in/nicgep/app?component=%24DirectLink_0&page=FrontEndAdvancedSearchResult&service=direct&session=T&sp=SemKdAWorh%2FVtgfIj0Uy6MA%3D%3D,Bharat Coking Coal Limited||BCCL_SIJUA AREA
114,6,27-Sep-2025 06:00 PM,10-Oct-2025 06:00 PM,11-Oct-2025 06:00 PM,"[Supply of drinking water to (i)  Ukhra Panchayat, (ii) Telipara (ii) Sarpi More (iv)  Dangipara  Khad para Anand More  Pathak para and Muchi para and (v) 3 4 No  pit of Majhipara of Shyamsundarpur colliery under Bankola Area.]","[Supply of drinking water to (i)  Ukhra Panchayat, (ii) Telipara (ii) Sarpi More (iv)  Dangipara  Khad para Anand More  Pathak para and Muchi para and (v) 3 4 No  pit of Majhipara of Shyamsundarpur colliery under Bankola Area.]
																				[ECL/GM/BA/E TENDER/25-26/Civil/52 Dt 27.09.2025][2025_ECL_344806_1]",https://etender.up.nic.in/nicgep/app?component=%24DirectLink_0&page=FrontEndAdvancedSearchResult&service=direct&session=T&sp=SkPoKZ9m6kcco41GkWtnVow%3D%3D,Eastern Coalfields Limited||ECL_Bankola area
500,37,22-Sep-2025 05:00 PM,03-Oct-2025 09:00 AM,04-Oct-2025 09:00 AM,[Dismantling and laying of 8 Inch dia MS pipe line for dewatering of Coal Face at Dept Patch and Shifting and re installation of pumps accessories after shifting work by cutting/welding as per requirement based on progression of face at Dept patch ask],"[Dismantling and laying of 8 Inch dia MS pipe line for dewatering of Coal Face at Dept Patch and Shifting and re installation of pumps accessories after shifting work by cutting/welding as per requirement based on progression of face at Dept patch ask]
																				[PO(AK)/PE(EnM)/e-NIT/25-26/30][2025_CCL_344486_1]",https://etender.up.nic.in/nicgep/app?component=%24DirectLink_0&page=FrontEndAdvancedSearchResult&service=direct&session=T&sp=SDEb23%2FE9AmdTyfoktbyMNg%3D%3D,Central Coalfields Limited||Piparwar
498,10,22-Sep-2025 05:00 PM,02-Oct-2025 05:00 PM,04-Oct-2025 11:00 AM,"[Repair/ Renovation of D-2 Quarter at Indora Complex of WCL HQ, NagpurRepair/ Renovation of D-2 Quarter at Indora Complex of WCL HQ, Nagpur]","[Repair/ Renovation of D-2 Quarter at Indora Complex of WCL HQ, NagpurRepair/ Renovation of D-2 Quarter at Indora Complex of WCL HQ, Nagpur]
																				[WCL-HQ-CIV-WELFARE-E17-2025-26][2025_WCL_344410_1]",https://etender.up.nic.in/nicgep/app?component=%24DirectLink_0&page=FrontEndAdvancedSearchResult&service=direct&session=T&sp=SeoV%2Bh4%2FU3%2FXuwwAsak8ciQ%3D%3D,Western Coalfields Limited||HQ||HQ_Civil
115,6,27-Sep-2025 06:00 PM,09-Oct-2025 06:00 PM,10-Oct-2025 06:00 PM,[major overhauling of steam winder at 5n6 pits of Nakrakonda-Kumardihi B Colliery  under Bankola Area.],"[major overhauling of steam winder at 5n6 pits of Nakrakonda-Kumardihi B Colliery  under Bankola Area.]
																				[ECL/GM/BA/E TENDER/25-26/ENM/135  Dt 27.09.2025][2025_ECL_344855_1]",https://etender.up.nic.in/nicgep/app?component=%24DirectLink_0&page=FrontEndAdvancedSearchResult&service=direct&session=T&sp=S4RMsgs7zE%2BiZ2wDykOKyuw%3D%3D,Eastern Coalfields Limited||ECL_Bankola area
499,10,22-Sep-2025 05:00 PM,03-Oct-2025 05:00 PM,04-Oct-2025 11:00 AM,[Providing boundary wall with other works related to 33 KV substation at Jampali OCP under Raigarh Area(2nd Call)],"[Providing boundary wall with other works related to 33 KV substation at Jampali OCP under Raigarh Area(2nd Call)]
																				[SECL/GM/RGH/SOC/e-Tender/ 2025-26/31 dtd 22.09.2025][2025_SECL_344344_1]",https://etender.up.nic.in/nicgep/app?component=%24DirectLink_0&page=FrontEndAdvancedSearchResult&service=direct&session=T&sp=SiEjlBwSsVDpfFzm%2FKGXMWw%3D%3D,South Eastern Coalfields Limited||Raigarh Area
116,6,27-Sep-2025 06:00 PM,09-Oct-2025 03:00 PM,10-Oct-2025 10:00 AM,"[Construction of PCC Road from main road to Panchayat Bhawan at Saunda Basti within Patratu Block under CSR Scheme of FY 2024-25, Barka-Sayal Area.]","[Construction of PCC Road from main road to Panchayat Bhawan at Saunda Basti within Patratu Block under CSR Scheme of FY 2024-25, Barka-Sayal Area.]
																				[GM(B-S)/Civil/Tender/2025-26/ 436][2025_CCL_344832_1]",https://etender.up.nic.in/nicgep/app?component=%24DirectLink_0&page=FrontEndAdvancedSearchResult&service=direct&session=T&sp=Sy6NaEwGuXvontG%2BWhdhMLQ%3D%3D,Central Coalfields Limited||Barka Syal
117,6,27-Sep-2025 06:00 PM,10-Oct-2025 06:00 PM,11-Oct-2025 06:00 PM,[Debris cleaning and drain cutting from 3 no pit bottom to 0D 5L Along 5L 0D to 1ND and Along 1ND 5Lto 9L in RVIIA searn of no 3 and 4 pit unit of Kumardihi A Colliery.],"[Debris cleaning and drain cutting from 3 no pit bottom to 0D 5L Along 5L 0D to 1ND and Along 1ND 5Lto 9L in RVIIA searn of no 3 and 4 pit unit of Kumardihi A Colliery.]
																				[ 	ECL/GM/BA/E TENDER/25-26/Min/86 Dt 27.09.2025][2025_ECL_344858_1]",https://etender.up.nic.in/nicgep/app?component=%24DirectLink_0&page=FrontEndAdvancedSearchResult&service=direct&session=T&sp=SMvj5ndRCT4C70Fj90E0cVw%3D%3D,Eastern Coalfields Limited||ECL_Bankola area
500,10,22-Sep-2025 05:00 PM,01-Oct-2025 05:00 PM,03-Oct-2025 11:00 AM,"[Repairing of gear pinion of swing circle and damaged ring gear teeth of swing support, dismantling, repair of ripper cylinder ,rippper jaws and frame, pin,fire extinguisher stand and its back fitment, dismantling, etc of BG825 Motor Grader G4 at AOCP]","[Repairing of gear pinion of swing circle and damaged ring gear teeth of swing support, dismantling, repair of ripper cylinder ,rippper jaws and frame, pin,fire extinguisher stand and its back fitment, dismantling, etc of BG825 Motor Grader G4 at AOCP]
																				[PE(X)/AOCP/NIT/25-26/21][2025_CCL_344445_1]",https://etender.up.nic.in/nicgep/app?component=%24DirectLink_0&page=FrontEndAdvancedSearchResult&service=direct&session=T&sp=SFJ2w2TOjQPW8qUzr1LyIng%3D%3D,Central Coalfields Limited||Piparwar
118,6,27-Sep-2025 06:00 PM,10-Oct-2025 06:00 PM,11-Oct-2025 06:00 PM,[Supply of drinking water through 5000 Liter capacity tanker al OCP colony staff centre  uriya centre of Kumardini A colliery under Bankola Area.],"[Supply of drinking water through 5000 Liter capacity tanker al OCP colony staff centre  uriya centre of Kumardini A colliery under Bankola Area.]
																				[ 	ECL/GM/BA/E TENDER/25-26/Civil/51 Dt 27.09.2025][2025_ECL_344804_1]",https://etender.up.nic.in/nicgep/app?component=%24DirectLink_0&page=FrontEndAdvancedSearchResult&service=direct&session=T&sp=SSnmgZyEFGeUdC62%2BS7dXCQ%3D%3D,Eastern Coalfields Limited||ECL_Bankola area
119,6,27-Sep-2025 06:00 PM,14-Oct-2025 05:00 PM,16-Oct-2025 11:00 AM,"[Heightening and widening of transportation route galleries at Rajendra UG Mine, Period 240days]","[Heightening and widening of transportation route galleries at Rajendra UG Mine, Period 240days]
																				[SECL/SGP/SO(M)/25-26/NIT-712 dt 27.09.2025][2025_SECL_344842_1]",https://etender.up.nic.in/nicgep/app?component=%24DirectLink_0&page=FrontEndAdvancedSearchResult&service=direct&session=T&sp=SYdNdvaGsw%2B0%2Fzyx8jUS1pw%3D%3D,South Eastern Coalfields Limited||Sohagpur Area
120,6,27-Sep-2025 06:00 PM,08-Oct-2025 04:00 PM,09-Oct-2025 04:00 PM,[Providing and fixing of 04 Nos. lightning rod on the tower with 04 No. Earth Pit for the safety of transformer and equipment and cleaning-painting of all 4 no. towers of 2 No. Sub-station under Kathara Colliery.],"[Providing and fixing of 04 Nos. lightning rod on the tower with 04 No. Earth Pit for the safety of transformer and equipment and cleaning-painting of all 4 no. towers of 2 No. Sub-station under Kathara Colliery.]
																				[KTC/PE/EnM/25-26/42 Date-27.09.2025][2025_CCL_344840_1]",https://etender.up.nic.in/nicgep/app?component=%24DirectLink_0&page=FrontEndAdvancedSearchResult&service=direct&session=T&sp=S2pflfZuhLnUoxb%2BCOTklOw%3D%3D,Central Coalfields Limited||Kathara
101,38,27-Sep-2025 06:00 PM,10-Oct-2025 06:00 PM,11-Oct-2025 06:00 PM,[Debris cleaning and drain cutting from 3 no pit bottom to 0D 5L Along 5L 0D to 1ND and Along 1ND 5Lto 9L in RVIIA searn of no 3 and 4 pit unit of Kumardihi A Colliery.],"[Debris cleaning and drain cutting from 3 no pit bottom to 0D 5L Along 5L 0D to 1ND and Along 1ND 5Lto 9L in RVIIA searn of no 3 and 4 pit unit of Kumardihi A Colliery.]
																				[ 	ECL/GM/BA/E TENDER/25-26/Min/86 Dt 27.09.2025][2025_ECL_344858_1]",https://etender.up.nic.in/nicgep/app?component=%24DirectLink_0&page=FrontEndAdvancedSearchResult&service=direct&session=T&sp=SMvj5ndRCT4C70Fj90E0cVw%3D%3D,Eastern Coalfields Limited||ECL_Bankola area
102,38,27-Sep-2025 06:00 PM,09-Oct-2025 06:00 PM,10-Oct-2025 06:00 PM,[major overhauling of steam winder at 5n6 pits of Nakrakonda-Kumardihi B Colliery  under Bankola Area.],"[major overhauling of steam winder at 5n6 pits of Nakrakonda-Kumardihi B Colliery  under Bankola Area.]
																				[ECL/GM/BA/E TENDER/25-26/ENM/135  Dt 27.09.2025][2025_ECL_344855_1]",https://etender.up.nic.in/nicgep/app?component=%24DirectLink_0&page=FrontEndAdvancedSearchResult&service=direct&session=T&sp=S4RMsgs7zE%2BiZ2wDykOKyuw%3D%3D,Eastern Coalfields Limited||ECL_Bankola area
103,38,27-Sep-2025 06:00 PM,10-Oct-2025 06:00 PM,11-Oct-2025 06:00 PM,[Engagement of JCB for kutccha drain cutting and other miscellaneous work near CHP of Kumardihi B Colliery.],"[Engagement of JCB for kutccha drain cutting and other miscellaneous work near CHP of Kumardihi B Colliery.]
																				[ECL/GM/BA/E TENDER/25-26/Min/85 Dt 27.09.2025][2025_ECL_344857_1]",https://etender.up.nic.in/nicgep/app?component=%24DirectLink_0&page=FrontEndAdvancedSearchResult&service=direct&session=T&sp=Shge%2FL7bsaP%2Bv2D5wfzJfEQ%3D%3D,Eastern Coalfields Limited||ECL_Bankola area
104,38,27-Sep-2025 06:00 PM,10-Oct-2025 06:00 PM,11-Oct-2025 06:00 PM,"[Calibration of D 6 Methanometer, Local Methane Detector, Multi Gas Detector and Anemometer of Shyamsundarpur Colliery under Bankola Area]","[Calibration of D 6 Methanometer, Local Methane Detector, Multi Gas Detector and Anemometer of Shyamsundarpur Colliery under Bankola Area]
																				[ 	ECL/GM/BA/E TENDER/25-26/Min/84 Dt 27.09.2025][2025_ECL_344854_1]",https://etender.up.nic.in/nicgep/app?component=%24DirectLink_0&page=FrontEndAdvancedSearchResult&service=direct&session=T&sp=Sa2ycKTHrxpEqhh%2FpOTk9Ig%3D%3D,Eastern Coalfields Limited||ECL_Bankola area
105,38,27-Sep-2025 06:00 PM,10-Oct-2025 06:00 PM,11-Oct-2025 06:00 PM,[Repairing of Boundary wall at Agent office under Bankola Colliery.],"[Repairing of Boundary wall at Agent office under Bankola Colliery.]
																				[ 	ECL/GM/BA/E TENDER/25-26/Civil/56 Dt 27.09.2025][2025_ECL_344853_1]",https://etender.up.nic.in/nicgep/app?component=%24DirectLink_0&page=FrontEndAdvancedSearchResult&service=direct&session=T&sp=SBX0k8sTgfRMtjv9J9NsxZQ%3D%3D,Eastern Coalfields Limited||ECL_Bankola area
106,38,27-Sep-2025 06:00 PM,09-Oct-2025 06:00 PM,10-Oct-2025 06:00 PM,[installation and commissioning of 6 inch  M.S.  Pipe range in incline 2 ta RVIIB of CM  project at Nakrakonda Kumardihi B colliery  under Bankola area. ],"[installation and commissioning of 6 inch  M.S.  Pipe range in incline 2 ta RVIIB of CM  project at Nakrakonda Kumardihi B colliery  under Bankola area. ]
																				[ECL/GM/BA/E TENDER/25-26/ENM/133 Dt 27.09.2025][2025_ECL_344851_1]",https://etender.up.nic.in/nicgep/app?component=%24DirectLink_0&page=FrontEndAdvancedSearchResult&service=direct&session=T&sp=S0qFeYfDh963R9SOxd2GL1Q%3D%3D,Eastern Coalfields Limited||ECL_Bankola area
107,38,27-Sep-2025 06:00 PM,10-Oct-2025 11:00 AM,11-Oct-2025 11:00 AM,"[Loading, unloading and placing of test weights (20 Kg C.I. each) at the weigh bridge platform for calibration/verification of weighbridge and cleaning the Load Cell area (where load cells wire laid/dressed and load cell mounted) ]","[Loading, unloading and placing of test weights (20 Kg C.I. each) at the weigh bridge platform for calibration/verification of weighbridge and cleaning the Load Cell area (where load cells wire laid/dressed and load cell mounted) ]
																				[GM(H)/EnM/Tender/25-26/45][2025_CCL_344852_1]",https://etender.up.nic.in/nicgep/app?component=%24DirectLink_0&page=FrontEndAdvancedSearchResult&service=direct&session=T&sp=SN%2FMNhZYMHAXkEtFSopE9bw%3D%3D,Central Coalfields Limited||Hazaribag
108,38,27-Sep-2025 06:00 PM,10-Oct-2025 11:00 AM,11-Oct-2025 11:00 AM,"[Fresh wiring of quarter no C-04 and B-41, electrical repair work in office building, club and guest house, supply and installation of two nos energy meter at GM unit under Hazaribagh Area]","[Fresh wiring of quarter no C-04 and B-41, electrical repair work in office building, club and guest house, supply and installation of two nos energy meter at GM unit under Hazaribagh Area]
																				[GM(H)/EnM/Tender/25-26/44][2025_CCL_344848_1]",https://etender.up.nic.in/nicgep/app?component=%24DirectLink_0&page=FrontEndAdvancedSearchResult&service=direct&session=T&sp=SiDgL90BXVDBYIWW3%2Fc%2BugA%3D%3D,Central Coalfields Limited||Hazaribag
109,38,27-Sep-2025 06:00 PM,09-Oct-2025 06:00 PM,10-Oct-2025 06:00 PM,[repairing of Tandem cage of NKJ unit at Khandra Colliery.],"[repairing of Tandem cage of NKJ unit at Khandra Colliery.]
																				[ECL/GM/BA/E TENDER/25-26/ENM/134 Dt 27.09.2025][2025_ECL_344846_1]",https://etender.up.nic.in/nicgep/app?component=%24DirectLink_0&page=FrontEndAdvancedSearchResult&service=direct&session=T&sp=Sn0glVaEXz%2F01cXgjeruOjw%3D%3D,Eastern Coalfields Limited||ECL_Bankola area
110,38,27-Sep-2025 06:00 PM,09-Oct-2025 03:00 PM,10-Oct-2025 03:00 PM,"[Repair of RDs Residence, adjacent servant quarter, boundary wall etc at RD Bunglow, CMPDI RI-1, Asansol]","[Repair of RDs Residence, adjacent servant quarter, boundary wall etc at RD Bunglow, CMPDI RI-1, Asansol]
																				[CMPDI/RI-1/Civil/e-Tender/ 2025-26/303][2025_CMPDI_344845_1]",https://etender.up.nic.in/nicgep/app?component=%24DirectLink_0&page=FrontEndAdvancedSearchResult&service=direct&session=T&sp=S8Grfx1X6hw4y1I3aZH8%2BRA%3D%3D,Central Mine Planning and Design Institute Limited||Regional Institute - I||RR-I-Civil Department
111,38,27-Sep-2025 06:00 PM,10-Oct-2025 11:30 AM,11-Oct-2025 11:30 AM,[Miscellaneous repair works at 11KV/33KV Sub Station of Mine No.2 under Saoner Sub Area.],"[Miscellaneous repair works at 11KV/33KV Sub Station of Mine No.2 under Saoner Sub Area.]
																				[na3250-civ-e-tender 02-2025-26][2025_WCL_344843_1]",https://etender.up.nic.in/nicgep/app?component=%24DirectLink_0&page=FrontEndAdvancedSearchResult&service=direct&session=T&sp=S4e3xAFcjbX%2BUIF7%2F1eygsA%3D%3D,Western Coalfields Limited||NGP||NGP_Civil
112,38,27-Sep-2025 06:00 PM,09-Oct-2025 11:00 AM,10-Oct-2025 11:00 AM,[Fabrication of damaged structural items of CAT1113 and accidental damaged CAT1110 and CAT933 Model CAT777E 100T dumpers of Amlohri Project],"[Fabrication of damaged structural items of CAT1113 and accidental damaged CAT1110 and CAT933 Model CAT777E 100T dumpers of Amlohri Project]
																				[Aml/Excv/ETN/Web-NIT/25-26/53][2025_NCL_344834_1]",https://etender.up.nic.in/nicgep/app?component=%24DirectLink_0&page=FrontEndAdvancedSearchResult&service=direct&session=T&sp=SfqxjsflMTTrZwrDlnPzB5g%3D%3D,Northern Coalfields Limited||Amlori Project
113,38,27-Sep-2025 06:00 PM,15-Oct-2025 06:00 PM,16-Oct-2025 12:00 PM,[Drift Drivage along 15R and 16R from minus 2 level for travelling and escape route of R V Seam from R VI seam at MIC Unit of Jhanjra Proejct Colliery],"[Drift Drivage along 15R and 16R from minus 2 level for travelling and escape route of R V Seam from R VI seam at MIC Unit of Jhanjra Proejct Colliery]
																				[ECL/GM/JNR/MIN.A/25-26/22 Dt. 26.09.2025][2025_ECL_344829_1]",https://etender.up.nic.in/nicgep/app?component=%24DirectLink_0&page=FrontEndAdvancedSearchResult&service=direct&session=T&sp=SZ6kdOGILr3r3nWhamyljkw%3D%3D,Eastern Coalfields Limited||ECL_Jhanjra area
114,38,27-Sep-2025 06:00 PM,09-Oct-2025 05:00 PM,10-Oct-2025 11:00 AM,"[Supply and installation of Copper pad clamp connectors for Dog type conductor and Preventive Maintenance of Transformers supplying power to Townships in respect of Dakra Project, NK Area]","[Supply and installation of Copper pad clamp connectors for Dog type conductor and Preventive Maintenance of Transformers supplying power to Townships in respect of Dakra Project, NK Area]
																				[GM (NK)/EnM/e-NIT/2025-26/94  ][2025_CCL_344827_1]",https://etender.up.nic.in/nicgep/app?component=%24DirectLink_0&page=FrontEndAdvancedSearchResult&service=direct&session=T&sp=S1BNcKer1xwKV2j3geFbJHg%3D%3D,Central Coalfields Limited||NK Dakara
115,38,27-Sep-2025 06:00 PM,08-Oct-2025 04:00 PM,09-Oct-2025 04:00 PM,"[Dismantling, installation of Pump-Motor set up to 550V along with cable handling and repairing, maintenance and modification of Base-plate if and when required for a period of one year (365-days) of all Pump-motor set under Water Supply (12) Nos. Pum]","[Dismantling, installation of Pump-Motor set up to 550V along with cable handling and repairing, maintenance and modification of Base-plate if and when required for a period of one year (365-days) of all Pump-motor set under Water Supply (12) Nos. Pum]
																				[KTC/PE/EnM/25-26/41 date-27.09.2025][2025_CCL_344812_1]",https://etender.up.nic.in/nicgep/app?component=%24DirectLink_0&page=FrontEndAdvancedSearchResult&service=direct&session=T&sp=SLnASEMRmtQYtksZASofexw%3D%3D,Central Coalfields Limited||Kathara
116,38,27-Sep-2025 06:00 PM,13-Oct-2025 06:00 PM,14-Oct-2025 12:00 PM,[Construction of 06 nos Sectionalisation Stoppings at CM  Panel 5 of R V seam at MIC Unit under JPC],"[Construction of 06 nos Sectionalisation Stoppings at CM  Panel 5 of R V seam at MIC Unit under JPC]
																				[ECL/GM/JNR/MIN.A/25-26/21 Dt. 26.09.2025][2025_ECL_344838_1]",https://etender.up.nic.in/nicgep/app?component=%24DirectLink_0&page=FrontEndAdvancedSearchResult&service=direct&session=T&sp=S50%2Bzrpr41FRWIqCWM69mIA%3D%3D,Eastern Coalfields Limited||ECL_Jhanjra area
117,38,27-Sep-2025 06:00 PM,10-Oct-2025 06:00 PM,11-Oct-2025 06:00 PM,[Minor Repairing of Millennium Colliery Coal Transport Road from main road to the Loading Point under Bankola Area.],"[Minor Repairing of Millennium Colliery Coal Transport Road from main road to the Loading Point under Bankola Area.]
																				[ECL/GM/BA/E TENDER/25-26/Civil/55  Dt 27.09.2025][2025_ECL_344815_1]",https://etender.up.nic.in/nicgep/app?component=%24DirectLink_0&page=FrontEndAdvancedSearchResult&service=direct&session=T&sp=SWjg78JERUkmm0UkPegolVg%3D%3D,Eastern Coalfields Limited||ECL_Bankola area
118,38,27-Sep-2025 06:00 PM,10-Oct-2025 06:00 PM,11-Oct-2025 06:00 PM,"[Supply of drinking water through 5000 Litre capacity tanker at shyamsundarpur village, shyamsundarpur old colony, Jharia Dangal Dangal Dhowrah of Tilaboni colliery under Bankola Area.]","[Supply of drinking water through 5000 Litre capacity tanker at shyamsundarpur village, shyamsundarpur old colony, Jharia Dangal Dangal Dhowrah of Tilaboni colliery under Bankola Area.]
																				[ 	ECL/GM/BA/E TENDER/25-26/Civil/54 Dt 27.09.2025][2025_ECL_344810_1]",https://etender.up.nic.in/nicgep/app?component=%24DirectLink_0&page=FrontEndAdvancedSearchResult&service=direct&session=T&sp=SE7Ciij4KaN6rR2uw%2B7bw2Q%3D%3D,Eastern Coalfields Limited||ECL_Bankola area
119,38,27-Sep-2025 06:00 PM,10-Oct-2025 06:00 PM,11-Oct-2025 06:00 PM,[Making kachha approach road from Sarpi new Transformer room to new bore holes behind sarpi pit shyamsundarpur colliery under Bankola Area.],"[Making kachha approach road from Sarpi new Transformer room to new bore holes behind sarpi pit shyamsundarpur colliery under Bankola Area.]
																				[ECL/GM/BA/E TENDER/25-26/Civil/53 Dt 27.09.2025][2025_ECL_344808_1]",https://etender.up.nic.in/nicgep/app?component=%24DirectLink_0&page=FrontEndAdvancedSearchResult&service=direct&session=T&sp=Seh273iGUASyU6MO%2FcVPN0A%3D%3D,Eastern Coalfields Limited||ECL_Bankola area
120,38,27-Sep-2025 06:00 PM,10-Oct-2025 06:00 PM,11-Oct-2025 06:00 PM,"[Supply of drinking water to (i)  Ukhra Panchayat, (ii) Telipara (ii) Sarpi More (iv)  Dangipara  Khad para Anand More  Pathak para and Muchi para and (v) 3 4 No  pit of Majhipara of Shyamsundarpur colliery under Bankola Area.]","[Supply of drinking water to (i)  Ukhra Panchayat, (ii) Telipara (ii) Sarpi More (iv)  Dangipara  Khad para Anand More  Pathak para and Muchi para and (v) 3 4 No  pit of Majhipara of Shyamsundarpur colliery under Bankola Area.]
																				[ECL/GM/BA/E TENDER/25-26/Civil/52 Dt 27.09.2025][2025_ECL_344806_1]",https://etender.up.nic.in/nicgep/app?component=%24DirectLink_0&page=FrontEndAdvancedSearchResult&service=direct&session=T&sp=SkPoKZ9m6kcco41GkWtnVow%3D%3D,Eastern Coalfields Limited||ECL_Bankola area
141,17,27-Sep-2025 02:00 PM,04-Oct-2025 05:00 PM,06-Oct-2025 10:00 AM,[Repair of barbed wire fencing of the parking shed ],"[Repair of barbed wire fencing of the parking shed ]
																				[BCCL/EXCVN/SWS/ E-NIT/2025-26/312][2025_BCCL_344825_1]",https://etender.up.nic.in/nicgep/app?component=%24DirectLink_0&page=FrontEndAdvancedSearchResult&service=direct&session=T&sp=Sq9tzZZujLb4vHWSKIEqI4g%3D%3D,Bharat Coking Coal Limited||BCCL-Hqrs||Sinidih Workshop- MM Deptt.
142,17,27-Sep-2025 02:00 PM,04-Oct-2025 05:00 PM,06-Oct-2025 10:00 AM,[Repairing and maintenance of substation room ],"[Repairing and maintenance of substation room ]
																				[BCCL/EXCVN/SWS/ E-NIT/2025-26/311][2025_BCCL_344822_1]",https://etender.up.nic.in/nicgep/app?component=%24DirectLink_0&page=FrontEndAdvancedSearchResult&service=direct&session=T&sp=SME3puoeIV2VQsnh625jF1Q%3D%3D,Bharat Coking Coal Limited||BCCL-Hqrs||Sinidih Workshop- MM Deptt.
143,17,27-Sep-2025 02:00 PM,09-Oct-2025 05:00 PM,10-Oct-2025 10:00 AM,"[(A) Diversion of 11kV overhead line from pole near Drain(Nala) adjacent to workshop to Proposed new 11kV/3.3kV Electrical substation, adjacent to 50MT,60MT Electronic road weighbridge, Kata Ghar]","[(A) Diversion of 11kV overhead line from pole near Drain(Nala) adjacent to workshop to Proposed new 11kV/3.3kV Electrical substation, adjacent to 50MT,60MT Electronic road weighbridge, Kata Ghar]
																				[ECL/GM/MA/E and M/25-26/eTender/15 Dt. 25.09.2025][2025_ECL_344706_1]",https://etender.up.nic.in/nicgep/app?component=%24DirectLink_0&page=FrontEndAdvancedSearchResult&service=direct&session=T&sp=SYHHflwXgmNIGPhzS2I85Pw%3D%3D,Eastern Coalfields Limited||ECL_Mugma area
144,17,27-Sep-2025 01:00 PM,06-Oct-2025 06:00 PM,07-Oct-2025 11:00 AM,"[Work of Complete Repairing, Rewinding and Installation of 01 No. of 100 KVA 11 KV   440 Volts Transformer near DIG Complex behind Director Bungalow No. 05.]","[Work of Complete Repairing, Rewinding and Installation of 01 No. of 100 KVA 11 KV   440 Volts Transformer near DIG Complex behind Director Bungalow No. 05.]
																				[BCCL/KB/ENM/PS/LTE/25-26/162][2025_BCCL_344816_1]",https://etender.up.nic.in/nicgep/app?component=%24DirectLink_0&page=FrontEndAdvancedSearchResult&service=direct&session=T&sp=SJNgRvATpJXlorOxakmraLQ%3D%3D,Bharat Coking Coal Limited||BCCL-Hqrs||HQ_EnM
145,17,27-Sep-2025 01:00 PM,09-Oct-2025 09:00 AM,10-Oct-2025 10:30 AM,[wiring of community hall],"[wiring of community hall]
																				[SO(EnM)/B-S/eTender/25-26/1064][2025_CCL_344830_1]",https://etender.up.nic.in/nicgep/app?component=%24DirectLink_0&page=FrontEndAdvancedSearchResult&service=direct&session=T&sp=SQdEiYxu%2Bx5rwVs5fCWwBcA%3D%3D,Central Coalfields Limited||Barka Syal
146,17,27-Sep-2025 12:00 PM,03-Oct-2025 05:00 PM,03-Oct-2025 05:30 PM,[Beautification and improvement of internal and external lighting of Mines Rescue ],"[Beautification and improvement of internal and external lighting of Mines Rescue ]
																				[GM(TA)/SO(EnM)/e-22, date-26.09.2025][2025_MCL_344787_1]",https://etender.up.nic.in/nicgep/app?component=%24DirectLink_0&page=FrontEndAdvancedSearchResult&service=direct&session=T&sp=SzmJY3o%2FIkIIFpE%2FZ%2FVo1dQ%3D%3D,Mahanadi Coalfields Limited||TALCHER AREA||TALCH_E AND M||E AND M
147,17,27-Sep-2025 10:00 AM,08-Oct-2025 05:00 PM,10-Oct-2025 11:00 AM,[G.I.Sheet Roofing in Sub Station to Avoid water seepage inside the 3.3 KV switch station installed at mine Substation 33KV at Amera Sub Area of Bishrampur Area.],"[G.I.Sheet Roofing in Sub Station to Avoid water seepage inside the 3.3 KV switch station installed at mine Substation 33KV at Amera Sub Area of Bishrampur Area.]
																				[GM/BSPR/Civil/e-tender/ 2025-26/20 Dt.26.09.2025][2025_SECL_344744_1]",https://etender.up.nic.in/nicgep/app?component=%24DirectLink_0&page=FrontEndAdvancedSearchResult&service=direct&session=T&sp=S8OpV2YtJwsXKV5%2FxXGPoZQ%3D%3D,South Eastern Coalfields Limited||Bishrampur Area
148,17,27-Sep-2025 10:00 AM,07-Oct-2025 04:00 PM,08-Oct-2025 10:00 AM,"[Comprehensive Annual Contract of Electrical repairing of Colony No-1,2,3 Quarters and R.R Shop, workshop Kathara under Kathara Area for a period of 02 years.]","[Comprehensive Annual Contract of Electrical repairing of Colony No-1,2,3 Quarters and R.R Shop, workshop Kathara under Kathara Area for a period of 02 years.]
																				[CCL/KTA/RRS-JRD/NIT/2025-26/01][2025_CCL_344733_1]",https://etender.up.nic.in/nicgep/app?component=%24DirectLink_0&page=FrontEndAdvancedSearchResult&service=direct&session=T&sp=SDrU6T5lGdajYBf7TcGdfpw%3D%3D,Central Coalfields Limited||Kathara
149,17,27-Sep-2025 10:00 AM,11-Oct-2025 06:00 PM,13-Oct-2025 11:00 AM,[Repairing of roller circle by replacement of track bar and 15 nos. roller of EKG5A Shovel Sl. No. HMB562 of Urimari OCP.],"[Repairing of roller circle by replacement of track bar and 15 nos. roller of EKG5A Shovel Sl. No. HMB562 of Urimari OCP.]
																				[PE(X)/Excv/e-Tender/25-26/19        Date 26.09.2025 ][2025_CCL_344732_1]",https://etender.up.nic.in/nicgep/app?component=%24DirectLink_0&page=FrontEndAdvancedSearchResult&service=direct&session=T&sp=SFsKGxOhWajZNtfcuB3S0YA%3D%3D,Central Coalfields Limited||Barka Syal
150,17,27-Sep-2025 10:00 AM,08-Oct-2025 05:00 PM,10-Oct-2025 11:00 AM,[Repairing and maintenance work in AITUC union office at Bishrampur TA of Bishrampur Area.],"[Repairing and maintenance work in AITUC union office at Bishrampur TA of Bishrampur Area.]
																				[GM/BSPR/Civil/e-tender/ 2025-26/21 Dt.26.09.2025][2025_SECL_344746_1]",https://etender.up.nic.in/nicgep/app?component=%24DirectLink_0&page=FrontEndAdvancedSearchResult&service=direct&session=T&sp=SEr5K5VRBy4Q%2F%2FnWwVHo9nA%3D%3D,South Eastern Coalfields Limited||Bishrampur Area
151,17,27-Sep-2025 10:00 AM,09-Oct-2025 06:00 PM,11-Oct-2025 11:00 AM,[Repairing of 07 No. broken ventilation stopping (including doors) AND  Re-plastering of 35 Nos. old damage Ventilation Stoppings in No V Seam of NCPH Colliery R-6 Mine],"[Repairing of 07 No. broken ventilation stopping (including doors) AND  Re-plastering of 35 Nos. old damage Ventilation Stoppings in No V Seam of NCPH Colliery R-6 Mine]
																				[eTender/25-26/NCPH R6/R-10/11 Date 22.08.2025][2025_SECL_344784_1]",https://etender.up.nic.in/nicgep/app?component=%24DirectLink_0&page=FrontEndAdvancedSearchResult&service=direct&session=T&sp=SkVMdr0tFCP01Q0cROubL9A%3D%3D,South Eastern Coalfields Limited||Chirimiri Area
152,17,27-Sep-2025 10:00 AM,09-Oct-2025 05:00 PM,11-Oct-2025 10:00 AM,[Maintenance of Haulage Track Line(Length  3020M /Day period of work for 06 month) in V-Top Seam at Baherabndh U.G. Mine of Hasdeo Area],"[Maintenance of Haulage Track Line(Length  3020M /Day period of work for 06 month) in V-Top Seam at Baherabndh U.G. Mine of Hasdeo Area]
																				[AGM/HSD/GM(O)/e-Tend/25-26/40 dtd 27.09.2025][2025_SECL_344713_1]",https://etender.up.nic.in/nicgep/app?component=%24DirectLink_0&page=FrontEndAdvancedSearchResult&service=direct&session=T&sp=SZZM5XMk0D5gPtkQvl2wGBw%3D%3D,South Eastern Coalfields Limited||Hasdeo Area
153,17,27-Sep-2025 10:00 AM,06-Oct-2025 05:00 PM,07-Oct-2025 11:00 AM,"[Repairing and Maintenance of  chair, drain with covering including filling and levelling at chandmari garden near incline  under Bastacolla  Area]","[Repairing and Maintenance of  chair, drain with covering including filling and levelling at chandmari garden near incline  under Bastacolla  Area]
																				[BCCL/Civ/BA/25-26/eNIT46/593][2025_BCCL_344759_1]",https://etender.up.nic.in/nicgep/app?component=%24DirectLink_0&page=FrontEndAdvancedSearchResult&service=direct&session=T&sp=SyVvdCvIGytxnF95uYa%2FR0g%3D%3D,Bharat Coking Coal Limited||BCCL_BASTACOLLA AREA
154,17,27-Sep-2025 10:00 AM,08-Oct-2025 05:00 PM,10-Oct-2025 11:00 AM,"[Cleaning grass, and Clearing jungle Regional Workshop, Regional Store, DAV School of Bishrampur Colony of Bishrampur Area for Special Campaign 5.0 SECL and Swachchta Hi Sewa 2025]","[Cleaning grass, and Clearing jungle Regional Workshop, Regional Store, DAV School of Bishrampur Colony of Bishrampur Area for Special Campaign 5.0 SECL and Swachchta Hi Sewa 2025]
																				[GM/BSPR/Civil/e-tender/ 2025-26/22 Dt.26.09.2025][2025_SECL_344773_1]",https://etender.up.nic.in/nicgep/app?component=%24DirectLink_0&page=FrontEndAdvancedSearchResult&service=direct&session=T&sp=Sc3b66pQO6AFNw6hdhnMgqg%3D%3D,South Eastern Coalfields Limited||Bishrampur Area
155,17,27-Sep-2025 10:00 AM,06-Oct-2025 05:00 PM,07-Oct-2025 11:00 AM,"[Repairing of damaged pathway, water tank and maintenance of community centre kali mandir ROCP Under Bastacolla]","[Repairing of damaged pathway, water tank and maintenance of community centre kali mandir ROCP Under Bastacolla]
																				[BCCL/Civ/BA/25-26/eNIT44/588][2025_BCCL_344758_1]",https://etender.up.nic.in/nicgep/app?component=%24DirectLink_0&page=FrontEndAdvancedSearchResult&service=direct&session=T&sp=S9XxvFDaFikSRZc3qQA%2BYsg%3D%3D,Bharat Coking Coal Limited||BCCL_BASTACOLLA AREA
156,17,27-Sep-2025 10:00 AM,11-Oct-2025 05:00 PM,13-Oct-2025 11:00 AM,[Construction of RCC Precast/Fencing around mine edge of BOCP2 Bastacolla colliery under Bastacolla Area],"[Construction of RCC Precast/Fencing around mine edge of BOCP2 Bastacolla colliery under Bastacolla Area]
																				[BCCL/Civl/BA/25-26/eNIT45/589][2025_BCCL_344738_1]",https://etender.up.nic.in/nicgep/app?component=%24DirectLink_0&page=FrontEndAdvancedSearchResult&service=direct&session=T&sp=SQ4ZlPkyqii5B3De9LBt3IA%3D%3D,Bharat Coking Coal Limited||BCCL_BASTACOLLA AREA
157,17,27-Sep-2025 10:00 AM,06-Oct-2025 05:00 PM,07-Oct-2025 11:00 AM,[Extension of Boundary Wall of Chandmari Workshop Under Bastacolla.],"[Extension of Boundary Wall of Chandmari Workshop Under Bastacolla.]
																				[BCCL/Civ/BA/25-26/eNIT43/587][2025_BCCL_344752_1]",https://etender.up.nic.in/nicgep/app?component=%24DirectLink_0&page=FrontEndAdvancedSearchResult&service=direct&session=T&sp=SqqrnwVRJ2xPXSw75E5TDrQ%3D%3D,Bharat Coking Coal Limited||BCCL_BASTACOLLA AREA
158,17,27-Sep-2025 10:00 AM,14-Oct-2025 05:00 PM,16-Oct-2025 11:00 AM,[Annual maintenance contract for residential quarters along with repairing of Sewerage line and Spraying insecticide to control mosquitoes and anti-termite treatment in qrtrs and offices of Bhatadi township at Bhatadi OCM under BSA of CHA (For 2 year)],"[Annual maintenance contract for residential quarters along with repairing of Sewerage line and Spraying insecticide to control mosquitoes and anti-termite treatment in qrtrs and offices of Bhatadi township at Bhatadi OCM under BSA of CHA (For 2 year)]
																				[WCL_CHA_civil_eT-061][2025_WCL_344675_1]",https://etender.up.nic.in/nicgep/app?component=%24DirectLink_0&page=FrontEndAdvancedSearchResult&service=direct&session=T&sp=S5B%2BLLjCV7nlAaTd93u5ItA%3D%3D,Western Coalfields Limited||CHP||CHP_Civil
159,17,27-Sep-2025 10:00 AM,13-Oct-2025 05:00 PM,15-Oct-2025 11:00 AM,[Cleaning and up-keeping of Residential and NRB Building situated at B.Seam and West JKD including Providing assistance for doing different work related cleaning at B.Seam and West JKD under Hasdeo Area.  (for One Year)],"[Cleaning and up-keeping of Residential and NRB Building situated at B.Seam and West JKD including Providing assistance for doing different work related cleaning at B.Seam and West JKD under Hasdeo Area.  (for One Year)]
																				[ GM/HSD/C/e-Tender/25-26/33 Date 25.09.2025][2025_SECL_344691_1]",https://etender.up.nic.in/nicgep/app?component=%24DirectLink_0&page=FrontEndAdvancedSearchResult&service=direct&session=T&sp=Sx%2FBpFk18RFzionWRI1f1LQ%3D%3D,South Eastern Coalfields Limited||Hasdeo Area
160,17,27-Sep-2025 09:00 AM,07-Oct-2025 10:00 AM,08-Oct-2025 11:00 AM,"[Complete Rewinding with Mechanical repairing of 150HP, 550V, 2900RPM, 180m head 8-stage Pullen make Submersible pump motor set installed at bore hole at Jemehari Colliery under Satgram- Sripur Area]","[Complete Rewinding with Mechanical repairing of 150HP, 550V, 2900RPM, 180m head 8-stage Pullen make Submersible pump motor set installed at bore hole at Jemehari Colliery under Satgram- Sripur Area]
																				[ECL/SSA/GM/E M/E-NIT/2025-26/87 Date 23.09.2025][2025_ECL_344699_1]",https://etender.up.nic.in/nicgep/app?component=%24DirectLink_0&page=FrontEndAdvancedSearchResult&service=direct&session=T&sp=SFnv4QFnQhcVRW58pXo3Zjw%3D%3D,Eastern Coalfields Limited||ECL_Satgram area
301,34,24-Sep-2025 06:55 PM,13-Oct-2025 11:00 AM,14-Oct-2025 11:00 AM,[Providing and fixing concertina fencing around new B type sectors (7 to 16) at Nigahi Project],"[Providing and fixing concertina fencing around new B type sectors (7 to 16) at Nigahi Project]
																				[NGH/C/25-26/ETN-22 Dated 23.09.2025][2025_NCL_344649_1]",https://etender.up.nic.in/nicgep/app?component=%24DirectLink_0&page=FrontEndAdvancedSearchResult&service=direct&session=T&sp=S2cnm7pGRb9IAq8wjipwjxg%3D%3D,Northern Coalfields Limited||Nigahi Project
302,34,24-Sep-2025 06:55 PM,04-Oct-2025 06:55 PM,06-Oct-2025 11:00 AM,"[Supply and fixing of UPS Backup system of 02 nos, weighbridges installed at Karma Project Under Kuju Area.]","[Supply and fixing of UPS Backup system of 02 nos, weighbridges installed at Karma Project Under Kuju Area.]
																				[GM (K)/EnM/eTender/25-26/144 ][2025_CCL_344658_1]",https://etender.up.nic.in/nicgep/app?component=%24DirectLink_0&page=FrontEndAdvancedSearchResult&service=direct&session=T&sp=SIBh3u5mvtDgCgeoeO4mTIA%3D%3D,Central Coalfields Limited||Kuju
303,34,24-Sep-2025 06:55 PM,07-Oct-2025 05:00 PM,08-Oct-2025 05:00 PM,[Construction of Public Toilet near Maa Jwala Mukhi Temple near Shaktinagar UP under CSR Scheme],"[Construction of Public Toilet near Maa Jwala Mukhi Temple near Shaktinagar UP under CSR Scheme]
																				[DCH/SO(C)/2025-26/ETN-22 dated 24.09.2025][2025_NCL_344661_1]",https://etender.up.nic.in/nicgep/app?component=%24DirectLink_0&page=FrontEndAdvancedSearchResult&service=direct&session=T&sp=SpgVolzrCPIJSMQifmfTWhw%3D%3D,Northern Coalfields Limited||Dudichua Project
304,34,24-Sep-2025 06:55 PM,06-Oct-2025 10:00 AM,07-Oct-2025 10:00 AM,[Providing pipeline from mine water discharge point to fire hydrant reservoir at Krishnashila Project.],"[Providing pipeline from mine water discharge point to fire hydrant reservoir at Krishnashila Project.]
																				[ 	KSL/Civil/Tender/2025-26/ ETN-08 Dated. 24.09.2025][2025_NCL_344615_1]",https://etender.up.nic.in/nicgep/app?component=%24DirectLink_0&page=FrontEndAdvancedSearchResult&service=direct&session=T&sp=Sth855anshGF26zYTGOvOGg%3D%3D,Northern Coalfields Limited||Krishnashila Project
305,34,24-Sep-2025 06:55 PM,06-Oct-2025 10:00 AM,07-Oct-2025 10:00 AM,[Preparation of safety week 2025-26 in mine area at Krishanshila Project.],"[Preparation of safety week 2025-26 in mine area at Krishanshila Project.]
																				[ 	KSL/Civil/Tender/2025-26/ ETN-09 Dated. 24.09.2025][2025_NCL_344651_1]",https://etender.up.nic.in/nicgep/app?component=%24DirectLink_0&page=FrontEndAdvancedSearchResult&service=direct&session=T&sp=Srn9pH06M2CK2GWY6s9IJEQ%3D%3D,Northern Coalfields Limited||Krishnashila Project
306,34,24-Sep-2025 06:55 PM,10-Oct-2025 11:00 AM,11-Oct-2025 11:00 AM,[Renovation of deshalling plant CHP shift office MCC-1  2 Coal and OB substation at Bina project],"[Renovation of deshalling plant CHP shift office MCC-1  2 Coal and OB substation at Bina project]
																				[B/Civil/2025-26/ETN-26 dtd 24.09.2025][2025_NCL_344663_1]",https://etender.up.nic.in/nicgep/app?component=%24DirectLink_0&page=FrontEndAdvancedSearchResult&service=direct&session=T&sp=SxKilbNaJtrF8k6FW%2BVhv%2BQ%3D%3D,Northern Coalfields Limited||Bina Project
307,34,24-Sep-2025 06:55 PM,04-Oct-2025 06:55 PM,06-Oct-2025 11:00 AM,"[Repairing and maintenance of 11 no. of 11KV GOAB and bus bar maintenance at colony substation ,IWSP substation and 10No substation of Sarubera Colliery under Kuju Area.]","[Repairing and maintenance of 11 no. of 11KV GOAB and bus bar maintenance at colony substation ,IWSP substation and 10No substation of Sarubera Colliery under Kuju Area.]
																				[GM (K)/EnM/eTender/25-26/156                                      ][2025_CCL_344665_1]",https://etender.up.nic.in/nicgep/app?component=%24DirectLink_0&page=FrontEndAdvancedSearchResult&service=direct&session=T&sp=SdrWj%2F%2Fr4KeKWeIyuUriT2A%3D%3D,Central Coalfields Limited||Kuju
308,34,24-Sep-2025 06:55 PM,04-Oct-2025 06:55 PM,06-Oct-2025 11:00 AM,"[Fabrication and installation of 50mm dia U-PVC Pipeline 300 mtrs and 25 mm dia UPVC pipeline 240 mtrs for day to day water use at PO Office, Executive rest house and AC Canteen connecting with existing 150mm dia pipeline at Karma OCP under Kuju area.]","[Fabrication and installation of 50mm dia U-PVC Pipeline 300 mtrs and 25 mm dia UPVC pipeline 240 mtrs for day to day water use at PO Office, Executive rest house and AC Canteen connecting with existing 150mm dia pipeline at Karma OCP under Kuju area.]
																				[GM (K)/EnM/eTender/25-26/145][2025_CCL_344662_1]",https://etender.up.nic.in/nicgep/app?component=%24DirectLink_0&page=FrontEndAdvancedSearchResult&service=direct&session=T&sp=SfuOy93Ekn4sb%2BT5O3NhllA%3D%3D,Central Coalfields Limited||Kuju
309,34,24-Sep-2025 06:00 PM,10-Oct-2025 10:00 AM,11-Oct-2025 10:00 AM,"[Operation of EI cabin, LC gate, Electrical and mechanical signalling works along with maintenance of railway track at Dalmiya private railway siding under Salanpur Area. (for 1 year)]","[Operation of EI cabin, LC gate, Electrical and mechanical signalling works along with maintenance of railway track at Dalmiya private railway siding under Salanpur Area. (for 1 year)]
																				[SLN/GM/AE(C)/E-Tender/25-26/35 dt 22.09.2025][2025_ECL_344513_1]",https://etender.up.nic.in/nicgep/app?component=%24DirectLink_0&page=FrontEndAdvancedSearchResult&service=direct&session=T&sp=SLmGUBzlm0ieX5LyLLri40Q%3D%3D,Eastern Coalfields Limited||ECL_Salanpur area
310,34,24-Sep-2025 06:00 PM,15-Oct-2025 05:00 PM,17-Oct-2025 11:00 AM,"[Development of external drainage system of entire colony, Dust Bins, providing Paver Block over berms of main road of colony from front entrance to back entrance at Hilltop colony of SOCP under Ib Valley Area.]","[Development of external drainage system of entire colony, Dust Bins, providing Paver Block over berms of main road of colony from front entrance to back entrance at Hilltop colony of SOCP under Ib Valley Area.]
																				[MCL/Samb/Civil-Wel/e Tender/25-26/16 dt 24/09/2025][2025_MCL_344597_1]",https://etender.up.nic.in/nicgep/app?component=%24DirectLink_0&page=FrontEndAdvancedSearchResult&service=direct&session=T&sp=SNQfMHxOnhZnwhsr1m6f%2Bsw%3D%3D,Mahanadi Coalfields Limited||HQ CIVIL-WELFARE N CSR||CIVIL-WELFARE N CSR
311,34,24-Sep-2025 06:00 PM,06-Oct-2025 05:00 PM,07-Oct-2025 10:00 AM,"[Repairing of Left side final drive planetary gear box, track roller 07 nos. (LHS) and Carrier Roller 02 nos. (LHS) of LnT make CK-300E Shovel Sl.no.E-164 of Gidi-C Colliery.]","[Repairing of Left side final drive planetary gear box, track roller 07 nos. (LHS) and Carrier Roller 02 nos. (LHS) of LnT make CK-300E Shovel Sl.no.E-164 of Gidi-C Colliery.]
																				[SO(X)(A)/e-NIT/45/25-26/138][2025_CCL_344639_1]",https://etender.up.nic.in/nicgep/app?component=%24DirectLink_0&page=FrontEndAdvancedSearchResult&service=direct&session=T&sp=SbIs7PmOxeLOtG9Reu%2B%2BPkw%3D%3D,Central Coalfields Limited||Argada
312,34,24-Sep-2025 06:00 PM,06-Oct-2025 10:00 AM,07-Oct-2025 10:00 AM,"[Development of central nursery at Salanpur Area, ECL]","[Development of central nursery at Salanpur Area, ECL]
																				[SLN/GM/AE(C)/E-Tender/25-26/34 dt 20.09.2025][2025_ECL_344395_1]",https://etender.up.nic.in/nicgep/app?component=%24DirectLink_0&page=FrontEndAdvancedSearchResult&service=direct&session=T&sp=STembQOg%2FMM3a627dI96srw%3D%3D,Eastern Coalfields Limited||ECL_Salanpur area
313,34,24-Sep-2025 06:00 PM,06-Oct-2025 05:00 PM,07-Oct-2025 10:00 AM,"[Repairing of tower raising cylinder, rod centralizer bush, power pack canopy, 03 Nos. Leveling Jack of REL 650 Drill Sl. No. RDC 1482 of Religara Project.]","[Repairing of tower raising cylinder, rod centralizer bush, power pack canopy, 03 Nos. Leveling Jack of REL 650 Drill Sl. No. RDC 1482 of Religara Project.]
																				[SO(X)(A)/e-NIT/44/25-26/137][2025_CCL_344634_1]",https://etender.up.nic.in/nicgep/app?component=%24DirectLink_0&page=FrontEndAdvancedSearchResult&service=direct&session=T&sp=SweY%2FPSji35rRI09AGnfxZA%3D%3D,Central Coalfields Limited||Argada
314,34,24-Sep-2025 06:00 PM,06-Oct-2025 06:00 PM,07-Oct-2025 11:00 AM,[Renovation of pond at Telenkachar under Bundia village Kudopali GP under CSR activity of OA],"[Renovation of pond at Telenkachar under Bundia village Kudopali GP under CSR activity of OA]
																				[MCL/GM/OA/SO(C)/e-T/25-26/23 dtd.24.09.2025][2025_MCL_344606_1]",https://etender.up.nic.in/nicgep/app?component=%24DirectLink_0&page=FrontEndAdvancedSearchResult&service=direct&session=T&sp=SuiNoOc%2FBAZIY1%2Baip2zEEg%3D%3D,Mahanadi Coalfields Limited||ORIENT AREA||ORIEN_CIVIL||CIVIL
315,34,24-Sep-2025 06:00 PM,06-Oct-2025 05:00 PM,07-Oct-2025 10:00 AM,"[Repairing of both side steering cylinder, Rotating jaw, Rear axle arm, Battery Box, Slide cylinder and counterweight of BEML Tyre handler model BL14TH, Sl no. 18120 of Gidi-C Colliery.]","[Repairing of both side steering cylinder, Rotating jaw, Rear axle arm, Battery Box, Slide cylinder and counterweight of BEML Tyre handler model BL14TH, Sl no. 18120 of Gidi-C Colliery.]
																				[SO(X)(A)/e-NIT/43/25-26/136][2025_CCL_344620_1]",https://etender.up.nic.in/nicgep/app?component=%24DirectLink_0&page=FrontEndAdvancedSearchResult&service=direct&session=T&sp=S1LGUxw44NEry5gkT1ADYzA%3D%3D,Central Coalfields Limited||Argada
316,34,24-Sep-2025 06:00 PM,06-Oct-2025 11:00 AM,07-Oct-2025 11:30 AM,[Providing and fixing of HDPE pipeline from MKD Sump near TSMQ to Magazine of Umrer Area.],"[Providing and fixing of HDPE pipeline from MKD Sump near TSMQ to Magazine of Umrer Area.]
																				[um4550-civ-0040-2025-26][2025_WCL_344613_2]",https://etender.up.nic.in/nicgep/app?component=%24DirectLink_0&page=FrontEndAdvancedSearchResult&service=direct&session=T&sp=SrS6Pwsjbj2xgr2nHEqnkZg%3D%3D,Western Coalfields Limited||UMR||UMR_Civil
317,34,24-Sep-2025 06:00 PM,06-Oct-2025 11:00 AM,07-Oct-2025 11:00 AM,"[Repair and overhauling of diesel engine Make- SIMPSON Sl. no. S433B37856 applicable for SHAKTI 12T Crane, CIL no. MC-822.]","[Repair and overhauling of diesel engine Make- SIMPSON Sl. no. S433B37856 applicable for SHAKTI 12T Crane, CIL no. MC-822.]
																				[JNT/GM(Excv)/E-tender/25-26/28][2025_NCL_344523_1]",https://etender.up.nic.in/nicgep/app?component=%24DirectLink_0&page=FrontEndAdvancedSearchResult&service=direct&session=T&sp=Si1mBoSUEZXb8L5fOrchpuw%3D%3D,Northern Coalfields Limited||Jayant Project
318,34,24-Sep-2025 06:00 PM,06-Oct-2025 11:00 AM,07-Oct-2025 11:30 AM,"[Repair of magazine and watch tower of Umrer Area with rcc pathway, concertina coil fencing and hardstand for parking at Umrer Area.]","[Repair of magazine and watch tower of Umrer Area with rcc pathway, concertina coil fencing and hardstand for parking at Umrer Area.]
																				[um4550-civ-0040-2025-26][2025_WCL_344613_1]",https://etender.up.nic.in/nicgep/app?component=%24DirectLink_0&page=FrontEndAdvancedSearchResult&service=direct&session=T&sp=SR%2FuErJ%2FsPhIAYD6fhSXwxw%3D%3D,Western Coalfields Limited||UMR||UMR_Civil
319,34,24-Sep-2025 06:00 PM,06-Oct-2025 11:00 AM,07-Oct-2025 11:00 AM,"[Fitment of safety glasses of operator cabin , cabin window glasses, front cabin glasses with rubber bead and denting work etc. in all models of dumpers, water tankers, water sprinkler and cranes.]","[Fitment of safety glasses of operator cabin , cabin window glasses, front cabin glasses with rubber bead and denting work etc. in all models of dumpers, water tankers, water sprinkler and cranes.]
																				[JNT/GM(Excv)/E-tender/25-26/29][2025_NCL_344525_1]",https://etender.up.nic.in/nicgep/app?component=%24DirectLink_0&page=FrontEndAdvancedSearchResult&service=direct&session=T&sp=SB0fFID%2F5sCYQyHDaAX%2B3XA%3D%3D,Northern Coalfields Limited||Jayant Project
320,34,24-Sep-2025 06:00 PM,06-Oct-2025 11:00 AM,07-Oct-2025 11:00 AM,[Dismantling of poles and conductors at new railway siding and repair and maintenance of 440 Volt O/H L.T line for power supply from LVS Section to P.O Office (KTW) and RLB Section to Weigh Bridge No. 2 under Kathara Washery],"[Dismantling of poles and conductors at new railway siding and repair and maintenance of 440 Volt O/H L.T line for power supply from LVS Section to P.O Office (KTW) and RLB Section to Weigh Bridge No. 2 under Kathara Washery]
																				[PO/KTW/EnM/eTen/25-26/65 Dated-24.09.2025][2025_CCL_344611_1]",https://etender.up.nic.in/nicgep/app?component=%24DirectLink_0&page=FrontEndAdvancedSearchResult&service=direct&session=T&sp=SgWTL1pDRoUTz%2FGHK8tfpmQ%3D%3D,Central Coalfields Limited||Kathara
381,31,23-Sep-2025 06:55 PM,09-Oct-2025 09:00 AM,10-Oct-2025 10:00 AM,"[Cleaning, dismantling of Swing gear box assembly and housing, plugging of all old hole, drilling of new holes to be fitted top cover and swing gear box housing, repairing of housing cracks , boring of bearing housing of swing shaft assembly and refit]","[Cleaning, dismantling of Swing gear box assembly and housing, plugging of all old hole, drilling of new holes to be fitted top cover and swing gear box housing, repairing of housing cracks , boring of bearing housing of swing shaft assembly and refit]
																				[Bina/SO(Excv)/Tender/25-26/44 dt. 23.09.2025][2025_NCL_344532_1]",https://etender.up.nic.in/nicgep/app?component=%24DirectLink_0&page=FrontEndAdvancedSearchResult&service=direct&session=T&sp=SRsoATZvJEMIsTNB0PXQjcg%3D%3D,Northern Coalfields Limited||Bina Project
382,31,23-Sep-2025 06:30 PM,09-Oct-2025 05:00 PM,11-Oct-2025 11:00 AM,"[Day to day erection and dismantling of light fittings, overhead conductor and poles at  coal face, OB face, haul road,CHP/Siding coal stock yard, coal transporting road and  OB dump yard at LOCP,Ib Valley Area]","[Day to day erection and dismantling of light fittings, overhead conductor and poles at  coal face, OB face, haul road,CHP/Siding coal stock yard, coal transporting road and  OB dump yard at LOCP,Ib Valley Area]
																				[MCL/GM/IBV/ENM/etender/112285 Dated.23.09.2025][2025_MCL_344535_1]",https://etender.up.nic.in/nicgep/app?component=%24DirectLink_0&page=FrontEndAdvancedSearchResult&service=direct&session=T&sp=SJakehKrajPPm4w8LoMjf8Q%3D%3D,Mahanadi Coalfields Limited||IB VALLEY AREA||IBV_E AND M||E AND M
383,31,23-Sep-2025 06:30 PM,09-Oct-2025 05:00 PM,11-Oct-2025 11:00 AM,"[Providing, installation, commissioning and testing of Stadium Lighting Type High Mast Towers for providing proper illumination at Coal Stock Yards of Samaleswari OCP IB Valley Area.]","[Providing, installation, commissioning and testing of Stadium Lighting Type High Mast Towers for providing proper illumination at Coal Stock Yards of Samaleswari OCP IB Valley Area.]
																				[MCL/GM/IBV/ENM/etender/112286 Dated.23.09.2025][2025_MCL_344537_1]",https://etender.up.nic.in/nicgep/app?component=%24DirectLink_0&page=FrontEndAdvancedSearchResult&service=direct&session=T&sp=SPRVhDfoVTf8erqD8bsQXXQ%3D%3D,Mahanadi Coalfields Limited||IB VALLEY AREA||IBV_E AND M||E AND M
384,31,23-Sep-2025 06:00 PM,04-Oct-2025 06:00 PM,06-Oct-2025 10:00 AM,[Dust suppression on coal transportation road from boom barrier to coal stock and weighbridge of Dumanhill railway siding of Kurasia Group.],"[Dust suppression on coal transportation road from boom barrier to coal stock and weighbridge of Dumanhill railway siding of Kurasia Group.]
																				[SECL/CHRM/ Dy. GMC/25-26/e-Tender/48 dt. 23.09.2025][2025_SECL_344534_1]",https://etender.up.nic.in/nicgep/app?component=%24DirectLink_0&page=FrontEndAdvancedSearchResult&service=direct&session=T&sp=SpzOdB3%2BjjZndwT45qFdDqQ%3D%3D,South Eastern Coalfields Limited||Chirimiri Area
385,31,23-Sep-2025 06:00 PM,09-Oct-2025 11:00 AM,10-Oct-2025 11:30 AM,[Construction of Shed and foundation for man rider system at of Sharda UG Mine Kanhan Area],"[Construction of Shed and foundation for man rider system at of Sharda UG Mine Kanhan Area]
																				[ka3450-civ-s-e016 of 2025-26][2025_WCL_344518_1]",https://etender.up.nic.in/nicgep/app?component=%24DirectLink_0&page=FrontEndAdvancedSearchResult&service=direct&session=T&sp=SD9zvo5kniqPcOviYnOCSEw%3D%3D,Western Coalfields Limited||Kanhan||Kanhan_Civil
386,31,23-Sep-2025 06:00 PM,04-Oct-2025 06:00 PM,06-Oct-2025 10:00 AM,[Renovation of 03 Nos. classroom at govt. school Haldibadi at NCPH Sub Area of Chirimiri area.],"[Renovation of 03 Nos. classroom at govt. school Haldibadi at NCPH Sub Area of Chirimiri area.]
																				[SECL/CHRM/ Dy. GMC/25-26/e-Tender/47 dt. 23.09.2025][2025_SECL_344528_1]",https://etender.up.nic.in/nicgep/app?component=%24DirectLink_0&page=FrontEndAdvancedSearchResult&service=direct&session=T&sp=SXOWqUklZlla1xlO2jZzB%2FA%3D%3D,South Eastern Coalfields Limited||Chirimiri Area
387,31,23-Sep-2025 06:00 PM,04-Oct-2025 06:00 PM,06-Oct-2025 10:00 AM,[Strengthening of old and katcha water tank near filter plant of R/6 mime at NCPH  Sub Area.],"[Strengthening of old and katcha water tank near filter plant of R/6 mime at NCPH  Sub Area.]
																				[SECL/CHRM/ Dy. GMC/25-26/e-Tender/49 dt. 23.09.2025][2025_SECL_344547_1]",https://etender.up.nic.in/nicgep/app?component=%24DirectLink_0&page=FrontEndAdvancedSearchResult&service=direct&session=T&sp=S%2Bwgn4DjulJYrRfuxrq6bhQ%3D%3D,South Eastern Coalfields Limited||Chirimiri Area
388,31,23-Sep-2025 06:00 PM,04-Oct-2025 11:00 AM,06-Oct-2025 11:30 AM,[Construction of RO water plant at ward no. 12 Junnardeo under CSR activity of Kanhan Area],"[Construction of RO water plant at ward no. 12 Junnardeo under CSR activity of Kanhan Area]
																				[ka3450-civ-s-e015 of 2025-26][2025_WCL_344517_1]",https://etender.up.nic.in/nicgep/app?component=%24DirectLink_0&page=FrontEndAdvancedSearchResult&service=direct&session=T&sp=SCYENtcoGzn%2BLy386pGxkpw%3D%3D,Western Coalfields Limited||Kanhan||Kanhan_Civil
389,31,23-Sep-2025 06:00 PM,03-Oct-2025 06:00 PM,04-Oct-2025 10:00 AM,"[SUPPLY AND FIXING OF 06 (SIX) NOS CHEMICAL GEL EARTHING ELECTRODE, DIMENSION- LENGTH 3100 MM , G.I PIPE OUTER DIA 76 MM, TERMINAL DIA 21 MM FOR SUBSTATION OF SOUTH BALIHARI COLLIERY SUB STATION PB AREA.]","[SUPPLY AND FIXING OF 06 (SIX) NOS CHEMICAL GEL EARTHING ELECTRODE, DIMENSION- LENGTH 3100 MM , G.I PIPE OUTER DIA 76 MM, TERMINAL DIA 21 MM FOR SUBSTATION OF SOUTH BALIHARI COLLIERY SUB STATION PB AREA.]
																				[BCCL/PBA/AM(EnM)/2025-26/41      DATED-23.09.2025][2025_BCCL_344398_1]",https://etender.up.nic.in/nicgep/app?component=%24DirectLink_0&page=FrontEndAdvancedSearchResult&service=direct&session=T&sp=SEA7o7er94eN4RDqz%2BPy4tA%3D%3D,Bharat Coking Coal Limited||BCCL_PB AREA
390,31,23-Sep-2025 06:00 PM,03-Oct-2025 09:00 AM,04-Oct-2025 09:00 AM,"[Mechanical Repairing of 360 KW/480HP 3.3KV, 3 Phase, ABB make, sl.no. local 3F331236/12, induction motor used in Pumping operation of 2000GPM Pump of mines w.r.t AKKOCP, Bn Area.]","[Mechanical Repairing of 360 KW/480HP 3.3KV, 3 Phase, ABB make, sl.no. local 3F331236/12, induction motor used in Pumping operation of 2000GPM Pump of mines w.r.t AKKOCP, Bn Area.]
																				[PE(EnM)/AKK OCP/e-tender/25-26/30][2025_CCL_344571_1]",https://etender.up.nic.in/nicgep/app?component=%24DirectLink_0&page=FrontEndAdvancedSearchResult&service=direct&session=T&sp=Sl7PRDL6z8iRqjv9Bxeffnw%3D%3D,Central Coalfields Limited||B&K
391,31,23-Sep-2025 06:00 PM,03-Oct-2025 04:00 PM,04-Oct-2025 12:00 PM,[Repair and Maintenance of union office near double storey under G.M. Unit BnK Area],"[Repair and Maintenance of union office near double storey under G.M. Unit BnK Area]
																				[PE(C)/GMU/E -Tender/25-26/07, dt. 23.09.2025][2025_CCL_344558_1]",https://etender.up.nic.in/nicgep/app?component=%24DirectLink_0&page=FrontEndAdvancedSearchResult&service=direct&session=T&sp=SJnFsShPwj%2FbWdr1PE1%2B0VA%3D%3D,Central Coalfields Limited||B&K
392,31,23-Sep-2025 06:00 PM,04-Oct-2025 06:00 PM,06-Oct-2025 09:00 AM,[Tree Trimming including cutting of branches and uprooting Vines near11KV/3.3KV/440V incoming OH Power Line under Central Saunda Colliery.],"[Tree Trimming including cutting of branches and uprooting Vines near11KV/3.3KV/440V incoming OH Power Line under Central Saunda Colliery.]
																				[PE(EnM)/C Saunda/e Tender/25-26/09 ][2025_CCL_344503_1]",https://etender.up.nic.in/nicgep/app?component=%24DirectLink_0&page=FrontEndAdvancedSearchResult&service=direct&session=T&sp=SUx1rVrR%2BOpCYf%2FBl3qtQYg%3D%3D,Central Coalfields Limited||Barka Syal
393,31,23-Sep-2025 06:00 PM,09-Oct-2025 03:00 PM,10-Oct-2025 11:00 AM,[Comprehensive annual maintenance of quarters of Ara Colony under Kuju Area (for a period of 02 years) as per instruction of Coal India HQ Kolkata.],"[Comprehensive annual maintenance of quarters of Ara Colony under Kuju Area (for a period of 02 years) as per instruction of Coal India HQ Kolkata.]
																				[GM(K)/SO(C)/e-NIT/2025-26/312][2025_CCL_344337_1]",https://etender.up.nic.in/nicgep/app?component=%24DirectLink_0&page=FrontEndAdvancedSearchResult&service=direct&session=T&sp=S2agW6wne6tWW1ezFxs6FjQ%3D%3D,Central Coalfields Limited||Kuju
394,31,23-Sep-2025 06:00 PM,04-Oct-2025 06:00 PM,06-Oct-2025 10:00 AM,[Annual cleaning and upkeeping of magazine campus at Chirimiri OCP of Chirimiri area.],"[Annual cleaning and upkeeping of magazine campus at Chirimiri OCP of Chirimiri area.]
																				[SECL/CHRM/ Dy. GMC/25-26/e-Tender/50 dt. 23.09.2025][2025_SECL_344565_1]",https://etender.up.nic.in/nicgep/app?component=%24DirectLink_0&page=FrontEndAdvancedSearchResult&service=direct&session=T&sp=SApIqJzGvoa8AR%2FK%2FGo9Xfg%3D%3D,South Eastern Coalfields Limited||Chirimiri Area
395,31,23-Sep-2025 06:00 PM,06-Oct-2025 06:00 PM,07-Oct-2025 10:00 AM,"[Repairing of radiator, Hydraulic cooling assembly and bucket of Dozer, Lift cylinder and till cylinder of Dozer BD155, Make-BEML, Sl. No. 13636 at Kedla Washery.]","[Repairing of radiator, Hydraulic cooling assembly and bucket of Dozer, Lift cylinder and till cylinder of Dozer BD155, Make-BEML, Sl. No. 13636 at Kedla Washery.]
																				[PO/KW/E-Tender/HEMM/25-26/41 Dated-23.09.2025][2025_CCL_344562_1]",https://etender.up.nic.in/nicgep/app?component=%24DirectLink_0&page=FrontEndAdvancedSearchResult&service=direct&session=T&sp=SWMPdpwYvFHQUZkCG2kwL3g%3D%3D,Central Coalfields Limited||Hazaribag
396,31,23-Sep-2025 06:00 PM,06-Oct-2025 05:00 PM,08-Oct-2025 11:00 AM,"[Dismantling and construction of drains at Golf Course at MCL HQ, Jagruti Vihar, Sambalpur.]","[Dismantling and construction of drains at Golf Course at MCL HQ, Jagruti Vihar, Sambalpur.]
																				[MCL/Samb/Civil-Wel/e Tender/25-26/15 dt 23/09/2025][2025_MCL_344566_1]",https://etender.up.nic.in/nicgep/app?component=%24DirectLink_0&page=FrontEndAdvancedSearchResult&service=direct&session=T&sp=SRuZ6kAxFYakvduEwjm9jvw%3D%3D,Mahanadi Coalfields Limited||HQ CIVIL-WELFARE N CSR||CIVIL-WELFARE N CSR
397,31,23-Sep-2025 06:00 PM,03-Oct-2025 09:00 AM,04-Oct-2025 09:00 AM,"[Repairing of 50 KVA,11KV/440V  transformer installed at PO office ,AKKOCP ,providing 200 AMP ICTP switch and Providing and fixing of suitable size cable end box of both HT and LT sides transformer of different ratings installed at AkkOCP substation a]","[Repairing of 50 KVA,11KV/440V  transformer installed at PO office ,AKKOCP ,providing 200 AMP ICTP switch and Providing and fixing of suitable size cable end box of both HT and LT sides transformer of different ratings installed at AkkOCP substation a]
																				[PE(EnM)/AKK OCP/e-tender/25-26/30][2025_CCL_344571_2]",https://etender.up.nic.in/nicgep/app?component=%24DirectLink_0&page=FrontEndAdvancedSearchResult&service=direct&session=T&sp=SZmJ1ex5BPFwuZMQB3Op57A%3D%3D,Central Coalfields Limited||B&K
398,31,23-Sep-2025 06:00 PM,04-Oct-2025 04:00 PM,06-Oct-2025 04:00 PM,"[Repairing and maintenance of 03 nos 1250Amp, 33KV grade SF6 different feeders at regional substation of Kathara Colliery under Kathara Area.]","[Repairing and maintenance of 03 nos 1250Amp, 33KV grade SF6 different feeders at regional substation of Kathara Colliery under Kathara Area.]
																				[KTC/PE/EnM/25-26/40 Date-23.09.2025][2025_CCL_344569_1]",https://etender.up.nic.in/nicgep/app?component=%24DirectLink_0&page=FrontEndAdvancedSearchResult&service=direct&session=T&sp=SfuCdMh3IuU6LuPsIbLu8Fg%3D%3D,Central Coalfields Limited||Kathara
399,31,23-Sep-2025 06:00 PM,24-Oct-2025 11:00 AM,25-Oct-2025 11:00 AM,[Supply of spares/items of AFDSS for Tata Haitachi EX1900-6 Backhoe (Tata-2).],"[Supply of spares/items of AFDSS for Tata Haitachi EX1900-6 Backhoe (Tata-2).]
																				[DCH/PUR/LTE/25-26/25084/009 DT.23.09.2025][2025_NCL_344068_1]",https://etender.up.nic.in/nicgep/app?component=%24DirectLink_0&page=FrontEndAdvancedSearchResult&service=direct&session=T&sp=SuGYMnwmGIBkj8yuFaAxoSg%3D%3D,Northern Coalfields Limited||Dudichua Project||DCH_MM
400,31,23-Sep-2025 06:00 PM,03-Oct-2025 06:00 PM,04-Oct-2025 06:00 PM,[A . M.C. of Ben idi and Nakhurkee R.d W. B. running under Block-II Area],"[A . M.C. of Ben idi and Nakhurkee R.d W. B. running under Block-II Area]
																				[GM/B-II/AM (ENM)/E-TENDER/2025-26/126 dt 23.09.25][2025_BCCL_344573_1]",https://etender.up.nic.in/nicgep/app?component=%24DirectLink_0&page=FrontEndAdvancedSearchResult&service=direct&session=T&sp=SudVquU6IStfGLE78xAtCIA%3D%3D,Bharat Coking Coal Limited||BCCL_BLOCK II AREA
401,19,23-Sep-2025 06:00 PM,06-Oct-2025 06:00 PM,07-Oct-2025 06:00 PM,"[Extension of 440V Overhead Line at Govinda Siding for Supply to Lighting Towers, High Mast Tower  Rail Weighbridge.]","[Extension of 440V Overhead Line at Govinda Siding for Supply to Lighting Towers, High Mast Tower  Rail Weighbridge.]
																				[SECL/JK/SO(EnM)/eNIT/25-26/41][2025_SECL_344539_1]",https://etender.up.nic.in/nicgep/app?component=%24DirectLink_0&page=FrontEndAdvancedSearchResult&service=direct&session=T&sp=S9wPEOMHYMIzsh2qw9qgnmg%3D%3D,South Eastern Coalfields Limited||Jamuna & Kotma Area
402,19,23-Sep-2025 05:00 PM,06-Oct-2025 06:00 PM,07-Oct-2025 11:00 AM,"[Repairing of 10KV grade  of indoor Isolator for the  6.6KV indoor substation,  Main Substation,  Moonidh.   Sl.No.SS/IN/15-3,  SS/IN/21-3, SS/IN/10-1,  SS/IN/23-1, SS/IN/23-2,  SS/IN/23-3, SS/IN/30-3,  SS/IN/1-1]","[Repairing of 10KV grade  of indoor Isolator for the  6.6KV indoor substation,  Main Substation,  Moonidh.   Sl.No.SS/IN/15-3,  SS/IN/21-3, SS/IN/10-1,  SS/IN/23-1, SS/IN/23-2,  SS/IN/23-3, SS/IN/30-3,  SS/IN/1-1]
																				[ BCCL/WJA/AM(ENM)/25-26/RP-63][2025_BCCL_344567_1]",https://etender.up.nic.in/nicgep/app?component=%24DirectLink_0&page=FrontEndAdvancedSearchResult&service=direct&session=T&sp=SgxGtJPqr6VPDrRA4UJzfCg%3D%3D,Bharat Coking Coal Limited||BCCL_WJ AREA
403,19,23-Sep-2025 05:00 PM,09-Oct-2025 05:00 PM,10-Oct-2025 11:00 AM,[Thorough Repairing and Upgradation of 23 units B Type authorized quarters B01 to B24 except B22 Total 6 blocks at Bansra Doctors and Sisters Colony under Kunustoria Area  ECL],"[Thorough Repairing and Upgradation of 23 units B Type authorized quarters B01 to B24 except B22 Total 6 blocks at Bansra Doctors and Sisters Colony under Kunustoria Area  ECL]
																				[ECL/GM/KNT/CIVIL/E-TENDER/ 25-26/516 Dt. 19-09-2025][2025_ECL_344463_1]",https://etender.up.nic.in/nicgep/app?component=%24DirectLink_0&page=FrontEndAdvancedSearchResult&service=direct&session=T&sp=St1t0mGWqVv9Zl5QFKzmeaA%3D%3D,Eastern Coalfields Limited||ECL_Kunostoria area
404,19,23-Sep-2025 05:00 PM,03-Oct-2025 05:00 PM,04-Oct-2025 05:00 PM,[1 no. of water taker (6000-7000Ltr. Capacity) for Kosala camp for a period of 2 years],"[1 no. of water taker (6000-7000Ltr. Capacity) for Kosala camp for a period of 2 years]
																				[CMPDI/RI-VII/DG/][2025_CMPDI_344162_1]",https://etender.up.nic.in/nicgep/app?component=%24DirectLink_0&page=FrontEndAdvancedSearchResult&service=direct&session=T&sp=SZHn9Q7KhZQjAuv8v1sDxvA%3D%3D,Central Mine Planning and Design Institute Limited||Regional Institute - VII||RR-VII-Exploration Division
405,19,23-Sep-2025 05:00 PM,04-Oct-2025 05:00 PM,06-Oct-2025 11:00 AM,[Repair of the GM office under Korba area. (Retender)],"[Repair of the GM office under Korba area. (Retender)]
																				[SECL/GM/KA/C/e-Tender/25-26/95 Dt. 22.09.2025][2025_SECL_344506_1]",https://etender.up.nic.in/nicgep/app?component=%24DirectLink_0&page=FrontEndAdvancedSearchResult&service=direct&session=T&sp=SYQQqqNBHZ1mc3Q%2BBEoOKRQ%3D%3D,South Eastern Coalfields Limited||Korba Area
406,19,23-Sep-2025 05:00 PM,03-Oct-2025 05:00 PM,04-Oct-2025 05:00 PM,"[Construction of Tensile Fabric Shed Over Assembly Stage at PM SHRI Kendriya Vidyalaya No. 2, CRPF, Bhubaneswar]","[Construction of Tensile Fabric Shed Over Assembly Stage at PM SHRI Kendriya Vidyalaya No. 2, CRPF, Bhubaneswar]
																				[CMPDI/RI-VII/BBSR/CIVIL/2025][2025_CMPDI_344527_1]",https://etender.up.nic.in/nicgep/app?component=%24DirectLink_0&page=FrontEndAdvancedSearchResult&service=direct&session=T&sp=SPuTSpT7zB9r8uJ9MRqak%2BA%3D%3D,Central Mine Planning and Design Institute Limited||Regional Institute - VII||RR-VII-Civil Department
407,19,23-Sep-2025 03:45 PM,02-Oct-2025 06:00 PM,03-Oct-2025 10:00 AM,"[SUPPLY  AND  INSTALLATION OF  CHEMICAL  EARTH PIT OF  KANTAPAHRI  SUB-STATION , UNDER KATRAS  AREA.(2)  SUPPLY  AND  INSTALLATION OF LIGHTNING  ARRESTOR WITH  CHEMICAL  EARTH PIT AT RAMKANALI  FILTER  PLANT ]","[SUPPLY  AND  INSTALLATION OF  CHEMICAL  EARTH PIT OF  KANTAPAHRI  SUB-STATION , UNDER KATRAS  AREA.(2)  SUPPLY  AND  INSTALLATION OF LIGHTNING  ARRESTOR WITH  CHEMICAL  EARTH PIT AT RAMKANALI  FILTER  PLANT ]
																				[ 	BCCL/KA/IV/ENM/E-TEN/25-26/14 DT.23.9.2025][2025_BCCL_344563_1]",https://etender.up.nic.in/nicgep/app?component=%24DirectLink_0&page=FrontEndAdvancedSearchResult&service=direct&session=T&sp=STB7zVasq4dDQU7LZ9qElzg%3D%3D,Bharat Coking Coal Limited||BCCL_KATRAS AREA
408,19,23-Sep-2025 03:25 PM,02-Oct-2025 06:00 PM,03-Oct-2025 10:00 AM,[COMPLETE  REPAIRING OF 400  AMP VCB SWITCH 6.6  KV MAKE- ANDREW  YULE SL. NO 2573 OF  KANTAPAHARI SUB-  STATION  AKWMC  UNDER],"[COMPLETE  REPAIRING OF 400  AMP VCB SWITCH 6.6  KV MAKE- ANDREW  YULE SL. NO 2573 OF  KANTAPAHARI SUB-  STATION  AKWMC  UNDER]
																				[BCCL/KA/IV/ENM/E-TEN/25-26/31 DT.23.9.2025][2025_BCCL_344561_1]",https://etender.up.nic.in/nicgep/app?component=%24DirectLink_0&page=FrontEndAdvancedSearchResult&service=direct&session=T&sp=SjmGxFQizCYaF0usLvWivxQ%3D%3D,Bharat Coking Coal Limited||BCCL_KATRAS AREA
409,19,23-Sep-2025 03:10 PM,02-Oct-2025 06:00 PM,03-Oct-2025 10:00 AM,[FABRICATION OF 6INCH PIPE BEND  3 NOS. SHORT PIECES 03  NOS.SAME BENDS  ONE 800  GPM  PUMP  TRANSPORTING  MANUALLY  FROM  SURFACE TO 2 SEAM U/G 29TH  LEVEL INSTALLATION  ALSO  CHANGING  DAMAGED],"[FABRICATION OF 6INCH PIPE BEND  3 NOS. SHORT PIECES 03  NOS.SAME BENDS  ONE 800  GPM  PUMP  TRANSPORTING  MANUALLY  FROM  SURFACE TO 2 SEAM U/G 29TH  LEVEL INSTALLATION  ALSO  CHANGING  DAMAGED]
																				[ 	BCCL/KA/IV/ENM/E-TEN/25-26/77 DT.23.9.2025][2025_BCCL_344560_1]",https://etender.up.nic.in/nicgep/app?component=%24DirectLink_0&page=FrontEndAdvancedSearchResult&service=direct&session=T&sp=SVEbLCuC4bXrPQkFucl3ygw%3D%3D,Bharat Coking Coal Limited||BCCL_KATRAS AREA
410,19,23-Sep-2025 03:00 PM,02-Oct-2025 06:00 PM,03-Oct-2025 10:00 AM,"[FABRICATION  OF  8INCH DIA  REST CLAMP  8INCH PIPE  CLAMP  AT AGKCC UNDER,KATRAS  AREA.(2)  FABRICATION  AND  ERECTION OF ONE]","[FABRICATION  OF  8INCH DIA  REST CLAMP  8INCH PIPE  CLAMP  AT AGKCC UNDER,KATRAS  AREA.(2)  FABRICATION  AND  ERECTION OF ONE]
																				[ 	BCCL/KA/IV/ENM/E-TEN/25-26/78 DT.23.9.2025][2025_BCCL_344559_1]",https://etender.up.nic.in/nicgep/app?component=%24DirectLink_0&page=FrontEndAdvancedSearchResult&service=direct&session=T&sp=SE7ey1o5OwV4R%2Bi2L1EQfZg%3D%3D,Bharat Coking Coal Limited||BCCL_KATRAS AREA
411,19,23-Sep-2025 03:00 PM,03-Oct-2025 05:00 PM,06-Oct-2025 11:00 AM,[Providing and placing of decorative plants at different location of colony at BIT of Lakhanpur Area],"[Providing and placing of decorative plants at different location of colony at BIT of Lakhanpur Area]
																				[MCL/GM/LKPA/SOC/e-Tender /25-26/67 dt20.09.25][2025_MCL_344475_1]",https://etender.up.nic.in/nicgep/app?component=%24DirectLink_0&page=FrontEndAdvancedSearchResult&service=direct&session=T&sp=SqOY8vyvVoMDJsdZo%2BiYq4w%3D%3D,Mahanadi Coalfields Limited||LAKHANPUR AREA||LKP_CIVIL||CIVIL
412,19,23-Sep-2025 03:00 PM,03-Oct-2025 05:00 PM,06-Oct-2025 11:00 AM,[Construction of retaining wall at Mauliberna basti under Lakhanpur GP under CSR work of ILBL OCP of Lakhanpur Area(1st Retender)],"[Construction of retaining wall at Mauliberna basti under Lakhanpur GP under CSR work of ILBL OCP of Lakhanpur Area(1st Retender)]
																				[MCL/GM/LKPA/SOC/e-tender /25-26/68 dt23.09.25][2025_MCL_344512_1]",https://etender.up.nic.in/nicgep/app?component=%24DirectLink_0&page=FrontEndAdvancedSearchResult&service=direct&session=T&sp=S0qqj9mzM8putOnSGyBNNHA%3D%3D,Mahanadi Coalfields Limited||LAKHANPUR AREA||LKP_CIVIL||CIVIL
413,19,23-Sep-2025 02:00 PM,02-Oct-2025 06:00 PM,03-Oct-2025 10:00 AM,"[(JOINTING OF PIPES(10INCH DIA 8INCH  DIA) AND FABRICATION OF  BENDS(10INCH DIA AND 8INCH DIA)  FOR DIFFERENT PLACE OF  WEST MUDIDIH OCP AT  AKWMC, UNDER KATRAS  AREA]","[(JOINTING OF PIPES(10INCH DIA 8INCH  DIA) AND FABRICATION OF  BENDS(10INCH DIA AND 8INCH DIA)  FOR DIFFERENT PLACE OF  WEST MUDIDIH OCP AT  AKWMC, UNDER KATRAS  AREA]
																				[BCCL/KA/IV/ENM/E-TEN/25-26/76 DT.23.9.2025][2025_BCCL_344546_1]",https://etender.up.nic.in/nicgep/app?component=%24DirectLink_0&page=FrontEndAdvancedSearchResult&service=direct&session=T&sp=Syb4f9DAO55ysaCyVY2qZFA%3D%3D,Bharat Coking Coal Limited||BCCL_KATRAS AREA
414,19,23-Sep-2025 02:00 PM,02-Oct-2025 06:00 PM,03-Oct-2025 10:00 AM,"[ REMOVING OF OLD   DAMAGED CABLE FROM THE  SUB-STATION YARD  OUT  SIDE TRENCH (CABLE SIZE  11KV GRADE,240 SQ.MM 3  CORE ) AT RAMKANALI SUB STATION.(2) FABRICATION   REPAIRING OF YARD FENCINE    PAINTING OF MAIN  GATE,DOOR  WINDOW,SHUTTER ]","[ REMOVING OF OLD   DAMAGED CABLE FROM THE  SUB-STATION YARD  OUT  SIDE TRENCH (CABLE SIZE  11KV GRADE,240 SQ.MM 3  CORE ) AT RAMKANALI SUB STATION.(2) FABRICATION   REPAIRING OF YARD FENCINE    PAINTING OF MAIN  GATE,DOOR  WINDOW,SHUTTER ]
																				[BCCL/KA/IV/ENM/E-TEN/25-26/79 DT.23.9.2025][2025_BCCL_344549_1]",https://etender.up.nic.in/nicgep/app?component=%24DirectLink_0&page=FrontEndAdvancedSearchResult&service=direct&session=T&sp=SD4vZ3Tfw6Ej61QUlQ0U15Q%3D%3D,Bharat Coking Coal Limited||BCCL_KATRAS AREA
415,19,23-Sep-2025 02:00 PM,02-Oct-2025 06:00 PM,03-Oct-2025 10:00 AM,"[AINTENANCE  PREVENTIVE  REPAIRING  AND OVERHAULING OF 740  KVA,6.6  KV/440  V  TRANSFORMER SL.NO.NA OF  COAL DUMP COLONY OF  KATRAS  AREA.(2)(A)  COMPLETE  REPAIRING/REWINDING OF  250 KVA,6.6 KV/440 VOLT  LIGHTING  TRANSFORMER ]","[AINTENANCE  PREVENTIVE  REPAIRING  AND OVERHAULING OF 740  KVA,6.6  KV/440  V  TRANSFORMER SL.NO.NA OF  COAL DUMP COLONY OF  KATRAS  AREA.(2)(A)  COMPLETE  REPAIRING/REWINDING OF  250 KVA,6.6 KV/440 VOLT  LIGHTING  TRANSFORMER ]
																				[BCCL/KA/IV/ENM/E-TEN/25-26/80 DT.23.9.2025][2025_BCCL_344551_1]",https://etender.up.nic.in/nicgep/app?component=%24DirectLink_0&page=FrontEndAdvancedSearchResult&service=direct&session=T&sp=SngXZxcKEHDIErRXdFTaaiA%3D%3D,Bharat Coking Coal Limited||BCCL_KATRAS AREA
416,19,23-Sep-2025 01:00 PM,09-Oct-2025 01:00 PM,10-Oct-2025 10:00 AM,[Day to day HT overhead line work as and when required basis for the period of two years in Khadia Project],"[Day to day HT overhead line work as and when required basis for the period of two years in Khadia Project]
																				[KHD/EM/E-Tender/25-26/282 Date 22.09.2025][2025_NCL_344388_1]",https://etender.up.nic.in/nicgep/app?component=%24DirectLink_0&page=FrontEndAdvancedSearchResult&service=direct&session=T&sp=Sml0ggkECHWj8RsduY6pH5Q%3D%3D,Northern Coalfields Limited||Khadia project
417,19,23-Sep-2025 01:00 PM,02-Oct-2025 06:00 PM,03-Oct-2025 10:00 AM,"[DISMANTLING,SHIFTING,HEIG  HTENING,RE-INSTALLATION  AND COMMISSIONING OF CCTV  CAMERA(PTZ TYPE,TILT   ZOOM CAMERA) OF SIJUA  CHP(OUTSOURCING) TO NEAR  BY SAFE LOCATION UNDER  KATRAS  AREA.(2)  DISMANTLING,SHIFTING AND RE INSTALLATION ]","[DISMANTLING,SHIFTING,HEIG  HTENING,RE-INSTALLATION  AND COMMISSIONING OF CCTV  CAMERA(PTZ TYPE,TILT   ZOOM CAMERA) OF SIJUA  CHP(OUTSOURCING) TO NEAR  BY SAFE LOCATION UNDER  KATRAS  AREA.(2)  DISMANTLING,SHIFTING AND RE INSTALLATION ]
																				[BCCL/KA/IV/ENM/E-TEN/25-26/75 DT.23.9.2025][2025_BCCL_344543_1]",https://etender.up.nic.in/nicgep/app?component=%24DirectLink_0&page=FrontEndAdvancedSearchResult&service=direct&session=T&sp=SuBtGPtjQ7cTEhHyimVNtbw%3D%3D,Bharat Coking Coal Limited||BCCL_KATRAS AREA
418,19,23-Sep-2025 01:00 PM,02-Oct-2025 06:00 PM,03-Oct-2025 10:00 AM,"[CABIN,DENTING,WELDING,WI  N SHIELD GLASS,CABIN  MOUNTING OPERATOR SEAT  FULL BODY PAINTING   SPRING LEAF BELL CRANK   DIFFERENTIAL OF WATER  TANKER SL.NO.JH10AE-1613  AT  AAWS,KATRAS AREA.(2)  LIFT  CYLINDER  GEAR  BOX,SPRING LEAF,BELL]","[CABIN,DENTING,WELDING,WI  N SHIELD GLASS,CABIN  MOUNTING OPERATOR SEAT  FULL BODY PAINTING   SPRING LEAF BELL CRANK   DIFFERENTIAL OF WATER  TANKER SL.NO.JH10AE-1613  AT  AAWS,KATRAS AREA.(2)  LIFT  CYLINDER  GEAR  BOX,SPRING LEAF,BELL]
																				[ 	BCCL/KA/IV/ENM/E-TEN/25-26/74 DT.23.9.2025][2025_BCCL_344541_1]",https://etender.up.nic.in/nicgep/app?component=%24DirectLink_0&page=FrontEndAdvancedSearchResult&service=direct&session=T&sp=SaK7zBQ8m29Pk%2Btna7ESDOw%3D%3D,Bharat Coking Coal Limited||BCCL_KATRAS AREA
419,19,23-Sep-2025 11:00 AM,04-Oct-2025 05:00 PM,06-Oct-2025 11:00 AM,[Changing of sheet at substation of Basantimata under C.V. Area],"[Changing of sheet at substation of Basantimata under C.V. Area]
																				[BCCL/XII/ACE/ e-Tender-36/2025-26/376 Date-20.09.2025][2025_BCCL_344495_1]",https://etender.up.nic.in/nicgep/app?component=%24DirectLink_0&page=FrontEndAdvancedSearchResult&service=direct&session=T&sp=S4TXpSfwIH8GwPNetHMtwtg%3D%3D,Bharat Coking Coal Limited||BCCL_CV AREA
420,19,23-Sep-2025 11:00 AM,04-Oct-2025 05:00 PM,06-Oct-2025 11:00 AM,"[Miscellaneous Civil Work at DR Colony, RS Colony and Other DBOCP Colonies Under C.V. Area]","[Miscellaneous Civil Work at DR Colony, RS Colony and Other DBOCP Colonies Under C.V. Area]
																				[BCCL/XII/ACE/ e-Tender-37/2025-26/377 Date-20.09.2025][2025_BCCL_344498_1]",https://etender.up.nic.in/nicgep/app?component=%24DirectLink_0&page=FrontEndAdvancedSearchResult&service=direct&session=T&sp=S2ci7RtOq9W%2BP5hrRjxAi4w%3D%3D,Bharat Coking Coal Limited||BCCL_CV AREA
481,28,22-Sep-2025 06:00 PM,13-Oct-2025 05:00 PM,15-Oct-2025 11:00 AM,"[Renovation of MTI and Rajbhasa office complex located at Old MCL Corporate building at Anand Vihar, MCL HQ.]","[Renovation of MTI and Rajbhasa office complex located at Old MCL Corporate building at Anand Vihar, MCL HQ.]
																				[MCL/Samb/Civil-Wel/e Tender/25-26/14 dt 19/09/2025][2025_MCL_344411_1]",https://etender.up.nic.in/nicgep/app?component=%24DirectLink_0&page=FrontEndAdvancedSearchResult&service=direct&session=T&sp=SvOoNYyEdLBRlM5lbO3cWmg%3D%3D,Mahanadi Coalfields Limited||HQ CIVIL-WELFARE N CSR||CIVIL-WELFARE N CSR
482,28,22-Sep-2025 06:00 PM,03-Oct-2025 09:00 AM,04-Oct-2025 09:00 AM,"[Fabrication of 8 inch 120 and 90 degree M S bend with providing 8 inch table D type flange for laying and maintenance of 8 inch pipeline for dewatering middle sump to out side mines premises w.r,t Konar Exp,BnK Area.]","[Fabrication of 8 inch 120 and 90 degree M S bend with providing 8 inch table D type flange for laying and maintenance of 8 inch pipeline for dewatering middle sump to out side mines premises w.r,t Konar Exp,BnK Area.]
																				[PE(EnM)/AKK OCP/e-tender/25-26/29  ][2025_CCL_344505_1]",https://etender.up.nic.in/nicgep/app?component=%24DirectLink_0&page=FrontEndAdvancedSearchResult&service=direct&session=T&sp=S%2Fy%2B4%2Fk3DYS3WozHXLs2lEg%3D%3D,Central Coalfields Limited||B&K
483,28,22-Sep-2025 06:00 PM,03-Oct-2025 09:00 AM,04-Oct-2025 09:00 AM,"[Providing, fitting of coupling, coupling  bolts and installation of protective device  for emergency stop operation  for smooth  operation of HT pumps at mines of  AKKOCP, BnK Area]","[Providing, fitting of coupling, coupling  bolts and installation of protective device  for emergency stop operation  for smooth  operation of HT pumps at mines of  AKKOCP, BnK Area]
																				[PE(EnM)/AKK OCP/e-tender/25-26/29  ][2025_CCL_344505_2]",https://etender.up.nic.in/nicgep/app?component=%24DirectLink_0&page=FrontEndAdvancedSearchResult&service=direct&session=T&sp=SScqOfOP1kFcIaz8RerD5JQ%3D%3D,Central Coalfields Limited||B&K
484,28,22-Sep-2025 06:00 PM,03-Oct-2025 09:00 AM,04-Oct-2025 09:00 AM,"[Providing ,Laying and fixing of 100 mm dia  G I pipe with welding and supply of 4inch  dia G I Flange for laying and maintenance  of existing pipe line from different location  of colony to meet domestic water demand   w.r.t konar exp ,OCP,BnK Area]","[Providing ,Laying and fixing of 100 mm dia  G I pipe with welding and supply of 4inch  dia G I Flange for laying and maintenance  of existing pipe line from different location  of colony to meet domestic water demand   w.r.t konar exp ,OCP,BnK Area]
																				[PE(EnM)/AKK OCP/e-tender/25-26/29  ][2025_CCL_344505_3]",https://etender.up.nic.in/nicgep/app?component=%24DirectLink_0&page=FrontEndAdvancedSearchResult&service=direct&session=T&sp=SNVA8Zv7FgxpRLb8ljtsoVg%3D%3D,Central Coalfields Limited||B&K
485,28,22-Sep-2025 06:00 PM,03-Oct-2025 09:00 AM,04-Oct-2025 09:00 AM,"[On-site repairing and commissioning of  under wearing wages, crusher drum roll  with lifting frame and flight assembly and  walk assembly platform for feeder breaker  No.- 2, BWF make at JRD Rly Siding PF-1 AKKOCP]","[On-site repairing and commissioning of  under wearing wages, crusher drum roll  with lifting frame and flight assembly and  walk assembly platform for feeder breaker  No.- 2, BWF make at JRD Rly Siding PF-1 AKKOCP]
																				[PE(EnM)/AKK OCP/e-tender/25-26/29  ][2025_CCL_344505_4]",https://etender.up.nic.in/nicgep/app?component=%24DirectLink_0&page=FrontEndAdvancedSearchResult&service=direct&session=T&sp=SAzgP1Lo%2Bda9a%2BGieWJSzvQ%3D%3D,Central Coalfields Limited||B&K
486,28,22-Sep-2025 06:00 PM,04-Oct-2025 06:00 PM,06-Oct-2025 06:00 PM,[Repairing of Sub-assemblies and Spares of Eimco-Elecon make LHD 1033 model No. 811 at Bhadra 7-8 Mine of Bhadra Sub Area],"[Repairing of Sub-assemblies and Spares of Eimco-Elecon make LHD 1033 model No. 811 at Bhadra 7-8 Mine of Bhadra Sub Area]
																				[SECL/JK/SO(EnM)/eNIT/25-26/39][2025_SECL_344466_1]",https://etender.up.nic.in/nicgep/app?component=%24DirectLink_0&page=FrontEndAdvancedSearchResult&service=direct&session=T&sp=SR1kRJTQFMtDgKH6ZXoNcgQ%3D%3D,South Eastern Coalfields Limited||Jamuna & Kotma Area
487,28,22-Sep-2025 06:00 PM,03-Oct-2025 06:00 PM,04-Oct-2025 10:00 AM,[Maintenance and plantation at Chhat Ghat premises of NCPH Sub Area.],"[Maintenance and plantation at Chhat Ghat premises of NCPH Sub Area.]
																				[SECL/CHRM/ Dy. GMC/25-26/e-Tender/46 dt. 22.09.2025][2025_SECL_344496_1]",https://etender.up.nic.in/nicgep/app?component=%24DirectLink_0&page=FrontEndAdvancedSearchResult&service=direct&session=T&sp=SVIj97V0oW0Be0HoumzNM4A%3D%3D,South Eastern Coalfields Limited||Chirimiri Area
488,28,22-Sep-2025 06:00 PM,03-Oct-2025 03:00 PM,04-Oct-2025 09:00 AM,[On site repairing and maintenance 3 MVA11kV/3.3KV and 160KVA 3.3KV/440V transformer under Urimari OCP],"[On site repairing and maintenance 3 MVA11kV/3.3KV and 160KVA 3.3KV/440V transformer under Urimari OCP]
																				[PE(EnM)/Urimari/e Tender/25-26/27][2025_CCL_344424_1]",https://etender.up.nic.in/nicgep/app?component=%24DirectLink_0&page=FrontEndAdvancedSearchResult&service=direct&session=T&sp=SToy7Y7RZPWmoCJEi88BMkw%3D%3D,Central Coalfields Limited||Barka Syal
489,28,22-Sep-2025 05:30 PM,03-Oct-2025 05:30 PM,04-Oct-2025 05:30 PM,[Architectural and allied work for Preparation  of DPR  for Refurbishing/Face lifting of Guwahati Office and Guwahati Guest House of NEC/CIL],"[Architectural and allied work for Preparation  of DPR  for Refurbishing/Face lifting of Guwahati Office and Guwahati Guest House of NEC/CIL]
																				[CMPDI/CE/2025/616 dated 22.09.25][2025_CMPDI_344504_1]",https://etender.up.nic.in/nicgep/app?component=%24DirectLink_0&page=FrontEndAdvancedSearchResult&service=direct&session=T&sp=S%2F2CZ8%2B2q02338hFpzeXMFA%3D%3D,Central Mine Planning and Design Institute Limited||Corporate Head Quarters||CHQ-Civil Department
490,28,22-Sep-2025 05:00 PM,03-Oct-2025 05:00 PM,04-Oct-2025 10:00 AM,"[Up-Keeping, housekeeping, cleaning etc. for a period of 6 Months at Regional Hospital Loyabad under Sijua Area.]","[Up-Keeping, housekeeping, cleaning etc. for a period of 6 Months at Regional Hospital Loyabad under Sijua Area.]
																				[GM/SA/Civil/2025-26/eNIT-10][2025_BCCL_344484_1]",https://etender.up.nic.in/nicgep/app?component=%24DirectLink_0&page=FrontEndAdvancedSearchResult&service=direct&session=T&sp=Sk2ZVGlkty5O5%2Ftrtitm%2F7w%3D%3D,Bharat Coking Coal Limited||BCCL_SIJUA AREA
491,28,22-Sep-2025 05:00 PM,03-Oct-2025 05:00 PM,04-Oct-2025 11:00 AM,[Strengthening of the bituminous road from Durga temple to old bank near childrens park at Kunustoria colliery colony under KNT area],"[Strengthening of the bituminous road from Durga temple to old bank near childrens park at Kunustoria colliery colony under KNT area]
																				[ECL/GM/KNT/CIVIL/E-TENDER/ 25-26/515 Dt. 17-09-2025][2025_ECL_344326_2]",https://etender.up.nic.in/nicgep/app?component=%24DirectLink_0&page=FrontEndAdvancedSearchResult&service=direct&session=T&sp=S9z1tkS1l62mFTEcfaNyOEg%3D%3D,Eastern Coalfields Limited||ECL_Kunostoria area
492,28,22-Sep-2025 05:00 PM,02-Oct-2025 05:00 PM,03-Oct-2025 11:00 AM,"[For Engagement of manpower for Handling/carrying of CI (Cast Iron) Test weights of 09 nos. Tetulmari,Sendra Bansjora Siding,Kankanee, Nichitpur and Mudidih of Road weighbridge under Sijua Area]","[For Engagement of manpower for Handling/carrying of CI (Cast Iron) Test weights of 09 nos. Tetulmari,Sendra Bansjora Siding,Kankanee, Nichitpur and Mudidih of Road weighbridge under Sijua Area]
																				[GM/SA/AM(EnM)-NIT/2025-26/070][2025_BCCL_344425_1]",https://etender.up.nic.in/nicgep/app?component=%24DirectLink_0&page=FrontEndAdvancedSearchResult&service=direct&session=T&sp=SwuCrrc2tVdZHfpJQW7XuLQ%3D%3D,Bharat Coking Coal Limited||BCCL_SIJUA AREA
493,28,22-Sep-2025 05:00 PM,02-Oct-2025 05:00 PM,03-Oct-2025 11:00 AM,[For fabrication of pump motor base plate suitable for installation of 2000/4000GPM at Basdeopur OCP under Sijua Area],"[For fabrication of pump motor base plate suitable for installation of 2000/4000GPM at Basdeopur OCP under Sijua Area]
																				[GM/SA/AM(EnM)-NIT/2025-26/071][2025_BCCL_344426_1]",https://etender.up.nic.in/nicgep/app?component=%24DirectLink_0&page=FrontEndAdvancedSearchResult&service=direct&session=T&sp=S1Bz9MjreTS3hVxJcMW81FQ%3D%3D,Bharat Coking Coal Limited||BCCL_SIJUA AREA
494,28,22-Sep-2025 05:00 PM,02-Oct-2025 05:00 PM,03-Oct-2025 11:00 AM,"[Partial Repairing Cork Sheet Changing,Stud changing,Oil filtration 03 Power Transformer]","[Partial Repairing Cork Sheet Changing,Stud changing,Oil filtration 03 Power Transformer]
																				[GM/SA/AM(EnM)-NIT/2025-26/072][2025_BCCL_344427_1]",https://etender.up.nic.in/nicgep/app?component=%24DirectLink_0&page=FrontEndAdvancedSearchResult&service=direct&session=T&sp=SnnjLhSo9Z0lQBvqaWN1GPw%3D%3D,Bharat Coking Coal Limited||BCCL_SIJUA AREA
495,28,22-Sep-2025 05:00 PM,02-Oct-2025 05:00 PM,03-Oct-2025 11:00 AM,[For the fabrication of CI Coupling 10 inch (12 Nos.) for drift pump motor at SB Workshop under Sijua Area],"[For the fabrication of CI Coupling 10 inch (12 Nos.) for drift pump motor at SB Workshop under Sijua Area]
																				[GM/SA/AM(EnM)-NIT/2025-26/073][2025_BCCL_344430_1]",https://etender.up.nic.in/nicgep/app?component=%24DirectLink_0&page=FrontEndAdvancedSearchResult&service=direct&session=T&sp=SVndgWHMJXjYELEQOGvYc2Q%3D%3D,Bharat Coking Coal Limited||BCCL_SIJUA AREA
496,28,22-Sep-2025 05:00 PM,01-Oct-2025 05:00 PM,03-Oct-2025 11:00 AM,"[Repairing of lift cylinder and its mountings of RT880 75T Crane Sl. No. C10 at Ashok OCP and Repair of hoist and travel gear box of 25T and 10T EOT crane at Piparwar workshop, AOCP]","[Repairing of lift cylinder and its mountings of RT880 75T Crane Sl. No. C10 at Ashok OCP and Repair of hoist and travel gear box of 25T and 10T EOT crane at Piparwar workshop, AOCP]
																				[PE(X)/AOCP/NIT/25-26/20][2025_CCL_344444_1]",https://etender.up.nic.in/nicgep/app?component=%24DirectLink_0&page=FrontEndAdvancedSearchResult&service=direct&session=T&sp=S5QIfjkH37pUxkxAavv%2FOvg%3D%3D,Central Coalfields Limited||Piparwar
497,28,22-Sep-2025 05:00 PM,01-Oct-2025 05:00 PM,03-Oct-2025 11:00 AM,"[Repairing of gear pinion of swing circle and damaged ring gear teeth of swing support, dismantling, repair of ripper cylinder ,rippper jaws and frame, pin,fire extinguisher stand and its back fitment, dismantling, etc of BG825 Motor Grader G4 at AOCP]","[Repairing of gear pinion of swing circle and damaged ring gear teeth of swing support, dismantling, repair of ripper cylinder ,rippper jaws and frame, pin,fire extinguisher stand and its back fitment, dismantling, etc of BG825 Motor Grader G4 at AOCP]
																				[PE(X)/AOCP/NIT/25-26/21][2025_CCL_344445_1]",https://etender.up.nic.in/nicgep/app?component=%24DirectLink_0&page=FrontEndAdvancedSearchResult&service=direct&session=T&sp=SFJ2w2TOjQPW8qUzr1LyIng%3D%3D,Central Coalfields Limited||Piparwar
498,28,22-Sep-2025 05:00 PM,01-Oct-2025 05:00 PM,03-Oct-2025 11:00 AM,"[Repair of Final drive assy. and Patch repairing of blade assy. ,reconditioning of holes of cutting edge and end bits holes of D155 dozer D20 at Ashok OCP]","[Repair of Final drive assy. and Patch repairing of blade assy. ,reconditioning of holes of cutting edge and end bits holes of D155 dozer D20 at Ashok OCP]
																				[PE(X)/AOCP/NIT/25-26/22][2025_CCL_344446_1]",https://etender.up.nic.in/nicgep/app?component=%24DirectLink_0&page=FrontEndAdvancedSearchResult&service=direct&session=T&sp=SMc7MnI2tdWaz8llTq%2BB7AQ%3D%3D,Central Coalfields Limited||Piparwar
499,28,22-Sep-2025 05:00 PM,03-Oct-2025 06:00 PM,04-Oct-2025 10:00 AM,[Hydrostatic Pressure Testing of 29 nos. of Air Compressor vessels.],"[Hydrostatic Pressure Testing of 29 nos. of Air Compressor vessels.]
																				[SDOCM/PE(X)/E-Tender/25-26/423][2025_CCL_344465_1]",https://etender.up.nic.in/nicgep/app?component=%24DirectLink_0&page=FrontEndAdvancedSearchResult&service=direct&session=T&sp=SARGn9wLDznMclNQICjtfeQ%3D%3D,Central Coalfields Limited||Dhori
500,28,22-Sep-2025 05:00 PM,01-Oct-2025 05:00 PM,03-Oct-2025 11:00 AM,"[Dismantling of hoisting pin replacement, eye rebuilding and seal replacement of both housing system, repair and back fitment of 02 no steering cylinder (seal replacement, eye fabrication, bush fitment), etc of CAT777D Dumper TH11 at AOCP]","[Dismantling of hoisting pin replacement, eye rebuilding and seal replacement of both housing system, repair and back fitment of 02 no steering cylinder (seal replacement, eye fabrication, bush fitment), etc of CAT777D Dumper TH11 at AOCP]
																				[PE(X)/AOCP/NIT/25-26/23][2025_CCL_344447_1]",https://etender.up.nic.in/nicgep/app?component=%24DirectLink_0&page=FrontEndAdvancedSearchResult&service=direct&session=T&sp=S3NGI%2B8kadHw9nvs4iMeVlA%3D%3D,Central Coalfields Limited||Piparwar
481,25,22-Sep-2025 06:00 PM,03-Oct-2025 05:00 PM,04-Oct-2025 11:00 AM,"[Supply and Fitment of Rear View Mirrors and Blind spot Mirrors, Fabrication/ Repairing of support rods and clamping accessories for water tanker (WT-3, WT-4, WT-5, WT6 and WT-7), Wheel Dozer (WD-1) and chain Dozer (D-2 and D-3) of Amrapali Project, A]","[Supply and Fitment of Rear View Mirrors and Blind spot Mirrors, Fabrication/ Repairing of support rods and clamping accessories for water tanker (WT-3, WT-4, WT-5, WT6 and WT-7), Wheel Dozer (WD-1) and chain Dozer (D-2 and D-3) of Amrapali Project, A]
																				[ GM(A-C)/SO(X)/e-NIT/25-26/05][2025_CCL_344483_1]",https://etender.up.nic.in/nicgep/app?component=%24DirectLink_0&page=FrontEndAdvancedSearchResult&service=direct&session=T&sp=S42I71BB6I3Rxz8a0DQ7Q6Q%3D%3D,Central Coalfields Limited||Magadh and Amrapali
482,25,22-Sep-2025 06:00 PM,03-Oct-2025 05:00 PM,04-Oct-2025 11:00 AM,"[Providing and fixing of exhaust fan, LED lamp, ceiling light and earthing for VIP Club and D and C type quarter under GM Unit, NK Area]","[Providing and fixing of exhaust fan, LED lamp, ceiling light and earthing for VIP Club and D and C type quarter under GM Unit, NK Area]
																				[GM (NK)/EnM/e-NIT/2025-26/88  ][2025_CCL_344456_1]",https://etender.up.nic.in/nicgep/app?component=%24DirectLink_0&page=FrontEndAdvancedSearchResult&service=direct&session=T&sp=SfXo3QYEjomwzR1FA55lpWw%3D%3D,Central Coalfields Limited||NK Dakara
483,25,22-Sep-2025 06:00 PM,02-Oct-2025 04:00 PM,03-Oct-2025 12:00 PM,[Repair and maintenance of drain near slurry pond and cleaning of drain under G.M. unit BnK Area],"[Repair and maintenance of drain near slurry pond and cleaning of drain under G.M. unit BnK Area]
																				[PE(C)/GMU/E -Tender/25-26/06, dt. 22.09.2025][2025_CCL_344478_1]",https://etender.up.nic.in/nicgep/app?component=%24DirectLink_0&page=FrontEndAdvancedSearchResult&service=direct&session=T&sp=SCAkFCBoOQplR4dmBiTUf8w%3D%3D,Central Coalfields Limited||B&K
484,25,22-Sep-2025 06:00 PM,03-Oct-2025 05:00 PM,04-Oct-2025 11:00 AM,"[Reconditioning and repairing of broken frame, walkways, air cleaner housing, Fan pulley system, Bumper frame, Foot steps, fire extinguisher stand, battery box and Transmission cover by cutting and welding in 05 nos. 28 KL water sprinkler ( WT-3, WT-4]","[Reconditioning and repairing of broken frame, walkways, air cleaner housing, Fan pulley system, Bumper frame, Foot steps, fire extinguisher stand, battery box and Transmission cover by cutting and welding in 05 nos. 28 KL water sprinkler ( WT-3, WT-4]
																				[GM(A-C)/SO(X)/e-NIT/25-26/06][2025_CCL_344485_1]",https://etender.up.nic.in/nicgep/app?component=%24DirectLink_0&page=FrontEndAdvancedSearchResult&service=direct&session=T&sp=SUTAljYV5da4BF7wz9DCuIA%3D%3D,Central Coalfields Limited||Magadh and Amrapali
485,25,22-Sep-2025 06:00 PM,08-Oct-2025 05:00 PM,10-Oct-2025 11:00 AM,"[Strengthening of Bagdigi river bed by laying Movement Absorption Flexible Lining (MAFL) at NAKC Colliery (900 m) along with 5 years comprehensive maint. period at no additional cost to company, commencing from the date of completion of const. work]","[Strengthening of Bagdigi river bed by laying Movement Absorption Flexible Lining (MAFL) at NAKC Colliery (900 m) along with 5 years comprehensive maint. period at no additional cost to company, commencing from the date of completion of const. work]
																				[BCCL/CED/TC/eNIT-24/25-26/541 dated 22.09.2025][2025_BCCL_344472_1]",https://etender.up.nic.in/nicgep/app?component=%24DirectLink_0&page=FrontEndAdvancedSearchResult&service=direct&session=T&sp=SYIe%2FuxfeoWOPbbptzMMsYA%3D%3D,Bharat Coking Coal Limited||BCCL-Hqrs||HQ_CIVIL
486,25,22-Sep-2025 06:00 PM,03-Oct-2025 03:00 PM,04-Oct-2025 09:00 AM,[On site repairing and maintenance 3 MVA11kV/3.3KV and 160KVA 3.3KV/440V transformer under Urimari OCP],"[On site repairing and maintenance 3 MVA11kV/3.3KV and 160KVA 3.3KV/440V transformer under Urimari OCP]
																				[PE(EnM)/Urimari/e Tender/25-26/27][2025_CCL_344424_1]",https://etender.up.nic.in/nicgep/app?component=%24DirectLink_0&page=FrontEndAdvancedSearchResult&service=direct&session=T&sp=SToy7Y7RZPWmoCJEi88BMkw%3D%3D,Central Coalfields Limited||Barka Syal
487,25,22-Sep-2025 06:00 PM,03-Oct-2025 03:00 PM,04-Oct-2025 09:00 AM,[Erection and Dismantling of LT OH line 440V at Potanga quarry on as and when required basis for a period of  one year(365 days) under Urimari OCP.],"[Erection and Dismantling of LT OH line 440V at Potanga quarry on as and when required basis for a period of  one year(365 days) under Urimari OCP.]
																				[PE(EnM)/Urimari/e Tender/25-26/26  ][2025_CCL_344423_1]",https://etender.up.nic.in/nicgep/app?component=%24DirectLink_0&page=FrontEndAdvancedSearchResult&service=direct&session=T&sp=SBzO04ROxJD1aofYPD0kkow%3D%3D,Central Coalfields Limited||Barka Syal
488,25,22-Sep-2025 06:00 PM,03-Oct-2025 05:00 PM,04-Oct-2025 11:00 AM,"[Erection of tubular pole with stringing of rabbit conductor of street lighting from PO Office to Saradhu Pool under Amrapali Project, A-C Area]","[Erection of tubular pole with stringing of rabbit conductor of street lighting from PO Office to Saradhu Pool under Amrapali Project, A-C Area]
																				[GM(A-C)/SO(EnM)/e-NIT/25-26/21][2025_CCL_344412_1]",https://etender.up.nic.in/nicgep/app?component=%24DirectLink_0&page=FrontEndAdvancedSearchResult&service=direct&session=T&sp=SxeckEFrFrZxyOoBYYJynGA%3D%3D,Central Coalfields Limited||Magadh and Amrapali
489,25,22-Sep-2025 05:30 PM,03-Oct-2025 05:30 PM,04-Oct-2025 05:30 PM,[Architectural and allied work for Preparation  of DPR  for Refurbishing/Face lifting of Guwahati Office and Guwahati Guest House of NEC/CIL],"[Architectural and allied work for Preparation  of DPR  for Refurbishing/Face lifting of Guwahati Office and Guwahati Guest House of NEC/CIL]
																				[CMPDI/CE/2025/616 dated 22.09.25][2025_CMPDI_344504_1]",https://etender.up.nic.in/nicgep/app?component=%24DirectLink_0&page=FrontEndAdvancedSearchResult&service=direct&session=T&sp=S%2F2CZ8%2B2q02338hFpzeXMFA%3D%3D,Central Mine Planning and Design Institute Limited||Corporate Head Quarters||CHQ-Civil Department
490,25,22-Sep-2025 05:00 PM,07-Oct-2025 05:00 PM,08-Oct-2025 11:00 AM,[Installation ofInstallation of Five (05) Nos. charging station port at GM unit Rajhara Area],"[Installation ofInstallation of Five (05) Nos. charging station port at GM unit Rajhara Area]
																				[GM(RA)/CHANDWA/EnM/25-26/10 Dated 22.09.2025][2025_CCL_344479_1]",https://etender.up.nic.in/nicgep/app?component=%24DirectLink_0&page=FrontEndAdvancedSearchResult&service=direct&session=T&sp=SKK7UX5JiXuLVwDamzfFB5A%3D%3D,Central Coalfields Limited||Rajhara
491,25,22-Sep-2025 05:00 PM,03-Oct-2025 09:00 AM,04-Oct-2025 09:00 AM,[Dismantling and laying of 8 Inch dia MS pipe line for dewatering of Coal Face at Dept Patch and Shifting and re installation of pumps accessories after shifting work by cutting/welding as per requirement based on progression of face at Dept patch ask],"[Dismantling and laying of 8 Inch dia MS pipe line for dewatering of Coal Face at Dept Patch and Shifting and re installation of pumps accessories after shifting work by cutting/welding as per requirement based on progression of face at Dept patch ask]
																				[PO(AK)/PE(EnM)/e-NIT/25-26/30][2025_CCL_344486_1]",https://etender.up.nic.in/nicgep/app?component=%24DirectLink_0&page=FrontEndAdvancedSearchResult&service=direct&session=T&sp=SDEb23%2FE9AmdTyfoktbyMNg%3D%3D,Central Coalfields Limited||Piparwar
492,25,22-Sep-2025 05:00 PM,08-Oct-2025 05:00 PM,09-Oct-2025 05:00 PM,[Repairing of both UG bunker RC feeder of Jhilimili UG mine of Jhilimili Sub Area.],"[Repairing of both UG bunker RC feeder of Jhilimili UG mine of Jhilimili Sub Area.]
																				[SECL/GM/BKP/ENM/eTender/25-26/ 29][2025_SECL_344491_1]",https://etender.up.nic.in/nicgep/app?component=%24DirectLink_0&page=FrontEndAdvancedSearchResult&service=direct&session=T&sp=SNRtzIIusWsajWgaUWZLUdg%3D%3D,South Eastern Coalfields Limited||Baikunthpur Area
581,18,19-Sep-2025 06:00 PM,02-Oct-2025 11:00 AM,03-Oct-2025 10:00 AM,"[Repairing and Overhauling of Pullen Make Submersible Motor 100 HP, 550Volt 2900 RPM and 6 Stage 600 GPM Submersible Pump for Bastacolla Colliery. ]","[Repairing and Overhauling of Pullen Make Submersible Motor 100 HP, 550Volt 2900 RPM and 6 Stage 600 GPM Submersible Pump for Bastacolla Colliery. ]
																				[BCCL/BA-IX/ENM/25-26/134   18/09/2025 ][2025_BCCL_344324_1]",https://etender.up.nic.in/nicgep/app?component=%24DirectLink_0&page=FrontEndAdvancedSearchResult&service=direct&session=T&sp=SvrRsfAe4HhUqV5p7pFL1Xw%3D%3D,Bharat Coking Coal Limited||BCCL_BASTACOLLA AREA||EnM
493,25,22-Sep-2025 05:00 PM,03-Oct-2025 09:00 AM,04-Oct-2025 09:00 AM,"[Cleaning, testing and painting of test Weights 850 Nos. each of 20 Kg to be stamped and to be used during Stamping of Road Weighbridge 13 under Ashok OCP, PPR Area.]","[Cleaning, testing and painting of test Weights 850 Nos. each of 20 Kg to be stamped and to be used during Stamping of Road Weighbridge 13 under Ashok OCP, PPR Area.]
																				[PO(AK)/PE(EnM)/e-NIT/25-26/31][2025_CCL_344487_1]",https://etender.up.nic.in/nicgep/app?component=%24DirectLink_0&page=FrontEndAdvancedSearchResult&service=direct&session=T&sp=SmUAqal4GXISW9IGM9DDL5w%3D%3D,Central Coalfields Limited||Piparwar
494,25,22-Sep-2025 05:00 PM,03-Oct-2025 05:00 PM,04-Oct-2025 10:00 AM,"[Up-Keeping, housekeeping, cleaning etc. for a period of 6 Months at Regional Hospital Loyabad under Sijua Area.]","[Up-Keeping, housekeeping, cleaning etc. for a period of 6 Months at Regional Hospital Loyabad under Sijua Area.]
																				[GM/SA/Civil/2025-26/eNIT-10][2025_BCCL_344484_1]",https://etender.up.nic.in/nicgep/app?component=%24DirectLink_0&page=FrontEndAdvancedSearchResult&service=direct&session=T&sp=Sk2ZVGlkty5O5%2Ftrtitm%2F7w%3D%3D,Bharat Coking Coal Limited||BCCL_SIJUA AREA
582,18,19-Sep-2025 06:00 PM,03-Oct-2025 11:00 AM,04-Oct-2025 11:00 AM,[Repairing of Gasket and stud Changing of (1) 250 KVA 11 KV/440 Volt and (2)300 KVA 11 KV /440 Volts Lighting Transformer at 3 Pit Sub-Station of Amal. Joyrampur Colliery under Lodna Area],"[Repairing of Gasket and stud Changing of (1) 250 KVA 11 KV/440 Volt and (2)300 KVA 11 KV /440 Volts Lighting Transformer at 3 Pit Sub-Station of Amal. Joyrampur Colliery under Lodna Area]
																				[BCCL/LA/EnM/F-19/25-26/092][2025_BCCL_344242_1]",https://etender.up.nic.in/nicgep/app?component=%24DirectLink_0&page=FrontEndAdvancedSearchResult&service=direct&session=T&sp=SSb55%2BWasagJhskVzNYNICQ%3D%3D,Bharat Coking Coal Limited||BCCL_LODNA AREA
495,25,22-Sep-2025 05:00 PM,03-Oct-2025 09:00 AM,04-Oct-2025 09:00 AM,"[Repairing of Tata Bus BR13P 0172 under Ashok OCP, PPR Area.]","[Repairing of Tata Bus BR13P 0172 under Ashok OCP, PPR Area.]
																				[PO(AK)/PE(EnM)/e-NIT/25-26/32][2025_CCL_344490_1]",https://etender.up.nic.in/nicgep/app?component=%24DirectLink_0&page=FrontEndAdvancedSearchResult&service=direct&session=T&sp=SE6q%2FNAsdj318HXA2xsvRQA%3D%3D,Central Coalfields Limited||Piparwar
583,18,19-Sep-2025 06:00 PM,02-Oct-2025 11:00 AM,03-Oct-2025 10:00 AM,[Straight Through Cable Jointing with Heat Shrikable Jointing Kit at ROCP Mines],"[Straight Through Cable Jointing with Heat Shrikable Jointing Kit at ROCP Mines]
																				[ 	BCCL/BA-IX/ENM/25-26/146  18/09/2025][2025_BCCL_344378_1]",https://etender.up.nic.in/nicgep/app?component=%24DirectLink_0&page=FrontEndAdvancedSearchResult&service=direct&session=T&sp=SAry82wyY%2BtfuT8JZlas%2FTA%3D%3D,Bharat Coking Coal Limited||BCCL_BASTACOLLA AREA||EnM
496,25,22-Sep-2025 05:00 PM,03-Oct-2025 05:00 PM,04-Oct-2025 11:00 AM,[Strengthening of the bituminous road from Durga temple to old bank near childrens park at Kunustoria colliery colony under KNT area],"[Strengthening of the bituminous road from Durga temple to old bank near childrens park at Kunustoria colliery colony under KNT area]
																				[ECL/GM/KNT/CIVIL/E-TENDER/ 25-26/515 Dt. 17-09-2025][2025_ECL_344326_2]",https://etender.up.nic.in/nicgep/app?component=%24DirectLink_0&page=FrontEndAdvancedSearchResult&service=direct&session=T&sp=S9z1tkS1l62mFTEcfaNyOEg%3D%3D,Eastern Coalfields Limited||ECL_Kunostoria area
584,18,19-Sep-2025 06:00 PM,30-Sep-2025 05:00 PM,01-Oct-2025 09:00 AM,"[Complete rewinding/repairing of 500 KVA, 3.3KV/415V transformer , 50 KVA, 3.3KV/415 V Transformer and 100 KVA , 11KV/440V Transformer at Religara OCP under Argada Area]","[Complete rewinding/repairing of 500 KVA, 3.3KV/415V transformer , 50 KVA, 3.3KV/415 V Transformer and 100 KVA , 11KV/440V Transformer at Religara OCP under Argada Area]
																				[PE(EnM)/Rel/e-NIT/25-26/18][2025_CCL_344369_1]",https://etender.up.nic.in/nicgep/app?component=%24DirectLink_0&page=FrontEndAdvancedSearchResult&service=direct&session=T&sp=S%2BeQZlu3lep4HmNycJ8gsdg%3D%3D,Central Coalfields Limited||Argada
497,25,22-Sep-2025 05:00 PM,03-Oct-2025 05:00 PM,04-Oct-2025 10:00 AM,[Changing of Water Closet of GM attached toilet and misc. civil works in Area office of Sijua Area.],"[Changing of Water Closet of GM attached toilet and misc. civil works in Area office of Sijua Area.]
																				[GM/SA/Civil/2025-26/eNIT-11][2025_BCCL_344488_1]",https://etender.up.nic.in/nicgep/app?component=%24DirectLink_0&page=FrontEndAdvancedSearchResult&service=direct&session=T&sp=SemKdAWorh%2FVtgfIj0Uy6MA%3D%3D,Bharat Coking Coal Limited||BCCL_SIJUA AREA
585,18,19-Sep-2025 05:00 PM,30-Sep-2025 06:00 PM,01-Oct-2025 10:00 AM,"[Rep. of Dozer Sl. NO. 13584, CIL NO. T 3659.]","[Rep. of Dozer Sl. NO. 13584, CIL NO. T 3659.]
																				[GM(D)/SO(X)/E-Tender/25-26/101][2025_CCL_344348_1]",https://etender.up.nic.in/nicgep/app?component=%24DirectLink_0&page=FrontEndAdvancedSearchResult&service=direct&session=T&sp=S790xcqZadWiOgaN73IAhWg%3D%3D,Central Coalfields Limited||Dhori
586,18,19-Sep-2025 05:00 PM,03-Oct-2025 06:00 PM,04-Oct-2025 11:00 AM,"[Fabrication and  Installation of Rise Belt  Structure Post at Vertical  Section of Moonidih  Project, WJ Area  ]","[Fabrication and  Installation of Rise Belt  Structure Post at Vertical  Section of Moonidih  Project, WJ Area  ]
																				[BCCL/WJA/AM(ENM)/25-26/RP-62   ][2025_BCCL_344358_1]",https://etender.up.nic.in/nicgep/app?component=%24DirectLink_0&page=FrontEndAdvancedSearchResult&service=direct&session=T&sp=S7uqIG87W1CH%2FaNySWDnVVA%3D%3D,Bharat Coking Coal Limited||BCCL_WJ AREA
498,25,22-Sep-2025 05:00 PM,02-Oct-2025 05:00 PM,04-Oct-2025 11:00 AM,"[Repair/ Renovation of D-2 Quarter at Indora Complex of WCL HQ, NagpurRepair/ Renovation of D-2 Quarter at Indora Complex of WCL HQ, Nagpur]","[Repair/ Renovation of D-2 Quarter at Indora Complex of WCL HQ, NagpurRepair/ Renovation of D-2 Quarter at Indora Complex of WCL HQ, Nagpur]
																				[WCL-HQ-CIV-WELFARE-E17-2025-26][2025_WCL_344410_1]",https://etender.up.nic.in/nicgep/app?component=%24DirectLink_0&page=FrontEndAdvancedSearchResult&service=direct&session=T&sp=SeoV%2Bh4%2FU3%2FXuwwAsak8ciQ%3D%3D,Western Coalfields Limited||HQ||HQ_Civil
587,18,19-Sep-2025 05:00 PM,04-Oct-2025 05:00 PM,06-Oct-2025 11:00 AM,"[Drivage of 67 m length stone drift from Seam IV (Top) sector-C to Seam-V, Sector-C for establishing the material transport layout in respect of Silewara Colliery, Silewara Sub Area of Nagpur Area]","[Drivage of 67 m length stone drift from Seam IV (Top) sector-C to Seam-V, Sector-C for establishing the material transport layout in respect of Silewara Colliery, Silewara Sub Area of Nagpur Area]
																				[min-e-tenderNIC-009/2025-26][2025_WCL_344332_1]",https://etender.up.nic.in/nicgep/app?component=%24DirectLink_0&page=FrontEndAdvancedSearchResult&service=direct&session=T&sp=SjSPre9oOm6ikTXlUM3elbw%3D%3D,Western Coalfields Limited||NGP||NGP_Mining
499,25,22-Sep-2025 05:00 PM,03-Oct-2025 05:00 PM,04-Oct-2025 11:00 AM,[Providing boundary wall with other works related to 33 KV substation at Jampali OCP under Raigarh Area(2nd Call)],"[Providing boundary wall with other works related to 33 KV substation at Jampali OCP under Raigarh Area(2nd Call)]
																				[SECL/GM/RGH/SOC/e-Tender/ 2025-26/31 dtd 22.09.2025][2025_SECL_344344_1]",https://etender.up.nic.in/nicgep/app?component=%24DirectLink_0&page=FrontEndAdvancedSearchResult&service=direct&session=T&sp=SiEjlBwSsVDpfFzm%2FKGXMWw%3D%3D,South Eastern Coalfields Limited||Raigarh Area
588,18,19-Sep-2025 05:00 PM,06-Oct-2025 05:00 PM,08-Oct-2025 11:00 AM,[Maintenance of Railway Track from Nowrozabad siding to near railway station  junction ( total track length 08.26 KM ) at Nowrozabad Sub Area of Johilla Area.( For 01 Year )],"[Maintenance of Railway Track from Nowrozabad siding to near railway station  junction ( total track length 08.26 KM ) at Nowrozabad Sub Area of Johilla Area.( For 01 Year )]
																				[SECL/JHL/S.O.(C)/ eNIT-33/25-26/451 dt. 19.09.2025][2025_SECL_344333_1]",https://etender.up.nic.in/nicgep/app?component=%24DirectLink_0&page=FrontEndAdvancedSearchResult&service=direct&session=T&sp=SBruAM2FOVb30OzExwRIMnw%3D%3D,South Eastern Coalfields Limited||Johilla Area
500,25,22-Sep-2025 05:00 PM,01-Oct-2025 05:00 PM,03-Oct-2025 11:00 AM,"[Repairing of gear pinion of swing circle and damaged ring gear teeth of swing support, dismantling, repair of ripper cylinder ,rippper jaws and frame, pin,fire extinguisher stand and its back fitment, dismantling, etc of BG825 Motor Grader G4 at AOCP]","[Repairing of gear pinion of swing circle and damaged ring gear teeth of swing support, dismantling, repair of ripper cylinder ,rippper jaws and frame, pin,fire extinguisher stand and its back fitment, dismantling, etc of BG825 Motor Grader G4 at AOCP]
																				[PE(X)/AOCP/NIT/25-26/21][2025_CCL_344445_1]",https://etender.up.nic.in/nicgep/app?component=%24DirectLink_0&page=FrontEndAdvancedSearchResult&service=direct&session=T&sp=SFJ2w2TOjQPW8qUzr1LyIng%3D%3D,Central Coalfields Limited||Piparwar
589,18,19-Sep-2025 05:00 PM,30-Sep-2025 05:00 PM,01-Oct-2025 05:00 PM,"[Installation of 01 no. of endless haulage and 01 no. direct haulage in underground at CM panel W7xcut of Bagdona seam at Tawa Mine, Pathakhera Area, WCL.]","[Installation of 01 no. of endless haulage and 01 no. direct haulage in underground at CM panel W7xcut of Bagdona seam at Tawa Mine, Pathakhera Area, WCL.]
																				[PK3550-ENM-0069-2025-26][2025_WCL_344328_1]",https://etender.up.nic.in/nicgep/app?component=%24DirectLink_0&page=FrontEndAdvancedSearchResult&service=direct&session=T&sp=SRIZSny70Yrjuz8mFJVcfXw%3D%3D,Western Coalfields Limited||PKD ||PKD _E and M
590,18,19-Sep-2025 05:00 PM,02-Oct-2025 11:00 AM,03-Oct-2025 10:00 AM,[Dismantling of 11KV and 3.3KV Overhead Line of ROCP View Point Substation of ROCP],"[Dismantling of 11KV and 3.3KV Overhead Line of ROCP View Point Substation of ROCP]
																				[BCCL/BA-IX/ENM/25-26/133    18/09/2025 ][2025_BCCL_344323_1]",https://etender.up.nic.in/nicgep/app?component=%24DirectLink_0&page=FrontEndAdvancedSearchResult&service=direct&session=T&sp=SAhAXMEXcXk35Xjx452yHVQ%3D%3D,Bharat Coking Coal Limited||BCCL_BASTACOLLA AREA||EnM
591,18,19-Sep-2025 04:30 PM,30-Sep-2025 05:00 PM,01-Oct-2025 11:00 AM,"[Repairing of Dash board,  Operator Seat and transmission  Guard, Track Guide frame  Repairing, Tilt Cylender Seal kit  repairing of Dozer BD155 SL  No.13635 of Magadh OCP,  Magadh Sanghmitra Area]","[Repairing of Dash board,  Operator Seat and transmission  Guard, Track Guide frame  Repairing, Tilt Cylender Seal kit  repairing of Dozer BD155 SL  No.13635 of Magadh OCP,  Magadh Sanghmitra Area]
																				[SO(X)/MA/NIT/25-26/04][2025_CCL_344346_1]",https://etender.up.nic.in/nicgep/app?component=%24DirectLink_0&page=FrontEndAdvancedSearchResult&service=direct&session=T&sp=StL%2FG4lWeOqVJBlPSjOcu1Q%3D%3D,Central Coalfields Limited||Magadh and Amrapali
592,18,19-Sep-2025 03:00 PM,29-Sep-2025 05:00 PM,03-Oct-2025 11:00 AM,[Procurement and Installation of Artificial Bird Nests Made of Eco-Friendly Materials under ILBL OCP at Lakhanpur Area],"[Procurement and Installation of Artificial Bird Nests Made of Eco-Friendly Materials under ILBL OCP at Lakhanpur Area]
																				[MCL/GM/LKPA/SOC/e-Tender /25-26/64 dt19.09.25][2025_MCL_344309_1]",https://etender.up.nic.in/nicgep/app?component=%24DirectLink_0&page=FrontEndAdvancedSearchResult&service=direct&session=T&sp=Sy8UAgmZVeQvpTCIo7enZwA%3D%3D,Mahanadi Coalfields Limited||LAKHANPUR AREA||LKP_CIVIL||CIVIL
593,18,19-Sep-2025 03:00 PM,29-Sep-2025 05:00 PM,03-Oct-2025 11:00 AM,[Balance work of construction of black top road from PMGSY Ratakhaind to Gourghat under Lakhanpur GP under CSR of Lakhanpur OCP at Lakhanpur Area],"[Balance work of construction of black top road from PMGSY Ratakhaind to Gourghat under Lakhanpur GP under CSR of Lakhanpur OCP at Lakhanpur Area]
																				[MCL/GM/LKPA/SOC/e-Tender /25-26/65 dt19.09.25][2025_MCL_344310_1]",https://etender.up.nic.in/nicgep/app?component=%24DirectLink_0&page=FrontEndAdvancedSearchResult&service=direct&session=T&sp=S6C2R8Ss9gVWS%2B9mbis%2Bgmg%3D%3D,Mahanadi Coalfields Limited||LAKHANPUR AREA||LKP_CIVIL||CIVIL
594,18,19-Sep-2025 03:00 PM,29-Sep-2025 05:00 PM,03-Oct-2025 11:00 AM,[Up keeping of rest shelters and toilets at truck parking yard for a period of one years under ILBL OCP of Lakhanpur Area (1st Retender)],"[Up keeping of rest shelters and toilets at truck parking yard for a period of one years under ILBL OCP of Lakhanpur Area (1st Retender)]
																				[MCL/GM/LKPA/SOC/e-Tender /25-26/63 dt19.09.2025][2025_MCL_344306_1]",https://etender.up.nic.in/nicgep/app?component=%24DirectLink_0&page=FrontEndAdvancedSearchResult&service=direct&session=T&sp=SYe3LIMoBz5ksROJ%2F5bhkAA%3D%3D,Mahanadi Coalfields Limited||LAKHANPUR AREA||LKP_CIVIL||CIVIL
595,18,19-Sep-2025 01:00 PM,30-Sep-2025 01:00 PM,01-Oct-2025 01:00 PM,"[Rewinding and repairing of 125KW 3.3KV 1470 RPM, HT induction motor make marathon sl no-330525/1 of JOCP Under Hazaribag Area.]","[Rewinding and repairing of 125KW 3.3KV 1470 RPM, HT induction motor make marathon sl no-330525/1 of JOCP Under Hazaribag Area.]
																				[PO/JOCP/EnM/Tender/25-26/17][2025_CCL_344312_1]",https://etender.up.nic.in/nicgep/app?component=%24DirectLink_0&page=FrontEndAdvancedSearchResult&service=direct&session=T&sp=SV3FJ7YFVJGyiLhVQJLJN%2Bg%3D%3D,Central Coalfields Limited||Hazaribag
596,18,19-Sep-2025 11:00 AM,04-Oct-2025 06:00 PM,06-Oct-2025 11:00 AM,"[Complete Repairing and  overhauling of 5M3/min,   11 stage capacity, Sl.No.  8129131/2/10/1 of MandP  make pump of Main  Pump Room of Moonidih Colliery, WJ Area]","[Complete Repairing and  overhauling of 5M3/min,   11 stage capacity, Sl.No.  8129131/2/10/1 of MandP  make pump of Main  Pump Room of Moonidih Colliery, WJ Area]
																				[BCCL/WJA/AM(ENM)/25-26/RP-64 ][2025_BCCL_344262_1]",https://etender.up.nic.in/nicgep/app?component=%24DirectLink_0&page=FrontEndAdvancedSearchResult&service=direct&session=T&sp=SFOYnBvQvsHH0xevAmeK9VA%3D%3D,Bharat Coking Coal Limited||BCCL_WJ AREA
597,18,19-Sep-2025 10:00 AM,06-Oct-2025 05:00 PM,08-Oct-2025 11:00 AM,[Cleaning and upkeeping of all colonies including sanitary fittings of Govinda and Kotma colliery township of KGSA of Jamuna Kotma Area .],"[Cleaning and upkeeping of all colonies including sanitary fittings of Govinda and Kotma colliery township of KGSA of Jamuna Kotma Area .]
																				[SECL/JK/SO(C)/e-T/25-26/23, Date- 18/09/2025][2025_SECL_343958_1]",https://etender.up.nic.in/nicgep/app?component=%24DirectLink_0&page=FrontEndAdvancedSearchResult&service=direct&session=T&sp=ScX2ANwULGKLcFKLCDnyYqw%3D%3D,South Eastern Coalfields Limited||Jamuna & Kotma Area
598,18,19-Sep-2025 10:00 AM,30-Sep-2025 05:00 PM,03-Oct-2025 11:00 AM,[Miscellaneous Civil works for dust suppression works at HLOC and Railway Siding under HLSA of Chandrapur Area (Retender 2nd call).],"[Miscellaneous Civil works for dust suppression works at HLOC and Railway Siding under HLSA of Chandrapur Area (Retender 2nd call).]
																				[WCL_CHA_civil_eT-057][2025_WCL_344142_1]",https://etender.up.nic.in/nicgep/app?component=%24DirectLink_0&page=FrontEndAdvancedSearchResult&service=direct&session=T&sp=SBJ49YdiFPT1ICywgK1TXZQ%3D%3D,Western Coalfields Limited||CHP||CHP_Civil
599,18,19-Sep-2025 10:00 AM,11-Oct-2025 05:00 PM,13-Oct-2025 10:00 AM,[Construction of 32 nos RCC sectionalization stopping to isolate development panel in Seam-C (30Nos) and Seam D (02Nos)at Bijuri Colliery of Hasdeo Area],"[Construction of 32 nos RCC sectionalization stopping to isolate development panel in Seam-C (30Nos) and Seam D (02Nos)at Bijuri Colliery of Hasdeo Area]
																				[AGM/HSD/GM(O)/e-Tend/25-26/33 dtd 19.09.2025][2025_SECL_344292_1]",https://etender.up.nic.in/nicgep/app?component=%24DirectLink_0&page=FrontEndAdvancedSearchResult&service=direct&session=T&sp=SIi6Dyu8gsyCcvHPauGVEUQ%3D%3D,South Eastern Coalfields Limited||Hasdeo Area
600,18,19-Sep-2025 10:00 AM,03-Oct-2025 05:00 PM,06-Oct-2025 10:00 AM,[Cleaning of coal/debris/malma near and around the loading point place of tipper along road within CHP premises and at weigh bridge for smooth coal transportation for one year at West Jhgrakhand Colliery],"[Cleaning of coal/debris/malma near and around the loading point place of tipper along road within CHP premises and at weigh bridge for smooth coal transportation for one year at West Jhgrakhand Colliery]
																				[AGM/HSD/GM(O)/e-Tend/25-26/35 dtd 19.09.2025][2025_SECL_344296_1]",https://etender.up.nic.in/nicgep/app?component=%24DirectLink_0&page=FrontEndAdvancedSearchResult&service=direct&session=T&sp=SZXv8RJtwxb9q6xSsA3njgw%3D%3D,South Eastern Coalfields Limited||Hasdeo Area
261,33,25-Sep-2025 06:00 PM,06-Oct-2025 11:00 AM,07-Oct-2025 11:30 AM,[Major renovation and upgradation work of ladies toilets and minor repair works of gents toilets at AGM office under Town Administration of Umrer Area.],"[Major renovation and upgradation work of ladies toilets and minor repair works of gents toilets at AGM office under Town Administration of Umrer Area.]
																				[um4550-civ-0041-2025-26][2025_WCL_344679_1]",https://etender.up.nic.in/nicgep/app?component=%24DirectLink_0&page=FrontEndAdvancedSearchResult&service=direct&session=T&sp=SYmD3ZjOo0VBQ052M4eVLaw%3D%3D,Western Coalfields Limited||UMR||UMR_Civil
262,33,25-Sep-2025 06:00 PM,06-Oct-2025 03:00 PM,07-Oct-2025 09:00 AM,"[Extension of 6 inch Diameter Pipeline for Dust Suppression at CHP, Birsa Project.]","[Extension of 6 inch Diameter Pipeline for Dust Suppression at CHP, Birsa Project.]
																				[PE(EnM)/BIRSA/ETENDER/25-26/26][2025_CCL_344694_1]",https://etender.up.nic.in/nicgep/app?component=%24DirectLink_0&page=FrontEndAdvancedSearchResult&service=direct&session=T&sp=S0xNV8oK38%2FyUUWiq5MxmNw%3D%3D,Central Coalfields Limited||Barka Syal
263,33,25-Sep-2025 06:00 PM,06-Oct-2025 11:00 AM,07-Oct-2025 11:00 AM,[Day to day work of Lighting tilting ],"[Day to day work of Lighting tilting ]
																				[GM(H)/EnM/Tender/25-26/42][2025_CCL_344704_1]",https://etender.up.nic.in/nicgep/app?component=%24DirectLink_0&page=FrontEndAdvancedSearchResult&service=direct&session=T&sp=SfsbnxRviByzrkX%2FZaMZeuw%3D%3D,Central Coalfields Limited||Hazaribag
264,33,25-Sep-2025 06:00 PM,10-Oct-2025 11:00 AM,11-Oct-2025 11:00 AM,"[Repair of existing Blacktop road from Hospital Chowk to Satnam Singh Chowk under Gidi-A OCP, Argada Area]","[Repair of existing Blacktop road from Hospital Chowk to Satnam Singh Chowk under Gidi-A OCP, Argada Area]
																				[SO(C)(A)/e-Tender16/25-26/1867 ][2025_CCL_344622_1]",https://etender.up.nic.in/nicgep/app?component=%24DirectLink_0&page=FrontEndAdvancedSearchResult&service=direct&session=T&sp=S60Y4sbp9M%2FojwwCAXIsfUw%3D%3D,Central Coalfields Limited||Argada
265,33,25-Sep-2025 06:00 PM,06-Oct-2025 10:00 AM,07-Oct-2025 11:00 AM,"[Repair  maintenance of 11KV OH line from Dhori Sub-station to CCD Sub-station under CCD, G.M. unit, Dhori Area.]","[Repair  maintenance of 11KV OH line from Dhori Sub-station to CCD Sub-station under CCD, G.M. unit, Dhori Area.]
																				[GM(D)/SO(EnM)/NIT/25-26/16][2025_CCL_344617_5]",https://etender.up.nic.in/nicgep/app?component=%24DirectLink_0&page=FrontEndAdvancedSearchResult&service=direct&session=T&sp=S%2Fq4UYha2XbziGB%2B%2FiF1FUQ%3D%3D,Central Coalfields Limited||Dhori
266,33,25-Sep-2025 06:00 PM,10-Oct-2025 11:00 AM,11-Oct-2025 11:00 AM,"[Repair and maintenance of Qtr. No. 2C-01, 2B-09, 2B-10, 2B-11, 2A-07 and 2A-01 under Gidi-A, Argada Area.]","[Repair and maintenance of Qtr. No. 2C-01, 2B-09, 2B-10, 2B-11, 2A-07 and 2A-01 under Gidi-A, Argada Area.]
																				[SO(C)(A)/e-Tender17/25-26/1868][2025_CCL_344623_1]",https://etender.up.nic.in/nicgep/app?component=%24DirectLink_0&page=FrontEndAdvancedSearchResult&service=direct&session=T&sp=SJHcABzelauEODdhPQDepFg%3D%3D,Central Coalfields Limited||Argada
267,33,25-Sep-2025 06:00 PM,06-Oct-2025 06:00 PM,08-Oct-2025 11:00 AM,"[Construction of meditation hall adjacent -Temple, Koyla Nagar]","[Construction of meditation hall adjacent -Temple, Koyla Nagar]
																				[BCCL/CED/TC/eNIT-25/25-26/545 Dated 23.09.2025 ][2025_BCCL_344574_1]",https://etender.up.nic.in/nicgep/app?component=%24DirectLink_0&page=FrontEndAdvancedSearchResult&service=direct&session=T&sp=Sdp1aIpXYl9uw9mHln94NLw%3D%3D,Bharat Coking Coal Limited||BCCL-Hqrs||HQ_CIVIL
268,33,25-Sep-2025 06:00 PM,07-Oct-2025 06:00 PM,08-Oct-2025 12:00 PM,[Cleaning Slurry debris along 2nd Dip Sump in R VI seam at MIC Unit of Jhanjra Project Colliery],"[Cleaning Slurry debris along 2nd Dip Sump in R VI seam at MIC Unit of Jhanjra Project Colliery]
																				[ECL/GM/JNR/MIN.A/25-26/19 Dt. 23.09.2025][2025_ECL_344599_1]",https://etender.up.nic.in/nicgep/app?component=%24DirectLink_0&page=FrontEndAdvancedSearchResult&service=direct&session=T&sp=Sg1YGUD6RQmM%2BHIbpR2ptyw%3D%3D,Eastern Coalfields Limited||ECL_Jhanjra area
481,21,22-Sep-2025 06:00 PM,03-Oct-2025 06:00 PM,04-Oct-2025 11:00 AM,"[Repairing of boundary wall along mq quarter side from Rampur out post to 11th pit Sub station under RSA,OA]","[Repairing of boundary wall along mq quarter side from Rampur out post to 11th pit Sub station under RSA,OA]
																				[MCL/GM/OA/SO(C)/e-T/25-26/22 dtd.22.09.2025][2025_MCL_344489_1]",https://etender.up.nic.in/nicgep/app?component=%24DirectLink_0&page=FrontEndAdvancedSearchResult&service=direct&session=T&sp=SfhLha1p8r0li%2FqDy2bDRbw%3D%3D,Mahanadi Coalfields Limited||ORIENT AREA||ORIEN_CIVIL||CIVIL
269,33,25-Sep-2025 05:00 PM,06-Oct-2025 05:00 PM,07-Oct-2025 05:00 PM,[Repairing of 2 Nos. Community Centre at East Kenda Colony at New Kenda Colliery],"[Repairing of 2 Nos. Community Centre at East Kenda Colony at New Kenda Colliery]
																				[ECL/GM/Knd/AE(C)/ e-tender/25-26/80 dated 20.09.2025][2025_ECL_344556_1]",https://etender.up.nic.in/nicgep/app?component=%24DirectLink_0&page=FrontEndAdvancedSearchResult&service=direct&session=T&sp=SWSNOZPtiuDc3z%2FXSlatBZw%3D%3D,Eastern Coalfields Limited||ECL_Kenda area
270,33,25-Sep-2025 05:00 PM,06-Oct-2025 05:00 PM,07-Oct-2025 05:00 PM,[Supplying and laying hume pipe at CL Jamabd OC under Kenda Area],"[Supplying and laying hume pipe at CL Jamabd OC under Kenda Area]
																				[ECL/GM/Knd/AE(C)/ e-tender/25-26/79 dated 20.09.2025][2025_ECL_344554_1]",https://etender.up.nic.in/nicgep/app?component=%24DirectLink_0&page=FrontEndAdvancedSearchResult&service=direct&session=T&sp=SjdhRbYo4iAPOGLLIi5HZPw%3D%3D,Eastern Coalfields Limited||ECL_Kenda area
482,21,22-Sep-2025 06:00 PM,03-Oct-2025 03:00 PM,04-Oct-2025 09:00 AM,[On site repairing and maintenance 3 MVA11kV/3.3KV and 160KVA 3.3KV/440V transformer under Urimari OCP],"[On site repairing and maintenance 3 MVA11kV/3.3KV and 160KVA 3.3KV/440V transformer under Urimari OCP]
																				[PE(EnM)/Urimari/e Tender/25-26/27][2025_CCL_344424_1]",https://etender.up.nic.in/nicgep/app?component=%24DirectLink_0&page=FrontEndAdvancedSearchResult&service=direct&session=T&sp=SToy7Y7RZPWmoCJEi88BMkw%3D%3D,Central Coalfields Limited||Barka Syal
271,33,25-Sep-2025 05:00 PM,06-Oct-2025 05:00 PM,07-Oct-2025 05:00 PM,[Renovation of GM cabin at GM Office building under Kenda Area],"[Renovation of GM cabin at GM Office building under Kenda Area]
																				[ECL/GM/Knd/AE(C)/ e-tender/25-26/78 dated 20.09.2025][2025_ECL_344548_1]",https://etender.up.nic.in/nicgep/app?component=%24DirectLink_0&page=FrontEndAdvancedSearchResult&service=direct&session=T&sp=SlSy2ribW3VHj84%2FMQxKdQw%3D%3D,Eastern Coalfields Limited||ECL_Kenda area
483,21,22-Sep-2025 06:00 PM,03-Oct-2025 03:00 PM,04-Oct-2025 09:00 AM,[Erection and Dismantling of LT OH line 440V at Potanga quarry on as and when required basis for a period of  one year(365 days) under Urimari OCP.],"[Erection and Dismantling of LT OH line 440V at Potanga quarry on as and when required basis for a period of  one year(365 days) under Urimari OCP.]
																				[PE(EnM)/Urimari/e Tender/25-26/26  ][2025_CCL_344423_1]",https://etender.up.nic.in/nicgep/app?component=%24DirectLink_0&page=FrontEndAdvancedSearchResult&service=direct&session=T&sp=SBzO04ROxJD1aofYPD0kkow%3D%3D,Central Coalfields Limited||Barka Syal
272,33,25-Sep-2025 05:00 PM,11-Oct-2025 05:00 PM,13-Oct-2025 11:00 AM,"[Thorough repairing of CVO office building and security room at Barachak house under HQ, ECL]","[Thorough repairing of CVO office building and security room at Barachak house under HQ, ECL]
																				[ECL/HQ/GM(c)/e-Tender/25-26/16 Date 23.09.2025][2025_ECL_344594_1]",https://etender.up.nic.in/nicgep/app?component=%24DirectLink_0&page=FrontEndAdvancedSearchResult&service=direct&session=T&sp=SMzwvJwmphYlasBqvoubQew%3D%3D,Eastern Coalfields Limited||ECL_Head quarter ||HQ_CIVIL
273,33,25-Sep-2025 05:00 PM,06-Oct-2025 11:00 AM,07-Oct-2025 11:30 AM,"[Complete repairing and rewinding of 01 Nos. 110 KW, 550 V, 1470 RPM and 01 Nos. 90 KW, 550 V, 1470 RPM Induction Motors of Sirka Colliery under Argada Area.]","[Complete repairing and rewinding of 01 Nos. 110 KW, 550 V, 1470 RPM and 01 Nos. 90 KW, 550 V, 1470 RPM Induction Motors of Sirka Colliery under Argada Area.]
																				[PO/SG/EnM/Sirka/eNIT/25-26/21][2025_CCL_344686_1]",https://etender.up.nic.in/nicgep/app?component=%24DirectLink_0&page=FrontEndAdvancedSearchResult&service=direct&session=T&sp=SzIJM09gnPufGMvFEsojNjw%3D%3D,Central Coalfields Limited||Argada
484,21,22-Sep-2025 06:00 PM,03-Oct-2025 05:00 PM,04-Oct-2025 11:00 AM,"[Erection of tubular pole with stringing of rabbit conductor of street lighting from PO Office to Saradhu Pool under Amrapali Project, A-C Area]","[Erection of tubular pole with stringing of rabbit conductor of street lighting from PO Office to Saradhu Pool under Amrapali Project, A-C Area]
																				[GM(A-C)/SO(EnM)/e-NIT/25-26/21][2025_CCL_344412_1]",https://etender.up.nic.in/nicgep/app?component=%24DirectLink_0&page=FrontEndAdvancedSearchResult&service=direct&session=T&sp=SxeckEFrFrZxyOoBYYJynGA%3D%3D,Central Coalfields Limited||Magadh and Amrapali
274,33,25-Sep-2025 05:00 PM,13-Oct-2025 05:00 PM,14-Oct-2025 11:00 AM,[Annual Horticulture works in various gardens at Pragati Nagar colony of Dipka Area],"[Annual Horticulture works in various gardens at Pragati Nagar colony of Dipka Area]
																				[SECL/DA/CIV/e-TENDER/25-26/57 dated 25-09-2025][2025_SECL_344676_1]",https://etender.up.nic.in/nicgep/app?component=%24DirectLink_0&page=FrontEndAdvancedSearchResult&service=direct&session=T&sp=SYuwahOSbYUecEHc%2ByqRRpA%3D%3D,South Eastern Coalfields Limited||Dipika Area
485,21,22-Sep-2025 06:00 PM,13-Oct-2025 05:00 PM,15-Oct-2025 11:00 AM,"[Renovation of MTI and Rajbhasa office complex located at Old MCL Corporate building at Anand Vihar, MCL HQ.]","[Renovation of MTI and Rajbhasa office complex located at Old MCL Corporate building at Anand Vihar, MCL HQ.]
																				[MCL/Samb/Civil-Wel/e Tender/25-26/14 dt 19/09/2025][2025_MCL_344411_1]",https://etender.up.nic.in/nicgep/app?component=%24DirectLink_0&page=FrontEndAdvancedSearchResult&service=direct&session=T&sp=SvOoNYyEdLBRlM5lbO3cWmg%3D%3D,Mahanadi Coalfields Limited||HQ CIVIL-WELFARE N CSR||CIVIL-WELFARE N CSR
275,33,25-Sep-2025 05:00 PM,04-Oct-2025 05:00 PM,06-Oct-2025 11:00 AM,[Repairing of worn out and damaged bucket assembly of CAT 988H pay loader Sl. No. FEL 272/A7A00283 of Jharkhand OCP.],"[Repairing of worn out and damaged bucket assembly of CAT 988H pay loader Sl. No. FEL 272/A7A00283 of Jharkhand OCP.]
																				[PE(X)/JOCP/NIT/25-26/29      Dated - 25.09.2025][2025_CCL_344677_1]",https://etender.up.nic.in/nicgep/app?component=%24DirectLink_0&page=FrontEndAdvancedSearchResult&service=direct&session=T&sp=SzJqLM%2BMnrAdUFnCIUTXbxw%3D%3D,Central Coalfields Limited||Hazaribag
486,21,22-Sep-2025 06:00 PM,04-Oct-2025 06:00 PM,06-Oct-2025 06:00 PM,"[Repairing of 01 No. BTL make 90 KW Belt Drive Unit Gear Box Spares  and 01 No. Radicon Make U-1200 gear box Spares, installed at Bartarai Colliery, Amadand UG Sub Area.]","[Repairing of 01 No. BTL make 90 KW Belt Drive Unit Gear Box Spares  and 01 No. Radicon Make U-1200 gear box Spares, installed at Bartarai Colliery, Amadand UG Sub Area.]
																				[SECL/JK/SO(EnM)/eNIT/25-26/40][2025_SECL_344476_1]",https://etender.up.nic.in/nicgep/app?component=%24DirectLink_0&page=FrontEndAdvancedSearchResult&service=direct&session=T&sp=S%2Fjo9cI2gM5vlgNyC2vQu6g%3D%3D,South Eastern Coalfields Limited||Jamuna & Kotma Area
276,33,25-Sep-2025 05:00 PM,06-Oct-2025 11:00 AM,07-Oct-2025 11:30 AM,[Repair and Maintenance of 02 (two) nos. 3.3 KV VCBs of Sirka Colliery under Argada Area],"[Repair and Maintenance of 02 (two) nos. 3.3 KV VCBs of Sirka Colliery under Argada Area]
																				[PO/SG/EnM/Sirka/eNIT/25-26/22][2025_CCL_344687_1]",https://etender.up.nic.in/nicgep/app?component=%24DirectLink_0&page=FrontEndAdvancedSearchResult&service=direct&session=T&sp=S5m26rG14SYJnhN8VyROFNg%3D%3D,Central Coalfields Limited||Argada
487,21,22-Sep-2025 06:00 PM,03-Oct-2025 05:00 PM,04-Oct-2025 10:00 AM,[Repairing of both side hoist cylinder support (LHS and RHS) of 02 nos. of Komatsu make Dumper Model HD465-7EO Sl.no. 10298 and 10339 of Gidi-C Colliery.],"[Repairing of both side hoist cylinder support (LHS and RHS) of 02 nos. of Komatsu make Dumper Model HD465-7EO Sl.no. 10298 and 10339 of Gidi-C Colliery.]
																				[SO(X)(A)/e-NIT/42/25-26/135][2025_CCL_344500_1]",https://etender.up.nic.in/nicgep/app?component=%24DirectLink_0&page=FrontEndAdvancedSearchResult&service=direct&session=T&sp=Sh4qQuV8tZFwbc%2FNXFEXVuA%3D%3D,Central Coalfields Limited||Argada
277,33,25-Sep-2025 05:00 PM,06-Oct-2025 05:00 PM,07-Oct-2025 05:00 PM,[Construction of boundary wall and fencing with barbed wire around the Diesel Dispensing Unit at Shankarpur OCP under Kenda Area],"[Construction of boundary wall and fencing with barbed wire around the Diesel Dispensing Unit at Shankarpur OCP under Kenda Area]
																				[ECL/GM/Knd/AE(C)/ e-tender/25-26/77 dated 20.09.2025][2025_ECL_344494_1]",https://etender.up.nic.in/nicgep/app?component=%24DirectLink_0&page=FrontEndAdvancedSearchResult&service=direct&session=T&sp=SeTP2dcGUtiL2%2BSWXt8y8Kw%3D%3D,Eastern Coalfields Limited||ECL_Kenda area
488,21,22-Sep-2025 06:00 PM,04-Oct-2025 06:00 PM,06-Oct-2025 06:00 PM,[Repairing of Sub-assemblies and Spares of Eimco-Elecon make LHD 1033 model No. 811 at Bhadra 7-8 Mine of Bhadra Sub Area],"[Repairing of Sub-assemblies and Spares of Eimco-Elecon make LHD 1033 model No. 811 at Bhadra 7-8 Mine of Bhadra Sub Area]
																				[SECL/JK/SO(EnM)/eNIT/25-26/39][2025_SECL_344466_1]",https://etender.up.nic.in/nicgep/app?component=%24DirectLink_0&page=FrontEndAdvancedSearchResult&service=direct&session=T&sp=SR1kRJTQFMtDgKH6ZXoNcgQ%3D%3D,South Eastern Coalfields Limited||Jamuna & Kotma Area
278,33,25-Sep-2025 05:00 PM,04-Oct-2025 05:00 PM,06-Oct-2025 11:00 AM,"[Repairing of railing, platform, ladder, battery box etc. along with repairing and rectification of pressurized air system of WS 28-II Water sprinkler Sl. No. 28177 of Jharkhand OCP.]","[Repairing of railing, platform, ladder, battery box etc. along with repairing and rectification of pressurized air system of WS 28-II Water sprinkler Sl. No. 28177 of Jharkhand OCP.]
																				[PE(X)/JOCP/NIT/25-26/28             Dated - 25.09.2025][2025_CCL_344673_1]",https://etender.up.nic.in/nicgep/app?component=%24DirectLink_0&page=FrontEndAdvancedSearchResult&service=direct&session=T&sp=S1wijx0wS0Aj%2Fsw%2BnFPJpUw%3D%3D,Central Coalfields Limited||Hazaribag
489,21,22-Sep-2025 05:30 PM,03-Oct-2025 05:30 PM,04-Oct-2025 05:30 PM,[Architectural and allied work for Preparation  of DPR  for Refurbishing/Face lifting of Guwahati Office and Guwahati Guest House of NEC/CIL],"[Architectural and allied work for Preparation  of DPR  for Refurbishing/Face lifting of Guwahati Office and Guwahati Guest House of NEC/CIL]
																				[CMPDI/CE/2025/616 dated 22.09.25][2025_CMPDI_344504_1]",https://etender.up.nic.in/nicgep/app?component=%24DirectLink_0&page=FrontEndAdvancedSearchResult&service=direct&session=T&sp=S%2F2CZ8%2B2q02338hFpzeXMFA%3D%3D,Central Mine Planning and Design Institute Limited||Corporate Head Quarters||CHQ-Civil Department
279,33,25-Sep-2025 05:00 PM,10-Oct-2025 05:00 PM,11-Oct-2025 05:00 PM,[1.Reorganization of overhead line  2. Cleaning of electrical substation  3. 24 nos straight through cable joints  4. Supply and installation of 12 nos of gang switch  5. Supply and installation of insulating mat],"[1.Reorganization of overhead line  2. Cleaning of electrical substation  3. 24 nos straight through cable joints  4. Supply and installation of 12 nos of gang switch  5. Supply and installation of insulating mat]
																				[GM/KND/AE(ENM)/55(TN)/25-26/44][2025_ECL_344688_1]",https://etender.up.nic.in/nicgep/app?component=%24DirectLink_0&page=FrontEndAdvancedSearchResult&service=direct&session=T&sp=S0uLLawcXxW%2Fi9EqYNe84wQ%3D%3D,Eastern Coalfields Limited||ECL_Kenda area
490,21,22-Sep-2025 05:00 PM,02-Oct-2025 05:00 PM,03-Oct-2025 11:00 AM,"[For Engagement of manpower for Handling/carrying of CI (Cast Iron) Test weights of 09 nos. Tetulmari,Sendra Bansjora Siding,Kankanee, Nichitpur and Mudidih of Road weighbridge under Sijua Area]","[For Engagement of manpower for Handling/carrying of CI (Cast Iron) Test weights of 09 nos. Tetulmari,Sendra Bansjora Siding,Kankanee, Nichitpur and Mudidih of Road weighbridge under Sijua Area]
																				[GM/SA/AM(EnM)-NIT/2025-26/070][2025_BCCL_344425_1]",https://etender.up.nic.in/nicgep/app?component=%24DirectLink_0&page=FrontEndAdvancedSearchResult&service=direct&session=T&sp=SwuCrrc2tVdZHfpJQW7XuLQ%3D%3D,Bharat Coking Coal Limited||BCCL_SIJUA AREA
280,33,25-Sep-2025 05:00 PM,06-Oct-2025 05:00 PM,08-Oct-2025 11:00 AM,[Strengthening of 02 Nos transformer platform at Vindhya sub station under Pinoura Sub Area of Johilla Area.],"[Strengthening of 02 Nos transformer platform at Vindhya sub station under Pinoura Sub Area of Johilla Area.]
																				[SECL/JHL/S.O.(C)/ eNIT-35/25-26/476 dt. 25.09.2025][2025_SECL_344696_1]",https://etender.up.nic.in/nicgep/app?component=%24DirectLink_0&page=FrontEndAdvancedSearchResult&service=direct&session=T&sp=SdzVR%2FeyW3OicG14HQ46R%2BA%3D%3D,South Eastern Coalfields Limited||Johilla Area
491,21,22-Sep-2025 05:00 PM,03-Oct-2025 05:00 PM,04-Oct-2025 11:00 AM,"[Repairing and modification of Guest house VIP rooms, Kitchen, Bathrooms, green and VIP room of Nazrul munch attached bathroom, garages and Gym at Satgram-Sripur area]","[Repairing and modification of Guest house VIP rooms, Kitchen, Bathrooms, green and VIP room of Nazrul munch attached bathroom, garages and Gym at Satgram-Sripur area]
																				[ECL/SSA/GM/AE(C)/e-T/25-26/48 date 18.09.2025][2025_ECL_344497_1]",https://etender.up.nic.in/nicgep/app?component=%24DirectLink_0&page=FrontEndAdvancedSearchResult&service=direct&session=T&sp=SAsxGqVJNzMC3wIc%2FgPvMRw%3D%3D,Eastern Coalfields Limited||ECL_Satgram area
492,21,22-Sep-2025 05:00 PM,02-Oct-2025 05:00 PM,03-Oct-2025 11:00 AM,[For fabrication of pump motor base plate suitable for installation of 2000/4000GPM at Basdeopur OCP under Sijua Area],"[For fabrication of pump motor base plate suitable for installation of 2000/4000GPM at Basdeopur OCP under Sijua Area]
																				[GM/SA/AM(EnM)-NIT/2025-26/071][2025_BCCL_344426_1]",https://etender.up.nic.in/nicgep/app?component=%24DirectLink_0&page=FrontEndAdvancedSearchResult&service=direct&session=T&sp=S1Bz9MjreTS3hVxJcMW81FQ%3D%3D,Bharat Coking Coal Limited||BCCL_SIJUA AREA
493,21,22-Sep-2025 05:00 PM,08-Oct-2025 05:00 PM,10-Oct-2025 11:00 AM,[Transportation of explosive and related works of blasting operation by contractual means],"[Transportation of explosive and related works of blasting operation by contractual means]
																				[PK3550-E-MIN-0032-2025-26][2025_WCL_344499_1]",https://etender.up.nic.in/nicgep/app?component=%24DirectLink_0&page=FrontEndAdvancedSearchResult&service=direct&session=T&sp=SWS%2FdWkdLpCh5fPzZt5utTw%3D%3D,Western Coalfields Limited||PKD ||PKD _Mining
494,21,22-Sep-2025 05:00 PM,03-Oct-2025 09:00 AM,04-Oct-2025 09:00 AM,"[Repairing of Tata Bus BR13P 0172 under Ashok OCP, PPR Area.]","[Repairing of Tata Bus BR13P 0172 under Ashok OCP, PPR Area.]
																				[PO(AK)/PE(EnM)/e-NIT/25-26/32][2025_CCL_344490_1]",https://etender.up.nic.in/nicgep/app?component=%24DirectLink_0&page=FrontEndAdvancedSearchResult&service=direct&session=T&sp=SE6q%2FNAsdj318HXA2xsvRQA%3D%3D,Central Coalfields Limited||Piparwar
495,21,22-Sep-2025 05:00 PM,03-Oct-2025 06:00 PM,04-Oct-2025 10:00 AM,[At Site Running repairing maintenance cum replacement of the worn out Component of the auxiliary system of the pump motor set its operation under Sayal- D Project. With trail run and testing ],"[At Site Running repairing maintenance cum replacement of the worn out Component of the auxiliary system of the pump motor set its operation under Sayal- D Project. With trail run and testing ]
																				[PE(EnM)/SYL-D/eTender/25-26/24][2025_CCL_344470_1]",https://etender.up.nic.in/nicgep/app?component=%24DirectLink_0&page=FrontEndAdvancedSearchResult&service=direct&session=T&sp=S0LvH%2BoPVBdebkZUAsUpSqw%3D%3D,Central Coalfields Limited||Barka Syal
496,21,22-Sep-2025 05:00 PM,03-Oct-2025 05:00 PM,04-Oct-2025 10:00 AM,"[Up-Keeping, housekeeping, cleaning etc. for a period of 6 Months at Regional Hospital Loyabad under Sijua Area.]","[Up-Keeping, housekeeping, cleaning etc. for a period of 6 Months at Regional Hospital Loyabad under Sijua Area.]
																				[GM/SA/Civil/2025-26/eNIT-10][2025_BCCL_344484_1]",https://etender.up.nic.in/nicgep/app?component=%24DirectLink_0&page=FrontEndAdvancedSearchResult&service=direct&session=T&sp=Sk2ZVGlkty5O5%2Ftrtitm%2F7w%3D%3D,Bharat Coking Coal Limited||BCCL_SIJUA AREA
497,21,22-Sep-2025 05:00 PM,08-Oct-2025 05:00 PM,09-Oct-2025 05:00 PM,[Repairing of both UG bunker RC feeder of Jhilimili UG mine of Jhilimili Sub Area.],"[Repairing of both UG bunker RC feeder of Jhilimili UG mine of Jhilimili Sub Area.]
																				[SECL/GM/BKP/ENM/eTender/25-26/ 29][2025_SECL_344491_1]",https://etender.up.nic.in/nicgep/app?component=%24DirectLink_0&page=FrontEndAdvancedSearchResult&service=direct&session=T&sp=SNRtzIIusWsajWgaUWZLUdg%3D%3D,South Eastern Coalfields Limited||Baikunthpur Area
498,21,22-Sep-2025 05:00 PM,01-Oct-2025 05:00 PM,03-Oct-2025 11:00 AM,"[Dismantling of hoisting pin replacement, eye rebuilding and seal replacement of both housing system, repair and back fitment of 02 no steering cylinder (seal replacement, eye fabrication, bush fitment), etc of CAT777D Dumper TH11 at AOCP]","[Dismantling of hoisting pin replacement, eye rebuilding and seal replacement of both housing system, repair and back fitment of 02 no steering cylinder (seal replacement, eye fabrication, bush fitment), etc of CAT777D Dumper TH11 at AOCP]
																				[PE(X)/AOCP/NIT/25-26/23][2025_CCL_344447_1]",https://etender.up.nic.in/nicgep/app?component=%24DirectLink_0&page=FrontEndAdvancedSearchResult&service=direct&session=T&sp=S3NGI%2B8kadHw9nvs4iMeVlA%3D%3D,Central Coalfields Limited||Piparwar
499,21,22-Sep-2025 05:00 PM,03-Oct-2025 09:00 AM,04-Oct-2025 09:00 AM,[Dismantling and laying of 8 Inch dia MS pipe line for dewatering of Coal Face at Dept Patch and Shifting and re installation of pumps accessories after shifting work by cutting/welding as per requirement based on progression of face at Dept patch ask],"[Dismantling and laying of 8 Inch dia MS pipe line for dewatering of Coal Face at Dept Patch and Shifting and re installation of pumps accessories after shifting work by cutting/welding as per requirement based on progression of face at Dept patch ask]
																				[PO(AK)/PE(EnM)/e-NIT/25-26/30][2025_CCL_344486_1]",https://etender.up.nic.in/nicgep/app?component=%24DirectLink_0&page=FrontEndAdvancedSearchResult&service=direct&session=T&sp=SDEb23%2FE9AmdTyfoktbyMNg%3D%3D,Central Coalfields Limited||Piparwar
500,21,22-Sep-2025 05:00 PM,03-Oct-2025 05:00 PM,04-Oct-2025 11:00 AM,[Providing boundary wall with other works related to 33 KV substation at Jampali OCP under Raigarh Area(2nd Call)],"[Providing boundary wall with other works related to 33 KV substation at Jampali OCP under Raigarh Area(2nd Call)]
																				[SECL/GM/RGH/SOC/e-Tender/ 2025-26/31 dtd 22.09.2025][2025_SECL_344344_1]",https://etender.up.nic.in/nicgep/app?component=%24DirectLink_0&page=FrontEndAdvancedSearchResult&service=direct&session=T&sp=SiEjlBwSsVDpfFzm%2FKGXMWw%3D%3D,South Eastern Coalfields Limited||Raigarh Area
61,4,27-Sep-2025 06:55 PM,09-Oct-2025 11:00 AM,10-Oct-2025 11:00 AM,"[Repairing and overhauling of failed Engine sl.no. CB15ZA0488 (Model- mPower 7.2L) of Crane RT-40, CIL no. MC-636 from OEM M/s Escorts Kubota Limited or its authorized service provider/ distributor]","[Repairing and overhauling of failed Engine sl.no. CB15ZA0488 (Model- mPower 7.2L) of Crane RT-40, CIL no. MC-636 from OEM M/s Escorts Kubota Limited or its authorized service provider/ distributor]
																				[NGH/EXCV/TENDERS/25-26/066][2025_NCL_344813_1]",https://etender.up.nic.in/nicgep/app?component=%24DirectLink_0&page=FrontEndAdvancedSearchResult&service=direct&session=T&sp=S7oio5fJPm819qFZPQ%2BHAmg%3D%3D,Northern Coalfields Limited||Nigahi Project
62,4,27-Sep-2025 06:55 PM,08-Oct-2025 10:00 AM,09-Oct-2025 11:00 AM,"[Repairing  maintenance of 440V OH ine and dismantling and laying of cable at a Regional Store, Dhori, b Chapri rest house. c CISF colony Sharda colony  and d Pramod Singh colony under CCD, G.M, unit, Dhori Area.]","[Repairing  maintenance of 440V OH ine and dismantling and laying of cable at a Regional Store, Dhori, b Chapri rest house. c CISF colony Sharda colony  and d Pramod Singh colony under CCD, G.M, unit, Dhori Area.]
																				[GM(D)/SO(EnM)/NIT/25-26/17][2025_CCL_344836_5]",https://etender.up.nic.in/nicgep/app?component=%24DirectLink_0&page=FrontEndAdvancedSearchResult&service=direct&session=T&sp=Sdv2v7p1DhwuJ4MsHTWNHbw%3D%3D,Central Coalfields Limited||Dhori
63,4,27-Sep-2025 06:55 PM,09-Oct-2025 11:00 AM,10-Oct-2025 11:00 AM,[Annual Maintenance Contract for maintenance and repair of Air Conditioning system fitted in Operator cabin of Komatsu D475A Dozer Sl no T-30266 at NWS Nigahi Project.],"[Annual Maintenance Contract for maintenance and repair of Air Conditioning system fitted in Operator cabin of Komatsu D475A Dozer Sl no T-30266 at NWS Nigahi Project.]
																				[NGH/EXCV/TENDERS/25-26/067][2025_NCL_344849_1]",https://etender.up.nic.in/nicgep/app?component=%24DirectLink_0&page=FrontEndAdvancedSearchResult&service=direct&session=T&sp=SPe8ce%2FDvhI1tLDjUVaoBzA%3D%3D,Northern Coalfields Limited||Nigahi Project
64,4,27-Sep-2025 06:55 PM,08-Oct-2025 10:00 AM,09-Oct-2025 11:00 AM,"[Making of display sign board regarding Dos and Donts at weigh-bridge and checkpost, AADOCM  SDOCM under G.M. unit, Dhorl Area.]","[Making of display sign board regarding Dos and Donts at weigh-bridge and checkpost, AADOCM  SDOCM under G.M. unit, Dhorl Area.]
																				[GM(D)/SO(EnM)/NIT/25-26/17][2025_CCL_344836_2]",https://etender.up.nic.in/nicgep/app?component=%24DirectLink_0&page=FrontEndAdvancedSearchResult&service=direct&session=T&sp=SsxvCGCYHyh9mw9kNjWEbWw%3D%3D,Central Coalfields Limited||Dhori
65,4,27-Sep-2025 06:55 PM,09-Oct-2025 11:00 AM,10-Oct-2025 11:00 AM,"[Annual Maintenance Contract for Air Conditioning Systems (03 Units) of Hydraulic Shovel EX1900-6, Exc. No. 3151 at Nigahi Project, NCL for a period of one year.]","[Annual Maintenance Contract for Air Conditioning Systems (03 Units) of Hydraulic Shovel EX1900-6, Exc. No. 3151 at Nigahi Project, NCL for a period of one year.]
																				[NGH/EXCV/TENDERS/25-26/065][2025_NCL_344792_1]",https://etender.up.nic.in/nicgep/app?component=%24DirectLink_0&page=FrontEndAdvancedSearchResult&service=direct&session=T&sp=SfzuU1IHaACOzOG6fMsW16A%3D%3D,Northern Coalfields Limited||Nigahi Project
66,4,27-Sep-2025 06:55 PM,08-Oct-2025 10:00 AM,09-Oct-2025 11:00 AM,"[Supply and fixing of lighting finial at MQ type quarters, block no 41 to 45 (5 block) to prevent the residents residing there from abnormal surge during thundering Under CCD, Dhori.]","[Supply and fixing of lighting finial at MQ type quarters, block no 41 to 45 (5 block) to prevent the residents residing there from abnormal surge during thundering Under CCD, Dhori.]
																				[GM(D)/SO(EnM)/NIT/25-26/17][2025_CCL_344836_1]",https://etender.up.nic.in/nicgep/app?component=%24DirectLink_0&page=FrontEndAdvancedSearchResult&service=direct&session=T&sp=S0PG0IDqgwRW9ZkXgPWmUTQ%3D%3D,Central Coalfields Limited||Dhori
67,4,27-Sep-2025 06:55 PM,08-Oct-2025 10:00 AM,09-Oct-2025 11:00 AM,"[Preventive and Breakdown Maintenance of 11KV HT Feeder No. 04 from Main Regional Substation MRSS to Dhori Old Checkpost Substation Route Length Approx. 3.4 km under GM Unit, Dhori Area.]","[Preventive and Breakdown Maintenance of 11KV HT Feeder No. 04 from Main Regional Substation MRSS to Dhori Old Checkpost Substation Route Length Approx. 3.4 km under GM Unit, Dhori Area.]
																				[GM(D)/SO(EnM)/NIT/25-26/17][2025_CCL_344836_3]",https://etender.up.nic.in/nicgep/app?component=%24DirectLink_0&page=FrontEndAdvancedSearchResult&service=direct&session=T&sp=Sqds6A8KK8derRBVJMO30Gw%3D%3D,Central Coalfields Limited||Dhori
68,4,27-Sep-2025 06:55 PM,08-Oct-2025 10:00 AM,09-Oct-2025 11:00 AM,"[Repair and maintenance of 220V 440V OH line with erection of poles changing of insulation, cradling, stay erection work at different places of mines  colonies under AADOCM.]","[Repair and maintenance of 220V 440V OH line with erection of poles changing of insulation, cradling, stay erection work at different places of mines  colonies under AADOCM.]
																				[GM(D)/SO(EnM)/NIT/25-26/17][2025_CCL_344836_4]",https://etender.up.nic.in/nicgep/app?component=%24DirectLink_0&page=FrontEndAdvancedSearchResult&service=direct&session=T&sp=SuaztPDeLfannukUIeq2Bvw%3D%3D,Central Coalfields Limited||Dhori
301,7,24-Sep-2025 06:55 PM,04-Oct-2025 06:55 PM,06-Oct-2025 11:00 AM,"[Fabrication and installation of 50mm dia U-PVC Pipeline 300 mtrs and 25 mm dia UPVC pipeline 240 mtrs for day to day water use at PO Office, Executive rest house and AC Canteen connecting with existing 150mm dia pipeline at Karma OCP under Kuju area.]","[Fabrication and installation of 50mm dia U-PVC Pipeline 300 mtrs and 25 mm dia UPVC pipeline 240 mtrs for day to day water use at PO Office, Executive rest house and AC Canteen connecting with existing 150mm dia pipeline at Karma OCP under Kuju area.]
																				[GM (K)/EnM/eTender/25-26/145][2025_CCL_344662_1]",https://etender.up.nic.in/nicgep/app?component=%24DirectLink_0&page=FrontEndAdvancedSearchResult&service=direct&session=T&sp=SfuOy93Ekn4sb%2BT5O3NhllA%3D%3D,Central Coalfields Limited||Kuju
69,4,27-Sep-2025 06:55 PM,13-Oct-2025 11:00 AM,14-Oct-2025 11:00 AM,[Maintenance of horticulture area at CWS office and  workshop complex for 02 years and development of Garden at backside of CMC area],"[Maintenance of horticulture area at CWS office and  workshop complex for 02 years and development of Garden at backside of CMC area]
																				[SO(C)/CWS/ETN/2025/11 Dated 27/09/2025][2025_NCL_344873_1]",https://etender.up.nic.in/nicgep/app?component=%24DirectLink_0&page=FrontEndAdvancedSearchResult&service=direct&session=T&sp=SjthK%2BKy%2BXGrOQLvxEgPzmg%3D%3D,"Northern Coalfields Limited||CWS , Jayant"
70,4,27-Sep-2025 06:30 PM,08-Oct-2025 06:30 PM,09-Oct-2025 10:00 AM,"[Dismantling and erection of 220 0/H line from idle  O/H line to Chitahi road for lighting purpose and  repairing of AB switch under Muraidih, AMP  Colliery, Barora Area.]","[Dismantling and erection of 220 0/H line from idle  O/H line to Chitahi road for lighting purpose and  repairing of AB switch under Muraidih, AMP  Colliery, Barora Area.]
																				[BCCL/GM/AR-I/AM (ENM)/E-TENDER/2025-26/177][2025_BCCL_344790_1]",https://etender.up.nic.in/nicgep/app?component=%24DirectLink_0&page=FrontEndAdvancedSearchResult&service=direct&session=T&sp=S8GZ76fxDNxM5p%2BOYG1lEUA%3D%3D,Bharat Coking Coal Limited||BCCL_BARORA AREA
302,7,24-Sep-2025 06:55 PM,04-Oct-2025 06:55 PM,06-Oct-2025 11:00 AM,"[Supply and fixing of UPS Backup system of 02 nos, weighbridges installed at Karma Project Under Kuju Area.]","[Supply and fixing of UPS Backup system of 02 nos, weighbridges installed at Karma Project Under Kuju Area.]
																				[GM (K)/EnM/eTender/25-26/144 ][2025_CCL_344658_1]",https://etender.up.nic.in/nicgep/app?component=%24DirectLink_0&page=FrontEndAdvancedSearchResult&service=direct&session=T&sp=SIBh3u5mvtDgCgeoeO4mTIA%3D%3D,Central Coalfields Limited||Kuju
71,4,27-Sep-2025 06:30 PM,08-Oct-2025 06:30 PM,09-Oct-2025 10:00 AM,"[Providing proper lighting in muraidih store having  three storage space and floor area of 2500 sqfeet,  2500 sqfeet and 1500 sqfeet approximately of  AMPC Barora Area.]","[Providing proper lighting in muraidih store having  three storage space and floor area of 2500 sqfeet,  2500 sqfeet and 1500 sqfeet approximately of  AMPC Barora Area.]
																				[BCCL/GM/AR-I/AM (ENM)/E-TENDER/2025-26/179][2025_BCCL_344793_1]",https://etender.up.nic.in/nicgep/app?component=%24DirectLink_0&page=FrontEndAdvancedSearchResult&service=direct&session=T&sp=SUok6gbqxavd25ixJibFHiQ%3D%3D,Bharat Coking Coal Limited||BCCL_BARORA AREA
303,7,24-Sep-2025 06:55 PM,06-Oct-2025 10:00 AM,07-Oct-2025 10:00 AM,[Preparation of safety week 2025-26 in mine area at Krishanshila Project.],"[Preparation of safety week 2025-26 in mine area at Krishanshila Project.]
																				[ 	KSL/Civil/Tender/2025-26/ ETN-09 Dated. 24.09.2025][2025_NCL_344651_1]",https://etender.up.nic.in/nicgep/app?component=%24DirectLink_0&page=FrontEndAdvancedSearchResult&service=direct&session=T&sp=Srn9pH06M2CK2GWY6s9IJEQ%3D%3D,Northern Coalfields Limited||Krishnashila Project
141,27,27-Sep-2025 02:00 PM,04-Oct-2025 05:00 PM,06-Oct-2025 10:00 AM,[Repair of barbed wire fencing of the parking shed ],"[Repair of barbed wire fencing of the parking shed ]
																				[BCCL/EXCVN/SWS/ E-NIT/2025-26/312][2025_BCCL_344825_1]",https://etender.up.nic.in/nicgep/app?component=%24DirectLink_0&page=FrontEndAdvancedSearchResult&service=direct&session=T&sp=Sq9tzZZujLb4vHWSKIEqI4g%3D%3D,Bharat Coking Coal Limited||BCCL-Hqrs||Sinidih Workshop- MM Deptt.
72,4,27-Sep-2025 06:30 PM,08-Oct-2025 06:30 PM,09-Oct-2025 10:00 AM,"[Township maintenance of 440V O/H line of Barora new colony by replacement of damaged poles, insulators, stay set, cradle guard and repair and tensioning of damaged and sagged conductor for safe operation of domestic power supply at Muraidih, AMPC.]","[Township maintenance of 440V O/H line of Barora new colony by replacement of damaged poles, insulators, stay set, cradle guard and repair and tensioning of damaged and sagged conductor for safe operation of domestic power supply at Muraidih, AMPC.]
																				[BCCL/GM/AR-I/AM (ENM)/E-TENDER/2025-26/178][2025_BCCL_344791_1]",https://etender.up.nic.in/nicgep/app?component=%24DirectLink_0&page=FrontEndAdvancedSearchResult&service=direct&session=T&sp=SWkBlCQ8z%2BnbFiuaeBfd9Qg%3D%3D,Bharat Coking Coal Limited||BCCL_BARORA AREA
304,7,24-Sep-2025 06:55 PM,07-Oct-2025 05:00 PM,08-Oct-2025 05:00 PM,[Construction of Public Toilet near Maa Jwala Mukhi Temple near Shaktinagar UP under CSR Scheme],"[Construction of Public Toilet near Maa Jwala Mukhi Temple near Shaktinagar UP under CSR Scheme]
																				[DCH/SO(C)/2025-26/ETN-22 dated 24.09.2025][2025_NCL_344661_1]",https://etender.up.nic.in/nicgep/app?component=%24DirectLink_0&page=FrontEndAdvancedSearchResult&service=direct&session=T&sp=SpgVolzrCPIJSMQifmfTWhw%3D%3D,Northern Coalfields Limited||Dudichua Project
73,4,27-Sep-2025 06:30 PM,08-Oct-2025 06:30 PM,09-Oct-2025 10:00 AM,[Repairing of 3 Nos of Baseplate of Muraidih filter  plant of Barora Area.],"[Repairing of 3 Nos of Baseplate of Muraidih filter  plant of Barora Area.]
																				[BCCL/GM/AR-I/AM (ENM)/E-TENDER/2025-26/175][2025_BCCL_344786_1]",https://etender.up.nic.in/nicgep/app?component=%24DirectLink_0&page=FrontEndAdvancedSearchResult&service=direct&session=T&sp=SrXkNKEaoxKOUg%2BFuShzU8w%3D%3D,Bharat Coking Coal Limited||BCCL_BARORA AREA
142,27,27-Sep-2025 02:00 PM,04-Oct-2025 05:00 PM,06-Oct-2025 10:00 AM,[Repairing and maintenance of substation room ],"[Repairing and maintenance of substation room ]
																				[BCCL/EXCVN/SWS/ E-NIT/2025-26/311][2025_BCCL_344822_1]",https://etender.up.nic.in/nicgep/app?component=%24DirectLink_0&page=FrontEndAdvancedSearchResult&service=direct&session=T&sp=SME3puoeIV2VQsnh625jF1Q%3D%3D,Bharat Coking Coal Limited||BCCL-Hqrs||Sinidih Workshop- MM Deptt.
74,4,27-Sep-2025 06:30 PM,08-Oct-2025 06:30 PM,09-Oct-2025 10:00 AM,"[Repairing of BT-4 Compressor of Atlas Copco make  at Pure Benidih underground mine of Phularitand  AMP Colliery, Barora Area.]","[Repairing of BT-4 Compressor of Atlas Copco make  at Pure Benidih underground mine of Phularitand  AMP Colliery, Barora Area.]
																				[BCCL/GM/AR-I/AM (ENM)/E-TENDER/2025-26/174][2025_BCCL_344783_1]",https://etender.up.nic.in/nicgep/app?component=%24DirectLink_0&page=FrontEndAdvancedSearchResult&service=direct&session=T&sp=SHWEC7cxNup%2FzbvrBTKwFKQ%3D%3D,Bharat Coking Coal Limited||BCCL_BARORA AREA
305,7,24-Sep-2025 06:55 PM,04-Oct-2025 06:55 PM,06-Oct-2025 11:00 AM,[Fabrication and installation of 02 numbers Water Tanker point at Topa Project under Kuju Area.],"[Fabrication and installation of 02 numbers Water Tanker point at Topa Project under Kuju Area.]
																				[GM (K)/EnM/eTender/25-26/146][2025_CCL_344656_1]",https://etender.up.nic.in/nicgep/app?component=%24DirectLink_0&page=FrontEndAdvancedSearchResult&service=direct&session=T&sp=S8KaFrdXKWNEps3QbZvIR2Q%3D%3D,Central Coalfields Limited||Kuju
75,4,27-Sep-2025 06:30 PM,08-Oct-2025 06:30 PM,09-Oct-2025 10:00 AM,"[Brake Overhauling, Engine Oil with UJ Cross  changing along with other miscellaneous works  towards maintenance of Vehicle No. JH10AK-5514  HYWA Dumper of Phularitand Colliery.]","[Brake Overhauling, Engine Oil with UJ Cross  changing along with other miscellaneous works  towards maintenance of Vehicle No. JH10AK-5514  HYWA Dumper of Phularitand Colliery.]
																				[BCCL/GM/AR-I/AM (ENM)/E-TENDER/2025-26/176][2025_BCCL_344788_1]",https://etender.up.nic.in/nicgep/app?component=%24DirectLink_0&page=FrontEndAdvancedSearchResult&service=direct&session=T&sp=SH%2Fxzu94MWAG0fGKnwk1MDQ%3D%3D,Bharat Coking Coal Limited||BCCL_BARORA AREA
143,27,27-Sep-2025 02:00 PM,09-Oct-2025 05:00 PM,10-Oct-2025 10:00 AM,"[(A) Diversion of 11kV overhead line from pole near Drain(Nala) adjacent to workshop to Proposed new 11kV/3.3kV Electrical substation, adjacent to 50MT,60MT Electronic road weighbridge, Kata Ghar]","[(A) Diversion of 11kV overhead line from pole near Drain(Nala) adjacent to workshop to Proposed new 11kV/3.3kV Electrical substation, adjacent to 50MT,60MT Electronic road weighbridge, Kata Ghar]
																				[ECL/GM/MA/E and M/25-26/eTender/15 Dt. 25.09.2025][2025_ECL_344706_1]",https://etender.up.nic.in/nicgep/app?component=%24DirectLink_0&page=FrontEndAdvancedSearchResult&service=direct&session=T&sp=SYHHflwXgmNIGPhzS2I85Pw%3D%3D,Eastern Coalfields Limited||ECL_Mugma area
76,4,27-Sep-2025 06:30 PM,08-Oct-2025 06:30 PM,09-Oct-2025 10:00 AM,[Diversion of 11KV overhead line due to avoid repeated  breakdown of incoming supply line and other safety  Electrical works in Minop U/G Mines Muraidih under  AMP colliery.],"[Diversion of 11KV overhead line due to avoid repeated  breakdown of incoming supply line and other safety  Electrical works in Minop U/G Mines Muraidih under  AMP colliery.]
																				[BCCL/GM/AR-I/AM (ENM)/E-TENDER/2025-26/185][2025_BCCL_344817_1]",https://etender.up.nic.in/nicgep/app?component=%24DirectLink_0&page=FrontEndAdvancedSearchResult&service=direct&session=T&sp=Sx8KJLRCssJXlHhTV3Db95Q%3D%3D,Bharat Coking Coal Limited||BCCL_BARORA AREA
306,7,24-Sep-2025 06:55 PM,04-Oct-2025 06:55 PM,06-Oct-2025 11:00 AM,"[Repairing and maintenance of 11 no. of 11KV GOAB and bus bar maintenance at colony substation ,IWSP substation and 10No substation of Sarubera Colliery under Kuju Area.]","[Repairing and maintenance of 11 no. of 11KV GOAB and bus bar maintenance at colony substation ,IWSP substation and 10No substation of Sarubera Colliery under Kuju Area.]
																				[GM (K)/EnM/eTender/25-26/156                                      ][2025_CCL_344665_1]",https://etender.up.nic.in/nicgep/app?component=%24DirectLink_0&page=FrontEndAdvancedSearchResult&service=direct&session=T&sp=SdrWj%2F%2Fr4KeKWeIyuUriT2A%3D%3D,Central Coalfields Limited||Kuju
77,4,27-Sep-2025 06:30 PM,08-Oct-2025 06:30 PM,09-Oct-2025 10:00 AM,"[Repairing of crusher roll along with cutting and welding of picks with Holder,dismantling and fitting of crusher drum,repairing of cracked base Rock breaker and repairing and alignment of drive shaft, Conveyor chain and Flight bar of F/B No.5,AMPC.]","[Repairing of crusher roll along with cutting and welding of picks with Holder,dismantling and fitting of crusher drum,repairing of cracked base Rock breaker and repairing and alignment of drive shaft, Conveyor chain and Flight bar of F/B No.5,AMPC.]
																				[BCCL/GM/AR-I/AM (ENM)/E-TENDER/2025-26/183][2025_BCCL_344799_1]",https://etender.up.nic.in/nicgep/app?component=%24DirectLink_0&page=FrontEndAdvancedSearchResult&service=direct&session=T&sp=SQPy9MLgVdDzDo8%2B%2FzPKyAA%3D%3D,Bharat Coking Coal Limited||BCCL_BARORA AREA
307,7,24-Sep-2025 06:55 PM,06-Oct-2025 10:00 AM,07-Oct-2025 10:00 AM,[Providing pipeline from mine water discharge point to fire hydrant reservoir at Krishnashila Project.],"[Providing pipeline from mine water discharge point to fire hydrant reservoir at Krishnashila Project.]
																				[ 	KSL/Civil/Tender/2025-26/ ETN-08 Dated. 24.09.2025][2025_NCL_344615_1]",https://etender.up.nic.in/nicgep/app?component=%24DirectLink_0&page=FrontEndAdvancedSearchResult&service=direct&session=T&sp=Sth855anshGF26zYTGOvOGg%3D%3D,Northern Coalfields Limited||Krishnashila Project
78,4,27-Sep-2025 06:30 PM,08-Oct-2025 06:30 PM,09-Oct-2025 10:00 AM,"[Partial repairing Transformer in 250 KVA, 11KV/  440V, Sl.No BA/ Trans/R72512 boosting substation  supplying power of Hospital colony at Barora  Area.]","[Partial repairing Transformer in 250 KVA, 11KV/  440V, Sl.No BA/ Trans/R72512 boosting substation  supplying power of Hospital colony at Barora  Area.]
																				[BCCL/GM/AR-I/AM (ENM)/E-TENDER/2025-26/187][2025_BCCL_344820_1]",https://etender.up.nic.in/nicgep/app?component=%24DirectLink_0&page=FrontEndAdvancedSearchResult&service=direct&session=T&sp=SNRHbDHrbjBUHHirtYS0BqA%3D%3D,Bharat Coking Coal Limited||BCCL_BARORA AREA
144,27,27-Sep-2025 01:00 PM,06-Oct-2025 06:00 PM,07-Oct-2025 11:00 AM,"[Work of Complete Repairing, Rewinding and Installation of 01 No. of 100 KVA 11 KV   440 Volts Transformer near DIG Complex behind Director Bungalow No. 05.]","[Work of Complete Repairing, Rewinding and Installation of 01 No. of 100 KVA 11 KV   440 Volts Transformer near DIG Complex behind Director Bungalow No. 05.]
																				[BCCL/KB/ENM/PS/LTE/25-26/162][2025_BCCL_344816_1]",https://etender.up.nic.in/nicgep/app?component=%24DirectLink_0&page=FrontEndAdvancedSearchResult&service=direct&session=T&sp=SJNgRvATpJXlorOxakmraLQ%3D%3D,Bharat Coking Coal Limited||BCCL-Hqrs||HQ_EnM
79,4,27-Sep-2025 06:30 PM,08-Oct-2025 06:30 PM,09-Oct-2025 10:00 AM,[New electrical wiring in newly constructed casualty  department of Regional hospital of Barora Area. ],"[New electrical wiring in newly constructed casualty  department of Regional hospital of Barora Area. ]
																				[BCCL/GM/AR-I/AM (ENM)/E-TENDER/2025-26/186][2025_BCCL_344818_1]",https://etender.up.nic.in/nicgep/app?component=%24DirectLink_0&page=FrontEndAdvancedSearchResult&service=direct&session=T&sp=S7tgqUrv269DX3%2BMQozuIiQ%3D%3D,Bharat Coking Coal Limited||BCCL_BARORA AREA
308,7,24-Sep-2025 06:55 PM,13-Oct-2025 11:00 AM,14-Oct-2025 11:00 AM,"[Recarpetting of approach and internal roads of C type (Quarters Sector 3 to 5) , D type , B type Sector 7 to 14 and other prominent locations  at Nigahi Project (Phase -III)]","[Recarpetting of approach and internal roads of C type (Quarters Sector 3 to 5) , D type , B type Sector 7 to 14 and other prominent locations  at Nigahi Project (Phase -III)]
																				[NGH/C/25-26/ETN-23 Dated 23.09.2025][2025_NCL_344653_1]",https://etender.up.nic.in/nicgep/app?component=%24DirectLink_0&page=FrontEndAdvancedSearchResult&service=direct&session=T&sp=SnAzWrj8lXWsaQPx3YoPCng%3D%3D,Northern Coalfields Limited||Nigahi Project
145,27,27-Sep-2025 01:00 PM,09-Oct-2025 09:00 AM,10-Oct-2025 10:30 AM,[wiring of community hall],"[wiring of community hall]
																				[SO(EnM)/B-S/eTender/25-26/1064][2025_CCL_344830_1]",https://etender.up.nic.in/nicgep/app?component=%24DirectLink_0&page=FrontEndAdvancedSearchResult&service=direct&session=T&sp=SQdEiYxu%2Bx5rwVs5fCWwBcA%3D%3D,Central Coalfields Limited||Barka Syal
80,4,27-Sep-2025 06:30 PM,08-Oct-2025 06:30 PM,09-Oct-2025 10:00 AM,[New electrical wiring of C-type Qtr.No.-20 of Harina  Colony under Barora Area.],"[New electrical wiring of C-type Qtr.No.-20 of Harina  Colony under Barora Area.]
																				[BCCL/GM/AR-I/AM (ENM)/E-TENDER/2025-26/188][2025_BCCL_344823_1]",https://etender.up.nic.in/nicgep/app?component=%24DirectLink_0&page=FrontEndAdvancedSearchResult&service=direct&session=T&sp=SodTVkf7xrtpDdc6JegP7FQ%3D%3D,Bharat Coking Coal Limited||BCCL_BARORA AREA
309,7,24-Sep-2025 06:00 PM,06-Oct-2025 05:00 PM,07-Oct-2025 10:00 AM,"[Repairing of tower raising cylinder, rod centralizer bush, power pack canopy, 03 Nos. Leveling Jack of REL 650 Drill Sl. No. RDC 1482 of Religara Project.]","[Repairing of tower raising cylinder, rod centralizer bush, power pack canopy, 03 Nos. Leveling Jack of REL 650 Drill Sl. No. RDC 1482 of Religara Project.]
																				[SO(X)(A)/e-NIT/44/25-26/137][2025_CCL_344634_1]",https://etender.up.nic.in/nicgep/app?component=%24DirectLink_0&page=FrontEndAdvancedSearchResult&service=direct&session=T&sp=SweY%2FPSji35rRI09AGnfxZA%3D%3D,Central Coalfields Limited||Argada
261,16,25-Sep-2025 06:00 PM,06-Oct-2025 11:00 AM,07-Oct-2025 11:30 AM,[Major renovation and upgradation work of ladies toilets and minor repair works of gents toilets at AGM office under Town Administration of Umrer Area.],"[Major renovation and upgradation work of ladies toilets and minor repair works of gents toilets at AGM office under Town Administration of Umrer Area.]
																				[um4550-civ-0041-2025-26][2025_WCL_344679_1]",https://etender.up.nic.in/nicgep/app?component=%24DirectLink_0&page=FrontEndAdvancedSearchResult&service=direct&session=T&sp=SYmD3ZjOo0VBQ052M4eVLaw%3D%3D,Western Coalfields Limited||UMR||UMR_Civil
146,27,27-Sep-2025 12:00 PM,03-Oct-2025 05:00 PM,03-Oct-2025 05:30 PM,[Beautification and improvement of internal and external lighting of Mines Rescue ],"[Beautification and improvement of internal and external lighting of Mines Rescue ]
																				[GM(TA)/SO(EnM)/e-22, date-26.09.2025][2025_MCL_344787_1]",https://etender.up.nic.in/nicgep/app?component=%24DirectLink_0&page=FrontEndAdvancedSearchResult&service=direct&session=T&sp=SzmJY3o%2FIkIIFpE%2FZ%2FVo1dQ%3D%3D,Mahanadi Coalfields Limited||TALCHER AREA||TALCH_E AND M||E AND M
310,7,24-Sep-2025 06:00 PM,10-Oct-2025 10:00 AM,11-Oct-2025 10:00 AM,"[Operation of EI cabin, LC gate, Electrical and mechanical signalling works along with maintenance of railway track at Dalmiya private railway siding under Salanpur Area. (for 1 year)]","[Operation of EI cabin, LC gate, Electrical and mechanical signalling works along with maintenance of railway track at Dalmiya private railway siding under Salanpur Area. (for 1 year)]
																				[SLN/GM/AE(C)/E-Tender/25-26/35 dt 22.09.2025][2025_ECL_344513_1]",https://etender.up.nic.in/nicgep/app?component=%24DirectLink_0&page=FrontEndAdvancedSearchResult&service=direct&session=T&sp=SLmGUBzlm0ieX5LyLLri40Q%3D%3D,Eastern Coalfields Limited||ECL_Salanpur area
147,27,27-Sep-2025 10:00 AM,08-Oct-2025 05:00 PM,10-Oct-2025 11:00 AM,[G.I.Sheet Roofing in Sub Station to Avoid water seepage inside the 3.3 KV switch station installed at mine Substation 33KV at Amera Sub Area of Bishrampur Area.],"[G.I.Sheet Roofing in Sub Station to Avoid water seepage inside the 3.3 KV switch station installed at mine Substation 33KV at Amera Sub Area of Bishrampur Area.]
																				[GM/BSPR/Civil/e-tender/ 2025-26/20 Dt.26.09.2025][2025_SECL_344744_1]",https://etender.up.nic.in/nicgep/app?component=%24DirectLink_0&page=FrontEndAdvancedSearchResult&service=direct&session=T&sp=S8OpV2YtJwsXKV5%2FxXGPoZQ%3D%3D,South Eastern Coalfields Limited||Bishrampur Area
262,16,25-Sep-2025 06:00 PM,07-Oct-2025 06:00 PM,08-Oct-2025 12:00 PM,[Cleaning Slurry debris along 2nd Dip Sump in R VI seam at MIC Unit of Jhanjra Project Colliery],"[Cleaning Slurry debris along 2nd Dip Sump in R VI seam at MIC Unit of Jhanjra Project Colliery]
																				[ECL/GM/JNR/MIN.A/25-26/19 Dt. 23.09.2025][2025_ECL_344599_1]",https://etender.up.nic.in/nicgep/app?component=%24DirectLink_0&page=FrontEndAdvancedSearchResult&service=direct&session=T&sp=Sg1YGUD6RQmM%2BHIbpR2ptyw%3D%3D,Eastern Coalfields Limited||ECL_Jhanjra area
311,7,24-Sep-2025 06:00 PM,06-Oct-2025 06:00 PM,07-Oct-2025 11:00 AM,[Renovation of pond at Telenkachar under Bundia village Kudopali GP under CSR activity of OA],"[Renovation of pond at Telenkachar under Bundia village Kudopali GP under CSR activity of OA]
																				[MCL/GM/OA/SO(C)/e-T/25-26/23 dtd.24.09.2025][2025_MCL_344606_1]",https://etender.up.nic.in/nicgep/app?component=%24DirectLink_0&page=FrontEndAdvancedSearchResult&service=direct&session=T&sp=SuiNoOc%2FBAZIY1%2Baip2zEEg%3D%3D,Mahanadi Coalfields Limited||ORIENT AREA||ORIEN_CIVIL||CIVIL
148,27,27-Sep-2025 10:00 AM,07-Oct-2025 04:00 PM,08-Oct-2025 10:00 AM,"[Comprehensive Annual Contract of Electrical repairing of Colony No-1,2,3 Quarters and R.R Shop, workshop Kathara under Kathara Area for a period of 02 years.]","[Comprehensive Annual Contract of Electrical repairing of Colony No-1,2,3 Quarters and R.R Shop, workshop Kathara under Kathara Area for a period of 02 years.]
																				[CCL/KTA/RRS-JRD/NIT/2025-26/01][2025_CCL_344733_1]",https://etender.up.nic.in/nicgep/app?component=%24DirectLink_0&page=FrontEndAdvancedSearchResult&service=direct&session=T&sp=SDrU6T5lGdajYBf7TcGdfpw%3D%3D,Central Coalfields Limited||Kathara
263,16,25-Sep-2025 06:00 PM,06-Oct-2025 06:00 PM,07-Oct-2025 10:00 AM,[Complete repairing and overhauling of 05 nos. hydraulic pump Batac jig for Fine Coal Jig of Main Plant of Kedla Washery.],"[Complete repairing and overhauling of 05 nos. hydraulic pump Batac jig for Fine Coal Jig of Main Plant of Kedla Washery.]
																				[PO/KW/E-TENDER/25-26/45, Date- 25.09.2025][2025_CCL_344674_1]",https://etender.up.nic.in/nicgep/app?component=%24DirectLink_0&page=FrontEndAdvancedSearchResult&service=direct&session=T&sp=SY9n3xoIUdDSKbvUDHcJYVw%3D%3D,Central Coalfields Limited||Hazaribag
141,8,27-Sep-2025 02:00 PM,04-Oct-2025 05:00 PM,06-Oct-2025 10:00 AM,[Repair of barbed wire fencing of the parking shed ],"[Repair of barbed wire fencing of the parking shed ]
																				[BCCL/EXCVN/SWS/ E-NIT/2025-26/312][2025_BCCL_344825_1]",https://etender.up.nic.in/nicgep/app?component=%24DirectLink_0&page=FrontEndAdvancedSearchResult&service=direct&session=T&sp=Sq9tzZZujLb4vHWSKIEqI4g%3D%3D,Bharat Coking Coal Limited||BCCL-Hqrs||Sinidih Workshop- MM Deptt.
312,7,24-Sep-2025 06:00 PM,06-Oct-2025 11:00 AM,07-Oct-2025 11:00 AM,[Dismantling of poles and conductors at new railway siding and repair and maintenance of 440 Volt O/H L.T line for power supply from LVS Section to P.O Office (KTW) and RLB Section to Weigh Bridge No. 2 under Kathara Washery],"[Dismantling of poles and conductors at new railway siding and repair and maintenance of 440 Volt O/H L.T line for power supply from LVS Section to P.O Office (KTW) and RLB Section to Weigh Bridge No. 2 under Kathara Washery]
																				[PO/KTW/EnM/eTen/25-26/65 Dated-24.09.2025][2025_CCL_344611_1]",https://etender.up.nic.in/nicgep/app?component=%24DirectLink_0&page=FrontEndAdvancedSearchResult&service=direct&session=T&sp=SgWTL1pDRoUTz%2FGHK8tfpmQ%3D%3D,Central Coalfields Limited||Kathara
149,27,27-Sep-2025 10:00 AM,11-Oct-2025 06:00 PM,13-Oct-2025 11:00 AM,[Repairing of roller circle by replacement of track bar and 15 nos. roller of EKG5A Shovel Sl. No. HMB562 of Urimari OCP.],"[Repairing of roller circle by replacement of track bar and 15 nos. roller of EKG5A Shovel Sl. No. HMB562 of Urimari OCP.]
																				[PE(X)/Excv/e-Tender/25-26/19        Date 26.09.2025 ][2025_CCL_344732_1]",https://etender.up.nic.in/nicgep/app?component=%24DirectLink_0&page=FrontEndAdvancedSearchResult&service=direct&session=T&sp=SFsKGxOhWajZNtfcuB3S0YA%3D%3D,Central Coalfields Limited||Barka Syal
264,16,25-Sep-2025 06:00 PM,06-Oct-2025 03:00 PM,07-Oct-2025 09:00 AM,"[Extension of 6 inch Diameter Pipeline for Dust Suppression at CHP, Birsa Project.]","[Extension of 6 inch Diameter Pipeline for Dust Suppression at CHP, Birsa Project.]
																				[PE(EnM)/BIRSA/ETENDER/25-26/26][2025_CCL_344694_1]",https://etender.up.nic.in/nicgep/app?component=%24DirectLink_0&page=FrontEndAdvancedSearchResult&service=direct&session=T&sp=S0xNV8oK38%2FyUUWiq5MxmNw%3D%3D,Central Coalfields Limited||Barka Syal
313,7,24-Sep-2025 06:00 PM,06-Oct-2025 05:00 PM,07-Oct-2025 10:00 AM,"[Repairing of both side steering cylinder, Rotating jaw, Rear axle arm, Battery Box, Slide cylinder and counterweight of BEML Tyre handler model BL14TH, Sl no. 18120 of Gidi-C Colliery.]","[Repairing of both side steering cylinder, Rotating jaw, Rear axle arm, Battery Box, Slide cylinder and counterweight of BEML Tyre handler model BL14TH, Sl no. 18120 of Gidi-C Colliery.]
																				[SO(X)(A)/e-NIT/43/25-26/136][2025_CCL_344620_1]",https://etender.up.nic.in/nicgep/app?component=%24DirectLink_0&page=FrontEndAdvancedSearchResult&service=direct&session=T&sp=S1LGUxw44NEry5gkT1ADYzA%3D%3D,Central Coalfields Limited||Argada
142,8,27-Sep-2025 02:00 PM,04-Oct-2025 05:00 PM,06-Oct-2025 10:00 AM,[Repairing and maintenance of substation room ],"[Repairing and maintenance of substation room ]
																				[BCCL/EXCVN/SWS/ E-NIT/2025-26/311][2025_BCCL_344822_1]",https://etender.up.nic.in/nicgep/app?component=%24DirectLink_0&page=FrontEndAdvancedSearchResult&service=direct&session=T&sp=SME3puoeIV2VQsnh625jF1Q%3D%3D,Bharat Coking Coal Limited||BCCL-Hqrs||Sinidih Workshop- MM Deptt.
150,27,27-Sep-2025 10:00 AM,08-Oct-2025 05:00 PM,10-Oct-2025 11:00 AM,[Repairing and maintenance work in AITUC union office at Bishrampur TA of Bishrampur Area.],"[Repairing and maintenance work in AITUC union office at Bishrampur TA of Bishrampur Area.]
																				[GM/BSPR/Civil/e-tender/ 2025-26/21 Dt.26.09.2025][2025_SECL_344746_1]",https://etender.up.nic.in/nicgep/app?component=%24DirectLink_0&page=FrontEndAdvancedSearchResult&service=direct&session=T&sp=SEr5K5VRBy4Q%2F%2FnWwVHo9nA%3D%3D,South Eastern Coalfields Limited||Bishrampur Area
314,7,24-Sep-2025 06:00 PM,06-Oct-2025 11:00 AM,07-Oct-2025 11:30 AM,[Providing and fixing of HDPE pipeline from MKD Sump near TSMQ to Magazine of Umrer Area.],"[Providing and fixing of HDPE pipeline from MKD Sump near TSMQ to Magazine of Umrer Area.]
																				[um4550-civ-0040-2025-26][2025_WCL_344613_2]",https://etender.up.nic.in/nicgep/app?component=%24DirectLink_0&page=FrontEndAdvancedSearchResult&service=direct&session=T&sp=SrS6Pwsjbj2xgr2nHEqnkZg%3D%3D,Western Coalfields Limited||UMR||UMR_Civil
265,16,25-Sep-2025 06:00 PM,10-Oct-2025 11:00 AM,11-Oct-2025 11:00 AM,"[Repair and maintenance of Qtr. No. 2C-01, 2B-09, 2B-10, 2B-11, 2A-07 and 2A-01 under Gidi-A, Argada Area.]","[Repair and maintenance of Qtr. No. 2C-01, 2B-09, 2B-10, 2B-11, 2A-07 and 2A-01 under Gidi-A, Argada Area.]
																				[SO(C)(A)/e-Tender17/25-26/1868][2025_CCL_344623_1]",https://etender.up.nic.in/nicgep/app?component=%24DirectLink_0&page=FrontEndAdvancedSearchResult&service=direct&session=T&sp=SJHcABzelauEODdhPQDepFg%3D%3D,Central Coalfields Limited||Argada
143,8,27-Sep-2025 02:00 PM,09-Oct-2025 05:00 PM,10-Oct-2025 10:00 AM,"[(A) Diversion of 11kV overhead line from pole near Drain(Nala) adjacent to workshop to Proposed new 11kV/3.3kV Electrical substation, adjacent to 50MT,60MT Electronic road weighbridge, Kata Ghar]","[(A) Diversion of 11kV overhead line from pole near Drain(Nala) adjacent to workshop to Proposed new 11kV/3.3kV Electrical substation, adjacent to 50MT,60MT Electronic road weighbridge, Kata Ghar]
																				[ECL/GM/MA/E and M/25-26/eTender/15 Dt. 25.09.2025][2025_ECL_344706_1]",https://etender.up.nic.in/nicgep/app?component=%24DirectLink_0&page=FrontEndAdvancedSearchResult&service=direct&session=T&sp=SYHHflwXgmNIGPhzS2I85Pw%3D%3D,Eastern Coalfields Limited||ECL_Mugma area
151,27,27-Sep-2025 10:00 AM,09-Oct-2025 06:00 PM,11-Oct-2025 11:00 AM,[Repairing of 07 No. broken ventilation stopping (including doors) AND  Re-plastering of 35 Nos. old damage Ventilation Stoppings in No V Seam of NCPH Colliery R-6 Mine],"[Repairing of 07 No. broken ventilation stopping (including doors) AND  Re-plastering of 35 Nos. old damage Ventilation Stoppings in No V Seam of NCPH Colliery R-6 Mine]
																				[eTender/25-26/NCPH R6/R-10/11 Date 22.08.2025][2025_SECL_344784_1]",https://etender.up.nic.in/nicgep/app?component=%24DirectLink_0&page=FrontEndAdvancedSearchResult&service=direct&session=T&sp=SkVMdr0tFCP01Q0cROubL9A%3D%3D,South Eastern Coalfields Limited||Chirimiri Area
315,7,24-Sep-2025 06:00 PM,06-Oct-2025 05:00 PM,07-Oct-2025 10:00 AM,"[Repairing of Left side final drive planetary gear box, track roller 07 nos. (LHS) and Carrier Roller 02 nos. (LHS) of LnT make CK-300E Shovel Sl.no.E-164 of Gidi-C Colliery.]","[Repairing of Left side final drive planetary gear box, track roller 07 nos. (LHS) and Carrier Roller 02 nos. (LHS) of LnT make CK-300E Shovel Sl.no.E-164 of Gidi-C Colliery.]
																				[SO(X)(A)/e-NIT/45/25-26/138][2025_CCL_344639_1]",https://etender.up.nic.in/nicgep/app?component=%24DirectLink_0&page=FrontEndAdvancedSearchResult&service=direct&session=T&sp=SbIs7PmOxeLOtG9Reu%2B%2BPkw%3D%3D,Central Coalfields Limited||Argada
266,16,25-Sep-2025 06:00 PM,06-Oct-2025 10:00 AM,07-Oct-2025 11:00 AM,"[Repair  maintenance of 11KV OH line from Dhori Sub-station to CCD Sub-station under CCD, G.M. unit, Dhori Area.]","[Repair  maintenance of 11KV OH line from Dhori Sub-station to CCD Sub-station under CCD, G.M. unit, Dhori Area.]
																				[GM(D)/SO(EnM)/NIT/25-26/16][2025_CCL_344617_5]",https://etender.up.nic.in/nicgep/app?component=%24DirectLink_0&page=FrontEndAdvancedSearchResult&service=direct&session=T&sp=S%2Fq4UYha2XbziGB%2B%2FiF1FUQ%3D%3D,Central Coalfields Limited||Dhori
144,8,27-Sep-2025 01:00 PM,06-Oct-2025 06:00 PM,07-Oct-2025 11:00 AM,"[Work of Complete Repairing, Rewinding and Installation of 01 No. of 100 KVA 11 KV   440 Volts Transformer near DIG Complex behind Director Bungalow No. 05.]","[Work of Complete Repairing, Rewinding and Installation of 01 No. of 100 KVA 11 KV   440 Volts Transformer near DIG Complex behind Director Bungalow No. 05.]
																				[BCCL/KB/ENM/PS/LTE/25-26/162][2025_BCCL_344816_1]",https://etender.up.nic.in/nicgep/app?component=%24DirectLink_0&page=FrontEndAdvancedSearchResult&service=direct&session=T&sp=SJNgRvATpJXlorOxakmraLQ%3D%3D,Bharat Coking Coal Limited||BCCL-Hqrs||HQ_EnM
316,7,24-Sep-2025 06:00 PM,06-Oct-2025 10:00 AM,07-Oct-2025 10:00 AM,"[Development of central nursery at Salanpur Area, ECL]","[Development of central nursery at Salanpur Area, ECL]
																				[SLN/GM/AE(C)/E-Tender/25-26/34 dt 20.09.2025][2025_ECL_344395_1]",https://etender.up.nic.in/nicgep/app?component=%24DirectLink_0&page=FrontEndAdvancedSearchResult&service=direct&session=T&sp=STembQOg%2FMM3a627dI96srw%3D%3D,Eastern Coalfields Limited||ECL_Salanpur area
152,27,27-Sep-2025 10:00 AM,09-Oct-2025 05:00 PM,11-Oct-2025 10:00 AM,[Maintenance of Haulage Track Line(Length  3020M /Day period of work for 06 month) in V-Top Seam at Baherabndh U.G. Mine of Hasdeo Area],"[Maintenance of Haulage Track Line(Length  3020M /Day period of work for 06 month) in V-Top Seam at Baherabndh U.G. Mine of Hasdeo Area]
																				[AGM/HSD/GM(O)/e-Tend/25-26/40 dtd 27.09.2025][2025_SECL_344713_1]",https://etender.up.nic.in/nicgep/app?component=%24DirectLink_0&page=FrontEndAdvancedSearchResult&service=direct&session=T&sp=SZZM5XMk0D5gPtkQvl2wGBw%3D%3D,South Eastern Coalfields Limited||Hasdeo Area
145,8,27-Sep-2025 01:00 PM,09-Oct-2025 09:00 AM,10-Oct-2025 10:30 AM,[wiring of community hall],"[wiring of community hall]
																				[SO(EnM)/B-S/eTender/25-26/1064][2025_CCL_344830_1]",https://etender.up.nic.in/nicgep/app?component=%24DirectLink_0&page=FrontEndAdvancedSearchResult&service=direct&session=T&sp=SQdEiYxu%2Bx5rwVs5fCWwBcA%3D%3D,Central Coalfields Limited||Barka Syal
267,16,25-Sep-2025 06:00 PM,06-Oct-2025 06:00 PM,08-Oct-2025 11:00 AM,"[Construction of meditation hall adjacent -Temple, Koyla Nagar]","[Construction of meditation hall adjacent -Temple, Koyla Nagar]
																				[BCCL/CED/TC/eNIT-25/25-26/545 Dated 23.09.2025 ][2025_BCCL_344574_1]",https://etender.up.nic.in/nicgep/app?component=%24DirectLink_0&page=FrontEndAdvancedSearchResult&service=direct&session=T&sp=Sdp1aIpXYl9uw9mHln94NLw%3D%3D,Bharat Coking Coal Limited||BCCL-Hqrs||HQ_CIVIL
317,7,24-Sep-2025 06:00 PM,06-Oct-2025 11:00 AM,07-Oct-2025 11:00 AM,[Repairing of 04 Nos. Operator Seats of Shovels and Drills of Jayant Project.],"[Repairing of 04 Nos. Operator Seats of Shovels and Drills of Jayant Project.]
																				[JNT/GM(Excv)/E-tender/25-26/30][2025_NCL_344526_1]",https://etender.up.nic.in/nicgep/app?component=%24DirectLink_0&page=FrontEndAdvancedSearchResult&service=direct&session=T&sp=SuxZ2Nmra0d4XYFTnIcL2eQ%3D%3D,Northern Coalfields Limited||Jayant Project
153,27,27-Sep-2025 10:00 AM,06-Oct-2025 05:00 PM,07-Oct-2025 11:00 AM,"[Repairing and Maintenance of  chair, drain with covering including filling and levelling at chandmari garden near incline  under Bastacolla  Area]","[Repairing and Maintenance of  chair, drain with covering including filling and levelling at chandmari garden near incline  under Bastacolla  Area]
																				[BCCL/Civ/BA/25-26/eNIT46/593][2025_BCCL_344759_1]",https://etender.up.nic.in/nicgep/app?component=%24DirectLink_0&page=FrontEndAdvancedSearchResult&service=direct&session=T&sp=SyVvdCvIGytxnF95uYa%2FR0g%3D%3D,Bharat Coking Coal Limited||BCCL_BASTACOLLA AREA
146,8,27-Sep-2025 12:00 PM,03-Oct-2025 05:00 PM,03-Oct-2025 05:30 PM,[Beautification and improvement of internal and external lighting of Mines Rescue ],"[Beautification and improvement of internal and external lighting of Mines Rescue ]
																				[GM(TA)/SO(EnM)/e-22, date-26.09.2025][2025_MCL_344787_1]",https://etender.up.nic.in/nicgep/app?component=%24DirectLink_0&page=FrontEndAdvancedSearchResult&service=direct&session=T&sp=SzmJY3o%2FIkIIFpE%2FZ%2FVo1dQ%3D%3D,Mahanadi Coalfields Limited||TALCHER AREA||TALCH_E AND M||E AND M
268,16,25-Sep-2025 06:00 PM,10-Oct-2025 11:00 AM,11-Oct-2025 11:00 AM,"[Repair of existing Blacktop road from Hospital Chowk to Satnam Singh Chowk under Gidi-A OCP, Argada Area]","[Repair of existing Blacktop road from Hospital Chowk to Satnam Singh Chowk under Gidi-A OCP, Argada Area]
																				[SO(C)(A)/e-Tender16/25-26/1867 ][2025_CCL_344622_1]",https://etender.up.nic.in/nicgep/app?component=%24DirectLink_0&page=FrontEndAdvancedSearchResult&service=direct&session=T&sp=S60Y4sbp9M%2FojwwCAXIsfUw%3D%3D,Central Coalfields Limited||Argada
318,7,24-Sep-2025 06:00 PM,06-Oct-2025 11:00 AM,07-Oct-2025 11:00 AM,"[Fitment of safety glasses of operator cabin , cabin window glasses, front cabin glasses with rubber bead and denting work etc. in all models of dumpers, water tankers, water sprinkler and cranes.]","[Fitment of safety glasses of operator cabin , cabin window glasses, front cabin glasses with rubber bead and denting work etc. in all models of dumpers, water tankers, water sprinkler and cranes.]
																				[JNT/GM(Excv)/E-tender/25-26/29][2025_NCL_344525_1]",https://etender.up.nic.in/nicgep/app?component=%24DirectLink_0&page=FrontEndAdvancedSearchResult&service=direct&session=T&sp=SB0fFID%2F5sCYQyHDaAX%2B3XA%3D%3D,Northern Coalfields Limited||Jayant Project
154,27,27-Sep-2025 10:00 AM,08-Oct-2025 05:00 PM,10-Oct-2025 11:00 AM,"[Cleaning grass, and Clearing jungle Regional Workshop, Regional Store, DAV School of Bishrampur Colony of Bishrampur Area for Special Campaign 5.0 SECL and Swachchta Hi Sewa 2025]","[Cleaning grass, and Clearing jungle Regional Workshop, Regional Store, DAV School of Bishrampur Colony of Bishrampur Area for Special Campaign 5.0 SECL and Swachchta Hi Sewa 2025]
																				[GM/BSPR/Civil/e-tender/ 2025-26/22 Dt.26.09.2025][2025_SECL_344773_1]",https://etender.up.nic.in/nicgep/app?component=%24DirectLink_0&page=FrontEndAdvancedSearchResult&service=direct&session=T&sp=Sc3b66pQO6AFNw6hdhnMgqg%3D%3D,South Eastern Coalfields Limited||Bishrampur Area
147,8,27-Sep-2025 10:00 AM,08-Oct-2025 05:00 PM,10-Oct-2025 11:00 AM,[G.I.Sheet Roofing in Sub Station to Avoid water seepage inside the 3.3 KV switch station installed at mine Substation 33KV at Amera Sub Area of Bishrampur Area.],"[G.I.Sheet Roofing in Sub Station to Avoid water seepage inside the 3.3 KV switch station installed at mine Substation 33KV at Amera Sub Area of Bishrampur Area.]
																				[GM/BSPR/Civil/e-tender/ 2025-26/20 Dt.26.09.2025][2025_SECL_344744_1]",https://etender.up.nic.in/nicgep/app?component=%24DirectLink_0&page=FrontEndAdvancedSearchResult&service=direct&session=T&sp=S8OpV2YtJwsXKV5%2FxXGPoZQ%3D%3D,South Eastern Coalfields Limited||Bishrampur Area
269,16,25-Sep-2025 05:00 PM,06-Oct-2025 11:00 AM,07-Oct-2025 11:30 AM,"[Complete repairing and rewinding of 01 Nos. 110 KW, 550 V, 1470 RPM and 01 Nos. 90 KW, 550 V, 1470 RPM Induction Motors of Sirka Colliery under Argada Area.]","[Complete repairing and rewinding of 01 Nos. 110 KW, 550 V, 1470 RPM and 01 Nos. 90 KW, 550 V, 1470 RPM Induction Motors of Sirka Colliery under Argada Area.]
																				[PO/SG/EnM/Sirka/eNIT/25-26/21][2025_CCL_344686_1]",https://etender.up.nic.in/nicgep/app?component=%24DirectLink_0&page=FrontEndAdvancedSearchResult&service=direct&session=T&sp=SzIJM09gnPufGMvFEsojNjw%3D%3D,Central Coalfields Limited||Argada
319,7,24-Sep-2025 06:00 PM,15-Oct-2025 05:00 PM,17-Oct-2025 11:00 AM,"[Development of external drainage system of entire colony, Dust Bins, providing Paver Block over berms of main road of colony from front entrance to back entrance at Hilltop colony of SOCP under Ib Valley Area.]","[Development of external drainage system of entire colony, Dust Bins, providing Paver Block over berms of main road of colony from front entrance to back entrance at Hilltop colony of SOCP under Ib Valley Area.]
																				[MCL/Samb/Civil-Wel/e Tender/25-26/16 dt 24/09/2025][2025_MCL_344597_1]",https://etender.up.nic.in/nicgep/app?component=%24DirectLink_0&page=FrontEndAdvancedSearchResult&service=direct&session=T&sp=SNQfMHxOnhZnwhsr1m6f%2Bsw%3D%3D,Mahanadi Coalfields Limited||HQ CIVIL-WELFARE N CSR||CIVIL-WELFARE N CSR
155,27,27-Sep-2025 10:00 AM,06-Oct-2025 05:00 PM,07-Oct-2025 11:00 AM,"[Repairing of damaged pathway, water tank and maintenance of community centre kali mandir ROCP Under Bastacolla]","[Repairing of damaged pathway, water tank and maintenance of community centre kali mandir ROCP Under Bastacolla]
																				[BCCL/Civ/BA/25-26/eNIT44/588][2025_BCCL_344758_1]",https://etender.up.nic.in/nicgep/app?component=%24DirectLink_0&page=FrontEndAdvancedSearchResult&service=direct&session=T&sp=S9XxvFDaFikSRZc3qQA%2BYsg%3D%3D,Bharat Coking Coal Limited||BCCL_BASTACOLLA AREA
148,8,27-Sep-2025 10:00 AM,07-Oct-2025 04:00 PM,08-Oct-2025 10:00 AM,"[Comprehensive Annual Contract of Electrical repairing of Colony No-1,2,3 Quarters and R.R Shop, workshop Kathara under Kathara Area for a period of 02 years.]","[Comprehensive Annual Contract of Electrical repairing of Colony No-1,2,3 Quarters and R.R Shop, workshop Kathara under Kathara Area for a period of 02 years.]
																				[CCL/KTA/RRS-JRD/NIT/2025-26/01][2025_CCL_344733_1]",https://etender.up.nic.in/nicgep/app?component=%24DirectLink_0&page=FrontEndAdvancedSearchResult&service=direct&session=T&sp=SDrU6T5lGdajYBf7TcGdfpw%3D%3D,Central Coalfields Limited||Kathara
270,16,25-Sep-2025 05:00 PM,06-Oct-2025 05:00 PM,07-Oct-2025 05:00 PM,[Construction of boundary wall and fencing with barbed wire around the Diesel Dispensing Unit at Shankarpur OCP under Kenda Area],"[Construction of boundary wall and fencing with barbed wire around the Diesel Dispensing Unit at Shankarpur OCP under Kenda Area]
																				[ECL/GM/Knd/AE(C)/ e-tender/25-26/77 dated 20.09.2025][2025_ECL_344494_1]",https://etender.up.nic.in/nicgep/app?component=%24DirectLink_0&page=FrontEndAdvancedSearchResult&service=direct&session=T&sp=SeTP2dcGUtiL2%2BSWXt8y8Kw%3D%3D,Eastern Coalfields Limited||ECL_Kenda area
320,7,24-Sep-2025 06:00 PM,06-Oct-2025 11:00 AM,07-Oct-2025 11:00 AM,"[Repair and overhauling of diesel engine Make- SIMPSON Sl. no. S433B37856 applicable for SHAKTI 12T Crane, CIL no. MC-822.]","[Repair and overhauling of diesel engine Make- SIMPSON Sl. no. S433B37856 applicable for SHAKTI 12T Crane, CIL no. MC-822.]
																				[JNT/GM(Excv)/E-tender/25-26/28][2025_NCL_344523_1]",https://etender.up.nic.in/nicgep/app?component=%24DirectLink_0&page=FrontEndAdvancedSearchResult&service=direct&session=T&sp=Si1mBoSUEZXb8L5fOrchpuw%3D%3D,Northern Coalfields Limited||Jayant Project
156,27,27-Sep-2025 10:00 AM,11-Oct-2025 05:00 PM,13-Oct-2025 11:00 AM,[Construction of RCC Precast/Fencing around mine edge of BOCP2 Bastacolla colliery under Bastacolla Area],"[Construction of RCC Precast/Fencing around mine edge of BOCP2 Bastacolla colliery under Bastacolla Area]
																				[BCCL/Civl/BA/25-26/eNIT45/589][2025_BCCL_344738_1]",https://etender.up.nic.in/nicgep/app?component=%24DirectLink_0&page=FrontEndAdvancedSearchResult&service=direct&session=T&sp=SQ4ZlPkyqii5B3De9LBt3IA%3D%3D,Bharat Coking Coal Limited||BCCL_BASTACOLLA AREA
149,8,27-Sep-2025 10:00 AM,11-Oct-2025 06:00 PM,13-Oct-2025 11:00 AM,[Repairing of roller circle by replacement of track bar and 15 nos. roller of EKG5A Shovel Sl. No. HMB562 of Urimari OCP.],"[Repairing of roller circle by replacement of track bar and 15 nos. roller of EKG5A Shovel Sl. No. HMB562 of Urimari OCP.]
																				[PE(X)/Excv/e-Tender/25-26/19        Date 26.09.2025 ][2025_CCL_344732_1]",https://etender.up.nic.in/nicgep/app?component=%24DirectLink_0&page=FrontEndAdvancedSearchResult&service=direct&session=T&sp=SFsKGxOhWajZNtfcuB3S0YA%3D%3D,Central Coalfields Limited||Barka Syal
271,16,25-Sep-2025 05:00 PM,06-Oct-2025 05:00 PM,07-Oct-2025 05:00 PM,[Repairing of 2 Nos. Community Centre at East Kenda Colony at New Kenda Colliery],"[Repairing of 2 Nos. Community Centre at East Kenda Colony at New Kenda Colliery]
																				[ECL/GM/Knd/AE(C)/ e-tender/25-26/80 dated 20.09.2025][2025_ECL_344556_1]",https://etender.up.nic.in/nicgep/app?component=%24DirectLink_0&page=FrontEndAdvancedSearchResult&service=direct&session=T&sp=SWSNOZPtiuDc3z%2FXSlatBZw%3D%3D,Eastern Coalfields Limited||ECL_Kenda area
150,8,27-Sep-2025 10:00 AM,08-Oct-2025 05:00 PM,10-Oct-2025 11:00 AM,[Repairing and maintenance work in AITUC union office at Bishrampur TA of Bishrampur Area.],"[Repairing and maintenance work in AITUC union office at Bishrampur TA of Bishrampur Area.]
																				[GM/BSPR/Civil/e-tender/ 2025-26/21 Dt.26.09.2025][2025_SECL_344746_1]",https://etender.up.nic.in/nicgep/app?component=%24DirectLink_0&page=FrontEndAdvancedSearchResult&service=direct&session=T&sp=SEr5K5VRBy4Q%2F%2FnWwVHo9nA%3D%3D,South Eastern Coalfields Limited||Bishrampur Area
157,27,27-Sep-2025 10:00 AM,06-Oct-2025 05:00 PM,07-Oct-2025 11:00 AM,[Extension of Boundary Wall of Chandmari Workshop Under Bastacolla.],"[Extension of Boundary Wall of Chandmari Workshop Under Bastacolla.]
																				[BCCL/Civ/BA/25-26/eNIT43/587][2025_BCCL_344752_1]",https://etender.up.nic.in/nicgep/app?component=%24DirectLink_0&page=FrontEndAdvancedSearchResult&service=direct&session=T&sp=SqqrnwVRJ2xPXSw75E5TDrQ%3D%3D,Bharat Coking Coal Limited||BCCL_BASTACOLLA AREA
272,16,25-Sep-2025 05:00 PM,11-Oct-2025 05:00 PM,13-Oct-2025 11:00 AM,"[Thorough repairing of CVO office building and security room at Barachak house under HQ, ECL]","[Thorough repairing of CVO office building and security room at Barachak house under HQ, ECL]
																				[ECL/HQ/GM(c)/e-Tender/25-26/16 Date 23.09.2025][2025_ECL_344594_1]",https://etender.up.nic.in/nicgep/app?component=%24DirectLink_0&page=FrontEndAdvancedSearchResult&service=direct&session=T&sp=SMzwvJwmphYlasBqvoubQew%3D%3D,Eastern Coalfields Limited||ECL_Head quarter ||HQ_CIVIL
151,8,27-Sep-2025 10:00 AM,09-Oct-2025 06:00 PM,11-Oct-2025 11:00 AM,[Repairing of 07 No. broken ventilation stopping (including doors) AND  Re-plastering of 35 Nos. old damage Ventilation Stoppings in No V Seam of NCPH Colliery R-6 Mine],"[Repairing of 07 No. broken ventilation stopping (including doors) AND  Re-plastering of 35 Nos. old damage Ventilation Stoppings in No V Seam of NCPH Colliery R-6 Mine]
																				[eTender/25-26/NCPH R6/R-10/11 Date 22.08.2025][2025_SECL_344784_1]",https://etender.up.nic.in/nicgep/app?component=%24DirectLink_0&page=FrontEndAdvancedSearchResult&service=direct&session=T&sp=SkVMdr0tFCP01Q0cROubL9A%3D%3D,South Eastern Coalfields Limited||Chirimiri Area
158,27,27-Sep-2025 10:00 AM,14-Oct-2025 05:00 PM,16-Oct-2025 11:00 AM,[Annual maintenance contract for residential quarters along with repairing of Sewerage line and Spraying insecticide to control mosquitoes and anti-termite treatment in qrtrs and offices of Bhatadi township at Bhatadi OCM under BSA of CHA (For 2 year)],"[Annual maintenance contract for residential quarters along with repairing of Sewerage line and Spraying insecticide to control mosquitoes and anti-termite treatment in qrtrs and offices of Bhatadi township at Bhatadi OCM under BSA of CHA (For 2 year)]
																				[WCL_CHA_civil_eT-061][2025_WCL_344675_1]",https://etender.up.nic.in/nicgep/app?component=%24DirectLink_0&page=FrontEndAdvancedSearchResult&service=direct&session=T&sp=S5B%2BLLjCV7nlAaTd93u5ItA%3D%3D,Western Coalfields Limited||CHP||CHP_Civil
273,16,25-Sep-2025 05:00 PM,06-Oct-2025 05:00 PM,07-Oct-2025 05:00 PM,[Renovation of GM cabin at GM Office building under Kenda Area],"[Renovation of GM cabin at GM Office building under Kenda Area]
																				[ECL/GM/Knd/AE(C)/ e-tender/25-26/78 dated 20.09.2025][2025_ECL_344548_1]",https://etender.up.nic.in/nicgep/app?component=%24DirectLink_0&page=FrontEndAdvancedSearchResult&service=direct&session=T&sp=SlSy2ribW3VHj84%2FMQxKdQw%3D%3D,Eastern Coalfields Limited||ECL_Kenda area
159,27,27-Sep-2025 10:00 AM,13-Oct-2025 05:00 PM,15-Oct-2025 11:00 AM,[Cleaning and up-keeping of Residential and NRB Building situated at B.Seam and West JKD including Providing assistance for doing different work related cleaning at B.Seam and West JKD under Hasdeo Area.  (for One Year)],"[Cleaning and up-keeping of Residential and NRB Building situated at B.Seam and West JKD including Providing assistance for doing different work related cleaning at B.Seam and West JKD under Hasdeo Area.  (for One Year)]
																				[ GM/HSD/C/e-Tender/25-26/33 Date 25.09.2025][2025_SECL_344691_1]",https://etender.up.nic.in/nicgep/app?component=%24DirectLink_0&page=FrontEndAdvancedSearchResult&service=direct&session=T&sp=Sx%2FBpFk18RFzionWRI1f1LQ%3D%3D,South Eastern Coalfields Limited||Hasdeo Area
152,8,27-Sep-2025 10:00 AM,09-Oct-2025 05:00 PM,11-Oct-2025 10:00 AM,[Maintenance of Haulage Track Line(Length  3020M /Day period of work for 06 month) in V-Top Seam at Baherabndh U.G. Mine of Hasdeo Area],"[Maintenance of Haulage Track Line(Length  3020M /Day period of work for 06 month) in V-Top Seam at Baherabndh U.G. Mine of Hasdeo Area]
																				[AGM/HSD/GM(O)/e-Tend/25-26/40 dtd 27.09.2025][2025_SECL_344713_1]",https://etender.up.nic.in/nicgep/app?component=%24DirectLink_0&page=FrontEndAdvancedSearchResult&service=direct&session=T&sp=SZZM5XMk0D5gPtkQvl2wGBw%3D%3D,South Eastern Coalfields Limited||Hasdeo Area
274,16,25-Sep-2025 05:00 PM,06-Oct-2025 05:00 PM,07-Oct-2025 05:00 PM,[Supplying and laying hume pipe at CL Jamabd OC under Kenda Area],"[Supplying and laying hume pipe at CL Jamabd OC under Kenda Area]
																				[ECL/GM/Knd/AE(C)/ e-tender/25-26/79 dated 20.09.2025][2025_ECL_344554_1]",https://etender.up.nic.in/nicgep/app?component=%24DirectLink_0&page=FrontEndAdvancedSearchResult&service=direct&session=T&sp=SjdhRbYo4iAPOGLLIi5HZPw%3D%3D,Eastern Coalfields Limited||ECL_Kenda area
160,27,27-Sep-2025 09:00 AM,07-Oct-2025 10:00 AM,08-Oct-2025 11:00 AM,"[Complete Rewinding with Mechanical repairing of 150HP, 550V, 2900RPM, 180m head 8-stage Pullen make Submersible pump motor set installed at bore hole at Jemehari Colliery under Satgram- Sripur Area]","[Complete Rewinding with Mechanical repairing of 150HP, 550V, 2900RPM, 180m head 8-stage Pullen make Submersible pump motor set installed at bore hole at Jemehari Colliery under Satgram- Sripur Area]
																				[ECL/SSA/GM/E M/E-NIT/2025-26/87 Date 23.09.2025][2025_ECL_344699_1]",https://etender.up.nic.in/nicgep/app?component=%24DirectLink_0&page=FrontEndAdvancedSearchResult&service=direct&session=T&sp=SFnv4QFnQhcVRW58pXo3Zjw%3D%3D,Eastern Coalfields Limited||ECL_Satgram area
153,8,27-Sep-2025 10:00 AM,06-Oct-2025 05:00 PM,07-Oct-2025 11:00 AM,"[Repairing and Maintenance of  chair, drain with covering including filling and levelling at chandmari garden near incline  under Bastacolla  Area]","[Repairing and Maintenance of  chair, drain with covering including filling and levelling at chandmari garden near incline  under Bastacolla  Area]
																				[BCCL/Civ/BA/25-26/eNIT46/593][2025_BCCL_344759_1]",https://etender.up.nic.in/nicgep/app?component=%24DirectLink_0&page=FrontEndAdvancedSearchResult&service=direct&session=T&sp=SyVvdCvIGytxnF95uYa%2FR0g%3D%3D,Bharat Coking Coal Limited||BCCL_BASTACOLLA AREA
275,16,25-Sep-2025 05:00 PM,04-Oct-2025 05:00 PM,06-Oct-2025 11:00 AM,"[Repairing of railing, platform, ladder, battery box etc. along with repairing and rectification of pressurized air system of WS 28-II Water sprinkler Sl. No. 28177 of Jharkhand OCP.]","[Repairing of railing, platform, ladder, battery box etc. along with repairing and rectification of pressurized air system of WS 28-II Water sprinkler Sl. No. 28177 of Jharkhand OCP.]
																				[PE(X)/JOCP/NIT/25-26/28             Dated - 25.09.2025][2025_CCL_344673_1]",https://etender.up.nic.in/nicgep/app?component=%24DirectLink_0&page=FrontEndAdvancedSearchResult&service=direct&session=T&sp=S1wijx0wS0Aj%2Fsw%2BnFPJpUw%3D%3D,Central Coalfields Limited||Hazaribag
141,30,27-Sep-2025 02:00 PM,04-Oct-2025 05:00 PM,06-Oct-2025 10:00 AM,[Repair of barbed wire fencing of the parking shed ],"[Repair of barbed wire fencing of the parking shed ]
																				[BCCL/EXCVN/SWS/ E-NIT/2025-26/312][2025_BCCL_344825_1]",https://etender.up.nic.in/nicgep/app?component=%24DirectLink_0&page=FrontEndAdvancedSearchResult&service=direct&session=T&sp=Sq9tzZZujLb4vHWSKIEqI4g%3D%3D,Bharat Coking Coal Limited||BCCL-Hqrs||Sinidih Workshop- MM Deptt.
154,8,27-Sep-2025 10:00 AM,08-Oct-2025 05:00 PM,10-Oct-2025 11:00 AM,"[Cleaning grass, and Clearing jungle Regional Workshop, Regional Store, DAV School of Bishrampur Colony of Bishrampur Area for Special Campaign 5.0 SECL and Swachchta Hi Sewa 2025]","[Cleaning grass, and Clearing jungle Regional Workshop, Regional Store, DAV School of Bishrampur Colony of Bishrampur Area for Special Campaign 5.0 SECL and Swachchta Hi Sewa 2025]
																				[GM/BSPR/Civil/e-tender/ 2025-26/22 Dt.26.09.2025][2025_SECL_344773_1]",https://etender.up.nic.in/nicgep/app?component=%24DirectLink_0&page=FrontEndAdvancedSearchResult&service=direct&session=T&sp=Sc3b66pQO6AFNw6hdhnMgqg%3D%3D,South Eastern Coalfields Limited||Bishrampur Area
276,16,25-Sep-2025 05:00 PM,06-Oct-2025 11:00 AM,07-Oct-2025 11:30 AM,[Repair and Maintenance of 02 (two) nos. 3.3 KV VCBs of Sirka Colliery under Argada Area],"[Repair and Maintenance of 02 (two) nos. 3.3 KV VCBs of Sirka Colliery under Argada Area]
																				[PO/SG/EnM/Sirka/eNIT/25-26/22][2025_CCL_344687_1]",https://etender.up.nic.in/nicgep/app?component=%24DirectLink_0&page=FrontEndAdvancedSearchResult&service=direct&session=T&sp=S5m26rG14SYJnhN8VyROFNg%3D%3D,Central Coalfields Limited||Argada
155,8,27-Sep-2025 10:00 AM,06-Oct-2025 05:00 PM,07-Oct-2025 11:00 AM,"[Repairing of damaged pathway, water tank and maintenance of community centre kali mandir ROCP Under Bastacolla]","[Repairing of damaged pathway, water tank and maintenance of community centre kali mandir ROCP Under Bastacolla]
																				[BCCL/Civ/BA/25-26/eNIT44/588][2025_BCCL_344758_1]",https://etender.up.nic.in/nicgep/app?component=%24DirectLink_0&page=FrontEndAdvancedSearchResult&service=direct&session=T&sp=S9XxvFDaFikSRZc3qQA%2BYsg%3D%3D,Bharat Coking Coal Limited||BCCL_BASTACOLLA AREA
142,30,27-Sep-2025 02:00 PM,04-Oct-2025 05:00 PM,06-Oct-2025 10:00 AM,[Repairing and maintenance of substation room ],"[Repairing and maintenance of substation room ]
																				[BCCL/EXCVN/SWS/ E-NIT/2025-26/311][2025_BCCL_344822_1]",https://etender.up.nic.in/nicgep/app?component=%24DirectLink_0&page=FrontEndAdvancedSearchResult&service=direct&session=T&sp=SME3puoeIV2VQsnh625jF1Q%3D%3D,Bharat Coking Coal Limited||BCCL-Hqrs||Sinidih Workshop- MM Deptt.
156,8,27-Sep-2025 10:00 AM,11-Oct-2025 05:00 PM,13-Oct-2025 11:00 AM,[Construction of RCC Precast/Fencing around mine edge of BOCP2 Bastacolla colliery under Bastacolla Area],"[Construction of RCC Precast/Fencing around mine edge of BOCP2 Bastacolla colliery under Bastacolla Area]
																				[BCCL/Civl/BA/25-26/eNIT45/589][2025_BCCL_344738_1]",https://etender.up.nic.in/nicgep/app?component=%24DirectLink_0&page=FrontEndAdvancedSearchResult&service=direct&session=T&sp=SQ4ZlPkyqii5B3De9LBt3IA%3D%3D,Bharat Coking Coal Limited||BCCL_BASTACOLLA AREA
143,30,27-Sep-2025 02:00 PM,09-Oct-2025 05:00 PM,10-Oct-2025 10:00 AM,"[(A) Diversion of 11kV overhead line from pole near Drain(Nala) adjacent to workshop to Proposed new 11kV/3.3kV Electrical substation, adjacent to 50MT,60MT Electronic road weighbridge, Kata Ghar]","[(A) Diversion of 11kV overhead line from pole near Drain(Nala) adjacent to workshop to Proposed new 11kV/3.3kV Electrical substation, adjacent to 50MT,60MT Electronic road weighbridge, Kata Ghar]
																				[ECL/GM/MA/E and M/25-26/eTender/15 Dt. 25.09.2025][2025_ECL_344706_1]",https://etender.up.nic.in/nicgep/app?component=%24DirectLink_0&page=FrontEndAdvancedSearchResult&service=direct&session=T&sp=SYHHflwXgmNIGPhzS2I85Pw%3D%3D,Eastern Coalfields Limited||ECL_Mugma area
277,16,25-Sep-2025 05:00 PM,04-Oct-2025 05:00 PM,06-Oct-2025 11:00 AM,[Repairing of worn out and damaged bucket assembly of CAT 988H pay loader Sl. No. FEL 272/A7A00283 of Jharkhand OCP.],"[Repairing of worn out and damaged bucket assembly of CAT 988H pay loader Sl. No. FEL 272/A7A00283 of Jharkhand OCP.]
																				[PE(X)/JOCP/NIT/25-26/29      Dated - 25.09.2025][2025_CCL_344677_1]",https://etender.up.nic.in/nicgep/app?component=%24DirectLink_0&page=FrontEndAdvancedSearchResult&service=direct&session=T&sp=SzJqLM%2BMnrAdUFnCIUTXbxw%3D%3D,Central Coalfields Limited||Hazaribag
157,8,27-Sep-2025 10:00 AM,06-Oct-2025 05:00 PM,07-Oct-2025 11:00 AM,[Extension of Boundary Wall of Chandmari Workshop Under Bastacolla.],"[Extension of Boundary Wall of Chandmari Workshop Under Bastacolla.]
																				[BCCL/Civ/BA/25-26/eNIT43/587][2025_BCCL_344752_1]",https://etender.up.nic.in/nicgep/app?component=%24DirectLink_0&page=FrontEndAdvancedSearchResult&service=direct&session=T&sp=SqqrnwVRJ2xPXSw75E5TDrQ%3D%3D,Bharat Coking Coal Limited||BCCL_BASTACOLLA AREA
144,30,27-Sep-2025 01:00 PM,06-Oct-2025 06:00 PM,07-Oct-2025 11:00 AM,"[Work of Complete Repairing, Rewinding and Installation of 01 No. of 100 KVA 11 KV   440 Volts Transformer near DIG Complex behind Director Bungalow No. 05.]","[Work of Complete Repairing, Rewinding and Installation of 01 No. of 100 KVA 11 KV   440 Volts Transformer near DIG Complex behind Director Bungalow No. 05.]
																				[BCCL/KB/ENM/PS/LTE/25-26/162][2025_BCCL_344816_1]",https://etender.up.nic.in/nicgep/app?component=%24DirectLink_0&page=FrontEndAdvancedSearchResult&service=direct&session=T&sp=SJNgRvATpJXlorOxakmraLQ%3D%3D,Bharat Coking Coal Limited||BCCL-Hqrs||HQ_EnM
278,16,25-Sep-2025 05:00 PM,13-Oct-2025 05:00 PM,14-Oct-2025 11:00 AM,[Annual Horticulture works in various gardens at Pragati Nagar colony of Dipka Area],"[Annual Horticulture works in various gardens at Pragati Nagar colony of Dipka Area]
																				[SECL/DA/CIV/e-TENDER/25-26/57 dated 25-09-2025][2025_SECL_344676_1]",https://etender.up.nic.in/nicgep/app?component=%24DirectLink_0&page=FrontEndAdvancedSearchResult&service=direct&session=T&sp=SYuwahOSbYUecEHc%2ByqRRpA%3D%3D,South Eastern Coalfields Limited||Dipika Area
158,8,27-Sep-2025 10:00 AM,14-Oct-2025 05:00 PM,16-Oct-2025 11:00 AM,[Annual maintenance contract for residential quarters along with repairing of Sewerage line and Spraying insecticide to control mosquitoes and anti-termite treatment in qrtrs and offices of Bhatadi township at Bhatadi OCM under BSA of CHA (For 2 year)],"[Annual maintenance contract for residential quarters along with repairing of Sewerage line and Spraying insecticide to control mosquitoes and anti-termite treatment in qrtrs and offices of Bhatadi township at Bhatadi OCM under BSA of CHA (For 2 year)]
																				[WCL_CHA_civil_eT-061][2025_WCL_344675_1]",https://etender.up.nic.in/nicgep/app?component=%24DirectLink_0&page=FrontEndAdvancedSearchResult&service=direct&session=T&sp=S5B%2BLLjCV7nlAaTd93u5ItA%3D%3D,Western Coalfields Limited||CHP||CHP_Civil
145,30,27-Sep-2025 01:00 PM,09-Oct-2025 09:00 AM,10-Oct-2025 10:30 AM,[wiring of community hall],"[wiring of community hall]
																				[SO(EnM)/B-S/eTender/25-26/1064][2025_CCL_344830_1]",https://etender.up.nic.in/nicgep/app?component=%24DirectLink_0&page=FrontEndAdvancedSearchResult&service=direct&session=T&sp=SQdEiYxu%2Bx5rwVs5fCWwBcA%3D%3D,Central Coalfields Limited||Barka Syal
279,16,25-Sep-2025 05:00 PM,10-Oct-2025 05:00 PM,11-Oct-2025 05:00 PM,[1.Reorganization of overhead line  2. Cleaning of electrical substation  3. 24 nos straight through cable joints  4. Supply and installation of 12 nos of gang switch  5. Supply and installation of insulating mat],"[1.Reorganization of overhead line  2. Cleaning of electrical substation  3. 24 nos straight through cable joints  4. Supply and installation of 12 nos of gang switch  5. Supply and installation of insulating mat]
																				[GM/KND/AE(ENM)/55(TN)/25-26/44][2025_ECL_344688_1]",https://etender.up.nic.in/nicgep/app?component=%24DirectLink_0&page=FrontEndAdvancedSearchResult&service=direct&session=T&sp=S0uLLawcXxW%2Fi9EqYNe84wQ%3D%3D,Eastern Coalfields Limited||ECL_Kenda area
146,30,27-Sep-2025 12:00 PM,03-Oct-2025 05:00 PM,03-Oct-2025 05:30 PM,[Beautification and improvement of internal and external lighting of Mines Rescue ],"[Beautification and improvement of internal and external lighting of Mines Rescue ]
																				[GM(TA)/SO(EnM)/e-22, date-26.09.2025][2025_MCL_344787_1]",https://etender.up.nic.in/nicgep/app?component=%24DirectLink_0&page=FrontEndAdvancedSearchResult&service=direct&session=T&sp=SzmJY3o%2FIkIIFpE%2FZ%2FVo1dQ%3D%3D,Mahanadi Coalfields Limited||TALCHER AREA||TALCH_E AND M||E AND M
159,8,27-Sep-2025 10:00 AM,13-Oct-2025 05:00 PM,15-Oct-2025 11:00 AM,[Cleaning and up-keeping of Residential and NRB Building situated at B.Seam and West JKD including Providing assistance for doing different work related cleaning at B.Seam and West JKD under Hasdeo Area.  (for One Year)],"[Cleaning and up-keeping of Residential and NRB Building situated at B.Seam and West JKD including Providing assistance for doing different work related cleaning at B.Seam and West JKD under Hasdeo Area.  (for One Year)]
																				[ GM/HSD/C/e-Tender/25-26/33 Date 25.09.2025][2025_SECL_344691_1]",https://etender.up.nic.in/nicgep/app?component=%24DirectLink_0&page=FrontEndAdvancedSearchResult&service=direct&session=T&sp=Sx%2FBpFk18RFzionWRI1f1LQ%3D%3D,South Eastern Coalfields Limited||Hasdeo Area
280,16,25-Sep-2025 05:00 PM,06-Oct-2025 05:00 PM,07-Oct-2025 05:00 PM,[Supply and installation of Audio-Visual Warning System at Different Location Underground haulage of Bahula Colliery],"[Supply and installation of Audio-Visual Warning System at Different Location Underground haulage of Bahula Colliery]
																				[GM/KND/AE(ENM)/55(TN)/25-26/45][2025_ECL_344689_1]",https://etender.up.nic.in/nicgep/app?component=%24DirectLink_0&page=FrontEndAdvancedSearchResult&service=direct&session=T&sp=SLvyGASt2u%2FSCkvQX00CnaA%3D%3D,Eastern Coalfields Limited||ECL_Kenda area
160,8,27-Sep-2025 09:00 AM,07-Oct-2025 10:00 AM,08-Oct-2025 11:00 AM,"[Complete Rewinding with Mechanical repairing of 150HP, 550V, 2900RPM, 180m head 8-stage Pullen make Submersible pump motor set installed at bore hole at Jemehari Colliery under Satgram- Sripur Area]","[Complete Rewinding with Mechanical repairing of 150HP, 550V, 2900RPM, 180m head 8-stage Pullen make Submersible pump motor set installed at bore hole at Jemehari Colliery under Satgram- Sripur Area]
																				[ECL/SSA/GM/E M/E-NIT/2025-26/87 Date 23.09.2025][2025_ECL_344699_1]",https://etender.up.nic.in/nicgep/app?component=%24DirectLink_0&page=FrontEndAdvancedSearchResult&service=direct&session=T&sp=SFnv4QFnQhcVRW58pXo3Zjw%3D%3D,Eastern Coalfields Limited||ECL_Satgram area
147,30,27-Sep-2025 10:00 AM,08-Oct-2025 05:00 PM,10-Oct-2025 11:00 AM,[G.I.Sheet Roofing in Sub Station to Avoid water seepage inside the 3.3 KV switch station installed at mine Substation 33KV at Amera Sub Area of Bishrampur Area.],"[G.I.Sheet Roofing in Sub Station to Avoid water seepage inside the 3.3 KV switch station installed at mine Substation 33KV at Amera Sub Area of Bishrampur Area.]
																				[GM/BSPR/Civil/e-tender/ 2025-26/20 Dt.26.09.2025][2025_SECL_344744_1]",https://etender.up.nic.in/nicgep/app?component=%24DirectLink_0&page=FrontEndAdvancedSearchResult&service=direct&session=T&sp=S8OpV2YtJwsXKV5%2FxXGPoZQ%3D%3D,South Eastern Coalfields Limited||Bishrampur Area
148,30,27-Sep-2025 10:00 AM,07-Oct-2025 04:00 PM,08-Oct-2025 10:00 AM,"[Comprehensive Annual Contract of Electrical repairing of Colony No-1,2,3 Quarters and R.R Shop, workshop Kathara under Kathara Area for a period of 02 years.]","[Comprehensive Annual Contract of Electrical repairing of Colony No-1,2,3 Quarters and R.R Shop, workshop Kathara under Kathara Area for a period of 02 years.]
																				[CCL/KTA/RRS-JRD/NIT/2025-26/01][2025_CCL_344733_1]",https://etender.up.nic.in/nicgep/app?component=%24DirectLink_0&page=FrontEndAdvancedSearchResult&service=direct&session=T&sp=SDrU6T5lGdajYBf7TcGdfpw%3D%3D,Central Coalfields Limited||Kathara
149,30,27-Sep-2025 10:00 AM,11-Oct-2025 06:00 PM,13-Oct-2025 11:00 AM,[Repairing of roller circle by replacement of track bar and 15 nos. roller of EKG5A Shovel Sl. No. HMB562 of Urimari OCP.],"[Repairing of roller circle by replacement of track bar and 15 nos. roller of EKG5A Shovel Sl. No. HMB562 of Urimari OCP.]
																				[PE(X)/Excv/e-Tender/25-26/19        Date 26.09.2025 ][2025_CCL_344732_1]",https://etender.up.nic.in/nicgep/app?component=%24DirectLink_0&page=FrontEndAdvancedSearchResult&service=direct&session=T&sp=SFsKGxOhWajZNtfcuB3S0YA%3D%3D,Central Coalfields Limited||Barka Syal
150,30,27-Sep-2025 10:00 AM,08-Oct-2025 05:00 PM,10-Oct-2025 11:00 AM,[Repairing and maintenance work in AITUC union office at Bishrampur TA of Bishrampur Area.],"[Repairing and maintenance work in AITUC union office at Bishrampur TA of Bishrampur Area.]
																				[GM/BSPR/Civil/e-tender/ 2025-26/21 Dt.26.09.2025][2025_SECL_344746_1]",https://etender.up.nic.in/nicgep/app?component=%24DirectLink_0&page=FrontEndAdvancedSearchResult&service=direct&session=T&sp=SEr5K5VRBy4Q%2F%2FnWwVHo9nA%3D%3D,South Eastern Coalfields Limited||Bishrampur Area
151,30,27-Sep-2025 10:00 AM,09-Oct-2025 06:00 PM,11-Oct-2025 11:00 AM,[Repairing of 07 No. broken ventilation stopping (including doors) AND  Re-plastering of 35 Nos. old damage Ventilation Stoppings in No V Seam of NCPH Colliery R-6 Mine],"[Repairing of 07 No. broken ventilation stopping (including doors) AND  Re-plastering of 35 Nos. old damage Ventilation Stoppings in No V Seam of NCPH Colliery R-6 Mine]
																				[eTender/25-26/NCPH R6/R-10/11 Date 22.08.2025][2025_SECL_344784_1]",https://etender.up.nic.in/nicgep/app?component=%24DirectLink_0&page=FrontEndAdvancedSearchResult&service=direct&session=T&sp=SkVMdr0tFCP01Q0cROubL9A%3D%3D,South Eastern Coalfields Limited||Chirimiri Area
152,30,27-Sep-2025 10:00 AM,09-Oct-2025 05:00 PM,11-Oct-2025 10:00 AM,[Maintenance of Haulage Track Line(Length  3020M /Day period of work for 06 month) in V-Top Seam at Baherabndh U.G. Mine of Hasdeo Area],"[Maintenance of Haulage Track Line(Length  3020M /Day period of work for 06 month) in V-Top Seam at Baherabndh U.G. Mine of Hasdeo Area]
																				[AGM/HSD/GM(O)/e-Tend/25-26/40 dtd 27.09.2025][2025_SECL_344713_1]",https://etender.up.nic.in/nicgep/app?component=%24DirectLink_0&page=FrontEndAdvancedSearchResult&service=direct&session=T&sp=SZZM5XMk0D5gPtkQvl2wGBw%3D%3D,South Eastern Coalfields Limited||Hasdeo Area
153,30,27-Sep-2025 10:00 AM,06-Oct-2025 05:00 PM,07-Oct-2025 11:00 AM,"[Repairing and Maintenance of  chair, drain with covering including filling and levelling at chandmari garden near incline  under Bastacolla  Area]","[Repairing and Maintenance of  chair, drain with covering including filling and levelling at chandmari garden near incline  under Bastacolla  Area]
																				[BCCL/Civ/BA/25-26/eNIT46/593][2025_BCCL_344759_1]",https://etender.up.nic.in/nicgep/app?component=%24DirectLink_0&page=FrontEndAdvancedSearchResult&service=direct&session=T&sp=SyVvdCvIGytxnF95uYa%2FR0g%3D%3D,Bharat Coking Coal Limited||BCCL_BASTACOLLA AREA
261,14,25-Sep-2025 06:00 PM,06-Oct-2025 06:00 PM,07-Oct-2025 10:00 AM,[Complete repairing and overhauling of 05 nos. hydraulic pump Batac jig for Fine Coal Jig of Main Plant of Kedla Washery.],"[Complete repairing and overhauling of 05 nos. hydraulic pump Batac jig for Fine Coal Jig of Main Plant of Kedla Washery.]
																				[PO/KW/E-TENDER/25-26/45, Date- 25.09.2025][2025_CCL_344674_1]",https://etender.up.nic.in/nicgep/app?component=%24DirectLink_0&page=FrontEndAdvancedSearchResult&service=direct&session=T&sp=SY9n3xoIUdDSKbvUDHcJYVw%3D%3D,Central Coalfields Limited||Hazaribag
154,30,27-Sep-2025 10:00 AM,08-Oct-2025 05:00 PM,10-Oct-2025 11:00 AM,"[Cleaning grass, and Clearing jungle Regional Workshop, Regional Store, DAV School of Bishrampur Colony of Bishrampur Area for Special Campaign 5.0 SECL and Swachchta Hi Sewa 2025]","[Cleaning grass, and Clearing jungle Regional Workshop, Regional Store, DAV School of Bishrampur Colony of Bishrampur Area for Special Campaign 5.0 SECL and Swachchta Hi Sewa 2025]
																				[GM/BSPR/Civil/e-tender/ 2025-26/22 Dt.26.09.2025][2025_SECL_344773_1]",https://etender.up.nic.in/nicgep/app?component=%24DirectLink_0&page=FrontEndAdvancedSearchResult&service=direct&session=T&sp=Sc3b66pQO6AFNw6hdhnMgqg%3D%3D,South Eastern Coalfields Limited||Bishrampur Area
262,14,25-Sep-2025 06:00 PM,06-Oct-2025 11:00 AM,07-Oct-2025 11:00 AM,[Day to day work of Lighting tilting ],"[Day to day work of Lighting tilting ]
																				[GM(H)/EnM/Tender/25-26/42][2025_CCL_344704_1]",https://etender.up.nic.in/nicgep/app?component=%24DirectLink_0&page=FrontEndAdvancedSearchResult&service=direct&session=T&sp=SfsbnxRviByzrkX%2FZaMZeuw%3D%3D,Central Coalfields Limited||Hazaribag
263,14,25-Sep-2025 06:00 PM,06-Oct-2025 03:00 PM,07-Oct-2025 09:00 AM,"[Extension of 6 inch Diameter Pipeline for Dust Suppression at CHP, Birsa Project.]","[Extension of 6 inch Diameter Pipeline for Dust Suppression at CHP, Birsa Project.]
																				[PE(EnM)/BIRSA/ETENDER/25-26/26][2025_CCL_344694_1]",https://etender.up.nic.in/nicgep/app?component=%24DirectLink_0&page=FrontEndAdvancedSearchResult&service=direct&session=T&sp=S0xNV8oK38%2FyUUWiq5MxmNw%3D%3D,Central Coalfields Limited||Barka Syal
155,30,27-Sep-2025 10:00 AM,06-Oct-2025 05:00 PM,07-Oct-2025 11:00 AM,"[Repairing of damaged pathway, water tank and maintenance of community centre kali mandir ROCP Under Bastacolla]","[Repairing of damaged pathway, water tank and maintenance of community centre kali mandir ROCP Under Bastacolla]
																				[BCCL/Civ/BA/25-26/eNIT44/588][2025_BCCL_344758_1]",https://etender.up.nic.in/nicgep/app?component=%24DirectLink_0&page=FrontEndAdvancedSearchResult&service=direct&session=T&sp=S9XxvFDaFikSRZc3qQA%2BYsg%3D%3D,Bharat Coking Coal Limited||BCCL_BASTACOLLA AREA
264,14,25-Sep-2025 06:00 PM,10-Oct-2025 11:00 AM,11-Oct-2025 11:00 AM,"[Repair of existing Blacktop road from Hospital Chowk to Satnam Singh Chowk under Gidi-A OCP, Argada Area]","[Repair of existing Blacktop road from Hospital Chowk to Satnam Singh Chowk under Gidi-A OCP, Argada Area]
																				[SO(C)(A)/e-Tender16/25-26/1867 ][2025_CCL_344622_1]",https://etender.up.nic.in/nicgep/app?component=%24DirectLink_0&page=FrontEndAdvancedSearchResult&service=direct&session=T&sp=S60Y4sbp9M%2FojwwCAXIsfUw%3D%3D,Central Coalfields Limited||Argada
156,30,27-Sep-2025 10:00 AM,11-Oct-2025 05:00 PM,13-Oct-2025 11:00 AM,[Construction of RCC Precast/Fencing around mine edge of BOCP2 Bastacolla colliery under Bastacolla Area],"[Construction of RCC Precast/Fencing around mine edge of BOCP2 Bastacolla colliery under Bastacolla Area]
																				[BCCL/Civl/BA/25-26/eNIT45/589][2025_BCCL_344738_1]",https://etender.up.nic.in/nicgep/app?component=%24DirectLink_0&page=FrontEndAdvancedSearchResult&service=direct&session=T&sp=SQ4ZlPkyqii5B3De9LBt3IA%3D%3D,Bharat Coking Coal Limited||BCCL_BASTACOLLA AREA
265,14,25-Sep-2025 06:00 PM,06-Oct-2025 10:00 AM,07-Oct-2025 11:00 AM,"[Repair  maintenance of 11KV OH line from Dhori Sub-station to CCD Sub-station under CCD, G.M. unit, Dhori Area.]","[Repair  maintenance of 11KV OH line from Dhori Sub-station to CCD Sub-station under CCD, G.M. unit, Dhori Area.]
																				[GM(D)/SO(EnM)/NIT/25-26/16][2025_CCL_344617_5]",https://etender.up.nic.in/nicgep/app?component=%24DirectLink_0&page=FrontEndAdvancedSearchResult&service=direct&session=T&sp=S%2Fq4UYha2XbziGB%2B%2FiF1FUQ%3D%3D,Central Coalfields Limited||Dhori
266,14,25-Sep-2025 06:00 PM,10-Oct-2025 11:00 AM,11-Oct-2025 11:00 AM,"[Repair and maintenance of Qtr. No. 2C-01, 2B-09, 2B-10, 2B-11, 2A-07 and 2A-01 under Gidi-A, Argada Area.]","[Repair and maintenance of Qtr. No. 2C-01, 2B-09, 2B-10, 2B-11, 2A-07 and 2A-01 under Gidi-A, Argada Area.]
																				[SO(C)(A)/e-Tender17/25-26/1868][2025_CCL_344623_1]",https://etender.up.nic.in/nicgep/app?component=%24DirectLink_0&page=FrontEndAdvancedSearchResult&service=direct&session=T&sp=SJHcABzelauEODdhPQDepFg%3D%3D,Central Coalfields Limited||Argada
157,30,27-Sep-2025 10:00 AM,06-Oct-2025 05:00 PM,07-Oct-2025 11:00 AM,[Extension of Boundary Wall of Chandmari Workshop Under Bastacolla.],"[Extension of Boundary Wall of Chandmari Workshop Under Bastacolla.]
																				[BCCL/Civ/BA/25-26/eNIT43/587][2025_BCCL_344752_1]",https://etender.up.nic.in/nicgep/app?component=%24DirectLink_0&page=FrontEndAdvancedSearchResult&service=direct&session=T&sp=SqqrnwVRJ2xPXSw75E5TDrQ%3D%3D,Bharat Coking Coal Limited||BCCL_BASTACOLLA AREA
267,14,25-Sep-2025 06:00 PM,06-Oct-2025 06:00 PM,08-Oct-2025 11:00 AM,"[Construction of meditation hall adjacent -Temple, Koyla Nagar]","[Construction of meditation hall adjacent -Temple, Koyla Nagar]
																				[BCCL/CED/TC/eNIT-25/25-26/545 Dated 23.09.2025 ][2025_BCCL_344574_1]",https://etender.up.nic.in/nicgep/app?component=%24DirectLink_0&page=FrontEndAdvancedSearchResult&service=direct&session=T&sp=Sdp1aIpXYl9uw9mHln94NLw%3D%3D,Bharat Coking Coal Limited||BCCL-Hqrs||HQ_CIVIL
158,30,27-Sep-2025 10:00 AM,14-Oct-2025 05:00 PM,16-Oct-2025 11:00 AM,[Annual maintenance contract for residential quarters along with repairing of Sewerage line and Spraying insecticide to control mosquitoes and anti-termite treatment in qrtrs and offices of Bhatadi township at Bhatadi OCM under BSA of CHA (For 2 year)],"[Annual maintenance contract for residential quarters along with repairing of Sewerage line and Spraying insecticide to control mosquitoes and anti-termite treatment in qrtrs and offices of Bhatadi township at Bhatadi OCM under BSA of CHA (For 2 year)]
																				[WCL_CHA_civil_eT-061][2025_WCL_344675_1]",https://etender.up.nic.in/nicgep/app?component=%24DirectLink_0&page=FrontEndAdvancedSearchResult&service=direct&session=T&sp=S5B%2BLLjCV7nlAaTd93u5ItA%3D%3D,Western Coalfields Limited||CHP||CHP_Civil
268,14,25-Sep-2025 06:00 PM,07-Oct-2025 06:00 PM,08-Oct-2025 12:00 PM,[Cleaning Slurry debris along 2nd Dip Sump in R VI seam at MIC Unit of Jhanjra Project Colliery],"[Cleaning Slurry debris along 2nd Dip Sump in R VI seam at MIC Unit of Jhanjra Project Colliery]
																				[ECL/GM/JNR/MIN.A/25-26/19 Dt. 23.09.2025][2025_ECL_344599_1]",https://etender.up.nic.in/nicgep/app?component=%24DirectLink_0&page=FrontEndAdvancedSearchResult&service=direct&session=T&sp=Sg1YGUD6RQmM%2BHIbpR2ptyw%3D%3D,Eastern Coalfields Limited||ECL_Jhanjra area
269,14,25-Sep-2025 05:00 PM,06-Oct-2025 05:00 PM,07-Oct-2025 05:00 PM,[Repairing of 2 Nos. Community Centre at East Kenda Colony at New Kenda Colliery],"[Repairing of 2 Nos. Community Centre at East Kenda Colony at New Kenda Colliery]
																				[ECL/GM/Knd/AE(C)/ e-tender/25-26/80 dated 20.09.2025][2025_ECL_344556_1]",https://etender.up.nic.in/nicgep/app?component=%24DirectLink_0&page=FrontEndAdvancedSearchResult&service=direct&session=T&sp=SWSNOZPtiuDc3z%2FXSlatBZw%3D%3D,Eastern Coalfields Limited||ECL_Kenda area
159,30,27-Sep-2025 10:00 AM,13-Oct-2025 05:00 PM,15-Oct-2025 11:00 AM,[Cleaning and up-keeping of Residential and NRB Building situated at B.Seam and West JKD including Providing assistance for doing different work related cleaning at B.Seam and West JKD under Hasdeo Area.  (for One Year)],"[Cleaning and up-keeping of Residential and NRB Building situated at B.Seam and West JKD including Providing assistance for doing different work related cleaning at B.Seam and West JKD under Hasdeo Area.  (for One Year)]
																				[ GM/HSD/C/e-Tender/25-26/33 Date 25.09.2025][2025_SECL_344691_1]",https://etender.up.nic.in/nicgep/app?component=%24DirectLink_0&page=FrontEndAdvancedSearchResult&service=direct&session=T&sp=Sx%2FBpFk18RFzionWRI1f1LQ%3D%3D,South Eastern Coalfields Limited||Hasdeo Area
270,14,25-Sep-2025 05:00 PM,11-Oct-2025 05:00 PM,13-Oct-2025 11:00 AM,"[Thorough repairing of CVO office building and security room at Barachak house under HQ, ECL]","[Thorough repairing of CVO office building and security room at Barachak house under HQ, ECL]
																				[ECL/HQ/GM(c)/e-Tender/25-26/16 Date 23.09.2025][2025_ECL_344594_1]",https://etender.up.nic.in/nicgep/app?component=%24DirectLink_0&page=FrontEndAdvancedSearchResult&service=direct&session=T&sp=SMzwvJwmphYlasBqvoubQew%3D%3D,Eastern Coalfields Limited||ECL_Head quarter ||HQ_CIVIL
160,30,27-Sep-2025 09:00 AM,07-Oct-2025 10:00 AM,08-Oct-2025 11:00 AM,"[Complete Rewinding with Mechanical repairing of 150HP, 550V, 2900RPM, 180m head 8-stage Pullen make Submersible pump motor set installed at bore hole at Jemehari Colliery under Satgram- Sripur Area]","[Complete Rewinding with Mechanical repairing of 150HP, 550V, 2900RPM, 180m head 8-stage Pullen make Submersible pump motor set installed at bore hole at Jemehari Colliery under Satgram- Sripur Area]
																				[ECL/SSA/GM/E M/E-NIT/2025-26/87 Date 23.09.2025][2025_ECL_344699_1]",https://etender.up.nic.in/nicgep/app?component=%24DirectLink_0&page=FrontEndAdvancedSearchResult&service=direct&session=T&sp=SFnv4QFnQhcVRW58pXo3Zjw%3D%3D,Eastern Coalfields Limited||ECL_Satgram area
271,14,25-Sep-2025 05:00 PM,06-Oct-2025 05:00 PM,07-Oct-2025 05:00 PM,[Supplying and laying hume pipe at CL Jamabd OC under Kenda Area],"[Supplying and laying hume pipe at CL Jamabd OC under Kenda Area]
																				[ECL/GM/Knd/AE(C)/ e-tender/25-26/79 dated 20.09.2025][2025_ECL_344554_1]",https://etender.up.nic.in/nicgep/app?component=%24DirectLink_0&page=FrontEndAdvancedSearchResult&service=direct&session=T&sp=SjdhRbYo4iAPOGLLIi5HZPw%3D%3D,Eastern Coalfields Limited||ECL_Kenda area
272,14,25-Sep-2025 05:00 PM,06-Oct-2025 05:00 PM,07-Oct-2025 05:00 PM,[Renovation of GM cabin at GM Office building under Kenda Area],"[Renovation of GM cabin at GM Office building under Kenda Area]
																				[ECL/GM/Knd/AE(C)/ e-tender/25-26/78 dated 20.09.2025][2025_ECL_344548_1]",https://etender.up.nic.in/nicgep/app?component=%24DirectLink_0&page=FrontEndAdvancedSearchResult&service=direct&session=T&sp=SlSy2ribW3VHj84%2FMQxKdQw%3D%3D,Eastern Coalfields Limited||ECL_Kenda area
273,14,25-Sep-2025 05:00 PM,04-Oct-2025 05:00 PM,06-Oct-2025 11:00 AM,[Repairing of worn out and damaged bucket assembly of CAT 988H pay loader Sl. No. FEL 272/A7A00283 of Jharkhand OCP.],"[Repairing of worn out and damaged bucket assembly of CAT 988H pay loader Sl. No. FEL 272/A7A00283 of Jharkhand OCP.]
																				[PE(X)/JOCP/NIT/25-26/29      Dated - 25.09.2025][2025_CCL_344677_1]",https://etender.up.nic.in/nicgep/app?component=%24DirectLink_0&page=FrontEndAdvancedSearchResult&service=direct&session=T&sp=SzJqLM%2BMnrAdUFnCIUTXbxw%3D%3D,Central Coalfields Limited||Hazaribag
274,14,25-Sep-2025 05:00 PM,06-Oct-2025 11:00 AM,07-Oct-2025 11:30 AM,[Repair and Maintenance of 02 (two) nos. 3.3 KV VCBs of Sirka Colliery under Argada Area],"[Repair and Maintenance of 02 (two) nos. 3.3 KV VCBs of Sirka Colliery under Argada Area]
																				[PO/SG/EnM/Sirka/eNIT/25-26/22][2025_CCL_344687_1]",https://etender.up.nic.in/nicgep/app?component=%24DirectLink_0&page=FrontEndAdvancedSearchResult&service=direct&session=T&sp=S5m26rG14SYJnhN8VyROFNg%3D%3D,Central Coalfields Limited||Argada
275,14,25-Sep-2025 05:00 PM,06-Oct-2025 11:00 AM,07-Oct-2025 11:30 AM,"[Complete repairing and rewinding of 01 Nos. 110 KW, 550 V, 1470 RPM and 01 Nos. 90 KW, 550 V, 1470 RPM Induction Motors of Sirka Colliery under Argada Area.]","[Complete repairing and rewinding of 01 Nos. 110 KW, 550 V, 1470 RPM and 01 Nos. 90 KW, 550 V, 1470 RPM Induction Motors of Sirka Colliery under Argada Area.]
																				[PO/SG/EnM/Sirka/eNIT/25-26/21][2025_CCL_344686_1]",https://etender.up.nic.in/nicgep/app?component=%24DirectLink_0&page=FrontEndAdvancedSearchResult&service=direct&session=T&sp=SzIJM09gnPufGMvFEsojNjw%3D%3D,Central Coalfields Limited||Argada
276,14,25-Sep-2025 05:00 PM,04-Oct-2025 05:00 PM,06-Oct-2025 11:00 AM,"[Repairing of railing, platform, ladder, battery box etc. along with repairing and rectification of pressurized air system of WS 28-II Water sprinkler Sl. No. 28177 of Jharkhand OCP.]","[Repairing of railing, platform, ladder, battery box etc. along with repairing and rectification of pressurized air system of WS 28-II Water sprinkler Sl. No. 28177 of Jharkhand OCP.]
																				[PE(X)/JOCP/NIT/25-26/28             Dated - 25.09.2025][2025_CCL_344673_1]",https://etender.up.nic.in/nicgep/app?component=%24DirectLink_0&page=FrontEndAdvancedSearchResult&service=direct&session=T&sp=S1wijx0wS0Aj%2Fsw%2BnFPJpUw%3D%3D,Central Coalfields Limited||Hazaribag
277,14,25-Sep-2025 05:00 PM,06-Oct-2025 05:00 PM,08-Oct-2025 11:00 AM,[Strengthening of 02 Nos transformer platform at Vindhya sub station under Pinoura Sub Area of Johilla Area.],"[Strengthening of 02 Nos transformer platform at Vindhya sub station under Pinoura Sub Area of Johilla Area.]
																				[SECL/JHL/S.O.(C)/ eNIT-35/25-26/476 dt. 25.09.2025][2025_SECL_344696_1]",https://etender.up.nic.in/nicgep/app?component=%24DirectLink_0&page=FrontEndAdvancedSearchResult&service=direct&session=T&sp=SdzVR%2FeyW3OicG14HQ46R%2BA%3D%3D,South Eastern Coalfields Limited||Johilla Area
278,14,25-Sep-2025 05:00 PM,06-Oct-2025 05:00 PM,07-Oct-2025 05:00 PM,[Supply and installation of Audio-Visual Warning System at Different Location Underground haulage of Bahula Colliery],"[Supply and installation of Audio-Visual Warning System at Different Location Underground haulage of Bahula Colliery]
																				[GM/KND/AE(ENM)/55(TN)/25-26/45][2025_ECL_344689_1]",https://etender.up.nic.in/nicgep/app?component=%24DirectLink_0&page=FrontEndAdvancedSearchResult&service=direct&session=T&sp=SLvyGASt2u%2FSCkvQX00CnaA%3D%3D,Eastern Coalfields Limited||ECL_Kenda area
461,26,22-Sep-2025 06:30 PM,07-Oct-2025 05:00 PM,08-Oct-2025 11:00 AM,"[Re-tender Supply of 350 no. of Decorated Plastic Pots for a size of 14 inches and 8 inches with bottom tray and variety of Indoor or Ornamental Plants upto 04 feet and plantation at GM Office, Kaniha Area, MCL]","[Re-tender Supply of 350 no. of Decorated Plastic Pots for a size of 14 inches and 8 inches with bottom tray and variety of Indoor or Ornamental Plants upto 04 feet and plantation at GM Office, Kaniha Area, MCL]
																				[GM(KA)/ENVT/2025-26/RT/01 DT22.09.2025][2025_MCL_341942_1]",https://etender.up.nic.in/nicgep/app?component=%24DirectLink_0&page=FrontEndAdvancedSearchResult&service=direct&session=T&sp=Si0yun8TsbgT7gSTxIRaTEw%3D%3D,Mahanadi Coalfields Limited||KANIHA AREA||KANIHA_ENVT||ENVIRONMENT
279,14,25-Sep-2025 05:00 PM,13-Oct-2025 05:00 PM,14-Oct-2025 11:00 AM,[Annual Horticulture works in various gardens at Pragati Nagar colony of Dipka Area],"[Annual Horticulture works in various gardens at Pragati Nagar colony of Dipka Area]
																				[SECL/DA/CIV/e-TENDER/25-26/57 dated 25-09-2025][2025_SECL_344676_1]",https://etender.up.nic.in/nicgep/app?component=%24DirectLink_0&page=FrontEndAdvancedSearchResult&service=direct&session=T&sp=SYuwahOSbYUecEHc%2ByqRRpA%3D%3D,South Eastern Coalfields Limited||Dipika Area
462,26,22-Sep-2025 06:30 PM,03-Oct-2025 05:00 PM,05-Oct-2025 11:00 AM,[Laying of 03 Nos new pipelines vertically on OB Benches towards the North side of the mine from Main Sump at SOCP Mine.],"[Laying of 03 Nos new pipelines vertically on OB Benches towards the North side of the mine from Main Sump at SOCP Mine.]
																				[MCL/GM/IBV/ENM/etender/112283 Dated.22.09.2025][2025_MCL_344477_1]",https://etender.up.nic.in/nicgep/app?component=%24DirectLink_0&page=FrontEndAdvancedSearchResult&service=direct&session=T&sp=SFlivDgrPIr5Ytj%2FqedWQOA%3D%3D,Mahanadi Coalfields Limited||IB VALLEY AREA||IBV_E AND M||E AND M
280,14,25-Sep-2025 05:00 PM,10-Oct-2025 05:00 PM,11-Oct-2025 05:00 PM,[1.Reorganization of overhead line  2. Cleaning of electrical substation  3. 24 nos straight through cable joints  4. Supply and installation of 12 nos of gang switch  5. Supply and installation of insulating mat],"[1.Reorganization of overhead line  2. Cleaning of electrical substation  3. 24 nos straight through cable joints  4. Supply and installation of 12 nos of gang switch  5. Supply and installation of insulating mat]
																				[GM/KND/AE(ENM)/55(TN)/25-26/44][2025_ECL_344688_1]",https://etender.up.nic.in/nicgep/app?component=%24DirectLink_0&page=FrontEndAdvancedSearchResult&service=direct&session=T&sp=S0uLLawcXxW%2Fi9EqYNe84wQ%3D%3D,Eastern Coalfields Limited||ECL_Kenda area
463,26,22-Sep-2025 06:30 PM,03-Oct-2025 06:30 PM,04-Oct-2025 06:30 PM,"[Architectural and allied work for Preparation of DPR for Construction of STP(s) of total capacity 2.0 MLD  along with Sewer networks and associated developments at Koyla Nagar, BCCL, Dhanbad ]","[Architectural and allied work for Preparation of DPR for Construction of STP(s) of total capacity 2.0 MLD  along with Sewer networks and associated developments at Koyla Nagar, BCCL, Dhanbad ]
																				[CMPDI/CE/2025/617 dated 22.09.25][2025_CMPDI_344509_1]",https://etender.up.nic.in/nicgep/app?component=%24DirectLink_0&page=FrontEndAdvancedSearchResult&service=direct&session=T&sp=SdQMdTS9nAd527KljwuVeDA%3D%3D,Central Mine Planning and Design Institute Limited||Corporate Head Quarters||CHQ-Civil Department
464,26,22-Sep-2025 06:00 PM,03-Oct-2025 06:00 PM,04-Oct-2025 10:00 AM,[Maintenance and plantation at Chhat Ghat premises of NCPH Sub Area.],"[Maintenance and plantation at Chhat Ghat premises of NCPH Sub Area.]
																				[SECL/CHRM/ Dy. GMC/25-26/e-Tender/46 dt. 22.09.2025][2025_SECL_344496_1]",https://etender.up.nic.in/nicgep/app?component=%24DirectLink_0&page=FrontEndAdvancedSearchResult&service=direct&session=T&sp=SVIj97V0oW0Be0HoumzNM4A%3D%3D,South Eastern Coalfields Limited||Chirimiri Area
465,26,22-Sep-2025 06:00 PM,03-Oct-2025 09:00 AM,04-Oct-2025 09:00 AM,"[On-site repairing and commissioning of  under wearing wages, crusher drum roll  with lifting frame and flight assembly and  walk assembly platform for feeder breaker  No.- 2, BWF make at JRD Rly Siding PF-1 AKKOCP]","[On-site repairing and commissioning of  under wearing wages, crusher drum roll  with lifting frame and flight assembly and  walk assembly platform for feeder breaker  No.- 2, BWF make at JRD Rly Siding PF-1 AKKOCP]
																				[PE(EnM)/AKK OCP/e-tender/25-26/29  ][2025_CCL_344505_4]",https://etender.up.nic.in/nicgep/app?component=%24DirectLink_0&page=FrontEndAdvancedSearchResult&service=direct&session=T&sp=SAzgP1Lo%2Bda9a%2BGieWJSzvQ%3D%3D,Central Coalfields Limited||B&K
466,26,22-Sep-2025 06:00 PM,03-Oct-2025 09:00 AM,04-Oct-2025 09:00 AM,"[Providing ,Laying and fixing of 100 mm dia  G I pipe with welding and supply of 4inch  dia G I Flange for laying and maintenance  of existing pipe line from different location  of colony to meet domestic water demand   w.r.t konar exp ,OCP,BnK Area]","[Providing ,Laying and fixing of 100 mm dia  G I pipe with welding and supply of 4inch  dia G I Flange for laying and maintenance  of existing pipe line from different location  of colony to meet domestic water demand   w.r.t konar exp ,OCP,BnK Area]
																				[PE(EnM)/AKK OCP/e-tender/25-26/29  ][2025_CCL_344505_3]",https://etender.up.nic.in/nicgep/app?component=%24DirectLink_0&page=FrontEndAdvancedSearchResult&service=direct&session=T&sp=SNVA8Zv7FgxpRLb8ljtsoVg%3D%3D,Central Coalfields Limited||B&K
467,26,22-Sep-2025 06:00 PM,03-Oct-2025 09:00 AM,04-Oct-2025 09:00 AM,"[Providing, fitting of coupling, coupling  bolts and installation of protective device  for emergency stop operation  for smooth  operation of HT pumps at mines of  AKKOCP, BnK Area]","[Providing, fitting of coupling, coupling  bolts and installation of protective device  for emergency stop operation  for smooth  operation of HT pumps at mines of  AKKOCP, BnK Area]
																				[PE(EnM)/AKK OCP/e-tender/25-26/29  ][2025_CCL_344505_2]",https://etender.up.nic.in/nicgep/app?component=%24DirectLink_0&page=FrontEndAdvancedSearchResult&service=direct&session=T&sp=SScqOfOP1kFcIaz8RerD5JQ%3D%3D,Central Coalfields Limited||B&K
468,26,22-Sep-2025 06:00 PM,03-Oct-2025 09:00 AM,04-Oct-2025 09:00 AM,"[Fabrication of 8 inch 120 and 90 degree M S bend with providing 8 inch table D type flange for laying and maintenance of 8 inch pipeline for dewatering middle sump to out side mines premises w.r,t Konar Exp,BnK Area.]","[Fabrication of 8 inch 120 and 90 degree M S bend with providing 8 inch table D type flange for laying and maintenance of 8 inch pipeline for dewatering middle sump to out side mines premises w.r,t Konar Exp,BnK Area.]
																				[PE(EnM)/AKK OCP/e-tender/25-26/29  ][2025_CCL_344505_1]",https://etender.up.nic.in/nicgep/app?component=%24DirectLink_0&page=FrontEndAdvancedSearchResult&service=direct&session=T&sp=S%2Fy%2B4%2Fk3DYS3WozHXLs2lEg%3D%3D,Central Coalfields Limited||B&K
469,26,22-Sep-2025 06:00 PM,13-Oct-2025 05:00 PM,15-Oct-2025 11:00 AM,"[Renovation of MTI and Rajbhasa office complex located at Old MCL Corporate building at Anand Vihar, MCL HQ.]","[Renovation of MTI and Rajbhasa office complex located at Old MCL Corporate building at Anand Vihar, MCL HQ.]
																				[MCL/Samb/Civil-Wel/e Tender/25-26/14 dt 19/09/2025][2025_MCL_344411_1]",https://etender.up.nic.in/nicgep/app?component=%24DirectLink_0&page=FrontEndAdvancedSearchResult&service=direct&session=T&sp=SvOoNYyEdLBRlM5lbO3cWmg%3D%3D,Mahanadi Coalfields Limited||HQ CIVIL-WELFARE N CSR||CIVIL-WELFARE N CSR
470,26,22-Sep-2025 06:00 PM,04-Oct-2025 06:00 PM,06-Oct-2025 06:00 PM,"[Repairing of 01 No. BTL make 90 KW Belt Drive Unit Gear Box Spares  and 01 No. Radicon Make U-1200 gear box Spares, installed at Bartarai Colliery, Amadand UG Sub Area.]","[Repairing of 01 No. BTL make 90 KW Belt Drive Unit Gear Box Spares  and 01 No. Radicon Make U-1200 gear box Spares, installed at Bartarai Colliery, Amadand UG Sub Area.]
																				[SECL/JK/SO(EnM)/eNIT/25-26/40][2025_SECL_344476_1]",https://etender.up.nic.in/nicgep/app?component=%24DirectLink_0&page=FrontEndAdvancedSearchResult&service=direct&session=T&sp=S%2Fjo9cI2gM5vlgNyC2vQu6g%3D%3D,South Eastern Coalfields Limited||Jamuna & Kotma Area
471,26,22-Sep-2025 06:00 PM,03-Oct-2025 05:00 PM,04-Oct-2025 10:00 AM,[Repairing of both side hoist cylinder support (LHS and RHS) of 02 nos. of Komatsu make Dumper Model HD465-7EO Sl.no. 10298 and 10339 of Gidi-C Colliery.],"[Repairing of both side hoist cylinder support (LHS and RHS) of 02 nos. of Komatsu make Dumper Model HD465-7EO Sl.no. 10298 and 10339 of Gidi-C Colliery.]
																				[SO(X)(A)/e-NIT/42/25-26/135][2025_CCL_344500_1]",https://etender.up.nic.in/nicgep/app?component=%24DirectLink_0&page=FrontEndAdvancedSearchResult&service=direct&session=T&sp=Sh4qQuV8tZFwbc%2FNXFEXVuA%3D%3D,Central Coalfields Limited||Argada
472,26,22-Sep-2025 06:00 PM,04-Oct-2025 06:00 PM,06-Oct-2025 06:00 PM,[Repairing of Sub-assemblies and Spares of Eimco-Elecon make LHD 1033 model No. 811 at Bhadra 7-8 Mine of Bhadra Sub Area],"[Repairing of Sub-assemblies and Spares of Eimco-Elecon make LHD 1033 model No. 811 at Bhadra 7-8 Mine of Bhadra Sub Area]
																				[SECL/JK/SO(EnM)/eNIT/25-26/39][2025_SECL_344466_1]",https://etender.up.nic.in/nicgep/app?component=%24DirectLink_0&page=FrontEndAdvancedSearchResult&service=direct&session=T&sp=SR1kRJTQFMtDgKH6ZXoNcgQ%3D%3D,South Eastern Coalfields Limited||Jamuna & Kotma Area
473,26,22-Sep-2025 06:00 PM,03-Oct-2025 06:00 PM,04-Oct-2025 11:00 AM,"[Repairing of boundary wall along mq quarter side from Rampur out post to 11th pit Sub station under RSA,OA]","[Repairing of boundary wall along mq quarter side from Rampur out post to 11th pit Sub station under RSA,OA]
																				[MCL/GM/OA/SO(C)/e-T/25-26/22 dtd.22.09.2025][2025_MCL_344489_1]",https://etender.up.nic.in/nicgep/app?component=%24DirectLink_0&page=FrontEndAdvancedSearchResult&service=direct&session=T&sp=SfhLha1p8r0li%2FqDy2bDRbw%3D%3D,Mahanadi Coalfields Limited||ORIENT AREA||ORIEN_CIVIL||CIVIL
474,26,22-Sep-2025 06:00 PM,08-Oct-2025 06:00 PM,09-Oct-2025 10:00 AM,"[Dust suppression on road at different location including fire combating at coal stock, coal face and OB face by (9KL-12KL-15KL) Capacity water tanker at Chirimiri OC of Chirimiri Area.]","[Dust suppression on road at different location including fire combating at coal stock, coal face and OB face by (9KL-12KL-15KL) Capacity water tanker at Chirimiri OC of Chirimiri Area.]
																				[SECL/CHRM/ Dy. GMC/25-26/e-Tender/45 dt. 22.09.2025][2025_SECL_344493_1]",https://etender.up.nic.in/nicgep/app?component=%24DirectLink_0&page=FrontEndAdvancedSearchResult&service=direct&session=T&sp=SgntX5JINP6q%2B6EkcTJ6UUw%3D%3D,South Eastern Coalfields Limited||Chirimiri Area
475,26,22-Sep-2025 06:00 PM,03-Oct-2025 06:00 PM,04-Oct-2025 10:00 AM,"[White washing, colour washing, repairing and other misc. civil work in community building at chirimiri OCP.]","[White washing, colour washing, repairing and other misc. civil work in community building at chirimiri OCP.]
																				[SECL/CHRM/ Dy. GMC/25-26/e-Tender/44 dt. 22.09.2025][2025_SECL_344482_1]",https://etender.up.nic.in/nicgep/app?component=%24DirectLink_0&page=FrontEndAdvancedSearchResult&service=direct&session=T&sp=SfMcMWWeRSe3Vn0mOk1pntQ%3D%3D,South Eastern Coalfields Limited||Chirimiri Area
476,26,22-Sep-2025 06:00 PM,03-Oct-2025 09:00 AM,04-Oct-2025 10:00 AM,[Providing and fixing of 06 Nos. interlocking arrangements of emergency tripping device for safety purpose of 11KV/3.3KV main substation BHK and 11KV/3.3KV substation Balkudra under Bhurkunda Colliery.],"[Providing and fixing of 06 Nos. interlocking arrangements of emergency tripping device for safety purpose of 11KV/3.3KV main substation BHK and 11KV/3.3KV substation Balkudra under Bhurkunda Colliery.]
																				[PE(EnM)/BHK/e Tender/25-26/25][2025_CCL_344474_1]",https://etender.up.nic.in/nicgep/app?component=%24DirectLink_0&page=FrontEndAdvancedSearchResult&service=direct&session=T&sp=Sdsqz713WkIH8adLdZ%2BlX3w%3D%3D,Central Coalfields Limited||Barka Syal
477,26,22-Sep-2025 06:00 PM,03-Oct-2025 09:00 AM,04-Oct-2025 10:00 AM,"[Providing and fixing of neutral resistor monitor relay, CT indicator lamp and current monitor relay and other items of 02 nos. 3.3KV grade NGR is installed at main 11KV/3.3KV main substation BHK and Balkudra 11KV/3.3KV substation under Bhurkunda Col.]","[Providing and fixing of neutral resistor monitor relay, CT indicator lamp and current monitor relay and other items of 02 nos. 3.3KV grade NGR is installed at main 11KV/3.3KV main substation BHK and Balkudra 11KV/3.3KV substation under Bhurkunda Col.]
																				[PE(EnM)/BHK/e Tender/25-26/24][2025_CCL_344471_1]",https://etender.up.nic.in/nicgep/app?component=%24DirectLink_0&page=FrontEndAdvancedSearchResult&service=direct&session=T&sp=SdqdxjibnYBGfMILSjgh8Mg%3D%3D,Central Coalfields Limited||Barka Syal
478,26,22-Sep-2025 06:00 PM,03-Oct-2025 03:00 PM,04-Oct-2025 04:00 PM,[Construction of Diesel Dispensing (DDU) room under Jarangdih colliery],"[Construction of Diesel Dispensing (DDU) room under Jarangdih colliery]
																				[PO/JRD/PE (C)/E-Tender/25-26/08	 Dt-22.09.2025][2025_CCL_344460_1]",https://etender.up.nic.in/nicgep/app?component=%24DirectLink_0&page=FrontEndAdvancedSearchResult&service=direct&session=T&sp=SG1Jj5O0UhQVbKGiyt5KW3w%3D%3D,Central Coalfields Limited||Kathara
479,26,22-Sep-2025 06:00 PM,03-Oct-2025 05:00 PM,04-Oct-2025 11:00 AM,"[Installation of Mesh type Lightning Arrestor System at Dakra Check Post and Repairing/ reconditioning of existing Mesh Type Lightning Arrestor System at Road Weighbridge No. 01 and 02 under Dakra Project, NK Area]","[Installation of Mesh type Lightning Arrestor System at Dakra Check Post and Repairing/ reconditioning of existing Mesh Type Lightning Arrestor System at Road Weighbridge No. 01 and 02 under Dakra Project, NK Area]
																				[GM (NK)/EnM/e-NIT/2025-26/89  ][2025_CCL_344459_1]",https://etender.up.nic.in/nicgep/app?component=%24DirectLink_0&page=FrontEndAdvancedSearchResult&service=direct&session=T&sp=SfHIeR83BdQZIB3bmiz0aFg%3D%3D,Central Coalfields Limited||NK Dakara
480,26,22-Sep-2025 06:00 PM,08-Oct-2025 05:00 PM,09-Oct-2025 10:00 AM,[Erection dismantling of LT OH line and light fittings complete at Haul road city road and surface lighting at different places like time office workshop lighting as and when required for a period of 730 days at Bharatpur OCP Bharatpur Area],"[Erection dismantling of LT OH line and light fittings complete at Haul road city road and surface lighting at different places like time office workshop lighting as and when required for a period of 730 days at Bharatpur OCP Bharatpur Area]
																				[MCL/GM BA/EnM/eTender/252625  Dated 22/09/2025][2025_MCL_344180_1]",https://etender.up.nic.in/nicgep/app?component=%24DirectLink_0&page=FrontEndAdvancedSearchResult&service=direct&session=T&sp=Sy9ZOyGYS7nK0grj%2BtSN%2BAg%3D%3D,Mahanadi Coalfields Limited||BHARATPUR AREA||BHART_E AND M||E AND M
261,13,25-Sep-2025 06:00 PM,06-Oct-2025 11:00 AM,07-Oct-2025 11:30 AM,[Major renovation and upgradation work of ladies toilets and minor repair works of gents toilets at AGM office under Town Administration of Umrer Area.],"[Major renovation and upgradation work of ladies toilets and minor repair works of gents toilets at AGM office under Town Administration of Umrer Area.]
																				[um4550-civ-0041-2025-26][2025_WCL_344679_1]",https://etender.up.nic.in/nicgep/app?component=%24DirectLink_0&page=FrontEndAdvancedSearchResult&service=direct&session=T&sp=SYmD3ZjOo0VBQ052M4eVLaw%3D%3D,Western Coalfields Limited||UMR||UMR_Civil
262,13,25-Sep-2025 06:00 PM,06-Oct-2025 03:00 PM,07-Oct-2025 09:00 AM,"[Extension of 6 inch Diameter Pipeline for Dust Suppression at CHP, Birsa Project.]","[Extension of 6 inch Diameter Pipeline for Dust Suppression at CHP, Birsa Project.]
																				[PE(EnM)/BIRSA/ETENDER/25-26/26][2025_CCL_344694_1]",https://etender.up.nic.in/nicgep/app?component=%24DirectLink_0&page=FrontEndAdvancedSearchResult&service=direct&session=T&sp=S0xNV8oK38%2FyUUWiq5MxmNw%3D%3D,Central Coalfields Limited||Barka Syal
263,13,25-Sep-2025 06:00 PM,06-Oct-2025 06:00 PM,07-Oct-2025 10:00 AM,[Complete repairing and overhauling of 05 nos. hydraulic pump Batac jig for Fine Coal Jig of Main Plant of Kedla Washery.],"[Complete repairing and overhauling of 05 nos. hydraulic pump Batac jig for Fine Coal Jig of Main Plant of Kedla Washery.]
																				[PO/KW/E-TENDER/25-26/45, Date- 25.09.2025][2025_CCL_344674_1]",https://etender.up.nic.in/nicgep/app?component=%24DirectLink_0&page=FrontEndAdvancedSearchResult&service=direct&session=T&sp=SY9n3xoIUdDSKbvUDHcJYVw%3D%3D,Central Coalfields Limited||Hazaribag
264,13,25-Sep-2025 06:00 PM,06-Oct-2025 10:00 AM,07-Oct-2025 11:00 AM,"[Repair  maintenance of 11KV OH line from Dhori Sub-station to CCD Sub-station under CCD, G.M. unit, Dhori Area.]","[Repair  maintenance of 11KV OH line from Dhori Sub-station to CCD Sub-station under CCD, G.M. unit, Dhori Area.]
																				[GM(D)/SO(EnM)/NIT/25-26/16][2025_CCL_344617_5]",https://etender.up.nic.in/nicgep/app?component=%24DirectLink_0&page=FrontEndAdvancedSearchResult&service=direct&session=T&sp=S%2Fq4UYha2XbziGB%2B%2FiF1FUQ%3D%3D,Central Coalfields Limited||Dhori
265,13,25-Sep-2025 06:00 PM,10-Oct-2025 11:00 AM,11-Oct-2025 11:00 AM,"[Repair and maintenance of Qtr. No. 2C-01, 2B-09, 2B-10, 2B-11, 2A-07 and 2A-01 under Gidi-A, Argada Area.]","[Repair and maintenance of Qtr. No. 2C-01, 2B-09, 2B-10, 2B-11, 2A-07 and 2A-01 under Gidi-A, Argada Area.]
																				[SO(C)(A)/e-Tender17/25-26/1868][2025_CCL_344623_1]",https://etender.up.nic.in/nicgep/app?component=%24DirectLink_0&page=FrontEndAdvancedSearchResult&service=direct&session=T&sp=SJHcABzelauEODdhPQDepFg%3D%3D,Central Coalfields Limited||Argada
301,5,24-Sep-2025 06:55 PM,04-Oct-2025 06:55 PM,06-Oct-2025 11:00 AM,"[Repairing and maintenance of 11 no. of 11KV GOAB and bus bar maintenance at colony substation ,IWSP substation and 10No substation of Sarubera Colliery under Kuju Area.]","[Repairing and maintenance of 11 no. of 11KV GOAB and bus bar maintenance at colony substation ,IWSP substation and 10No substation of Sarubera Colliery under Kuju Area.]
																				[GM (K)/EnM/eTender/25-26/156                                      ][2025_CCL_344665_1]",https://etender.up.nic.in/nicgep/app?component=%24DirectLink_0&page=FrontEndAdvancedSearchResult&service=direct&session=T&sp=SdrWj%2F%2Fr4KeKWeIyuUriT2A%3D%3D,Central Coalfields Limited||Kuju
266,13,25-Sep-2025 06:00 PM,10-Oct-2025 11:00 AM,11-Oct-2025 11:00 AM,"[Repair of existing Blacktop road from Hospital Chowk to Satnam Singh Chowk under Gidi-A OCP, Argada Area]","[Repair of existing Blacktop road from Hospital Chowk to Satnam Singh Chowk under Gidi-A OCP, Argada Area]
																				[SO(C)(A)/e-Tender16/25-26/1867 ][2025_CCL_344622_1]",https://etender.up.nic.in/nicgep/app?component=%24DirectLink_0&page=FrontEndAdvancedSearchResult&service=direct&session=T&sp=S60Y4sbp9M%2FojwwCAXIsfUw%3D%3D,Central Coalfields Limited||Argada
302,5,24-Sep-2025 06:55 PM,06-Oct-2025 10:00 AM,07-Oct-2025 10:00 AM,[Providing pipeline from mine water discharge point to fire hydrant reservoir at Krishnashila Project.],"[Providing pipeline from mine water discharge point to fire hydrant reservoir at Krishnashila Project.]
																				[ 	KSL/Civil/Tender/2025-26/ ETN-08 Dated. 24.09.2025][2025_NCL_344615_1]",https://etender.up.nic.in/nicgep/app?component=%24DirectLink_0&page=FrontEndAdvancedSearchResult&service=direct&session=T&sp=Sth855anshGF26zYTGOvOGg%3D%3D,Northern Coalfields Limited||Krishnashila Project
267,13,25-Sep-2025 06:00 PM,06-Oct-2025 06:00 PM,08-Oct-2025 11:00 AM,"[Construction of meditation hall adjacent -Temple, Koyla Nagar]","[Construction of meditation hall adjacent -Temple, Koyla Nagar]
																				[BCCL/CED/TC/eNIT-25/25-26/545 Dated 23.09.2025 ][2025_BCCL_344574_1]",https://etender.up.nic.in/nicgep/app?component=%24DirectLink_0&page=FrontEndAdvancedSearchResult&service=direct&session=T&sp=Sdp1aIpXYl9uw9mHln94NLw%3D%3D,Bharat Coking Coal Limited||BCCL-Hqrs||HQ_CIVIL
303,5,24-Sep-2025 06:55 PM,13-Oct-2025 11:00 AM,14-Oct-2025 11:00 AM,[Providing and fixing concertina fencing around new B type sectors (7 to 16) at Nigahi Project],"[Providing and fixing concertina fencing around new B type sectors (7 to 16) at Nigahi Project]
																				[NGH/C/25-26/ETN-22 Dated 23.09.2025][2025_NCL_344649_1]",https://etender.up.nic.in/nicgep/app?component=%24DirectLink_0&page=FrontEndAdvancedSearchResult&service=direct&session=T&sp=S2cnm7pGRb9IAq8wjipwjxg%3D%3D,Northern Coalfields Limited||Nigahi Project
304,5,24-Sep-2025 06:55 PM,06-Oct-2025 10:00 AM,07-Oct-2025 10:00 AM,[Preparation of safety week 2025-26 in mine area at Krishanshila Project.],"[Preparation of safety week 2025-26 in mine area at Krishanshila Project.]
																				[ 	KSL/Civil/Tender/2025-26/ ETN-09 Dated. 24.09.2025][2025_NCL_344651_1]",https://etender.up.nic.in/nicgep/app?component=%24DirectLink_0&page=FrontEndAdvancedSearchResult&service=direct&session=T&sp=Srn9pH06M2CK2GWY6s9IJEQ%3D%3D,Northern Coalfields Limited||Krishnashila Project
268,13,25-Sep-2025 06:00 PM,07-Oct-2025 06:00 PM,08-Oct-2025 12:00 PM,[Cleaning Slurry debris along 2nd Dip Sump in R VI seam at MIC Unit of Jhanjra Project Colliery],"[Cleaning Slurry debris along 2nd Dip Sump in R VI seam at MIC Unit of Jhanjra Project Colliery]
																				[ECL/GM/JNR/MIN.A/25-26/19 Dt. 23.09.2025][2025_ECL_344599_1]",https://etender.up.nic.in/nicgep/app?component=%24DirectLink_0&page=FrontEndAdvancedSearchResult&service=direct&session=T&sp=Sg1YGUD6RQmM%2BHIbpR2ptyw%3D%3D,Eastern Coalfields Limited||ECL_Jhanjra area
305,5,24-Sep-2025 06:55 PM,13-Oct-2025 11:00 AM,14-Oct-2025 11:00 AM,"[Recarpetting of approach and internal roads of C type (Quarters Sector 3 to 5) , D type , B type Sector 7 to 14 and other prominent locations  at Nigahi Project (Phase -III)]","[Recarpetting of approach and internal roads of C type (Quarters Sector 3 to 5) , D type , B type Sector 7 to 14 and other prominent locations  at Nigahi Project (Phase -III)]
																				[NGH/C/25-26/ETN-23 Dated 23.09.2025][2025_NCL_344653_1]",https://etender.up.nic.in/nicgep/app?component=%24DirectLink_0&page=FrontEndAdvancedSearchResult&service=direct&session=T&sp=SnAzWrj8lXWsaQPx3YoPCng%3D%3D,Northern Coalfields Limited||Nigahi Project
269,13,25-Sep-2025 05:00 PM,06-Oct-2025 05:00 PM,07-Oct-2025 05:00 PM,[Renovation of GM cabin at GM Office building under Kenda Area],"[Renovation of GM cabin at GM Office building under Kenda Area]
																				[ECL/GM/Knd/AE(C)/ e-tender/25-26/78 dated 20.09.2025][2025_ECL_344548_1]",https://etender.up.nic.in/nicgep/app?component=%24DirectLink_0&page=FrontEndAdvancedSearchResult&service=direct&session=T&sp=SlSy2ribW3VHj84%2FMQxKdQw%3D%3D,Eastern Coalfields Limited||ECL_Kenda area
306,5,24-Sep-2025 06:55 PM,04-Oct-2025 06:55 PM,06-Oct-2025 11:00 AM,"[Supply and fixing of UPS Backup system of 02 nos, weighbridges installed at Karma Project Under Kuju Area.]","[Supply and fixing of UPS Backup system of 02 nos, weighbridges installed at Karma Project Under Kuju Area.]
																				[GM (K)/EnM/eTender/25-26/144 ][2025_CCL_344658_1]",https://etender.up.nic.in/nicgep/app?component=%24DirectLink_0&page=FrontEndAdvancedSearchResult&service=direct&session=T&sp=SIBh3u5mvtDgCgeoeO4mTIA%3D%3D,Central Coalfields Limited||Kuju
270,13,25-Sep-2025 05:00 PM,06-Oct-2025 05:00 PM,07-Oct-2025 05:00 PM,[Repairing of 2 Nos. Community Centre at East Kenda Colony at New Kenda Colliery],"[Repairing of 2 Nos. Community Centre at East Kenda Colony at New Kenda Colliery]
																				[ECL/GM/Knd/AE(C)/ e-tender/25-26/80 dated 20.09.2025][2025_ECL_344556_1]",https://etender.up.nic.in/nicgep/app?component=%24DirectLink_0&page=FrontEndAdvancedSearchResult&service=direct&session=T&sp=SWSNOZPtiuDc3z%2FXSlatBZw%3D%3D,Eastern Coalfields Limited||ECL_Kenda area
307,5,24-Sep-2025 06:55 PM,04-Oct-2025 06:55 PM,06-Oct-2025 11:00 AM,"[Fabrication and installation of 50mm dia U-PVC Pipeline 300 mtrs and 25 mm dia UPVC pipeline 240 mtrs for day to day water use at PO Office, Executive rest house and AC Canteen connecting with existing 150mm dia pipeline at Karma OCP under Kuju area.]","[Fabrication and installation of 50mm dia U-PVC Pipeline 300 mtrs and 25 mm dia UPVC pipeline 240 mtrs for day to day water use at PO Office, Executive rest house and AC Canteen connecting with existing 150mm dia pipeline at Karma OCP under Kuju area.]
																				[GM (K)/EnM/eTender/25-26/145][2025_CCL_344662_1]",https://etender.up.nic.in/nicgep/app?component=%24DirectLink_0&page=FrontEndAdvancedSearchResult&service=direct&session=T&sp=SfuOy93Ekn4sb%2BT5O3NhllA%3D%3D,Central Coalfields Limited||Kuju
271,13,25-Sep-2025 05:00 PM,06-Oct-2025 05:00 PM,07-Oct-2025 05:00 PM,[Supplying and laying hume pipe at CL Jamabd OC under Kenda Area],"[Supplying and laying hume pipe at CL Jamabd OC under Kenda Area]
																				[ECL/GM/Knd/AE(C)/ e-tender/25-26/79 dated 20.09.2025][2025_ECL_344554_1]",https://etender.up.nic.in/nicgep/app?component=%24DirectLink_0&page=FrontEndAdvancedSearchResult&service=direct&session=T&sp=SjdhRbYo4iAPOGLLIi5HZPw%3D%3D,Eastern Coalfields Limited||ECL_Kenda area
308,5,24-Sep-2025 06:55 PM,04-Oct-2025 06:55 PM,06-Oct-2025 11:00 AM,[Fabrication and installation of 02 numbers Water Tanker point at Topa Project under Kuju Area.],"[Fabrication and installation of 02 numbers Water Tanker point at Topa Project under Kuju Area.]
																				[GM (K)/EnM/eTender/25-26/146][2025_CCL_344656_1]",https://etender.up.nic.in/nicgep/app?component=%24DirectLink_0&page=FrontEndAdvancedSearchResult&service=direct&session=T&sp=S8KaFrdXKWNEps3QbZvIR2Q%3D%3D,Central Coalfields Limited||Kuju
272,13,25-Sep-2025 05:00 PM,11-Oct-2025 05:00 PM,13-Oct-2025 11:00 AM,"[Thorough repairing of CVO office building and security room at Barachak house under HQ, ECL]","[Thorough repairing of CVO office building and security room at Barachak house under HQ, ECL]
																				[ECL/HQ/GM(c)/e-Tender/25-26/16 Date 23.09.2025][2025_ECL_344594_1]",https://etender.up.nic.in/nicgep/app?component=%24DirectLink_0&page=FrontEndAdvancedSearchResult&service=direct&session=T&sp=SMzwvJwmphYlasBqvoubQew%3D%3D,Eastern Coalfields Limited||ECL_Head quarter ||HQ_CIVIL
309,5,24-Sep-2025 06:00 PM,06-Oct-2025 06:00 PM,07-Oct-2025 11:00 AM,[Renovation of pond at Telenkachar under Bundia village Kudopali GP under CSR activity of OA],"[Renovation of pond at Telenkachar under Bundia village Kudopali GP under CSR activity of OA]
																				[MCL/GM/OA/SO(C)/e-T/25-26/23 dtd.24.09.2025][2025_MCL_344606_1]",https://etender.up.nic.in/nicgep/app?component=%24DirectLink_0&page=FrontEndAdvancedSearchResult&service=direct&session=T&sp=SuiNoOc%2FBAZIY1%2Baip2zEEg%3D%3D,Mahanadi Coalfields Limited||ORIENT AREA||ORIEN_CIVIL||CIVIL
461,24,22-Sep-2025 06:30 PM,07-Oct-2025 05:00 PM,08-Oct-2025 11:00 AM,"[Re-tender Supply of 350 no. of Decorated Plastic Pots for a size of 14 inches and 8 inches with bottom tray and variety of Indoor or Ornamental Plants upto 04 feet and plantation at GM Office, Kaniha Area, MCL]","[Re-tender Supply of 350 no. of Decorated Plastic Pots for a size of 14 inches and 8 inches with bottom tray and variety of Indoor or Ornamental Plants upto 04 feet and plantation at GM Office, Kaniha Area, MCL]
																				[GM(KA)/ENVT/2025-26/RT/01 DT22.09.2025][2025_MCL_341942_1]",https://etender.up.nic.in/nicgep/app?component=%24DirectLink_0&page=FrontEndAdvancedSearchResult&service=direct&session=T&sp=Si0yun8TsbgT7gSTxIRaTEw%3D%3D,Mahanadi Coalfields Limited||KANIHA AREA||KANIHA_ENVT||ENVIRONMENT
310,5,24-Sep-2025 06:00 PM,06-Oct-2025 11:00 AM,07-Oct-2025 11:30 AM,"[Repair of magazine and watch tower of Umrer Area with rcc pathway, concertina coil fencing and hardstand for parking at Umrer Area.]","[Repair of magazine and watch tower of Umrer Area with rcc pathway, concertina coil fencing and hardstand for parking at Umrer Area.]
																				[um4550-civ-0040-2025-26][2025_WCL_344613_1]",https://etender.up.nic.in/nicgep/app?component=%24DirectLink_0&page=FrontEndAdvancedSearchResult&service=direct&session=T&sp=SR%2FuErJ%2FsPhIAYD6fhSXwxw%3D%3D,Western Coalfields Limited||UMR||UMR_Civil
273,13,25-Sep-2025 05:00 PM,13-Oct-2025 05:00 PM,14-Oct-2025 11:00 AM,[Annual Horticulture works in various gardens at Pragati Nagar colony of Dipka Area],"[Annual Horticulture works in various gardens at Pragati Nagar colony of Dipka Area]
																				[SECL/DA/CIV/e-TENDER/25-26/57 dated 25-09-2025][2025_SECL_344676_1]",https://etender.up.nic.in/nicgep/app?component=%24DirectLink_0&page=FrontEndAdvancedSearchResult&service=direct&session=T&sp=SYuwahOSbYUecEHc%2ByqRRpA%3D%3D,South Eastern Coalfields Limited||Dipika Area
311,5,24-Sep-2025 06:00 PM,06-Oct-2025 05:00 PM,07-Oct-2025 10:00 AM,"[Repairing of Left side final drive planetary gear box, track roller 07 nos. (LHS) and Carrier Roller 02 nos. (LHS) of LnT make CK-300E Shovel Sl.no.E-164 of Gidi-C Colliery.]","[Repairing of Left side final drive planetary gear box, track roller 07 nos. (LHS) and Carrier Roller 02 nos. (LHS) of LnT make CK-300E Shovel Sl.no.E-164 of Gidi-C Colliery.]
																				[SO(X)(A)/e-NIT/45/25-26/138][2025_CCL_344639_1]",https://etender.up.nic.in/nicgep/app?component=%24DirectLink_0&page=FrontEndAdvancedSearchResult&service=direct&session=T&sp=SbIs7PmOxeLOtG9Reu%2B%2BPkw%3D%3D,Central Coalfields Limited||Argada
462,24,22-Sep-2025 06:30 PM,03-Oct-2025 05:00 PM,05-Oct-2025 11:00 AM,[Laying of 03 Nos new pipelines vertically on OB Benches towards the North side of the mine from Main Sump at SOCP Mine.],"[Laying of 03 Nos new pipelines vertically on OB Benches towards the North side of the mine from Main Sump at SOCP Mine.]
																				[MCL/GM/IBV/ENM/etender/112283 Dated.22.09.2025][2025_MCL_344477_1]",https://etender.up.nic.in/nicgep/app?component=%24DirectLink_0&page=FrontEndAdvancedSearchResult&service=direct&session=T&sp=SFlivDgrPIr5Ytj%2FqedWQOA%3D%3D,Mahanadi Coalfields Limited||IB VALLEY AREA||IBV_E AND M||E AND M
274,13,25-Sep-2025 05:00 PM,06-Oct-2025 05:00 PM,07-Oct-2025 05:00 PM,[Construction of boundary wall and fencing with barbed wire around the Diesel Dispensing Unit at Shankarpur OCP under Kenda Area],"[Construction of boundary wall and fencing with barbed wire around the Diesel Dispensing Unit at Shankarpur OCP under Kenda Area]
																				[ECL/GM/Knd/AE(C)/ e-tender/25-26/77 dated 20.09.2025][2025_ECL_344494_1]",https://etender.up.nic.in/nicgep/app?component=%24DirectLink_0&page=FrontEndAdvancedSearchResult&service=direct&session=T&sp=SeTP2dcGUtiL2%2BSWXt8y8Kw%3D%3D,Eastern Coalfields Limited||ECL_Kenda area
312,5,24-Sep-2025 06:00 PM,15-Oct-2025 05:00 PM,17-Oct-2025 11:00 AM,"[Development of external drainage system of entire colony, Dust Bins, providing Paver Block over berms of main road of colony from front entrance to back entrance at Hilltop colony of SOCP under Ib Valley Area.]","[Development of external drainage system of entire colony, Dust Bins, providing Paver Block over berms of main road of colony from front entrance to back entrance at Hilltop colony of SOCP under Ib Valley Area.]
																				[MCL/Samb/Civil-Wel/e Tender/25-26/16 dt 24/09/2025][2025_MCL_344597_1]",https://etender.up.nic.in/nicgep/app?component=%24DirectLink_0&page=FrontEndAdvancedSearchResult&service=direct&session=T&sp=SNQfMHxOnhZnwhsr1m6f%2Bsw%3D%3D,Mahanadi Coalfields Limited||HQ CIVIL-WELFARE N CSR||CIVIL-WELFARE N CSR
463,24,22-Sep-2025 06:30 PM,03-Oct-2025 06:30 PM,04-Oct-2025 06:30 PM,"[Architectural and allied work for Preparation of DPR for Construction of STP(s) of total capacity 2.0 MLD  along with Sewer networks and associated developments at Koyla Nagar, BCCL, Dhanbad ]","[Architectural and allied work for Preparation of DPR for Construction of STP(s) of total capacity 2.0 MLD  along with Sewer networks and associated developments at Koyla Nagar, BCCL, Dhanbad ]
																				[CMPDI/CE/2025/617 dated 22.09.25][2025_CMPDI_344509_1]",https://etender.up.nic.in/nicgep/app?component=%24DirectLink_0&page=FrontEndAdvancedSearchResult&service=direct&session=T&sp=SdQMdTS9nAd527KljwuVeDA%3D%3D,Central Mine Planning and Design Institute Limited||Corporate Head Quarters||CHQ-Civil Department
275,13,25-Sep-2025 05:00 PM,04-Oct-2025 05:00 PM,06-Oct-2025 11:00 AM,"[Repairing of railing, platform, ladder, battery box etc. along with repairing and rectification of pressurized air system of WS 28-II Water sprinkler Sl. No. 28177 of Jharkhand OCP.]","[Repairing of railing, platform, ladder, battery box etc. along with repairing and rectification of pressurized air system of WS 28-II Water sprinkler Sl. No. 28177 of Jharkhand OCP.]
																				[PE(X)/JOCP/NIT/25-26/28             Dated - 25.09.2025][2025_CCL_344673_1]",https://etender.up.nic.in/nicgep/app?component=%24DirectLink_0&page=FrontEndAdvancedSearchResult&service=direct&session=T&sp=S1wijx0wS0Aj%2Fsw%2BnFPJpUw%3D%3D,Central Coalfields Limited||Hazaribag
313,5,24-Sep-2025 06:00 PM,06-Oct-2025 05:00 PM,07-Oct-2025 10:00 AM,"[Repairing of tower raising cylinder, rod centralizer bush, power pack canopy, 03 Nos. Leveling Jack of REL 650 Drill Sl. No. RDC 1482 of Religara Project.]","[Repairing of tower raising cylinder, rod centralizer bush, power pack canopy, 03 Nos. Leveling Jack of REL 650 Drill Sl. No. RDC 1482 of Religara Project.]
																				[SO(X)(A)/e-NIT/44/25-26/137][2025_CCL_344634_1]",https://etender.up.nic.in/nicgep/app?component=%24DirectLink_0&page=FrontEndAdvancedSearchResult&service=direct&session=T&sp=SweY%2FPSji35rRI09AGnfxZA%3D%3D,Central Coalfields Limited||Argada
276,13,25-Sep-2025 05:00 PM,06-Oct-2025 11:00 AM,07-Oct-2025 11:30 AM,[Repair and Maintenance of 02 (two) nos. 3.3 KV VCBs of Sirka Colliery under Argada Area],"[Repair and Maintenance of 02 (two) nos. 3.3 KV VCBs of Sirka Colliery under Argada Area]
																				[PO/SG/EnM/Sirka/eNIT/25-26/22][2025_CCL_344687_1]",https://etender.up.nic.in/nicgep/app?component=%24DirectLink_0&page=FrontEndAdvancedSearchResult&service=direct&session=T&sp=S5m26rG14SYJnhN8VyROFNg%3D%3D,Central Coalfields Limited||Argada
314,5,24-Sep-2025 06:00 PM,06-Oct-2025 11:00 AM,07-Oct-2025 11:30 AM,[Providing and fixing of HDPE pipeline from MKD Sump near TSMQ to Magazine of Umrer Area.],"[Providing and fixing of HDPE pipeline from MKD Sump near TSMQ to Magazine of Umrer Area.]
																				[um4550-civ-0040-2025-26][2025_WCL_344613_2]",https://etender.up.nic.in/nicgep/app?component=%24DirectLink_0&page=FrontEndAdvancedSearchResult&service=direct&session=T&sp=SrS6Pwsjbj2xgr2nHEqnkZg%3D%3D,Western Coalfields Limited||UMR||UMR_Civil
464,24,22-Sep-2025 06:00 PM,03-Oct-2025 06:00 PM,04-Oct-2025 10:00 AM,[Maintenance and plantation at Chhat Ghat premises of NCPH Sub Area.],"[Maintenance and plantation at Chhat Ghat premises of NCPH Sub Area.]
																				[SECL/CHRM/ Dy. GMC/25-26/e-Tender/46 dt. 22.09.2025][2025_SECL_344496_1]",https://etender.up.nic.in/nicgep/app?component=%24DirectLink_0&page=FrontEndAdvancedSearchResult&service=direct&session=T&sp=SVIj97V0oW0Be0HoumzNM4A%3D%3D,South Eastern Coalfields Limited||Chirimiri Area
315,5,24-Sep-2025 06:00 PM,06-Oct-2025 05:00 PM,07-Oct-2025 10:00 AM,"[Repairing of both side steering cylinder, Rotating jaw, Rear axle arm, Battery Box, Slide cylinder and counterweight of BEML Tyre handler model BL14TH, Sl no. 18120 of Gidi-C Colliery.]","[Repairing of both side steering cylinder, Rotating jaw, Rear axle arm, Battery Box, Slide cylinder and counterweight of BEML Tyre handler model BL14TH, Sl no. 18120 of Gidi-C Colliery.]
																				[SO(X)(A)/e-NIT/43/25-26/136][2025_CCL_344620_1]",https://etender.up.nic.in/nicgep/app?component=%24DirectLink_0&page=FrontEndAdvancedSearchResult&service=direct&session=T&sp=S1LGUxw44NEry5gkT1ADYzA%3D%3D,Central Coalfields Limited||Argada
277,13,25-Sep-2025 05:00 PM,04-Oct-2025 05:00 PM,06-Oct-2025 11:00 AM,[Repairing of worn out and damaged bucket assembly of CAT 988H pay loader Sl. No. FEL 272/A7A00283 of Jharkhand OCP.],"[Repairing of worn out and damaged bucket assembly of CAT 988H pay loader Sl. No. FEL 272/A7A00283 of Jharkhand OCP.]
																				[PE(X)/JOCP/NIT/25-26/29      Dated - 25.09.2025][2025_CCL_344677_1]",https://etender.up.nic.in/nicgep/app?component=%24DirectLink_0&page=FrontEndAdvancedSearchResult&service=direct&session=T&sp=SzJqLM%2BMnrAdUFnCIUTXbxw%3D%3D,Central Coalfields Limited||Hazaribag
465,24,22-Sep-2025 06:00 PM,03-Oct-2025 09:00 AM,04-Oct-2025 09:00 AM,"[On-site repairing and commissioning of  under wearing wages, crusher drum roll  with lifting frame and flight assembly and  walk assembly platform for feeder breaker  No.- 2, BWF make at JRD Rly Siding PF-1 AKKOCP]","[On-site repairing and commissioning of  under wearing wages, crusher drum roll  with lifting frame and flight assembly and  walk assembly platform for feeder breaker  No.- 2, BWF make at JRD Rly Siding PF-1 AKKOCP]
																				[PE(EnM)/AKK OCP/e-tender/25-26/29  ][2025_CCL_344505_4]",https://etender.up.nic.in/nicgep/app?component=%24DirectLink_0&page=FrontEndAdvancedSearchResult&service=direct&session=T&sp=SAzgP1Lo%2Bda9a%2BGieWJSzvQ%3D%3D,Central Coalfields Limited||B&K
316,5,24-Sep-2025 06:00 PM,06-Oct-2025 11:00 AM,07-Oct-2025 11:00 AM,"[Fitment of safety glasses of operator cabin , cabin window glasses, front cabin glasses with rubber bead and denting work etc. in all models of dumpers, water tankers, water sprinkler and cranes.]","[Fitment of safety glasses of operator cabin , cabin window glasses, front cabin glasses with rubber bead and denting work etc. in all models of dumpers, water tankers, water sprinkler and cranes.]
																				[JNT/GM(Excv)/E-tender/25-26/29][2025_NCL_344525_1]",https://etender.up.nic.in/nicgep/app?component=%24DirectLink_0&page=FrontEndAdvancedSearchResult&service=direct&session=T&sp=SB0fFID%2F5sCYQyHDaAX%2B3XA%3D%3D,Northern Coalfields Limited||Jayant Project
278,13,25-Sep-2025 05:00 PM,10-Oct-2025 05:00 PM,11-Oct-2025 05:00 PM,[1.Reorganization of overhead line  2. Cleaning of electrical substation  3. 24 nos straight through cable joints  4. Supply and installation of 12 nos of gang switch  5. Supply and installation of insulating mat],"[1.Reorganization of overhead line  2. Cleaning of electrical substation  3. 24 nos straight through cable joints  4. Supply and installation of 12 nos of gang switch  5. Supply and installation of insulating mat]
																				[GM/KND/AE(ENM)/55(TN)/25-26/44][2025_ECL_344688_1]",https://etender.up.nic.in/nicgep/app?component=%24DirectLink_0&page=FrontEndAdvancedSearchResult&service=direct&session=T&sp=S0uLLawcXxW%2Fi9EqYNe84wQ%3D%3D,Eastern Coalfields Limited||ECL_Kenda area
317,5,24-Sep-2025 06:00 PM,06-Oct-2025 11:00 AM,07-Oct-2025 11:00 AM,[Repairing of 04 Nos. Operator Seats of Shovels and Drills of Jayant Project.],"[Repairing of 04 Nos. Operator Seats of Shovels and Drills of Jayant Project.]
																				[JNT/GM(Excv)/E-tender/25-26/30][2025_NCL_344526_1]",https://etender.up.nic.in/nicgep/app?component=%24DirectLink_0&page=FrontEndAdvancedSearchResult&service=direct&session=T&sp=SuxZ2Nmra0d4XYFTnIcL2eQ%3D%3D,Northern Coalfields Limited||Jayant Project
279,13,25-Sep-2025 05:00 PM,06-Oct-2025 05:00 PM,07-Oct-2025 05:00 PM,[Supply and installation of Audio-Visual Warning System at Different Location Underground haulage of Bahula Colliery],"[Supply and installation of Audio-Visual Warning System at Different Location Underground haulage of Bahula Colliery]
																				[GM/KND/AE(ENM)/55(TN)/25-26/45][2025_ECL_344689_1]",https://etender.up.nic.in/nicgep/app?component=%24DirectLink_0&page=FrontEndAdvancedSearchResult&service=direct&session=T&sp=SLvyGASt2u%2FSCkvQX00CnaA%3D%3D,Eastern Coalfields Limited||ECL_Kenda area
466,24,22-Sep-2025 06:00 PM,03-Oct-2025 09:00 AM,04-Oct-2025 09:00 AM,"[Providing ,Laying and fixing of 100 mm dia  G I pipe with welding and supply of 4inch  dia G I Flange for laying and maintenance  of existing pipe line from different location  of colony to meet domestic water demand   w.r.t konar exp ,OCP,BnK Area]","[Providing ,Laying and fixing of 100 mm dia  G I pipe with welding and supply of 4inch  dia G I Flange for laying and maintenance  of existing pipe line from different location  of colony to meet domestic water demand   w.r.t konar exp ,OCP,BnK Area]
																				[PE(EnM)/AKK OCP/e-tender/25-26/29  ][2025_CCL_344505_3]",https://etender.up.nic.in/nicgep/app?component=%24DirectLink_0&page=FrontEndAdvancedSearchResult&service=direct&session=T&sp=SNVA8Zv7FgxpRLb8ljtsoVg%3D%3D,Central Coalfields Limited||B&K
318,5,24-Sep-2025 06:00 PM,06-Oct-2025 10:00 AM,07-Oct-2025 10:00 AM,"[Development of central nursery at Salanpur Area, ECL]","[Development of central nursery at Salanpur Area, ECL]
																				[SLN/GM/AE(C)/E-Tender/25-26/34 dt 20.09.2025][2025_ECL_344395_1]",https://etender.up.nic.in/nicgep/app?component=%24DirectLink_0&page=FrontEndAdvancedSearchResult&service=direct&session=T&sp=STembQOg%2FMM3a627dI96srw%3D%3D,Eastern Coalfields Limited||ECL_Salanpur area
280,13,25-Sep-2025 05:00 PM,06-Oct-2025 11:00 AM,07-Oct-2025 11:30 AM,"[Complete repairing and rewinding of 01 Nos. 110 KW, 550 V, 1470 RPM and 01 Nos. 90 KW, 550 V, 1470 RPM Induction Motors of Sirka Colliery under Argada Area.]","[Complete repairing and rewinding of 01 Nos. 110 KW, 550 V, 1470 RPM and 01 Nos. 90 KW, 550 V, 1470 RPM Induction Motors of Sirka Colliery under Argada Area.]
																				[PO/SG/EnM/Sirka/eNIT/25-26/21][2025_CCL_344686_1]",https://etender.up.nic.in/nicgep/app?component=%24DirectLink_0&page=FrontEndAdvancedSearchResult&service=direct&session=T&sp=SzIJM09gnPufGMvFEsojNjw%3D%3D,Central Coalfields Limited||Argada
467,24,22-Sep-2025 06:00 PM,03-Oct-2025 09:00 AM,04-Oct-2025 09:00 AM,"[Providing, fitting of coupling, coupling  bolts and installation of protective device  for emergency stop operation  for smooth  operation of HT pumps at mines of  AKKOCP, BnK Area]","[Providing, fitting of coupling, coupling  bolts and installation of protective device  for emergency stop operation  for smooth  operation of HT pumps at mines of  AKKOCP, BnK Area]
																				[PE(EnM)/AKK OCP/e-tender/25-26/29  ][2025_CCL_344505_2]",https://etender.up.nic.in/nicgep/app?component=%24DirectLink_0&page=FrontEndAdvancedSearchResult&service=direct&session=T&sp=SScqOfOP1kFcIaz8RerD5JQ%3D%3D,Central Coalfields Limited||B&K
319,5,24-Sep-2025 06:00 PM,06-Oct-2025 11:00 AM,07-Oct-2025 11:00 AM,[Dismantling of poles and conductors at new railway siding and repair and maintenance of 440 Volt O/H L.T line for power supply from LVS Section to P.O Office (KTW) and RLB Section to Weigh Bridge No. 2 under Kathara Washery],"[Dismantling of poles and conductors at new railway siding and repair and maintenance of 440 Volt O/H L.T line for power supply from LVS Section to P.O Office (KTW) and RLB Section to Weigh Bridge No. 2 under Kathara Washery]
																				[PO/KTW/EnM/eTen/25-26/65 Dated-24.09.2025][2025_CCL_344611_1]",https://etender.up.nic.in/nicgep/app?component=%24DirectLink_0&page=FrontEndAdvancedSearchResult&service=direct&session=T&sp=SgWTL1pDRoUTz%2FGHK8tfpmQ%3D%3D,Central Coalfields Limited||Kathara
320,5,24-Sep-2025 06:00 PM,10-Oct-2025 10:00 AM,11-Oct-2025 10:00 AM,"[Operation of EI cabin, LC gate, Electrical and mechanical signalling works along with maintenance of railway track at Dalmiya private railway siding under Salanpur Area. (for 1 year)]","[Operation of EI cabin, LC gate, Electrical and mechanical signalling works along with maintenance of railway track at Dalmiya private railway siding under Salanpur Area. (for 1 year)]
																				[SLN/GM/AE(C)/E-Tender/25-26/35 dt 22.09.2025][2025_ECL_344513_1]",https://etender.up.nic.in/nicgep/app?component=%24DirectLink_0&page=FrontEndAdvancedSearchResult&service=direct&session=T&sp=SLmGUBzlm0ieX5LyLLri40Q%3D%3D,Eastern Coalfields Limited||ECL_Salanpur area
468,24,22-Sep-2025 06:00 PM,03-Oct-2025 09:00 AM,04-Oct-2025 09:00 AM,"[Fabrication of 8 inch 120 and 90 degree M S bend with providing 8 inch table D type flange for laying and maintenance of 8 inch pipeline for dewatering middle sump to out side mines premises w.r,t Konar Exp,BnK Area.]","[Fabrication of 8 inch 120 and 90 degree M S bend with providing 8 inch table D type flange for laying and maintenance of 8 inch pipeline for dewatering middle sump to out side mines premises w.r,t Konar Exp,BnK Area.]
																				[PE(EnM)/AKK OCP/e-tender/25-26/29  ][2025_CCL_344505_1]",https://etender.up.nic.in/nicgep/app?component=%24DirectLink_0&page=FrontEndAdvancedSearchResult&service=direct&session=T&sp=S%2Fy%2B4%2Fk3DYS3WozHXLs2lEg%3D%3D,Central Coalfields Limited||B&K
469,24,22-Sep-2025 06:00 PM,13-Oct-2025 05:00 PM,15-Oct-2025 11:00 AM,"[Renovation of MTI and Rajbhasa office complex located at Old MCL Corporate building at Anand Vihar, MCL HQ.]","[Renovation of MTI and Rajbhasa office complex located at Old MCL Corporate building at Anand Vihar, MCL HQ.]
																				[MCL/Samb/Civil-Wel/e Tender/25-26/14 dt 19/09/2025][2025_MCL_344411_1]",https://etender.up.nic.in/nicgep/app?component=%24DirectLink_0&page=FrontEndAdvancedSearchResult&service=direct&session=T&sp=SvOoNYyEdLBRlM5lbO3cWmg%3D%3D,Mahanadi Coalfields Limited||HQ CIVIL-WELFARE N CSR||CIVIL-WELFARE N CSR
470,24,22-Sep-2025 06:00 PM,04-Oct-2025 06:00 PM,06-Oct-2025 06:00 PM,"[Repairing of 01 No. BTL make 90 KW Belt Drive Unit Gear Box Spares  and 01 No. Radicon Make U-1200 gear box Spares, installed at Bartarai Colliery, Amadand UG Sub Area.]","[Repairing of 01 No. BTL make 90 KW Belt Drive Unit Gear Box Spares  and 01 No. Radicon Make U-1200 gear box Spares, installed at Bartarai Colliery, Amadand UG Sub Area.]
																				[SECL/JK/SO(EnM)/eNIT/25-26/40][2025_SECL_344476_1]",https://etender.up.nic.in/nicgep/app?component=%24DirectLink_0&page=FrontEndAdvancedSearchResult&service=direct&session=T&sp=S%2Fjo9cI2gM5vlgNyC2vQu6g%3D%3D,South Eastern Coalfields Limited||Jamuna & Kotma Area
471,24,22-Sep-2025 06:00 PM,03-Oct-2025 05:00 PM,04-Oct-2025 10:00 AM,[Repairing of both side hoist cylinder support (LHS and RHS) of 02 nos. of Komatsu make Dumper Model HD465-7EO Sl.no. 10298 and 10339 of Gidi-C Colliery.],"[Repairing of both side hoist cylinder support (LHS and RHS) of 02 nos. of Komatsu make Dumper Model HD465-7EO Sl.no. 10298 and 10339 of Gidi-C Colliery.]
																				[SO(X)(A)/e-NIT/42/25-26/135][2025_CCL_344500_1]",https://etender.up.nic.in/nicgep/app?component=%24DirectLink_0&page=FrontEndAdvancedSearchResult&service=direct&session=T&sp=Sh4qQuV8tZFwbc%2FNXFEXVuA%3D%3D,Central Coalfields Limited||Argada
472,24,22-Sep-2025 06:00 PM,04-Oct-2025 06:00 PM,06-Oct-2025 06:00 PM,[Repairing of Sub-assemblies and Spares of Eimco-Elecon make LHD 1033 model No. 811 at Bhadra 7-8 Mine of Bhadra Sub Area],"[Repairing of Sub-assemblies and Spares of Eimco-Elecon make LHD 1033 model No. 811 at Bhadra 7-8 Mine of Bhadra Sub Area]
																				[SECL/JK/SO(EnM)/eNIT/25-26/39][2025_SECL_344466_1]",https://etender.up.nic.in/nicgep/app?component=%24DirectLink_0&page=FrontEndAdvancedSearchResult&service=direct&session=T&sp=SR1kRJTQFMtDgKH6ZXoNcgQ%3D%3D,South Eastern Coalfields Limited||Jamuna & Kotma Area
473,24,22-Sep-2025 06:00 PM,03-Oct-2025 06:00 PM,04-Oct-2025 11:00 AM,"[Repairing of boundary wall along mq quarter side from Rampur out post to 11th pit Sub station under RSA,OA]","[Repairing of boundary wall along mq quarter side from Rampur out post to 11th pit Sub station under RSA,OA]
																				[MCL/GM/OA/SO(C)/e-T/25-26/22 dtd.22.09.2025][2025_MCL_344489_1]",https://etender.up.nic.in/nicgep/app?component=%24DirectLink_0&page=FrontEndAdvancedSearchResult&service=direct&session=T&sp=SfhLha1p8r0li%2FqDy2bDRbw%3D%3D,Mahanadi Coalfields Limited||ORIENT AREA||ORIEN_CIVIL||CIVIL
474,24,22-Sep-2025 06:00 PM,08-Oct-2025 06:00 PM,09-Oct-2025 10:00 AM,"[Dust suppression on road at different location including fire combating at coal stock, coal face and OB face by (9KL-12KL-15KL) Capacity water tanker at Chirimiri OC of Chirimiri Area.]","[Dust suppression on road at different location including fire combating at coal stock, coal face and OB face by (9KL-12KL-15KL) Capacity water tanker at Chirimiri OC of Chirimiri Area.]
																				[SECL/CHRM/ Dy. GMC/25-26/e-Tender/45 dt. 22.09.2025][2025_SECL_344493_1]",https://etender.up.nic.in/nicgep/app?component=%24DirectLink_0&page=FrontEndAdvancedSearchResult&service=direct&session=T&sp=SgntX5JINP6q%2B6EkcTJ6UUw%3D%3D,South Eastern Coalfields Limited||Chirimiri Area
475,24,22-Sep-2025 06:00 PM,03-Oct-2025 06:00 PM,04-Oct-2025 10:00 AM,"[White washing, colour washing, repairing and other misc. civil work in community building at chirimiri OCP.]","[White washing, colour washing, repairing and other misc. civil work in community building at chirimiri OCP.]
																				[SECL/CHRM/ Dy. GMC/25-26/e-Tender/44 dt. 22.09.2025][2025_SECL_344482_1]",https://etender.up.nic.in/nicgep/app?component=%24DirectLink_0&page=FrontEndAdvancedSearchResult&service=direct&session=T&sp=SfMcMWWeRSe3Vn0mOk1pntQ%3D%3D,South Eastern Coalfields Limited||Chirimiri Area
476,24,22-Sep-2025 06:00 PM,03-Oct-2025 09:00 AM,04-Oct-2025 10:00 AM,[Providing and fixing of 06 Nos. interlocking arrangements of emergency tripping device for safety purpose of 11KV/3.3KV main substation BHK and 11KV/3.3KV substation Balkudra under Bhurkunda Colliery.],"[Providing and fixing of 06 Nos. interlocking arrangements of emergency tripping device for safety purpose of 11KV/3.3KV main substation BHK and 11KV/3.3KV substation Balkudra under Bhurkunda Colliery.]
																				[PE(EnM)/BHK/e Tender/25-26/25][2025_CCL_344474_1]",https://etender.up.nic.in/nicgep/app?component=%24DirectLink_0&page=FrontEndAdvancedSearchResult&service=direct&session=T&sp=Sdsqz713WkIH8adLdZ%2BlX3w%3D%3D,Central Coalfields Limited||Barka Syal
477,24,22-Sep-2025 06:00 PM,03-Oct-2025 09:00 AM,04-Oct-2025 10:00 AM,"[Providing and fixing of neutral resistor monitor relay, CT indicator lamp and current monitor relay and other items of 02 nos. 3.3KV grade NGR is installed at main 11KV/3.3KV main substation BHK and Balkudra 11KV/3.3KV substation under Bhurkunda Col.]","[Providing and fixing of neutral resistor monitor relay, CT indicator lamp and current monitor relay and other items of 02 nos. 3.3KV grade NGR is installed at main 11KV/3.3KV main substation BHK and Balkudra 11KV/3.3KV substation under Bhurkunda Col.]
																				[PE(EnM)/BHK/e Tender/25-26/24][2025_CCL_344471_1]",https://etender.up.nic.in/nicgep/app?component=%24DirectLink_0&page=FrontEndAdvancedSearchResult&service=direct&session=T&sp=SdqdxjibnYBGfMILSjgh8Mg%3D%3D,Central Coalfields Limited||Barka Syal
478,24,22-Sep-2025 06:00 PM,03-Oct-2025 03:00 PM,04-Oct-2025 04:00 PM,[Construction of Diesel Dispensing (DDU) room under Jarangdih colliery],"[Construction of Diesel Dispensing (DDU) room under Jarangdih colliery]
																				[PO/JRD/PE (C)/E-Tender/25-26/08	 Dt-22.09.2025][2025_CCL_344460_1]",https://etender.up.nic.in/nicgep/app?component=%24DirectLink_0&page=FrontEndAdvancedSearchResult&service=direct&session=T&sp=SG1Jj5O0UhQVbKGiyt5KW3w%3D%3D,Central Coalfields Limited||Kathara
479,24,22-Sep-2025 06:00 PM,03-Oct-2025 05:00 PM,04-Oct-2025 11:00 AM,"[Installation of Mesh type Lightning Arrestor System at Dakra Check Post and Repairing/ reconditioning of existing Mesh Type Lightning Arrestor System at Road Weighbridge No. 01 and 02 under Dakra Project, NK Area]","[Installation of Mesh type Lightning Arrestor System at Dakra Check Post and Repairing/ reconditioning of existing Mesh Type Lightning Arrestor System at Road Weighbridge No. 01 and 02 under Dakra Project, NK Area]
																				[GM (NK)/EnM/e-NIT/2025-26/89  ][2025_CCL_344459_1]",https://etender.up.nic.in/nicgep/app?component=%24DirectLink_0&page=FrontEndAdvancedSearchResult&service=direct&session=T&sp=SfHIeR83BdQZIB3bmiz0aFg%3D%3D,Central Coalfields Limited||NK Dakara
480,24,22-Sep-2025 06:00 PM,08-Oct-2025 05:00 PM,09-Oct-2025 10:00 AM,[Erection dismantling of LT OH line and light fittings complete at Haul road city road and surface lighting at different places like time office workshop lighting as and when required for a period of 730 days at Bharatpur OCP Bharatpur Area],"[Erection dismantling of LT OH line and light fittings complete at Haul road city road and surface lighting at different places like time office workshop lighting as and when required for a period of 730 days at Bharatpur OCP Bharatpur Area]
																				[MCL/GM BA/EnM/eTender/252625  Dated 22/09/2025][2025_MCL_344180_1]",https://etender.up.nic.in/nicgep/app?component=%24DirectLink_0&page=FrontEndAdvancedSearchResult&service=direct&session=T&sp=Sy9ZOyGYS7nK0grj%2BtSN%2BAg%3D%3D,Mahanadi Coalfields Limited||BHARATPUR AREA||BHART_E AND M||E AND M
221,12,26-Sep-2025 01:00 PM,08-Oct-2025 06:00 PM,09-Oct-2025 11:00 AM,"[Complete Repairing and  rewinding of two nos.  150K.W,550V squirrel  Cage induction Motors Sl.  No. WS/150KW/05 and 07]","[Complete Repairing and  rewinding of two nos.  150K.W,550V squirrel  Cage induction Motors Sl.  No. WS/150KW/05 and 07]
																				[BCCL/WJA/AM(ENM)/25-26/RP-71][2025_BCCL_344737_1]",https://etender.up.nic.in/nicgep/app?component=%24DirectLink_0&page=FrontEndAdvancedSearchResult&service=direct&session=T&sp=SB40UR92Rct7NL6ytsyOrNQ%3D%3D,Bharat Coking Coal Limited||BCCL_WJ AREA
222,12,26-Sep-2025 01:00 PM,07-Oct-2025 10:00 AM,08-Oct-2025 11:00 AM,[Preparation of parking space for road sale vehicles near coal stock no. 34 under Magadh OCP of Magadh-Sanghmitra Area. (Retender)],"[Preparation of parking space for road sale vehicles near coal stock no. 34 under Magadh OCP of Magadh-Sanghmitra Area. (Retender)]
																				[GMMS/SOC/Tender/25-26/35/568][2025_CCL_344682_1]",https://etender.up.nic.in/nicgep/app?component=%24DirectLink_0&page=FrontEndAdvancedSearchResult&service=direct&session=T&sp=SoptLaZXYkEbcySbx7l2x9A%3D%3D,Central Coalfields Limited||Magadh and Amrapali
223,12,26-Sep-2025 12:00 PM,07-Oct-2025 12:00 PM,08-Oct-2025 12:00 PM,[Maintenance of (02) two nos. of rest shelter located mines near Ekg shovels with making of glass aluminium window with net (mesh) at JOCP under Hzb Area.],"[Maintenance of (02) two nos. of rest shelter located mines near Ekg shovels with making of glass aluminium window with net (mesh) at JOCP under Hzb Area.]
																				[PO/JOCP/EnM/Tender/25-26/18][2025_CCL_344735_1]",https://etender.up.nic.in/nicgep/app?component=%24DirectLink_0&page=FrontEndAdvancedSearchResult&service=direct&session=T&sp=Sb2iiXWnR67hkY8q6MU%2BBqQ%3D%3D,Central Coalfields Limited||Hazaribag
224,12,26-Sep-2025 12:00 PM,06-Oct-2025 01:00 PM,07-Oct-2025 02:00 PM,"[Re-commissioning of 140 MT in-motion pitless RDSO approved model Mfg. PRAGATI INSTRUMENTATION PVT. LTD., Model- CIM- 9000 rail weighbridge at Nimcha 1st UP line under NIMCHA ( R) Colliery under Satgram-Sripur Area]","[Re-commissioning of 140 MT in-motion pitless RDSO approved model Mfg. PRAGATI INSTRUMENTATION PVT. LTD., Model- CIM- 9000 rail weighbridge at Nimcha 1st UP line under NIMCHA ( R) Colliery under Satgram-Sripur Area]
																				[ECL/SSA/GM/E T/E-NIT/2025-26/01  Date 22.09.2025][2025_ECL_344722_1]",https://etender.up.nic.in/nicgep/app?component=%24DirectLink_0&page=FrontEndAdvancedSearchResult&service=direct&session=T&sp=SkqKXnwAfRB%2B0r46yKZRX2g%3D%3D,Eastern Coalfields Limited||ECL_Satgram area
225,12,26-Sep-2025 11:00 AM,08-Oct-2025 11:00 AM,09-Oct-2025 11:00 AM,[Shifting/re-routing of existing 3.3 KV HT overhead line due to mines expansion in  Bonjemihary Colliery under Salanpur area.],"[Shifting/re-routing of existing 3.3 KV HT overhead line due to mines expansion in  Bonjemihary Colliery under Salanpur area.]
																				[ECL/SLN/GM/EnM/ etender/25-26/20, dt24/09/2025][2025_ECL_344628_1]",https://etender.up.nic.in/nicgep/app?component=%24DirectLink_0&page=FrontEndAdvancedSearchResult&service=direct&session=T&sp=Smx23SoJO3pR0wTv8iUPvqA%3D%3D,Eastern Coalfields Limited||ECL_Salanpur area
226,12,26-Sep-2025 11:00 AM,08-Oct-2025 11:00 AM,09-Oct-2025 11:00 AM,[Supply and installation of PVC cable (LT grade) with AB cable for Lighting Line to Check post -01 from Receiving Substation under Bonjemihary OCP under Salanpur Area.],"[Supply and installation of PVC cable (LT grade) with AB cable for Lighting Line to Check post -01 from Receiving Substation under Bonjemihary OCP under Salanpur Area.]
																				[ECL/SLN/GM/EnM/ etender/25-26/22, dt-24.09.2025][2025_ECL_344633_1]",https://etender.up.nic.in/nicgep/app?component=%24DirectLink_0&page=FrontEndAdvancedSearchResult&service=direct&session=T&sp=SQfnLNtb6e%2BeQTf%2BPrKAg%2FQ%3D%3D,Eastern Coalfields Limited||ECL_Salanpur area
227,12,26-Sep-2025 11:00 AM,08-Oct-2025 11:00 AM,09-Oct-2025 11:00 AM,[Installation of 12 nos Chemical earth pit at 11KV Main Substation of Bonjemihary colliery under Salanpur Area.],"[Installation of 12 nos Chemical earth pit at 11KV Main Substation of Bonjemihary colliery under Salanpur Area.]
																				[ECL/SLN/GM/EnM/ etender/25-26/21 , dt 24.09.2025][2025_ECL_344630_1]",https://etender.up.nic.in/nicgep/app?component=%24DirectLink_0&page=FrontEndAdvancedSearchResult&service=direct&session=T&sp=SF4Wo%2Bz7Sk%2FOdw61yfp8EGw%3D%3D,Eastern Coalfields Limited||ECL_Salanpur area
228,12,26-Sep-2025 11:00 AM,08-Oct-2025 11:00 AM,09-Oct-2025 11:00 AM,[Installation of MS 6 inch dia 400 mtrs Pipeline towards old Kali Mandir for Mine water utilization of Bonjemihary colliery under Salanpur area.],"[Installation of MS 6 inch dia 400 mtrs Pipeline towards old Kali Mandir for Mine water utilization of Bonjemihary colliery under Salanpur area.]
																				[ECL/SLN/GM/EnM/ etender/25-26/23, dt-24.09.2025][2025_ECL_344685_1]",https://etender.up.nic.in/nicgep/app?component=%24DirectLink_0&page=FrontEndAdvancedSearchResult&service=direct&session=T&sp=SaQ3x%2BgZzN8ztSQU2x%2B3idQ%3D%3D,Eastern Coalfields Limited||ECL_Salanpur area
229,12,26-Sep-2025 10:00 AM,06-Oct-2025 05:00 PM,08-Oct-2025 11:00 AM,[Repair and Maintenance of western side mines edge surface road  at Hingula OCP under Hingula  Area ],"[Repair and Maintenance of western side mines edge surface road  at Hingula OCP under Hingula  Area ]
																				[MCL/GM(HA)/Civil/e-Tender/ 25-26/71 Dt.25.09.2025][2025_MCL_344703_1]",https://etender.up.nic.in/nicgep/app?component=%24DirectLink_0&page=FrontEndAdvancedSearchResult&service=direct&session=T&sp=SryL%2Fsgaf8wDUistTQnvQrQ%3D%3D,Mahanadi Coalfields Limited||HINGULA AREA||HING_CIVIL||CIVIL
230,12,26-Sep-2025 10:00 AM,08-Oct-2025 10:00 AM,09-Oct-2025 10:00 AM,[Side wall in RVIIA seam in Chora Block Incline Colliery under Kenda Area ECL],"[Side wall in RVIIA seam in Chora Block Incline Colliery under Kenda Area ECL]
																				[ECL/Knd/Sur/e-Ten/25-26/23 date 17.09.2025][2025_ECL_344276_1]",https://etender.up.nic.in/nicgep/app?component=%24DirectLink_0&page=FrontEndAdvancedSearchResult&service=direct&session=T&sp=SUJMMuY%2FZS%2FPwcUxQbke6rA%3D%3D,Eastern Coalfields Limited||ECL_Kenda area
231,12,26-Sep-2025 10:00 AM,06-Oct-2025 05:00 PM,07-Oct-2025 11:00 AM,"[Providing of temporary shed for Establishing Day to Day Vegetable, fruits and Misc. in the premises of Shopping Complex under Basundhara Area.]","[Providing of temporary shed for Establishing Day to Day Vegetable, fruits and Misc. in the premises of Shopping Complex under Basundhara Area.]
																				[MCL/GM/BA/C/e-Tender/25-26/21 dt.25.09.2025][2025_MCL_344701_1]",https://etender.up.nic.in/nicgep/app?component=%24DirectLink_0&page=FrontEndAdvancedSearchResult&service=direct&session=T&sp=SPu5hr%2FYV0vcwJNjLY8mIrw%3D%3D,Mahanadi Coalfields Limited||BASUNDHARA GARJANBAHAL AREA||BG _CIVIL||CIVIL
232,12,26-Sep-2025 10:00 AM,06-Oct-2025 05:00 PM,08-Oct-2025 11:00 AM,[Washing and painting of field canteen and rest shelter with aluminium partition of canteen at Balram OCP under Hingula Area.],"[Washing and painting of field canteen and rest shelter with aluminium partition of canteen at Balram OCP under Hingula Area.]
																				[MCL/GM(HA)/Civil/e-Tender/ 25-26/70 Dt.25.09.2025 ][2025_MCL_344698_1]",https://etender.up.nic.in/nicgep/app?component=%24DirectLink_0&page=FrontEndAdvancedSearchResult&service=direct&session=T&sp=SGEJisO%2FwjP6ud0OEJcwVGw%3D%3D,Mahanadi Coalfields Limited||HINGULA AREA||HING_CIVIL||CIVIL
233,12,26-Sep-2025 10:00 AM,07-Oct-2025 05:00 PM,09-Oct-2025 11:00 AM,[Renovation of lawn tennis court at Rajnagar under Raj Nagar RO Sub Area of Hasdeo Area.],"[Renovation of lawn tennis court at Rajnagar under Raj Nagar RO Sub Area of Hasdeo Area.]
																				[GM/HSD/C/e-Tender/25-26/32 Date 25.09.2025][2025_SECL_344702_1]",https://etender.up.nic.in/nicgep/app?component=%24DirectLink_0&page=FrontEndAdvancedSearchResult&service=direct&session=T&sp=SaeRIF8kt2KF26opqNiYCeA%3D%3D,South Eastern Coalfields Limited||Hasdeo Area
234,12,26-Sep-2025 10:00 AM,08-Oct-2025 10:00 AM,09-Oct-2025 10:00 AM,[Construction of R.C.C protective roofing at pit bottom of shaft no 2 and 3 of banbahal top RVII seam of Siduli Colliery under Kenda Area ECL],"[Construction of R.C.C protective roofing at pit bottom of shaft no 2 and 3 of banbahal top RVII seam of Siduli Colliery under Kenda Area ECL]
																				[ECL/Knd/Sur/e-Ten/25-26/25 date 17.09.2025][2025_ECL_344289_1]",https://etender.up.nic.in/nicgep/app?component=%24DirectLink_0&page=FrontEndAdvancedSearchResult&service=direct&session=T&sp=SE69DojjrmHa7EhPXfRtFxA%3D%3D,Eastern Coalfields Limited||ECL_Kenda area
235,12,26-Sep-2025 10:00 AM,07-Oct-2025 05:00 PM,09-Oct-2025 11:00 AM,[Cleaning and Maintenance of Regional Store at Bhatgaon Area.],"[Cleaning and Maintenance of Regional Store at Bhatgaon Area.]
																				[GM/BHAT/CVL/eTENDER/25-26/51  DATE 25/09/2025][2025_SECL_344678_1]",https://etender.up.nic.in/nicgep/app?component=%24DirectLink_0&page=FrontEndAdvancedSearchResult&service=direct&session=T&sp=SH1W9hCI2pgxdBAuR4%2BVu2w%3D%3D,South Eastern Coalfields Limited||Bhatgaon Area
236,12,26-Sep-2025 10:00 AM,13-Oct-2025 05:00 PM,14-Oct-2025 11:00 AM,[Re-surfacing of Bituminous road at various places of Durgapur Sub Area under Chandrapur Area.],"[Re-surfacing of Bituminous road at various places of Durgapur Sub Area under Chandrapur Area.]
																				[WCL_CHA_civil_eT-060][2025_WCL_344540_1]",https://etender.up.nic.in/nicgep/app?component=%24DirectLink_0&page=FrontEndAdvancedSearchResult&service=direct&session=T&sp=SzxGFx5CZUm5FUxS8KKM2BQ%3D%3D,Western Coalfields Limited||CHP||CHP_Civil
237,12,26-Sep-2025 10:00 AM,08-Oct-2025 10:00 AM,09-Oct-2025 10:00 AM,[Construction of R.C.C protective roofing at pit bottom of shaft no 1 in RJ unit and shaft no 3 in NJ unit of Bahula Colliery under Kenda Area ECL],"[Construction of R.C.C protective roofing at pit bottom of shaft no 1 in RJ unit and shaft no 3 in NJ unit of Bahula Colliery under Kenda Area ECL]
																				[ECL/Knd/Sur/e-Ten/25-26/22 date 17.09.2025][2025_ECL_344231_1]",https://etender.up.nic.in/nicgep/app?component=%24DirectLink_0&page=FrontEndAdvancedSearchResult&service=direct&session=T&sp=SFEcuYRs%2FsKI2G3i%2BZigRBQ%3D%3D,Eastern Coalfields Limited||ECL_Kenda area
238,12,26-Sep-2025 10:00 AM,08-Oct-2025 10:00 AM,09-Oct-2025 10:00 AM,[Installation of stone dust barrier in kenda seam R VI working at NJ unit of Bahula colliery under Kenda Area ECL],"[Installation of stone dust barrier in kenda seam R VI working at NJ unit of Bahula colliery under Kenda Area ECL]
																				[ECL/Knd/Sur/e-Ten/25-26/24 date 17.09.2025][2025_ECL_344281_1]",https://etender.up.nic.in/nicgep/app?component=%24DirectLink_0&page=FrontEndAdvancedSearchResult&service=direct&session=T&sp=S%2FgH80gHpelWdXJ7%2BT7z3BA%3D%3D,Eastern Coalfields Limited||ECL_Kenda area
239,12,26-Sep-2025 09:00 AM,06-Oct-2025 06:00 PM,07-Oct-2025 09:00 AM,[Repairing of bucket cylinder assembly of LnT make Shovel CK-300 of Moonidih Coal Washery.],"[Repairing of bucket cylinder assembly of LnT make Shovel CK-300 of Moonidih Coal Washery.]
																				[BCCL/PO/MND/EnM/E -Tender/2025-26/E 914][2025_BCCL_344716_1]",https://etender.up.nic.in/nicgep/app?component=%24DirectLink_0&page=FrontEndAdvancedSearchResult&service=direct&session=T&sp=Sr6zZ944iny011nTuZQg5Mg%3D%3D,Bharat Coking Coal Limited||Areas of BCCL
240,12,26-Sep-2025 09:00 AM,06-Oct-2025 06:00 PM,07-Oct-2025 09:00 AM,"[Repairing/ Overhauling of engine assembly, 2 Nos. Steering cylinders, cabin assembly and 25 nos. line boring of PayLoader-9020 and Sl. no.1230 of Moonidih Coal Washery.]","[Repairing/ Overhauling of engine assembly, 2 Nos. Steering cylinders, cabin assembly and 25 nos. line boring of PayLoader-9020 and Sl. no.1230 of Moonidih Coal Washery.]
																				[BCCL/PO/MND/EnM/E -Tender/2025-26/E 915][2025_BCCL_344717_1]",https://etender.up.nic.in/nicgep/app?component=%24DirectLink_0&page=FrontEndAdvancedSearchResult&service=direct&session=T&sp=S8Nyl2mPqGkWfPxYrVKVuLQ%3D%3D,Bharat Coking Coal Limited||Areas of BCCL
261,36,25-Sep-2025 06:00 PM,06-Oct-2025 11:00 AM,07-Oct-2025 11:00 AM,[Day to day work of Lighting tilting ],"[Day to day work of Lighting tilting ]
																				[GM(H)/EnM/Tender/25-26/42][2025_CCL_344704_1]",https://etender.up.nic.in/nicgep/app?component=%24DirectLink_0&page=FrontEndAdvancedSearchResult&service=direct&session=T&sp=SfsbnxRviByzrkX%2FZaMZeuw%3D%3D,Central Coalfields Limited||Hazaribag
262,36,25-Sep-2025 06:00 PM,06-Oct-2025 06:00 PM,07-Oct-2025 10:00 AM,[Complete repairing and overhauling of 05 nos. hydraulic pump Batac jig for Fine Coal Jig of Main Plant of Kedla Washery.],"[Complete repairing and overhauling of 05 nos. hydraulic pump Batac jig for Fine Coal Jig of Main Plant of Kedla Washery.]
																				[PO/KW/E-TENDER/25-26/45, Date- 25.09.2025][2025_CCL_344674_1]",https://etender.up.nic.in/nicgep/app?component=%24DirectLink_0&page=FrontEndAdvancedSearchResult&service=direct&session=T&sp=SY9n3xoIUdDSKbvUDHcJYVw%3D%3D,Central Coalfields Limited||Hazaribag
263,36,25-Sep-2025 06:00 PM,06-Oct-2025 11:00 AM,07-Oct-2025 11:30 AM,[Major renovation and upgradation work of ladies toilets and minor repair works of gents toilets at AGM office under Town Administration of Umrer Area.],"[Major renovation and upgradation work of ladies toilets and minor repair works of gents toilets at AGM office under Town Administration of Umrer Area.]
																				[um4550-civ-0041-2025-26][2025_WCL_344679_1]",https://etender.up.nic.in/nicgep/app?component=%24DirectLink_0&page=FrontEndAdvancedSearchResult&service=direct&session=T&sp=SYmD3ZjOo0VBQ052M4eVLaw%3D%3D,Western Coalfields Limited||UMR||UMR_Civil
264,36,25-Sep-2025 06:00 PM,10-Oct-2025 11:00 AM,11-Oct-2025 11:00 AM,"[Repair and maintenance of Qtr. No. 2C-01, 2B-09, 2B-10, 2B-11, 2A-07 and 2A-01 under Gidi-A, Argada Area.]","[Repair and maintenance of Qtr. No. 2C-01, 2B-09, 2B-10, 2B-11, 2A-07 and 2A-01 under Gidi-A, Argada Area.]
																				[SO(C)(A)/e-Tender17/25-26/1868][2025_CCL_344623_1]",https://etender.up.nic.in/nicgep/app?component=%24DirectLink_0&page=FrontEndAdvancedSearchResult&service=direct&session=T&sp=SJHcABzelauEODdhPQDepFg%3D%3D,Central Coalfields Limited||Argada
265,36,25-Sep-2025 06:00 PM,06-Oct-2025 03:00 PM,07-Oct-2025 09:00 AM,"[Extension of 6 inch Diameter Pipeline for Dust Suppression at CHP, Birsa Project.]","[Extension of 6 inch Diameter Pipeline for Dust Suppression at CHP, Birsa Project.]
																				[PE(EnM)/BIRSA/ETENDER/25-26/26][2025_CCL_344694_1]",https://etender.up.nic.in/nicgep/app?component=%24DirectLink_0&page=FrontEndAdvancedSearchResult&service=direct&session=T&sp=S0xNV8oK38%2FyUUWiq5MxmNw%3D%3D,Central Coalfields Limited||Barka Syal
266,36,25-Sep-2025 06:00 PM,10-Oct-2025 11:00 AM,11-Oct-2025 11:00 AM,"[Repair of existing Blacktop road from Hospital Chowk to Satnam Singh Chowk under Gidi-A OCP, Argada Area]","[Repair of existing Blacktop road from Hospital Chowk to Satnam Singh Chowk under Gidi-A OCP, Argada Area]
																				[SO(C)(A)/e-Tender16/25-26/1867 ][2025_CCL_344622_1]",https://etender.up.nic.in/nicgep/app?component=%24DirectLink_0&page=FrontEndAdvancedSearchResult&service=direct&session=T&sp=S60Y4sbp9M%2FojwwCAXIsfUw%3D%3D,Central Coalfields Limited||Argada
267,36,25-Sep-2025 06:00 PM,06-Oct-2025 06:00 PM,08-Oct-2025 11:00 AM,"[Construction of meditation hall adjacent -Temple, Koyla Nagar]","[Construction of meditation hall adjacent -Temple, Koyla Nagar]
																				[BCCL/CED/TC/eNIT-25/25-26/545 Dated 23.09.2025 ][2025_BCCL_344574_1]",https://etender.up.nic.in/nicgep/app?component=%24DirectLink_0&page=FrontEndAdvancedSearchResult&service=direct&session=T&sp=Sdp1aIpXYl9uw9mHln94NLw%3D%3D,Bharat Coking Coal Limited||BCCL-Hqrs||HQ_CIVIL
268,36,25-Sep-2025 06:00 PM,07-Oct-2025 06:00 PM,08-Oct-2025 12:00 PM,[Cleaning Slurry debris along 2nd Dip Sump in R VI seam at MIC Unit of Jhanjra Project Colliery],"[Cleaning Slurry debris along 2nd Dip Sump in R VI seam at MIC Unit of Jhanjra Project Colliery]
																				[ECL/GM/JNR/MIN.A/25-26/19 Dt. 23.09.2025][2025_ECL_344599_1]",https://etender.up.nic.in/nicgep/app?component=%24DirectLink_0&page=FrontEndAdvancedSearchResult&service=direct&session=T&sp=Sg1YGUD6RQmM%2BHIbpR2ptyw%3D%3D,Eastern Coalfields Limited||ECL_Jhanjra area
269,36,25-Sep-2025 05:00 PM,11-Oct-2025 05:00 PM,13-Oct-2025 11:00 AM,"[Thorough repairing of CVO office building and security room at Barachak house under HQ, ECL]","[Thorough repairing of CVO office building and security room at Barachak house under HQ, ECL]
																				[ECL/HQ/GM(c)/e-Tender/25-26/16 Date 23.09.2025][2025_ECL_344594_1]",https://etender.up.nic.in/nicgep/app?component=%24DirectLink_0&page=FrontEndAdvancedSearchResult&service=direct&session=T&sp=SMzwvJwmphYlasBqvoubQew%3D%3D,Eastern Coalfields Limited||ECL_Head quarter ||HQ_CIVIL
270,36,25-Sep-2025 05:00 PM,06-Oct-2025 05:00 PM,07-Oct-2025 05:00 PM,[Repairing of 2 Nos. Community Centre at East Kenda Colony at New Kenda Colliery],"[Repairing of 2 Nos. Community Centre at East Kenda Colony at New Kenda Colliery]
																				[ECL/GM/Knd/AE(C)/ e-tender/25-26/80 dated 20.09.2025][2025_ECL_344556_1]",https://etender.up.nic.in/nicgep/app?component=%24DirectLink_0&page=FrontEndAdvancedSearchResult&service=direct&session=T&sp=SWSNOZPtiuDc3z%2FXSlatBZw%3D%3D,Eastern Coalfields Limited||ECL_Kenda area
271,36,25-Sep-2025 05:00 PM,06-Oct-2025 05:00 PM,07-Oct-2025 05:00 PM,[Supplying and laying hume pipe at CL Jamabd OC under Kenda Area],"[Supplying and laying hume pipe at CL Jamabd OC under Kenda Area]
																				[ECL/GM/Knd/AE(C)/ e-tender/25-26/79 dated 20.09.2025][2025_ECL_344554_1]",https://etender.up.nic.in/nicgep/app?component=%24DirectLink_0&page=FrontEndAdvancedSearchResult&service=direct&session=T&sp=SjdhRbYo4iAPOGLLIi5HZPw%3D%3D,Eastern Coalfields Limited||ECL_Kenda area
272,36,25-Sep-2025 05:00 PM,06-Oct-2025 05:00 PM,07-Oct-2025 05:00 PM,[Renovation of GM cabin at GM Office building under Kenda Area],"[Renovation of GM cabin at GM Office building under Kenda Area]
																				[ECL/GM/Knd/AE(C)/ e-tender/25-26/78 dated 20.09.2025][2025_ECL_344548_1]",https://etender.up.nic.in/nicgep/app?component=%24DirectLink_0&page=FrontEndAdvancedSearchResult&service=direct&session=T&sp=SlSy2ribW3VHj84%2FMQxKdQw%3D%3D,Eastern Coalfields Limited||ECL_Kenda area
273,36,25-Sep-2025 05:00 PM,06-Oct-2025 05:00 PM,07-Oct-2025 05:00 PM,[Construction of boundary wall and fencing with barbed wire around the Diesel Dispensing Unit at Shankarpur OCP under Kenda Area],"[Construction of boundary wall and fencing with barbed wire around the Diesel Dispensing Unit at Shankarpur OCP under Kenda Area]
																				[ECL/GM/Knd/AE(C)/ e-tender/25-26/77 dated 20.09.2025][2025_ECL_344494_1]",https://etender.up.nic.in/nicgep/app?component=%24DirectLink_0&page=FrontEndAdvancedSearchResult&service=direct&session=T&sp=SeTP2dcGUtiL2%2BSWXt8y8Kw%3D%3D,Eastern Coalfields Limited||ECL_Kenda area
274,36,25-Sep-2025 05:00 PM,13-Oct-2025 05:00 PM,14-Oct-2025 11:00 AM,[Annual Horticulture works in various gardens at Pragati Nagar colony of Dipka Area],"[Annual Horticulture works in various gardens at Pragati Nagar colony of Dipka Area]
																				[SECL/DA/CIV/e-TENDER/25-26/57 dated 25-09-2025][2025_SECL_344676_1]",https://etender.up.nic.in/nicgep/app?component=%24DirectLink_0&page=FrontEndAdvancedSearchResult&service=direct&session=T&sp=SYuwahOSbYUecEHc%2ByqRRpA%3D%3D,South Eastern Coalfields Limited||Dipika Area
275,36,25-Sep-2025 05:00 PM,04-Oct-2025 05:00 PM,06-Oct-2025 11:00 AM,[Repairing of worn out and damaged bucket assembly of CAT 988H pay loader Sl. No. FEL 272/A7A00283 of Jharkhand OCP.],"[Repairing of worn out and damaged bucket assembly of CAT 988H pay loader Sl. No. FEL 272/A7A00283 of Jharkhand OCP.]
																				[PE(X)/JOCP/NIT/25-26/29      Dated - 25.09.2025][2025_CCL_344677_1]",https://etender.up.nic.in/nicgep/app?component=%24DirectLink_0&page=FrontEndAdvancedSearchResult&service=direct&session=T&sp=SzJqLM%2BMnrAdUFnCIUTXbxw%3D%3D,Central Coalfields Limited||Hazaribag
276,36,25-Sep-2025 05:00 PM,06-Oct-2025 11:00 AM,07-Oct-2025 11:30 AM,[Repair and Maintenance of 02 (two) nos. 3.3 KV VCBs of Sirka Colliery under Argada Area],"[Repair and Maintenance of 02 (two) nos. 3.3 KV VCBs of Sirka Colliery under Argada Area]
																				[PO/SG/EnM/Sirka/eNIT/25-26/22][2025_CCL_344687_1]",https://etender.up.nic.in/nicgep/app?component=%24DirectLink_0&page=FrontEndAdvancedSearchResult&service=direct&session=T&sp=S5m26rG14SYJnhN8VyROFNg%3D%3D,Central Coalfields Limited||Argada
277,36,25-Sep-2025 05:00 PM,06-Oct-2025 05:00 PM,08-Oct-2025 11:00 AM,[Strengthening of 02 Nos transformer platform at Vindhya sub station under Pinoura Sub Area of Johilla Area.],"[Strengthening of 02 Nos transformer platform at Vindhya sub station under Pinoura Sub Area of Johilla Area.]
																				[SECL/JHL/S.O.(C)/ eNIT-35/25-26/476 dt. 25.09.2025][2025_SECL_344696_1]",https://etender.up.nic.in/nicgep/app?component=%24DirectLink_0&page=FrontEndAdvancedSearchResult&service=direct&session=T&sp=SdzVR%2FeyW3OicG14HQ46R%2BA%3D%3D,South Eastern Coalfields Limited||Johilla Area
278,36,25-Sep-2025 05:00 PM,04-Oct-2025 05:00 PM,06-Oct-2025 11:00 AM,"[Repairing of railing, platform, ladder, battery box etc. along with repairing and rectification of pressurized air system of WS 28-II Water sprinkler Sl. No. 28177 of Jharkhand OCP.]","[Repairing of railing, platform, ladder, battery box etc. along with repairing and rectification of pressurized air system of WS 28-II Water sprinkler Sl. No. 28177 of Jharkhand OCP.]
																				[PE(X)/JOCP/NIT/25-26/28             Dated - 25.09.2025][2025_CCL_344673_1]",https://etender.up.nic.in/nicgep/app?component=%24DirectLink_0&page=FrontEndAdvancedSearchResult&service=direct&session=T&sp=S1wijx0wS0Aj%2Fsw%2BnFPJpUw%3D%3D,Central Coalfields Limited||Hazaribag
279,36,25-Sep-2025 05:00 PM,06-Oct-2025 11:00 AM,07-Oct-2025 11:30 AM,"[Complete repairing and rewinding of 01 Nos. 110 KW, 550 V, 1470 RPM and 01 Nos. 90 KW, 550 V, 1470 RPM Induction Motors of Sirka Colliery under Argada Area.]","[Complete repairing and rewinding of 01 Nos. 110 KW, 550 V, 1470 RPM and 01 Nos. 90 KW, 550 V, 1470 RPM Induction Motors of Sirka Colliery under Argada Area.]
																				[PO/SG/EnM/Sirka/eNIT/25-26/21][2025_CCL_344686_1]",https://etender.up.nic.in/nicgep/app?component=%24DirectLink_0&page=FrontEndAdvancedSearchResult&service=direct&session=T&sp=SzIJM09gnPufGMvFEsojNjw%3D%3D,Central Coalfields Limited||Argada
280,36,25-Sep-2025 05:00 PM,10-Oct-2025 05:00 PM,11-Oct-2025 05:00 PM,[1.Reorganization of overhead line  2. Cleaning of electrical substation  3. 24 nos straight through cable joints  4. Supply and installation of 12 nos of gang switch  5. Supply and installation of insulating mat],"[1.Reorganization of overhead line  2. Cleaning of electrical substation  3. 24 nos straight through cable joints  4. Supply and installation of 12 nos of gang switch  5. Supply and installation of insulating mat]
																				[GM/KND/AE(ENM)/55(TN)/25-26/44][2025_ECL_344688_1]",https://etender.up.nic.in/nicgep/app?component=%24DirectLink_0&page=FrontEndAdvancedSearchResult&service=direct&session=T&sp=S0uLLawcXxW%2Fi9EqYNe84wQ%3D%3D,Eastern Coalfields Limited||ECL_Kenda area
221,22,26-Sep-2025 01:00 PM,08-Oct-2025 06:00 PM,09-Oct-2025 11:00 AM,"[Complete Repairing and  rewinding of two nos.  150K.W,550V squirrel  Cage induction Motors Sl.  No. WS/150KW/05 and 07]","[Complete Repairing and  rewinding of two nos.  150K.W,550V squirrel  Cage induction Motors Sl.  No. WS/150KW/05 and 07]
																				[BCCL/WJA/AM(ENM)/25-26/RP-71][2025_BCCL_344737_1]",https://etender.up.nic.in/nicgep/app?component=%24DirectLink_0&page=FrontEndAdvancedSearchResult&service=direct&session=T&sp=SB40UR92Rct7NL6ytsyOrNQ%3D%3D,Bharat Coking Coal Limited||BCCL_WJ AREA
222,22,26-Sep-2025 01:00 PM,07-Oct-2025 10:00 AM,08-Oct-2025 11:00 AM,[Preparation of parking space for road sale vehicles near coal stock no. 34 under Magadh OCP of Magadh-Sanghmitra Area. (Retender)],"[Preparation of parking space for road sale vehicles near coal stock no. 34 under Magadh OCP of Magadh-Sanghmitra Area. (Retender)]
																				[GMMS/SOC/Tender/25-26/35/568][2025_CCL_344682_1]",https://etender.up.nic.in/nicgep/app?component=%24DirectLink_0&page=FrontEndAdvancedSearchResult&service=direct&session=T&sp=SoptLaZXYkEbcySbx7l2x9A%3D%3D,Central Coalfields Limited||Magadh and Amrapali
223,22,26-Sep-2025 12:00 PM,07-Oct-2025 12:00 PM,08-Oct-2025 12:00 PM,[Maintenance of (02) two nos. of rest shelter located mines near Ekg shovels with making of glass aluminium window with net (mesh) at JOCP under Hzb Area.],"[Maintenance of (02) two nos. of rest shelter located mines near Ekg shovels with making of glass aluminium window with net (mesh) at JOCP under Hzb Area.]
																				[PO/JOCP/EnM/Tender/25-26/18][2025_CCL_344735_1]",https://etender.up.nic.in/nicgep/app?component=%24DirectLink_0&page=FrontEndAdvancedSearchResult&service=direct&session=T&sp=Sb2iiXWnR67hkY8q6MU%2BBqQ%3D%3D,Central Coalfields Limited||Hazaribag
224,22,26-Sep-2025 12:00 PM,06-Oct-2025 01:00 PM,07-Oct-2025 02:00 PM,"[Re-commissioning of 140 MT in-motion pitless RDSO approved model Mfg. PRAGATI INSTRUMENTATION PVT. LTD., Model- CIM- 9000 rail weighbridge at Nimcha 1st UP line under NIMCHA ( R) Colliery under Satgram-Sripur Area]","[Re-commissioning of 140 MT in-motion pitless RDSO approved model Mfg. PRAGATI INSTRUMENTATION PVT. LTD., Model- CIM- 9000 rail weighbridge at Nimcha 1st UP line under NIMCHA ( R) Colliery under Satgram-Sripur Area]
																				[ECL/SSA/GM/E T/E-NIT/2025-26/01  Date 22.09.2025][2025_ECL_344722_1]",https://etender.up.nic.in/nicgep/app?component=%24DirectLink_0&page=FrontEndAdvancedSearchResult&service=direct&session=T&sp=SkqKXnwAfRB%2B0r46yKZRX2g%3D%3D,Eastern Coalfields Limited||ECL_Satgram area
225,22,26-Sep-2025 11:00 AM,08-Oct-2025 11:00 AM,09-Oct-2025 11:00 AM,[Shifting/re-routing of existing 3.3 KV HT overhead line due to mines expansion in  Bonjemihary Colliery under Salanpur area.],"[Shifting/re-routing of existing 3.3 KV HT overhead line due to mines expansion in  Bonjemihary Colliery under Salanpur area.]
																				[ECL/SLN/GM/EnM/ etender/25-26/20, dt24/09/2025][2025_ECL_344628_1]",https://etender.up.nic.in/nicgep/app?component=%24DirectLink_0&page=FrontEndAdvancedSearchResult&service=direct&session=T&sp=Smx23SoJO3pR0wTv8iUPvqA%3D%3D,Eastern Coalfields Limited||ECL_Salanpur area
226,22,26-Sep-2025 11:00 AM,08-Oct-2025 11:00 AM,09-Oct-2025 11:00 AM,[Supply and installation of PVC cable (LT grade) with AB cable for Lighting Line to Check post -01 from Receiving Substation under Bonjemihary OCP under Salanpur Area.],"[Supply and installation of PVC cable (LT grade) with AB cable for Lighting Line to Check post -01 from Receiving Substation under Bonjemihary OCP under Salanpur Area.]
																				[ECL/SLN/GM/EnM/ etender/25-26/22, dt-24.09.2025][2025_ECL_344633_1]",https://etender.up.nic.in/nicgep/app?component=%24DirectLink_0&page=FrontEndAdvancedSearchResult&service=direct&session=T&sp=SQfnLNtb6e%2BeQTf%2BPrKAg%2FQ%3D%3D,Eastern Coalfields Limited||ECL_Salanpur area
227,22,26-Sep-2025 11:00 AM,08-Oct-2025 11:00 AM,09-Oct-2025 11:00 AM,[Installation of 12 nos Chemical earth pit at 11KV Main Substation of Bonjemihary colliery under Salanpur Area.],"[Installation of 12 nos Chemical earth pit at 11KV Main Substation of Bonjemihary colliery under Salanpur Area.]
																				[ECL/SLN/GM/EnM/ etender/25-26/21 , dt 24.09.2025][2025_ECL_344630_1]",https://etender.up.nic.in/nicgep/app?component=%24DirectLink_0&page=FrontEndAdvancedSearchResult&service=direct&session=T&sp=SF4Wo%2Bz7Sk%2FOdw61yfp8EGw%3D%3D,Eastern Coalfields Limited||ECL_Salanpur area
228,22,26-Sep-2025 11:00 AM,08-Oct-2025 11:00 AM,09-Oct-2025 11:00 AM,[Installation of MS 6 inch dia 400 mtrs Pipeline towards old Kali Mandir for Mine water utilization of Bonjemihary colliery under Salanpur area.],"[Installation of MS 6 inch dia 400 mtrs Pipeline towards old Kali Mandir for Mine water utilization of Bonjemihary colliery under Salanpur area.]
																				[ECL/SLN/GM/EnM/ etender/25-26/23, dt-24.09.2025][2025_ECL_344685_1]",https://etender.up.nic.in/nicgep/app?component=%24DirectLink_0&page=FrontEndAdvancedSearchResult&service=direct&session=T&sp=SaQ3x%2BgZzN8ztSQU2x%2B3idQ%3D%3D,Eastern Coalfields Limited||ECL_Salanpur area
229,22,26-Sep-2025 10:00 AM,06-Oct-2025 05:00 PM,08-Oct-2025 11:00 AM,[Repair and Maintenance of western side mines edge surface road  at Hingula OCP under Hingula  Area ],"[Repair and Maintenance of western side mines edge surface road  at Hingula OCP under Hingula  Area ]
																				[MCL/GM(HA)/Civil/e-Tender/ 25-26/71 Dt.25.09.2025][2025_MCL_344703_1]",https://etender.up.nic.in/nicgep/app?component=%24DirectLink_0&page=FrontEndAdvancedSearchResult&service=direct&session=T&sp=SryL%2Fsgaf8wDUistTQnvQrQ%3D%3D,Mahanadi Coalfields Limited||HINGULA AREA||HING_CIVIL||CIVIL
230,22,26-Sep-2025 10:00 AM,08-Oct-2025 10:00 AM,09-Oct-2025 10:00 AM,[Side wall in RVIIA seam in Chora Block Incline Colliery under Kenda Area ECL],"[Side wall in RVIIA seam in Chora Block Incline Colliery under Kenda Area ECL]
																				[ECL/Knd/Sur/e-Ten/25-26/23 date 17.09.2025][2025_ECL_344276_1]",https://etender.up.nic.in/nicgep/app?component=%24DirectLink_0&page=FrontEndAdvancedSearchResult&service=direct&session=T&sp=SUJMMuY%2FZS%2FPwcUxQbke6rA%3D%3D,Eastern Coalfields Limited||ECL_Kenda area
231,22,26-Sep-2025 10:00 AM,06-Oct-2025 05:00 PM,07-Oct-2025 11:00 AM,"[Providing of temporary shed for Establishing Day to Day Vegetable, fruits and Misc. in the premises of Shopping Complex under Basundhara Area.]","[Providing of temporary shed for Establishing Day to Day Vegetable, fruits and Misc. in the premises of Shopping Complex under Basundhara Area.]
																				[MCL/GM/BA/C/e-Tender/25-26/21 dt.25.09.2025][2025_MCL_344701_1]",https://etender.up.nic.in/nicgep/app?component=%24DirectLink_0&page=FrontEndAdvancedSearchResult&service=direct&session=T&sp=SPu5hr%2FYV0vcwJNjLY8mIrw%3D%3D,Mahanadi Coalfields Limited||BASUNDHARA GARJANBAHAL AREA||BG _CIVIL||CIVIL
232,22,26-Sep-2025 10:00 AM,06-Oct-2025 05:00 PM,08-Oct-2025 11:00 AM,[Washing and painting of field canteen and rest shelter with aluminium partition of canteen at Balram OCP under Hingula Area.],"[Washing and painting of field canteen and rest shelter with aluminium partition of canteen at Balram OCP under Hingula Area.]
																				[MCL/GM(HA)/Civil/e-Tender/ 25-26/70 Dt.25.09.2025 ][2025_MCL_344698_1]",https://etender.up.nic.in/nicgep/app?component=%24DirectLink_0&page=FrontEndAdvancedSearchResult&service=direct&session=T&sp=SGEJisO%2FwjP6ud0OEJcwVGw%3D%3D,Mahanadi Coalfields Limited||HINGULA AREA||HING_CIVIL||CIVIL
233,22,26-Sep-2025 10:00 AM,07-Oct-2025 05:00 PM,09-Oct-2025 11:00 AM,[Renovation of lawn tennis court at Rajnagar under Raj Nagar RO Sub Area of Hasdeo Area.],"[Renovation of lawn tennis court at Rajnagar under Raj Nagar RO Sub Area of Hasdeo Area.]
																				[GM/HSD/C/e-Tender/25-26/32 Date 25.09.2025][2025_SECL_344702_1]",https://etender.up.nic.in/nicgep/app?component=%24DirectLink_0&page=FrontEndAdvancedSearchResult&service=direct&session=T&sp=SaeRIF8kt2KF26opqNiYCeA%3D%3D,South Eastern Coalfields Limited||Hasdeo Area
234,22,26-Sep-2025 10:00 AM,08-Oct-2025 10:00 AM,09-Oct-2025 10:00 AM,[Construction of R.C.C protective roofing at pit bottom of shaft no 2 and 3 of banbahal top RVII seam of Siduli Colliery under Kenda Area ECL],"[Construction of R.C.C protective roofing at pit bottom of shaft no 2 and 3 of banbahal top RVII seam of Siduli Colliery under Kenda Area ECL]
																				[ECL/Knd/Sur/e-Ten/25-26/25 date 17.09.2025][2025_ECL_344289_1]",https://etender.up.nic.in/nicgep/app?component=%24DirectLink_0&page=FrontEndAdvancedSearchResult&service=direct&session=T&sp=SE69DojjrmHa7EhPXfRtFxA%3D%3D,Eastern Coalfields Limited||ECL_Kenda area
235,22,26-Sep-2025 10:00 AM,07-Oct-2025 05:00 PM,09-Oct-2025 11:00 AM,[Cleaning and Maintenance of Regional Store at Bhatgaon Area.],"[Cleaning and Maintenance of Regional Store at Bhatgaon Area.]
																				[GM/BHAT/CVL/eTENDER/25-26/51  DATE 25/09/2025][2025_SECL_344678_1]",https://etender.up.nic.in/nicgep/app?component=%24DirectLink_0&page=FrontEndAdvancedSearchResult&service=direct&session=T&sp=SH1W9hCI2pgxdBAuR4%2BVu2w%3D%3D,South Eastern Coalfields Limited||Bhatgaon Area
236,22,26-Sep-2025 10:00 AM,13-Oct-2025 05:00 PM,14-Oct-2025 11:00 AM,[Re-surfacing of Bituminous road at various places of Durgapur Sub Area under Chandrapur Area.],"[Re-surfacing of Bituminous road at various places of Durgapur Sub Area under Chandrapur Area.]
																				[WCL_CHA_civil_eT-060][2025_WCL_344540_1]",https://etender.up.nic.in/nicgep/app?component=%24DirectLink_0&page=FrontEndAdvancedSearchResult&service=direct&session=T&sp=SzxGFx5CZUm5FUxS8KKM2BQ%3D%3D,Western Coalfields Limited||CHP||CHP_Civil
237,22,26-Sep-2025 10:00 AM,08-Oct-2025 10:00 AM,09-Oct-2025 10:00 AM,[Construction of R.C.C protective roofing at pit bottom of shaft no 1 in RJ unit and shaft no 3 in NJ unit of Bahula Colliery under Kenda Area ECL],"[Construction of R.C.C protective roofing at pit bottom of shaft no 1 in RJ unit and shaft no 3 in NJ unit of Bahula Colliery under Kenda Area ECL]
																				[ECL/Knd/Sur/e-Ten/25-26/22 date 17.09.2025][2025_ECL_344231_1]",https://etender.up.nic.in/nicgep/app?component=%24DirectLink_0&page=FrontEndAdvancedSearchResult&service=direct&session=T&sp=SFEcuYRs%2FsKI2G3i%2BZigRBQ%3D%3D,Eastern Coalfields Limited||ECL_Kenda area
238,22,26-Sep-2025 10:00 AM,08-Oct-2025 10:00 AM,09-Oct-2025 10:00 AM,[Installation of stone dust barrier in kenda seam R VI working at NJ unit of Bahula colliery under Kenda Area ECL],"[Installation of stone dust barrier in kenda seam R VI working at NJ unit of Bahula colliery under Kenda Area ECL]
																				[ECL/Knd/Sur/e-Ten/25-26/24 date 17.09.2025][2025_ECL_344281_1]",https://etender.up.nic.in/nicgep/app?component=%24DirectLink_0&page=FrontEndAdvancedSearchResult&service=direct&session=T&sp=S%2FgH80gHpelWdXJ7%2BT7z3BA%3D%3D,Eastern Coalfields Limited||ECL_Kenda area
239,22,26-Sep-2025 09:00 AM,06-Oct-2025 06:00 PM,07-Oct-2025 09:00 AM,[Repairing of bucket cylinder assembly of LnT make Shovel CK-300 of Moonidih Coal Washery.],"[Repairing of bucket cylinder assembly of LnT make Shovel CK-300 of Moonidih Coal Washery.]
																				[BCCL/PO/MND/EnM/E -Tender/2025-26/E 914][2025_BCCL_344716_1]",https://etender.up.nic.in/nicgep/app?component=%24DirectLink_0&page=FrontEndAdvancedSearchResult&service=direct&session=T&sp=Sr6zZ944iny011nTuZQg5Mg%3D%3D,Bharat Coking Coal Limited||Areas of BCCL
240,22,26-Sep-2025 09:00 AM,06-Oct-2025 06:00 PM,07-Oct-2025 09:00 AM,"[Repairing/ Overhauling of engine assembly, 2 Nos. Steering cylinders, cabin assembly and 25 nos. line boring of PayLoader-9020 and Sl. no.1230 of Moonidih Coal Washery.]","[Repairing/ Overhauling of engine assembly, 2 Nos. Steering cylinders, cabin assembly and 25 nos. line boring of PayLoader-9020 and Sl. no.1230 of Moonidih Coal Washery.]
																				[BCCL/PO/MND/EnM/E -Tender/2025-26/E 915][2025_BCCL_344717_1]",https://etender.up.nic.in/nicgep/app?component=%24DirectLink_0&page=FrontEndAdvancedSearchResult&service=direct&session=T&sp=S8Nyl2mPqGkWfPxYrVKVuLQ%3D%3D,Bharat Coking Coal Limited||Areas of BCCL
61,32,27-Sep-2025 06:55 PM,08-Oct-2025 10:00 AM,09-Oct-2025 11:00 AM,"[Making of display sign board regarding Dos and Donts at weigh-bridge and checkpost, AADOCM  SDOCM under G.M. unit, Dhorl Area.]","[Making of display sign board regarding Dos and Donts at weigh-bridge and checkpost, AADOCM  SDOCM under G.M. unit, Dhorl Area.]
																				[GM(D)/SO(EnM)/NIT/25-26/17][2025_CCL_344836_2]",https://etender.up.nic.in/nicgep/app?component=%24DirectLink_0&page=FrontEndAdvancedSearchResult&service=direct&session=T&sp=SsxvCGCYHyh9mw9kNjWEbWw%3D%3D,Central Coalfields Limited||Dhori
62,32,27-Sep-2025 06:55 PM,08-Oct-2025 10:00 AM,09-Oct-2025 11:00 AM,"[Repair and maintenance of 220V 440V OH line with erection of poles changing of insulation, cradling, stay erection work at different places of mines  colonies under AADOCM.]","[Repair and maintenance of 220V 440V OH line with erection of poles changing of insulation, cradling, stay erection work at different places of mines  colonies under AADOCM.]
																				[GM(D)/SO(EnM)/NIT/25-26/17][2025_CCL_344836_4]",https://etender.up.nic.in/nicgep/app?component=%24DirectLink_0&page=FrontEndAdvancedSearchResult&service=direct&session=T&sp=SuaztPDeLfannukUIeq2Bvw%3D%3D,Central Coalfields Limited||Dhori
63,32,27-Sep-2025 06:55 PM,09-Oct-2025 11:00 AM,10-Oct-2025 11:00 AM,[Annual Maintenance Contract for maintenance and repair of Air Conditioning system fitted in Operator cabin of Komatsu D475A Dozer Sl no T-30266 at NWS Nigahi Project.],"[Annual Maintenance Contract for maintenance and repair of Air Conditioning system fitted in Operator cabin of Komatsu D475A Dozer Sl no T-30266 at NWS Nigahi Project.]
																				[NGH/EXCV/TENDERS/25-26/067][2025_NCL_344849_1]",https://etender.up.nic.in/nicgep/app?component=%24DirectLink_0&page=FrontEndAdvancedSearchResult&service=direct&session=T&sp=SPe8ce%2FDvhI1tLDjUVaoBzA%3D%3D,Northern Coalfields Limited||Nigahi Project
64,32,27-Sep-2025 06:55 PM,08-Oct-2025 10:00 AM,09-Oct-2025 11:00 AM,[Providing and fixing of 110V DC and 48V DC backups for 33KV and 3.3KV breakers panels of MEI make MOCB  ALIND make VCB and Becollorie make OCBs of Pali Colliery Hill Sub Station of Pali Sub Area Johilla Area SECL],"[Providing and fixing of 110V DC and 48V DC backups for 33KV and 3.3KV breakers panels of MEI make MOCB  ALIND make VCB and Becollorie make OCBs of Pali Colliery Hill Sub Station of Pali Sub Area Johilla Area SECL]
																				[SECL/JHL/SO(EM)/25-26/et/75 dt.27.09.2025][2025_SECL_344831_1]",https://etender.up.nic.in/nicgep/app?component=%24DirectLink_0&page=FrontEndAdvancedSearchResult&service=direct&session=T&sp=S6%2BZZZZHnXipdrhAp62kKMg%3D%3D,South Eastern Coalfields Limited||Johilla Area
65,32,27-Sep-2025 06:55 PM,08-Oct-2025 10:00 AM,09-Oct-2025 11:00 AM,"[Repairing  maintenance of 440V OH ine and dismantling and laying of cable at a Regional Store, Dhori, b Chapri rest house. c CISF colony Sharda colony  and d Pramod Singh colony under CCD, G.M, unit, Dhori Area.]","[Repairing  maintenance of 440V OH ine and dismantling and laying of cable at a Regional Store, Dhori, b Chapri rest house. c CISF colony Sharda colony  and d Pramod Singh colony under CCD, G.M, unit, Dhori Area.]
																				[GM(D)/SO(EnM)/NIT/25-26/17][2025_CCL_344836_5]",https://etender.up.nic.in/nicgep/app?component=%24DirectLink_0&page=FrontEndAdvancedSearchResult&service=direct&session=T&sp=Sdv2v7p1DhwuJ4MsHTWNHbw%3D%3D,Central Coalfields Limited||Dhori
66,32,27-Sep-2025 06:55 PM,08-Oct-2025 10:00 AM,09-Oct-2025 11:00 AM,"[Preventive and Breakdown Maintenance of 11KV HT Feeder No. 04 from Main Regional Substation MRSS to Dhori Old Checkpost Substation Route Length Approx. 3.4 km under GM Unit, Dhori Area.]","[Preventive and Breakdown Maintenance of 11KV HT Feeder No. 04 from Main Regional Substation MRSS to Dhori Old Checkpost Substation Route Length Approx. 3.4 km under GM Unit, Dhori Area.]
																				[GM(D)/SO(EnM)/NIT/25-26/17][2025_CCL_344836_3]",https://etender.up.nic.in/nicgep/app?component=%24DirectLink_0&page=FrontEndAdvancedSearchResult&service=direct&session=T&sp=Sqds6A8KK8derRBVJMO30Gw%3D%3D,Central Coalfields Limited||Dhori
67,32,27-Sep-2025 06:55 PM,09-Oct-2025 11:00 AM,10-Oct-2025 11:00 AM,"[Annual Maintenance Contract for Air Conditioning Systems (03 Units) of Hydraulic Shovel EX1900-6, Exc. No. 3151 at Nigahi Project, NCL for a period of one year.]","[Annual Maintenance Contract for Air Conditioning Systems (03 Units) of Hydraulic Shovel EX1900-6, Exc. No. 3151 at Nigahi Project, NCL for a period of one year.]
																				[NGH/EXCV/TENDERS/25-26/065][2025_NCL_344792_1]",https://etender.up.nic.in/nicgep/app?component=%24DirectLink_0&page=FrontEndAdvancedSearchResult&service=direct&session=T&sp=SfzuU1IHaACOzOG6fMsW16A%3D%3D,Northern Coalfields Limited||Nigahi Project
68,32,27-Sep-2025 06:55 PM,08-Oct-2025 10:00 AM,09-Oct-2025 11:00 AM,"[Supply and fixing of lighting finial at MQ type quarters, block no 41 to 45 (5 block) to prevent the residents residing there from abnormal surge during thundering Under CCD, Dhori.]","[Supply and fixing of lighting finial at MQ type quarters, block no 41 to 45 (5 block) to prevent the residents residing there from abnormal surge during thundering Under CCD, Dhori.]
																				[GM(D)/SO(EnM)/NIT/25-26/17][2025_CCL_344836_1]",https://etender.up.nic.in/nicgep/app?component=%24DirectLink_0&page=FrontEndAdvancedSearchResult&service=direct&session=T&sp=S0PG0IDqgwRW9ZkXgPWmUTQ%3D%3D,Central Coalfields Limited||Dhori
69,32,27-Sep-2025 06:55 PM,09-Oct-2025 11:00 AM,10-Oct-2025 11:00 AM,"[Repairing and overhauling of failed Engine sl.no. CB15ZA0488 (Model- mPower 7.2L) of Crane RT-40, CIL no. MC-636 from OEM M/s Escorts Kubota Limited or its authorized service provider/ distributor]","[Repairing and overhauling of failed Engine sl.no. CB15ZA0488 (Model- mPower 7.2L) of Crane RT-40, CIL no. MC-636 from OEM M/s Escorts Kubota Limited or its authorized service provider/ distributor]
																				[NGH/EXCV/TENDERS/25-26/066][2025_NCL_344813_1]",https://etender.up.nic.in/nicgep/app?component=%24DirectLink_0&page=FrontEndAdvancedSearchResult&service=direct&session=T&sp=S7oio5fJPm819qFZPQ%2BHAmg%3D%3D,Northern Coalfields Limited||Nigahi Project
70,32,27-Sep-2025 06:30 PM,08-Oct-2025 06:30 PM,09-Oct-2025 10:00 AM,"[Providing and fitting of 50-Watt LED floodlights for  illumination of Doctor Colony and Hospital Colony,  and replacement of 100Amps change-over-switch  in GM Bungalow of Barora Area.]","[Providing and fitting of 50-Watt LED floodlights for  illumination of Doctor Colony and Hospital Colony,  and replacement of 100Amps change-over-switch  in GM Bungalow of Barora Area.]
																				[BCCL/GM/AR-I/AM (ENM)/E-TENDER/2025-26/180][2025_BCCL_344794_1]",https://etender.up.nic.in/nicgep/app?component=%24DirectLink_0&page=FrontEndAdvancedSearchResult&service=direct&session=T&sp=SaOSzuMBkD5PP7wZUNIohaQ%3D%3D,Bharat Coking Coal Limited||BCCL_BARORA AREA
71,32,27-Sep-2025 06:30 PM,08-Oct-2025 06:30 PM,09-Oct-2025 10:00 AM,[Diversion of 11KV overhead line due to avoid repeated  breakdown of incoming supply line and other safety  Electrical works in Minop U/G Mines Muraidih under  AMP colliery.],"[Diversion of 11KV overhead line due to avoid repeated  breakdown of incoming supply line and other safety  Electrical works in Minop U/G Mines Muraidih under  AMP colliery.]
																				[BCCL/GM/AR-I/AM (ENM)/E-TENDER/2025-26/185][2025_BCCL_344817_1]",https://etender.up.nic.in/nicgep/app?component=%24DirectLink_0&page=FrontEndAdvancedSearchResult&service=direct&session=T&sp=Sx8KJLRCssJXlHhTV3Db95Q%3D%3D,Bharat Coking Coal Limited||BCCL_BARORA AREA
72,32,27-Sep-2025 06:30 PM,08-Oct-2025 06:30 PM,09-Oct-2025 10:00 AM,"[Complete repairing of MN6 make 6-stage, 600GPM  Turbine Pump colliery sl.no-pump no-7 of Madhuban  water supply pumping station of Phularitand, AMP  Colliery.]","[Complete repairing of MN6 make 6-stage, 600GPM  Turbine Pump colliery sl.no-pump no-7 of Madhuban  water supply pumping station of Phularitand, AMP  Colliery.]
																				[BCCL/GM/AR-I/AM (ENM)/E-TENDER/2025-26/182][2025_BCCL_344798_1]",https://etender.up.nic.in/nicgep/app?component=%24DirectLink_0&page=FrontEndAdvancedSearchResult&service=direct&session=T&sp=SusLCFZb2dEp7%2FTKAFo%2BpBQ%3D%3D,Bharat Coking Coal Limited||BCCL_BARORA AREA
73,32,27-Sep-2025 06:30 PM,08-Oct-2025 06:30 PM,09-Oct-2025 10:00 AM,"[Repairing of 11KV, 400Amps GEC make HT OCB  switch Sl.No. 2814 for controlling of 500KVA  transformer KKC Link Siding Substation of  Phularitand AMP Colliery.]","[Repairing of 11KV, 400Amps GEC make HT OCB  switch Sl.No. 2814 for controlling of 500KVA  transformer KKC Link Siding Substation of  Phularitand AMP Colliery.]
																				[BCCL/GM/AR-I/AM (ENM)/E-TENDER/2025-26/184][2025_BCCL_344811_1]",https://etender.up.nic.in/nicgep/app?component=%24DirectLink_0&page=FrontEndAdvancedSearchResult&service=direct&session=T&sp=SXHLQ%2BJ54wD611i0hRFBcwg%3D%3D,Bharat Coking Coal Limited||BCCL_BARORA AREA
74,32,27-Sep-2025 06:30 PM,08-Oct-2025 06:30 PM,09-Oct-2025 10:00 AM,[New electrical wiring in newly constructed casualty  department of Regional hospital of Barora Area. ],"[New electrical wiring in newly constructed casualty  department of Regional hospital of Barora Area. ]
																				[BCCL/GM/AR-I/AM (ENM)/E-TENDER/2025-26/186][2025_BCCL_344818_1]",https://etender.up.nic.in/nicgep/app?component=%24DirectLink_0&page=FrontEndAdvancedSearchResult&service=direct&session=T&sp=S7tgqUrv269DX3%2BMQozuIiQ%3D%3D,Bharat Coking Coal Limited||BCCL_BARORA AREA
75,32,27-Sep-2025 06:30 PM,08-Oct-2025 06:30 PM,09-Oct-2025 10:00 AM,"[Partial repairing Transformer in 250 KVA, 11KV/  440V, Sl.No BA/ Trans/R72512 boosting substation  supplying power of Hospital colony at Barora  Area.]","[Partial repairing Transformer in 250 KVA, 11KV/  440V, Sl.No BA/ Trans/R72512 boosting substation  supplying power of Hospital colony at Barora  Area.]
																				[BCCL/GM/AR-I/AM (ENM)/E-TENDER/2025-26/187][2025_BCCL_344820_1]",https://etender.up.nic.in/nicgep/app?component=%24DirectLink_0&page=FrontEndAdvancedSearchResult&service=direct&session=T&sp=SNRHbDHrbjBUHHirtYS0BqA%3D%3D,Bharat Coking Coal Limited||BCCL_BARORA AREA
76,32,27-Sep-2025 06:30 PM,08-Oct-2025 06:30 PM,09-Oct-2025 10:00 AM,"[Repairing of crusher roll along with cutting and welding of picks with Holder,dismantling and fitting of crusher drum,repairing of cracked base Rock breaker and repairing and alignment of drive shaft, Conveyor chain and Flight bar of F/B No.5,AMPC.]","[Repairing of crusher roll along with cutting and welding of picks with Holder,dismantling and fitting of crusher drum,repairing of cracked base Rock breaker and repairing and alignment of drive shaft, Conveyor chain and Flight bar of F/B No.5,AMPC.]
																				[BCCL/GM/AR-I/AM (ENM)/E-TENDER/2025-26/183][2025_BCCL_344799_1]",https://etender.up.nic.in/nicgep/app?component=%24DirectLink_0&page=FrontEndAdvancedSearchResult&service=direct&session=T&sp=SQPy9MLgVdDzDo8%2B%2FzPKyAA%3D%3D,Bharat Coking Coal Limited||BCCL_BARORA AREA
77,32,27-Sep-2025 06:30 PM,08-Oct-2025 06:30 PM,09-Oct-2025 10:00 AM,[New electrical wiring of C-type Qtr.No.-20 of Harina  Colony under Barora Area.],"[New electrical wiring of C-type Qtr.No.-20 of Harina  Colony under Barora Area.]
																				[BCCL/GM/AR-I/AM (ENM)/E-TENDER/2025-26/188][2025_BCCL_344823_1]",https://etender.up.nic.in/nicgep/app?component=%24DirectLink_0&page=FrontEndAdvancedSearchResult&service=direct&session=T&sp=SodTVkf7xrtpDdc6JegP7FQ%3D%3D,Bharat Coking Coal Limited||BCCL_BARORA AREA
78,32,27-Sep-2025 06:30 PM,08-Oct-2025 06:30 PM,09-Oct-2025 10:00 AM,"[Complete rewinding and repairing of  15HP motor 1460RPM, 440Volts for  controlling of domestic water supply of  Damoda Colliery.]","[Complete rewinding and repairing of  15HP motor 1460RPM, 440Volts for  controlling of domestic water supply of  Damoda Colliery.]
																				[BCCL/GM/AR-I/AM (ENM)/E-TENDER/2025-26/181][2025_BCCL_344797_1]",https://etender.up.nic.in/nicgep/app?component=%24DirectLink_0&page=FrontEndAdvancedSearchResult&service=direct&session=T&sp=SqaQeEkSE6PkLTnSRLcKbNg%3D%3D,Bharat Coking Coal Limited||BCCL_BARORA AREA
79,32,27-Sep-2025 06:30 PM,08-Oct-2025 06:30 PM,09-Oct-2025 10:00 AM,"[Providing proper lighting in muraidih store having  three storage space and floor area of 2500 sqfeet,  2500 sqfeet and 1500 sqfeet approximately of  AMPC Barora Area.]","[Providing proper lighting in muraidih store having  three storage space and floor area of 2500 sqfeet,  2500 sqfeet and 1500 sqfeet approximately of  AMPC Barora Area.]
																				[BCCL/GM/AR-I/AM (ENM)/E-TENDER/2025-26/179][2025_BCCL_344793_1]",https://etender.up.nic.in/nicgep/app?component=%24DirectLink_0&page=FrontEndAdvancedSearchResult&service=direct&session=T&sp=SUok6gbqxavd25ixJibFHiQ%3D%3D,Bharat Coking Coal Limited||BCCL_BARORA AREA
80,32,27-Sep-2025 06:30 PM,08-Oct-2025 06:30 PM,09-Oct-2025 10:00 AM,"[Township maintenance of 440V O/H line of Barora new colony by replacement of damaged poles, insulators, stay set, cradle guard and repair and tensioning of damaged and sagged conductor for safe operation of domestic power supply at Muraidih, AMPC.]","[Township maintenance of 440V O/H line of Barora new colony by replacement of damaged poles, insulators, stay set, cradle guard and repair and tensioning of damaged and sagged conductor for safe operation of domestic power supply at Muraidih, AMPC.]
																				[BCCL/GM/AR-I/AM (ENM)/E-TENDER/2025-26/178][2025_BCCL_344791_1]",https://etender.up.nic.in/nicgep/app?component=%24DirectLink_0&page=FrontEndAdvancedSearchResult&service=direct&session=T&sp=SWkBlCQ8z%2BnbFiuaeBfd9Qg%3D%3D,Bharat Coking Coal Limited||BCCL_BARORA AREA
301,11,24-Sep-2025 06:55 PM,04-Oct-2025 06:55 PM,06-Oct-2025 11:00 AM,"[Supply and fixing of UPS Backup system of 02 nos, weighbridges installed at Karma Project Under Kuju Area.]","[Supply and fixing of UPS Backup system of 02 nos, weighbridges installed at Karma Project Under Kuju Area.]
																				[GM (K)/EnM/eTender/25-26/144 ][2025_CCL_344658_1]",https://etender.up.nic.in/nicgep/app?component=%24DirectLink_0&page=FrontEndAdvancedSearchResult&service=direct&session=T&sp=SIBh3u5mvtDgCgeoeO4mTIA%3D%3D,Central Coalfields Limited||Kuju
302,11,24-Sep-2025 06:55 PM,04-Oct-2025 06:55 PM,06-Oct-2025 11:00 AM,[Fabrication and installation of 02 numbers Water Tanker point at Topa Project under Kuju Area.],"[Fabrication and installation of 02 numbers Water Tanker point at Topa Project under Kuju Area.]
																				[GM (K)/EnM/eTender/25-26/146][2025_CCL_344656_1]",https://etender.up.nic.in/nicgep/app?component=%24DirectLink_0&page=FrontEndAdvancedSearchResult&service=direct&session=T&sp=S8KaFrdXKWNEps3QbZvIR2Q%3D%3D,Central Coalfields Limited||Kuju
303,11,24-Sep-2025 06:55 PM,10-Oct-2025 11:00 AM,11-Oct-2025 11:00 AM,[Renovation of deshalling plant CHP shift office MCC-1  2 Coal and OB substation at Bina project],"[Renovation of deshalling plant CHP shift office MCC-1  2 Coal and OB substation at Bina project]
																				[B/Civil/2025-26/ETN-26 dtd 24.09.2025][2025_NCL_344663_1]",https://etender.up.nic.in/nicgep/app?component=%24DirectLink_0&page=FrontEndAdvancedSearchResult&service=direct&session=T&sp=SxKilbNaJtrF8k6FW%2BVhv%2BQ%3D%3D,Northern Coalfields Limited||Bina Project
304,11,24-Sep-2025 06:55 PM,04-Oct-2025 06:55 PM,06-Oct-2025 11:00 AM,"[Fabrication and installation of 50mm dia U-PVC Pipeline 300 mtrs and 25 mm dia UPVC pipeline 240 mtrs for day to day water use at PO Office, Executive rest house and AC Canteen connecting with existing 150mm dia pipeline at Karma OCP under Kuju area.]","[Fabrication and installation of 50mm dia U-PVC Pipeline 300 mtrs and 25 mm dia UPVC pipeline 240 mtrs for day to day water use at PO Office, Executive rest house and AC Canteen connecting with existing 150mm dia pipeline at Karma OCP under Kuju area.]
																				[GM (K)/EnM/eTender/25-26/145][2025_CCL_344662_1]",https://etender.up.nic.in/nicgep/app?component=%24DirectLink_0&page=FrontEndAdvancedSearchResult&service=direct&session=T&sp=SfuOy93Ekn4sb%2BT5O3NhllA%3D%3D,Central Coalfields Limited||Kuju
305,11,24-Sep-2025 06:55 PM,06-Oct-2025 10:00 AM,07-Oct-2025 10:00 AM,[Providing pipeline from mine water discharge point to fire hydrant reservoir at Krishnashila Project.],"[Providing pipeline from mine water discharge point to fire hydrant reservoir at Krishnashila Project.]
																				[ 	KSL/Civil/Tender/2025-26/ ETN-08 Dated. 24.09.2025][2025_NCL_344615_1]",https://etender.up.nic.in/nicgep/app?component=%24DirectLink_0&page=FrontEndAdvancedSearchResult&service=direct&session=T&sp=Sth855anshGF26zYTGOvOGg%3D%3D,Northern Coalfields Limited||Krishnashila Project
306,11,24-Sep-2025 06:55 PM,13-Oct-2025 11:00 AM,14-Oct-2025 11:00 AM,"[Recarpetting of approach and internal roads of C type (Quarters Sector 3 to 5) , D type , B type Sector 7 to 14 and other prominent locations  at Nigahi Project (Phase -III)]","[Recarpetting of approach and internal roads of C type (Quarters Sector 3 to 5) , D type , B type Sector 7 to 14 and other prominent locations  at Nigahi Project (Phase -III)]
																				[NGH/C/25-26/ETN-23 Dated 23.09.2025][2025_NCL_344653_1]",https://etender.up.nic.in/nicgep/app?component=%24DirectLink_0&page=FrontEndAdvancedSearchResult&service=direct&session=T&sp=SnAzWrj8lXWsaQPx3YoPCng%3D%3D,Northern Coalfields Limited||Nigahi Project
307,11,24-Sep-2025 06:55 PM,04-Oct-2025 06:55 PM,06-Oct-2025 11:00 AM,"[Repairing and maintenance of 11 no. of 11KV GOAB and bus bar maintenance at colony substation ,IWSP substation and 10No substation of Sarubera Colliery under Kuju Area.]","[Repairing and maintenance of 11 no. of 11KV GOAB and bus bar maintenance at colony substation ,IWSP substation and 10No substation of Sarubera Colliery under Kuju Area.]
																				[GM (K)/EnM/eTender/25-26/156                                      ][2025_CCL_344665_1]",https://etender.up.nic.in/nicgep/app?component=%24DirectLink_0&page=FrontEndAdvancedSearchResult&service=direct&session=T&sp=SdrWj%2F%2Fr4KeKWeIyuUriT2A%3D%3D,Central Coalfields Limited||Kuju
308,11,24-Sep-2025 06:55 PM,13-Oct-2025 11:00 AM,14-Oct-2025 11:00 AM,[Providing and fixing concertina fencing around new B type sectors (7 to 16) at Nigahi Project],"[Providing and fixing concertina fencing around new B type sectors (7 to 16) at Nigahi Project]
																				[NGH/C/25-26/ETN-22 Dated 23.09.2025][2025_NCL_344649_1]",https://etender.up.nic.in/nicgep/app?component=%24DirectLink_0&page=FrontEndAdvancedSearchResult&service=direct&session=T&sp=S2cnm7pGRb9IAq8wjipwjxg%3D%3D,Northern Coalfields Limited||Nigahi Project
309,11,24-Sep-2025 06:00 PM,06-Oct-2025 05:00 PM,07-Oct-2025 10:00 AM,"[Repairing of tower raising cylinder, rod centralizer bush, power pack canopy, 03 Nos. Leveling Jack of REL 650 Drill Sl. No. RDC 1482 of Religara Project.]","[Repairing of tower raising cylinder, rod centralizer bush, power pack canopy, 03 Nos. Leveling Jack of REL 650 Drill Sl. No. RDC 1482 of Religara Project.]
																				[SO(X)(A)/e-NIT/44/25-26/137][2025_CCL_344634_1]",https://etender.up.nic.in/nicgep/app?component=%24DirectLink_0&page=FrontEndAdvancedSearchResult&service=direct&session=T&sp=SweY%2FPSji35rRI09AGnfxZA%3D%3D,Central Coalfields Limited||Argada
310,11,24-Sep-2025 06:00 PM,06-Oct-2025 05:00 PM,07-Oct-2025 10:00 AM,"[Repairing of Left side final drive planetary gear box, track roller 07 nos. (LHS) and Carrier Roller 02 nos. (LHS) of LnT make CK-300E Shovel Sl.no.E-164 of Gidi-C Colliery.]","[Repairing of Left side final drive planetary gear box, track roller 07 nos. (LHS) and Carrier Roller 02 nos. (LHS) of LnT make CK-300E Shovel Sl.no.E-164 of Gidi-C Colliery.]
																				[SO(X)(A)/e-NIT/45/25-26/138][2025_CCL_344639_1]",https://etender.up.nic.in/nicgep/app?component=%24DirectLink_0&page=FrontEndAdvancedSearchResult&service=direct&session=T&sp=SbIs7PmOxeLOtG9Reu%2B%2BPkw%3D%3D,Central Coalfields Limited||Argada
311,11,24-Sep-2025 06:00 PM,15-Oct-2025 05:00 PM,17-Oct-2025 11:00 AM,"[Development of external drainage system of entire colony, Dust Bins, providing Paver Block over berms of main road of colony from front entrance to back entrance at Hilltop colony of SOCP under Ib Valley Area.]","[Development of external drainage system of entire colony, Dust Bins, providing Paver Block over berms of main road of colony from front entrance to back entrance at Hilltop colony of SOCP under Ib Valley Area.]
																				[MCL/Samb/Civil-Wel/e Tender/25-26/16 dt 24/09/2025][2025_MCL_344597_1]",https://etender.up.nic.in/nicgep/app?component=%24DirectLink_0&page=FrontEndAdvancedSearchResult&service=direct&session=T&sp=SNQfMHxOnhZnwhsr1m6f%2Bsw%3D%3D,Mahanadi Coalfields Limited||HQ CIVIL-WELFARE N CSR||CIVIL-WELFARE N CSR
312,11,24-Sep-2025 06:00 PM,06-Oct-2025 11:00 AM,07-Oct-2025 11:30 AM,"[Repair of magazine and watch tower of Umrer Area with rcc pathway, concertina coil fencing and hardstand for parking at Umrer Area.]","[Repair of magazine and watch tower of Umrer Area with rcc pathway, concertina coil fencing and hardstand for parking at Umrer Area.]
																				[um4550-civ-0040-2025-26][2025_WCL_344613_1]",https://etender.up.nic.in/nicgep/app?component=%24DirectLink_0&page=FrontEndAdvancedSearchResult&service=direct&session=T&sp=SR%2FuErJ%2FsPhIAYD6fhSXwxw%3D%3D,Western Coalfields Limited||UMR||UMR_Civil
313,11,24-Sep-2025 06:00 PM,06-Oct-2025 06:00 PM,07-Oct-2025 11:00 AM,[Renovation of pond at Telenkachar under Bundia village Kudopali GP under CSR activity of OA],"[Renovation of pond at Telenkachar under Bundia village Kudopali GP under CSR activity of OA]
																				[MCL/GM/OA/SO(C)/e-T/25-26/23 dtd.24.09.2025][2025_MCL_344606_1]",https://etender.up.nic.in/nicgep/app?component=%24DirectLink_0&page=FrontEndAdvancedSearchResult&service=direct&session=T&sp=SuiNoOc%2FBAZIY1%2Baip2zEEg%3D%3D,Mahanadi Coalfields Limited||ORIENT AREA||ORIEN_CIVIL||CIVIL
314,11,24-Sep-2025 06:00 PM,06-Oct-2025 05:00 PM,07-Oct-2025 10:00 AM,"[Repairing of both side steering cylinder, Rotating jaw, Rear axle arm, Battery Box, Slide cylinder and counterweight of BEML Tyre handler model BL14TH, Sl no. 18120 of Gidi-C Colliery.]","[Repairing of both side steering cylinder, Rotating jaw, Rear axle arm, Battery Box, Slide cylinder and counterweight of BEML Tyre handler model BL14TH, Sl no. 18120 of Gidi-C Colliery.]
																				[SO(X)(A)/e-NIT/43/25-26/136][2025_CCL_344620_1]",https://etender.up.nic.in/nicgep/app?component=%24DirectLink_0&page=FrontEndAdvancedSearchResult&service=direct&session=T&sp=S1LGUxw44NEry5gkT1ADYzA%3D%3D,Central Coalfields Limited||Argada
315,11,24-Sep-2025 06:00 PM,06-Oct-2025 11:00 AM,07-Oct-2025 11:30 AM,[Providing and fixing of HDPE pipeline from MKD Sump near TSMQ to Magazine of Umrer Area.],"[Providing and fixing of HDPE pipeline from MKD Sump near TSMQ to Magazine of Umrer Area.]
																				[um4550-civ-0040-2025-26][2025_WCL_344613_2]",https://etender.up.nic.in/nicgep/app?component=%24DirectLink_0&page=FrontEndAdvancedSearchResult&service=direct&session=T&sp=SrS6Pwsjbj2xgr2nHEqnkZg%3D%3D,Western Coalfields Limited||UMR||UMR_Civil
316,11,24-Sep-2025 06:00 PM,06-Oct-2025 11:00 AM,07-Oct-2025 11:00 AM,[Dismantling of poles and conductors at new railway siding and repair and maintenance of 440 Volt O/H L.T line for power supply from LVS Section to P.O Office (KTW) and RLB Section to Weigh Bridge No. 2 under Kathara Washery],"[Dismantling of poles and conductors at new railway siding and repair and maintenance of 440 Volt O/H L.T line for power supply from LVS Section to P.O Office (KTW) and RLB Section to Weigh Bridge No. 2 under Kathara Washery]
																				[PO/KTW/EnM/eTen/25-26/65 Dated-24.09.2025][2025_CCL_344611_1]",https://etender.up.nic.in/nicgep/app?component=%24DirectLink_0&page=FrontEndAdvancedSearchResult&service=direct&session=T&sp=SgWTL1pDRoUTz%2FGHK8tfpmQ%3D%3D,Central Coalfields Limited||Kathara
317,11,24-Sep-2025 06:00 PM,06-Oct-2025 11:00 AM,07-Oct-2025 11:00 AM,[Repairing of 04 Nos. Operator Seats of Shovels and Drills of Jayant Project.],"[Repairing of 04 Nos. Operator Seats of Shovels and Drills of Jayant Project.]
																				[JNT/GM(Excv)/E-tender/25-26/30][2025_NCL_344526_1]",https://etender.up.nic.in/nicgep/app?component=%24DirectLink_0&page=FrontEndAdvancedSearchResult&service=direct&session=T&sp=SuxZ2Nmra0d4XYFTnIcL2eQ%3D%3D,Northern Coalfields Limited||Jayant Project
318,11,24-Sep-2025 06:00 PM,06-Oct-2025 10:00 AM,07-Oct-2025 10:00 AM,"[Development of central nursery at Salanpur Area, ECL]","[Development of central nursery at Salanpur Area, ECL]
																				[SLN/GM/AE(C)/E-Tender/25-26/34 dt 20.09.2025][2025_ECL_344395_1]",https://etender.up.nic.in/nicgep/app?component=%24DirectLink_0&page=FrontEndAdvancedSearchResult&service=direct&session=T&sp=STembQOg%2FMM3a627dI96srw%3D%3D,Eastern Coalfields Limited||ECL_Salanpur area
319,11,24-Sep-2025 06:00 PM,06-Oct-2025 11:00 AM,07-Oct-2025 11:00 AM,"[Fitment of safety glasses of operator cabin , cabin window glasses, front cabin glasses with rubber bead and denting work etc. in all models of dumpers, water tankers, water sprinkler and cranes.]","[Fitment of safety glasses of operator cabin , cabin window glasses, front cabin glasses with rubber bead and denting work etc. in all models of dumpers, water tankers, water sprinkler and cranes.]
																				[JNT/GM(Excv)/E-tender/25-26/29][2025_NCL_344525_1]",https://etender.up.nic.in/nicgep/app?component=%24DirectLink_0&page=FrontEndAdvancedSearchResult&service=direct&session=T&sp=SB0fFID%2F5sCYQyHDaAX%2B3XA%3D%3D,Northern Coalfields Limited||Jayant Project
320,11,24-Sep-2025 06:00 PM,10-Oct-2025 10:00 AM,11-Oct-2025 10:00 AM,"[Operation of EI cabin, LC gate, Electrical and mechanical signalling works along with maintenance of railway track at Dalmiya private railway siding under Salanpur Area. (for 1 year)]","[Operation of EI cabin, LC gate, Electrical and mechanical signalling works along with maintenance of railway track at Dalmiya private railway siding under Salanpur Area. (for 1 year)]
																				[SLN/GM/AE(C)/E-Tender/25-26/35 dt 22.09.2025][2025_ECL_344513_1]",https://etender.up.nic.in/nicgep/app?component=%24DirectLink_0&page=FrontEndAdvancedSearchResult&service=direct&session=T&sp=SLmGUBzlm0ieX5LyLLri40Q%3D%3D,Eastern Coalfields Limited||ECL_Salanpur area
301,29,24-Sep-2025 06:55 PM,04-Oct-2025 06:55 PM,06-Oct-2025 11:00 AM,[Fabrication and installation of 02 numbers Water Tanker point at Topa Project under Kuju Area.],"[Fabrication and installation of 02 numbers Water Tanker point at Topa Project under Kuju Area.]
																				[GM (K)/EnM/eTender/25-26/146][2025_CCL_344656_1]",https://etender.up.nic.in/nicgep/app?component=%24DirectLink_0&page=FrontEndAdvancedSearchResult&service=direct&session=T&sp=S8KaFrdXKWNEps3QbZvIR2Q%3D%3D,Central Coalfields Limited||Kuju
302,29,24-Sep-2025 06:55 PM,04-Oct-2025 06:55 PM,06-Oct-2025 11:00 AM,"[Fabrication and installation of 50mm dia U-PVC Pipeline 300 mtrs and 25 mm dia UPVC pipeline 240 mtrs for day to day water use at PO Office, Executive rest house and AC Canteen connecting with existing 150mm dia pipeline at Karma OCP under Kuju area.]","[Fabrication and installation of 50mm dia U-PVC Pipeline 300 mtrs and 25 mm dia UPVC pipeline 240 mtrs for day to day water use at PO Office, Executive rest house and AC Canteen connecting with existing 150mm dia pipeline at Karma OCP under Kuju area.]
																				[GM (K)/EnM/eTender/25-26/145][2025_CCL_344662_1]",https://etender.up.nic.in/nicgep/app?component=%24DirectLink_0&page=FrontEndAdvancedSearchResult&service=direct&session=T&sp=SfuOy93Ekn4sb%2BT5O3NhllA%3D%3D,Central Coalfields Limited||Kuju
303,29,24-Sep-2025 06:55 PM,07-Oct-2025 05:00 PM,08-Oct-2025 05:00 PM,[Construction of Public Toilet near Maa Jwala Mukhi Temple near Shaktinagar UP under CSR Scheme],"[Construction of Public Toilet near Maa Jwala Mukhi Temple near Shaktinagar UP under CSR Scheme]
																				[DCH/SO(C)/2025-26/ETN-22 dated 24.09.2025][2025_NCL_344661_1]",https://etender.up.nic.in/nicgep/app?component=%24DirectLink_0&page=FrontEndAdvancedSearchResult&service=direct&session=T&sp=SpgVolzrCPIJSMQifmfTWhw%3D%3D,Northern Coalfields Limited||Dudichua Project
304,29,24-Sep-2025 06:55 PM,13-Oct-2025 11:00 AM,14-Oct-2025 11:00 AM,"[Recarpetting of approach and internal roads of C type (Quarters Sector 3 to 5) , D type , B type Sector 7 to 14 and other prominent locations  at Nigahi Project (Phase -III)]","[Recarpetting of approach and internal roads of C type (Quarters Sector 3 to 5) , D type , B type Sector 7 to 14 and other prominent locations  at Nigahi Project (Phase -III)]
																				[NGH/C/25-26/ETN-23 Dated 23.09.2025][2025_NCL_344653_1]",https://etender.up.nic.in/nicgep/app?component=%24DirectLink_0&page=FrontEndAdvancedSearchResult&service=direct&session=T&sp=SnAzWrj8lXWsaQPx3YoPCng%3D%3D,Northern Coalfields Limited||Nigahi Project
305,29,24-Sep-2025 06:55 PM,04-Oct-2025 06:55 PM,06-Oct-2025 11:00 AM,"[Repairing and maintenance of 11 no. of 11KV GOAB and bus bar maintenance at colony substation ,IWSP substation and 10No substation of Sarubera Colliery under Kuju Area.]","[Repairing and maintenance of 11 no. of 11KV GOAB and bus bar maintenance at colony substation ,IWSP substation and 10No substation of Sarubera Colliery under Kuju Area.]
																				[GM (K)/EnM/eTender/25-26/156                                      ][2025_CCL_344665_1]",https://etender.up.nic.in/nicgep/app?component=%24DirectLink_0&page=FrontEndAdvancedSearchResult&service=direct&session=T&sp=SdrWj%2F%2Fr4KeKWeIyuUriT2A%3D%3D,Central Coalfields Limited||Kuju
306,29,24-Sep-2025 06:55 PM,13-Oct-2025 11:00 AM,14-Oct-2025 11:00 AM,[Providing and fixing concertina fencing around new B type sectors (7 to 16) at Nigahi Project],"[Providing and fixing concertina fencing around new B type sectors (7 to 16) at Nigahi Project]
																				[NGH/C/25-26/ETN-22 Dated 23.09.2025][2025_NCL_344649_1]",https://etender.up.nic.in/nicgep/app?component=%24DirectLink_0&page=FrontEndAdvancedSearchResult&service=direct&session=T&sp=S2cnm7pGRb9IAq8wjipwjxg%3D%3D,Northern Coalfields Limited||Nigahi Project
307,29,24-Sep-2025 06:55 PM,10-Oct-2025 11:00 AM,11-Oct-2025 11:00 AM,[Renovation of deshalling plant CHP shift office MCC-1  2 Coal and OB substation at Bina project],"[Renovation of deshalling plant CHP shift office MCC-1  2 Coal and OB substation at Bina project]
																				[B/Civil/2025-26/ETN-26 dtd 24.09.2025][2025_NCL_344663_1]",https://etender.up.nic.in/nicgep/app?component=%24DirectLink_0&page=FrontEndAdvancedSearchResult&service=direct&session=T&sp=SxKilbNaJtrF8k6FW%2BVhv%2BQ%3D%3D,Northern Coalfields Limited||Bina Project
308,29,24-Sep-2025 06:55 PM,06-Oct-2025 10:00 AM,07-Oct-2025 10:00 AM,[Providing pipeline from mine water discharge point to fire hydrant reservoir at Krishnashila Project.],"[Providing pipeline from mine water discharge point to fire hydrant reservoir at Krishnashila Project.]
																				[ 	KSL/Civil/Tender/2025-26/ ETN-08 Dated. 24.09.2025][2025_NCL_344615_1]",https://etender.up.nic.in/nicgep/app?component=%24DirectLink_0&page=FrontEndAdvancedSearchResult&service=direct&session=T&sp=Sth855anshGF26zYTGOvOGg%3D%3D,Northern Coalfields Limited||Krishnashila Project
309,29,24-Sep-2025 06:00 PM,06-Oct-2025 05:00 PM,07-Oct-2025 10:00 AM,"[Repairing of both side steering cylinder, Rotating jaw, Rear axle arm, Battery Box, Slide cylinder and counterweight of BEML Tyre handler model BL14TH, Sl no. 18120 of Gidi-C Colliery.]","[Repairing of both side steering cylinder, Rotating jaw, Rear axle arm, Battery Box, Slide cylinder and counterweight of BEML Tyre handler model BL14TH, Sl no. 18120 of Gidi-C Colliery.]
																				[SO(X)(A)/e-NIT/43/25-26/136][2025_CCL_344620_1]",https://etender.up.nic.in/nicgep/app?component=%24DirectLink_0&page=FrontEndAdvancedSearchResult&service=direct&session=T&sp=S1LGUxw44NEry5gkT1ADYzA%3D%3D,Central Coalfields Limited||Argada
310,29,24-Sep-2025 06:00 PM,15-Oct-2025 05:00 PM,17-Oct-2025 11:00 AM,"[Development of external drainage system of entire colony, Dust Bins, providing Paver Block over berms of main road of colony from front entrance to back entrance at Hilltop colony of SOCP under Ib Valley Area.]","[Development of external drainage system of entire colony, Dust Bins, providing Paver Block over berms of main road of colony from front entrance to back entrance at Hilltop colony of SOCP under Ib Valley Area.]
																				[MCL/Samb/Civil-Wel/e Tender/25-26/16 dt 24/09/2025][2025_MCL_344597_1]",https://etender.up.nic.in/nicgep/app?component=%24DirectLink_0&page=FrontEndAdvancedSearchResult&service=direct&session=T&sp=SNQfMHxOnhZnwhsr1m6f%2Bsw%3D%3D,Mahanadi Coalfields Limited||HQ CIVIL-WELFARE N CSR||CIVIL-WELFARE N CSR
311,29,24-Sep-2025 06:00 PM,06-Oct-2025 05:00 PM,07-Oct-2025 10:00 AM,"[Repairing of Left side final drive planetary gear box, track roller 07 nos. (LHS) and Carrier Roller 02 nos. (LHS) of LnT make CK-300E Shovel Sl.no.E-164 of Gidi-C Colliery.]","[Repairing of Left side final drive planetary gear box, track roller 07 nos. (LHS) and Carrier Roller 02 nos. (LHS) of LnT make CK-300E Shovel Sl.no.E-164 of Gidi-C Colliery.]
																				[SO(X)(A)/e-NIT/45/25-26/138][2025_CCL_344639_1]",https://etender.up.nic.in/nicgep/app?component=%24DirectLink_0&page=FrontEndAdvancedSearchResult&service=direct&session=T&sp=SbIs7PmOxeLOtG9Reu%2B%2BPkw%3D%3D,Central Coalfields Limited||Argada
312,29,24-Sep-2025 06:00 PM,06-Oct-2025 11:00 AM,07-Oct-2025 11:00 AM,"[Repair and overhauling of diesel engine Make- SIMPSON Sl. no. S433B37856 applicable for SHAKTI 12T Crane, CIL no. MC-822.]","[Repair and overhauling of diesel engine Make- SIMPSON Sl. no. S433B37856 applicable for SHAKTI 12T Crane, CIL no. MC-822.]
																				[JNT/GM(Excv)/E-tender/25-26/28][2025_NCL_344523_1]",https://etender.up.nic.in/nicgep/app?component=%24DirectLink_0&page=FrontEndAdvancedSearchResult&service=direct&session=T&sp=Si1mBoSUEZXb8L5fOrchpuw%3D%3D,Northern Coalfields Limited||Jayant Project
313,29,24-Sep-2025 06:00 PM,10-Oct-2025 10:00 AM,11-Oct-2025 10:00 AM,"[Operation of EI cabin, LC gate, Electrical and mechanical signalling works along with maintenance of railway track at Dalmiya private railway siding under Salanpur Area. (for 1 year)]","[Operation of EI cabin, LC gate, Electrical and mechanical signalling works along with maintenance of railway track at Dalmiya private railway siding under Salanpur Area. (for 1 year)]
																				[SLN/GM/AE(C)/E-Tender/25-26/35 dt 22.09.2025][2025_ECL_344513_1]",https://etender.up.nic.in/nicgep/app?component=%24DirectLink_0&page=FrontEndAdvancedSearchResult&service=direct&session=T&sp=SLmGUBzlm0ieX5LyLLri40Q%3D%3D,Eastern Coalfields Limited||ECL_Salanpur area
314,29,24-Sep-2025 06:00 PM,06-Oct-2025 05:00 PM,07-Oct-2025 10:00 AM,"[Repairing of tower raising cylinder, rod centralizer bush, power pack canopy, 03 Nos. Leveling Jack of REL 650 Drill Sl. No. RDC 1482 of Religara Project.]","[Repairing of tower raising cylinder, rod centralizer bush, power pack canopy, 03 Nos. Leveling Jack of REL 650 Drill Sl. No. RDC 1482 of Religara Project.]
																				[SO(X)(A)/e-NIT/44/25-26/137][2025_CCL_344634_1]",https://etender.up.nic.in/nicgep/app?component=%24DirectLink_0&page=FrontEndAdvancedSearchResult&service=direct&session=T&sp=SweY%2FPSji35rRI09AGnfxZA%3D%3D,Central Coalfields Limited||Argada
315,29,24-Sep-2025 06:00 PM,06-Oct-2025 06:00 PM,07-Oct-2025 11:00 AM,[Renovation of pond at Telenkachar under Bundia village Kudopali GP under CSR activity of OA],"[Renovation of pond at Telenkachar under Bundia village Kudopali GP under CSR activity of OA]
																				[MCL/GM/OA/SO(C)/e-T/25-26/23 dtd.24.09.2025][2025_MCL_344606_1]",https://etender.up.nic.in/nicgep/app?component=%24DirectLink_0&page=FrontEndAdvancedSearchResult&service=direct&session=T&sp=SuiNoOc%2FBAZIY1%2Baip2zEEg%3D%3D,Mahanadi Coalfields Limited||ORIENT AREA||ORIEN_CIVIL||CIVIL
316,29,24-Sep-2025 06:00 PM,06-Oct-2025 11:00 AM,07-Oct-2025 11:30 AM,[Providing and fixing of HDPE pipeline from MKD Sump near TSMQ to Magazine of Umrer Area.],"[Providing and fixing of HDPE pipeline from MKD Sump near TSMQ to Magazine of Umrer Area.]
																				[um4550-civ-0040-2025-26][2025_WCL_344613_2]",https://etender.up.nic.in/nicgep/app?component=%24DirectLink_0&page=FrontEndAdvancedSearchResult&service=direct&session=T&sp=SrS6Pwsjbj2xgr2nHEqnkZg%3D%3D,Western Coalfields Limited||UMR||UMR_Civil
317,29,24-Sep-2025 06:00 PM,06-Oct-2025 11:00 AM,07-Oct-2025 11:30 AM,"[Repair of magazine and watch tower of Umrer Area with rcc pathway, concertina coil fencing and hardstand for parking at Umrer Area.]","[Repair of magazine and watch tower of Umrer Area with rcc pathway, concertina coil fencing and hardstand for parking at Umrer Area.]
																				[um4550-civ-0040-2025-26][2025_WCL_344613_1]",https://etender.up.nic.in/nicgep/app?component=%24DirectLink_0&page=FrontEndAdvancedSearchResult&service=direct&session=T&sp=SR%2FuErJ%2FsPhIAYD6fhSXwxw%3D%3D,Western Coalfields Limited||UMR||UMR_Civil
318,29,24-Sep-2025 06:00 PM,06-Oct-2025 10:00 AM,07-Oct-2025 10:00 AM,"[Development of central nursery at Salanpur Area, ECL]","[Development of central nursery at Salanpur Area, ECL]
																				[SLN/GM/AE(C)/E-Tender/25-26/34 dt 20.09.2025][2025_ECL_344395_1]",https://etender.up.nic.in/nicgep/app?component=%24DirectLink_0&page=FrontEndAdvancedSearchResult&service=direct&session=T&sp=STembQOg%2FMM3a627dI96srw%3D%3D,Eastern Coalfields Limited||ECL_Salanpur area
319,29,24-Sep-2025 06:00 PM,06-Oct-2025 11:00 AM,07-Oct-2025 11:00 AM,[Repairing of 04 Nos. Operator Seats of Shovels and Drills of Jayant Project.],"[Repairing of 04 Nos. Operator Seats of Shovels and Drills of Jayant Project.]
																				[JNT/GM(Excv)/E-tender/25-26/30][2025_NCL_344526_1]",https://etender.up.nic.in/nicgep/app?component=%24DirectLink_0&page=FrontEndAdvancedSearchResult&service=direct&session=T&sp=SuxZ2Nmra0d4XYFTnIcL2eQ%3D%3D,Northern Coalfields Limited||Jayant Project
320,29,24-Sep-2025 06:00 PM,06-Oct-2025 11:00 AM,07-Oct-2025 11:00 AM,"[Fitment of safety glasses of operator cabin , cabin window glasses, front cabin glasses with rubber bead and denting work etc. in all models of dumpers, water tankers, water sprinkler and cranes.]","[Fitment of safety glasses of operator cabin , cabin window glasses, front cabin glasses with rubber bead and denting work etc. in all models of dumpers, water tankers, water sprinkler and cranes.]
																				[JNT/GM(Excv)/E-tender/25-26/29][2025_NCL_344525_1]",https://etender.up.nic.in/nicgep/app?component=%24DirectLink_0&page=FrontEndAdvancedSearchResult&service=direct&session=T&sp=SB0fFID%2F5sCYQyHDaAX%2B3XA%3D%3D,Northern Coalfields Limited||Jayant Project
