S.No,Page No,e-Published Date,Closing Date,Opening Date,Title,TenderID,Link,Organisation Chain
21,2,26-Sep-2025 12:00 PM,08-Oct-2025 04:00 PM,10-Oct-2025 10:00 AM,[Improvement of the internal road of Government Agriculture farm (Durga farm) at Chinchinim in Salcete Taluka],"[Improvement of the internal road of Government Agriculture farm (Durga farm) at Chinchinim in Salcete Taluka]
																				[SCD/D.Agri./25-26/e49/L1/652                                     ][2025_DAG_24788_1]",https://etender.up.nic.in/nicgep/app?component=%24DirectLink_0&page=FrontEndAdvancedSearchResult&service=direct&session=T&sp=Srsdmx%2BHUfu2byzFLwbrXgg%3D%3D,DIRECTORATE OF AGRICULTURE||NORTH GOA||SOIL CONSERVATION DIVISION
22,2,25-Sep-2025 06:45 PM,01-Oct-2025 03:30 PM,03-Oct-2025 11:00 AM,[TENDER FOR PROVIDING PEST CONTROL SERVICES AT GTDC RESIDENCIES],"[TENDER FOR PROVIDING PEST CONTROL SERVICES AT GTDC RESIDENCIES]
																				[No. 2/5/09-581/2025/GT/HE/2499][2025_GTDCL_24785_1]",https://etender.up.nic.in/nicgep/app?component=%24DirectLink_0&page=FrontEndAdvancedSearchResult&service=direct&session=T&sp=SDDk6rjLFiuJsjlHyBhv%2BXQ%3D%3D,Goa Tourism Development Corporation Limited||HEAD OFFICE||Marketing
23,2,25-Sep-2025 06:00 PM,06-Oct-2025 03:00 PM,08-Oct-2025 10:00 AM,"[Maintainence of electrical installation at the official residence of Honble Chief Minister,Altinho,Panaji-Goa for the period of one year.]","[Maintainence of electrical installation at the official residence of Honble Chief Minister,Altinho,Panaji-Goa for the period of one year.]
																				[31/1/2025-26/ASW-IV/EMN/PWD/25 LINE01][2025_PWD_24784_1]",https://etender.up.nic.in/nicgep/app?component=%24DirectLink_0&page=FrontEndAdvancedSearchResult&service=direct&session=T&sp=SEaVXtzKbHznXx%2FaFuIFRog%3D%3D,PUBLIC WORKS DEPARTMENT||CIRCLE - VII- Panaji||DIVISION - IV- Caranzalem
24,2,25-Sep-2025 04:00 PM,06-Oct-2025 05:00 PM,07-Oct-2025 11:00 AM,[Construction of flood protection wall from Uday Naik house to Cajetan Pereira house in Sy. No. 125/1 at Maime Wado in V.P. Nerul in Saligao Constituency. (IInd Call)],"[Construction of flood protection wall from Uday Naik house to Cajetan Pereira house in Sy. No. 125/1 at Maime Wado in V.P. Nerul in Saligao Constituency. (IInd Call)]
																				[6-9/WDI/WRD/ASW/2025-26/e-27][2025_WRD_24782_1]",https://etender.up.nic.in/nicgep/app?component=%24DirectLink_0&page=FrontEndAdvancedSearchResult&service=direct&session=T&sp=SqEPPI7X8137cSjd13iOZYg%3D%3D,WATER RESOURCE DEPARTMENT||CIRCLE I||DIVISION - I
25,2,25-Sep-2025 02:00 PM,06-Oct-2025 04:00 PM,08-Oct-2025 03:30 PM,[Strengthening of upstream side of super passage at Ch. 3.880 Km on LBMC of AIP at village Keri in Sattari Taluka. (2nd Call).],"[Strengthening of upstream side of super passage at Ch. 3.880 Km on LBMC of AIP at village Keri in Sattari Taluka. (2nd Call).]
																				[F.6/WRD/AIP/WD V/Accts/TN-06/2025-26 dated 25/09/2025][2025_WRD_24783_1]",https://etender.up.nic.in/nicgep/app?component=%24DirectLink_0&page=FrontEndAdvancedSearchResult&service=direct&session=T&sp=SQ5evV0LqOO7bRZtNYF%2FuNQ%3D%3D,WATER RESOURCE DEPARTMENT||CIRCLE III||DIVISION - V
26,2,25-Sep-2025 01:00 PM,08-Oct-2025 04:00 PM,10-Oct-2025 11:00 AM,[Supplying and fixing of fiber glass reinforced plastic (FRP) Needles without F.R.P. coated MS frames. Needles of standard size for OTB Vimleshwar at Khushawati river / Carca river in Rivona village of Sanguem Taluka /Quepem taluka],"[Supplying and fixing of fiber glass reinforced plastic (FRP) Needles without F.R.P. coated MS frames. Needles of standard size for OTB Vimleshwar at Khushawati river / Carca river in Rivona village of Sanguem Taluka /Quepem taluka]
																				[WRD/WDXIV/TECH/F3/25-26/06-6][2025_WRD_24778_1]",https://etender.up.nic.in/nicgep/app?component=%24DirectLink_0&page=FrontEndAdvancedSearchResult&service=direct&session=T&sp=ShkGyMslSDqGyDngsZUU%2Fwg%3D%3D,WATER RESOURCE DEPARTMENT||CIRCLE IV||DIVISION XIV
27,2,25-Sep-2025 01:00 PM,08-Oct-2025 04:00 PM,10-Oct-2025 11:00 AM,[Repair and Improvement of Water Courses 6L and its field channels of Kottombi branch canal in Baga Kottombi village of Quepem Taluka.],"[Repair and Improvement of Water Courses 6L and its field channels of Kottombi branch canal in Baga Kottombi village of Quepem Taluka.]
																				[WRD/WDXIV/TECH/F3/25-26/06-8][2025_WRD_24780_1]",https://etender.up.nic.in/nicgep/app?component=%24DirectLink_0&page=FrontEndAdvancedSearchResult&service=direct&session=T&sp=Sa%2FMpixEIIc2VnVvQz371tQ%3D%3D,WATER RESOURCE DEPARTMENT||CIRCLE IV||DIVISION XIV
28,2,25-Sep-2025 01:00 PM,08-Oct-2025 04:00 PM,10-Oct-2025 11:00 AM,"[Installation of warning Signboards at bandharas and along the Main canal, from ch. 10.80 kms to 18.45 kms, Minor M2 canal, water courses etc. of SIP pertaining to S.D.IV, Works Division XIV, Quepem.]","[Installation of warning Signboards at bandharas and along the Main canal, from ch. 10.80 kms to 18.45 kms, Minor M2 canal, water courses etc. of SIP pertaining to S.D.IV, Works Division XIV, Quepem.]
																				[WRD/WDXIV/TECH/F3/25-26/06-7][2025_WRD_24779_1]",https://etender.up.nic.in/nicgep/app?component=%24DirectLink_0&page=FrontEndAdvancedSearchResult&service=direct&session=T&sp=S39aj7Oa%2FTbc7Ir%2BU8yMnYw%3D%3D,WATER RESOURCE DEPARTMENT||CIRCLE IV||DIVISION XIV
29,2,25-Sep-2025 01:00 PM,08-Oct-2025 04:00 PM,10-Oct-2025 11:00 AM,[Supplying and fixing of fiber glass reinforced plastic (FRP) Needles without F.R.P. coated MS frames. Needles of standard size for OTB Bamnamol at Khushawati river / Carca river in Rivona village of Sanguem Taluka /Quepem taluka],"[Supplying and fixing of fiber glass reinforced plastic (FRP) Needles without F.R.P. coated MS frames. Needles of standard size for OTB Bamnamol at Khushawati river / Carca river in Rivona village of Sanguem Taluka /Quepem taluka]
																				[WRD/WDXIV/TECH/F3/25-26/06-5][2025_WRD_24776_1]",https://etender.up.nic.in/nicgep/app?component=%24DirectLink_0&page=FrontEndAdvancedSearchResult&service=direct&session=T&sp=SjTl8GrxnZeqskUp29xZBiQ%3D%3D,WATER RESOURCE DEPARTMENT||CIRCLE IV||DIVISION XIV
30,2,25-Sep-2025 01:00 PM,08-Oct-2025 04:00 PM,10-Oct-2025 11:00 AM,[Repairing extending and restoring of water course OR 7A of Main canal of SIP at Cuncolim Village of Salcete Taluka.],"[Repairing extending and restoring of water course OR 7A of Main canal of SIP at Cuncolim Village of Salcete Taluka.]
																				[WRD/WDXIV/TECH/F3/25-26/06-9][2025_WRD_24781_1]",https://etender.up.nic.in/nicgep/app?component=%24DirectLink_0&page=FrontEndAdvancedSearchResult&service=direct&session=T&sp=S5UcES1gPKCGZnj%2B02i2iAQ%3D%3D,WATER RESOURCE DEPARTMENT||CIRCLE IV||DIVISION XIV
31,2,25-Sep-2025 12:30 PM,29-Sep-2025 05:00 PM,30-Sep-2025 11:30 AM,[Providing and supply of generator set and transformer for newly constructed Gymnasium at Honda Sattari - Goa.],"[Providing and supply of generator set and transformer for newly constructed Gymnasium at Honda Sattari - Goa.]
																				[f.43/3/GSUDA/E-tender/14/1147][2025_GSUDA_24774_1]",https://etender.up.nic.in/nicgep/app?component=%24DirectLink_0&page=FrontEndAdvancedSearchResult&service=direct&session=T&sp=S0OSCOfPdft5e7%2BUzUu3mpw%3D%3D,GOA STATE URBAN DEVELOPMENT AGENCY||PROJECTS DIVISION
32,2,25-Sep-2025 12:00 PM,15-Oct-2025 12:00 PM,16-Oct-2025 03:30 PM,[Hiring of Vehicles on Monthly Rental Basis],"[Hiring of Vehicles on Monthly Rental Basis]
																				[32/14/2025/SP][2025_GPP_24763_1]",https://etender.up.nic.in/nicgep/app?component=%24DirectLink_0&page=FrontEndAdvancedSearchResult&service=direct&session=T&sp=STT6DwMdDkUf0yB9hdFQqWw%3D%3D,GOVERNMENT POLYTECHNIC PANAJI
33,2,25-Sep-2025 12:00 PM,30-Sep-2025 05:00 PM,01-Oct-2025 10:00 AM,[Dismantling of existing damaged false ceiling of Community Health Centre Valpoi Sattari Goa.],"[Dismantling of existing damaged false ceiling of Community Health Centre Valpoi Sattari Goa.]
																				[PWD/DIVISION XVI (BC)/TS/25/2025-2026 Line 01][2025_PWD_24775_1]",https://etender.up.nic.in/nicgep/app?component=%24DirectLink_0&page=FrontEndAdvancedSearchResult&service=direct&session=T&sp=Sdvb7sMfIKGqsk6jUmenXuw%3D%3D,PUBLIC WORKS DEPARTMENT||CIRCLE - I-Panaji||DIVISION - XVI-Ponda
34,2,24-Sep-2025 06:15 PM,01-Oct-2025 05:00 PM,03-Oct-2025 11:30 AM,"[Tender for the work of enhancement of 63KVA to 200KVA Kudshe Tisk Transformer for arranging power supply to 3Ph LTC Extension to Bharat Sanchar Nigam Limited For Load of 7.3KW Kudshe, V.P. Savordem Sattari, Valpoi, Goa.]","[Tender for the work of enhancement of 63KVA to 200KVA Kudshe Tisk Transformer for arranging power supply to 3Ph LTC Extension to Bharat Sanchar Nigam Limited For Load of 7.3KW Kudshe, V.P. Savordem Sattari, Valpoi, Goa.]
																				[Tender-47/Div-V (2025-26)][2025_ED_24770_1]",https://etender.up.nic.in/nicgep/app?component=%24DirectLink_0&page=FrontEndAdvancedSearchResult&service=direct&session=T&sp=S1XSUVY6ZnshwvdAGt%2B3JDw%3D%3D,"ELECTRICITY DEPARTMENT||CIRCLE - II (NORTH)||DIVISION -  V, Bicholim"
35,2,24-Sep-2025 06:00 PM,08-Oct-2025 04:00 PM,10-Oct-2025 11:00 AM,[Supplying and fixing of fiber glass reinforced plastic (FRP) Needles without F.R.P. coated MS frames. Needles of standard size for OTB Sakadev and Kazur at Khushawati river / Carca river in Rivona village of Sanguem Taluka /Quepem taluka.],"[Supplying and fixing of fiber glass reinforced plastic (FRP) Needles without F.R.P. coated MS frames. Needles of standard size for OTB Sakadev and Kazur at Khushawati river / Carca river in Rivona village of Sanguem Taluka /Quepem taluka.]
																				[WRD/WDXIV/TECH/F3/25-26/06-3][2025_WRD_24767_1]",https://etender.up.nic.in/nicgep/app?component=%24DirectLink_0&page=FrontEndAdvancedSearchResult&service=direct&session=T&sp=SaSiH2GflznxMcnA0Fbwasg%3D%3D,WATER RESOURCE DEPARTMENT||CIRCLE IV||DIVISION XIV
36,2,24-Sep-2025 06:00 PM,01-Oct-2025 05:00 PM,03-Oct-2025 11:30 AM,"[Tender for the Work of enhancement of DTC at Chinchbhatwadi, Mayem, and extension of LT line at various places for A.P.S. to 1no. LTAG and 9nos. LTD connections in the jurisdiction of SO Mayem, Sub Divn I, Bicholim. ]","[Tender for the Work of enhancement of DTC at Chinchbhatwadi, Mayem, and extension of LT line at various places for A.P.S. to 1no. LTAG and 9nos. LTD connections in the jurisdiction of SO Mayem, Sub Divn I, Bicholim. ]
																				[Tender-45/Div-V (2025-26)][2025_ED_24766_1]",https://etender.up.nic.in/nicgep/app?component=%24DirectLink_0&page=FrontEndAdvancedSearchResult&service=direct&session=T&sp=SVtdziG8I%2BO2tTTIccmNZWA%3D%3D,"ELECTRICITY DEPARTMENT||CIRCLE - II (NORTH)||DIVISION -  V, Bicholim"
37,2,24-Sep-2025 06:00 PM,08-Oct-2025 04:00 PM,10-Oct-2025 11:00 AM,[Supplying and fixing of fiber glass reinforced plastic (FRP) Needles without F.R.P. coated MS frames. Needles of standard size for OTB Naquirimol and Usgalimol at Khushawati river /Carca river in Rivona village of Sanguem Taluka /Quepem taluka.],"[Supplying and fixing of fiber glass reinforced plastic (FRP) Needles without F.R.P. coated MS frames. Needles of standard size for OTB Naquirimol and Usgalimol at Khushawati river /Carca river in Rivona village of Sanguem Taluka /Quepem taluka.]
																				[WRD/WDXIV/TECH/F3/25-26/06-4][2025_WRD_24769_1]",https://etender.up.nic.in/nicgep/app?component=%24DirectLink_0&page=FrontEndAdvancedSearchResult&service=direct&session=T&sp=SI7Q5jfm6KYi3IPi%2BCnhXzA%3D%3D,WATER RESOURCE DEPARTMENT||CIRCLE IV||DIVISION XIV
38,2,24-Sep-2025 06:00 PM,03-Oct-2025 03:00 PM,06-Oct-2025 10:00 AM,"[Triennial comprehensive maintenance contract for Cummins make 160 KVA D.G set installed at the official bungalow of Honble Chief Minister at Altinho, Panaji-Goa .]","[Triennial comprehensive maintenance contract for Cummins make 160 KVA D.G set installed at the official bungalow of Honble Chief Minister at Altinho, Panaji-Goa .]
																				[31/1/2025-26/ASW-IV/EMN/PWD/24 LINE01][2025_PWD_24771_1]",https://etender.up.nic.in/nicgep/app?component=%24DirectLink_0&page=FrontEndAdvancedSearchResult&service=direct&session=T&sp=SDzkqPV4oFEix0oQS39j1vw%3D%3D,PUBLIC WORKS DEPARTMENT||CIRCLE - VII- Panaji||DIVISION - IV- Caranzalem
39,2,24-Sep-2025 06:00 PM,08-Oct-2025 04:00 PM,10-Oct-2025 11:00 AM,[Supplying and fixing of fiber glass reinforced plastic (FRP) Needles without F.R.P. coated MS frames. Needles of standard size for OTB Ganapati Panto at Khushawati river / Carca river in Rivona village of Sanguem Taluka /Quepem taluka.],"[Supplying and fixing of fiber glass reinforced plastic (FRP) Needles without F.R.P. coated MS frames. Needles of standard size for OTB Ganapati Panto at Khushawati river / Carca river in Rivona village of Sanguem Taluka /Quepem taluka.]
																				[WRD/WDXIV/TECH/F3/25-26/06-2][2025_WRD_24764_1]",https://etender.up.nic.in/nicgep/app?component=%24DirectLink_0&page=FrontEndAdvancedSearchResult&service=direct&session=T&sp=S9CRSTBmhJTEvEntbOK0etA%3D%3D,WATER RESOURCE DEPARTMENT||CIRCLE IV||DIVISION XIV
40,2,24-Sep-2025 06:00 PM,01-Oct-2025 05:00 PM,03-Oct-2025 11:30 AM,"[Tender for the Work of arranging power supply to The Directorate of Health Service, Campal Panajim Goa, Velgem, Bicholim for a load of 246.98 KVA at 11 KV level under the jurisdiction of S.d II Sankhalim , Sankhalim Goa.  ]","[Tender for the Work of arranging power supply to The Directorate of Health Service, Campal Panajim Goa, Velgem, Bicholim for a load of 246.98 KVA at 11 KV level under the jurisdiction of S.d II Sankhalim , Sankhalim Goa.  ]
																				[Tender-22/Div-V (2025-26) (Re-tender)][2025_ED_24747_1]",https://etender.up.nic.in/nicgep/app?component=%24DirectLink_0&page=FrontEndAdvancedSearchResult&service=direct&session=T&sp=S1LoiGZqgoxZ1qvThZO1QLQ%3D%3D,"ELECTRICITY DEPARTMENT||CIRCLE - II (NORTH)||DIVISION -  V, Bicholim"
61,3,23-Sep-2025 06:00 PM,03-Oct-2025 03:00 PM,06-Oct-2025 10:30 AM,"[Providing Airconditioning for the various courts (A,B, and C) at  District Court Bicholim in Bicholim Taluka]","[Providing Airconditioning for the various courts (A,B, and C) at  District Court Bicholim in Bicholim Taluka]
																				[31/1/2025-26/ASW-IV/EMN/PWD/23 LINE04][2025_PWD_24707_1]",https://etender.up.nic.in/nicgep/app?component=%24DirectLink_0&page=FrontEndAdvancedSearchResult&service=direct&session=T&sp=S3YQ7wBVB0Xv81FPfL4VdsQ%3D%3D,PUBLIC WORKS DEPARTMENT||CIRCLE - VII- Panaji||DIVISION - IV- Caranzalem
62,3,23-Sep-2025 06:00 PM,03-Oct-2025 03:00 PM,06-Oct-2025 10:30 AM,"[Replacement of electrical accessories including repais to Gen set and Transformer at SCERT ,Porvorim.]","[Replacement of electrical accessories including repais to Gen set and Transformer at SCERT ,Porvorim.]
																				[31/1/2025-26/ASW-IV/EMN/PWD/23 LINE05][2025_PWD_24708_1]",https://etender.up.nic.in/nicgep/app?component=%24DirectLink_0&page=FrontEndAdvancedSearchResult&service=direct&session=T&sp=SjDU6qkVL5Au1pswCWLXQBw%3D%3D,PUBLIC WORKS DEPARTMENT||CIRCLE - VII- Panaji||DIVISION - IV- Caranzalem
63,3,23-Sep-2025 06:00 PM,03-Oct-2025 03:00 PM,06-Oct-2025 10:30 AM,"[Providing Airconditioning for the various court halls in District Court A,B,C,D,E,F and G at Mapusa Court Building and Judges cabin and Court hall in Fast Track Court at Tar Building at Mapusa Bardez Goa.]","[Providing Airconditioning for the various court halls in District Court A,B,C,D,E,F and G at Mapusa Court Building and Judges cabin and Court hall in Fast Track Court at Tar Building at Mapusa Bardez Goa.]
																				[31/1/2025-26/ASW-IV/EMN/PWD/23 LINE02][2025_PWD_24705_1]",https://etender.up.nic.in/nicgep/app?component=%24DirectLink_0&page=FrontEndAdvancedSearchResult&service=direct&session=T&sp=SXDceEFI30R25nVSQQCWuvQ%3D%3D,PUBLIC WORKS DEPARTMENT||CIRCLE - VII- Panaji||DIVISION - IV- Caranzalem
64,3,23-Sep-2025 06:00 PM,03-Oct-2025 03:00 PM,06-Oct-2025 10:30 AM,[Supply Installation testing and Commissioning of all in one video conference system at Goa Public Service Commission Panaji],"[Supply Installation testing and Commissioning of all in one video conference system at Goa Public Service Commission Panaji]
																				[31/1/2025-26/ASW-IV/EMN/PWD/23 LINE13][2025_PWD_24744_1]",https://etender.up.nic.in/nicgep/app?component=%24DirectLink_0&page=FrontEndAdvancedSearchResult&service=direct&session=T&sp=So8L3zWnsud%2BX5wbjpGsJbw%3D%3D,PUBLIC WORKS DEPARTMENT||CIRCLE - VII- Panaji||DIVISION - IV- Caranzalem
65,3,23-Sep-2025 06:00 PM,03-Oct-2025 03:00 PM,06-Oct-2025 10:30 AM,"[Providing Sound System with allied equipments for Shree Devi Bhumika Panchayathan Sansthan in V,P, Guirim of Saligao Constituency under MLA-LAD Scheme.]","[Providing Sound System with allied equipments for Shree Devi Bhumika Panchayathan Sansthan in V,P, Guirim of Saligao Constituency under MLA-LAD Scheme.]
																				[31/1/2025-26/ASW-IV/EMN/PWD/23 LINE12][2025_PWD_24737_1]",https://etender.up.nic.in/nicgep/app?component=%24DirectLink_0&page=FrontEndAdvancedSearchResult&service=direct&session=T&sp=StOCWLIUMECcnn3DMay6ItQ%3D%3D,PUBLIC WORKS DEPARTMENT||CIRCLE - VII- Panaji||DIVISION - IV- Caranzalem
66,3,23-Sep-2025 06:00 PM,03-Oct-2025 03:00 PM,06-Oct-2025 10:30 AM,"[Providing Sound System to Mahadev Saustan Temple ,Golwada in V.P Cumbharjua,Sateri Gopalkrishna Temple at Vanxim in V.P Sao Mathias And Shakti Vinayak Temple at V.P Goltim- Navelim in Jurisdiction Of Cumbharjua Constituency under MLA-LAD Scheme.]","[Providing Sound System to Mahadev Saustan Temple ,Golwada in V.P Cumbharjua,Sateri Gopalkrishna Temple at Vanxim in V.P Sao Mathias And Shakti Vinayak Temple at V.P Goltim- Navelim in Jurisdiction Of Cumbharjua Constituency under MLA-LAD Scheme.]
																				[31/1/2025-26/ASW-IV/EMN/PWD/23 LINE06][2025_PWD_24711_1]",https://etender.up.nic.in/nicgep/app?component=%24DirectLink_0&page=FrontEndAdvancedSearchResult&service=direct&session=T&sp=SksXp%2F%2FplUWzpyKF3SdSt9g%3D%3D,PUBLIC WORKS DEPARTMENT||CIRCLE - VII- Panaji||DIVISION - IV- Caranzalem
67,3,23-Sep-2025 06:00 PM,03-Oct-2025 03:00 PM,06-Oct-2025 10:30 AM,[Urgent replacement of existing faulty Aluminum Armored cable 4x16 sq.mm from the electrical DB to bore well pump DB along with additional lighting accessories at Government college Sankhlim in Sankhlim constituency.],"[Urgent replacement of existing faulty Aluminum Armored cable 4x16 sq.mm from the electrical DB to bore well pump DB along with additional lighting accessories at Government college Sankhlim in Sankhlim constituency.]
																				[31/1/2025-26/ASW-IV/EMN/PWD/23 LINE11][2025_PWD_24723_1]",https://etender.up.nic.in/nicgep/app?component=%24DirectLink_0&page=FrontEndAdvancedSearchResult&service=direct&session=T&sp=SuWwhIWQD38aBs%2BO9toiOZw%3D%3D,PUBLIC WORKS DEPARTMENT||CIRCLE - VII- Panaji||DIVISION - IV- Caranzalem
68,3,23-Sep-2025 05:30 PM,06-Oct-2025 04:00 PM,07-Oct-2025 11:00 AM,[Improvement of the tributary nallah and construction of small Open type bandhara near Govt office complex at Tisk Ponda in Ponda taluka.],"[Improvement of the tributary nallah and construction of small Open type bandhara near Govt office complex at Tisk Ponda in Ponda taluka.]
																				[10/25-26/ACT/WDIII/WRD/373/s1][2025_WRD_24709_1]",https://etender.up.nic.in/nicgep/app?component=%24DirectLink_0&page=FrontEndAdvancedSearchResult&service=direct&session=T&sp=SJ3oaN4cOECuhhQPzu%2B5hWw%3D%3D,WATER RESOURCE DEPARTMENT||CIRCLE V||DIVISION - III
69,3,23-Sep-2025 05:30 PM,31-Oct-2025 05:00 PM,04-Nov-2025 10:30 AM,"[Supply of medicines, surgical and chemicals]","[Supply of medicines, surgical and chemicals]
																				[107/PT/DHS/MSD/2025-26/1053][2025_DHS_24739_1]",https://etender.up.nic.in/nicgep/app?component=%24DirectLink_0&page=FrontEndAdvancedSearchResult&service=direct&session=T&sp=SNXfpITWhg0qRuKEvw4VRhw%3D%3D,Directorate Of Health Services||Medical Store Department Section
70,3,23-Sep-2025 05:30 PM,01-Oct-2025 05:00 PM,03-Oct-2025 11:00 AM,"[Improvement to the irrigation tank near Rastroli Devastan, Deulwada Mandrem in Mandrem Constituency.]","[Improvement to the irrigation tank near Rastroli Devastan, Deulwada Mandrem in Mandrem Constituency.]
																				[6-9/WDI/WRD/ASW/2025-26/e-26/4][2025_WRD_24734_1]",https://etender.up.nic.in/nicgep/app?component=%24DirectLink_0&page=FrontEndAdvancedSearchResult&service=direct&session=T&sp=SKdo%2F%2BxckgEceVrAnot5zsw%3D%3D,WATER RESOURCE DEPARTMENT||CIRCLE I||DIVISION - I
71,3,23-Sep-2025 05:30 PM,01-Oct-2025 05:00 PM,03-Oct-2025 11:00 AM,"[Improvement to existing nallah on both side from behind Villa De B Aradi, Parra upto Nagoa Bridge in Calangute Constituency.]","[Improvement to existing nallah on both side from behind Villa De B Aradi, Parra upto Nagoa Bridge in Calangute Constituency.]
																				[6-9/WDI/WRD/ASW/2025-26/e-26/1][2025_WRD_24727_1]",https://etender.up.nic.in/nicgep/app?component=%24DirectLink_0&page=FrontEndAdvancedSearchResult&service=direct&session=T&sp=S8l03Q16%2FxANY34PfMX5KQg%3D%3D,WATER RESOURCE DEPARTMENT||CIRCLE I||DIVISION - I
72,3,23-Sep-2025 05:30 PM,01-Oct-2025 05:00 PM,03-Oct-2025 11:00 AM,"[Construction of retaining wall near Ajuda Church at P.T. Sheet No.2, Chalta No. 31 at Fondvem, Ribandar in Panaji Constituency.]","[Construction of retaining wall near Ajuda Church at P.T. Sheet No.2, Chalta No. 31 at Fondvem, Ribandar in Panaji Constituency.]
																				[6-9/WDI/WRD/ASW/2025-26/e-26/2][2025_WRD_24728_1]",https://etender.up.nic.in/nicgep/app?component=%24DirectLink_0&page=FrontEndAdvancedSearchResult&service=direct&session=T&sp=SPJ3S%2BB7IugOAj0SuWG7HKA%3D%3D,WATER RESOURCE DEPARTMENT||CIRCLE I||DIVISION - I
73,3,23-Sep-2025 05:30 PM,01-Oct-2025 05:00 PM,03-Oct-2025 11:00 AM,[Urgent replacement of the FRP coated bandhara pannels at Casarvarnem Bandara in Pernem Taluka.],"[Urgent replacement of the FRP coated bandhara pannels at Casarvarnem Bandara in Pernem Taluka.]
																				[6-9/WDI/WRD/ASW/2025-26/e-26/3][2025_WRD_24730_1]",https://etender.up.nic.in/nicgep/app?component=%24DirectLink_0&page=FrontEndAdvancedSearchResult&service=direct&session=T&sp=SUuBj0P%2BGkE76fQDo%2F%2BYnHA%3D%3D,WATER RESOURCE DEPARTMENT||CIRCLE I||DIVISION - I
74,3,23-Sep-2025 05:00 PM,30-Sep-2025 03:00 PM,01-Oct-2025 11:00 AM,[Maintenance of WSS in Pernem Taluka - Providing By pass line to Patekar house near IDC of village Tuem in Mandrem constituency],"[Maintenance of WSS in Pernem Taluka - Providing By pass line to Patekar house near IDC of village Tuem in Mandrem constituency]
																				[DDW/ WD.II/ ASW/ F.24-E/ 08/ 2025-26/ L-5][2025_PWD_24746_1]",https://etender.up.nic.in/nicgep/app?component=%24DirectLink_0&page=FrontEndAdvancedSearchResult&service=direct&session=T&sp=SZ8ukDRVgjy6r4u8wVDcouA%3D%3D,"PUBLIC WORKS DEPARTMENT||CIRCLE - V-Panaji||DIVISION - XVII, Porvorim"
75,3,23-Sep-2025 04:45 PM,02-Oct-2025 04:00 PM,03-Oct-2025 10:30 AM,[Construction of BandharaNo.3inCordem Village of QuepemTaluka in Survey No. 34/2],"[Construction of BandharaNo.3inCordem Village of QuepemTaluka in Survey No. 34/2]
																				[33HrtCSSPMKSYWDC62526DAgr31387][2025_DAG_24753_1]",https://etender.up.nic.in/nicgep/app?component=%24DirectLink_0&page=FrontEndAdvancedSearchResult&service=direct&session=T&sp=S9mRyTlU4P7xiKyDR2hgnJw%3D%3D,DIRECTORATE OF AGRICULTURE||NORTH GOA||DEPUTY DIRECTOR (ADMINSTRATION)||HORTICULTURE SECTION
76,3,23-Sep-2025 04:00 PM,07-Oct-2025 11:00 AM,08-Oct-2025 12:00 PM,[Repair and Construction of footsteps at Salgini in V.P. Netravali in Sanguem constituency],"[Repair and Construction of footsteps at Salgini in V.P. Netravali in Sanguem constituency]
																				[DRDA-S/EW/GGSY/2025-2026/799][2025_DRD_24743_1]",https://etender.up.nic.in/nicgep/app?component=%24DirectLink_0&page=FrontEndAdvancedSearchResult&service=direct&session=T&sp=S5El1TE7oJX%2Fct9W765dtAQ%3D%3D,Department of Rural Development||District Rural Development Agency (South)||Engineering Wing
77,3,23-Sep-2025 04:00 PM,30-Sep-2025 03:00 PM,01-Oct-2025 11:00 AM,"[Operation and maintenance of 15MLD WTP Chandel in Pernem Taluka - Supply, Installation, Testing and Commissioning of auto transformers for Motor starter.]","[Operation and maintenance of 15MLD WTP Chandel in Pernem Taluka - Supply, Installation, Testing and Commissioning of auto transformers for Motor starter.]
																				[DDW/ WD.II/ ASW/ F.24-E/ 08/ 2025-26/ L-2][2025_PWD_24733_1]",https://etender.up.nic.in/nicgep/app?component=%24DirectLink_0&page=FrontEndAdvancedSearchResult&service=direct&session=T&sp=Skdn48kDy6hovr7v7nXP4eQ%3D%3D,"PUBLIC WORKS DEPARTMENT||CIRCLE - V-Panaji||DIVISION - XVII, Porvorim"
78,3,23-Sep-2025 04:00 PM,07-Oct-2025 11:00 AM,08-Oct-2025 12:00 PM,[Repair and Renovation  of Anganwadi in  V.P. Caurem-Pirla in Sanguem Constituency],"[Repair and Renovation  of Anganwadi in  V.P. Caurem-Pirla in Sanguem Constituency]
																				[DRDA-S/EW/GGSY/2025-2026/799	][2025_DRD_24735_1]",https://etender.up.nic.in/nicgep/app?component=%24DirectLink_0&page=FrontEndAdvancedSearchResult&service=direct&session=T&sp=S9WgrkwsJv8clZJpeQ85mOg%3D%3D,Department of Rural Development||District Rural Development Agency (South)||Engineering Wing
79,3,23-Sep-2025 04:00 PM,07-Oct-2025 11:00 AM,08-Oct-2025 12:00 PM,[Repair and Renovation of Sub-Health Centre in  V.P. Caurem-Pirla in Sanguem Constituency],"[Repair and Renovation of Sub-Health Centre in  V.P. Caurem-Pirla in Sanguem Constituency]
																				[DRDA-S/EW/GGSY/2025-2026/799][2025_DRD_24738_1]",https://etender.up.nic.in/nicgep/app?component=%24DirectLink_0&page=FrontEndAdvancedSearchResult&service=direct&session=T&sp=ScW%2BL%2BEUizFp3V6sfK0ZH4Q%3D%3D,Department of Rural Development||District Rural Development Agency (South)||Engineering Wing
80,3,23-Sep-2025 04:00 PM,30-Sep-2025 03:00 PM,01-Oct-2025 11:00 AM,[Maintenance of Water Supply Scheme in Tivim Constituency in Bardez Taluka - Replacement of 250mm dia. and 300mm dia. Sluice Valves on conveying 300mm dia. DI main pipeline near Railway Bridge at Khargali in Tivim Constituency.],"[Maintenance of Water Supply Scheme in Tivim Constituency in Bardez Taluka - Replacement of 250mm dia. and 300mm dia. Sluice Valves on conveying 300mm dia. DI main pipeline near Railway Bridge at Khargali in Tivim Constituency.]
																				[DDW/ WD.II/ ASW/ F.24-E/ 08/ 2025-26/ L-3][2025_PWD_24736_1]",https://etender.up.nic.in/nicgep/app?component=%24DirectLink_0&page=FrontEndAdvancedSearchResult&service=direct&session=T&sp=SeQ4zzB%2F%2Bvw45d3wfE%2FD%2FOA%3D%3D,"PUBLIC WORKS DEPARTMENT||CIRCLE - V-Panaji||DIVISION - XVII, Porvorim"
1,5,29-Sep-2025 04:00 PM,06-Oct-2025 06:00 PM,07-Oct-2025 11:00 AM,[Appointment of an Event Management Agency for Goa Startup Accelerator Program],"[Appointment of an Event Management Agency for Goa Startup Accelerator Program]
																				[No.2(113)/DITEC/2025/GSA Program/1372][2025_IT_24807_1]",https://etender.up.nic.in/nicgep/app?component=%24DirectLink_0&page=FrontEndAdvancedSearchResult&service=direct&session=T&sp=SQp7xzMWUXF7zYmzhPwgBFQ%3D%3D,"DEPARTMENT OF INFORMATION TECHNOLOGY, ELECTRONICS AND COMMUNICATIONS"
2,5,29-Sep-2025 10:40 AM,21-Oct-2025 01:00 PM,22-Oct-2025 10:30 AM,"[Construction of internal bituminous road from upper yard to the 50MVA control room gate in lower yard at 220KV sub station, Electricity Department, Curti Ponda]","[Construction of internal bituminous road from upper yard to the 50MVA control room gate in lower yard at 220KV sub station, Electricity Department, Curti Ponda]
																				[EE/DIV-XV/ED/ NOTICE-19(25-26)/1174 Dated 26/09/2025][2025_ED_24789_1]",https://etender.up.nic.in/nicgep/app?component=%24DirectLink_0&page=FrontEndAdvancedSearchResult&service=direct&session=T&sp=SS0aP5lAdUGcTCsA2O2cNEA%3D%3D,"ELECTRICITY DEPARTMENT||CIRCLE - II (NORTH)||DIVISION -  XV (CIVIL), Patto Panaji"
3,5,27-Sep-2025 05:30 PM,09-Oct-2025 03:00 PM,10-Oct-2025 03:30 PM,"[Provid. ,T. Comm. of sewer line by H D D method  Const. of gravity sewer lines const. of manholes and Reinst. of rd Bal. Wrk at Mathimol, Vodlemol and surr. ar in Curch. Const. of Quepem Taluka]","[Provid. ,T. Comm. of sewer line by H D D method  Const. of gravity sewer lines const. of manholes and Reinst. of rd Bal. Wrk at Mathimol, Vodlemol and surr. ar in Curch. Const. of Quepem Taluka]
																				[SIDCL/Admn-7/F.No.TN-20/ 1379/25-26 Dt 26/09/2025Ln01][2025_SIDCG_24805_1]",https://etender.up.nic.in/nicgep/app?component=%24DirectLink_0&page=FrontEndAdvancedSearchResult&service=direct&session=T&sp=SaJcsCs1BuV%2FfNLKJCSEOaw%3D%3D,SEWERAGE AND INFRASTRUCTURAL DEVELOPMENT CORPORATION OF GOA LTD||TECHNICAL
4,5,27-Sep-2025 05:00 PM,09-Oct-2025 03:00 PM,10-Oct-2025 03:30 PM,"[Const. of P.S. including Mechanical and Electrical works along with Rising Main, Sewer Gravity line and manholes Leftout Areas Near Pontemol, Hanuman Mandir and Mathimol Curchorem Constituency in Quepem Taluka.]","[Const. of P.S. including Mechanical and Electrical works along with Rising Main, Sewer Gravity line and manholes Leftout Areas Near Pontemol, Hanuman Mandir and Mathimol Curchorem Constituency in Quepem Taluka.]
																				[SIDCL/Admn-7/F.No.TN-20/ 1379/25-26 Dt 26/09/2025Ln02][2025_SIDCG_24806_1]",https://etender.up.nic.in/nicgep/app?component=%24DirectLink_0&page=FrontEndAdvancedSearchResult&service=direct&session=T&sp=StdnzdlMeWqzdkcIW9SsYXg%3D%3D,SEWERAGE AND INFRASTRUCTURAL DEVELOPMENT CORPORATION OF GOA LTD||TECHNICAL
5,5,26-Sep-2025 06:00 PM,03-Oct-2025 02:00 PM,03-Oct-2025 03:00 PM,[Providing temporary Illumination from Divja Circle to ESG for International Purple Fest Goa from 09/10/25 to 12/10/2025],"[Providing temporary Illumination from Divja Circle to ESG for International Purple Fest Goa from 09/10/25 to 12/10/2025]
																				[31/1/2025-26/ASW-IV/EMN/PWD/27 LINE01][2025_PWD_24793_1]",https://etender.up.nic.in/nicgep/app?component=%24DirectLink_0&page=FrontEndAdvancedSearchResult&service=direct&session=T&sp=SKNU1Ksl9O8ieJD76zzEUDw%3D%3D,PUBLIC WORKS DEPARTMENT||CIRCLE - VII- Panaji||DIVISION - IV- Caranzalem
6,5,26-Sep-2025 06:00 PM,03-Oct-2025 02:00 PM,03-Oct-2025 03:00 PM,[Providing temporary Illumination from Kala Academy to Miramar Circle for International Purple Fest Goa from 09/10/25 to 12/10/25],"[Providing temporary Illumination from Kala Academy to Miramar Circle for International Purple Fest Goa from 09/10/25 to 12/10/25]
																				[31/1/2025-26/ASW-IV/EMN/PWD/27 LINE02][2025_PWD_24795_1]",https://etender.up.nic.in/nicgep/app?component=%24DirectLink_0&page=FrontEndAdvancedSearchResult&service=direct&session=T&sp=SpQ031U5uugCkkMGvRfOBsg%3D%3D,PUBLIC WORKS DEPARTMENT||CIRCLE - VII- Panaji||DIVISION - IV- Caranzalem
7,5,26-Sep-2025 06:00 PM,06-Oct-2025 03:00 PM,08-Oct-2025 10:30 AM,[Supply of Tree Pruner to South Goa Zilla Panchayat],"[Supply of Tree Pruner to South Goa Zilla Panchayat]
																				[2/26/SGZP/2025-26/TN-181/L2][2025_ZP_24794_1]",https://etender.up.nic.in/nicgep/app?component=%24DirectLink_0&page=FrontEndAdvancedSearchResult&service=direct&session=T&sp=SuBty6wabmTaIQ1MVJfgxSg%3D%3D,ZILLA PANCHAYATS||SOUTH GOA ZILLA PANCHAYAT||Technical Section
8,5,26-Sep-2025 06:00 PM,06-Oct-2025 03:00 PM,08-Oct-2025 10:30 AM,[Supply of plastic chairs to South Goa Zilla Panchayat],"[Supply of plastic chairs to South Goa Zilla Panchayat]
																				[2/26/SGZP/2025-26/TN-181/L1][2025_ZP_24792_1]",https://etender.up.nic.in/nicgep/app?component=%24DirectLink_0&page=FrontEndAdvancedSearchResult&service=direct&session=T&sp=SDgKaUK%2BZMyp7RBR4M6XGAg%3D%3D,ZILLA PANCHAYATS||SOUTH GOA ZILLA PANCHAYAT||Technical Section
9,5,26-Sep-2025 06:00 PM,06-Oct-2025 03:00 PM,08-Oct-2025 10:30 AM,[Supply of Sports Materials to South Goa Zilla Panchayat],"[Supply of Sports Materials to South Goa Zilla Panchayat]
																				[2/26/SGZP/2025-26/TN-181/L10][2025_ZP_24804_1]",https://etender.up.nic.in/nicgep/app?component=%24DirectLink_0&page=FrontEndAdvancedSearchResult&service=direct&session=T&sp=SvEaWHh6hsK1VEx7QIdIXpA%3D%3D,ZILLA PANCHAYATS||SOUTH GOA ZILLA PANCHAYAT||Technical Section
10,5,26-Sep-2025 06:00 PM,06-Oct-2025 03:00 PM,08-Oct-2025 10:30 AM,[Supply of School Desk Benches to South Goa Zilla Panchayat ],"[Supply of School Desk Benches to South Goa Zilla Panchayat ]
																				[2/26/SGZP/2025-26/TN-181/L9][2025_ZP_24803_1]",https://etender.up.nic.in/nicgep/app?component=%24DirectLink_0&page=FrontEndAdvancedSearchResult&service=direct&session=T&sp=SaRNK7RSba8NISXBU1IUaZA%3D%3D,ZILLA PANCHAYATS||SOUTH GOA ZILLA PANCHAYAT||Technical Section
11,5,26-Sep-2025 06:00 PM,06-Oct-2025 03:00 PM,08-Oct-2025 10:30 AM,[Supply of Power Tiller to South Goa Zilla Panchayat ],"[Supply of Power Tiller to South Goa Zilla Panchayat ]
																				[2/26/SGZP/2025-26/TN-181/L8][2025_ZP_24802_1]",https://etender.up.nic.in/nicgep/app?component=%24DirectLink_0&page=FrontEndAdvancedSearchResult&service=direct&session=T&sp=SrqZmyvR94WPo%2FnJ6iRmxNg%3D%3D,ZILLA PANCHAYATS||SOUTH GOA ZILLA PANCHAYAT||Technical Section
12,5,26-Sep-2025 06:00 PM,06-Oct-2025 03:00 PM,08-Oct-2025 10:30 AM,[Supply of Wheel Chairs folding model to South Goa Zilla Panchayat ],"[Supply of Wheel Chairs folding model to South Goa Zilla Panchayat ]
																				[2/26/SGZP/2025-26/TN-181/L7][2025_ZP_24801_1]",https://etender.up.nic.in/nicgep/app?component=%24DirectLink_0&page=FrontEndAdvancedSearchResult&service=direct&session=T&sp=SgfsOA%2B7wORVGRldNACJgfA%3D%3D,ZILLA PANCHAYATS||SOUTH GOA ZILLA PANCHAYAT||Technical Section
13,5,26-Sep-2025 06:00 PM,06-Oct-2025 03:00 PM,08-Oct-2025 10:30 AM,[Supply of plastic Dustbins 240 litres to South Goa Zilla Panchayat],"[Supply of plastic Dustbins 240 litres to South Goa Zilla Panchayat]
																				[2/26/SGZP/2025-26/TN-181/L6][2025_ZP_24800_1]",https://etender.up.nic.in/nicgep/app?component=%24DirectLink_0&page=FrontEndAdvancedSearchResult&service=direct&session=T&sp=SId7WDdkXBhCI9ffsqHxc2g%3D%3D,ZILLA PANCHAYATS||SOUTH GOA ZILLA PANCHAYAT||Technical Section
14,5,26-Sep-2025 06:00 PM,06-Oct-2025 03:00 PM,08-Oct-2025 10:30 AM,[Supply of Sewing Machines to South Goa Zilla Panchayat ],"[Supply of Sewing Machines to South Goa Zilla Panchayat ]
																				[2/26/SGZP/2025-26/TN-181/L5][2025_ZP_24799_1]",https://etender.up.nic.in/nicgep/app?component=%24DirectLink_0&page=FrontEndAdvancedSearchResult&service=direct&session=T&sp=SHgDD%2Bk35WYv4%2FmUD3cPg9w%3D%3D,ZILLA PANCHAYATS||SOUTH GOA ZILLA PANCHAYAT||Technical Section
15,5,26-Sep-2025 06:00 PM,06-Oct-2025 03:00 PM,08-Oct-2025 10:30 AM,[Supply of musical instruments to South Goa Zilla Panchayat],"[Supply of musical instruments to South Goa Zilla Panchayat]
																				[2/26/SGZP/2025-26/TN-181/L4][2025_ZP_24798_1]",https://etender.up.nic.in/nicgep/app?component=%24DirectLink_0&page=FrontEndAdvancedSearchResult&service=direct&session=T&sp=SNxeyvPoUZxGZeA1d4O3njg%3D%3D,ZILLA PANCHAYATS||SOUTH GOA ZILLA PANCHAYAT||Technical Section
16,5,26-Sep-2025 06:00 PM,06-Oct-2025 03:00 PM,08-Oct-2025 10:30 AM,[Supply of sound system sets to South Goa Zilla Panchayat],"[Supply of sound system sets to South Goa Zilla Panchayat]
																				[2/26/SGZP/2025-26/TN-181/L3][2025_ZP_24796_1]",https://etender.up.nic.in/nicgep/app?component=%24DirectLink_0&page=FrontEndAdvancedSearchResult&service=direct&session=T&sp=SO1ZLgOWxs3QaxBKb0MDq3w%3D%3D,ZILLA PANCHAYATS||SOUTH GOA ZILLA PANCHAYAT||Technical Section
17,5,26-Sep-2025 06:00 PM,03-Oct-2025 02:00 PM,03-Oct-2025 03:00 PM,[Providing temporary Illumination from Kala Academy to ESG for International Purple Fest Goa from 09/10/25 to 12/10/25],"[Providing temporary Illumination from Kala Academy to ESG for International Purple Fest Goa from 09/10/25 to 12/10/25]
																				[31/1/2025-26/ASW-IV/EMN/PWD/27 LINE03][2025_PWD_24797_1]",https://etender.up.nic.in/nicgep/app?component=%24DirectLink_0&page=FrontEndAdvancedSearchResult&service=direct&session=T&sp=SgKGmcvEvSIgA%2FKAN27RYsg%3D%3D,PUBLIC WORKS DEPARTMENT||CIRCLE - VII- Panaji||DIVISION - IV- Caranzalem
18,5,26-Sep-2025 02:15 PM,13-Oct-2025 06:00 PM,14-Oct-2025 10:00 AM,[Security Services],"[Security Services]
																				[RCCA/2025-26/962][2025_RCCA_24791_1]",https://etender.up.nic.in/nicgep/app?component=%24DirectLink_0&page=FrontEndAdvancedSearchResult&service=direct&session=T&sp=Sj3pu1ZHJnL23mj1fGlR7LA%3D%3D,ROSARY COLLEGE OF COMMERCE AND ARTS
19,5,26-Sep-2025 12:15 PM,08-Oct-2025 04:00 PM,10-Oct-2025 10:00 AM,[Improvement of the internal road of Government Agriculture farm Margao at Margao in Salcete Taluka],"[Improvement of the internal road of Government Agriculture farm Margao at Margao in Salcete Taluka]
																				[D.Agri./SCD/25-26/e49/L2/652                                         ][2025_DAG_24790_1]",https://etender.up.nic.in/nicgep/app?component=%24DirectLink_0&page=FrontEndAdvancedSearchResult&service=direct&session=T&sp=STnokpxHnokZKW58Lq3wZSw%3D%3D,DIRECTORATE OF AGRICULTURE||NORTH GOA||SOIL CONSERVATION DIVISION
20,5,26-Sep-2025 12:15 PM,10-Oct-2025 04:00 PM,13-Oct-2025 11:00 AM,[2nd CALL- Construction of Bandhara near Primary School at Bandol in V.P. Kirlapal Dabal in Dharbandora Taluka],"[2nd CALL- Construction of Bandhara near Primary School at Bandol in V.P. Kirlapal Dabal in Dharbandora Taluka]
																				[WRD/Mhadei Cell/F.37-1/02/25-26][2025_WRD_24787_1]",https://etender.up.nic.in/nicgep/app?component=%24DirectLink_0&page=FrontEndAdvancedSearchResult&service=direct&session=T&sp=S0DrWJtWLsCXYQX5HmLV7tA%3D%3D,WATER RESOURCE DEPARTMENT||CIRCLE III||DIVISION - IX
201,4,09-Sep-2025 06:00 PM,13-Oct-2025 05:00 PM,15-Oct-2025 11:30 AM,[The work of renovation of 33KV Main Bus by replacing of existing AAC Bull Twin conductor Bus with new AAC Tarantulla Twin conductor   at 220/33/11KV Amona Substation.],"[The work of renovation of 33KV Main Bus by replacing of existing AAC Bull Twin conductor Bus with new AAC Tarantulla Twin conductor   at 220/33/11KV Amona Substation.]
																				[Tender 02(2025-26)][2025_ED_24413_1]",https://etender.up.nic.in/nicgep/app?component=%24DirectLink_0&page=FrontEndAdvancedSearchResult&service=direct&session=T&sp=SgwPc8ANHGgTqPre1OKKPKQ%3D%3D,"ELECTRICITY DEPARTMENT||CIRCLE - II (NORTH)||DIVISION -  IX, Thivim"
202,4,09-Sep-2025 06:00 PM,03-Oct-2025 03:00 PM,06-Oct-2025 10:30 AM,[Repairs to steps  providing chequered tiles near Gorvoi Devasthan at Velipwada in V.P. Barcem of Barcem Constituency],"[Repairs to steps  providing chequered tiles near Gorvoi Devasthan at Velipwada in V.P. Barcem of Barcem Constituency]
																				[3/6/SGZP/2025-26/TN-179/L6][2025_ZP_24458_1]",https://etender.up.nic.in/nicgep/app?component=%24DirectLink_0&page=FrontEndAdvancedSearchResult&service=direct&session=T&sp=SMaUmxP8XSk6V4DbOQnhMEQ%3D%3D,ZILLA PANCHAYATS||SOUTH GOA ZILLA PANCHAYAT||Technical Section
203,4,09-Sep-2025 06:00 PM,03-Oct-2025 03:00 PM,06-Oct-2025 10:30 AM,[Improvement of community hall at Badsarem in V.P. Gaondongrem in Poinguinim Constituency],"[Improvement of community hall at Badsarem in V.P. Gaondongrem in Poinguinim Constituency]
																				[3/6/SGZP/2025-26/TN-179/L16][2025_ZP_24483_1]",https://etender.up.nic.in/nicgep/app?component=%24DirectLink_0&page=FrontEndAdvancedSearchResult&service=direct&session=T&sp=SiOvyaQFQiwlUzurjkbDZsQ%3D%3D,ZILLA PANCHAYATS||SOUTH GOA ZILLA PANCHAYAT||Technical Section
204,4,09-Sep-2025 05:15 PM,30-Sep-2025 03:00 PM,01-Oct-2025 11:00 AM,"[Hiring of Utility Vehicle with 4 door and carrier like Mahindra / Tata / Eicher make for Office of AE-II, SD-II, WD-I, DDW for Financial Year 2025-2026.]","[Hiring of Utility Vehicle with 4 door and carrier like Mahindra / Tata / Eicher make for Office of AE-II, SD-II, WD-I, DDW for Financial Year 2025-2026.]
																				[DDW/DI/ASW/07/25-26 Line6][2025_PWD_24489_1]",https://etender.up.nic.in/nicgep/app?component=%24DirectLink_0&page=FrontEndAdvancedSearchResult&service=direct&session=T&sp=S7F7jJJcITvHvRkuABhwbxQ%3D%3D,PUBLIC WORKS DEPARTMENT||CIRCLE - V-Panaji||DIVISION - III-Panaji
205,4,09-Sep-2025 05:00 PM,07-Oct-2025 01:00 PM,08-Oct-2025 03:00 PM,"[Repairs to Adil Shah Palace (Old Secretariat), Panaji-Goa]","[Repairs to Adil Shah Palace (Old Secretariat), Panaji-Goa]
																				[PWD/WDI/ASW-17/2025-26/31][2025_PWD_24474_1]",https://etender.up.nic.in/nicgep/app?component=%24DirectLink_0&page=FrontEndAdvancedSearchResult&service=direct&session=T&sp=SVYfUZseIx%2BQAadRbHn3Ivg%3D%3D,PUBLIC WORKS DEPARTMENT||CIRCLE - II-Panaji||DIVISION - I-Panaji
206,4,09-Sep-2025 09:00 AM,30-Sep-2025 05:00 PM,01-Oct-2025 11:00 AM,"[Work of releasing power supply to Mr. Kapil Ulhas Naik Gaunkar, H. No.168/A, Palolem Canacona Goa for a load of 16.48 KW under LTC category under Sub Div-III, Canacona, Division-XVI, Margao.]","[Work of releasing power supply to Mr. Kapil Ulhas Naik Gaunkar, H. No.168/A, Palolem Canacona Goa for a load of 16.48 KW under LTC category under Sub Div-III, Canacona, Division-XVI, Margao.]
																				[Tender No 15(2025-26)][2025_ED_24441_1]",https://etender.up.nic.in/nicgep/app?component=%24DirectLink_0&page=FrontEndAdvancedSearchResult&service=direct&session=T&sp=SMYdArbSUCqSm6JEUAFJVHQ%3D%3D,"ELECTRICITY DEPARTMENT||CIRCLE - I (SOUTH)||DIVISION -  -  XVI, Margao"
207,4,08-Sep-2025 05:30 PM,29-Sep-2025 05:00 PM,30-Sep-2025 11:00 AM,[Construction of retaining wall in Sy. No.62/2 of Village Chimbel in St. Cruz Constituency.],"[Construction of retaining wall in Sy. No.62/2 of Village Chimbel in St. Cruz Constituency.]
																				[6-9/WDI/WRD/ASW/2025-26/e-22/4][2025_WRD_24448_1]",https://etender.up.nic.in/nicgep/app?component=%24DirectLink_0&page=FrontEndAdvancedSearchResult&service=direct&session=T&sp=ShlPN7ZtA%2FY4bTxlaNxEWxw%3D%3D,WATER RESOURCE DEPARTMENT||CIRCLE I||DIVISION - I
208,4,08-Sep-2025 05:30 PM,29-Sep-2025 05:00 PM,30-Sep-2025 11:00 AM,[Repairs to existing Dev Tali at Gauthan Wada in Ward No.4 of V.P. Tamboxem-Mopa-Ugave in Pernem Taluka.],"[Repairs to existing Dev Tali at Gauthan Wada in Ward No.4 of V.P. Tamboxem-Mopa-Ugave in Pernem Taluka.]
																				[6-9/WDI/WRD/ASW/2025-26/e-22/6][2025_WRD_24450_1]",https://etender.up.nic.in/nicgep/app?component=%24DirectLink_0&page=FrontEndAdvancedSearchResult&service=direct&session=T&sp=SzzKtybHYmoJAbKw0yH53CA%3D%3D,WATER RESOURCE DEPARTMENT||CIRCLE I||DIVISION - I
209,4,08-Sep-2025 05:30 PM,29-Sep-2025 05:00 PM,30-Sep-2025 11:00 AM,[Improvement and Beatification of Ganpati Visarjan Platform at Manaswada Chimbel in St. Cruz Constituency.],"[Improvement and Beatification of Ganpati Visarjan Platform at Manaswada Chimbel in St. Cruz Constituency.]
																				[6-9/WDI/WRD/ASW/2025-26/e-22/5][2025_WRD_24449_1]",https://etender.up.nic.in/nicgep/app?component=%24DirectLink_0&page=FrontEndAdvancedSearchResult&service=direct&session=T&sp=S5wORcizGPI6nUih4pAIAAQ%3D%3D,WATER RESOURCE DEPARTMENT||CIRCLE I||DIVISION - I
210,4,08-Sep-2025 05:30 PM,29-Sep-2025 05:00 PM,30-Sep-2025 11:00 AM,[Re-construction of existing wall near Colaco house at Fondvem Ribandar in Panaji Constituency.],"[Re-construction of existing wall near Colaco house at Fondvem Ribandar in Panaji Constituency.]
																				[6-9/WDI/WRD/ASW/2025-26/e-22/7][2025_WRD_24451_1]",https://etender.up.nic.in/nicgep/app?component=%24DirectLink_0&page=FrontEndAdvancedSearchResult&service=direct&session=T&sp=Skgvq59TjJd8Wm5NVTuxiTg%3D%3D,WATER RESOURCE DEPARTMENT||CIRCLE I||DIVISION - I
211,4,08-Sep-2025 05:30 PM,29-Sep-2025 05:00 PM,30-Sep-2025 11:00 AM,[Improvement to the existing sluice gate and existing nallah in V.P. Nadora in Tivim Constituency.],"[Improvement to the existing sluice gate and existing nallah in V.P. Nadora in Tivim Constituency.]
																				[6-9/WDI/WRD/ASW/2025-26/e-22/2][2025_WRD_24445_1]",https://etender.up.nic.in/nicgep/app?component=%24DirectLink_0&page=FrontEndAdvancedSearchResult&service=direct&session=T&sp=SN8h7afXCAFnhKi%2F2o19R%2Fg%3D%3D,WATER RESOURCE DEPARTMENT||CIRCLE I||DIVISION - I
212,4,08-Sep-2025 04:00 PM,01-Oct-2025 01:00 PM,02-Oct-2025 10:30 AM,[ Beautification work near Damodar Temple at Housing Board at Gogol in Ward No. 24 of Margao Municipal Council.],"[ Beautification work near Damodar Temple at Housing Board at Gogol in Ward No. 24 of Margao Municipal Council.]
																				[MMC/TECH/G-116/2025-26/1703][2025_MC_24444_1]",https://etender.up.nic.in/nicgep/app?component=%24DirectLink_0&page=FrontEndAdvancedSearchResult&service=direct&session=T&sp=SD8wNu3wQaX5UPy1nybqiDg%3D%3D,MUNICIPAL COUNCILS||District South Goa||Margao Municipal Council||Technical  Section
213,4,05-Sep-2025 06:00 PM,29-Sep-2025 05:00 PM,02-Oct-2025 11:30 AM,"[Tender for the Work of arranging Power supply of 3 phases 5 wire to LTD  Bharat Sanchar Nigam Ltd. for a load of 7.3 KW 1 at Vantem Bonkiwadi, in jurisdiction of S.O. Honda, under Sub div III, Valpoi. ]","[Tender for the Work of arranging Power supply of 3 phases 5 wire to LTD  Bharat Sanchar Nigam Ltd. for a load of 7.3 KW 1 at Vantem Bonkiwadi, in jurisdiction of S.O. Honda, under Sub div III, Valpoi. ]
																				[Tender-41/Div-V (2025-26)][2025_ED_24427_1]",https://etender.up.nic.in/nicgep/app?component=%24DirectLink_0&page=FrontEndAdvancedSearchResult&service=direct&session=T&sp=SmaNPDiSwbke09X7GK5IpCw%3D%3D,"ELECTRICITY DEPARTMENT||CIRCLE - II (NORTH)||DIVISION -  V, Bicholim"
214,4,05-Sep-2025 05:00 PM,21-Oct-2025 03:00 PM,22-Oct-2025 03:30 PM,"[RE-DEVELOPMENT, OPERATION AND MAINTENANCE AND  TRANSFER OF MARGAO BUS TERMINAL IN MARGAO, GOA ON  PUBLIC PRIVATE PARTNERSHIP (PPP) MODE]","[RE-DEVELOPMENT, OPERATION AND MAINTENANCE AND  TRANSFER OF MARGAO BUS TERMINAL IN MARGAO, GOA ON  PUBLIC PRIVATE PARTNERSHIP (PPP) MODE]
																				[D.Tpt/EST/PPP Mode/3189/2024 (Vol- I)/ P. F./2369 ][2025_DOT_24416_1]",https://etender.up.nic.in/nicgep/app?component=%24DirectLink_0&page=FrontEndAdvancedSearchResult&service=direct&session=T&sp=Sh2iiOdTuDxPkCFQLZuSJlw%3D%3D,DIRECTORATE OF TRANSPORT
215,4,05-Sep-2025 05:00 PM,21-Oct-2025 03:00 PM,22-Oct-2025 03:30 PM,"[RE-DEVELOPMENT, OPERATION AND MAINTENANCE AND  TRANSFER OF MAPUSA BUS TERMINAL IN MAPUSA, GOA ON  PUBLIC PRIVATE PARTNERSHIP (PPP) MODE ]","[RE-DEVELOPMENT, OPERATION AND MAINTENANCE AND  TRANSFER OF MAPUSA BUS TERMINAL IN MAPUSA, GOA ON  PUBLIC PRIVATE PARTNERSHIP (PPP) MODE ]
																				[ D.Tpt/EST/PPP Mode/3189/2024/Vol- IV/2370][2025_DOT_24419_1]",https://etender.up.nic.in/nicgep/app?component=%24DirectLink_0&page=FrontEndAdvancedSearchResult&service=direct&session=T&sp=SKFK7A5%2Ff%2BQ7q65%2F68wMjvw%3D%3D,DIRECTORATE OF TRANSPORT
216,4,05-Sep-2025 04:30 PM,03-Oct-2025 03:00 PM,04-Oct-2025 03:00 PM,"[Design, Manufacture and Commissioning of Hydraulically operated winch operating system for ferry boat Mhadai and Dudhsagar I]","[Design, Manufacture and Commissioning of Hydraulically operated winch operating system for ferry boat Mhadai and Dudhsagar I]
																				[RND/Work/P/etender/25-26/774][2025_RND_24425_1]",https://etender.up.nic.in/nicgep/app?component=%24DirectLink_0&page=FrontEndAdvancedSearchResult&service=direct&session=T&sp=SQZ98f30SMQUdPDmPZ8Ao9g%3D%3D,River Navigation Department
217,4,04-Sep-2025 10:00 AM,07-Oct-2025 03:00 PM,10-Oct-2025 10:00 AM,[The work of enhancement  of  Edmour DTC 200 KVA to 400 KVA releasing new EV connection of Ms Malik petroleum center  for a load of 58 KW at Corlim Goa],"[The work of enhancement  of  Edmour DTC 200 KVA to 400 KVA releasing new EV connection of Ms Malik petroleum center  for a load of 58 KW at Corlim Goa]
																				[Tender-17(2025-26)][2025_ED_24405_1]",https://etender.up.nic.in/nicgep/app?component=%24DirectLink_0&page=FrontEndAdvancedSearchResult&service=direct&session=T&sp=SI3wDxaFpnBW3wEJSLWohUA%3D%3D,"ELECTRICITY DEPARTMENT||CIRCLE - II (NORTH)||DIVISION -  I, Panaji"
218,4,03-Sep-2025 10:00 AM,01-Oct-2025 03:30 PM,03-Oct-2025 04:00 PM,"[For procurement and installation of new Diesel Genset 125 KVA, shifting and  Installation of 50 KVA Genset(GHB),shifting and Installation of 20 KVA Genset(FCI) from old GHB Office to New Market Complex at Porvorim]","[For procurement and installation of new Diesel Genset 125 KVA, shifting and  Installation of 50 KVA Genset(GHB),shifting and Installation of 20 KVA Genset(FCI) from old GHB Office to New Market Complex at Porvorim]
																				[GHB/TECH/EE/1099/2025][2025_GHB_24399_1]",https://etender.up.nic.in/nicgep/app?component=%24DirectLink_0&page=FrontEndAdvancedSearchResult&service=direct&session=T&sp=SrUDb62e0ryrVlYeSmLXKlw%3D%3D,Goa Housing Board||Head Office||North Division||Technical Section
219,4,02-Sep-2025 05:00 PM,14-Oct-2025 05:00 PM,17-Oct-2025 10:30 AM,[Supply of Ayurvedic Medicines],"[Supply of Ayurvedic Medicines]
																				[105/PT/DHS/MSD/AYUR/25-26/866][2025_DHS_24401_1]",https://etender.up.nic.in/nicgep/app?component=%24DirectLink_0&page=FrontEndAdvancedSearchResult&service=direct&session=T&sp=S1dwNedSxwknLQgOLxkJYTA%3D%3D,Directorate Of Health Services||Medical Store Department Section
220,4,30-Aug-2025 11:00 AM,03-Oct-2025 04:00 PM,07-Oct-2025 11:00 AM,[Selection of Consultant for providing Consultancy and Transaction Advisory Services for Coastal Erosion Mitigation Works at critical and vulnerable locations along the Goa coastline ],"[Selection of Consultant for providing Consultancy and Transaction Advisory Services for Coastal Erosion Mitigation Works at critical and vulnerable locations along the Goa coastline ]
																				[10/25-26/ACT/WDIII/WRD/291/s1][2025_WRD_24379_1]",https://etender.up.nic.in/nicgep/app?component=%24DirectLink_0&page=FrontEndAdvancedSearchResult&service=direct&session=T&sp=SXKCNIZPV%2F3D%2BKVV0VAzRig%3D%3D,WATER RESOURCE DEPARTMENT||CIRCLE V||DIVISION - III
201,11,09-Sep-2025 06:00 PM,13-Oct-2025 05:00 PM,15-Oct-2025 11:30 AM,[The work of renovation of 33KV Main Bus by replacing of existing AAC Bull Twin conductor Bus with new AAC Tarantulla Twin conductor   at 220/33/11KV Amona Substation.],"[The work of renovation of 33KV Main Bus by replacing of existing AAC Bull Twin conductor Bus with new AAC Tarantulla Twin conductor   at 220/33/11KV Amona Substation.]
																				[Tender 02(2025-26)][2025_ED_24413_1]",https://etender.up.nic.in/nicgep/app?component=%24DirectLink_0&page=FrontEndAdvancedSearchResult&service=direct&session=T&sp=SgwPc8ANHGgTqPre1OKKPKQ%3D%3D,"ELECTRICITY DEPARTMENT||CIRCLE - II (NORTH)||DIVISION -  IX, Thivim"
202,11,09-Sep-2025 06:00 PM,03-Oct-2025 03:00 PM,06-Oct-2025 10:30 AM,[Repairs to steps  providing chequered tiles near Gorvoi Devasthan at Velipwada in V.P. Barcem of Barcem Constituency],"[Repairs to steps  providing chequered tiles near Gorvoi Devasthan at Velipwada in V.P. Barcem of Barcem Constituency]
																				[3/6/SGZP/2025-26/TN-179/L6][2025_ZP_24458_1]",https://etender.up.nic.in/nicgep/app?component=%24DirectLink_0&page=FrontEndAdvancedSearchResult&service=direct&session=T&sp=SMaUmxP8XSk6V4DbOQnhMEQ%3D%3D,ZILLA PANCHAYATS||SOUTH GOA ZILLA PANCHAYAT||Technical Section
203,11,09-Sep-2025 06:00 PM,03-Oct-2025 03:00 PM,06-Oct-2025 10:30 AM,[Improvement of community hall at Badsarem in V.P. Gaondongrem in Poinguinim Constituency],"[Improvement of community hall at Badsarem in V.P. Gaondongrem in Poinguinim Constituency]
																				[3/6/SGZP/2025-26/TN-179/L16][2025_ZP_24483_1]",https://etender.up.nic.in/nicgep/app?component=%24DirectLink_0&page=FrontEndAdvancedSearchResult&service=direct&session=T&sp=SiOvyaQFQiwlUzurjkbDZsQ%3D%3D,ZILLA PANCHAYATS||SOUTH GOA ZILLA PANCHAYAT||Technical Section
204,11,09-Sep-2025 05:15 PM,30-Sep-2025 03:00 PM,01-Oct-2025 11:00 AM,"[Hiring of Utility Vehicle with 4 door and carrier like Mahindra / Tata / Eicher make for Office of AE-II, SD-II, WD-I, DDW for Financial Year 2025-2026.]","[Hiring of Utility Vehicle with 4 door and carrier like Mahindra / Tata / Eicher make for Office of AE-II, SD-II, WD-I, DDW for Financial Year 2025-2026.]
																				[DDW/DI/ASW/07/25-26 Line6][2025_PWD_24489_1]",https://etender.up.nic.in/nicgep/app?component=%24DirectLink_0&page=FrontEndAdvancedSearchResult&service=direct&session=T&sp=S7F7jJJcITvHvRkuABhwbxQ%3D%3D,PUBLIC WORKS DEPARTMENT||CIRCLE - V-Panaji||DIVISION - III-Panaji
205,11,09-Sep-2025 05:00 PM,07-Oct-2025 01:00 PM,08-Oct-2025 03:00 PM,"[Repairs to Adil Shah Palace (Old Secretariat), Panaji-Goa]","[Repairs to Adil Shah Palace (Old Secretariat), Panaji-Goa]
																				[PWD/WDI/ASW-17/2025-26/31][2025_PWD_24474_1]",https://etender.up.nic.in/nicgep/app?component=%24DirectLink_0&page=FrontEndAdvancedSearchResult&service=direct&session=T&sp=SVYfUZseIx%2BQAadRbHn3Ivg%3D%3D,PUBLIC WORKS DEPARTMENT||CIRCLE - II-Panaji||DIVISION - I-Panaji
206,11,09-Sep-2025 09:00 AM,30-Sep-2025 05:00 PM,01-Oct-2025 11:00 AM,"[Work of releasing power supply to Mr. Kapil Ulhas Naik Gaunkar, H. No.168/A, Palolem Canacona Goa for a load of 16.48 KW under LTC category under Sub Div-III, Canacona, Division-XVI, Margao.]","[Work of releasing power supply to Mr. Kapil Ulhas Naik Gaunkar, H. No.168/A, Palolem Canacona Goa for a load of 16.48 KW under LTC category under Sub Div-III, Canacona, Division-XVI, Margao.]
																				[Tender No 15(2025-26)][2025_ED_24441_1]",https://etender.up.nic.in/nicgep/app?component=%24DirectLink_0&page=FrontEndAdvancedSearchResult&service=direct&session=T&sp=SMYdArbSUCqSm6JEUAFJVHQ%3D%3D,"ELECTRICITY DEPARTMENT||CIRCLE - I (SOUTH)||DIVISION -  -  XVI, Margao"
207,11,08-Sep-2025 05:30 PM,29-Sep-2025 05:00 PM,30-Sep-2025 11:00 AM,[Construction of retaining wall in Sy. No.62/2 of Village Chimbel in St. Cruz Constituency.],"[Construction of retaining wall in Sy. No.62/2 of Village Chimbel in St. Cruz Constituency.]
																				[6-9/WDI/WRD/ASW/2025-26/e-22/4][2025_WRD_24448_1]",https://etender.up.nic.in/nicgep/app?component=%24DirectLink_0&page=FrontEndAdvancedSearchResult&service=direct&session=T&sp=ShlPN7ZtA%2FY4bTxlaNxEWxw%3D%3D,WATER RESOURCE DEPARTMENT||CIRCLE I||DIVISION - I
208,11,08-Sep-2025 05:30 PM,29-Sep-2025 05:00 PM,30-Sep-2025 11:00 AM,[Repairs to existing Dev Tali at Gauthan Wada in Ward No.4 of V.P. Tamboxem-Mopa-Ugave in Pernem Taluka.],"[Repairs to existing Dev Tali at Gauthan Wada in Ward No.4 of V.P. Tamboxem-Mopa-Ugave in Pernem Taluka.]
																				[6-9/WDI/WRD/ASW/2025-26/e-22/6][2025_WRD_24450_1]",https://etender.up.nic.in/nicgep/app?component=%24DirectLink_0&page=FrontEndAdvancedSearchResult&service=direct&session=T&sp=SzzKtybHYmoJAbKw0yH53CA%3D%3D,WATER RESOURCE DEPARTMENT||CIRCLE I||DIVISION - I
209,11,08-Sep-2025 05:30 PM,29-Sep-2025 05:00 PM,30-Sep-2025 11:00 AM,[Improvement and Beatification of Ganpati Visarjan Platform at Manaswada Chimbel in St. Cruz Constituency.],"[Improvement and Beatification of Ganpati Visarjan Platform at Manaswada Chimbel in St. Cruz Constituency.]
																				[6-9/WDI/WRD/ASW/2025-26/e-22/5][2025_WRD_24449_1]",https://etender.up.nic.in/nicgep/app?component=%24DirectLink_0&page=FrontEndAdvancedSearchResult&service=direct&session=T&sp=S5wORcizGPI6nUih4pAIAAQ%3D%3D,WATER RESOURCE DEPARTMENT||CIRCLE I||DIVISION - I
210,11,08-Sep-2025 05:30 PM,29-Sep-2025 05:00 PM,30-Sep-2025 11:00 AM,[Re-construction of existing wall near Colaco house at Fondvem Ribandar in Panaji Constituency.],"[Re-construction of existing wall near Colaco house at Fondvem Ribandar in Panaji Constituency.]
																				[6-9/WDI/WRD/ASW/2025-26/e-22/7][2025_WRD_24451_1]",https://etender.up.nic.in/nicgep/app?component=%24DirectLink_0&page=FrontEndAdvancedSearchResult&service=direct&session=T&sp=Skgvq59TjJd8Wm5NVTuxiTg%3D%3D,WATER RESOURCE DEPARTMENT||CIRCLE I||DIVISION - I
211,11,08-Sep-2025 05:30 PM,29-Sep-2025 05:00 PM,30-Sep-2025 11:00 AM,[Improvement to the existing sluice gate and existing nallah in V.P. Nadora in Tivim Constituency.],"[Improvement to the existing sluice gate and existing nallah in V.P. Nadora in Tivim Constituency.]
																				[6-9/WDI/WRD/ASW/2025-26/e-22/2][2025_WRD_24445_1]",https://etender.up.nic.in/nicgep/app?component=%24DirectLink_0&page=FrontEndAdvancedSearchResult&service=direct&session=T&sp=SN8h7afXCAFnhKi%2F2o19R%2Fg%3D%3D,WATER RESOURCE DEPARTMENT||CIRCLE I||DIVISION - I
212,11,08-Sep-2025 04:00 PM,01-Oct-2025 01:00 PM,02-Oct-2025 10:30 AM,[ Beautification work near Damodar Temple at Housing Board at Gogol in Ward No. 24 of Margao Municipal Council.],"[ Beautification work near Damodar Temple at Housing Board at Gogol in Ward No. 24 of Margao Municipal Council.]
																				[MMC/TECH/G-116/2025-26/1703][2025_MC_24444_1]",https://etender.up.nic.in/nicgep/app?component=%24DirectLink_0&page=FrontEndAdvancedSearchResult&service=direct&session=T&sp=SD8wNu3wQaX5UPy1nybqiDg%3D%3D,MUNICIPAL COUNCILS||District South Goa||Margao Municipal Council||Technical  Section
213,11,05-Sep-2025 06:00 PM,29-Sep-2025 05:00 PM,02-Oct-2025 11:30 AM,"[Tender for the Work of arranging Power supply of 3 phases 5 wire to LTD  Bharat Sanchar Nigam Ltd. for a load of 7.3 KW 1 at Vantem Bonkiwadi, in jurisdiction of S.O. Honda, under Sub div III, Valpoi. ]","[Tender for the Work of arranging Power supply of 3 phases 5 wire to LTD  Bharat Sanchar Nigam Ltd. for a load of 7.3 KW 1 at Vantem Bonkiwadi, in jurisdiction of S.O. Honda, under Sub div III, Valpoi. ]
																				[Tender-41/Div-V (2025-26)][2025_ED_24427_1]",https://etender.up.nic.in/nicgep/app?component=%24DirectLink_0&page=FrontEndAdvancedSearchResult&service=direct&session=T&sp=SmaNPDiSwbke09X7GK5IpCw%3D%3D,"ELECTRICITY DEPARTMENT||CIRCLE - II (NORTH)||DIVISION -  V, Bicholim"
214,11,05-Sep-2025 05:00 PM,21-Oct-2025 03:00 PM,22-Oct-2025 03:30 PM,"[RE-DEVELOPMENT, OPERATION AND MAINTENANCE AND  TRANSFER OF MARGAO BUS TERMINAL IN MARGAO, GOA ON  PUBLIC PRIVATE PARTNERSHIP (PPP) MODE]","[RE-DEVELOPMENT, OPERATION AND MAINTENANCE AND  TRANSFER OF MARGAO BUS TERMINAL IN MARGAO, GOA ON  PUBLIC PRIVATE PARTNERSHIP (PPP) MODE]
																				[D.Tpt/EST/PPP Mode/3189/2024 (Vol- I)/ P. F./2369 ][2025_DOT_24416_1]",https://etender.up.nic.in/nicgep/app?component=%24DirectLink_0&page=FrontEndAdvancedSearchResult&service=direct&session=T&sp=Sh2iiOdTuDxPkCFQLZuSJlw%3D%3D,DIRECTORATE OF TRANSPORT
215,11,05-Sep-2025 05:00 PM,21-Oct-2025 03:00 PM,22-Oct-2025 03:30 PM,"[RE-DEVELOPMENT, OPERATION AND MAINTENANCE AND  TRANSFER OF MAPUSA BUS TERMINAL IN MAPUSA, GOA ON  PUBLIC PRIVATE PARTNERSHIP (PPP) MODE ]","[RE-DEVELOPMENT, OPERATION AND MAINTENANCE AND  TRANSFER OF MAPUSA BUS TERMINAL IN MAPUSA, GOA ON  PUBLIC PRIVATE PARTNERSHIP (PPP) MODE ]
																				[ D.Tpt/EST/PPP Mode/3189/2024/Vol- IV/2370][2025_DOT_24419_1]",https://etender.up.nic.in/nicgep/app?component=%24DirectLink_0&page=FrontEndAdvancedSearchResult&service=direct&session=T&sp=SKFK7A5%2Ff%2BQ7q65%2F68wMjvw%3D%3D,DIRECTORATE OF TRANSPORT
216,11,05-Sep-2025 04:30 PM,03-Oct-2025 03:00 PM,04-Oct-2025 03:00 PM,"[Design, Manufacture and Commissioning of Hydraulically operated winch operating system for ferry boat Mhadai and Dudhsagar I]","[Design, Manufacture and Commissioning of Hydraulically operated winch operating system for ferry boat Mhadai and Dudhsagar I]
																				[RND/Work/P/etender/25-26/774][2025_RND_24425_1]",https://etender.up.nic.in/nicgep/app?component=%24DirectLink_0&page=FrontEndAdvancedSearchResult&service=direct&session=T&sp=SQZ98f30SMQUdPDmPZ8Ao9g%3D%3D,River Navigation Department
217,11,04-Sep-2025 10:00 AM,07-Oct-2025 03:00 PM,10-Oct-2025 10:00 AM,[The work of enhancement  of  Edmour DTC 200 KVA to 400 KVA releasing new EV connection of Ms Malik petroleum center  for a load of 58 KW at Corlim Goa],"[The work of enhancement  of  Edmour DTC 200 KVA to 400 KVA releasing new EV connection of Ms Malik petroleum center  for a load of 58 KW at Corlim Goa]
																				[Tender-17(2025-26)][2025_ED_24405_1]",https://etender.up.nic.in/nicgep/app?component=%24DirectLink_0&page=FrontEndAdvancedSearchResult&service=direct&session=T&sp=SI3wDxaFpnBW3wEJSLWohUA%3D%3D,"ELECTRICITY DEPARTMENT||CIRCLE - II (NORTH)||DIVISION -  I, Panaji"
218,11,03-Sep-2025 10:00 AM,01-Oct-2025 03:30 PM,03-Oct-2025 04:00 PM,"[For procurement and installation of new Diesel Genset 125 KVA, shifting and  Installation of 50 KVA Genset(GHB),shifting and Installation of 20 KVA Genset(FCI) from old GHB Office to New Market Complex at Porvorim]","[For procurement and installation of new Diesel Genset 125 KVA, shifting and  Installation of 50 KVA Genset(GHB),shifting and Installation of 20 KVA Genset(FCI) from old GHB Office to New Market Complex at Porvorim]
																				[GHB/TECH/EE/1099/2025][2025_GHB_24399_1]",https://etender.up.nic.in/nicgep/app?component=%24DirectLink_0&page=FrontEndAdvancedSearchResult&service=direct&session=T&sp=SrUDb62e0ryrVlYeSmLXKlw%3D%3D,Goa Housing Board||Head Office||North Division||Technical Section
219,11,02-Sep-2025 05:00 PM,14-Oct-2025 05:00 PM,17-Oct-2025 10:30 AM,[Supply of Ayurvedic Medicines],"[Supply of Ayurvedic Medicines]
																				[105/PT/DHS/MSD/AYUR/25-26/866][2025_DHS_24401_1]",https://etender.up.nic.in/nicgep/app?component=%24DirectLink_0&page=FrontEndAdvancedSearchResult&service=direct&session=T&sp=S1dwNedSxwknLQgOLxkJYTA%3D%3D,Directorate Of Health Services||Medical Store Department Section
220,11,30-Aug-2025 11:00 AM,03-Oct-2025 04:00 PM,07-Oct-2025 11:00 AM,[Selection of Consultant for providing Consultancy and Transaction Advisory Services for Coastal Erosion Mitigation Works at critical and vulnerable locations along the Goa coastline ],"[Selection of Consultant for providing Consultancy and Transaction Advisory Services for Coastal Erosion Mitigation Works at critical and vulnerable locations along the Goa coastline ]
																				[10/25-26/ACT/WDIII/WRD/291/s1][2025_WRD_24379_1]",https://etender.up.nic.in/nicgep/app?component=%24DirectLink_0&page=FrontEndAdvancedSearchResult&service=direct&session=T&sp=SXKCNIZPV%2F3D%2BKVV0VAzRig%3D%3D,WATER RESOURCE DEPARTMENT||CIRCLE V||DIVISION - III
101,12,22-Sep-2025 01:00 PM,06-Oct-2025 03:00 PM,08-Oct-2025 10:30 AM,[Reconstruction of roadside drain from Madhu Naik house towards nallah and from Demu Naik house to Narayan Naik house at Nagzar Curti in V.P. Curti-Khandepar of Curti Constituency Re-tender],"[Reconstruction of roadside drain from Madhu Naik house towards nallah and from Demu Naik house to Narayan Naik house at Nagzar Curti in V.P. Curti-Khandepar of Curti Constituency Re-tender]
																				[3/6/SGZP/2025-26/TN-180/L22][2025_ZP_24689_1]",https://etender.up.nic.in/nicgep/app?component=%24DirectLink_0&page=FrontEndAdvancedSearchResult&service=direct&session=T&sp=SXmK5KWr5hZYWDAu1Vj4%2Feg%3D%3D,ZILLA PANCHAYATS||SOUTH GOA ZILLA PANCHAYAT||Technical Section
102,12,22-Sep-2025 12:30 PM,06-Oct-2025 03:00 PM,08-Oct-2025 10:30 AM,"[Beautification surrounding Nossa Senhora De Piedade Chapel at Godihno ward  Calata, Majorda in V.P. Majorda Utorda Calata of Colva Constituency Re-tender]","[Beautification surrounding Nossa Senhora De Piedade Chapel at Godihno ward  Calata, Majorda in V.P. Majorda Utorda Calata of Colva Constituency Re-tender]
																				[3/6/SGZP/2025-26/TN-180/L21][2025_ZP_24688_1]",https://etender.up.nic.in/nicgep/app?component=%24DirectLink_0&page=FrontEndAdvancedSearchResult&service=direct&session=T&sp=SFKJR8ZBd6gXFG037iYPeNw%3D%3D,ZILLA PANCHAYATS||SOUTH GOA ZILLA PANCHAYAT||Technical Section
103,12,20-Sep-2025 05:30 PM,30-Sep-2025 03:00 PM,01-Oct-2025 03:30 PM,"[Providing , Laying , Testing and Commississioning of Sewerage Network  including Construction of Manhole, providing House sewer connection and Reinstament of Road at Green Circle area in  Reismagos Village Panchayat of Saligao Constituency.]","[Providing , Laying , Testing and Commississioning of Sewerage Network  including Construction of Manhole, providing House sewer connection and Reinstament of Road at Green Circle area in  Reismagos Village Panchayat of Saligao Constituency.]
																				[SIDCL/Admn-7/F.No.TN-18/ 1321/25-26 Dt 18/09/2025Ln02][2025_SIDCG_24680_1]",https://etender.up.nic.in/nicgep/app?component=%24DirectLink_0&page=FrontEndAdvancedSearchResult&service=direct&session=T&sp=S%2FTXljrCeo%2FqbbMcVgjcT0A%3D%3D,SEWERAGE AND INFRASTRUCTURAL DEVELOPMENT CORPORATION OF GOA LTD||TECHNICAL
104,12,20-Sep-2025 05:30 PM,30-Sep-2025 03:00 PM,01-Oct-2025 03:30 PM,"[Rehab. of NME pipe sewers by trench. techn. using inline replace. of existing sewers of Vasco Sew. Sys. with HDPE pipe by pipe burst. method in Vasco Rail. St, Court Rd, Munc.  Rd, FL Gomes Rd, Saifulla ...Vasco Const. Retender]","[Rehab. of NME pipe sewers by trench. techn. using inline replace. of existing sewers of Vasco Sew. Sys. with HDPE pipe by pipe burst. method in Vasco Rail. St, Court Rd, Munc.  Rd, FL Gomes Rd, Saifulla ...Vasco Const. Retender]
																				[SIDCL/Admn-7/F.No.TN-18/ 1321/25-26 Dt 18/09/2025Ln03][2025_SIDCG_24681_1]",https://etender.up.nic.in/nicgep/app?component=%24DirectLink_0&page=FrontEndAdvancedSearchResult&service=direct&session=T&sp=S1xRdGcWuDv0nwXEKMMoctg%3D%3D,SEWERAGE AND INFRASTRUCTURAL DEVELOPMENT CORPORATION OF GOA LTD||TECHNICAL
105,12,20-Sep-2025 05:30 PM,30-Sep-2025 03:00 PM,01-Oct-2025 03:30 PM,[Rehab. of NME pipe sewers by trench. techn. using inline replac. of existing sewers of Vasco Sew Sys with HDPE pipe by pipe bursting method in Driver Hill Rd and Areas of Ward 16 and Surr.Ar. in Vasco Const. Retender],"[Rehab. of NME pipe sewers by trench. techn. using inline replac. of existing sewers of Vasco Sew Sys with HDPE pipe by pipe bursting method in Driver Hill Rd and Areas of Ward 16 and Surr.Ar. in Vasco Const. Retender]
																				[SIDCL/Admn-7/F.No.TN-18/ 1321/25-26 Dt 18/09/2025Ln04][2025_SIDCG_24682_1]",https://etender.up.nic.in/nicgep/app?component=%24DirectLink_0&page=FrontEndAdvancedSearchResult&service=direct&session=T&sp=SBNTpnR9DpId49D2jKKlEBw%3D%3D,SEWERAGE AND INFRASTRUCTURAL DEVELOPMENT CORPORATION OF GOA LTD||TECHNICAL
106,12,20-Sep-2025 09:00 AM,13-Oct-2025 05:00 PM,14-Oct-2025 11:00 AM,[RFP for Selection of Service Provider for Solid Waste Management in Tuem Industrial Estate Cluster under Goa-IDC],"[RFP for Selection of Service Provider for Solid Waste Management in Tuem Industrial Estate Cluster under Goa-IDC]
																				[GIDC/25-26/06 dtd 19/09/2025][2025_GIDCo_24676_1]",https://etender.up.nic.in/nicgep/app?component=%24DirectLink_0&page=FrontEndAdvancedSearchResult&service=direct&session=T&sp=ScGlIsjwPw4AuAEQ5PtUp6g%3D%3D,Goa Industrial Development Corporation||Engineering Section
107,12,20-Sep-2025 09:00 AM,14-Oct-2025 03:30 PM,15-Oct-2025 03:30 PM,[Appointment of Consultant for Providing Transaction Advisory Services for Development of Residential Complex in Sector H/B1 Survey/Sub-Division No 34 Porvorim Penha-de-Franca Bardez Goa],"[Appointment of Consultant for Providing Transaction Advisory Services for Development of Residential Complex in Sector H/B1 Survey/Sub-Division No 34 Porvorim Penha-de-Franca Bardez Goa]
																				[GHB/ADM/1235/2025][2025_GHB_24673_1]",https://etender.up.nic.in/nicgep/app?component=%24DirectLink_0&page=FrontEndAdvancedSearchResult&service=direct&session=T&sp=SggNLa02q4ge8bOiFprbGbg%3D%3D,Goa Housing Board||Head Office||North Division||Technical Section
108,12,19-Sep-2025 06:00 PM,06-Oct-2025 03:00 PM,08-Oct-2025 10:30 AM,[Re-Construction of drainage from Mildredo Cajetan Fernandes house to field at Mingfoll in V.P. Chinchinim of Velim Constituency],"[Re-Construction of drainage from Mildredo Cajetan Fernandes house to field at Mingfoll in V.P. Chinchinim of Velim Constituency]
																				[3/6/SGZP/2025-26/TN-180/L2][2025_ZP_24639_1]",https://etender.up.nic.in/nicgep/app?component=%24DirectLink_0&page=FrontEndAdvancedSearchResult&service=direct&session=T&sp=S9LEiPIwu8oP2J22GnNkLjA%3D%3D,ZILLA PANCHAYATS||SOUTH GOA ZILLA PANCHAYAT||Technical Section
109,12,19-Sep-2025 06:00 PM,06-Oct-2025 03:00 PM,08-Oct-2025 10:30 AM,[Construction of toilet block with Septic tank and soak pit at Carxeta in V.P. Velim of Velim Constituency],"[Construction of toilet block with Septic tank and soak pit at Carxeta in V.P. Velim of Velim Constituency]
																				[3/6/SGZP/2025-26/TN-180/L1][2025_ZP_24637_1]",https://etender.up.nic.in/nicgep/app?component=%24DirectLink_0&page=FrontEndAdvancedSearchResult&service=direct&session=T&sp=S%2F4MO3VN7WEWufLh7nE3XTQ%3D%3D,ZILLA PANCHAYATS||SOUTH GOA ZILLA PANCHAYAT||Technical Section
110,12,19-Sep-2025 06:00 PM,06-Oct-2025 03:00 PM,08-Oct-2025 10:30 AM,[Beautification surrounding Holy Cross chapel at Sambatty in V.P. Orlim of Benaulim Constituency],"[Beautification surrounding Holy Cross chapel at Sambatty in V.P. Orlim of Benaulim Constituency]
																				[3/6/SGZP/2025-26/TN-180/L15][2025_ZP_24659_1]",https://etender.up.nic.in/nicgep/app?component=%24DirectLink_0&page=FrontEndAdvancedSearchResult&service=direct&session=T&sp=SMFM3TiKo8D8kFigDW%2BlKWA%3D%3D,ZILLA PANCHAYATS||SOUTH GOA ZILLA PANCHAYAT||Technical Section
111,12,19-Sep-2025 06:00 PM,03-Oct-2025 05:30 PM,04-Oct-2025 10:00 AM,"[Appointment of Vendor for the work of availing Artistic services for Ideation/ Conceptualization,Creation, Designing, Fabrication, Supply Erection/Installation for full decor, street decor and other allied activities on rental basis for 56thIFFI 2025]","[Appointment of Vendor for the work of availing Artistic services for Ideation/ Conceptualization,Creation, Designing, Fabrication, Supply Erection/Installation for full decor, street decor and other allied activities on rental basis for 56thIFFI 2025]
																				[ESG/Events/25-26/56thIFFI 2026/Decor/12509][2025_ESG_24667_1]",https://etender.up.nic.in/nicgep/app?component=%24DirectLink_0&page=FrontEndAdvancedSearchResult&service=direct&session=T&sp=SJcyIHfaeI5Sdan%2FkFzVMvg%3D%3D,ENTERTAINMENT SOCIETY OF GOA||EVENTS
112,12,19-Sep-2025 06:00 PM,03-Oct-2025 02:00 PM,04-Oct-2025 11:00 AM,"[Supply, Installation, testing and commissioning of Bag Scanners on rental  basis for the 56th IFFI 2025]","[Supply, Installation, testing and commissioning of Bag Scanners on rental  basis for the 56th IFFI 2025]
																				[ESG/25-26/Tech/IFFI/BS/12509][2025_ESG_24669_1]",https://etender.up.nic.in/nicgep/app?component=%24DirectLink_0&page=FrontEndAdvancedSearchResult&service=direct&session=T&sp=Shtr6FIkF0Xu5xjBp9vOABA%3D%3D,ENTERTAINMENT SOCIETY OF GOA||TECHNICAL
113,12,19-Sep-2025 06:00 PM,03-Oct-2025 02:00 PM,04-Oct-2025 10:00 AM,"[Appointment of Agency for the work of Installation, Testing and Commissioning of Digital Cinema Projectors and digital cinema sound processor on hire basis at Festival Venues and Hire of Projectionists for 56thIFFI 2025.]","[Appointment of Agency for the work of Installation, Testing and Commissioning of Digital Cinema Projectors and digital cinema sound processor on hire basis at Festival Venues and Hire of Projectionists for 56thIFFI 2025.]
																				[ESG/25-26/Tech/IFFI/Pro/12509][2025_ESG_24678_1]",https://etender.up.nic.in/nicgep/app?component=%24DirectLink_0&page=FrontEndAdvancedSearchResult&service=direct&session=T&sp=Sxin1oRWq%2FgjQKjND%2Fqy1Ng%3D%3D,ENTERTAINMENT SOCIETY OF GOA||TECHNICAL
114,12,19-Sep-2025 06:00 PM,03-Oct-2025 02:00 PM,04-Oct-2025 10:00 AM,[Appointment of Agency for the work of Supply and  Erection of infrastructure on hire basis for proposed Open Air Screening at various venues for 56th IFFI 2025],"[Appointment of Agency for the work of Supply and  Erection of infrastructure on hire basis for proposed Open Air Screening at various venues for 56th IFFI 2025]
																				[ESG/25-26/Tech/IFFI/OAS/12509.][2025_ESG_24677_1]",https://etender.up.nic.in/nicgep/app?component=%24DirectLink_0&page=FrontEndAdvancedSearchResult&service=direct&session=T&sp=S48oQVQldTmPsrAFpttLFGA%3D%3D,ENTERTAINMENT SOCIETY OF GOA||TECHNICAL
115,12,19-Sep-2025 06:00 PM,03-Oct-2025 05:30 PM,04-Oct-2025 03:00 PM,"[Supply of printing works for the 56th International Film Festival of India,2025]","[Supply of printing works for the 56th International Film Festival of India,2025]
																				[ESG/56thIFFI/Printing/12509][2025_ESG_24674_1]",https://etender.up.nic.in/nicgep/app?component=%24DirectLink_0&page=FrontEndAdvancedSearchResult&service=direct&session=T&sp=SqqOioiDXxe%2FUeIViI4lTnQ%3D%3D,ENTERTAINMENT SOCIETY OF GOA||EVENTS
116,12,19-Sep-2025 06:00 PM,06-Oct-2025 03:00 PM,08-Oct-2025 10:30 AM,[Construction of drain from Laxson house to St. Joseph Chapel at Talebandh in ward no. 5 in V.P. Dramapur -Sirlim of Navelim Constituency],"[Construction of drain from Laxson house to St. Joseph Chapel at Talebandh in ward no. 5 in V.P. Dramapur -Sirlim of Navelim Constituency]
																				[3/6/SGZP/2025-26/TN-180/L17][2025_ZP_24661_1]",https://etender.up.nic.in/nicgep/app?component=%24DirectLink_0&page=FrontEndAdvancedSearchResult&service=direct&session=T&sp=SMVNOo9CSmvlBWv7EiLx82g%3D%3D,ZILLA PANCHAYATS||SOUTH GOA ZILLA PANCHAYAT||Technical Section
117,12,19-Sep-2025 06:00 PM,06-Oct-2025 03:00 PM,08-Oct-2025 10:30 AM,[Construction of walking track and Supplying  Installation of Childrens Play Equipment at Baida in V.P. Chinchinim-Deussua of Velim Constituency],"[Construction of walking track and Supplying  Installation of Childrens Play Equipment at Baida in V.P. Chinchinim-Deussua of Velim Constituency]
																				[3/6/SGZP/2025-26/TN-180/L16][2025_ZP_24660_1]",https://etender.up.nic.in/nicgep/app?component=%24DirectLink_0&page=FrontEndAdvancedSearchResult&service=direct&session=T&sp=SJzcsXCoQTt7KA6sMXOHNGw%3D%3D,ZILLA PANCHAYATS||SOUTH GOA ZILLA PANCHAYAT||Technical Section
118,12,19-Sep-2025 06:00 PM,03-Oct-2025 05:30 PM,04-Oct-2025 03:00 PM,"[ Appointment of Vendor for the Work of Designing and Supply of Tote Bags, Merchandise, Mementos,Lanyard and Souvenirs for the 56th International Film Festival of India, 2025]","[ Appointment of Vendor for the Work of Designing and Supply of Tote Bags, Merchandise, Mementos,Lanyard and Souvenirs for the 56th International Film Festival of India, 2025]
																				[ESG/56thIFFI/Merchandise/12509][2025_ESG_24671_1]",https://etender.up.nic.in/nicgep/app?component=%24DirectLink_0&page=FrontEndAdvancedSearchResult&service=direct&session=T&sp=SAhovrQYt6VAZZGx2jldQZQ%3D%3D,ENTERTAINMENT SOCIETY OF GOA||EVENTS
119,12,19-Sep-2025 06:00 PM,03-Oct-2025 05:00 PM,06-Oct-2025 11:30 AM,"[Work of Supply, installation, calibration, testing and commissioning of Online moisture and 9 gases Dissolved Gas Analyser DGA with ADD ON features facility monitoring and diagnostic system for 110,33KV, 40MVA Power Transformer I and II at 220KV SS]","[Work of Supply, installation, calibration, testing and commissioning of Online moisture and 9 gases Dissolved Gas Analyser DGA with ADD ON features facility monitoring and diagnostic system for 110,33KV, 40MVA Power Transformer I and II at 220KV SS]
																				[Tender-04/2025-26][2025_ED_24631_1]",https://etender.up.nic.in/nicgep/app?component=%24DirectLink_0&page=FrontEndAdvancedSearchResult&service=direct&session=T&sp=SDdyDXvIY655xhMSD%2FZfRTQ%3D%3D,"ELECTRICITY DEPARTMENT||CIRCLE - II (NORTH)||DIVISION -  III, Ponda"
120,12,19-Sep-2025 06:00 PM,06-Oct-2025 03:00 PM,08-Oct-2025 10:30 AM,[Re-Construction of Protection wall for existing pathway from Nagazar Devasthan to Sundari Gaude house at Nagazarwada in ward no.3 in V.P. Bhoma Adcolna in Betqui Candola Constituency],"[Re-Construction of Protection wall for existing pathway from Nagazar Devasthan to Sundari Gaude house at Nagazarwada in ward no.3 in V.P. Bhoma Adcolna in Betqui Candola Constituency]
																				[3/6/SGZP/2025-26/TN-180/L10][2025_ZP_24652_1]",https://etender.up.nic.in/nicgep/app?component=%24DirectLink_0&page=FrontEndAdvancedSearchResult&service=direct&session=T&sp=SUfrqq446Cebvi3DUtBME7Q%3D%3D,ZILLA PANCHAYATS||SOUTH GOA ZILLA PANCHAYAT||Technical Section
61,1,23-Sep-2025 06:00 PM,03-Oct-2025 03:00 PM,06-Oct-2025 10:30 AM,"[Providing Airconditioning for the various courts (A,B, and C) at  District Court Bicholim in Bicholim Taluka]","[Providing Airconditioning for the various courts (A,B, and C) at  District Court Bicholim in Bicholim Taluka]
																				[31/1/2025-26/ASW-IV/EMN/PWD/23 LINE04][2025_PWD_24707_1]",https://etender.up.nic.in/nicgep/app?component=%24DirectLink_0&page=FrontEndAdvancedSearchResult&service=direct&session=T&sp=S3YQ7wBVB0Xv81FPfL4VdsQ%3D%3D,PUBLIC WORKS DEPARTMENT||CIRCLE - VII- Panaji||DIVISION - IV- Caranzalem
62,1,23-Sep-2025 06:00 PM,03-Oct-2025 03:00 PM,06-Oct-2025 10:30 AM,"[Replacement of electrical accessories including repais to Gen set and Transformer at SCERT ,Porvorim.]","[Replacement of electrical accessories including repais to Gen set and Transformer at SCERT ,Porvorim.]
																				[31/1/2025-26/ASW-IV/EMN/PWD/23 LINE05][2025_PWD_24708_1]",https://etender.up.nic.in/nicgep/app?component=%24DirectLink_0&page=FrontEndAdvancedSearchResult&service=direct&session=T&sp=SjDU6qkVL5Au1pswCWLXQBw%3D%3D,PUBLIC WORKS DEPARTMENT||CIRCLE - VII- Panaji||DIVISION - IV- Caranzalem
63,1,23-Sep-2025 06:00 PM,03-Oct-2025 03:00 PM,06-Oct-2025 10:30 AM,"[Providing Airconditioning for the various court halls in District Court A,B,C,D,E,F and G at Mapusa Court Building and Judges cabin and Court hall in Fast Track Court at Tar Building at Mapusa Bardez Goa.]","[Providing Airconditioning for the various court halls in District Court A,B,C,D,E,F and G at Mapusa Court Building and Judges cabin and Court hall in Fast Track Court at Tar Building at Mapusa Bardez Goa.]
																				[31/1/2025-26/ASW-IV/EMN/PWD/23 LINE02][2025_PWD_24705_1]",https://etender.up.nic.in/nicgep/app?component=%24DirectLink_0&page=FrontEndAdvancedSearchResult&service=direct&session=T&sp=SXDceEFI30R25nVSQQCWuvQ%3D%3D,PUBLIC WORKS DEPARTMENT||CIRCLE - VII- Panaji||DIVISION - IV- Caranzalem
64,1,23-Sep-2025 06:00 PM,03-Oct-2025 03:00 PM,06-Oct-2025 10:30 AM,[Supply Installation testing and Commissioning of all in one video conference system at Goa Public Service Commission Panaji],"[Supply Installation testing and Commissioning of all in one video conference system at Goa Public Service Commission Panaji]
																				[31/1/2025-26/ASW-IV/EMN/PWD/23 LINE13][2025_PWD_24744_1]",https://etender.up.nic.in/nicgep/app?component=%24DirectLink_0&page=FrontEndAdvancedSearchResult&service=direct&session=T&sp=So8L3zWnsud%2BX5wbjpGsJbw%3D%3D,PUBLIC WORKS DEPARTMENT||CIRCLE - VII- Panaji||DIVISION - IV- Caranzalem
65,1,23-Sep-2025 06:00 PM,03-Oct-2025 03:00 PM,06-Oct-2025 10:30 AM,"[Providing Sound System with allied equipments for Shree Devi Bhumika Panchayathan Sansthan in V,P, Guirim of Saligao Constituency under MLA-LAD Scheme.]","[Providing Sound System with allied equipments for Shree Devi Bhumika Panchayathan Sansthan in V,P, Guirim of Saligao Constituency under MLA-LAD Scheme.]
																				[31/1/2025-26/ASW-IV/EMN/PWD/23 LINE12][2025_PWD_24737_1]",https://etender.up.nic.in/nicgep/app?component=%24DirectLink_0&page=FrontEndAdvancedSearchResult&service=direct&session=T&sp=StOCWLIUMECcnn3DMay6ItQ%3D%3D,PUBLIC WORKS DEPARTMENT||CIRCLE - VII- Panaji||DIVISION - IV- Caranzalem
66,1,23-Sep-2025 06:00 PM,03-Oct-2025 03:00 PM,06-Oct-2025 10:30 AM,"[Providing Sound System to Mahadev Saustan Temple ,Golwada in V.P Cumbharjua,Sateri Gopalkrishna Temple at Vanxim in V.P Sao Mathias And Shakti Vinayak Temple at V.P Goltim- Navelim in Jurisdiction Of Cumbharjua Constituency under MLA-LAD Scheme.]","[Providing Sound System to Mahadev Saustan Temple ,Golwada in V.P Cumbharjua,Sateri Gopalkrishna Temple at Vanxim in V.P Sao Mathias And Shakti Vinayak Temple at V.P Goltim- Navelim in Jurisdiction Of Cumbharjua Constituency under MLA-LAD Scheme.]
																				[31/1/2025-26/ASW-IV/EMN/PWD/23 LINE06][2025_PWD_24711_1]",https://etender.up.nic.in/nicgep/app?component=%24DirectLink_0&page=FrontEndAdvancedSearchResult&service=direct&session=T&sp=SksXp%2F%2FplUWzpyKF3SdSt9g%3D%3D,PUBLIC WORKS DEPARTMENT||CIRCLE - VII- Panaji||DIVISION - IV- Caranzalem
67,1,23-Sep-2025 06:00 PM,03-Oct-2025 03:00 PM,06-Oct-2025 10:30 AM,[Urgent replacement of existing faulty Aluminum Armored cable 4x16 sq.mm from the electrical DB to bore well pump DB along with additional lighting accessories at Government college Sankhlim in Sankhlim constituency.],"[Urgent replacement of existing faulty Aluminum Armored cable 4x16 sq.mm from the electrical DB to bore well pump DB along with additional lighting accessories at Government college Sankhlim in Sankhlim constituency.]
																				[31/1/2025-26/ASW-IV/EMN/PWD/23 LINE11][2025_PWD_24723_1]",https://etender.up.nic.in/nicgep/app?component=%24DirectLink_0&page=FrontEndAdvancedSearchResult&service=direct&session=T&sp=SuWwhIWQD38aBs%2BO9toiOZw%3D%3D,PUBLIC WORKS DEPARTMENT||CIRCLE - VII- Panaji||DIVISION - IV- Caranzalem
68,1,23-Sep-2025 05:30 PM,06-Oct-2025 04:00 PM,07-Oct-2025 11:00 AM,[Improvement of the tributary nallah and construction of small Open type bandhara near Govt office complex at Tisk Ponda in Ponda taluka.],"[Improvement of the tributary nallah and construction of small Open type bandhara near Govt office complex at Tisk Ponda in Ponda taluka.]
																				[10/25-26/ACT/WDIII/WRD/373/s1][2025_WRD_24709_1]",https://etender.up.nic.in/nicgep/app?component=%24DirectLink_0&page=FrontEndAdvancedSearchResult&service=direct&session=T&sp=SJ3oaN4cOECuhhQPzu%2B5hWw%3D%3D,WATER RESOURCE DEPARTMENT||CIRCLE V||DIVISION - III
69,1,23-Sep-2025 05:30 PM,31-Oct-2025 05:00 PM,04-Nov-2025 10:30 AM,"[Supply of medicines, surgical and chemicals]","[Supply of medicines, surgical and chemicals]
																				[107/PT/DHS/MSD/2025-26/1053][2025_DHS_24739_1]",https://etender.up.nic.in/nicgep/app?component=%24DirectLink_0&page=FrontEndAdvancedSearchResult&service=direct&session=T&sp=SNXfpITWhg0qRuKEvw4VRhw%3D%3D,Directorate Of Health Services||Medical Store Department Section
70,1,23-Sep-2025 05:30 PM,01-Oct-2025 05:00 PM,03-Oct-2025 11:00 AM,"[Improvement to the irrigation tank near Rastroli Devastan, Deulwada Mandrem in Mandrem Constituency.]","[Improvement to the irrigation tank near Rastroli Devastan, Deulwada Mandrem in Mandrem Constituency.]
																				[6-9/WDI/WRD/ASW/2025-26/e-26/4][2025_WRD_24734_1]",https://etender.up.nic.in/nicgep/app?component=%24DirectLink_0&page=FrontEndAdvancedSearchResult&service=direct&session=T&sp=SKdo%2F%2BxckgEceVrAnot5zsw%3D%3D,WATER RESOURCE DEPARTMENT||CIRCLE I||DIVISION - I
71,1,23-Sep-2025 05:30 PM,01-Oct-2025 05:00 PM,03-Oct-2025 11:00 AM,"[Improvement to existing nallah on both side from behind Villa De B Aradi, Parra upto Nagoa Bridge in Calangute Constituency.]","[Improvement to existing nallah on both side from behind Villa De B Aradi, Parra upto Nagoa Bridge in Calangute Constituency.]
																				[6-9/WDI/WRD/ASW/2025-26/e-26/1][2025_WRD_24727_1]",https://etender.up.nic.in/nicgep/app?component=%24DirectLink_0&page=FrontEndAdvancedSearchResult&service=direct&session=T&sp=S8l03Q16%2FxANY34PfMX5KQg%3D%3D,WATER RESOURCE DEPARTMENT||CIRCLE I||DIVISION - I
72,1,23-Sep-2025 05:30 PM,01-Oct-2025 05:00 PM,03-Oct-2025 11:00 AM,"[Construction of retaining wall near Ajuda Church at P.T. Sheet No.2, Chalta No. 31 at Fondvem, Ribandar in Panaji Constituency.]","[Construction of retaining wall near Ajuda Church at P.T. Sheet No.2, Chalta No. 31 at Fondvem, Ribandar in Panaji Constituency.]
																				[6-9/WDI/WRD/ASW/2025-26/e-26/2][2025_WRD_24728_1]",https://etender.up.nic.in/nicgep/app?component=%24DirectLink_0&page=FrontEndAdvancedSearchResult&service=direct&session=T&sp=SPJ3S%2BB7IugOAj0SuWG7HKA%3D%3D,WATER RESOURCE DEPARTMENT||CIRCLE I||DIVISION - I
73,1,23-Sep-2025 05:30 PM,01-Oct-2025 05:00 PM,03-Oct-2025 11:00 AM,[Urgent replacement of the FRP coated bandhara pannels at Casarvarnem Bandara in Pernem Taluka.],"[Urgent replacement of the FRP coated bandhara pannels at Casarvarnem Bandara in Pernem Taluka.]
																				[6-9/WDI/WRD/ASW/2025-26/e-26/3][2025_WRD_24730_1]",https://etender.up.nic.in/nicgep/app?component=%24DirectLink_0&page=FrontEndAdvancedSearchResult&service=direct&session=T&sp=SUuBj0P%2BGkE76fQDo%2F%2BYnHA%3D%3D,WATER RESOURCE DEPARTMENT||CIRCLE I||DIVISION - I
74,1,23-Sep-2025 05:00 PM,30-Sep-2025 03:00 PM,01-Oct-2025 11:00 AM,[Maintenance of WSS in Pernem Taluka - Providing By pass line to Patekar house near IDC of village Tuem in Mandrem constituency],"[Maintenance of WSS in Pernem Taluka - Providing By pass line to Patekar house near IDC of village Tuem in Mandrem constituency]
																				[DDW/ WD.II/ ASW/ F.24-E/ 08/ 2025-26/ L-5][2025_PWD_24746_1]",https://etender.up.nic.in/nicgep/app?component=%24DirectLink_0&page=FrontEndAdvancedSearchResult&service=direct&session=T&sp=SZ8ukDRVgjy6r4u8wVDcouA%3D%3D,"PUBLIC WORKS DEPARTMENT||CIRCLE - V-Panaji||DIVISION - XVII, Porvorim"
75,1,23-Sep-2025 04:45 PM,02-Oct-2025 04:00 PM,03-Oct-2025 10:30 AM,[Construction of BandharaNo.3inCordem Village of QuepemTaluka in Survey No. 34/2],"[Construction of BandharaNo.3inCordem Village of QuepemTaluka in Survey No. 34/2]
																				[33HrtCSSPMKSYWDC62526DAgr31387][2025_DAG_24753_1]",https://etender.up.nic.in/nicgep/app?component=%24DirectLink_0&page=FrontEndAdvancedSearchResult&service=direct&session=T&sp=S9mRyTlU4P7xiKyDR2hgnJw%3D%3D,DIRECTORATE OF AGRICULTURE||NORTH GOA||DEPUTY DIRECTOR (ADMINSTRATION)||HORTICULTURE SECTION
76,1,23-Sep-2025 04:00 PM,07-Oct-2025 11:00 AM,08-Oct-2025 12:00 PM,[Repair and Construction of footsteps at Salgini in V.P. Netravali in Sanguem constituency],"[Repair and Construction of footsteps at Salgini in V.P. Netravali in Sanguem constituency]
																				[DRDA-S/EW/GGSY/2025-2026/799][2025_DRD_24743_1]",https://etender.up.nic.in/nicgep/app?component=%24DirectLink_0&page=FrontEndAdvancedSearchResult&service=direct&session=T&sp=S5El1TE7oJX%2Fct9W765dtAQ%3D%3D,Department of Rural Development||District Rural Development Agency (South)||Engineering Wing
77,1,23-Sep-2025 04:00 PM,30-Sep-2025 03:00 PM,01-Oct-2025 11:00 AM,"[Operation and maintenance of 15MLD WTP Chandel in Pernem Taluka - Supply, Installation, Testing and Commissioning of auto transformers for Motor starter.]","[Operation and maintenance of 15MLD WTP Chandel in Pernem Taluka - Supply, Installation, Testing and Commissioning of auto transformers for Motor starter.]
																				[DDW/ WD.II/ ASW/ F.24-E/ 08/ 2025-26/ L-2][2025_PWD_24733_1]",https://etender.up.nic.in/nicgep/app?component=%24DirectLink_0&page=FrontEndAdvancedSearchResult&service=direct&session=T&sp=Skdn48kDy6hovr7v7nXP4eQ%3D%3D,"PUBLIC WORKS DEPARTMENT||CIRCLE - V-Panaji||DIVISION - XVII, Porvorim"
78,1,23-Sep-2025 04:00 PM,07-Oct-2025 11:00 AM,08-Oct-2025 12:00 PM,[Repair and Renovation  of Anganwadi in  V.P. Caurem-Pirla in Sanguem Constituency],"[Repair and Renovation  of Anganwadi in  V.P. Caurem-Pirla in Sanguem Constituency]
																				[DRDA-S/EW/GGSY/2025-2026/799	][2025_DRD_24735_1]",https://etender.up.nic.in/nicgep/app?component=%24DirectLink_0&page=FrontEndAdvancedSearchResult&service=direct&session=T&sp=S9WgrkwsJv8clZJpeQ85mOg%3D%3D,Department of Rural Development||District Rural Development Agency (South)||Engineering Wing
79,1,23-Sep-2025 04:00 PM,07-Oct-2025 11:00 AM,08-Oct-2025 12:00 PM,[Repair and Renovation of Sub-Health Centre in  V.P. Caurem-Pirla in Sanguem Constituency],"[Repair and Renovation of Sub-Health Centre in  V.P. Caurem-Pirla in Sanguem Constituency]
																				[DRDA-S/EW/GGSY/2025-2026/799][2025_DRD_24738_1]",https://etender.up.nic.in/nicgep/app?component=%24DirectLink_0&page=FrontEndAdvancedSearchResult&service=direct&session=T&sp=ScW%2BL%2BEUizFp3V6sfK0ZH4Q%3D%3D,Department of Rural Development||District Rural Development Agency (South)||Engineering Wing
80,1,23-Sep-2025 04:00 PM,30-Sep-2025 03:00 PM,01-Oct-2025 11:00 AM,[Maintenance of Water Supply Scheme in Tivim Constituency in Bardez Taluka - Replacement of 250mm dia. and 300mm dia. Sluice Valves on conveying 300mm dia. DI main pipeline near Railway Bridge at Khargali in Tivim Constituency.],"[Maintenance of Water Supply Scheme in Tivim Constituency in Bardez Taluka - Replacement of 250mm dia. and 300mm dia. Sluice Valves on conveying 300mm dia. DI main pipeline near Railway Bridge at Khargali in Tivim Constituency.]
																				[DDW/ WD.II/ ASW/ F.24-E/ 08/ 2025-26/ L-3][2025_PWD_24736_1]",https://etender.up.nic.in/nicgep/app?component=%24DirectLink_0&page=FrontEndAdvancedSearchResult&service=direct&session=T&sp=SeQ4zzB%2F%2Bvw45d3wfE%2FD%2FOA%3D%3D,"PUBLIC WORKS DEPARTMENT||CIRCLE - V-Panaji||DIVISION - XVII, Porvorim"
101,7,22-Sep-2025 01:00 PM,06-Oct-2025 03:00 PM,08-Oct-2025 10:30 AM,[Reconstruction of roadside drain from Madhu Naik house towards nallah and from Demu Naik house to Narayan Naik house at Nagzar Curti in V.P. Curti-Khandepar of Curti Constituency Re-tender],"[Reconstruction of roadside drain from Madhu Naik house towards nallah and from Demu Naik house to Narayan Naik house at Nagzar Curti in V.P. Curti-Khandepar of Curti Constituency Re-tender]
																				[3/6/SGZP/2025-26/TN-180/L22][2025_ZP_24689_1]",https://etender.up.nic.in/nicgep/app?component=%24DirectLink_0&page=FrontEndAdvancedSearchResult&service=direct&session=T&sp=SXmK5KWr5hZYWDAu1Vj4%2Feg%3D%3D,ZILLA PANCHAYATS||SOUTH GOA ZILLA PANCHAYAT||Technical Section
102,7,22-Sep-2025 12:30 PM,06-Oct-2025 03:00 PM,08-Oct-2025 10:30 AM,"[Beautification surrounding Nossa Senhora De Piedade Chapel at Godihno ward  Calata, Majorda in V.P. Majorda Utorda Calata of Colva Constituency Re-tender]","[Beautification surrounding Nossa Senhora De Piedade Chapel at Godihno ward  Calata, Majorda in V.P. Majorda Utorda Calata of Colva Constituency Re-tender]
																				[3/6/SGZP/2025-26/TN-180/L21][2025_ZP_24688_1]",https://etender.up.nic.in/nicgep/app?component=%24DirectLink_0&page=FrontEndAdvancedSearchResult&service=direct&session=T&sp=SFKJR8ZBd6gXFG037iYPeNw%3D%3D,ZILLA PANCHAYATS||SOUTH GOA ZILLA PANCHAYAT||Technical Section
103,7,20-Sep-2025 05:30 PM,30-Sep-2025 03:00 PM,01-Oct-2025 03:30 PM,"[Providing , Laying , Testing and Commississioning of Sewerage Network  including Construction of Manhole, providing House sewer connection and Reinstament of Road at Green Circle area in  Reismagos Village Panchayat of Saligao Constituency.]","[Providing , Laying , Testing and Commississioning of Sewerage Network  including Construction of Manhole, providing House sewer connection and Reinstament of Road at Green Circle area in  Reismagos Village Panchayat of Saligao Constituency.]
																				[SIDCL/Admn-7/F.No.TN-18/ 1321/25-26 Dt 18/09/2025Ln02][2025_SIDCG_24680_1]",https://etender.up.nic.in/nicgep/app?component=%24DirectLink_0&page=FrontEndAdvancedSearchResult&service=direct&session=T&sp=S%2FTXljrCeo%2FqbbMcVgjcT0A%3D%3D,SEWERAGE AND INFRASTRUCTURAL DEVELOPMENT CORPORATION OF GOA LTD||TECHNICAL
104,7,20-Sep-2025 05:30 PM,30-Sep-2025 03:00 PM,01-Oct-2025 03:30 PM,"[Rehab. of NME pipe sewers by trench. techn. using inline replace. of existing sewers of Vasco Sew. Sys. with HDPE pipe by pipe burst. method in Vasco Rail. St, Court Rd, Munc.  Rd, FL Gomes Rd, Saifulla ...Vasco Const. Retender]","[Rehab. of NME pipe sewers by trench. techn. using inline replace. of existing sewers of Vasco Sew. Sys. with HDPE pipe by pipe burst. method in Vasco Rail. St, Court Rd, Munc.  Rd, FL Gomes Rd, Saifulla ...Vasco Const. Retender]
																				[SIDCL/Admn-7/F.No.TN-18/ 1321/25-26 Dt 18/09/2025Ln03][2025_SIDCG_24681_1]",https://etender.up.nic.in/nicgep/app?component=%24DirectLink_0&page=FrontEndAdvancedSearchResult&service=direct&session=T&sp=S1xRdGcWuDv0nwXEKMMoctg%3D%3D,SEWERAGE AND INFRASTRUCTURAL DEVELOPMENT CORPORATION OF GOA LTD||TECHNICAL
105,7,20-Sep-2025 05:30 PM,30-Sep-2025 03:00 PM,01-Oct-2025 03:30 PM,[Rehab. of NME pipe sewers by trench. techn. using inline replac. of existing sewers of Vasco Sew Sys with HDPE pipe by pipe bursting method in Driver Hill Rd and Areas of Ward 16 and Surr.Ar. in Vasco Const. Retender],"[Rehab. of NME pipe sewers by trench. techn. using inline replac. of existing sewers of Vasco Sew Sys with HDPE pipe by pipe bursting method in Driver Hill Rd and Areas of Ward 16 and Surr.Ar. in Vasco Const. Retender]
																				[SIDCL/Admn-7/F.No.TN-18/ 1321/25-26 Dt 18/09/2025Ln04][2025_SIDCG_24682_1]",https://etender.up.nic.in/nicgep/app?component=%24DirectLink_0&page=FrontEndAdvancedSearchResult&service=direct&session=T&sp=SBNTpnR9DpId49D2jKKlEBw%3D%3D,SEWERAGE AND INFRASTRUCTURAL DEVELOPMENT CORPORATION OF GOA LTD||TECHNICAL
106,7,20-Sep-2025 09:00 AM,13-Oct-2025 05:00 PM,14-Oct-2025 11:00 AM,[RFP for Selection of Service Provider for Solid Waste Management in Tuem Industrial Estate Cluster under Goa-IDC],"[RFP for Selection of Service Provider for Solid Waste Management in Tuem Industrial Estate Cluster under Goa-IDC]
																				[GIDC/25-26/06 dtd 19/09/2025][2025_GIDCo_24676_1]",https://etender.up.nic.in/nicgep/app?component=%24DirectLink_0&page=FrontEndAdvancedSearchResult&service=direct&session=T&sp=ScGlIsjwPw4AuAEQ5PtUp6g%3D%3D,Goa Industrial Development Corporation||Engineering Section
107,7,20-Sep-2025 09:00 AM,14-Oct-2025 03:30 PM,15-Oct-2025 03:30 PM,[Appointment of Consultant for Providing Transaction Advisory Services for Development of Residential Complex in Sector H/B1 Survey/Sub-Division No 34 Porvorim Penha-de-Franca Bardez Goa],"[Appointment of Consultant for Providing Transaction Advisory Services for Development of Residential Complex in Sector H/B1 Survey/Sub-Division No 34 Porvorim Penha-de-Franca Bardez Goa]
																				[GHB/ADM/1235/2025][2025_GHB_24673_1]",https://etender.up.nic.in/nicgep/app?component=%24DirectLink_0&page=FrontEndAdvancedSearchResult&service=direct&session=T&sp=SggNLa02q4ge8bOiFprbGbg%3D%3D,Goa Housing Board||Head Office||North Division||Technical Section
108,7,19-Sep-2025 06:00 PM,06-Oct-2025 03:00 PM,08-Oct-2025 10:30 AM,[Re-Construction of drainage from Mildredo Cajetan Fernandes house to field at Mingfoll in V.P. Chinchinim of Velim Constituency],"[Re-Construction of drainage from Mildredo Cajetan Fernandes house to field at Mingfoll in V.P. Chinchinim of Velim Constituency]
																				[3/6/SGZP/2025-26/TN-180/L2][2025_ZP_24639_1]",https://etender.up.nic.in/nicgep/app?component=%24DirectLink_0&page=FrontEndAdvancedSearchResult&service=direct&session=T&sp=S9LEiPIwu8oP2J22GnNkLjA%3D%3D,ZILLA PANCHAYATS||SOUTH GOA ZILLA PANCHAYAT||Technical Section
109,7,19-Sep-2025 06:00 PM,06-Oct-2025 03:00 PM,08-Oct-2025 10:30 AM,[Construction of toilet block with Septic tank and soak pit at Carxeta in V.P. Velim of Velim Constituency],"[Construction of toilet block with Septic tank and soak pit at Carxeta in V.P. Velim of Velim Constituency]
																				[3/6/SGZP/2025-26/TN-180/L1][2025_ZP_24637_1]",https://etender.up.nic.in/nicgep/app?component=%24DirectLink_0&page=FrontEndAdvancedSearchResult&service=direct&session=T&sp=S%2F4MO3VN7WEWufLh7nE3XTQ%3D%3D,ZILLA PANCHAYATS||SOUTH GOA ZILLA PANCHAYAT||Technical Section
110,7,19-Sep-2025 06:00 PM,06-Oct-2025 03:00 PM,08-Oct-2025 10:30 AM,[Beautification surrounding Holy Cross chapel at Sambatty in V.P. Orlim of Benaulim Constituency],"[Beautification surrounding Holy Cross chapel at Sambatty in V.P. Orlim of Benaulim Constituency]
																				[3/6/SGZP/2025-26/TN-180/L15][2025_ZP_24659_1]",https://etender.up.nic.in/nicgep/app?component=%24DirectLink_0&page=FrontEndAdvancedSearchResult&service=direct&session=T&sp=SMFM3TiKo8D8kFigDW%2BlKWA%3D%3D,ZILLA PANCHAYATS||SOUTH GOA ZILLA PANCHAYAT||Technical Section
111,7,19-Sep-2025 06:00 PM,03-Oct-2025 05:30 PM,04-Oct-2025 10:00 AM,"[Appointment of Vendor for the work of availing Artistic services for Ideation/ Conceptualization,Creation, Designing, Fabrication, Supply Erection/Installation for full decor, street decor and other allied activities on rental basis for 56thIFFI 2025]","[Appointment of Vendor for the work of availing Artistic services for Ideation/ Conceptualization,Creation, Designing, Fabrication, Supply Erection/Installation for full decor, street decor and other allied activities on rental basis for 56thIFFI 2025]
																				[ESG/Events/25-26/56thIFFI 2026/Decor/12509][2025_ESG_24667_1]",https://etender.up.nic.in/nicgep/app?component=%24DirectLink_0&page=FrontEndAdvancedSearchResult&service=direct&session=T&sp=SJcyIHfaeI5Sdan%2FkFzVMvg%3D%3D,ENTERTAINMENT SOCIETY OF GOA||EVENTS
112,7,19-Sep-2025 06:00 PM,03-Oct-2025 02:00 PM,04-Oct-2025 11:00 AM,"[Supply, Installation, testing and commissioning of Bag Scanners on rental  basis for the 56th IFFI 2025]","[Supply, Installation, testing and commissioning of Bag Scanners on rental  basis for the 56th IFFI 2025]
																				[ESG/25-26/Tech/IFFI/BS/12509][2025_ESG_24669_1]",https://etender.up.nic.in/nicgep/app?component=%24DirectLink_0&page=FrontEndAdvancedSearchResult&service=direct&session=T&sp=Shtr6FIkF0Xu5xjBp9vOABA%3D%3D,ENTERTAINMENT SOCIETY OF GOA||TECHNICAL
113,7,19-Sep-2025 06:00 PM,03-Oct-2025 02:00 PM,04-Oct-2025 10:00 AM,"[Appointment of Agency for the work of Installation, Testing and Commissioning of Digital Cinema Projectors and digital cinema sound processor on hire basis at Festival Venues and Hire of Projectionists for 56thIFFI 2025.]","[Appointment of Agency for the work of Installation, Testing and Commissioning of Digital Cinema Projectors and digital cinema sound processor on hire basis at Festival Venues and Hire of Projectionists for 56thIFFI 2025.]
																				[ESG/25-26/Tech/IFFI/Pro/12509][2025_ESG_24678_1]",https://etender.up.nic.in/nicgep/app?component=%24DirectLink_0&page=FrontEndAdvancedSearchResult&service=direct&session=T&sp=Sxin1oRWq%2FgjQKjND%2Fqy1Ng%3D%3D,ENTERTAINMENT SOCIETY OF GOA||TECHNICAL
114,7,19-Sep-2025 06:00 PM,03-Oct-2025 02:00 PM,04-Oct-2025 10:00 AM,[Appointment of Agency for the work of Supply and  Erection of infrastructure on hire basis for proposed Open Air Screening at various venues for 56th IFFI 2025],"[Appointment of Agency for the work of Supply and  Erection of infrastructure on hire basis for proposed Open Air Screening at various venues for 56th IFFI 2025]
																				[ESG/25-26/Tech/IFFI/OAS/12509.][2025_ESG_24677_1]",https://etender.up.nic.in/nicgep/app?component=%24DirectLink_0&page=FrontEndAdvancedSearchResult&service=direct&session=T&sp=S48oQVQldTmPsrAFpttLFGA%3D%3D,ENTERTAINMENT SOCIETY OF GOA||TECHNICAL
115,7,19-Sep-2025 06:00 PM,03-Oct-2025 05:30 PM,04-Oct-2025 03:00 PM,"[Supply of printing works for the 56th International Film Festival of India,2025]","[Supply of printing works for the 56th International Film Festival of India,2025]
																				[ESG/56thIFFI/Printing/12509][2025_ESG_24674_1]",https://etender.up.nic.in/nicgep/app?component=%24DirectLink_0&page=FrontEndAdvancedSearchResult&service=direct&session=T&sp=SqqOioiDXxe%2FUeIViI4lTnQ%3D%3D,ENTERTAINMENT SOCIETY OF GOA||EVENTS
116,7,19-Sep-2025 06:00 PM,06-Oct-2025 03:00 PM,08-Oct-2025 10:30 AM,[Construction of drain from Laxson house to St. Joseph Chapel at Talebandh in ward no. 5 in V.P. Dramapur -Sirlim of Navelim Constituency],"[Construction of drain from Laxson house to St. Joseph Chapel at Talebandh in ward no. 5 in V.P. Dramapur -Sirlim of Navelim Constituency]
																				[3/6/SGZP/2025-26/TN-180/L17][2025_ZP_24661_1]",https://etender.up.nic.in/nicgep/app?component=%24DirectLink_0&page=FrontEndAdvancedSearchResult&service=direct&session=T&sp=SMVNOo9CSmvlBWv7EiLx82g%3D%3D,ZILLA PANCHAYATS||SOUTH GOA ZILLA PANCHAYAT||Technical Section
117,7,19-Sep-2025 06:00 PM,06-Oct-2025 03:00 PM,08-Oct-2025 10:30 AM,[Construction of walking track and Supplying  Installation of Childrens Play Equipment at Baida in V.P. Chinchinim-Deussua of Velim Constituency],"[Construction of walking track and Supplying  Installation of Childrens Play Equipment at Baida in V.P. Chinchinim-Deussua of Velim Constituency]
																				[3/6/SGZP/2025-26/TN-180/L16][2025_ZP_24660_1]",https://etender.up.nic.in/nicgep/app?component=%24DirectLink_0&page=FrontEndAdvancedSearchResult&service=direct&session=T&sp=SJzcsXCoQTt7KA6sMXOHNGw%3D%3D,ZILLA PANCHAYATS||SOUTH GOA ZILLA PANCHAYAT||Technical Section
118,7,19-Sep-2025 06:00 PM,03-Oct-2025 05:30 PM,04-Oct-2025 03:00 PM,"[ Appointment of Vendor for the Work of Designing and Supply of Tote Bags, Merchandise, Mementos,Lanyard and Souvenirs for the 56th International Film Festival of India, 2025]","[ Appointment of Vendor for the Work of Designing and Supply of Tote Bags, Merchandise, Mementos,Lanyard and Souvenirs for the 56th International Film Festival of India, 2025]
																				[ESG/56thIFFI/Merchandise/12509][2025_ESG_24671_1]",https://etender.up.nic.in/nicgep/app?component=%24DirectLink_0&page=FrontEndAdvancedSearchResult&service=direct&session=T&sp=SAhovrQYt6VAZZGx2jldQZQ%3D%3D,ENTERTAINMENT SOCIETY OF GOA||EVENTS
119,7,19-Sep-2025 06:00 PM,03-Oct-2025 05:00 PM,06-Oct-2025 11:30 AM,"[Work of Supply, installation, calibration, testing and commissioning of Online moisture and 9 gases Dissolved Gas Analyser DGA with ADD ON features facility monitoring and diagnostic system for 110,33KV, 40MVA Power Transformer I and II at 220KV SS]","[Work of Supply, installation, calibration, testing and commissioning of Online moisture and 9 gases Dissolved Gas Analyser DGA with ADD ON features facility monitoring and diagnostic system for 110,33KV, 40MVA Power Transformer I and II at 220KV SS]
																				[Tender-04/2025-26][2025_ED_24631_1]",https://etender.up.nic.in/nicgep/app?component=%24DirectLink_0&page=FrontEndAdvancedSearchResult&service=direct&session=T&sp=SDdyDXvIY655xhMSD%2FZfRTQ%3D%3D,"ELECTRICITY DEPARTMENT||CIRCLE - II (NORTH)||DIVISION -  III, Ponda"
120,7,19-Sep-2025 06:00 PM,06-Oct-2025 03:00 PM,08-Oct-2025 10:30 AM,[Re-Construction of Protection wall for existing pathway from Nagazar Devasthan to Sundari Gaude house at Nagazarwada in ward no.3 in V.P. Bhoma Adcolna in Betqui Candola Constituency],"[Re-Construction of Protection wall for existing pathway from Nagazar Devasthan to Sundari Gaude house at Nagazarwada in ward no.3 in V.P. Bhoma Adcolna in Betqui Candola Constituency]
																				[3/6/SGZP/2025-26/TN-180/L10][2025_ZP_24652_1]",https://etender.up.nic.in/nicgep/app?component=%24DirectLink_0&page=FrontEndAdvancedSearchResult&service=direct&session=T&sp=SUfrqq446Cebvi3DUtBME7Q%3D%3D,ZILLA PANCHAYATS||SOUTH GOA ZILLA PANCHAYAT||Technical Section
161,10,17-Sep-2025 09:00 AM,02-Oct-2025 04:00 PM,03-Oct-2025 11:00 AM,[Improvement of road widening area on both sides of road from Chaitanya Hospital to Near Daya Damble House in Vasant Nagar SMC in Ward No 02],"[Improvement of road widening area on both sides of road from Chaitanya Hospital to Near Daya Damble House in Vasant Nagar SMC in Ward No 02]
																				[.SMC/TECH/E-Tender Notice/2025-26/2744 dated 12/09/2025][2025_MC_24532_1]",https://etender.up.nic.in/nicgep/app?component=%24DirectLink_0&page=FrontEndAdvancedSearchResult&service=direct&session=T&sp=SqtZgo%2F9J0d3d1fwvfPj8Cw%3D%3D,MUNICIPAL COUNCILS||District North Goa||Sankhali Municipal Council||Technical  Section
101,8,22-Sep-2025 01:00 PM,06-Oct-2025 03:00 PM,08-Oct-2025 10:30 AM,[Reconstruction of roadside drain from Madhu Naik house towards nallah and from Demu Naik house to Narayan Naik house at Nagzar Curti in V.P. Curti-Khandepar of Curti Constituency Re-tender],"[Reconstruction of roadside drain from Madhu Naik house towards nallah and from Demu Naik house to Narayan Naik house at Nagzar Curti in V.P. Curti-Khandepar of Curti Constituency Re-tender]
																				[3/6/SGZP/2025-26/TN-180/L22][2025_ZP_24689_1]",https://etender.up.nic.in/nicgep/app?component=%24DirectLink_0&page=FrontEndAdvancedSearchResult&service=direct&session=T&sp=SXmK5KWr5hZYWDAu1Vj4%2Feg%3D%3D,ZILLA PANCHAYATS||SOUTH GOA ZILLA PANCHAYAT||Technical Section
102,8,22-Sep-2025 12:30 PM,06-Oct-2025 03:00 PM,08-Oct-2025 10:30 AM,"[Beautification surrounding Nossa Senhora De Piedade Chapel at Godihno ward  Calata, Majorda in V.P. Majorda Utorda Calata of Colva Constituency Re-tender]","[Beautification surrounding Nossa Senhora De Piedade Chapel at Godihno ward  Calata, Majorda in V.P. Majorda Utorda Calata of Colva Constituency Re-tender]
																				[3/6/SGZP/2025-26/TN-180/L21][2025_ZP_24688_1]",https://etender.up.nic.in/nicgep/app?component=%24DirectLink_0&page=FrontEndAdvancedSearchResult&service=direct&session=T&sp=SFKJR8ZBd6gXFG037iYPeNw%3D%3D,ZILLA PANCHAYATS||SOUTH GOA ZILLA PANCHAYAT||Technical Section
162,10,17-Sep-2025 09:00 AM,02-Oct-2025 04:00 PM,03-Oct-2025 11:00 AM,[Improvement and beautification by laying pavers for road widening area outside STP to Shekhar Kanekar house Raghupushp Residency Vasu Kunkalienkar house Ashok Kanekar House Ajit Kanekar house Devdutt Budkule house Rupesh Salelkar house Govekar],"[Improvement and beautification by laying pavers for road widening area outside STP to Shekhar Kanekar house Raghupushp Residency Vasu Kunkalienkar house Ashok Kanekar House Ajit Kanekar house Devdutt Budkule house Rupesh Salelkar house Govekar]
																				[. SMC/TECH/E-Tender Notice/2025-26/2744  dated  12/09/2025][2025_MC_24561_1]",https://etender.up.nic.in/nicgep/app?component=%24DirectLink_0&page=FrontEndAdvancedSearchResult&service=direct&session=T&sp=SZy%2BkZFTOvYfy75RPiZFBEg%3D%3D,MUNICIPAL COUNCILS||District North Goa||Sankhali Municipal Council||Technical  Section
163,10,17-Sep-2025 09:00 AM,02-Oct-2025 04:00 PM,03-Oct-2025 11:00 AM,[Improvement of road widenig area by laying pavers chequered tiles and plastering near Market junction wel  opposite well no entry board Outside Kadamba Bus stand Near Vinay Pangam House near Chimulkar Building  and improvement and reconstruc],"[Improvement of road widenig area by laying pavers chequered tiles and plastering near Market junction wel  opposite well no entry board Outside Kadamba Bus stand Near Vinay Pangam House near Chimulkar Building  and improvement and reconstruc]
																				[. SMC/TECH/E-Tender Notice/2025-26/2744  dated  12/09/2025][2025_MC_24559_1]",https://etender.up.nic.in/nicgep/app?component=%24DirectLink_0&page=FrontEndAdvancedSearchResult&service=direct&session=T&sp=S5d0T41Bq%2FDfJ7jXkK%2FQfXg%3D%3D,MUNICIPAL COUNCILS||District North Goa||Sankhali Municipal Council||Technical  Section
103,8,20-Sep-2025 05:30 PM,30-Sep-2025 03:00 PM,01-Oct-2025 03:30 PM,"[Providing , Laying , Testing and Commississioning of Sewerage Network  including Construction of Manhole, providing House sewer connection and Reinstament of Road at Green Circle area in  Reismagos Village Panchayat of Saligao Constituency.]","[Providing , Laying , Testing and Commississioning of Sewerage Network  including Construction of Manhole, providing House sewer connection and Reinstament of Road at Green Circle area in  Reismagos Village Panchayat of Saligao Constituency.]
																				[SIDCL/Admn-7/F.No.TN-18/ 1321/25-26 Dt 18/09/2025Ln02][2025_SIDCG_24680_1]",https://etender.up.nic.in/nicgep/app?component=%24DirectLink_0&page=FrontEndAdvancedSearchResult&service=direct&session=T&sp=S%2FTXljrCeo%2FqbbMcVgjcT0A%3D%3D,SEWERAGE AND INFRASTRUCTURAL DEVELOPMENT CORPORATION OF GOA LTD||TECHNICAL
104,8,20-Sep-2025 05:30 PM,30-Sep-2025 03:00 PM,01-Oct-2025 03:30 PM,"[Rehab. of NME pipe sewers by trench. techn. using inline replace. of existing sewers of Vasco Sew. Sys. with HDPE pipe by pipe burst. method in Vasco Rail. St, Court Rd, Munc.  Rd, FL Gomes Rd, Saifulla ...Vasco Const. Retender]","[Rehab. of NME pipe sewers by trench. techn. using inline replace. of existing sewers of Vasco Sew. Sys. with HDPE pipe by pipe burst. method in Vasco Rail. St, Court Rd, Munc.  Rd, FL Gomes Rd, Saifulla ...Vasco Const. Retender]
																				[SIDCL/Admn-7/F.No.TN-18/ 1321/25-26 Dt 18/09/2025Ln03][2025_SIDCG_24681_1]",https://etender.up.nic.in/nicgep/app?component=%24DirectLink_0&page=FrontEndAdvancedSearchResult&service=direct&session=T&sp=S1xRdGcWuDv0nwXEKMMoctg%3D%3D,SEWERAGE AND INFRASTRUCTURAL DEVELOPMENT CORPORATION OF GOA LTD||TECHNICAL
164,10,17-Sep-2025 09:00 AM,02-Oct-2025 04:00 PM,03-Oct-2025 11:00 AM,[Improvement and beautification at various places at virdi by errecting shed  RCC Slab  laying pavers and drainage repair in ward no11 within the jurisdiction of the Sankhali Municipal Council],"[Improvement and beautification at various places at virdi by errecting shed  RCC Slab  laying pavers and drainage repair in ward no11 within the jurisdiction of the Sankhali Municipal Council]
																				[. SMC/TECH/E-Tender Notice/2025-26/2744  dated  12/09/2025][2025_MC_24562_1]",https://etender.up.nic.in/nicgep/app?component=%24DirectLink_0&page=FrontEndAdvancedSearchResult&service=direct&session=T&sp=SUT38w%2BfitROBLyshBYpOFg%3D%3D,MUNICIPAL COUNCILS||District North Goa||Sankhali Municipal Council||Technical  Section
165,10,17-Sep-2025 09:00 AM,02-Oct-2025 04:00 PM,03-Oct-2025 11:00 AM,[Proposed construction of stage store room toilet room and  pathway in  open space on Land bearing Survey no.63 1H situated at village Harvalem  Taluka Bicholim for Sankhali Municipal Council],"[Proposed construction of stage store room toilet room and  pathway in  open space on Land bearing Survey no.63 1H situated at village Harvalem  Taluka Bicholim for Sankhali Municipal Council]
																				[. SMC/TECH/E-Tender Notice/2025-26/2744 dated 12/09/2025 ][2025_MC_24528_1]",https://etender.up.nic.in/nicgep/app?component=%24DirectLink_0&page=FrontEndAdvancedSearchResult&service=direct&session=T&sp=S7%2BHlMNwu0y8eXMOvkw0b0Q%3D%3D,MUNICIPAL COUNCILS||District North Goa||Sankhali Municipal Council||Technical  Section
105,8,20-Sep-2025 05:30 PM,30-Sep-2025 03:00 PM,01-Oct-2025 03:30 PM,[Rehab. of NME pipe sewers by trench. techn. using inline replac. of existing sewers of Vasco Sew Sys with HDPE pipe by pipe bursting method in Driver Hill Rd and Areas of Ward 16 and Surr.Ar. in Vasco Const. Retender],"[Rehab. of NME pipe sewers by trench. techn. using inline replac. of existing sewers of Vasco Sew Sys with HDPE pipe by pipe bursting method in Driver Hill Rd and Areas of Ward 16 and Surr.Ar. in Vasco Const. Retender]
																				[SIDCL/Admn-7/F.No.TN-18/ 1321/25-26 Dt 18/09/2025Ln04][2025_SIDCG_24682_1]",https://etender.up.nic.in/nicgep/app?component=%24DirectLink_0&page=FrontEndAdvancedSearchResult&service=direct&session=T&sp=SBNTpnR9DpId49D2jKKlEBw%3D%3D,SEWERAGE AND INFRASTRUCTURAL DEVELOPMENT CORPORATION OF GOA LTD||TECHNICAL
166,10,16-Sep-2025 06:55 PM,30-Sep-2025 03:00 PM,02-Oct-2025 10:00 AM,"[Hiring of vehicle for Maintenance of Various Government Installations In South Goa under  Jurisdiction of Office of the Assistant Engineer, SD III, WD XXII(E and M), PWD, Tisk -Ponda Goa.]","[Hiring of vehicle for Maintenance of Various Government Installations In South Goa under  Jurisdiction of Office of the Assistant Engineer, SD III, WD XXII(E and M), PWD, Tisk -Ponda Goa.]
																				[3/25-26/PWD/WDXXII/MnE/ ASW/TN-17/01 dtd.16.09.2025][2025_PWD_24582_1]",https://etender.up.nic.in/nicgep/app?component=%24DirectLink_0&page=FrontEndAdvancedSearchResult&service=direct&session=T&sp=SPcRwcNX3Lv6ecHT0MpqSOQ%3D%3D,PUBLIC WORKS DEPARTMENT||CIRCLE - VII- Panaji||DIVISION - XXII-Margao
106,8,20-Sep-2025 09:00 AM,13-Oct-2025 05:00 PM,14-Oct-2025 11:00 AM,[RFP for Selection of Service Provider for Solid Waste Management in Tuem Industrial Estate Cluster under Goa-IDC],"[RFP for Selection of Service Provider for Solid Waste Management in Tuem Industrial Estate Cluster under Goa-IDC]
																				[GIDC/25-26/06 dtd 19/09/2025][2025_GIDCo_24676_1]",https://etender.up.nic.in/nicgep/app?component=%24DirectLink_0&page=FrontEndAdvancedSearchResult&service=direct&session=T&sp=ScGlIsjwPw4AuAEQ5PtUp6g%3D%3D,Goa Industrial Development Corporation||Engineering Section
167,10,16-Sep-2025 06:00 PM,30-Sep-2025 06:00 PM,02-Oct-2025 03:30 PM,"[Supply, Installation, Testing and Commissioning of 4 body Mortuary Cabinet (3 nos) at Asilo Hospital Peddem Mapusa Goa.]","[Supply, Installation, Testing and Commissioning of 4 body Mortuary Cabinet (3 nos) at Asilo Hospital Peddem Mapusa Goa.]
																				[31/1/2025-26/ASW-IV/EMN/PWD/22 LINE01][2025_PWD_24589_1]",https://etender.up.nic.in/nicgep/app?component=%24DirectLink_0&page=FrontEndAdvancedSearchResult&service=direct&session=T&sp=SnaSgUfRJ%2FP7sJ%2FMTB5wSjg%3D%3D,PUBLIC WORKS DEPARTMENT||CIRCLE - VII- Panaji||DIVISION - IV- Caranzalem
107,8,20-Sep-2025 09:00 AM,14-Oct-2025 03:30 PM,15-Oct-2025 03:30 PM,[Appointment of Consultant for Providing Transaction Advisory Services for Development of Residential Complex in Sector H/B1 Survey/Sub-Division No 34 Porvorim Penha-de-Franca Bardez Goa],"[Appointment of Consultant for Providing Transaction Advisory Services for Development of Residential Complex in Sector H/B1 Survey/Sub-Division No 34 Porvorim Penha-de-Franca Bardez Goa]
																				[GHB/ADM/1235/2025][2025_GHB_24673_1]",https://etender.up.nic.in/nicgep/app?component=%24DirectLink_0&page=FrontEndAdvancedSearchResult&service=direct&session=T&sp=SggNLa02q4ge8bOiFprbGbg%3D%3D,Goa Housing Board||Head Office||North Division||Technical Section
108,8,19-Sep-2025 06:00 PM,06-Oct-2025 03:00 PM,08-Oct-2025 10:30 AM,[Re-Construction of drainage from Mildredo Cajetan Fernandes house to field at Mingfoll in V.P. Chinchinim of Velim Constituency],"[Re-Construction of drainage from Mildredo Cajetan Fernandes house to field at Mingfoll in V.P. Chinchinim of Velim Constituency]
																				[3/6/SGZP/2025-26/TN-180/L2][2025_ZP_24639_1]",https://etender.up.nic.in/nicgep/app?component=%24DirectLink_0&page=FrontEndAdvancedSearchResult&service=direct&session=T&sp=S9LEiPIwu8oP2J22GnNkLjA%3D%3D,ZILLA PANCHAYATS||SOUTH GOA ZILLA PANCHAYAT||Technical Section
168,10,16-Sep-2025 05:45 PM,07-Oct-2025 05:00 PM,08-Oct-2025 11:30 AM,"[Tender for Renovation and Improvement work by erection of new 100KVA Distribution Transformer Centre at Gawliwada, Netravali in V.P Netravali under the jurisdiction of Sub Div-III, Sanguem, Div-VII, Curchorem]","[Tender for Renovation and Improvement work by erection of new 100KVA Distribution Transformer Centre at Gawliwada, Netravali in V.P Netravali under the jurisdiction of Sub Div-III, Sanguem, Div-VII, Curchorem]
																				[Tender-06(25-26)][2025_ED_24591_1]",https://etender.up.nic.in/nicgep/app?component=%24DirectLink_0&page=FrontEndAdvancedSearchResult&service=direct&session=T&sp=SlAcbUTxKNOxZgqxPNv6OJg%3D%3D,"ELECTRICITY DEPARTMENT||CIRCLE - I (SOUTH)||DIVISION -  -  VII, Curchorem"
109,8,19-Sep-2025 06:00 PM,06-Oct-2025 03:00 PM,08-Oct-2025 10:30 AM,[Construction of toilet block with Septic tank and soak pit at Carxeta in V.P. Velim of Velim Constituency],"[Construction of toilet block with Septic tank and soak pit at Carxeta in V.P. Velim of Velim Constituency]
																				[3/6/SGZP/2025-26/TN-180/L1][2025_ZP_24637_1]",https://etender.up.nic.in/nicgep/app?component=%24DirectLink_0&page=FrontEndAdvancedSearchResult&service=direct&session=T&sp=S%2F4MO3VN7WEWufLh7nE3XTQ%3D%3D,ZILLA PANCHAYATS||SOUTH GOA ZILLA PANCHAYAT||Technical Section
169,10,16-Sep-2025 12:10 PM,02-Oct-2025 03:00 PM,03-Oct-2025 04:00 PM,[The work of supply erection testing and commissioning of light fixtures Audio visual HVAC equipments and renovation of electrical wiring for the office of the Chief Electrical Engineer Right wing at 5th floor Vidyut Bhavan Panaji],"[The work of supply erection testing and commissioning of light fixtures Audio visual HVAC equipments and renovation of electrical wiring for the office of the Chief Electrical Engineer Right wing at 5th floor Vidyut Bhavan Panaji]
																				[Tender-19(2025-26)][2025_ED_24581_1]",https://etender.up.nic.in/nicgep/app?component=%24DirectLink_0&page=FrontEndAdvancedSearchResult&service=direct&session=T&sp=Siwq6KqkgzJlpyLiiJJD1yQ%3D%3D,"ELECTRICITY DEPARTMENT||CIRCLE - II (NORTH)||DIVISION -  I, Panaji"
110,8,19-Sep-2025 06:00 PM,06-Oct-2025 03:00 PM,08-Oct-2025 10:30 AM,[Beautification surrounding Holy Cross chapel at Sambatty in V.P. Orlim of Benaulim Constituency],"[Beautification surrounding Holy Cross chapel at Sambatty in V.P. Orlim of Benaulim Constituency]
																				[3/6/SGZP/2025-26/TN-180/L15][2025_ZP_24659_1]",https://etender.up.nic.in/nicgep/app?component=%24DirectLink_0&page=FrontEndAdvancedSearchResult&service=direct&session=T&sp=SMFM3TiKo8D8kFigDW%2BlKWA%3D%3D,ZILLA PANCHAYATS||SOUTH GOA ZILLA PANCHAYAT||Technical Section
170,10,16-Sep-2025 09:00 AM,01-Oct-2025 01:00 PM,02-Oct-2025 10:30 AM,"[Providing and laying P.C.C. and construction of drainage infront of Municipal Garage at Old Market, Fatorda in Ward No. 10 of Margao Municipal Council.]","[Providing and laying P.C.C. and construction of drainage infront of Municipal Garage at Old Market, Fatorda in Ward No. 10 of Margao Municipal Council.]
																				[MMC/TECH/G-116/2025-26/1751][2025_MC_24568_1]",https://etender.up.nic.in/nicgep/app?component=%24DirectLink_0&page=FrontEndAdvancedSearchResult&service=direct&session=T&sp=SA2UmBER2lSK1LoIXPd4P9A%3D%3D,MUNICIPAL COUNCILS||District South Goa||Margao Municipal Council||Technical  Section
111,8,19-Sep-2025 06:00 PM,03-Oct-2025 05:30 PM,04-Oct-2025 10:00 AM,"[Appointment of Vendor for the work of availing Artistic services for Ideation/ Conceptualization,Creation, Designing, Fabrication, Supply Erection/Installation for full decor, street decor and other allied activities on rental basis for 56thIFFI 2025]","[Appointment of Vendor for the work of availing Artistic services for Ideation/ Conceptualization,Creation, Designing, Fabrication, Supply Erection/Installation for full decor, street decor and other allied activities on rental basis for 56thIFFI 2025]
																				[ESG/Events/25-26/56thIFFI 2026/Decor/12509][2025_ESG_24667_1]",https://etender.up.nic.in/nicgep/app?component=%24DirectLink_0&page=FrontEndAdvancedSearchResult&service=direct&session=T&sp=SJcyIHfaeI5Sdan%2FkFzVMvg%3D%3D,ENTERTAINMENT SOCIETY OF GOA||EVENTS
171,10,15-Sep-2025 06:00 PM,06-Oct-2025 06:00 PM,07-Oct-2025 10:00 AM,[Black topping of existing kutcha road in Survey No. 94/1 to 95/3 in Village panchayat St. Lawrence in St. Andre Constituency.],"[Black topping of existing kutcha road in Survey No. 94/1 to 95/3 in Village panchayat St. Lawrence in St. Andre Constituency.]
																				[PWD/DIV II/R/F-1/ASW/2025-26/09/Line2][2025_PWD_24567_1]",https://etender.up.nic.in/nicgep/app?component=%24DirectLink_0&page=FrontEndAdvancedSearchResult&service=direct&session=T&sp=Sn7vrmlEjZBonwwKJ9Q39Pg%3D%3D,PUBLIC WORKS DEPARTMENT||CIRCLE - III-Panaji||DIVISION - II- Panaji
112,8,19-Sep-2025 06:00 PM,03-Oct-2025 02:00 PM,04-Oct-2025 11:00 AM,"[Supply, Installation, testing and commissioning of Bag Scanners on rental  basis for the 56th IFFI 2025]","[Supply, Installation, testing and commissioning of Bag Scanners on rental  basis for the 56th IFFI 2025]
																				[ESG/25-26/Tech/IFFI/BS/12509][2025_ESG_24669_1]",https://etender.up.nic.in/nicgep/app?component=%24DirectLink_0&page=FrontEndAdvancedSearchResult&service=direct&session=T&sp=Shtr6FIkF0Xu5xjBp9vOABA%3D%3D,ENTERTAINMENT SOCIETY OF GOA||TECHNICAL
172,10,15-Sep-2025 06:00 PM,06-Oct-2025 06:00 PM,07-Oct-2025 10:00 AM,[Dismantling and clearing of old R.C.C Akhada foot-bridge in V.P St.Estevam in Cumbharjua Constituency.],"[Dismantling and clearing of old R.C.C Akhada foot-bridge in V.P St.Estevam in Cumbharjua Constituency.]
																				[PWD/DIV II/R/F-1/ASW/2025-26/09/Line4][2025_PWD_24578_1]",https://etender.up.nic.in/nicgep/app?component=%24DirectLink_0&page=FrontEndAdvancedSearchResult&service=direct&session=T&sp=SgSduwCITUinuctOAiobPpQ%3D%3D,PUBLIC WORKS DEPARTMENT||CIRCLE - III-Panaji||DIVISION - II- Panaji
173,10,15-Sep-2025 05:30 PM,29-Sep-2025 05:00 PM,30-Sep-2025 11:00 AM,[Construction of open type bandhara at Deulwada V.P. Tuem in Mandrem Constituency.],"[Construction of open type bandhara at Deulwada V.P. Tuem in Mandrem Constituency.]
																				[6-9/WDI/WRD/ASW/2025-26/e-25/1][2025_WRD_24570_1]",https://etender.up.nic.in/nicgep/app?component=%24DirectLink_0&page=FrontEndAdvancedSearchResult&service=direct&session=T&sp=Sv%2FcaII%2B2IyU2zfUxqJ9aSA%3D%3D,WATER RESOURCE DEPARTMENT||CIRCLE I||DIVISION - I
113,8,19-Sep-2025 06:00 PM,03-Oct-2025 02:00 PM,04-Oct-2025 10:00 AM,"[Appointment of Agency for the work of Installation, Testing and Commissioning of Digital Cinema Projectors and digital cinema sound processor on hire basis at Festival Venues and Hire of Projectionists for 56thIFFI 2025.]","[Appointment of Agency for the work of Installation, Testing and Commissioning of Digital Cinema Projectors and digital cinema sound processor on hire basis at Festival Venues and Hire of Projectionists for 56thIFFI 2025.]
																				[ESG/25-26/Tech/IFFI/Pro/12509][2025_ESG_24678_1]",https://etender.up.nic.in/nicgep/app?component=%24DirectLink_0&page=FrontEndAdvancedSearchResult&service=direct&session=T&sp=Sxin1oRWq%2FgjQKjND%2Fqy1Ng%3D%3D,ENTERTAINMENT SOCIETY OF GOA||TECHNICAL
174,10,15-Sep-2025 05:30 PM,29-Sep-2025 05:00 PM,30-Sep-2025 11:00 AM,[Construction of retaining wall near Shree Bhagawati Temple in Sy. No. 263/3 and 263/4 at Deulwada in Village Panchayat Tuem in Mandrem Constituency.],"[Construction of retaining wall near Shree Bhagawati Temple in Sy. No. 263/3 and 263/4 at Deulwada in Village Panchayat Tuem in Mandrem Constituency.]
																				[6-9/WDI/WRD/ASW/2025-26/e-25/2][2025_WRD_24575_1]",https://etender.up.nic.in/nicgep/app?component=%24DirectLink_0&page=FrontEndAdvancedSearchResult&service=direct&session=T&sp=S68v53bMDPHkov%2BNS8ogbzA%3D%3D,WATER RESOURCE DEPARTMENT||CIRCLE I||DIVISION - I
114,8,19-Sep-2025 06:00 PM,03-Oct-2025 02:00 PM,04-Oct-2025 10:00 AM,[Appointment of Agency for the work of Supply and  Erection of infrastructure on hire basis for proposed Open Air Screening at various venues for 56th IFFI 2025],"[Appointment of Agency for the work of Supply and  Erection of infrastructure on hire basis for proposed Open Air Screening at various venues for 56th IFFI 2025]
																				[ESG/25-26/Tech/IFFI/OAS/12509.][2025_ESG_24677_1]",https://etender.up.nic.in/nicgep/app?component=%24DirectLink_0&page=FrontEndAdvancedSearchResult&service=direct&session=T&sp=S48oQVQldTmPsrAFpttLFGA%3D%3D,ENTERTAINMENT SOCIETY OF GOA||TECHNICAL
115,8,19-Sep-2025 06:00 PM,03-Oct-2025 05:30 PM,04-Oct-2025 03:00 PM,"[Supply of printing works for the 56th International Film Festival of India,2025]","[Supply of printing works for the 56th International Film Festival of India,2025]
																				[ESG/56thIFFI/Printing/12509][2025_ESG_24674_1]",https://etender.up.nic.in/nicgep/app?component=%24DirectLink_0&page=FrontEndAdvancedSearchResult&service=direct&session=T&sp=SqqOioiDXxe%2FUeIViI4lTnQ%3D%3D,ENTERTAINMENT SOCIETY OF GOA||EVENTS
175,10,15-Sep-2025 05:00 PM,06-Oct-2025 03:00 PM,07-Oct-2025 11:00 AM,"[Repairs to pipeline network of various types ( conveying mains ) in Tiswadi Taluka under SD I, WD III, (WS), PWD.]","[Repairs to pipeline network of various types ( conveying mains ) in Tiswadi Taluka under SD I, WD III, (WS), PWD.]
																				[DDW/DI/ASW/08/25-26 Line1][2025_PWD_24566_1]",https://etender.up.nic.in/nicgep/app?component=%24DirectLink_0&page=FrontEndAdvancedSearchResult&service=direct&session=T&sp=SaPt37z6fhwHlvNr8j7pG0w%3D%3D,PUBLIC WORKS DEPARTMENT||CIRCLE - V-Panaji||DIVISION - III-Panaji
116,8,19-Sep-2025 06:00 PM,06-Oct-2025 03:00 PM,08-Oct-2025 10:30 AM,[Construction of drain from Laxson house to St. Joseph Chapel at Talebandh in ward no. 5 in V.P. Dramapur -Sirlim of Navelim Constituency],"[Construction of drain from Laxson house to St. Joseph Chapel at Talebandh in ward no. 5 in V.P. Dramapur -Sirlim of Navelim Constituency]
																				[3/6/SGZP/2025-26/TN-180/L17][2025_ZP_24661_1]",https://etender.up.nic.in/nicgep/app?component=%24DirectLink_0&page=FrontEndAdvancedSearchResult&service=direct&session=T&sp=SMVNOo9CSmvlBWv7EiLx82g%3D%3D,ZILLA PANCHAYATS||SOUTH GOA ZILLA PANCHAYAT||Technical Section
176,10,15-Sep-2025 05:00 PM,06-Oct-2025 03:00 PM,07-Oct-2025 11:00 AM,[Maintenance of Opa Water Works - Providing tanker filling point at Opa Water Works.],"[Maintenance of Opa Water Works - Providing tanker filling point at Opa Water Works.]
																				[DDW/DI/ASW/08/25-26 Line4][2025_PWD_24574_1]",https://etender.up.nic.in/nicgep/app?component=%24DirectLink_0&page=FrontEndAdvancedSearchResult&service=direct&session=T&sp=SWOW9%2BYVjqAXqzzhi17lWZw%3D%3D,PUBLIC WORKS DEPARTMENT||CIRCLE - V-Panaji||DIVISION - III-Panaji
117,8,19-Sep-2025 06:00 PM,06-Oct-2025 03:00 PM,08-Oct-2025 10:30 AM,[Construction of walking track and Supplying  Installation of Childrens Play Equipment at Baida in V.P. Chinchinim-Deussua of Velim Constituency],"[Construction of walking track and Supplying  Installation of Childrens Play Equipment at Baida in V.P. Chinchinim-Deussua of Velim Constituency]
																				[3/6/SGZP/2025-26/TN-180/L16][2025_ZP_24660_1]",https://etender.up.nic.in/nicgep/app?component=%24DirectLink_0&page=FrontEndAdvancedSearchResult&service=direct&session=T&sp=SJzcsXCoQTt7KA6sMXOHNGw%3D%3D,ZILLA PANCHAYATS||SOUTH GOA ZILLA PANCHAYAT||Technical Section
177,10,15-Sep-2025 05:00 PM,06-Oct-2025 03:00 PM,07-Oct-2025 11:00 AM,[Maintenance of Curti Treatment plant. Removal of Sludge from Clariflocculators of 55MLD and 40MLD plants and painting of Steel Structures.],"[Maintenance of Curti Treatment plant. Removal of Sludge from Clariflocculators of 55MLD and 40MLD plants and painting of Steel Structures.]
																				[DDW/DI/ASW/08/25-26 Line2][2025_PWD_24569_1]",https://etender.up.nic.in/nicgep/app?component=%24DirectLink_0&page=FrontEndAdvancedSearchResult&service=direct&session=T&sp=SM%2FbuwIYpiE39JfvvjDBaoA%3D%3D,PUBLIC WORKS DEPARTMENT||CIRCLE - V-Panaji||DIVISION - III-Panaji
118,8,19-Sep-2025 06:00 PM,03-Oct-2025 05:30 PM,04-Oct-2025 03:00 PM,"[ Appointment of Vendor for the Work of Designing and Supply of Tote Bags, Merchandise, Mementos,Lanyard and Souvenirs for the 56th International Film Festival of India, 2025]","[ Appointment of Vendor for the Work of Designing and Supply of Tote Bags, Merchandise, Mementos,Lanyard and Souvenirs for the 56th International Film Festival of India, 2025]
																				[ESG/56thIFFI/Merchandise/12509][2025_ESG_24671_1]",https://etender.up.nic.in/nicgep/app?component=%24DirectLink_0&page=FrontEndAdvancedSearchResult&service=direct&session=T&sp=SAhovrQYt6VAZZGx2jldQZQ%3D%3D,ENTERTAINMENT SOCIETY OF GOA||EVENTS
178,10,15-Sep-2025 04:00 PM,03-Oct-2025 03:00 PM,06-Oct-2025 11:00 AM,"[Construction of Community Hall for Village Panchayat Collem-Sigao in Sy.No. 117/1 of Sigao Village, Dharbandora Taluka]","[Construction of Community Hall for Village Panchayat Collem-Sigao in Sy.No. 117/1 of Sigao Village, Dharbandora Taluka]
																				[VPC/Dhar/NIT/2025-26/1087][2025_VP_24539_1]",https://etender.up.nic.in/nicgep/app?component=%24DirectLink_0&page=FrontEndAdvancedSearchResult&service=direct&session=T&sp=SobsclKcEZ8%2BiCACCUxEdpg%3D%3D,VILLAGE PANCHAYATS||DISTRICT SOUTH GOA||VILLAGE PANCHAYAT COLLEM SIGAO
179,10,15-Sep-2025 03:00 PM,06-Oct-2025 11:00 AM,08-Oct-2025 10:00 AM,"[Urgent Maintenanace and Repairs to the Administracao building (Comunidades), South Zone, Margao in Margao constituency (Re-Tender).]","[Urgent Maintenanace and Repairs to the Administracao building (Comunidades), South Zone, Margao in Margao constituency (Re-Tender).]
																				[PWD/Div8/ASW/2001/18/25-26/L1][2025_PWD_24563_1]",https://etender.up.nic.in/nicgep/app?component=%24DirectLink_0&page=FrontEndAdvancedSearchResult&service=direct&session=T&sp=Su%2Bb2iKiq7y%2BiwJSBl0IXPQ%3D%3D,PUBLIC WORKS DEPARTMENT||CIRCLE - I-Panaji||DIVISION -VIII-Margao
119,8,19-Sep-2025 06:00 PM,03-Oct-2025 05:00 PM,06-Oct-2025 11:30 AM,"[Work of Supply, installation, calibration, testing and commissioning of Online moisture and 9 gases Dissolved Gas Analyser DGA with ADD ON features facility monitoring and diagnostic system for 110,33KV, 40MVA Power Transformer I and II at 220KV SS]","[Work of Supply, installation, calibration, testing and commissioning of Online moisture and 9 gases Dissolved Gas Analyser DGA with ADD ON features facility monitoring and diagnostic system for 110,33KV, 40MVA Power Transformer I and II at 220KV SS]
																				[Tender-04/2025-26][2025_ED_24631_1]",https://etender.up.nic.in/nicgep/app?component=%24DirectLink_0&page=FrontEndAdvancedSearchResult&service=direct&session=T&sp=SDdyDXvIY655xhMSD%2FZfRTQ%3D%3D,"ELECTRICITY DEPARTMENT||CIRCLE - II (NORTH)||DIVISION -  III, Ponda"
180,10,15-Sep-2025 10:00 AM,01-Oct-2025 03:00 PM,02-Oct-2025 04:00 PM,[The work of erection of 100 KVA transformer  for releasing new Connection to Material Recovery Facility MRF Shed  Carambolim Goa as per request of  Village Panchayat Carambolim.],"[The work of erection of 100 KVA transformer  for releasing new Connection to Material Recovery Facility MRF Shed  Carambolim Goa as per request of  Village Panchayat Carambolim.]
																				[Tender-20(2025-26)][2025_ED_24521_1]",https://etender.up.nic.in/nicgep/app?component=%24DirectLink_0&page=FrontEndAdvancedSearchResult&service=direct&session=T&sp=SSxD%2FFzj9TdvOESWPo8b%2FAA%3D%3D,"ELECTRICITY DEPARTMENT||CIRCLE - II (NORTH)||DIVISION -  I, Panaji"
120,8,19-Sep-2025 06:00 PM,06-Oct-2025 03:00 PM,08-Oct-2025 10:30 AM,[Re-Construction of Protection wall for existing pathway from Nagazar Devasthan to Sundari Gaude house at Nagazarwada in ward no.3 in V.P. Bhoma Adcolna in Betqui Candola Constituency],"[Re-Construction of Protection wall for existing pathway from Nagazar Devasthan to Sundari Gaude house at Nagazarwada in ward no.3 in V.P. Bhoma Adcolna in Betqui Candola Constituency]
																				[3/6/SGZP/2025-26/TN-180/L10][2025_ZP_24652_1]",https://etender.up.nic.in/nicgep/app?component=%24DirectLink_0&page=FrontEndAdvancedSearchResult&service=direct&session=T&sp=SUfrqq446Cebvi3DUtBME7Q%3D%3D,ZILLA PANCHAYATS||SOUTH GOA ZILLA PANCHAYAT||Technical Section
201,9,09-Sep-2025 06:00 PM,13-Oct-2025 05:00 PM,15-Oct-2025 11:30 AM,[The work of renovation of 33KV Main Bus by replacing of existing AAC Bull Twin conductor Bus with new AAC Tarantulla Twin conductor   at 220/33/11KV Amona Substation.],"[The work of renovation of 33KV Main Bus by replacing of existing AAC Bull Twin conductor Bus with new AAC Tarantulla Twin conductor   at 220/33/11KV Amona Substation.]
																				[Tender 02(2025-26)][2025_ED_24413_1]",https://etender.up.nic.in/nicgep/app?component=%24DirectLink_0&page=FrontEndAdvancedSearchResult&service=direct&session=T&sp=SgwPc8ANHGgTqPre1OKKPKQ%3D%3D,"ELECTRICITY DEPARTMENT||CIRCLE - II (NORTH)||DIVISION -  IX, Thivim"
202,9,09-Sep-2025 06:00 PM,03-Oct-2025 03:00 PM,06-Oct-2025 10:30 AM,[Repairs to steps  providing chequered tiles near Gorvoi Devasthan at Velipwada in V.P. Barcem of Barcem Constituency],"[Repairs to steps  providing chequered tiles near Gorvoi Devasthan at Velipwada in V.P. Barcem of Barcem Constituency]
																				[3/6/SGZP/2025-26/TN-179/L6][2025_ZP_24458_1]",https://etender.up.nic.in/nicgep/app?component=%24DirectLink_0&page=FrontEndAdvancedSearchResult&service=direct&session=T&sp=SMaUmxP8XSk6V4DbOQnhMEQ%3D%3D,ZILLA PANCHAYATS||SOUTH GOA ZILLA PANCHAYAT||Technical Section
203,9,09-Sep-2025 06:00 PM,03-Oct-2025 03:00 PM,06-Oct-2025 10:30 AM,[Improvement of community hall at Badsarem in V.P. Gaondongrem in Poinguinim Constituency],"[Improvement of community hall at Badsarem in V.P. Gaondongrem in Poinguinim Constituency]
																				[3/6/SGZP/2025-26/TN-179/L16][2025_ZP_24483_1]",https://etender.up.nic.in/nicgep/app?component=%24DirectLink_0&page=FrontEndAdvancedSearchResult&service=direct&session=T&sp=SiOvyaQFQiwlUzurjkbDZsQ%3D%3D,ZILLA PANCHAYATS||SOUTH GOA ZILLA PANCHAYAT||Technical Section
204,9,09-Sep-2025 05:15 PM,30-Sep-2025 03:00 PM,01-Oct-2025 11:00 AM,"[Hiring of Utility Vehicle with 4 door and carrier like Mahindra / Tata / Eicher make for Office of AE-II, SD-II, WD-I, DDW for Financial Year 2025-2026.]","[Hiring of Utility Vehicle with 4 door and carrier like Mahindra / Tata / Eicher make for Office of AE-II, SD-II, WD-I, DDW for Financial Year 2025-2026.]
																				[DDW/DI/ASW/07/25-26 Line6][2025_PWD_24489_1]",https://etender.up.nic.in/nicgep/app?component=%24DirectLink_0&page=FrontEndAdvancedSearchResult&service=direct&session=T&sp=S7F7jJJcITvHvRkuABhwbxQ%3D%3D,PUBLIC WORKS DEPARTMENT||CIRCLE - V-Panaji||DIVISION - III-Panaji
205,9,09-Sep-2025 05:00 PM,07-Oct-2025 01:00 PM,08-Oct-2025 03:00 PM,"[Repairs to Adil Shah Palace (Old Secretariat), Panaji-Goa]","[Repairs to Adil Shah Palace (Old Secretariat), Panaji-Goa]
																				[PWD/WDI/ASW-17/2025-26/31][2025_PWD_24474_1]",https://etender.up.nic.in/nicgep/app?component=%24DirectLink_0&page=FrontEndAdvancedSearchResult&service=direct&session=T&sp=SVYfUZseIx%2BQAadRbHn3Ivg%3D%3D,PUBLIC WORKS DEPARTMENT||CIRCLE - II-Panaji||DIVISION - I-Panaji
206,9,09-Sep-2025 09:00 AM,30-Sep-2025 05:00 PM,01-Oct-2025 11:00 AM,"[Work of releasing power supply to Mr. Kapil Ulhas Naik Gaunkar, H. No.168/A, Palolem Canacona Goa for a load of 16.48 KW under LTC category under Sub Div-III, Canacona, Division-XVI, Margao.]","[Work of releasing power supply to Mr. Kapil Ulhas Naik Gaunkar, H. No.168/A, Palolem Canacona Goa for a load of 16.48 KW under LTC category under Sub Div-III, Canacona, Division-XVI, Margao.]
																				[Tender No 15(2025-26)][2025_ED_24441_1]",https://etender.up.nic.in/nicgep/app?component=%24DirectLink_0&page=FrontEndAdvancedSearchResult&service=direct&session=T&sp=SMYdArbSUCqSm6JEUAFJVHQ%3D%3D,"ELECTRICITY DEPARTMENT||CIRCLE - I (SOUTH)||DIVISION -  -  XVI, Margao"
207,9,08-Sep-2025 05:30 PM,29-Sep-2025 05:00 PM,30-Sep-2025 11:00 AM,[Construction of retaining wall in Sy. No.62/2 of Village Chimbel in St. Cruz Constituency.],"[Construction of retaining wall in Sy. No.62/2 of Village Chimbel in St. Cruz Constituency.]
																				[6-9/WDI/WRD/ASW/2025-26/e-22/4][2025_WRD_24448_1]",https://etender.up.nic.in/nicgep/app?component=%24DirectLink_0&page=FrontEndAdvancedSearchResult&service=direct&session=T&sp=ShlPN7ZtA%2FY4bTxlaNxEWxw%3D%3D,WATER RESOURCE DEPARTMENT||CIRCLE I||DIVISION - I
208,9,08-Sep-2025 05:30 PM,29-Sep-2025 05:00 PM,30-Sep-2025 11:00 AM,[Repairs to existing Dev Tali at Gauthan Wada in Ward No.4 of V.P. Tamboxem-Mopa-Ugave in Pernem Taluka.],"[Repairs to existing Dev Tali at Gauthan Wada in Ward No.4 of V.P. Tamboxem-Mopa-Ugave in Pernem Taluka.]
																				[6-9/WDI/WRD/ASW/2025-26/e-22/6][2025_WRD_24450_1]",https://etender.up.nic.in/nicgep/app?component=%24DirectLink_0&page=FrontEndAdvancedSearchResult&service=direct&session=T&sp=SzzKtybHYmoJAbKw0yH53CA%3D%3D,WATER RESOURCE DEPARTMENT||CIRCLE I||DIVISION - I
209,9,08-Sep-2025 05:30 PM,29-Sep-2025 05:00 PM,30-Sep-2025 11:00 AM,[Improvement and Beatification of Ganpati Visarjan Platform at Manaswada Chimbel in St. Cruz Constituency.],"[Improvement and Beatification of Ganpati Visarjan Platform at Manaswada Chimbel in St. Cruz Constituency.]
																				[6-9/WDI/WRD/ASW/2025-26/e-22/5][2025_WRD_24449_1]",https://etender.up.nic.in/nicgep/app?component=%24DirectLink_0&page=FrontEndAdvancedSearchResult&service=direct&session=T&sp=S5wORcizGPI6nUih4pAIAAQ%3D%3D,WATER RESOURCE DEPARTMENT||CIRCLE I||DIVISION - I
210,9,08-Sep-2025 05:30 PM,29-Sep-2025 05:00 PM,30-Sep-2025 11:00 AM,[Re-construction of existing wall near Colaco house at Fondvem Ribandar in Panaji Constituency.],"[Re-construction of existing wall near Colaco house at Fondvem Ribandar in Panaji Constituency.]
																				[6-9/WDI/WRD/ASW/2025-26/e-22/7][2025_WRD_24451_1]",https://etender.up.nic.in/nicgep/app?component=%24DirectLink_0&page=FrontEndAdvancedSearchResult&service=direct&session=T&sp=Skgvq59TjJd8Wm5NVTuxiTg%3D%3D,WATER RESOURCE DEPARTMENT||CIRCLE I||DIVISION - I
211,9,08-Sep-2025 05:30 PM,29-Sep-2025 05:00 PM,30-Sep-2025 11:00 AM,[Improvement to the existing sluice gate and existing nallah in V.P. Nadora in Tivim Constituency.],"[Improvement to the existing sluice gate and existing nallah in V.P. Nadora in Tivim Constituency.]
																				[6-9/WDI/WRD/ASW/2025-26/e-22/2][2025_WRD_24445_1]",https://etender.up.nic.in/nicgep/app?component=%24DirectLink_0&page=FrontEndAdvancedSearchResult&service=direct&session=T&sp=SN8h7afXCAFnhKi%2F2o19R%2Fg%3D%3D,WATER RESOURCE DEPARTMENT||CIRCLE I||DIVISION - I
212,9,08-Sep-2025 04:00 PM,01-Oct-2025 01:00 PM,02-Oct-2025 10:30 AM,[ Beautification work near Damodar Temple at Housing Board at Gogol in Ward No. 24 of Margao Municipal Council.],"[ Beautification work near Damodar Temple at Housing Board at Gogol in Ward No. 24 of Margao Municipal Council.]
																				[MMC/TECH/G-116/2025-26/1703][2025_MC_24444_1]",https://etender.up.nic.in/nicgep/app?component=%24DirectLink_0&page=FrontEndAdvancedSearchResult&service=direct&session=T&sp=SD8wNu3wQaX5UPy1nybqiDg%3D%3D,MUNICIPAL COUNCILS||District South Goa||Margao Municipal Council||Technical  Section
213,9,05-Sep-2025 06:00 PM,29-Sep-2025 05:00 PM,02-Oct-2025 11:30 AM,"[Tender for the Work of arranging Power supply of 3 phases 5 wire to LTD  Bharat Sanchar Nigam Ltd. for a load of 7.3 KW 1 at Vantem Bonkiwadi, in jurisdiction of S.O. Honda, under Sub div III, Valpoi. ]","[Tender for the Work of arranging Power supply of 3 phases 5 wire to LTD  Bharat Sanchar Nigam Ltd. for a load of 7.3 KW 1 at Vantem Bonkiwadi, in jurisdiction of S.O. Honda, under Sub div III, Valpoi. ]
																				[Tender-41/Div-V (2025-26)][2025_ED_24427_1]",https://etender.up.nic.in/nicgep/app?component=%24DirectLink_0&page=FrontEndAdvancedSearchResult&service=direct&session=T&sp=SmaNPDiSwbke09X7GK5IpCw%3D%3D,"ELECTRICITY DEPARTMENT||CIRCLE - II (NORTH)||DIVISION -  V, Bicholim"
214,9,05-Sep-2025 05:00 PM,21-Oct-2025 03:00 PM,22-Oct-2025 03:30 PM,"[RE-DEVELOPMENT, OPERATION AND MAINTENANCE AND  TRANSFER OF MARGAO BUS TERMINAL IN MARGAO, GOA ON  PUBLIC PRIVATE PARTNERSHIP (PPP) MODE]","[RE-DEVELOPMENT, OPERATION AND MAINTENANCE AND  TRANSFER OF MARGAO BUS TERMINAL IN MARGAO, GOA ON  PUBLIC PRIVATE PARTNERSHIP (PPP) MODE]
																				[D.Tpt/EST/PPP Mode/3189/2024 (Vol- I)/ P. F./2369 ][2025_DOT_24416_1]",https://etender.up.nic.in/nicgep/app?component=%24DirectLink_0&page=FrontEndAdvancedSearchResult&service=direct&session=T&sp=Sh2iiOdTuDxPkCFQLZuSJlw%3D%3D,DIRECTORATE OF TRANSPORT
215,9,05-Sep-2025 05:00 PM,21-Oct-2025 03:00 PM,22-Oct-2025 03:30 PM,"[RE-DEVELOPMENT, OPERATION AND MAINTENANCE AND  TRANSFER OF MAPUSA BUS TERMINAL IN MAPUSA, GOA ON  PUBLIC PRIVATE PARTNERSHIP (PPP) MODE ]","[RE-DEVELOPMENT, OPERATION AND MAINTENANCE AND  TRANSFER OF MAPUSA BUS TERMINAL IN MAPUSA, GOA ON  PUBLIC PRIVATE PARTNERSHIP (PPP) MODE ]
																				[ D.Tpt/EST/PPP Mode/3189/2024/Vol- IV/2370][2025_DOT_24419_1]",https://etender.up.nic.in/nicgep/app?component=%24DirectLink_0&page=FrontEndAdvancedSearchResult&service=direct&session=T&sp=SKFK7A5%2Ff%2BQ7q65%2F68wMjvw%3D%3D,DIRECTORATE OF TRANSPORT
216,9,05-Sep-2025 04:30 PM,03-Oct-2025 03:00 PM,04-Oct-2025 03:00 PM,"[Design, Manufacture and Commissioning of Hydraulically operated winch operating system for ferry boat Mhadai and Dudhsagar I]","[Design, Manufacture and Commissioning of Hydraulically operated winch operating system for ferry boat Mhadai and Dudhsagar I]
																				[RND/Work/P/etender/25-26/774][2025_RND_24425_1]",https://etender.up.nic.in/nicgep/app?component=%24DirectLink_0&page=FrontEndAdvancedSearchResult&service=direct&session=T&sp=SQZ98f30SMQUdPDmPZ8Ao9g%3D%3D,River Navigation Department
217,9,04-Sep-2025 10:00 AM,07-Oct-2025 03:00 PM,10-Oct-2025 10:00 AM,[The work of enhancement  of  Edmour DTC 200 KVA to 400 KVA releasing new EV connection of Ms Malik petroleum center  for a load of 58 KW at Corlim Goa],"[The work of enhancement  of  Edmour DTC 200 KVA to 400 KVA releasing new EV connection of Ms Malik petroleum center  for a load of 58 KW at Corlim Goa]
																				[Tender-17(2025-26)][2025_ED_24405_1]",https://etender.up.nic.in/nicgep/app?component=%24DirectLink_0&page=FrontEndAdvancedSearchResult&service=direct&session=T&sp=SI3wDxaFpnBW3wEJSLWohUA%3D%3D,"ELECTRICITY DEPARTMENT||CIRCLE - II (NORTH)||DIVISION -  I, Panaji"
218,9,03-Sep-2025 10:00 AM,01-Oct-2025 03:30 PM,03-Oct-2025 04:00 PM,"[For procurement and installation of new Diesel Genset 125 KVA, shifting and  Installation of 50 KVA Genset(GHB),shifting and Installation of 20 KVA Genset(FCI) from old GHB Office to New Market Complex at Porvorim]","[For procurement and installation of new Diesel Genset 125 KVA, shifting and  Installation of 50 KVA Genset(GHB),shifting and Installation of 20 KVA Genset(FCI) from old GHB Office to New Market Complex at Porvorim]
																				[GHB/TECH/EE/1099/2025][2025_GHB_24399_1]",https://etender.up.nic.in/nicgep/app?component=%24DirectLink_0&page=FrontEndAdvancedSearchResult&service=direct&session=T&sp=SrUDb62e0ryrVlYeSmLXKlw%3D%3D,Goa Housing Board||Head Office||North Division||Technical Section
219,9,02-Sep-2025 05:00 PM,14-Oct-2025 05:00 PM,17-Oct-2025 10:30 AM,[Supply of Ayurvedic Medicines],"[Supply of Ayurvedic Medicines]
																				[105/PT/DHS/MSD/AYUR/25-26/866][2025_DHS_24401_1]",https://etender.up.nic.in/nicgep/app?component=%24DirectLink_0&page=FrontEndAdvancedSearchResult&service=direct&session=T&sp=S1dwNedSxwknLQgOLxkJYTA%3D%3D,Directorate Of Health Services||Medical Store Department Section
220,9,30-Aug-2025 11:00 AM,03-Oct-2025 04:00 PM,07-Oct-2025 11:00 AM,[Selection of Consultant for providing Consultancy and Transaction Advisory Services for Coastal Erosion Mitigation Works at critical and vulnerable locations along the Goa coastline ],"[Selection of Consultant for providing Consultancy and Transaction Advisory Services for Coastal Erosion Mitigation Works at critical and vulnerable locations along the Goa coastline ]
																				[10/25-26/ACT/WDIII/WRD/291/s1][2025_WRD_24379_1]",https://etender.up.nic.in/nicgep/app?component=%24DirectLink_0&page=FrontEndAdvancedSearchResult&service=direct&session=T&sp=SXKCNIZPV%2F3D%2BKVV0VAzRig%3D%3D,WATER RESOURCE DEPARTMENT||CIRCLE V||DIVISION - III
101,6,22-Sep-2025 01:00 PM,06-Oct-2025 03:00 PM,08-Oct-2025 10:30 AM,[Reconstruction of roadside drain from Madhu Naik house towards nallah and from Demu Naik house to Narayan Naik house at Nagzar Curti in V.P. Curti-Khandepar of Curti Constituency Re-tender],"[Reconstruction of roadside drain from Madhu Naik house towards nallah and from Demu Naik house to Narayan Naik house at Nagzar Curti in V.P. Curti-Khandepar of Curti Constituency Re-tender]
																				[3/6/SGZP/2025-26/TN-180/L22][2025_ZP_24689_1]",https://etender.up.nic.in/nicgep/app?component=%24DirectLink_0&page=FrontEndAdvancedSearchResult&service=direct&session=T&sp=SXmK5KWr5hZYWDAu1Vj4%2Feg%3D%3D,ZILLA PANCHAYATS||SOUTH GOA ZILLA PANCHAYAT||Technical Section
102,6,22-Sep-2025 12:30 PM,06-Oct-2025 03:00 PM,08-Oct-2025 10:30 AM,"[Beautification surrounding Nossa Senhora De Piedade Chapel at Godihno ward  Calata, Majorda in V.P. Majorda Utorda Calata of Colva Constituency Re-tender]","[Beautification surrounding Nossa Senhora De Piedade Chapel at Godihno ward  Calata, Majorda in V.P. Majorda Utorda Calata of Colva Constituency Re-tender]
																				[3/6/SGZP/2025-26/TN-180/L21][2025_ZP_24688_1]",https://etender.up.nic.in/nicgep/app?component=%24DirectLink_0&page=FrontEndAdvancedSearchResult&service=direct&session=T&sp=SFKJR8ZBd6gXFG037iYPeNw%3D%3D,ZILLA PANCHAYATS||SOUTH GOA ZILLA PANCHAYAT||Technical Section
103,6,20-Sep-2025 05:30 PM,30-Sep-2025 03:00 PM,01-Oct-2025 03:30 PM,"[Providing , Laying , Testing and Commississioning of Sewerage Network  including Construction of Manhole, providing House sewer connection and Reinstament of Road at Green Circle area in  Reismagos Village Panchayat of Saligao Constituency.]","[Providing , Laying , Testing and Commississioning of Sewerage Network  including Construction of Manhole, providing House sewer connection and Reinstament of Road at Green Circle area in  Reismagos Village Panchayat of Saligao Constituency.]
																				[SIDCL/Admn-7/F.No.TN-18/ 1321/25-26 Dt 18/09/2025Ln02][2025_SIDCG_24680_1]",https://etender.up.nic.in/nicgep/app?component=%24DirectLink_0&page=FrontEndAdvancedSearchResult&service=direct&session=T&sp=S%2FTXljrCeo%2FqbbMcVgjcT0A%3D%3D,SEWERAGE AND INFRASTRUCTURAL DEVELOPMENT CORPORATION OF GOA LTD||TECHNICAL
104,6,20-Sep-2025 05:30 PM,30-Sep-2025 03:00 PM,01-Oct-2025 03:30 PM,"[Rehab. of NME pipe sewers by trench. techn. using inline replace. of existing sewers of Vasco Sew. Sys. with HDPE pipe by pipe burst. method in Vasco Rail. St, Court Rd, Munc.  Rd, FL Gomes Rd, Saifulla ...Vasco Const. Retender]","[Rehab. of NME pipe sewers by trench. techn. using inline replace. of existing sewers of Vasco Sew. Sys. with HDPE pipe by pipe burst. method in Vasco Rail. St, Court Rd, Munc.  Rd, FL Gomes Rd, Saifulla ...Vasco Const. Retender]
																				[SIDCL/Admn-7/F.No.TN-18/ 1321/25-26 Dt 18/09/2025Ln03][2025_SIDCG_24681_1]",https://etender.up.nic.in/nicgep/app?component=%24DirectLink_0&page=FrontEndAdvancedSearchResult&service=direct&session=T&sp=S1xRdGcWuDv0nwXEKMMoctg%3D%3D,SEWERAGE AND INFRASTRUCTURAL DEVELOPMENT CORPORATION OF GOA LTD||TECHNICAL
105,6,20-Sep-2025 05:30 PM,30-Sep-2025 03:00 PM,01-Oct-2025 03:30 PM,[Rehab. of NME pipe sewers by trench. techn. using inline replac. of existing sewers of Vasco Sew Sys with HDPE pipe by pipe bursting method in Driver Hill Rd and Areas of Ward 16 and Surr.Ar. in Vasco Const. Retender],"[Rehab. of NME pipe sewers by trench. techn. using inline replac. of existing sewers of Vasco Sew Sys with HDPE pipe by pipe bursting method in Driver Hill Rd and Areas of Ward 16 and Surr.Ar. in Vasco Const. Retender]
																				[SIDCL/Admn-7/F.No.TN-18/ 1321/25-26 Dt 18/09/2025Ln04][2025_SIDCG_24682_1]",https://etender.up.nic.in/nicgep/app?component=%24DirectLink_0&page=FrontEndAdvancedSearchResult&service=direct&session=T&sp=SBNTpnR9DpId49D2jKKlEBw%3D%3D,SEWERAGE AND INFRASTRUCTURAL DEVELOPMENT CORPORATION OF GOA LTD||TECHNICAL
106,6,20-Sep-2025 09:00 AM,13-Oct-2025 05:00 PM,14-Oct-2025 11:00 AM,[RFP for Selection of Service Provider for Solid Waste Management in Tuem Industrial Estate Cluster under Goa-IDC],"[RFP for Selection of Service Provider for Solid Waste Management in Tuem Industrial Estate Cluster under Goa-IDC]
																				[GIDC/25-26/06 dtd 19/09/2025][2025_GIDCo_24676_1]",https://etender.up.nic.in/nicgep/app?component=%24DirectLink_0&page=FrontEndAdvancedSearchResult&service=direct&session=T&sp=ScGlIsjwPw4AuAEQ5PtUp6g%3D%3D,Goa Industrial Development Corporation||Engineering Section
107,6,20-Sep-2025 09:00 AM,14-Oct-2025 03:30 PM,15-Oct-2025 03:30 PM,[Appointment of Consultant for Providing Transaction Advisory Services for Development of Residential Complex in Sector H/B1 Survey/Sub-Division No 34 Porvorim Penha-de-Franca Bardez Goa],"[Appointment of Consultant for Providing Transaction Advisory Services for Development of Residential Complex in Sector H/B1 Survey/Sub-Division No 34 Porvorim Penha-de-Franca Bardez Goa]
																				[GHB/ADM/1235/2025][2025_GHB_24673_1]",https://etender.up.nic.in/nicgep/app?component=%24DirectLink_0&page=FrontEndAdvancedSearchResult&service=direct&session=T&sp=SggNLa02q4ge8bOiFprbGbg%3D%3D,Goa Housing Board||Head Office||North Division||Technical Section
108,6,19-Sep-2025 06:00 PM,06-Oct-2025 03:00 PM,08-Oct-2025 10:30 AM,[Re-Construction of drainage from Mildredo Cajetan Fernandes house to field at Mingfoll in V.P. Chinchinim of Velim Constituency],"[Re-Construction of drainage from Mildredo Cajetan Fernandes house to field at Mingfoll in V.P. Chinchinim of Velim Constituency]
																				[3/6/SGZP/2025-26/TN-180/L2][2025_ZP_24639_1]",https://etender.up.nic.in/nicgep/app?component=%24DirectLink_0&page=FrontEndAdvancedSearchResult&service=direct&session=T&sp=S9LEiPIwu8oP2J22GnNkLjA%3D%3D,ZILLA PANCHAYATS||SOUTH GOA ZILLA PANCHAYAT||Technical Section
109,6,19-Sep-2025 06:00 PM,06-Oct-2025 03:00 PM,08-Oct-2025 10:30 AM,[Construction of toilet block with Septic tank and soak pit at Carxeta in V.P. Velim of Velim Constituency],"[Construction of toilet block with Septic tank and soak pit at Carxeta in V.P. Velim of Velim Constituency]
																				[3/6/SGZP/2025-26/TN-180/L1][2025_ZP_24637_1]",https://etender.up.nic.in/nicgep/app?component=%24DirectLink_0&page=FrontEndAdvancedSearchResult&service=direct&session=T&sp=S%2F4MO3VN7WEWufLh7nE3XTQ%3D%3D,ZILLA PANCHAYATS||SOUTH GOA ZILLA PANCHAYAT||Technical Section
110,6,19-Sep-2025 06:00 PM,06-Oct-2025 03:00 PM,08-Oct-2025 10:30 AM,[Beautification surrounding Holy Cross chapel at Sambatty in V.P. Orlim of Benaulim Constituency],"[Beautification surrounding Holy Cross chapel at Sambatty in V.P. Orlim of Benaulim Constituency]
																				[3/6/SGZP/2025-26/TN-180/L15][2025_ZP_24659_1]",https://etender.up.nic.in/nicgep/app?component=%24DirectLink_0&page=FrontEndAdvancedSearchResult&service=direct&session=T&sp=SMFM3TiKo8D8kFigDW%2BlKWA%3D%3D,ZILLA PANCHAYATS||SOUTH GOA ZILLA PANCHAYAT||Technical Section
111,6,19-Sep-2025 06:00 PM,03-Oct-2025 05:30 PM,04-Oct-2025 10:00 AM,"[Appointment of Vendor for the work of availing Artistic services for Ideation/ Conceptualization,Creation, Designing, Fabrication, Supply Erection/Installation for full decor, street decor and other allied activities on rental basis for 56thIFFI 2025]","[Appointment of Vendor for the work of availing Artistic services for Ideation/ Conceptualization,Creation, Designing, Fabrication, Supply Erection/Installation for full decor, street decor and other allied activities on rental basis for 56thIFFI 2025]
																				[ESG/Events/25-26/56thIFFI 2026/Decor/12509][2025_ESG_24667_1]",https://etender.up.nic.in/nicgep/app?component=%24DirectLink_0&page=FrontEndAdvancedSearchResult&service=direct&session=T&sp=SJcyIHfaeI5Sdan%2FkFzVMvg%3D%3D,ENTERTAINMENT SOCIETY OF GOA||EVENTS
112,6,19-Sep-2025 06:00 PM,03-Oct-2025 02:00 PM,04-Oct-2025 11:00 AM,"[Supply, Installation, testing and commissioning of Bag Scanners on rental  basis for the 56th IFFI 2025]","[Supply, Installation, testing and commissioning of Bag Scanners on rental  basis for the 56th IFFI 2025]
																				[ESG/25-26/Tech/IFFI/BS/12509][2025_ESG_24669_1]",https://etender.up.nic.in/nicgep/app?component=%24DirectLink_0&page=FrontEndAdvancedSearchResult&service=direct&session=T&sp=Shtr6FIkF0Xu5xjBp9vOABA%3D%3D,ENTERTAINMENT SOCIETY OF GOA||TECHNICAL
113,6,19-Sep-2025 06:00 PM,03-Oct-2025 02:00 PM,04-Oct-2025 10:00 AM,"[Appointment of Agency for the work of Installation, Testing and Commissioning of Digital Cinema Projectors and digital cinema sound processor on hire basis at Festival Venues and Hire of Projectionists for 56thIFFI 2025.]","[Appointment of Agency for the work of Installation, Testing and Commissioning of Digital Cinema Projectors and digital cinema sound processor on hire basis at Festival Venues and Hire of Projectionists for 56thIFFI 2025.]
																				[ESG/25-26/Tech/IFFI/Pro/12509][2025_ESG_24678_1]",https://etender.up.nic.in/nicgep/app?component=%24DirectLink_0&page=FrontEndAdvancedSearchResult&service=direct&session=T&sp=Sxin1oRWq%2FgjQKjND%2Fqy1Ng%3D%3D,ENTERTAINMENT SOCIETY OF GOA||TECHNICAL
114,6,19-Sep-2025 06:00 PM,03-Oct-2025 02:00 PM,04-Oct-2025 10:00 AM,[Appointment of Agency for the work of Supply and  Erection of infrastructure on hire basis for proposed Open Air Screening at various venues for 56th IFFI 2025],"[Appointment of Agency for the work of Supply and  Erection of infrastructure on hire basis for proposed Open Air Screening at various venues for 56th IFFI 2025]
																				[ESG/25-26/Tech/IFFI/OAS/12509.][2025_ESG_24677_1]",https://etender.up.nic.in/nicgep/app?component=%24DirectLink_0&page=FrontEndAdvancedSearchResult&service=direct&session=T&sp=S48oQVQldTmPsrAFpttLFGA%3D%3D,ENTERTAINMENT SOCIETY OF GOA||TECHNICAL
115,6,19-Sep-2025 06:00 PM,03-Oct-2025 05:30 PM,04-Oct-2025 03:00 PM,"[Supply of printing works for the 56th International Film Festival of India,2025]","[Supply of printing works for the 56th International Film Festival of India,2025]
																				[ESG/56thIFFI/Printing/12509][2025_ESG_24674_1]",https://etender.up.nic.in/nicgep/app?component=%24DirectLink_0&page=FrontEndAdvancedSearchResult&service=direct&session=T&sp=SqqOioiDXxe%2FUeIViI4lTnQ%3D%3D,ENTERTAINMENT SOCIETY OF GOA||EVENTS
116,6,19-Sep-2025 06:00 PM,06-Oct-2025 03:00 PM,08-Oct-2025 10:30 AM,[Construction of drain from Laxson house to St. Joseph Chapel at Talebandh in ward no. 5 in V.P. Dramapur -Sirlim of Navelim Constituency],"[Construction of drain from Laxson house to St. Joseph Chapel at Talebandh in ward no. 5 in V.P. Dramapur -Sirlim of Navelim Constituency]
																				[3/6/SGZP/2025-26/TN-180/L17][2025_ZP_24661_1]",https://etender.up.nic.in/nicgep/app?component=%24DirectLink_0&page=FrontEndAdvancedSearchResult&service=direct&session=T&sp=SMVNOo9CSmvlBWv7EiLx82g%3D%3D,ZILLA PANCHAYATS||SOUTH GOA ZILLA PANCHAYAT||Technical Section
117,6,19-Sep-2025 06:00 PM,06-Oct-2025 03:00 PM,08-Oct-2025 10:30 AM,[Construction of walking track and Supplying  Installation of Childrens Play Equipment at Baida in V.P. Chinchinim-Deussua of Velim Constituency],"[Construction of walking track and Supplying  Installation of Childrens Play Equipment at Baida in V.P. Chinchinim-Deussua of Velim Constituency]
																				[3/6/SGZP/2025-26/TN-180/L16][2025_ZP_24660_1]",https://etender.up.nic.in/nicgep/app?component=%24DirectLink_0&page=FrontEndAdvancedSearchResult&service=direct&session=T&sp=SJzcsXCoQTt7KA6sMXOHNGw%3D%3D,ZILLA PANCHAYATS||SOUTH GOA ZILLA PANCHAYAT||Technical Section
118,6,19-Sep-2025 06:00 PM,03-Oct-2025 05:30 PM,04-Oct-2025 03:00 PM,"[ Appointment of Vendor for the Work of Designing and Supply of Tote Bags, Merchandise, Mementos,Lanyard and Souvenirs for the 56th International Film Festival of India, 2025]","[ Appointment of Vendor for the Work of Designing and Supply of Tote Bags, Merchandise, Mementos,Lanyard and Souvenirs for the 56th International Film Festival of India, 2025]
																				[ESG/56thIFFI/Merchandise/12509][2025_ESG_24671_1]",https://etender.up.nic.in/nicgep/app?component=%24DirectLink_0&page=FrontEndAdvancedSearchResult&service=direct&session=T&sp=SAhovrQYt6VAZZGx2jldQZQ%3D%3D,ENTERTAINMENT SOCIETY OF GOA||EVENTS
119,6,19-Sep-2025 06:00 PM,03-Oct-2025 05:00 PM,06-Oct-2025 11:30 AM,"[Work of Supply, installation, calibration, testing and commissioning of Online moisture and 9 gases Dissolved Gas Analyser DGA with ADD ON features facility monitoring and diagnostic system for 110,33KV, 40MVA Power Transformer I and II at 220KV SS]","[Work of Supply, installation, calibration, testing and commissioning of Online moisture and 9 gases Dissolved Gas Analyser DGA with ADD ON features facility monitoring and diagnostic system for 110,33KV, 40MVA Power Transformer I and II at 220KV SS]
																				[Tender-04/2025-26][2025_ED_24631_1]",https://etender.up.nic.in/nicgep/app?component=%24DirectLink_0&page=FrontEndAdvancedSearchResult&service=direct&session=T&sp=SDdyDXvIY655xhMSD%2FZfRTQ%3D%3D,"ELECTRICITY DEPARTMENT||CIRCLE - II (NORTH)||DIVISION -  III, Ponda"
120,6,19-Sep-2025 06:00 PM,06-Oct-2025 03:00 PM,08-Oct-2025 10:30 AM,[Re-Construction of Protection wall for existing pathway from Nagazar Devasthan to Sundari Gaude house at Nagazarwada in ward no.3 in V.P. Bhoma Adcolna in Betqui Candola Constituency],"[Re-Construction of Protection wall for existing pathway from Nagazar Devasthan to Sundari Gaude house at Nagazarwada in ward no.3 in V.P. Bhoma Adcolna in Betqui Candola Constituency]
																				[3/6/SGZP/2025-26/TN-180/L10][2025_ZP_24652_1]",https://etender.up.nic.in/nicgep/app?component=%24DirectLink_0&page=FrontEndAdvancedSearchResult&service=direct&session=T&sp=SUfrqq446Cebvi3DUtBME7Q%3D%3D,ZILLA PANCHAYATS||SOUTH GOA ZILLA PANCHAYAT||Technical Section
