Serial Number,Tender ID,Page Number,Title,E-Published Date,Organisation,Closing Date,Link
1,2025_RDPR_289946_3,1,"[Construction of Community Hall near Shiv Mandir Jakhenoo, Pyt. Palnoo, Block Khoon Dist Udhampur under CD Pyt during the year 2025-26.]",27-Sep-2025 06:00 PM,Rural Development and Panchayati Raj||Directorate of Rural Development  Department JAMMU||Superintending Engineer REW Jammu||XEN REW UDHAMPUR,06-Oct-2025 06:00 PM,https://jktenders.gov.in/nicgep/app?component=%24DirectLink&page=FrontEndLatestActiveCorrigendums&service=direct&session=T&sp=SqkZZnZ%2FRFxXC7tworgrnIw%3D%3D
2,2025_RDPR_289946_2,1,"[CONST OF T-ROAD from Ladha Sankri to Spore, Pyt - Kither,  Block- Narsoo under SCA to TSS for the year 2025-26.                    ]",27-Sep-2025 06:00 PM,Rural Development and Panchayati Raj||Directorate of Rural Development  Department JAMMU||Superintending Engineer REW Jammu||XEN REW UDHAMPUR,06-Oct-2025 06:00 PM,https://jktenders.gov.in/nicgep/app?component=%24DirectLink&page=FrontEndLatestActiveCorrigendums&service=direct&session=T&sp=S4tafMvPxFyYjtDV5lqqw5A%3D%3D
3,2025_RDPR_289946_1,1,"[CONST OF Bathroom and Toilet , Tile work near Community Hall Ward No 9 Chabel Mohalla, Pyt - Chirdi,  Block- Narsoo under SCA to TSS for the year 2025-26.                                                     CONST OF Bathroom and Toilet , Tile work ne]",27-Sep-2025 06:00 PM,Rural Development and Panchayati Raj||Directorate of Rural Development  Department JAMMU||Superintending Engineer REW Jammu||XEN REW UDHAMPUR,06-Oct-2025 06:00 PM,https://jktenders.gov.in/nicgep/app?component=%24DirectLink&page=FrontEndLatestActiveCorrigendums&service=direct&session=T&sp=SzUyp%2BVAvt1xMGZQNKqS1Uw%3D%3D
4,2025_HAUDD_290040_1,1,[furnishing of DHP flats at Bhalwal Jammu],27-Sep-2025 05:55 PM,HAUDD||JKHousing Board||Housing Board Jammu,03-Oct-2025 04:00 PM,https://jktenders.gov.in/nicgep/app?component=%24DirectLink&page=FrontEndLatestActiveCorrigendums&service=direct&session=T&sp=SyLGf%2BGVknKrM6ThMXlZAyw%3D%3D
5,2025_FD_289976_1,1,"[Plantation of NR Non fruit bearing plants including BUC in CO 47/Bnl  (JTCCR)  of Wildlife Range Ramban-Batote Chenab Division, Kishtwar.]",27-Sep-2025 03:00 PM,FOREST DEPARTMENT||Deptt of Wildlife Protection/ Chief Wildlife Warden||CF (WL)/ Regional Wildlife Warden JAMMU||Wildlife Warden Chenab-Kishtwar,06-Oct-2025 04:00 PM,https://jktenders.gov.in/nicgep/app?component=%24DirectLink&page=FrontEndLatestActiveCorrigendums&service=direct&session=T&sp=SVc9sHqA9RS%2B8qd7o4kY23g%3D%3D
6,2025_PWDJK_289926_1,1,[Installation Testing and commissioning of LED Digital Screens at Airport and Railway Station Jammu. (2nd call)],27-Sep-2025 11:15 AM,PWD||CE PWD Jammu||Jammu Kathua Circle||PW R and B Electric Div Jammu,06-Oct-2025 04:00 PM,https://jktenders.gov.in/nicgep/app?component=%24DirectLink&page=FrontEndLatestActiveCorrigendums&service=direct&session=T&sp=SVeZNKNk3DTGRTSuH28PDrw%3D%3D
7,2025_HAUDD_289915_1,1,[Material required for PMAY  section 3rd floor MD office Complex Green belt Park Gandhi Nagar Jammu],27-Sep-2025 10:20 AM,HAUDD||JKHousing Board||Housing Board Jammu,03-Oct-2025 04:00 PM,https://jktenders.gov.in/nicgep/app?component=%24DirectLink&page=FrontEndLatestActiveCorrigendums&service=direct&session=T&sp=Sw5OJuKExcciZdoIpe%2FgcRQ%3D%3D
8,2025_RDPR_289780_2,1,[Electrification of BDC office Boniyar Under BDC grants Halqa and Block Boniyar],26-Sep-2025 06:00 PM,Rural Development and Panchayati Raj||RURAL DEVELOPMENT DEPARTMENT KASHMIR||Superintending Engineer REW Kashmir||XEN REW Baramulla,07-Oct-2025 06:00 PM,https://jktenders.gov.in/nicgep/app?component=%24DirectLink&page=FrontEndLatestActiveCorrigendums&service=direct&session=T&sp=SpspbGDeSXuwgNfDEJb2bEw%3D%3D
9,2025_PWDJK_289848_1,1,[Construction of road from PMGSY Road at Chawatta to  HS Chawatta  Dodasan Bala],26-Sep-2025 04:00 PM,PWD||CE RandB Pir Panjal||SE RandB Rajouri||EE RandB Thanamandi,03-Oct-2025 04:00 PM,https://jktenders.gov.in/nicgep/app?component=%24DirectLink&page=FrontEndLatestActiveCorrigendums&service=direct&session=T&sp=SpXW2vS5B8wdI2gf2geW0%2FQ%3D%3D
10,2025_PHE_289743_1,1,"[Providing, Installation, testing and commissioning of 5000 GPH x 150m head Submersible pump set and the allied works at Tube-Well Khrote Baba Kellu in Kathua.]",25-Sep-2025 06:55 PM,PHE||CE PHE Jammu||Mech Rural Circle Jammu||Mech Division Kathua,03-Oct-2025 04:00 PM,https://jktenders.gov.in/nicgep/app?component=%24DirectLink&page=FrontEndLatestActiveCorrigendums&service=direct&session=T&sp=Sgosc%2FWFsRwlLzT%2BFdX6p1w%3D%3D
11,2025_APD_289570_2,1,[Construction of DEEP Bore Well at FPN Haripora],25-Sep-2025 06:50 PM,AGRICULTURE PRODUCTION DEPARTMENT||Agriculture Department Jammu and Kashmir||Directorate Agriculture Kashmir||Asstt Soil Conservation Officer Pulwama/Shopian,03-Oct-2025 04:00 PM,https://jktenders.gov.in/nicgep/app?component=%24DirectLink&page=FrontEndLatestActiveCorrigendums&service=direct&session=T&sp=ScKYCgRXLh0YXB3l%2Fk5%2FbUg%3D%3D
12,2025_RDPR_289705_4,1,[C/O ADDITIONAL ACCOMMODATION AND LEVELLING OF PREMISES OF HEALTH SUB-CENTRE PANCHALTHAN BLOCK CHITTERGUL],25-Sep-2025 06:00 PM,Rural Development and Panchayati Raj||RURAL DEVELOPMENT DEPARTMENT KASHMIR||Superintending Engineer REW Kashmir||XEN REW Anantnag,06-Oct-2025 06:00 PM,https://jktenders.gov.in/nicgep/app?component=%24DirectLink&page=FrontEndLatestActiveCorrigendums&service=direct&session=T&sp=SYSF6QJAWZD0birTf%2FJxbww%3D%3D
13,2025_PWDJK_289628_2,1,[Macadamization of  Road Baldar-Hospital Road        ],25-Sep-2025 04:00 PM,PWD||Chief Engineer South Kashmir||Kulgam Circle||D.H Pora Division,04-Oct-2025 02:00 PM,https://jktenders.gov.in/nicgep/app?component=%24DirectLink&page=FrontEndLatestActiveCorrigendums&service=direct&session=T&sp=SLVh%2BgR2yUcGMobLHze%2B6IA%3D%3D
14,2025_PWDJK_289628_1,1,[Macadamization of Road Avil Gujjar Basti Road 1km (RD 500-1500 Mtr.)            ],25-Sep-2025 04:00 PM,PWD||Chief Engineer South Kashmir||Kulgam Circle||D.H Pora Division,04-Oct-2025 02:00 PM,https://jktenders.gov.in/nicgep/app?component=%24DirectLink&page=FrontEndLatestActiveCorrigendums&service=direct&session=T&sp=SlS%2FdiiZG3SyF3rXK3fhmuA%3D%3D
15,2025_PWDJK_289628_3,1,[Macadamization of  Road Bathipora school link        ],25-Sep-2025 04:00 PM,PWD||Chief Engineer South Kashmir||Kulgam Circle||D.H Pora Division,04-Oct-2025 02:00 PM,https://jktenders.gov.in/nicgep/app?component=%24DirectLink&page=FrontEndLatestActiveCorrigendums&service=direct&session=T&sp=SUt8pNFAWLu2mFTea2qVYtQ%3D%3D
16,2025_HAUDD_289655_1,1,[Hiring of Four Wheeled Auto Load Carrier with loading capacity of 2 cubic meter and 3 cubic meter for door to door collection  transportation and disposal of municipal waste  garbage],25-Sep-2025 03:00 PM,HAUDD||Jammu Municipal Corporation,15-Oct-2025 02:00 PM,https://jktenders.gov.in/nicgep/app?component=%24DirectLink&page=FrontEndLatestActiveCorrigendums&service=direct&session=T&sp=SuH2ez63hlkAFNNjloiljcQ%3D%3D
17,2025_FD_289531_1,1,[Raising of Poplar Cuttings in Awantipora Nursery],25-Sep-2025 10:00 AM,FOREST DEPARTMENT||Chief Conservator Forest(CCF) Kashmir,02-Oct-2025 06:00 PM,https://jktenders.gov.in/nicgep/app?component=%24DirectLink&page=FrontEndLatestActiveCorrigendums&service=direct&session=T&sp=Sd7W4b4gYm6PtwMjD3MZ8jw%3D%3D
18,2025_SPDC_289574_1,1,"[Repair /renovation of Field hostels and Ist Aid Centre, upgradation of drainage system, sewage disposal system and other allied works BHEP chanderkote.]",25-Sep-2025 09:00 AM,"JKSPDC||CE (Baglihar, Civil)",15-Oct-2025 01:00 PM,https://jktenders.gov.in/nicgep/app?component=%24DirectLink&page=FrontEndLatestActiveCorrigendums&service=direct&session=T&sp=SUSRP0EHkEYaD7qQGoUVYxQ%3D%3D
19,2025_SPDC_289577_1,1,[Repair and renovation of office blocks for chief Engineer electrical and Residential quarters of officers/officials in siemens colony BHEP.],25-Sep-2025 09:00 AM,"JKSPDC||CE (Baglihar, Civil)",15-Oct-2025 01:00 PM,https://jktenders.gov.in/nicgep/app?component=%24DirectLink&page=FrontEndLatestActiveCorrigendums&service=direct&session=T&sp=SrCaWyrabivCs%2FSfBQekngg%3D%3D
20,2025_PDD_289565_1,1,"[KED/27 of 2025-26 Dated 24.09.2025 for Creation of 25 KVA S-Stns a/w HT/LT Line at Ramkera Bhikher, Janu, Dodla Block Bhoond and Lower Preya (Plakh) and new 11KV feeder at MC Basholi, LT extension in various places in Basholi Constituency]",24-Sep-2025 06:30 PM,DC-PDD||CE-M and RE Wing Jammu||Kathua||ED-Kathua,16-Oct-2025 02:00 PM,https://jktenders.gov.in/nicgep/app?component=%24DirectLink&page=FrontEndLatestActiveCorrigendums&service=direct&session=T&sp=SIqMc6dnLDGn%2BOB%2BUVf36kQ%3D%3D
21,2025_PWDJK_289461_6,2,[Temporary Restoration of damaged approach wall of culvert at Wuyan Imamsahib Road.],24-Sep-2025 06:00 PM,PWD||Chief Engineer South Kashmir||Pulwama-Shopian Circle||Zainpora Division,06-Oct-2025 06:00 PM,https://jktenders.gov.in/nicgep/app?component=%24DirectLink&page=FrontEndLatestActiveCorrigendums&service=direct&session=T&sp=STD60NuepxkUFl3Kk7PtPyQ%3D%3D
22,2025_HME_282172_21,2,[Digital Flat Panel Fluro-Radiography (DRF) System (1000mA) with turnkey],24-Sep-2025 01:40 PM,Health and Medical Education||JK MEDICAL SUPPLIES CORP LTD,29-Sep-2025 04:00 PM,https://jktenders.gov.in/nicgep/app?component=%24DirectLink&page=FrontEndLatestActiveCorrigendums&service=direct&session=T&sp=Sfc1tIJxjvrbFwwv%2Byslbeg%3D%3D
23,2025_PWDJK_289446_1,2,[Engagement of commercial vehicle for office use of the Executive Engineer PWD (RnB) Division Pahalgam],24-Sep-2025 12:00 PM,PWD||Chief Engineer South Kashmir||Anantnag Circle||Pahalgam Division,29-Sep-2025 04:00 PM,https://jktenders.gov.in/nicgep/app?component=%24DirectLink&page=FrontEndLatestActiveCorrigendums&service=direct&session=T&sp=S%2Buzvr1NEXrgPI02p4jQn3g%3D%3D
24,2025_RDPR_289234_48,2,[C/O GIRLS TOILET AT MS KHURIPORA NAGAM DH PORA],22-Sep-2025 06:00 PM,Rural Development and Panchayati Raj||RURAL DEVELOPMENT DEPARTMENT KASHMIR||Superintending Engineer REW Kashmir||XEN REW Kulgam,02-Oct-2025 06:00 PM,https://jktenders.gov.in/nicgep/app?component=%24DirectLink&page=FrontEndLatestActiveCorrigendums&service=direct&session=T&sp=SXkByD6ByJAqkj1dhqZOTag%3D%3D
25,2025_RDPR_289234_43,2,[CONSTRUCTION OF PROTECTION WORKS FOR SECURITY PURPOSES AT MANZGAM ASTAHNPAN],22-Sep-2025 06:00 PM,Rural Development and Panchayati Raj||RURAL DEVELOPMENT DEPARTMENT KASHMIR||Superintending Engineer REW Kashmir||XEN REW Kulgam,02-Oct-2025 06:00 PM,https://jktenders.gov.in/nicgep/app?component=%24DirectLink&page=FrontEndLatestActiveCorrigendums&service=direct&session=T&sp=S1Pii6v59snOXGFMHwugtuw%3D%3D
26,2025_RDPR_289234_5,2,[FENCING G YARD AT NOONMIE ],22-Sep-2025 06:00 PM,Rural Development and Panchayati Raj||RURAL DEVELOPMENT DEPARTMENT KASHMIR||Superintending Engineer REW Kashmir||XEN REW Kulgam,02-Oct-2025 06:00 PM,https://jktenders.gov.in/nicgep/app?component=%24DirectLink&page=FrontEndLatestActiveCorrigendums&service=direct&session=T&sp=Sx4t7QJ0l5QOuA3LK1IWcxA%3D%3D
27,2025_RDPR_289234_33,2,[DEVELOPMENT OF MINI STADIUM AT SOPER KULGAM],22-Sep-2025 06:00 PM,Rural Development and Panchayati Raj||RURAL DEVELOPMENT DEPARTMENT KASHMIR||Superintending Engineer REW Kashmir||XEN REW Kulgam,02-Oct-2025 06:00 PM,https://jktenders.gov.in/nicgep/app?component=%24DirectLink&page=FrontEndLatestActiveCorrigendums&service=direct&session=T&sp=SBbgpoqkRC0mHV4KGa4ZWow%3D%3D
28,2025_RDPR_289234_19,2,[CONSTRUCTION OF TILE LANE FROM BRIDGE TO H/O SARTAJ BHAT],22-Sep-2025 06:00 PM,Rural Development and Panchayati Raj||RURAL DEVELOPMENT DEPARTMENT KASHMIR||Superintending Engineer REW Kashmir||XEN REW Kulgam,02-Oct-2025 06:00 PM,https://jktenders.gov.in/nicgep/app?component=%24DirectLink&page=FrontEndLatestActiveCorrigendums&service=direct&session=T&sp=S3%2BcEVDx6YXHVs802NMtYYw%3D%3D
29,2025_RDPR_289234_24,2,"[CONSTRUCTION OF TILE LANE BASHIR GANIE, AHMED GANIE JAMIA MASJID ONWARDS]",22-Sep-2025 06:00 PM,Rural Development and Panchayati Raj||RURAL DEVELOPMENT DEPARTMENT KASHMIR||Superintending Engineer REW Kashmir||XEN REW Kulgam,02-Oct-2025 06:00 PM,https://jktenders.gov.in/nicgep/app?component=%24DirectLink&page=FrontEndLatestActiveCorrigendums&service=direct&session=T&sp=SdtWWMKSsapmMw2wabDwVBQ%3D%3D
30,2025_SPDC_289372_1,2,[Providing consultancy assisting the JKSPDCL ],22-Sep-2025 06:00 PM,JKSPDC,04-Oct-2025 12:00 PM,https://jktenders.gov.in/nicgep/app?component=%24DirectLink&page=FrontEndLatestActiveCorrigendums&service=direct&session=T&sp=SLqHTRjY7xhpFwvnVHq1hQA%3D%3D
31,2025_RDPR_289234_33,3,[DEVELOPMENT OF MINI STADIUM AT SOPER KULGAM],22-Sep-2025 06:00 PM,Rural Development and Panchayati Raj||RURAL DEVELOPMENT DEPARTMENT KASHMIR||Superintending Engineer REW Kashmir||XEN REW Kulgam,02-Oct-2025 06:00 PM,https://jktenders.gov.in/nicgep/app?component=%24DirectLink&page=FrontEndLatestActiveCorrigendums&service=direct&session=T&sp=SBbgpoqkRC0mHV4KGa4ZWow%3D%3D
32,2025_RDPR_289234_1,3,[CONSTRUCTION OF IR. PIPE LINES AT BATAPETH BEHIBAGH],22-Sep-2025 06:00 PM,Rural Development and Panchayati Raj||RURAL DEVELOPMENT DEPARTMENT KASHMIR||Superintending Engineer REW Kashmir||XEN REW Kulgam,02-Oct-2025 06:00 PM,https://jktenders.gov.in/nicgep/app?component=%24DirectLink&page=FrontEndLatestActiveCorrigendums&service=direct&session=T&sp=S3HLLRfaHvm9Cnyjqyo8IqA%3D%3D
33,2025_RDPR_289234_16,3,[CONSTRUCTION OF LANE FROM SHOP TO H/O AHSAN DAR WARD 1],22-Sep-2025 06:00 PM,Rural Development and Panchayati Raj||RURAL DEVELOPMENT DEPARTMENT KASHMIR||Superintending Engineer REW Kashmir||XEN REW Kulgam,02-Oct-2025 06:00 PM,https://jktenders.gov.in/nicgep/app?component=%24DirectLink&page=FrontEndLatestActiveCorrigendums&service=direct&session=T&sp=SfFCzH60BBLs%2BKbdMqRgLWQ%3D%3D
34,2025_RDPR_289234_15,3,[CONSTRUCTION OF FENCING WITH R WALL ARROUND GRAVE YARD GUND],22-Sep-2025 06:00 PM,Rural Development and Panchayati Raj||RURAL DEVELOPMENT DEPARTMENT KASHMIR||Superintending Engineer REW Kashmir||XEN REW Kulgam,02-Oct-2025 06:00 PM,https://jktenders.gov.in/nicgep/app?component=%24DirectLink&page=FrontEndLatestActiveCorrigendums&service=direct&session=T&sp=SzoigBodWiV0ZRMGDQ3uDNg%3D%3D
35,2025_RDPR_289234_24,3,"[CONSTRUCTION OF TILE LANE BASHIR GANIE, AHMED GANIE JAMIA MASJID ONWARDS]",22-Sep-2025 06:00 PM,Rural Development and Panchayati Raj||RURAL DEVELOPMENT DEPARTMENT KASHMIR||Superintending Engineer REW Kashmir||XEN REW Kulgam,02-Oct-2025 06:00 PM,https://jktenders.gov.in/nicgep/app?component=%24DirectLink&page=FrontEndLatestActiveCorrigendums&service=direct&session=T&sp=SdtWWMKSsapmMw2wabDwVBQ%3D%3D
36,2025_RDPR_289234_28,3,[CONSTRUCTION OF R WALL NLO BILAL RATHER AND QAISER RATHER (BAGH RELL) AT BANGHAL SOPAT],22-Sep-2025 06:00 PM,Rural Development and Panchayati Raj||RURAL DEVELOPMENT DEPARTMENT KASHMIR||Superintending Engineer REW Kashmir||XEN REW Kulgam,02-Oct-2025 06:00 PM,https://jktenders.gov.in/nicgep/app?component=%24DirectLink&page=FrontEndLatestActiveCorrigendums&service=direct&session=T&sp=SRYAOCmQJHP8vl7jSC6%2FMTw%3D%3D
37,2025_RDPR_289234_47,3,"[C/O 3 SEATED GIRLS TOILET AT GMS, CHACHIMULLAH]",22-Sep-2025 06:00 PM,Rural Development and Panchayati Raj||RURAL DEVELOPMENT DEPARTMENT KASHMIR||Superintending Engineer REW Kashmir||XEN REW Kulgam,02-Oct-2025 06:00 PM,https://jktenders.gov.in/nicgep/app?component=%24DirectLink&page=FrontEndLatestActiveCorrigendums&service=direct&session=T&sp=Szm%2FXXD%2FAC2XpRN8%2FBUk%2F%2Bg%3D%3D
38,2025_RDPR_289234_48,3,[C/O GIRLS TOILET AT MS KHURIPORA NAGAM DH PORA],22-Sep-2025 06:00 PM,Rural Development and Panchayati Raj||RURAL DEVELOPMENT DEPARTMENT KASHMIR||Superintending Engineer REW Kashmir||XEN REW Kulgam,02-Oct-2025 06:00 PM,https://jktenders.gov.in/nicgep/app?component=%24DirectLink&page=FrontEndLatestActiveCorrigendums&service=direct&session=T&sp=SXkByD6ByJAqkj1dhqZOTag%3D%3D
39,2025_RDPR_289234_31,3,[RENOVATION/REPAIREMENT OF PANCHAYAT GHAR ASHTHAL],22-Sep-2025 06:00 PM,Rural Development and Panchayati Raj||RURAL DEVELOPMENT DEPARTMENT KASHMIR||Superintending Engineer REW Kashmir||XEN REW Kulgam,02-Oct-2025 06:00 PM,https://jktenders.gov.in/nicgep/app?component=%24DirectLink&page=FrontEndLatestActiveCorrigendums&service=direct&session=T&sp=SFfqaRLoZETECCcSCM3ER0A%3D%3D
40,2025_RDPR_289234_2,3,[CONSTRUCTION OF X-ING ON HANJAN BEHBAGH ROAD AT BEHIBAGH],22-Sep-2025 06:00 PM,Rural Development and Panchayati Raj||RURAL DEVELOPMENT DEPARTMENT KASHMIR||Superintending Engineer REW Kashmir||XEN REW Kulgam,02-Oct-2025 06:00 PM,https://jktenders.gov.in/nicgep/app?component=%24DirectLink&page=FrontEndLatestActiveCorrigendums&service=direct&session=T&sp=SnZKbzGGhlLxSLquYe%2FCwGQ%3D%3D
41,2025_RDPR_289234_21,4,[CONSTRUCTION OF HEAD WORK NLO AB MAJEED MALIK ON NALLAH MALWANI AT PAHWAN],22-Sep-2025 06:00 PM,Rural Development and Panchayati Raj||RURAL DEVELOPMENT DEPARTMENT KASHMIR||Superintending Engineer REW Kashmir||XEN REW Kulgam,02-Oct-2025 06:00 PM,https://jktenders.gov.in/nicgep/app?component=%24DirectLink&page=FrontEndLatestActiveCorrigendums&service=direct&session=T&sp=SJowhvRTpOGIHOejybEIE4Q%3D%3D
42,2025_RDPR_289234_31,4,[RENOVATION/REPAIREMENT OF PANCHAYAT GHAR ASHTHAL],22-Sep-2025 06:00 PM,Rural Development and Panchayati Raj||RURAL DEVELOPMENT DEPARTMENT KASHMIR||Superintending Engineer REW Kashmir||XEN REW Kulgam,02-Oct-2025 06:00 PM,https://jktenders.gov.in/nicgep/app?component=%24DirectLink&page=FrontEndLatestActiveCorrigendums&service=direct&session=T&sp=SFfqaRLoZETECCcSCM3ER0A%3D%3D
43,2025_RDPR_289234_35,4,[CONSTRUCTION OF TILE LANE MAIN ROAD TO HOUSE OF KHURSHEED AHMAD ARIGUTNOO],22-Sep-2025 06:00 PM,Rural Development and Panchayati Raj||RURAL DEVELOPMENT DEPARTMENT KASHMIR||Superintending Engineer REW Kashmir||XEN REW Kulgam,02-Oct-2025 06:00 PM,https://jktenders.gov.in/nicgep/app?component=%24DirectLink&page=FrontEndLatestActiveCorrigendums&service=direct&session=T&sp=SbNzJ9okyBw%2B%2BiSghIxW26w%3D%3D
44,2025_RDPR_289234_32,4,[CONSTRUCTION OF PROTECTION BUND NLO RAJA BEGUM W/O ASSADULLAH DAR AND OTHERS AT CHANCER],22-Sep-2025 06:00 PM,Rural Development and Panchayati Raj||RURAL DEVELOPMENT DEPARTMENT KASHMIR||Superintending Engineer REW Kashmir||XEN REW Kulgam,02-Oct-2025 06:00 PM,https://jktenders.gov.in/nicgep/app?component=%24DirectLink&page=FrontEndLatestActiveCorrigendums&service=direct&session=T&sp=S1WkZxkwb%2BArVx7ifuNEaIg%3D%3D
45,2025_RDPR_289234_41,4,[CONSTRCTION OF XING AT NALLAH SANIDAL NLO MUSHTAQ WANI AND OTHERS AT LISSERORA CHOGALPORA],22-Sep-2025 06:00 PM,Rural Development and Panchayati Raj||RURAL DEVELOPMENT DEPARTMENT KASHMIR||Superintending Engineer REW Kashmir||XEN REW Kulgam,02-Oct-2025 06:00 PM,https://jktenders.gov.in/nicgep/app?component=%24DirectLink&page=FrontEndLatestActiveCorrigendums&service=direct&session=T&sp=SWXJIp15YuTZKSUQe%2BfZklg%3D%3D
46,2025_SPDC_289372_1,4,[Providing consultancy assisting the JKSPDCL ],22-Sep-2025 06:00 PM,JKSPDC,04-Oct-2025 12:00 PM,https://jktenders.gov.in/nicgep/app?component=%24DirectLink&page=FrontEndLatestActiveCorrigendums&service=direct&session=T&sp=SLqHTRjY7xhpFwvnVHq1hQA%3D%3D
47,2025_RDPR_289234_17,4,[CONSTRUCTION OF TILE LANE FROM M/ROAD TO SHOP OF RASHID BHAT WARD 3],22-Sep-2025 06:00 PM,Rural Development and Panchayati Raj||RURAL DEVELOPMENT DEPARTMENT KASHMIR||Superintending Engineer REW Kashmir||XEN REW Kulgam,02-Oct-2025 06:00 PM,https://jktenders.gov.in/nicgep/app?component=%24DirectLink&page=FrontEndLatestActiveCorrigendums&service=direct&session=T&sp=SyafLI1LoSQ95rKDBNPa4hQ%3D%3D
48,2025_RDPR_289234_1,4,[CONSTRUCTION OF IR. PIPE LINES AT BATAPETH BEHIBAGH],22-Sep-2025 06:00 PM,Rural Development and Panchayati Raj||RURAL DEVELOPMENT DEPARTMENT KASHMIR||Superintending Engineer REW Kashmir||XEN REW Kulgam,02-Oct-2025 06:00 PM,https://jktenders.gov.in/nicgep/app?component=%24DirectLink&page=FrontEndLatestActiveCorrigendums&service=direct&session=T&sp=S3HLLRfaHvm9Cnyjqyo8IqA%3D%3D
49,2025_RDPR_289234_30,4,[CONSTRUCTION OF LANE WITH PROTECTION WALL FROM MAIN ROAD NH444 TO HO SABEEL PARVAIZ AT NAIBASTI SOPAT],22-Sep-2025 06:00 PM,Rural Development and Panchayati Raj||RURAL DEVELOPMENT DEPARTMENT KASHMIR||Superintending Engineer REW Kashmir||XEN REW Kulgam,02-Oct-2025 06:00 PM,https://jktenders.gov.in/nicgep/app?component=%24DirectLink&page=FrontEndLatestActiveCorrigendums&service=direct&session=T&sp=SRQ5FXTHzGl2OGLDfwu2piw%3D%3D
50,2025_RDPR_289234_9,4,[DARIN/LANE AT WANI MOHALLA NHO BASHIR AHMAD AT NOONMIE],22-Sep-2025 06:00 PM,Rural Development and Panchayati Raj||RURAL DEVELOPMENT DEPARTMENT KASHMIR||Superintending Engineer REW Kashmir||XEN REW Kulgam,02-Oct-2025 06:00 PM,https://jktenders.gov.in/nicgep/app?component=%24DirectLink&page=FrontEndLatestActiveCorrigendums&service=direct&session=T&sp=Sq%2FqDOhExIVC9tjzpauWKPw%3D%3D
51,2025_RDPR_289234_33,5,[DEVELOPMENT OF MINI STADIUM AT SOPER KULGAM],22-Sep-2025 06:00 PM,Rural Development and Panchayati Raj||RURAL DEVELOPMENT DEPARTMENT KASHMIR||Superintending Engineer REW Kashmir||XEN REW Kulgam,02-Oct-2025 06:00 PM,https://jktenders.gov.in/nicgep/app?component=%24DirectLink&page=FrontEndLatestActiveCorrigendums&service=direct&session=T&sp=SBbgpoqkRC0mHV4KGa4ZWow%3D%3D
52,2025_RDPR_289234_26,5,[CONSTRUCTION OF FENCING/FILLING GRAVEYARD MASJID SHARIEF AMANPORA],22-Sep-2025 06:00 PM,Rural Development and Panchayati Raj||RURAL DEVELOPMENT DEPARTMENT KASHMIR||Superintending Engineer REW Kashmir||XEN REW Kulgam,02-Oct-2025 06:00 PM,https://jktenders.gov.in/nicgep/app?component=%24DirectLink&page=FrontEndLatestActiveCorrigendums&service=direct&session=T&sp=SDeQJojuuoCEJc21wYnUfVQ%3D%3D
53,2025_SPDC_289372_1,5,[Providing consultancy assisting the JKSPDCL ],22-Sep-2025 06:00 PM,JKSPDC,04-Oct-2025 12:00 PM,https://jktenders.gov.in/nicgep/app?component=%24DirectLink&page=FrontEndLatestActiveCorrigendums&service=direct&session=T&sp=SLqHTRjY7xhpFwvnVHq1hQA%3D%3D
54,2025_RDPR_289234_29,5,[CONSTRUCTION OF PROTECTION BUND NEAR ORCHARD OF KAISER AHMAD RATHER AT GUJJAR BASTI SOPAT ],22-Sep-2025 06:00 PM,Rural Development and Panchayati Raj||RURAL DEVELOPMENT DEPARTMENT KASHMIR||Superintending Engineer REW Kashmir||XEN REW Kulgam,02-Oct-2025 06:00 PM,https://jktenders.gov.in/nicgep/app?component=%24DirectLink&page=FrontEndLatestActiveCorrigendums&service=direct&session=T&sp=So7tU86t1K7RRNFRO%2F0Kpbw%3D%3D
55,2025_RDPR_289234_3,5,[CONSTRUCTION OF BORE WELL AT HSS HANGER],22-Sep-2025 06:00 PM,Rural Development and Panchayati Raj||RURAL DEVELOPMENT DEPARTMENT KASHMIR||Superintending Engineer REW Kashmir||XEN REW Kulgam,02-Oct-2025 06:00 PM,https://jktenders.gov.in/nicgep/app?component=%24DirectLink&page=FrontEndLatestActiveCorrigendums&service=direct&session=T&sp=Sjhu4mGI5i0tVgjl7MGervw%3D%3D
56,2025_RDPR_289234_1,5,[CONSTRUCTION OF IR. PIPE LINES AT BATAPETH BEHIBAGH],22-Sep-2025 06:00 PM,Rural Development and Panchayati Raj||RURAL DEVELOPMENT DEPARTMENT KASHMIR||Superintending Engineer REW Kashmir||XEN REW Kulgam,02-Oct-2025 06:00 PM,https://jktenders.gov.in/nicgep/app?component=%24DirectLink&page=FrontEndLatestActiveCorrigendums&service=direct&session=T&sp=S3HLLRfaHvm9Cnyjqyo8IqA%3D%3D
57,2025_RDPR_289234_39,5,[FENCING OF GRAVEYARD AT BAGOWDAR QAIMOH],22-Sep-2025 06:00 PM,Rural Development and Panchayati Raj||RURAL DEVELOPMENT DEPARTMENT KASHMIR||Superintending Engineer REW Kashmir||XEN REW Kulgam,02-Oct-2025 06:00 PM,https://jktenders.gov.in/nicgep/app?component=%24DirectLink&page=FrontEndLatestActiveCorrigendums&service=direct&session=T&sp=SC3Nk%2FBh%2FLdE5wisN40mhVA%3D%3D
58,2025_RDPR_289234_32,5,[CONSTRUCTION OF PROTECTION BUND NLO RAJA BEGUM W/O ASSADULLAH DAR AND OTHERS AT CHANCER],22-Sep-2025 06:00 PM,Rural Development and Panchayati Raj||RURAL DEVELOPMENT DEPARTMENT KASHMIR||Superintending Engineer REW Kashmir||XEN REW Kulgam,02-Oct-2025 06:00 PM,https://jktenders.gov.in/nicgep/app?component=%24DirectLink&page=FrontEndLatestActiveCorrigendums&service=direct&session=T&sp=S1WkZxkwb%2BArVx7ifuNEaIg%3D%3D
59,2025_RDPR_289234_43,5,[CONSTRUCTION OF PROTECTION WORKS FOR SECURITY PURPOSES AT MANZGAM ASTAHNPAN],22-Sep-2025 06:00 PM,Rural Development and Panchayati Raj||RURAL DEVELOPMENT DEPARTMENT KASHMIR||Superintending Engineer REW Kashmir||XEN REW Kulgam,02-Oct-2025 06:00 PM,https://jktenders.gov.in/nicgep/app?component=%24DirectLink&page=FrontEndLatestActiveCorrigendums&service=direct&session=T&sp=S1Pii6v59snOXGFMHwugtuw%3D%3D
60,2025_RDPR_289234_28,5,[CONSTRUCTION OF R WALL NLO BILAL RATHER AND QAISER RATHER (BAGH RELL) AT BANGHAL SOPAT],22-Sep-2025 06:00 PM,Rural Development and Panchayati Raj||RURAL DEVELOPMENT DEPARTMENT KASHMIR||Superintending Engineer REW Kashmir||XEN REW Kulgam,02-Oct-2025 06:00 PM,https://jktenders.gov.in/nicgep/app?component=%24DirectLink&page=FrontEndLatestActiveCorrigendums&service=direct&session=T&sp=SRYAOCmQJHP8vl7jSC6%2FMTw%3D%3D
61,2025_RDPR_289234_11,6,[CONSTRUCTION OF I/C NLO MUJEEB AH BHAT AND OTHERS AT SURSONA],22-Sep-2025 06:00 PM,Rural Development and Panchayati Raj||RURAL DEVELOPMENT DEPARTMENT KASHMIR||Superintending Engineer REW Kashmir||XEN REW Kulgam,02-Oct-2025 06:00 PM,https://jktenders.gov.in/nicgep/app?component=%24DirectLink&page=FrontEndLatestActiveCorrigendums&service=direct&session=T&sp=Skhjt95tsRsxH4xAAa7EEyw%3D%3D
62,2025_RDPR_289234_47,6,"[C/O 3 SEATED GIRLS TOILET AT GMS, CHACHIMULLAH]",22-Sep-2025 06:00 PM,Rural Development and Panchayati Raj||RURAL DEVELOPMENT DEPARTMENT KASHMIR||Superintending Engineer REW Kashmir||XEN REW Kulgam,02-Oct-2025 06:00 PM,https://jktenders.gov.in/nicgep/app?component=%24DirectLink&page=FrontEndLatestActiveCorrigendums&service=direct&session=T&sp=Szm%2FXXD%2FAC2XpRN8%2FBUk%2F%2Bg%3D%3D
63,2025_RDPR_289234_39,6,[FENCING OF GRAVEYARD AT BAGOWDAR QAIMOH],22-Sep-2025 06:00 PM,Rural Development and Panchayati Raj||RURAL DEVELOPMENT DEPARTMENT KASHMIR||Superintending Engineer REW Kashmir||XEN REW Kulgam,02-Oct-2025 06:00 PM,https://jktenders.gov.in/nicgep/app?component=%24DirectLink&page=FrontEndLatestActiveCorrigendums&service=direct&session=T&sp=SC3Nk%2FBh%2FLdE5wisN40mhVA%3D%3D
64,2025_RDPR_289234_5,6,[FENCING G YARD AT NOONMIE ],22-Sep-2025 06:00 PM,Rural Development and Panchayati Raj||RURAL DEVELOPMENT DEPARTMENT KASHMIR||Superintending Engineer REW Kashmir||XEN REW Kulgam,02-Oct-2025 06:00 PM,https://jktenders.gov.in/nicgep/app?component=%24DirectLink&page=FrontEndLatestActiveCorrigendums&service=direct&session=T&sp=Sx4t7QJ0l5QOuA3LK1IWcxA%3D%3D
65,2025_RDPR_289234_10,6,[CONSTRUCTION OF DRAIN AT HIGH SCHOOL AT NOONMIE],22-Sep-2025 06:00 PM,Rural Development and Panchayati Raj||RURAL DEVELOPMENT DEPARTMENT KASHMIR||Superintending Engineer REW Kashmir||XEN REW Kulgam,02-Oct-2025 06:00 PM,https://jktenders.gov.in/nicgep/app?component=%24DirectLink&page=FrontEndLatestActiveCorrigendums&service=direct&session=T&sp=SLb%2Fd9qT3qPon4egrF5l3Sw%3D%3D
66,2025_RDPR_289234_32,6,[CONSTRUCTION OF PROTECTION BUND NLO RAJA BEGUM W/O ASSADULLAH DAR AND OTHERS AT CHANCER],22-Sep-2025 06:00 PM,Rural Development and Panchayati Raj||RURAL DEVELOPMENT DEPARTMENT KASHMIR||Superintending Engineer REW Kashmir||XEN REW Kulgam,02-Oct-2025 06:00 PM,https://jktenders.gov.in/nicgep/app?component=%24DirectLink&page=FrontEndLatestActiveCorrigendums&service=direct&session=T&sp=S1WkZxkwb%2BArVx7ifuNEaIg%3D%3D
67,2025_RDPR_289234_15,6,[CONSTRUCTION OF FENCING WITH R WALL ARROUND GRAVE YARD GUND],22-Sep-2025 06:00 PM,Rural Development and Panchayati Raj||RURAL DEVELOPMENT DEPARTMENT KASHMIR||Superintending Engineer REW Kashmir||XEN REW Kulgam,02-Oct-2025 06:00 PM,https://jktenders.gov.in/nicgep/app?component=%24DirectLink&page=FrontEndLatestActiveCorrigendums&service=direct&session=T&sp=SzoigBodWiV0ZRMGDQ3uDNg%3D%3D
68,2025_RDPR_289234_43,6,[CONSTRUCTION OF PROTECTION WORKS FOR SECURITY PURPOSES AT MANZGAM ASTAHNPAN],22-Sep-2025 06:00 PM,Rural Development and Panchayati Raj||RURAL DEVELOPMENT DEPARTMENT KASHMIR||Superintending Engineer REW Kashmir||XEN REW Kulgam,02-Oct-2025 06:00 PM,https://jktenders.gov.in/nicgep/app?component=%24DirectLink&page=FrontEndLatestActiveCorrigendums&service=direct&session=T&sp=S1Pii6v59snOXGFMHwugtuw%3D%3D
69,2025_RDPR_289234_9,6,[DARIN/LANE AT WANI MOHALLA NHO BASHIR AHMAD AT NOONMIE],22-Sep-2025 06:00 PM,Rural Development and Panchayati Raj||RURAL DEVELOPMENT DEPARTMENT KASHMIR||Superintending Engineer REW Kashmir||XEN REW Kulgam,02-Oct-2025 06:00 PM,https://jktenders.gov.in/nicgep/app?component=%24DirectLink&page=FrontEndLatestActiveCorrigendums&service=direct&session=T&sp=Sq%2FqDOhExIVC9tjzpauWKPw%3D%3D
70,2025_RDPR_289234_27,6,[CONSTRUCTION OF STEPS FOR GRAVE YARD NHO ALTAF WANI AND ORS],22-Sep-2025 06:00 PM,Rural Development and Panchayati Raj||RURAL DEVELOPMENT DEPARTMENT KASHMIR||Superintending Engineer REW Kashmir||XEN REW Kulgam,02-Oct-2025 06:00 PM,https://jktenders.gov.in/nicgep/app?component=%24DirectLink&page=FrontEndLatestActiveCorrigendums&service=direct&session=T&sp=SnierbGJcUx5s09yAekgakQ%3D%3D
71,2025_RDPR_289234_1,7,[CONSTRUCTION OF IR. PIPE LINES AT BATAPETH BEHIBAGH],22-Sep-2025 06:00 PM,Rural Development and Panchayati Raj||RURAL DEVELOPMENT DEPARTMENT KASHMIR||Superintending Engineer REW Kashmir||XEN REW Kulgam,02-Oct-2025 06:00 PM,https://jktenders.gov.in/nicgep/app?component=%24DirectLink&page=FrontEndLatestActiveCorrigendums&service=direct&session=T&sp=S3HLLRfaHvm9Cnyjqyo8IqA%3D%3D
72,2025_SPDC_289372_1,7,[Providing consultancy assisting the JKSPDCL ],22-Sep-2025 06:00 PM,JKSPDC,04-Oct-2025 12:00 PM,https://jktenders.gov.in/nicgep/app?component=%24DirectLink&page=FrontEndLatestActiveCorrigendums&service=direct&session=T&sp=SLqHTRjY7xhpFwvnVHq1hQA%3D%3D
73,2025_RDPR_289234_5,7,[FENCING G YARD AT NOONMIE ],22-Sep-2025 06:00 PM,Rural Development and Panchayati Raj||RURAL DEVELOPMENT DEPARTMENT KASHMIR||Superintending Engineer REW Kashmir||XEN REW Kulgam,02-Oct-2025 06:00 PM,https://jktenders.gov.in/nicgep/app?component=%24DirectLink&page=FrontEndLatestActiveCorrigendums&service=direct&session=T&sp=Sx4t7QJ0l5QOuA3LK1IWcxA%3D%3D
74,2025_RDPR_289234_9,7,[DARIN/LANE AT WANI MOHALLA NHO BASHIR AHMAD AT NOONMIE],22-Sep-2025 06:00 PM,Rural Development and Panchayati Raj||RURAL DEVELOPMENT DEPARTMENT KASHMIR||Superintending Engineer REW Kashmir||XEN REW Kulgam,02-Oct-2025 06:00 PM,https://jktenders.gov.in/nicgep/app?component=%24DirectLink&page=FrontEndLatestActiveCorrigendums&service=direct&session=T&sp=Sq%2FqDOhExIVC9tjzpauWKPw%3D%3D
75,2025_RDPR_289234_40,7,[CONSTRUCTION OF CEMENT CONCREATE LANE AT MAQDUM MOHALLA MASJID SHAREIF BALSOO],22-Sep-2025 06:00 PM,Rural Development and Panchayati Raj||RURAL DEVELOPMENT DEPARTMENT KASHMIR||Superintending Engineer REW Kashmir||XEN REW Kulgam,02-Oct-2025 06:00 PM,https://jktenders.gov.in/nicgep/app?component=%24DirectLink&page=FrontEndLatestActiveCorrigendums&service=direct&session=T&sp=SMoQkDqBN1RfhQYHuVxShAw%3D%3D
76,2025_FD_289370_1,7,[Construction of Wooden Crossing in different locations of Neeru  Range],22-Sep-2025 05:35 PM,FOREST DEPARTMENT||Chief Conservator of Forests Jammu||CF Chenab Circle Doda||Bhaderwah Forest Division,29-Sep-2025 04:00 PM,https://jktenders.gov.in/nicgep/app?component=%24DirectLink&page=FrontEndLatestActiveCorrigendums&service=direct&session=T&sp=SKqzcmuCYfia9rQzUSJwOFg%3D%3D
77,2025_PHE_289229_1,7,[hiring of four number water tanker for providing water in District Udhampur],22-Sep-2025 03:00 PM,PHE||CE PHE Jammu||Hydraulic Circle Udhampur||Division Udhampur,29-Sep-2025 02:00 PM,https://jktenders.gov.in/nicgep/app?component=%24DirectLink&page=FrontEndLatestActiveCorrigendums&service=direct&session=T&sp=SoLlVnkKBs%2B9Xzf2LbY7xfA%3D%3D
78,2025_PWDJK_289281_1,7,"[Repair/renovation of VIP 2 and 3 at Ved mandir Enclave, Jammu. CNO-201 NP]",22-Sep-2025 01:30 PM,PWD||CE RandB Jammu||SE RandB South Jammu||EE RandB PD 3rd,29-Sep-2025 06:00 PM,https://jktenders.gov.in/nicgep/app?component=%24DirectLink&page=FrontEndLatestActiveCorrigendums&service=direct&session=T&sp=SCMk01bcvOvmMOZAkLxv04A%3D%3D
79,2025_PWDJK_289252_1,7,[Provision for Facelifting of Divisional Office along with other allied works in Mechanical and Hospital Division Kathua],22-Sep-2025 01:00 PM,PWD||CE MED Jammu||Mechanical Circle Jammu||Kathua Division,06-Oct-2025 02:30 PM,https://jktenders.gov.in/nicgep/app?component=%24DirectLink&page=FrontEndLatestActiveCorrigendums&service=direct&session=T&sp=SOHPHCSwsJO2u7Nn7KblAcw%3D%3D
80,2025_SICOP_289255_1,7,[Water supply distribution and separate line distribution from filtration plant to I/E Chotipora Handwara ],22-Sep-2025 12:30 PM,SICOP||SICOP Jammu,03-Oct-2025 05:00 PM,https://jktenders.gov.in/nicgep/app?component=%24DirectLink&page=FrontEndLatestActiveCorrigendums&service=direct&session=T&sp=SeCoZFBlcUOrCvPNXmtjtLA%3D%3D
81,2025_PWDJK_289230_1,8,[Construction of Shelter Shed at Gori Hajin Shamthan-Arin Bandipora.],22-Sep-2025 12:05 PM,PWD||Chief Engineer North Kashmir||Bandipora Circle||Bandipora Division,29-Sep-2025 04:00 PM,https://jktenders.gov.in/nicgep/app?component=%24DirectLink&page=FrontEndLatestActiveCorrigendums&service=direct&session=T&sp=SOTM31ZM3YswtyhFvWCPq%2Bg%3D%3D
82,2025_RDPR_289171_2,8,[Construction of DEWAT  (15KLD) for Grey Water  Treatment at Pachayat Blater   Block-Sumb under scheme  SBM(G)-II],22-Sep-2025 09:00 AM,Rural Development and Panchayati Raj||Directorate of Rural Development  Department JAMMU||Superintending Engineer REW Jammu||XEN REW SAMBA,04-Oct-2025 06:00 PM,https://jktenders.gov.in/nicgep/app?component=%24DirectLink&page=FrontEndLatestActiveCorrigendums&service=direct&session=T&sp=SlngFqqr0Xuwsonuw3u1Uww%3D%3D
83,2025_PHE_289181_3,8,"[P/L and fitting of GI Pipes of various dia , installation of valve and repair/renovation of GSRs at Moh Sardara of Phagla and various other locations at Surankote under Distt. Capex]",22-Sep-2025 09:00 AM,PHE||CE PHE Jammu||Hydraulic Circle Poonch||Division  Poonch,29-Sep-2025 06:00 PM,https://jktenders.gov.in/nicgep/app?component=%24DirectLink&page=FrontEndLatestActiveCorrigendums&service=direct&session=T&sp=Sl6wbiJ3XuvkQycTjp%2FsO3Q%3D%3D
84,2025_RDPR_289171_1,8,"[Construction of DEWAT  (15KLD) for Grey Water  Treatment at  Manohar  Gopala, Pachayat Badheri   Block-Samba under scheme  SBM(G)-II]",22-Sep-2025 09:00 AM,Rural Development and Panchayati Raj||Directorate of Rural Development  Department JAMMU||Superintending Engineer REW Jammu||XEN REW SAMBA,04-Oct-2025 06:00 PM,https://jktenders.gov.in/nicgep/app?component=%24DirectLink&page=FrontEndLatestActiveCorrigendums&service=direct&session=T&sp=S1r%2BrbJ9VXIsbejuIWEQauQ%3D%3D
85,2025_PWDJK_289160_1,8,[Supply Installation Testing and Commissioning of 39 No G Plus 5 05 passengers Customized MRL lifts at Transit Accommodation at Zewan Pampore.],20-Sep-2025 06:55 PM,PWD||Chief Engineer Central Kashmir||Executive Engineer Mechanical Central,10-Oct-2025 04:00 PM,https://jktenders.gov.in/nicgep/app?component=%24DirectLink&page=FrontEndLatestActiveCorrigendums&service=direct&session=T&sp=Sfu0REe6poKBKNDuO1cIf%2BQ%3D%3D
86,2025_FD_289144_1,8,[Fencing Plantation and allied works at Co 159/M Nangal Gali Mandher R ange of Poonch Forest Division],20-Sep-2025 06:00 PM,FOREST DEPARTMENT||Chief Conservator of Forests Jammu||CF West Circle Rajouri||Poonch Forest Division,29-Sep-2025 06:50 PM,https://jktenders.gov.in/nicgep/app?component=%24DirectLink&page=FrontEndLatestActiveCorrigendums&service=direct&session=T&sp=Ssvxu0GQMOs9%2BC5OOaoqESw%3D%3D
87,2025_FD_289144_3,8,[Fencing Plantation and allied works at Co 155/M -II Nar Mandher Range of Poonch Forest Division],20-Sep-2025 06:00 PM,FOREST DEPARTMENT||Chief Conservator of Forests Jammu||CF West Circle Rajouri||Poonch Forest Division,29-Sep-2025 06:50 PM,https://jktenders.gov.in/nicgep/app?component=%24DirectLink&page=FrontEndLatestActiveCorrigendums&service=direct&session=T&sp=SS6T%2FnA7CxUXzOAcMz7dFfA%3D%3D
88,2025_PWDJK_289141_2,8,[Preparation of DPR Detailed estimates on JKSOR 2022 BOQ conducting of Detailed Survey for providing of Site plan Construction of dedicated Underground fire station in the premises of PWD RnB complex Rajouri under SDRF2025-26 3rd Call],20-Sep-2025 06:00 PM,PWD||CE PWD Jammu||Rajouri Circle||Rajouri Division,29-Sep-2025 04:00 PM,https://jktenders.gov.in/nicgep/app?component=%24DirectLink&page=FrontEndLatestActiveCorrigendums&service=direct&session=T&sp=StCWDm%2BWxlreW2HbSxR66Rg%3D%3D
89,2025_RDPR_288906_1,8,"[Fencing and Renovation of Panchayat Ghar Baransal  in Panchayat Baransal under PRI 322 Block Gulabgarh Distt Reasi, for the year2025-26]",20-Sep-2025 06:00 PM,Rural Development and Panchayati Raj||Directorate of Rural Development  Department JAMMU||Superintending Engineer REW Jammu||XEN REW REASI,29-Sep-2025 06:00 PM,https://jktenders.gov.in/nicgep/app?component=%24DirectLink&page=FrontEndLatestActiveCorrigendums&service=direct&session=T&sp=SjiuNto7qggn9ikkHDT%2Bcng%3D%3D
90,2025_FD_289144_2,8,[Fencing Plantation and allied works at Co 155/M Narali Mandher Range of Poonch Forest Division],20-Sep-2025 06:00 PM,FOREST DEPARTMENT||Chief Conservator of Forests Jammu||CF West Circle Rajouri||Poonch Forest Division,29-Sep-2025 06:50 PM,https://jktenders.gov.in/nicgep/app?component=%24DirectLink&page=FrontEndLatestActiveCorrigendums&service=direct&session=T&sp=S%2BgTrB9aHLK90kDSQlemDyg%3D%3D
91,2025_PWDJK_289143_1,9,[Replacement of UPS system and old battery Bank at Govt. Super Speciality Hospital Srinagar],20-Sep-2025 05:45 PM,PWD||Chief Engineer Central Kashmir||Electric Hospital Division Kashmir,03-Oct-2025 04:00 PM,https://jktenders.gov.in/nicgep/app?component=%24DirectLink&page=FrontEndLatestActiveCorrigendums&service=direct&session=T&sp=SUgGEIRW7gJTTvpPWQhPKTw%3D%3D
92,2025_PWDJK_287649_2,9,[Repairs and Servicing of 15kVA DG Set Cummins Make at at SCCR Ganderbal of Mechanical and Hospitals Sub-Division II Handwara.],20-Sep-2025 05:30 PM,PWD||CE Mechanical and Hospital Directorate Kashmir||SE Mechanical and Hospital Circle Kashmir||Mechanical and Hospital Division Handwara,04-Oct-2025 02:00 PM,https://jktenders.gov.in/nicgep/app?component=%24DirectLink&page=FrontEndLatestActiveCorrigendums&service=direct&session=T&sp=SrX2NZRXJ787Ia8hXfA6eOg%3D%3D
93,2025_HPD_289146_1,9,"[Finalization of Annual Rate Contract (for a period of one year) for the supply, installation and commissioning of different Horti,Agri Machinery as per Departmental Requirement]",20-Sep-2025 05:00 PM,Horticulture Production Deptt||JANDK Horticulture Produce Marketing and Processing Corporation Limited,04-Oct-2025 05:00 PM,https://jktenders.gov.in/nicgep/app?component=%24DirectLink&page=FrontEndLatestActiveCorrigendums&service=direct&session=T&sp=ScPCwrvoJdFBRujdFHYJIpg%3D%3D
94,2025_PHE_289075_1,9,[Improvement/Upgradation by way of Providing Drinking Water Supply for newly Constructed Reporting center Udil (Chatroo) Marwah Forest Division under FPF Gamma unit J10 Kishtwar (Second Call)],20-Sep-2025 05:00 PM,PHE||CE PHE Jammu||Hydraulic Circle Doda||Division Kishtwar,04-Oct-2025 02:00 PM,https://jktenders.gov.in/nicgep/app?component=%24DirectLink&page=FrontEndLatestActiveCorrigendums&service=direct&session=T&sp=Sd1N3fNr1EHyXVkmiCJ59TQ%3D%3D
95,2025_PWDJK_289142_1,9,[Restoration of Mahamaya Temple road damages occurred due to heavy rainfall in the M/o August 2025 (Under Non Plan for the year 2025-26)],20-Sep-2025 04:55 PM,PWD||CE RandB Jammu||SE RandB South Jammu||EE RandB Gandhi Nagar,30-Sep-2025 06:00 PM,https://jktenders.gov.in/nicgep/app?component=%24DirectLink&page=FrontEndLatestActiveCorrigendums&service=direct&session=T&sp=Sd6mUeggzB%2BABhfQlinZBmw%3D%3D
96,2025_HAUDD_289121_1,9,[Repairs as per CWC norms on account of Electrical Equipments of various dewatering stations and LLPs for the Period of 03 Years ],20-Sep-2025 04:30 PM,HAUDD||Urban Environmental Engineering Dept||S and D Div 1st Srinagar,29-Sep-2025 04:00 PM,https://jktenders.gov.in/nicgep/app?component=%24DirectLink&page=FrontEndLatestActiveCorrigendums&service=direct&session=T&sp=SX8CntC%2BdKl5Hu42O0vMLAg%3D%3D
97,2025_HAUDD_289121_2,9,[Repairs as per CWC norms on account of Mechanical Equipments of various dewatering stations and LLPSs for the period of 03 years ],20-Sep-2025 04:30 PM,HAUDD||Urban Environmental Engineering Dept||S and D Div 1st Srinagar,29-Sep-2025 04:00 PM,https://jktenders.gov.in/nicgep/app?component=%24DirectLink&page=FrontEndLatestActiveCorrigendums&service=direct&session=T&sp=SvUjB5RGNc5t%2FmFHAODDRVA%3D%3D
98,2025_PWDJK_289107_1,9,[Supplying Installation Testing and Commissioning of 02 Nos. 5 KVA UPS and 1 no 7.5 KVA UPS along with wiring and other allied electrical works for Administrative Planning and Accounts Section at IGGDC Jammu.],20-Sep-2025 03:30 PM,PWD||CE PWD Jammu||Jammu Kathua Circle||PW R and B Electric Div Jammu,29-Sep-2025 04:00 PM,https://jktenders.gov.in/nicgep/app?component=%24DirectLink&page=FrontEndLatestActiveCorrigendums&service=direct&session=T&sp=S%2FBDWokQFnMosSOiWXX%2F9Pw%3D%3D
99,2025_PHE_282462_4,9,[Hiring of water tankers of capacity 9000 ltrs along with GPRS system for distribution of potable drinking water to the areas under the jurisdiction of Jal Shakti (PHE) Mech. Rural Division Jammu.],20-Sep-2025 03:00 PM,PHE||CE PHE Jammu||Mech Urban Circle Jammu||Mech Rural Division Jammu,04-Oct-2025 02:00 PM,https://jktenders.gov.in/nicgep/app?component=%24DirectLink&page=FrontEndLatestActiveCorrigendums&service=direct&session=T&sp=S5drC0ZCHJYSnijsmoR9oSA%3D%3D
100,2025_PWDJK_289091_1,9,[Construction of Crated Work in Km 1st  Bhatyas Manoo Road. (Part A)],20-Sep-2025 03:00 PM,PWD||CE RandB Pir Chenab||SE RandB Doda-Kishtwar||EE RandB Gandoh,29-Sep-2025 06:00 PM,https://jktenders.gov.in/nicgep/app?component=%24DirectLink&page=FrontEndLatestActiveCorrigendums&service=direct&session=T&sp=S5CHC1Z7lTs%2FLX9KG1bSloA%3D%3D
101,2025_PWDJK_289056_1,10,[Improvement/ Upgradation of Ananwan Gundkamal Road along with Rethkhandi Link in Stretches],20-Sep-2025 12:00 PM,PWD||Chief Engineer North Kashmir||Kupwara Circle||Langate Division,29-Sep-2025 01:00 PM,https://jktenders.gov.in/nicgep/app?component=%24DirectLink&page=FrontEndLatestActiveCorrigendums&service=direct&session=T&sp=SZT3euHP6rsW0xgneKl5isw%3D%3D
102,2025_PWDJK_289056_3,10,[Improvement/ Upgradation of Renan Pazipora Road in Stretches],20-Sep-2025 12:00 PM,PWD||Chief Engineer North Kashmir||Kupwara Circle||Langate Division,29-Sep-2025 01:00 PM,https://jktenders.gov.in/nicgep/app?component=%24DirectLink&page=FrontEndLatestActiveCorrigendums&service=direct&session=T&sp=Sq4SxRo0H4p2Iah32zty8nA%3D%3D
103,2025_PWDJK_289056_2,10,[Improvement/ Upgradation of road from Ganapora receiving station to Masjid sharief and Langate to Udipora links in stretches],20-Sep-2025 12:00 PM,PWD||Chief Engineer North Kashmir||Kupwara Circle||Langate Division,29-Sep-2025 01:00 PM,https://jktenders.gov.in/nicgep/app?component=%24DirectLink&page=FrontEndLatestActiveCorrigendums&service=direct&session=T&sp=SQY4hyCiMwMTugpgu7nCagw%3D%3D
104,2025_PWDJK_289038_3,10,[Restoration of walls on Panjthirthi to Sidhra road damaged due to heavy rainfall    ],20-Sep-2025 11:00 AM,PWD||CE RandB Jammu||SE RandB North Jammu||EE RandB Jammu East,29-Sep-2025 01:00 PM,https://jktenders.gov.in/nicgep/app?component=%24DirectLink&page=FrontEndLatestActiveCorrigendums&service=direct&session=T&sp=SDaKKldVjJsMfsBTHYPS7Hg%3D%3D
105,2025_IFC_289007_1,10,[Construction of Control Gate at Babdub Pump Station at Sadunara-B.],20-Sep-2025 11:00 AM,I and FC||CE - I and FC Kashmir||HYD Circle Baramulla||Irrigation Divn Sumbal,06-Oct-2025 04:00 PM,https://jktenders.gov.in/nicgep/app?component=%24DirectLink&page=FrontEndLatestActiveCorrigendums&service=direct&session=T&sp=SyZ2hn%2FWqNiu77EFqx9KQ7w%3D%3D
106,2025_IFC_289007_2,10,[Construction of Sump cum supply channel for drought pump station at Galibal Sadunara.],20-Sep-2025 11:00 AM,I and FC||CE - I and FC Kashmir||HYD Circle Baramulla||Irrigation Divn Sumbal,06-Oct-2025 04:00 PM,https://jktenders.gov.in/nicgep/app?component=%24DirectLink&page=FrontEndLatestActiveCorrigendums&service=direct&session=T&sp=SfGFd6356ejfd2LexgyYrtg%3D%3D
107,2025_PWDJK_289038_4,10,"[Repair Renovation of Trikuta Complex at Bus Stand, Jammu     ]",20-Sep-2025 11:00 AM,PWD||CE RandB Jammu||SE RandB North Jammu||EE RandB Jammu East,29-Sep-2025 01:00 PM,https://jktenders.gov.in/nicgep/app?component=%24DirectLink&page=FrontEndLatestActiveCorrigendums&service=direct&session=T&sp=SqlOqPept50rL0C109KIxvg%3D%3D
108,2025_PWDJK_289016_6,10,"[Construction of P/Wall and Repair of Drain near House of Mohd Afzal Butt at Akramabad Doda, Ward No. 08, MC Doda]",20-Sep-2025 10:00 AM,PWD||CE RandB Pir Chenab||SE RandB Doda-Kishtwar||EE RandB Doda,29-Sep-2025 04:00 PM,https://jktenders.gov.in/nicgep/app?component=%24DirectLink&page=FrontEndLatestActiveCorrigendums&service=direct&session=T&sp=SbYoVEz1ymAKhyNoLVAEWzg%3D%3D
109,2025_PWDJK_288962_3,10,"[Restoration of Approach Path, painting of bridge and viewing deck in Lavender Park]",20-Sep-2025 10:00 AM,PWD||Chief Engineer South Kashmir||Anantnag Circle||Pahalgam Division,29-Sep-2025 04:00 PM,https://jktenders.gov.in/nicgep/app?component=%24DirectLink&page=FrontEndLatestActiveCorrigendums&service=direct&session=T&sp=S4FbStl9ztpBSTDR51afSMA%3D%3D
110,2025_PWDJK_289031_1,10,[Providing Consultancy services for construction of 4 set of Paramedical Staff Residential Quarters and 9 set of para medical staff residential quarters at SDH at Uri Baramulla],20-Sep-2025 10:00 AM,PWD||CE PWD Kashmir||Baramulla Kupwara Circle||Uri Spl. Sub. Division,29-Sep-2025 02:00 PM,https://jktenders.gov.in/nicgep/app?component=%24DirectLink&page=FrontEndLatestActiveCorrigendums&service=direct&session=T&sp=SboHsxYLj4sxo3%2B5aZ1sdTg%3D%3D
111,2025_PWDJK_289031_3,11,[Providing Consultancy services for construction of TSO office building at Uri],20-Sep-2025 10:00 AM,PWD||CE PWD Kashmir||Baramulla Kupwara Circle||Uri Spl. Sub. Division,29-Sep-2025 02:00 PM,https://jktenders.gov.in/nicgep/app?component=%24DirectLink&page=FrontEndLatestActiveCorrigendums&service=direct&session=T&sp=SCWyrr1%2Bb3BuJHRe2%2FXMXxw%3D%3D
112,2025_PWDJK_289016_8,11,[Construction of Path NHO Nawab Din and Mohd Ismail at Akramabad Doda Ward No. 07],20-Sep-2025 10:00 AM,PWD||CE RandB Pir Chenab||SE RandB Doda-Kishtwar||EE RandB Doda,29-Sep-2025 04:00 PM,https://jktenders.gov.in/nicgep/app?component=%24DirectLink&page=FrontEndLatestActiveCorrigendums&service=direct&session=T&sp=Sp3kmX6hn9gV06DEt9SwDOg%3D%3D
113,2025_PWDJK_289016_6,11,"[Construction of P/Wall and Repair of Drain near House of Mohd Afzal Butt at Akramabad Doda, Ward No. 08, MC Doda]",20-Sep-2025 10:00 AM,PWD||CE RandB Pir Chenab||SE RandB Doda-Kishtwar||EE RandB Doda,29-Sep-2025 04:00 PM,https://jktenders.gov.in/nicgep/app?component=%24DirectLink&page=FrontEndLatestActiveCorrigendums&service=direct&session=T&sp=SbYoVEz1ymAKhyNoLVAEWzg%3D%3D
114,2025_PWDJK_289031_2,11,[Providing Consultancy services for construction of indoor stadium at GDC Boniyar],20-Sep-2025 10:00 AM,PWD||CE PWD Kashmir||Baramulla Kupwara Circle||Uri Spl. Sub. Division,29-Sep-2025 02:00 PM,https://jktenders.gov.in/nicgep/app?component=%24DirectLink&page=FrontEndLatestActiveCorrigendums&service=direct&session=T&sp=SSTi2Ejqf%2FaSqHgyq9QNcyQ%3D%3D
115,2025_PWDJK_289031_1,11,[Providing Consultancy services for construction of 4 set of Paramedical Staff Residential Quarters and 9 set of para medical staff residential quarters at SDH at Uri Baramulla],20-Sep-2025 10:00 AM,PWD||CE PWD Kashmir||Baramulla Kupwara Circle||Uri Spl. Sub. Division,29-Sep-2025 02:00 PM,https://jktenders.gov.in/nicgep/app?component=%24DirectLink&page=FrontEndLatestActiveCorrigendums&service=direct&session=T&sp=SboHsxYLj4sxo3%2B5aZ1sdTg%3D%3D
116,2025_PWDJK_288962_1,11,[Repair/renovation of sweeper quarter at Pahalgam],20-Sep-2025 10:00 AM,PWD||Chief Engineer South Kashmir||Anantnag Circle||Pahalgam Division,29-Sep-2025 04:00 PM,https://jktenders.gov.in/nicgep/app?component=%24DirectLink&page=FrontEndLatestActiveCorrigendums&service=direct&session=T&sp=Szz94RHk96FTe3EQz%2FGXrFQ%3D%3D
117,2025_PWDJK_289015_2,11,[Construction of Boundary Wall for GMS Hard Kichroo (500 rft)],20-Sep-2025 10:00 AM,PWD||Chief Engineer South Kashmir||Anantnag Circle||Pahalgam Division,29-Sep-2025 04:00 PM,https://jktenders.gov.in/nicgep/app?component=%24DirectLink&page=FrontEndLatestActiveCorrigendums&service=direct&session=T&sp=SIwCnfsAk2zwdifAYacBQlQ%3D%3D
118,2025_PWDJK_289016_4,11,[Facelifting of 02 Toilets and Kitchen Shed at UPS Shaja  ],20-Sep-2025 10:00 AM,PWD||CE RandB Pir Chenab||SE RandB Doda-Kishtwar||EE RandB Doda,29-Sep-2025 04:00 PM,https://jktenders.gov.in/nicgep/app?component=%24DirectLink&page=FrontEndLatestActiveCorrigendums&service=direct&session=T&sp=S%2BoIJoS%2BY2W1WQ7RWktajQw%3D%3D
119,2025_PWDJK_288962_2,11,[Construction of Security Shed near Main Gate at Golf Course Pahalgam],20-Sep-2025 10:00 AM,PWD||Chief Engineer South Kashmir||Anantnag Circle||Pahalgam Division,29-Sep-2025 04:00 PM,https://jktenders.gov.in/nicgep/app?component=%24DirectLink&page=FrontEndLatestActiveCorrigendums&service=direct&session=T&sp=SpvgCiT5RvqGq04sBYNJ3Bg%3D%3D
120,2025_PWDJK_289016_5,11,[Construction of Boundary Wall 50 feet at HSS Boys Doda ],20-Sep-2025 10:00 AM,PWD||CE RandB Pir Chenab||SE RandB Doda-Kishtwar||EE RandB Doda,29-Sep-2025 04:00 PM,https://jktenders.gov.in/nicgep/app?component=%24DirectLink&page=FrontEndLatestActiveCorrigendums&service=direct&session=T&sp=SBIaNO3kKuKDbqmhr6hWZrg%3D%3D
121,2025_HAUDD_289014_8,12,[Development/ upgradation of lane near Shabnam at Rambagh],20-Sep-2025 09:00 AM,HAUDD||Srinagar Municipal Corporation||City Roads Division Srinagar,07-Oct-2025 04:00 PM,https://jktenders.gov.in/nicgep/app?component=%24DirectLink&page=FrontEndLatestActiveCorrigendums&service=direct&session=T&sp=SHpP9Qo7MRGmkSBwS5WOu7A%3D%3D
122,2025_HAUDD_289014_9,12,[Macadamization of Khalpora Lt. Samad Teli link road upto Hotel Dawn link road Dalgate Srinagar],20-Sep-2025 09:00 AM,HAUDD||Srinagar Municipal Corporation||City Roads Division Srinagar,07-Oct-2025 04:00 PM,https://jktenders.gov.in/nicgep/app?component=%24DirectLink&page=FrontEndLatestActiveCorrigendums&service=direct&session=T&sp=SbjePZugqZRAUtqxS512aCQ%3D%3D
123,2025_PWDJK_289023_1,12,[Construction of P.wall near house of Gh Rasool Sheikh and others at Wazirthal Tulaul],20-Sep-2025 09:00 AM,PWD||Chief Engineer North Kashmir||Bandipora Circle||Gurez Division,30-Sep-2025 04:00 PM,https://jktenders.gov.in/nicgep/app?component=%24DirectLink&page=FrontEndLatestActiveCorrigendums&service=direct&session=T&sp=SbxAlGPefaYxYsulPHKvNOg%3D%3D
124,2025_HAUDD_289014_4,12,[Upgradation of road from Sangeen Darwaza to Devi Angan with allied links bwo bituminous macadam and semidense],20-Sep-2025 09:00 AM,HAUDD||Srinagar Municipal Corporation||City Roads Division Srinagar,07-Oct-2025 04:00 PM,https://jktenders.gov.in/nicgep/app?component=%24DirectLink&page=FrontEndLatestActiveCorrigendums&service=direct&session=T&sp=SC17pCwd%2BmxDpdzmGa%2Fvg9w%3D%3D
125,2025_HAUDD_289014_6,12,[Upgradation of link road BWO macadamization on patches and stretches behind Police Station Khanyar],20-Sep-2025 09:00 AM,HAUDD||Srinagar Municipal Corporation||City Roads Division Srinagar,07-Oct-2025 04:00 PM,https://jktenders.gov.in/nicgep/app?component=%24DirectLink&page=FrontEndLatestActiveCorrigendums&service=direct&session=T&sp=S9sr2W6gRNyk1fQIrFD3dZw%3D%3D
126,2025_HAUDD_289014_1,12,[Macadamization of lane 1 and 2 at Deewan Colony Ishber Nishat],20-Sep-2025 09:00 AM,HAUDD||Srinagar Municipal Corporation||City Roads Division Srinagar,07-Oct-2025 04:00 PM,https://jktenders.gov.in/nicgep/app?component=%24DirectLink&page=FrontEndLatestActiveCorrigendums&service=direct&session=T&sp=STb6AwEFwVziRFqIz5i4wQQ%3D%3D
127,2025_HAUDD_289014_2,12,"[Reconstruction of link road from Transformer upto meat shop opposite Govt. Dispensary at Urdu Bazar, Islamyarbal]",20-Sep-2025 09:00 AM,HAUDD||Srinagar Municipal Corporation||City Roads Division Srinagar,07-Oct-2025 04:00 PM,https://jktenders.gov.in/nicgep/app?component=%24DirectLink&page=FrontEndLatestActiveCorrigendums&service=direct&session=T&sp=SVefzX21dS%2Fzk12dcvXSItQ%3D%3D
128,2025_PWDJK_288970_5,12,[Construction of M S Piakul by way of plaster work Flooring ceiling of kitchen shed Repair of Doors and windows of 03 roomsn Repair of ceiling of 01 classroom and slab of 03 rooms         ],19-Sep-2025 06:00 PM,PWD||CE RandB Pir Chenab||SE RandB Doda-Kishtwar||EE RandB Thathri,03-Oct-2025 04:00 PM,https://jktenders.gov.in/nicgep/app?component=%24DirectLink&page=FrontEndLatestActiveCorrigendums&service=direct&session=T&sp=SIQvZMBiWM4xJcQDEaYFwaw%3D%3D
129,2025_RDPR_288889_2,12,"[Const  of Tile work with  drain from JandK bank Atm Mahore To Tehsil Office Ground Pyt Mahore A under BDC (06) Block Mahore Distt Reasi, for the year2025-26.]",19-Sep-2025 06:00 PM,Rural Development and Panchayati Raj||Directorate of Rural Development  Department JAMMU||Superintending Engineer REW Jammu||XEN REW REASI,30-Sep-2025 06:00 PM,https://jktenders.gov.in/nicgep/app?component=%24DirectLink&page=FrontEndLatestActiveCorrigendums&service=direct&session=T&sp=S9D1ytvhobfxKAUvBPpfirQ%3D%3D
130,2025_RDPR_288889_1,12,"[Const. of Foot Path with tile work from Main Market Mahore to Upper Market Near Old Court Building Pyt Mahore A under BDC(05) Block Mahore Distt Reasi, for the year2025-26.]",19-Sep-2025 06:00 PM,Rural Development and Panchayati Raj||Directorate of Rural Development  Department JAMMU||Superintending Engineer REW Jammu||XEN REW REASI,30-Sep-2025 06:00 PM,https://jktenders.gov.in/nicgep/app?component=%24DirectLink&page=FrontEndLatestActiveCorrigendums&service=direct&session=T&sp=SutqoJtb4L3JiwPX9FbGTpg%3D%3D
131,2025_RDPR_288889_5,13,"[Const. of Tile work from GREF Road to old PWD Office   .Pyt Mahore A under BDC (14) Block Mahore Distt Reasi, for the year2025-26.]",19-Sep-2025 06:00 PM,Rural Development and Panchayati Raj||Directorate of Rural Development  Department JAMMU||Superintending Engineer REW Jammu||XEN REW REASI,30-Sep-2025 06:00 PM,https://jktenders.gov.in/nicgep/app?component=%24DirectLink&page=FrontEndLatestActiveCorrigendums&service=direct&session=T&sp=S9gfhPEFzhP%2BHVxtnTd9klQ%3D%3D
132,2025_RDPR_288918_22,13,[Up-gradation of road Moh Choudhrian to Qureshia W.No.  03  Pyt. Arai Haveli Block Mandi Under DDC Grant Year 2025-26],19-Sep-2025 06:00 PM,Rural Development and Panchayati Raj||Directorate of Rural Development  Department JAMMU||Superintending Engineer REW Jammu||XEN REW POONCH,30-Sep-2025 06:55 PM,https://jktenders.gov.in/nicgep/app?component=%24DirectLink&page=FrontEndLatestActiveCorrigendums&service=direct&session=T&sp=Su262iLB9nZf7HalXXJZtKA%3D%3D
133,2025_PHE_285527_7,13,"[Shifting of departmental 200 mm dia (8 mm thick) MS Pipes (6.01 meter each) from Mazbugh to Model Town Sopore/ Bye Pass Sideeq Colony, including welding, transportation, and laying in trenches at WSS Sideeq Colony Model Town under Capex Budget Regula]",19-Sep-2025 06:00 PM,PHE||CE PHE Kashmir||Mech Circle North Srinagar||Mech North Division Sopore,03-Oct-2025 06:55 PM,https://jktenders.gov.in/nicgep/app?component=%24DirectLink&page=FrontEndLatestActiveCorrigendums&service=direct&session=T&sp=S2XkFLlPBXCSTvoGtvkyeiA%3D%3D
134,2025_RDPR_288889_3,13,"[Slab work on Drain from JK BANK ATM to Munsiff Court.Pyt Mahore A under BDC(08) Block Mahore Distt Reasi, for the year2025-26.]",19-Sep-2025 06:00 PM,Rural Development and Panchayati Raj||Directorate of Rural Development  Department JAMMU||Superintending Engineer REW Jammu||XEN REW REASI,30-Sep-2025 06:00 PM,https://jktenders.gov.in/nicgep/app?component=%24DirectLink&page=FrontEndLatestActiveCorrigendums&service=direct&session=T&sp=S4fOo%2FcVQdCwkJrYwOxMTcQ%3D%3D
135,2025_PWDJK_288970_9,13,[Repairing of windows of 03 ACRs Kitchen shed roof and toilets at UPS Ghunti],19-Sep-2025 06:00 PM,PWD||CE RandB Pir Chenab||SE RandB Doda-Kishtwar||EE RandB Thathri,03-Oct-2025 04:00 PM,https://jktenders.gov.in/nicgep/app?component=%24DirectLink&page=FrontEndLatestActiveCorrigendums&service=direct&session=T&sp=SCLblZo9A9N8n5hRmpTLV0g%3D%3D
136,2025_PWDJK_288970_10,13,[Facelifting of 2 Rooms PS Building walls work plaster laying of floor at PS chuteri],19-Sep-2025 06:00 PM,PWD||CE RandB Pir Chenab||SE RandB Doda-Kishtwar||EE RandB Thathri,03-Oct-2025 04:00 PM,https://jktenders.gov.in/nicgep/app?component=%24DirectLink&page=FrontEndLatestActiveCorrigendums&service=direct&session=T&sp=SKG2WG%2BkSYz0s8GPfirVhlQ%3D%3D
137,2025_RDPR_288889_1,13,"[Const. of Foot Path with tile work from Main Market Mahore to Upper Market Near Old Court Building Pyt Mahore A under BDC(05) Block Mahore Distt Reasi, for the year2025-26.]",19-Sep-2025 06:00 PM,Rural Development and Panchayati Raj||Directorate of Rural Development  Department JAMMU||Superintending Engineer REW Jammu||XEN REW REASI,30-Sep-2025 06:00 PM,https://jktenders.gov.in/nicgep/app?component=%24DirectLink&page=FrontEndLatestActiveCorrigendums&service=direct&session=T&sp=SutqoJtb4L3JiwPX9FbGTpg%3D%3D
138,2025_PWDJK_288970_1,13,[Construction of Prefabricated Building at HSS Halaran      ],19-Sep-2025 06:00 PM,PWD||CE RandB Pir Chenab||SE RandB Doda-Kishtwar||EE RandB Thathri,03-Oct-2025 04:00 PM,https://jktenders.gov.in/nicgep/app?component=%24DirectLink&page=FrontEndLatestActiveCorrigendums&service=direct&session=T&sp=SfawXKPlnB6ST%2BATPINBneA%3D%3D
139,2025_PWDJK_288970_7,13,[Repairment of 02 units of toilets which are totally damaged construction of Back wall of school at MS Bhatoli  ],19-Sep-2025 06:00 PM,PWD||CE RandB Pir Chenab||SE RandB Doda-Kishtwar||EE RandB Thathri,03-Oct-2025 04:00 PM,https://jktenders.gov.in/nicgep/app?component=%24DirectLink&page=FrontEndLatestActiveCorrigendums&service=direct&session=T&sp=S1zmXNqB3X8Ki03T9bqIBfg%3D%3D
140,2025_PWDJK_288970_5,13,[Construction of M S Piakul by way of plaster work Flooring ceiling of kitchen shed Repair of Doors and windows of 03 roomsn Repair of ceiling of 01 classroom and slab of 03 rooms         ],19-Sep-2025 06:00 PM,PWD||CE RandB Pir Chenab||SE RandB Doda-Kishtwar||EE RandB Thathri,03-Oct-2025 04:00 PM,https://jktenders.gov.in/nicgep/app?component=%24DirectLink&page=FrontEndLatestActiveCorrigendums&service=direct&session=T&sp=SIQvZMBiWM4xJcQDEaYFwaw%3D%3D
141,2025_PWDJK_288970_8,14,[Positioning of floor plaster work of walls installation of truss with tin sheets installation of door of 1 Room at PS Rangola   ],19-Sep-2025 06:00 PM,PWD||CE RandB Pir Chenab||SE RandB Doda-Kishtwar||EE RandB Thathri,03-Oct-2025 04:00 PM,https://jktenders.gov.in/nicgep/app?component=%24DirectLink&page=FrontEndLatestActiveCorrigendums&service=direct&session=T&sp=S%2BAKDCnvNsicF%2FYzs38NR2g%3D%3D
142,2025_PWDJK_288970_5,14,[Construction of M S Piakul by way of plaster work Flooring ceiling of kitchen shed Repair of Doors and windows of 03 roomsn Repair of ceiling of 01 classroom and slab of 03 rooms         ],19-Sep-2025 06:00 PM,PWD||CE RandB Pir Chenab||SE RandB Doda-Kishtwar||EE RandB Thathri,03-Oct-2025 04:00 PM,https://jktenders.gov.in/nicgep/app?component=%24DirectLink&page=FrontEndLatestActiveCorrigendums&service=direct&session=T&sp=SIQvZMBiWM4xJcQDEaYFwaw%3D%3D
143,2025_PWDJK_288968_1,14,[Construction of  lane  footpath from NH244 to link Raod Phagsoo Nai Basti Ward No 01 M C Thathri],19-Sep-2025 06:00 PM,PWD||CE RandB Pir Chenab||SE RandB Doda-Kishtwar||EE RandB Thathri,03-Oct-2025 04:00 PM,https://jktenders.gov.in/nicgep/app?component=%24DirectLink&page=FrontEndLatestActiveCorrigendums&service=direct&session=T&sp=SiK9UeInyF4KcSbfMz5zNzQ%3D%3D
144,2025_PWDJK_288999_1,14,[Link road from Aadbal to Jamia Masjid MC Office Ashmuqam including Chowk of Logripora],19-Sep-2025 05:30 PM,PWD||Chief Engineer South Kashmir||Anantnag Circle||Pahalgam Division,29-Sep-2025 04:00 PM,https://jktenders.gov.in/nicgep/app?component=%24DirectLink&page=FrontEndLatestActiveCorrigendums&service=direct&session=T&sp=SYvJAy96llnO9MkRpwqvbHA%3D%3D
145,2025_PWDJK_288999_4,14,[Zairkah to Pehlipora including Srandpora and Malpora Dadran Road],19-Sep-2025 05:30 PM,PWD||Chief Engineer South Kashmir||Anantnag Circle||Pahalgam Division,29-Sep-2025 04:00 PM,https://jktenders.gov.in/nicgep/app?component=%24DirectLink&page=FrontEndLatestActiveCorrigendums&service=direct&session=T&sp=SfYn5FYHeMeIwgjv0d%2B6yMw%3D%3D
146,2025_PHE_289000_5,14,[Urgent electric repairs to be carried out at WSS Noorbagh under M and R],19-Sep-2025 05:00 PM,PHE||CE PHE Kashmir||Mech Circle North Srinagar||Mech North Division Sopore,03-Oct-2025 06:55 PM,https://jktenders.gov.in/nicgep/app?component=%24DirectLink&page=FrontEndLatestActiveCorrigendums&service=direct&session=T&sp=ScLwoedYJu9QnpXiNhVAIpA%3D%3D
147,2025_PHE_289000_4,14,"[Urgent electric repairs to be carried out at various Water Supply Schemes Degree College 1st, WSS Rangwar and WSS Peernia under M and R]",19-Sep-2025 05:00 PM,PHE||CE PHE Kashmir||Mech Circle North Srinagar||Mech North Division Sopore,03-Oct-2025 06:55 PM,https://jktenders.gov.in/nicgep/app?component=%24DirectLink&page=FrontEndLatestActiveCorrigendums&service=direct&session=T&sp=SX%2B3YVhNGhFn3k%2FhH7P96qg%3D%3D
148,2025_PWDJK_288949_1,14,"[Macadamization of Kawan inner links (Gujar Basti), Mehmoodabad and Koot Inner links]",19-Sep-2025 05:00 PM,PWD||Chief Engineer South Kashmir||Anantnag Circle||Dooru Division,29-Sep-2025 06:00 PM,https://jktenders.gov.in/nicgep/app?component=%24DirectLink&page=FrontEndLatestActiveCorrigendums&service=direct&session=T&sp=StdsnWneH%2FIc3IgEBPpNu7Q%3D%3D
149,2025_PDD_288976_1,14,"[INSTALLATION HIGH MASS STREET LIGHTS Ahmadabad A, AHMADABAD B, MAIN MARKET DH Pora B, KOUSARBAL, Ladgoo, WARIPORA, ZIYARAT SHAFEIF DADREN Yarikha A and Boh.]",19-Sep-2025 05:00 PM,DC-PDD||CE-M and RE Wing Kashmir||South Bijbehara||ED-Kulgam,07-Oct-2025 01:00 PM,https://jktenders.gov.in/nicgep/app?component=%24DirectLink&page=FrontEndLatestActiveCorrigendums&service=direct&session=T&sp=SCaGuHPH3LqFU5BI%2B3E3C3Q%3D%3D
150,2025_PHE_289000_2,14,[Providing Portable Water Connection for IRP Battalion Head Quarter at Ajas Bandipora under SRE Scheme],19-Sep-2025 05:00 PM,PHE||CE PHE Kashmir||Mech Circle North Srinagar||Mech North Division Sopore,03-Oct-2025 06:55 PM,https://jktenders.gov.in/nicgep/app?component=%24DirectLink&page=FrontEndLatestActiveCorrigendums&service=direct&session=T&sp=S%2BJl4CyJjozRVF2KMSYCrTQ%3D%3D
151,2025_HPD_288984_1,15,"[Finalization of Annual Rate Contract for the supply of Horti,Agri Tools]",19-Sep-2025 04:40 PM,Horticulture Production Deptt||JANDK Horticulture Produce Marketing and Processing Corporation Limited,04-Oct-2025 05:00 PM,https://jktenders.gov.in/nicgep/app?component=%24DirectLink&page=FrontEndLatestActiveCorrigendums&service=direct&session=T&sp=SuJi2bk02iO5BJcIKjFoKjg%3D%3D
152,2025_SICOP_288986_1,15,"[Construction, Testing and commissioning of RCC OHT (balance work) at IE Khrew]",19-Sep-2025 04:15 PM,SICOP||SICOP Jammu,03-Oct-2025 12:00 PM,https://jktenders.gov.in/nicgep/app?component=%24DirectLink&page=FrontEndLatestActiveCorrigendums&service=direct&session=T&sp=St%2FRpVUku1hEozRVHwxaNzA%3D%3D
153,2025_PWDJK_288899_2,15,[Construction of Damaged Approach wall of Udrana Bridge (Damaged due to flash flood on 26-08-2025) of Chobbia link at RD 1/775 to 1/850.],19-Sep-2025 04:00 PM,PWD||CE RandB Pir Chenab||SE RandB Doda-Kishtwar||EE RandB Bhaderwah,29-Sep-2025 04:00 PM,https://jktenders.gov.in/nicgep/app?component=%24DirectLink&page=FrontEndLatestActiveCorrigendums&service=direct&session=T&sp=S0su4jlMNc69%2BTG1x6CLw2Q%3D%3D
154,2025_PWDJK_288899_1,15,[Restoration / Strengthening of existing 22 mts span R.C.C. Bridge on Double lane Old NH 244 Khellani to Ganpat road in Km 45 RD(900-1000) by way of Re-construction of damaged approach wall and other allied works damaged during recent Heavy rainfall/F],19-Sep-2025 04:00 PM,PWD||CE RandB Pir Chenab||SE RandB Doda-Kishtwar||EE RandB Bhaderwah,29-Sep-2025 04:00 PM,https://jktenders.gov.in/nicgep/app?component=%24DirectLink&page=FrontEndLatestActiveCorrigendums&service=direct&session=T&sp=Sxb2kVYaOtzFfEX%2B1XvhRxw%3D%3D
155,2025_PDD_288957_1,15,"[Creation of 200-KVA Sub Station along with HT/LT Network for Providing of Power Supply to Material Recovery Facility (MRF) at Rambirpora Nagam Newa Pulwama, under Honorable NGT 606/2018 for the year 2025-26]",19-Sep-2025 04:00 PM,DC-PDD||CE-M and RE Wing Kashmir,10-Oct-2025 11:00 AM,https://jktenders.gov.in/nicgep/app?component=%24DirectLink&page=FrontEndLatestActiveCorrigendums&service=direct&session=T&sp=Sri7tH87Sj3CFzt2IAq16vg%3D%3D
156,2025_PWDJK_288956_1,15,[Repair / Renovation of ZEO office building at Khour ( Ist Call) Under District Capex-ELEMENTARY  EDUCTION SECTOR],19-Sep-2025 03:30 PM,PWD||CE RandB Jammu||SE RandB North Jammu||EE RandB Khour,08-Oct-2025 06:00 PM,https://jktenders.gov.in/nicgep/app?component=%24DirectLink&page=FrontEndLatestActiveCorrigendums&service=direct&session=T&sp=S6astdi8zAOuYPUYlDgnTWA%3D%3D
157,2025_PWDJK_288956_2,15,[Construction of link road Connecting Tibbi Mohalla from Akhnoor Pallanwala Road.(Ist Call) Under District Capex-SAMRIDH SEEMA YOJANA],19-Sep-2025 03:30 PM,PWD||CE RandB Jammu||SE RandB North Jammu||EE RandB Khour,08-Oct-2025 06:00 PM,https://jktenders.gov.in/nicgep/app?component=%24DirectLink&page=FrontEndLatestActiveCorrigendums&service=direct&session=T&sp=SbhtH9PgdSXYHNn8HU7Linw%3D%3D
158,2025_PWDJK_288945_1,15,"[Fabrication Supply Installation and testing of 10,000 Litres MS overhead water tank for Fire fighting system at underconstruction residence of Honble Chief Justice UT of JK at Zeethyar Gupkar]",19-Sep-2025 03:15 PM,PWD||Chief Engineer Central Kashmir||Executive Engineer Mechanical Central,03-Oct-2025 04:00 PM,https://jktenders.gov.in/nicgep/app?component=%24DirectLink&page=FrontEndLatestActiveCorrigendums&service=direct&session=T&sp=SLFwyJ7KE4Wmp2E1KXGYEmA%3D%3D
159,2025_SWCD_288893_1,15,"[DLT Work at NABNI Near Azam and Yaqoob Nabni,  Block Salwah, Constituency Mendhar, District Poonch]",19-Sep-2025 03:00 PM,Soil and Water Conservation Department||Director soil and water conservation Department||Joint Director Jammu||DSCO Poonch,10-Oct-2025 06:00 PM,https://jktenders.gov.in/nicgep/app?component=%24DirectLink&page=FrontEndLatestActiveCorrigendums&service=direct&session=T&sp=SDfjn4TLZJMRIDhz0%2FWVKMQ%3D%3D
160,2025_SWCD_288893_11,15,"[DLT Work at GUDANGA UPPER CHUNGA, Block Salwah, Constituency Mendhar, District Poonch]",19-Sep-2025 03:00 PM,Soil and Water Conservation Department||Director soil and water conservation Department||Joint Director Jammu||DSCO Poonch,10-Oct-2025 06:00 PM,https://jktenders.gov.in/nicgep/app?component=%24DirectLink&page=FrontEndLatestActiveCorrigendums&service=direct&session=T&sp=SQ%2FazdmVKQIXNpF1eZhBpKA%3D%3D
161,2025_SWCD_288893_12,16,"[DLT work at MANWA WALI MALACH W.No 5 UPPER CHUNGA, Block Salwah, Constituency Mendhar, District Poonch]",19-Sep-2025 03:00 PM,Soil and Water Conservation Department||Director soil and water conservation Department||Joint Director Jammu||DSCO Poonch,10-Oct-2025 06:00 PM,https://jktenders.gov.in/nicgep/app?component=%24DirectLink&page=FrontEndLatestActiveCorrigendums&service=direct&session=T&sp=SpGtBNdNmYVcWEkP64w7zcw%3D%3D
162,2025_SWCD_288893_9,16,"[DLT Work at KANDI HATH KALABAN, Block Salwah, Constituency Mendhar, District Poonch]",19-Sep-2025 03:00 PM,Soil and Water Conservation Department||Director soil and water conservation Department||Joint Director Jammu||DSCO Poonch,10-Oct-2025 06:00 PM,https://jktenders.gov.in/nicgep/app?component=%24DirectLink&page=FrontEndLatestActiveCorrigendums&service=direct&session=T&sp=Sx%2FQTvltWMfeqfY5F08Q2Aw%3D%3D
163,2025_SWCD_288893_3,16,"[DLT Work at NABNI MORAH, Block Salwah, Constituency Mendhar, District Poonch]",19-Sep-2025 03:00 PM,Soil and Water Conservation Department||Director soil and water conservation Department||Joint Director Jammu||DSCO Poonch,10-Oct-2025 06:00 PM,https://jktenders.gov.in/nicgep/app?component=%24DirectLink&page=FrontEndLatestActiveCorrigendums&service=direct&session=T&sp=SPUR6hCgJPMU2qFl8s3hZwg%3D%3D
164,2025_SWCD_288893_14,16,"[DLT Work at BHARAN TAKYIA KALABAN FAIZABAD, Block Salwah, Constituency Mendhar, District Poonch]",19-Sep-2025 03:00 PM,Soil and Water Conservation Department||Director soil and water conservation Department||Joint Director Jammu||DSCO Poonch,10-Oct-2025 06:00 PM,https://jktenders.gov.in/nicgep/app?component=%24DirectLink&page=FrontEndLatestActiveCorrigendums&service=direct&session=T&sp=S%2FGktMWekdQ3YVHeDNnjDlQ%3D%3D
165,2025_SWCD_288893_7,16,"[DLT work at JALLARY KALABAN (Near House of Mumtaz Ahmed), Block Salwah, Constituency Mendhar, District Poonch]",19-Sep-2025 03:00 PM,Soil and Water Conservation Department||Director soil and water conservation Department||Joint Director Jammu||DSCO Poonch,10-Oct-2025 06:00 PM,https://jktenders.gov.in/nicgep/app?component=%24DirectLink&page=FrontEndLatestActiveCorrigendums&service=direct&session=T&sp=Sw7ATLdET6sZec7JXSAeyiQ%3D%3D
166,2025_SWCD_288893_6,16,"[DLT work at ZIARAT PEER KALU SHAH KALABAN, Block Salwah, Constituency Mendhar, District Poonch]",19-Sep-2025 03:00 PM,Soil and Water Conservation Department||Director soil and water conservation Department||Joint Director Jammu||DSCO Poonch,10-Oct-2025 06:00 PM,https://jktenders.gov.in/nicgep/app?component=%24DirectLink&page=FrontEndLatestActiveCorrigendums&service=direct&session=T&sp=SyGrrPgU1UcKN1n0di8JxIQ%3D%3D
167,2025_SWCD_288893_10,16,"[DLT Work at MULACH MANWA CHUNGA W.No 5, Block Salwah, Constituency Mendhar, District Poonch]",19-Sep-2025 03:00 PM,Soil and Water Conservation Department||Director soil and water conservation Department||Joint Director Jammu||DSCO Poonch,10-Oct-2025 06:00 PM,https://jktenders.gov.in/nicgep/app?component=%24DirectLink&page=FrontEndLatestActiveCorrigendums&service=direct&session=T&sp=SOfugKcDkQBPFiZ%2BvN%2FqZdQ%3D%3D
168,2025_SWCD_288893_5,16,"[DLT Work at MOHALLA BARAH WALL A, Block Salwah, Constituency Mendhar, District Poonch]",19-Sep-2025 03:00 PM,Soil and Water Conservation Department||Director soil and water conservation Department||Joint Director Jammu||DSCO Poonch,10-Oct-2025 06:00 PM,https://jktenders.gov.in/nicgep/app?component=%24DirectLink&page=FrontEndLatestActiveCorrigendums&service=direct&session=T&sp=SuLvJX4w8Q0oO5TlmIBzkqQ%3D%3D
169,2025_SWCD_288893_2,16,"[DLT Work at Ward No. 4 NABNI CHAROON (Near House of Maqsood Ahmed), Block Salwah, Constituency Mendhar, District Poonch]",19-Sep-2025 03:00 PM,Soil and Water Conservation Department||Director soil and water conservation Department||Joint Director Jammu||DSCO Poonch,10-Oct-2025 06:00 PM,https://jktenders.gov.in/nicgep/app?component=%24DirectLink&page=FrontEndLatestActiveCorrigendums&service=direct&session=T&sp=SPwh5GoiQYVV3budi2R5Q2w%3D%3D
170,2025_SWCD_288893_8,16,"[DLT work at DHARA KALABAN (Near Grave Yard), Block Salwah, Constituency Mendhar, District Poonch]",19-Sep-2025 03:00 PM,Soil and Water Conservation Department||Director soil and water conservation Department||Joint Director Jammu||DSCO Poonch,10-Oct-2025 06:00 PM,https://jktenders.gov.in/nicgep/app?component=%24DirectLink&page=FrontEndLatestActiveCorrigendums&service=direct&session=T&sp=SduDRfBieKOtjX5fEXqXe0g%3D%3D
171,2025_SWCD_288893_8,17,"[DLT work at DHARA KALABAN (Near Grave Yard), Block Salwah, Constituency Mendhar, District Poonch]",19-Sep-2025 03:00 PM,Soil and Water Conservation Department||Director soil and water conservation Department||Joint Director Jammu||DSCO Poonch,10-Oct-2025 06:00 PM,https://jktenders.gov.in/nicgep/app?component=%24DirectLink&page=FrontEndLatestActiveCorrigendums&service=direct&session=T&sp=SduDRfBieKOtjX5fEXqXe0g%3D%3D
172,2025_SWCD_288893_13,17,"[DLT Work at MOHALLA SINTARAR UPPER KALABAN, Block Salwah, Constituency Mendhar, District Poonch]",19-Sep-2025 03:00 PM,Soil and Water Conservation Department||Director soil and water conservation Department||Joint Director Jammu||DSCO Poonch,10-Oct-2025 06:00 PM,https://jktenders.gov.in/nicgep/app?component=%24DirectLink&page=FrontEndLatestActiveCorrigendums&service=direct&session=T&sp=SM9y2KNhtzegAmFoyjEFv4A%3D%3D
173,2025_FD_288934_1,17,"[Up-gradation and Renovation of  Battal Check Post, Jindrah Forest Range, Jammu Forest Division under CAPEX- 2025-26]",19-Sep-2025 02:30 PM,FOREST DEPARTMENT||Chief Conservator of Forests Jammu||CF East Circle Jammu||Jammu Forest Division,29-Sep-2025 12:00 PM,https://jktenders.gov.in/nicgep/app?component=%24DirectLink&page=FrontEndLatestActiveCorrigendums&service=direct&session=T&sp=SSVnyVEaudz1XreRgInDXgA%3D%3D
174,2025_HAUDD_288874_1,17,"[Comprehensive Maintenance of Electro-mechanical Equipments, Providing of Manpower and Supply of various Chemicals during Contract period of 01 Year for 0.7 MLD STP based on MBBR Technology at Lal-Ded LD Hospital Srinagar]",19-Sep-2025 02:00 PM,HAUDD||Urban Environmental Engineering Dept||S and D Div 1st Srinagar,03-Oct-2025 04:00 PM,https://jktenders.gov.in/nicgep/app?component=%24DirectLink&page=FrontEndLatestActiveCorrigendums&service=direct&session=T&sp=S1bT2YJsxvvHY4tuM47CjxQ%3D%3D
175,2025_PDD_288922_1,17,[EDR/43 OF 2025-26],19-Sep-2025 02:00 PM,DC-PDD||CE-M and RE Wing Jammu||Rajouri||ED-Rajouri,03-Oct-2025 04:00 PM,https://jktenders.gov.in/nicgep/app?component=%24DirectLink&page=FrontEndLatestActiveCorrigendums&service=direct&session=T&sp=SVm1OIv4PhU4Q%2FO80Dak1Ug%3D%3D
176,2025_PDD_288914_1,17,[EDR/42 OF 2025-26],19-Sep-2025 02:00 PM,DC-PDD||CE-M and RE Wing Jammu||Rajouri||ED-Rajouri,03-Oct-2025 04:00 PM,https://jktenders.gov.in/nicgep/app?component=%24DirectLink&page=FrontEndLatestActiveCorrigendums&service=direct&session=T&sp=SIpYNm6PrreRXyly3XoImlw%3D%3D
177,2025_PDD_288925_1,17,[EDR/44 OF 2025-26],19-Sep-2025 02:00 PM,DC-PDD||CE-M and RE Wing Jammu||Rajouri||ED-Rajouri,03-Oct-2025 04:00 PM,https://jktenders.gov.in/nicgep/app?component=%24DirectLink&page=FrontEndLatestActiveCorrigendums&service=direct&session=T&sp=Sn0w%2BsCI5iirX%2BF7eL7VBFA%3D%3D
178,2025_PHE_288900_1,17,"[Providing, installation, testing and commissioning of Submersible pumpset along with allied works at Tube well Rajinder Nagar-III, Tube well Patoli Brahmana-I and Tube well Women Polytechnic under District Capex Budget 2025-26]",19-Sep-2025 02:00 PM,PHE||CE PHE Jammu||Mech Urban Circle Jammu||Mech North Division Jammu,03-Oct-2025 02:00 PM,https://jktenders.gov.in/nicgep/app?component=%24DirectLink&page=FrontEndLatestActiveCorrigendums&service=direct&session=T&sp=SjzDaUHlY8IL4Wdbl4RYMlw%3D%3D
179,2025_PHE_288897_1,17,[Strengthening of 500 mm dia. Sitlee- Manda MSSW rising main including replacement of worn out cast iron valves along with allied works under UT Capex Budget],19-Sep-2025 02:00 PM,PHE||CE PHE Jammu||Mech Urban Circle Jammu||Mech North Division Jammu,03-Oct-2025 02:00 PM,https://jktenders.gov.in/nicgep/app?component=%24DirectLink&page=FrontEndLatestActiveCorrigendums&service=direct&session=T&sp=Sk2t1fH1%2BPnpDuFaj4GTAzg%3D%3D
180,2025_SICOP_288916_1,17,[Exploration/drilling of grave packed tube well including sump at IE Khrew],19-Sep-2025 01:00 PM,SICOP||SICOP Jammu,03-Oct-2025 05:00 PM,https://jktenders.gov.in/nicgep/app?component=%24DirectLink&page=FrontEndLatestActiveCorrigendums&service=direct&session=T&sp=SCBVyAJS8I33BC5mgM%2FIi1Q%3D%3D
181,2025_PWDJK_288891_2,18,"[Macadamization of Kohroo, Gull Pora and Gund Pohru Inner Links]",19-Sep-2025 12:00 PM,PWD||Chief Engineer North Kashmir||Kupwara Circle||Langate Division,29-Sep-2025 01:00 PM,https://jktenders.gov.in/nicgep/app?component=%24DirectLink&page=FrontEndLatestActiveCorrigendums&service=direct&session=T&sp=S5M9fGovV9ihOynRMQ0%2FTUg%3D%3D
182,2025_PWDJK_288891_1,18,[Macadamization of Kargama Inner Links (Kargama to Marathgam)],19-Sep-2025 12:00 PM,PWD||Chief Engineer North Kashmir||Kupwara Circle||Langate Division,29-Sep-2025 01:00 PM,https://jktenders.gov.in/nicgep/app?component=%24DirectLink&page=FrontEndLatestActiveCorrigendums&service=direct&session=T&sp=SqQu3D7VzyIikIko8yP8OVQ%3D%3D
183,2025_SICOP_288890_1,18,[Providing and laying of G.I pipes for distribution at IE Khrew Pulwama Kashmir],19-Sep-2025 12:00 PM,SICOP||SICOP Jammu,03-Oct-2025 05:00 PM,https://jktenders.gov.in/nicgep/app?component=%24DirectLink&page=FrontEndLatestActiveCorrigendums&service=direct&session=T&sp=SoEEBp%2B7WmqK%2B0KWYHToDtQ%3D%3D
184,2025_PDD_288850_1,18,[STDIV/46 OF 2025],19-Sep-2025 10:00 AM,DC-PDD||CE-M and RE Wing Jammu||Rajouri||STD-IV Kalakote,08-Oct-2025 04:00 PM,https://jktenders.gov.in/nicgep/app?component=%24DirectLink&page=FrontEndLatestActiveCorrigendums&service=direct&session=T&sp=S%2BJ%2BWjkkn2bRSkCQBK914WA%3D%3D
185,2025_PDD_288806_1,18,"[RATE CONTRACT for Erection/ Dismantling of ERS in 220/132 KV D/C lines and associated Works for restoration of various Transmission Lines  under the jurisdiction of TLMD-III ,JKPTCL Udhampur ]",19-Sep-2025 10:00 AM,DC-PDD||CE-S and O Wing Jammu||CIRCLE I-Jammu||TLMD-III Uadhampur,29-Sep-2025 04:00 PM,https://jktenders.gov.in/nicgep/app?component=%24DirectLink&page=FrontEndLatestActiveCorrigendums&service=direct&session=T&sp=Sw%2Fb6ug9DI24iR%2BowUTxCiA%3D%3D
186,2025_PWDJK_288861_1,18,[Providing laying/ fitting of the damaged part including the leftover of intake main of 200mm dia pipe line including successful testing and commissioning of both already laid and newly to be laid ie from RD. 0.00 from Head site to RD 4000 Mtrs. Compl],19-Sep-2025 09:00 AM,PWD||Chief Engineer North Kashmir||Bandipora Circle||Gurez Division,29-Sep-2025 04:00 PM,https://jktenders.gov.in/nicgep/app?component=%24DirectLink&page=FrontEndLatestActiveCorrigendums&service=direct&session=T&sp=S7%2FRByxGJQNq7TuayYnY6Fw%3D%3D
187,2025_HAUDD_288857_1,18,"[Development upgradation of road from house of Bashir Ahmad Khan to house of Rajinder Singh at Harco Colony Lane by way of P/L of 50mm BM, 25mm SD and premixed seal coat]",19-Sep-2025 09:00 AM,HAUDD||Srinagar Municipal Corporation||City Roads Division Srinagar,29-Sep-2025 04:00 PM,https://jktenders.gov.in/nicgep/app?component=%24DirectLink&page=FrontEndLatestActiveCorrigendums&service=direct&session=T&sp=S3%2F88KVPMBLXigApdAUmmUg%3D%3D
188,2025_PWDJK_288458_6,18,[Boundary Wall And Road/Path at PHC Devsar],19-Sep-2025 09:00 AM,PWD||Chief Engineer South Kashmir||Kulgam Circle||Kulgam Division,29-Sep-2025 04:00 PM,https://jktenders.gov.in/nicgep/app?component=%24DirectLink&page=FrontEndLatestActiveCorrigendums&service=direct&session=T&sp=SIj8H674g2LTCnV3I7M0Cng%3D%3D
189,2025_RDPR_288851_1,18,[Construction of T-Road from Dangakote to Kali Mitti Bridge Panchyat Dangakote Tehsil and Block Bhomag District Reasi for the year 2025-26 Head UT Capex 2025-26],18-Sep-2025 06:30 PM,Rural Development and Panchayati Raj||Directorate of Rural Development  Department JAMMU||Superintending Engineer REW Jammu||XEN REW REASI,29-Sep-2025 06:00 PM,https://jktenders.gov.in/nicgep/app?component=%24DirectLink&page=FrontEndLatestActiveCorrigendums&service=direct&session=T&sp=S5xyIuG8MLFMNlmOwC1jQmQ%3D%3D
190,2025_RDPR_288851_3,18,[Construction of Lane and drain with tile work from Hanuman Mandir to Badyal Mohalla pyt Kotli Bajallian Block  Katra Dist Reasi under CD and PYT  grant for the year 2025-26.  ],18-Sep-2025 06:30 PM,Rural Development and Panchayati Raj||Directorate of Rural Development  Department JAMMU||Superintending Engineer REW Jammu||XEN REW REASI,29-Sep-2025 06:00 PM,https://jktenders.gov.in/nicgep/app?component=%24DirectLink&page=FrontEndLatestActiveCorrigendums&service=direct&session=T&sp=SzMA7ZQqzKuuHXlBq39RejQ%3D%3D
191,2025_RDPR_288851_3,19,[Construction of Lane and drain with tile work from Hanuman Mandir to Badyal Mohalla pyt Kotli Bajallian Block  Katra Dist Reasi under CD and PYT  grant for the year 2025-26.  ],18-Sep-2025 06:30 PM,Rural Development and Panchayati Raj||Directorate of Rural Development  Department JAMMU||Superintending Engineer REW Jammu||XEN REW REASI,29-Sep-2025 06:00 PM,https://jktenders.gov.in/nicgep/app?component=%24DirectLink&page=FrontEndLatestActiveCorrigendums&service=direct&session=T&sp=SzMA7ZQqzKuuHXlBq39RejQ%3D%3D
192,2025_PHE_288832_20,19,"[Construction of Borewell near Block Development Office, Vessu (Block Vessu)    Panchayat Vessu District Anantnag.]",18-Sep-2025 06:00 PM,PHE||CE PHE Kashmir||Mech Circle North Srinagar||Ground Water Division,04-Oct-2025 11:00 AM,https://jktenders.gov.in/nicgep/app?component=%24DirectLink&page=FrontEndLatestActiveCorrigendums&service=direct&session=T&sp=S2DKq0q%2B1SJsQtqqnQJkegw%3D%3D
193,2025_PHE_288832_16,19,"[Construction of Machine Drilled Borewell alongwith motor at Andrempora, Khayar  (Block Khoveripora) Panchayat Khayar District Anantnag.]",18-Sep-2025 06:00 PM,PHE||CE PHE Kashmir||Mech Circle North Srinagar||Ground Water Division,04-Oct-2025 11:00 AM,https://jktenders.gov.in/nicgep/app?component=%24DirectLink&page=FrontEndLatestActiveCorrigendums&service=direct&session=T&sp=SRsQkvTymrhxSNENpTI%2FNqg%3D%3D
194,2025_PHE_288832_14,19,[Construction of 125 mm dia Machine Drilled Borewell at Panard (Block Dachnipora)    Panchayat Khiram Upper District Anantnag.],18-Sep-2025 06:00 PM,PHE||CE PHE Kashmir||Mech Circle North Srinagar||Ground Water Division,04-Oct-2025 11:00 AM,https://jktenders.gov.in/nicgep/app?component=%24DirectLink&page=FrontEndLatestActiveCorrigendums&service=direct&session=T&sp=SmwBJ%2FB91h125k25kdacY%2BA%3D%3D
195,2025_PWDJK_288745_1,19,[C/O drain with spun pipes from land  of Manzoor Ahmad Malik upto  Land  Mukhtar Ahmad bhat at Lal Nad Shopian.],18-Sep-2025 06:00 PM,PWD||Chief Engineer South Kashmir||Pulwama-Shopian Circle||Shopian Division,29-Sep-2025 02:00 PM,https://jktenders.gov.in/nicgep/app?component=%24DirectLink&page=FrontEndLatestActiveCorrigendums&service=direct&session=T&sp=SZmiCIO1JaC0IVjJB%2FPxSXw%3D%3D
196,2025_PHE_288832_17,19,[Construction of Bore well/Tube Well Kashmiri Mohalla Wander Gund District Anantnag                  (Block Chittergul) Panchayat Panchalthan District Anantnag.],18-Sep-2025 06:00 PM,PHE||CE PHE Kashmir||Mech Circle North Srinagar||Ground Water Division,04-Oct-2025 11:00 AM,https://jktenders.gov.in/nicgep/app?component=%24DirectLink&page=FrontEndLatestActiveCorrigendums&service=direct&session=T&sp=SWwlQfzEHpDEvs6V0iGkiWw%3D%3D
197,2025_RDPR_288791_4,19,[Construction of Bathroom Nr. H/o Karam Din Pyt. Karmara Block Poonch Under DDC Grant Year 2025-26],18-Sep-2025 06:00 PM,Rural Development and Panchayati Raj||Directorate of Rural Development  Department JAMMU||Superintending Engineer REW Jammu||XEN REW POONCH,29-Sep-2025 06:55 PM,https://jktenders.gov.in/nicgep/app?component=%24DirectLink&page=FrontEndLatestActiveCorrigendums&service=direct&session=T&sp=S23UqQfkIRE7HOEkh2wryNw%3D%3D
198,2025_PHE_288832_22,19,[Construction of 02 No. Tube Well at Khull Chohar (Block Shangus) Panchayat Khull   Chohar District Anantnag.],18-Sep-2025 06:00 PM,PHE||CE PHE Kashmir||Mech Circle North Srinagar||Ground Water Division,04-Oct-2025 11:00 AM,https://jktenders.gov.in/nicgep/app?component=%24DirectLink&page=FrontEndLatestActiveCorrigendums&service=direct&session=T&sp=SEO5JUyRKdsCXw7WSZMAbrw%3D%3D
199,2025_PHE_288832_15,19,[Construction of 125 mm dia Machine Drilled Borewell at Sangard (Block Dachnipora)     Panchayat Khiram Middle District Anantnag.],18-Sep-2025 06:00 PM,PHE||CE PHE Kashmir||Mech Circle North Srinagar||Ground Water Division,04-Oct-2025 11:00 AM,https://jktenders.gov.in/nicgep/app?component=%24DirectLink&page=FrontEndLatestActiveCorrigendums&service=direct&session=T&sp=SbUtU4tFnVTIEeMhcDHADdg%3D%3D
200,2025_PDD_288847_1,19,[STDIV/45 OF 2025-26],18-Sep-2025 06:00 PM,DC-PDD||CE-M and RE Wing Jammu||Rajouri||STD-IV Kalakote,08-Oct-2025 04:00 PM,https://jktenders.gov.in/nicgep/app?component=%24DirectLink&page=FrontEndLatestActiveCorrigendums&service=direct&session=T&sp=SfsH7%2BdwNanBRClFXjjNv1w%3D%3D
201,2025_PDD_288847_1,20,[STDIV/45 OF 2025-26],18-Sep-2025 06:00 PM,DC-PDD||CE-M and RE Wing Jammu||Rajouri||STD-IV Kalakote,08-Oct-2025 04:00 PM,https://jktenders.gov.in/nicgep/app?component=%24DirectLink&page=FrontEndLatestActiveCorrigendums&service=direct&session=T&sp=SfsH7%2BdwNanBRClFXjjNv1w%3D%3D
202,2025_PHE_288832_24,20,[Construction of Borewell with Submersible Pump at Govt. Girls Model Middle School   Nanil (Block Khoveripora) Panchayat Nanil District Anantnag.],18-Sep-2025 06:00 PM,PHE||CE PHE Kashmir||Mech Circle North Srinagar||Ground Water Division,04-Oct-2025 11:00 AM,https://jktenders.gov.in/nicgep/app?component=%24DirectLink&page=FrontEndLatestActiveCorrigendums&service=direct&session=T&sp=S3zFLSmLt%2Fo5hCnBl7p2VAA%3D%3D
203,2025_PHE_288832_23,20,[Construction of Borewell at Govt. Degree College Larnoo (Block Larnoo) Panchayat   Larnoo-B District Anantnag.],18-Sep-2025 06:00 PM,PHE||CE PHE Kashmir||Mech Circle North Srinagar||Ground Water Division,04-Oct-2025 11:00 AM,https://jktenders.gov.in/nicgep/app?component=%24DirectLink&page=FrontEndLatestActiveCorrigendums&service=direct&session=T&sp=SMu2hJQLRkf3MBepnAfVfYQ%3D%3D
204,2025_PHE_288832_15,20,[Construction of 125 mm dia Machine Drilled Borewell at Sangard (Block Dachnipora)     Panchayat Khiram Middle District Anantnag.],18-Sep-2025 06:00 PM,PHE||CE PHE Kashmir||Mech Circle North Srinagar||Ground Water Division,04-Oct-2025 11:00 AM,https://jktenders.gov.in/nicgep/app?component=%24DirectLink&page=FrontEndLatestActiveCorrigendums&service=direct&session=T&sp=SbUtU4tFnVTIEeMhcDHADdg%3D%3D
205,2025_PHE_288832_18,20,[Construction of Tubewell at Banthanu A K Pora (Block Shahabad) Panchayat A.K Pora                      District Anantnag.],18-Sep-2025 06:00 PM,PHE||CE PHE Kashmir||Mech Circle North Srinagar||Ground Water Division,04-Oct-2025 11:00 AM,https://jktenders.gov.in/nicgep/app?component=%24DirectLink&page=FrontEndLatestActiveCorrigendums&service=direct&session=T&sp=SEIEnshn6YiNPC2Mgc5oKtA%3D%3D
206,2025_FD_288837_1,20,[Providing and Installation of Sprinkler System],18-Sep-2025 05:50 PM,FOREST DEPARTMENT||DIRECTOR SFRI||CONSERVATOR OF FORESTS Research Circle JAMMU||DFO Seed Development Div. Jammu,29-Sep-2025 02:00 PM,https://jktenders.gov.in/nicgep/app?component=%24DirectLink&page=FrontEndLatestActiveCorrigendums&service=direct&session=T&sp=SLxyenCz71E6sRZ0Je0YtQQ%3D%3D
207,2025_PHE_288832_9,20,[Installation of Tubewell NLO Muzaffar Ahmad Malik and Others (Kral Kah) (Block   Shahabad) Panchayat Hakura-A District Anantnag.],18-Sep-2025 05:00 PM,PHE||CE PHE Kashmir||Mech Circle North Srinagar||Ground Water Division,04-Oct-2025 11:00 AM,https://jktenders.gov.in/nicgep/app?component=%24DirectLink&page=FrontEndLatestActiveCorrigendums&service=direct&session=T&sp=SVNOxAON2%2FyaUfOB2uhLWvQ%3D%3D
208,2025_PHE_288832_10,20,[Installation of Tubewell NLO Mohd Yousuf Itoo and Others (Yud Batun) (Block    Shahabad) Panchayat A K Pora District Anantnag.],18-Sep-2025 05:00 PM,PHE||CE PHE Kashmir||Mech Circle North Srinagar||Ground Water Division,04-Oct-2025 11:00 AM,https://jktenders.gov.in/nicgep/app?component=%24DirectLink&page=FrontEndLatestActiveCorrigendums&service=direct&session=T&sp=SQZQkSJH%2BoRt35b9JS8ehAw%3D%3D
209,2025_PHE_288832_13,20,[Installation of Tubewell NHO Mohd Maqbool Sheikh Main Market Near Chinar Tree   Shelipora (Block Shahabad) Panchayat Lokbawan District Anantnag.],18-Sep-2025 05:00 PM,PHE||CE PHE Kashmir||Mech Circle North Srinagar||Ground Water Division,04-Oct-2025 11:00 AM,https://jktenders.gov.in/nicgep/app?component=%24DirectLink&page=FrontEndLatestActiveCorrigendums&service=direct&session=T&sp=SLw7qiexhVQS31JbmxCnpHg%3D%3D
210,2025_PHE_288832_3,20,[Construction of Borewell NLO Master Mohd Yousuf and  Mohd Yousuf Dar at Aadbal Dethu   (Block Chittergul Shangus) Panchayat Deethu-B District Anantnag.],18-Sep-2025 05:00 PM,PHE||CE PHE Kashmir||Mech Circle North Srinagar||Ground Water Division,04-Oct-2025 11:00 AM,https://jktenders.gov.in/nicgep/app?component=%24DirectLink&page=FrontEndLatestActiveCorrigendums&service=direct&session=T&sp=S0jZWo4TGdph2rv%2FxwX8F%2Bw%3D%3D
211,2025_PHE_288832_3,21,[Construction of Borewell NLO Master Mohd Yousuf and  Mohd Yousuf Dar at Aadbal Dethu   (Block Chittergul Shangus) Panchayat Deethu-B District Anantnag.],18-Sep-2025 05:00 PM,PHE||CE PHE Kashmir||Mech Circle North Srinagar||Ground Water Division,04-Oct-2025 11:00 AM,https://jktenders.gov.in/nicgep/app?component=%24DirectLink&page=FrontEndLatestActiveCorrigendums&service=direct&session=T&sp=S0jZWo4TGdph2rv%2FxwX8F%2Bw%3D%3D
212,2025_PHE_288832_4,21,[Construction of Borewell at Ikbar Mohalla Deethu New colony (Block Chittergul Shangus) Panchayat Deethu-B District Anantnag.],18-Sep-2025 05:00 PM,PHE||CE PHE Kashmir||Mech Circle North Srinagar||Ground Water Division,04-Oct-2025 11:00 AM,https://jktenders.gov.in/nicgep/app?component=%24DirectLink&page=FrontEndLatestActiveCorrigendums&service=direct&session=T&sp=ST%2BNGeO%2B%2B%2FW29bq3c0pWFZg%3D%3D
213,2025_PHE_288832_2,21,[Construction of Borewell Near Orchard Land of Mohd Yakoob Sheikh and Others at                   C.S Pora (Block Achabal) Panchayat CS Pora District Anantnag.],18-Sep-2025 05:00 PM,PHE||CE PHE Kashmir||Mech Circle North Srinagar||Ground Water Division,04-Oct-2025 11:00 AM,https://jktenders.gov.in/nicgep/app?component=%24DirectLink&page=FrontEndLatestActiveCorrigendums&service=direct&session=T&sp=SxVzwei3YXpQCWESx5VY9YQ%3D%3D
214,2025_PHE_288832_9,21,[Installation of Tubewell NLO Muzaffar Ahmad Malik and Others (Kral Kah) (Block   Shahabad) Panchayat Hakura-A District Anantnag.],18-Sep-2025 05:00 PM,PHE||CE PHE Kashmir||Mech Circle North Srinagar||Ground Water Division,04-Oct-2025 11:00 AM,https://jktenders.gov.in/nicgep/app?component=%24DirectLink&page=FrontEndLatestActiveCorrigendums&service=direct&session=T&sp=SVNOxAON2%2FyaUfOB2uhLWvQ%3D%3D
215,2025_PHE_288832_6,21,[Construction of Borewell NLO Reyaz Ahmad NHO Ab. Salam Reshi and Others at Akingam (Block Achabal) Panchayat Akingam District Anantnag.],18-Sep-2025 05:00 PM,PHE||CE PHE Kashmir||Mech Circle North Srinagar||Ground Water Division,04-Oct-2025 11:00 AM,https://jktenders.gov.in/nicgep/app?component=%24DirectLink&page=FrontEndLatestActiveCorrigendums&service=direct&session=T&sp=SP6sMG1PFBRLOsrw4AzwcYA%3D%3D
216,2025_PHE_288832_12,21,[Installation of Tubewell NLO Mohd Ahsan Bhat and Others (Hanzein) (Block Shahabad)    Panchayat A K Pora District Anantnag],18-Sep-2025 05:00 PM,PHE||CE PHE Kashmir||Mech Circle North Srinagar||Ground Water Division,04-Oct-2025 11:00 AM,https://jktenders.gov.in/nicgep/app?component=%24DirectLink&page=FrontEndLatestActiveCorrigendums&service=direct&session=T&sp=Sw2h%2BYqSliHcvLvUv3L3pXA%3D%3D
217,2025_PHE_288832_5,21,[Construction of Borewell NHO Fayaz Ahmad Ganie S/O Khizir Mohd Ganie at Tailwani    (Block Achabal) Panchayat Tailwani District Anantnag.],18-Sep-2025 05:00 PM,PHE||CE PHE Kashmir||Mech Circle North Srinagar||Ground Water Division,04-Oct-2025 11:00 AM,https://jktenders.gov.in/nicgep/app?component=%24DirectLink&page=FrontEndLatestActiveCorrigendums&service=direct&session=T&sp=SAQXdAqHjhdEwmsFYDszE5Q%3D%3D
218,2025_PHE_288832_11,21,[Installation of Tubewell NLO Gh. Mohd-ud-din Sheikh and Others (8-Weuth) (Block    Shahabad) Panchayat A K Pora District Anantnag.],18-Sep-2025 05:00 PM,PHE||CE PHE Kashmir||Mech Circle North Srinagar||Ground Water Division,04-Oct-2025 11:00 AM,https://jktenders.gov.in/nicgep/app?component=%24DirectLink&page=FrontEndLatestActiveCorrigendums&service=direct&session=T&sp=SEX06Ws3JtqxoVekKloCfDA%3D%3D
219,2025_PHE_288832_8,21,[Installation of Tubewell Near NLO Shabir Ahmad Itoo and Others (Ranger Kher) (Block Shahabad) Panchayat A K Pora District Anantnag.],18-Sep-2025 05:00 PM,PHE||CE PHE Kashmir||Mech Circle North Srinagar||Ground Water Division,04-Oct-2025 11:00 AM,https://jktenders.gov.in/nicgep/app?component=%24DirectLink&page=FrontEndLatestActiveCorrigendums&service=direct&session=T&sp=S4eUFWSnSIlnX401t8vbKtw%3D%3D
220,2025_PHE_288832_7,21,[Construction of Borewell NHO M Iqbal Ganie and Others at Kadapora (Block Achabal) Panchayat Kadapora District Anantnag],18-Sep-2025 05:00 PM,PHE||CE PHE Kashmir||Mech Circle North Srinagar||Ground Water Division,04-Oct-2025 11:00 AM,https://jktenders.gov.in/nicgep/app?component=%24DirectLink&page=FrontEndLatestActiveCorrigendums&service=direct&session=T&sp=ScPBpOsfnmcMBfJgPCmTwyw%3D%3D
221,2025_PWDJK_288770_9,22,[Up gradation of Road bwo cc drain at Green Land Colony Ajar.],18-Sep-2025 04:40 PM,PWD||Chief Engineer North Kashmir||Bandipora Circle||Bandipora Division,30-Sep-2025 04:00 PM,https://jktenders.gov.in/nicgep/app?component=%24DirectLink&page=FrontEndLatestActiveCorrigendums&service=direct&session=T&sp=S%2F1qiulyadcBX13%2FWJghYYg%3D%3D
222,,22,[Providing and fixing of PVC Paneling and other allied works in identified 10-rooms of Eagle-block TRC Jammu.],18-Sep-2025 04:00 PM,Tourism||JK Tourism Development Corporation,29-Sep-2025 04:00 PM,https://jktenders.gov.in/nicgep/app?component=%24DirectLink&page=FrontEndLatestActiveCorrigendums&service=direct&session=T&sp=SLHWUi%2FV8qvzWbauZyjS3HA%3D%3D
223,2025_PWDJK_288784_2,22,[Restoration of Tachloo Link Road by way of macadamisation in patches and stretches.],18-Sep-2025 04:00 PM,PWD||Chief Engineer South Kashmir||Pulwama-Shopian Circle||Zainpora Division,29-Sep-2025 06:00 PM,https://jktenders.gov.in/nicgep/app?component=%24DirectLink&page=FrontEndLatestActiveCorrigendums&service=direct&session=T&sp=SxoA%2FTTfMlic914gqQpa1lQ%3D%3D
224,2025_PWDJK_288739_1,22,[Supply of Spares/Repairs to Snow Cat 17 (Farmtrac 60 HP) of Mechanical and Hospital Sub Division 1st Anantnag.],18-Sep-2025 04:00 PM,PWD||CE Mechanical and Hospital Directorate Kashmir||SE Mechanical and Hospital Circle Kashmir||Mechanical and Hospital Division Anantnag,30-Sep-2025 02:00 PM,https://jktenders.gov.in/nicgep/app?component=%24DirectLink&page=FrontEndLatestActiveCorrigendums&service=direct&session=T&sp=S2FdIh94xQqmosEQEzxWlIg%3D%3D
225,2025_PWDJK_288784_1,22,[Repair/Restoration of Bijibhara Shopian Road.],18-Sep-2025 04:00 PM,PWD||Chief Engineer South Kashmir||Pulwama-Shopian Circle||Zainpora Division,29-Sep-2025 06:00 PM,https://jktenders.gov.in/nicgep/app?component=%24DirectLink&page=FrontEndLatestActiveCorrigendums&service=direct&session=T&sp=SKRxqyNnPP32KGUJ1vwUQQQ%3D%3D
226,2025_PWDJK_288784_3,22,[Repair/Restoration of Ahgam Bala Nowpora Road by way of macadamisation in patches and stretches.],18-Sep-2025 04:00 PM,PWD||Chief Engineer South Kashmir||Pulwama-Shopian Circle||Zainpora Division,29-Sep-2025 06:00 PM,https://jktenders.gov.in/nicgep/app?component=%24DirectLink&page=FrontEndLatestActiveCorrigendums&service=direct&session=T&sp=SBsJdh08NnTzj%2BO%2FBYiaUtg%3D%3D
227,2025_PWDJK_288739_2,22,[Supply of Spares/Repairs to Snow Machine 59 (TATA 715) of Mechanical and Hospital Sub Division 1st Anantnag.],18-Sep-2025 04:00 PM,PWD||CE Mechanical and Hospital Directorate Kashmir||SE Mechanical and Hospital Circle Kashmir||Mechanical and Hospital Division Anantnag,30-Sep-2025 02:00 PM,https://jktenders.gov.in/nicgep/app?component=%24DirectLink&page=FrontEndLatestActiveCorrigendums&service=direct&session=T&sp=SjoYBCODVVLJD%2BgcjQJgHSw%3D%3D
228,,22,[Providing and fixing of PVC Paneling and other allied works in identified 20-rooms of D-block TRC Jammu.],18-Sep-2025 03:20 PM,Tourism||JK Tourism Development Corporation,29-Sep-2025 04:00 PM,https://jktenders.gov.in/nicgep/app?component=%24DirectLink&page=FrontEndLatestActiveCorrigendums&service=direct&session=T&sp=SmSwy9ikWmV7pjVGEIxlxNQ%3D%3D
229,2025_SICOP_288786_1,22,[Construction of boundary wall backside of industrial Estate Vessu Anantnag],18-Sep-2025 03:00 PM,SICOP||SICOP Jammu,03-Oct-2025 05:00 PM,https://jktenders.gov.in/nicgep/app?component=%24DirectLink&page=FrontEndLatestActiveCorrigendums&service=direct&session=T&sp=SCDBCkpZzGovChaQjZz1nuA%3D%3D
230,2025_PHE_288734_3,22,[Construction of pump room at stage Sounthal (UT Capex Budget)],18-Sep-2025 03:00 PM,PHE||CE PHE Jammu||Hydraulic Circle Kathua||Division Kathua,29-Sep-2025 04:00 PM,https://jktenders.gov.in/nicgep/app?component=%24DirectLink&page=FrontEndLatestActiveCorrigendums&service=direct&session=T&sp=SqT9m2dLQohozpjo2UMt0Yg%3D%3D
231,2025_PWDJK_288775_1,23,[Upgradation Of basic  infrastructure requirements of  (RandB) Mechanical Division South  Kashmir. (Renovation and Repair) ],18-Sep-2025 02:30 PM,PWD||Chief Engineer South Kashmir||Executive Engineer Mechanical South,29-Sep-2025 02:00 PM,https://jktenders.gov.in/nicgep/app?component=%24DirectLink&page=FrontEndLatestActiveCorrigendums&service=direct&session=T&sp=SdJXm0YPrshgmFogVdlFaJA%3D%3D
232,2025_PWDJK_288698_2,23,[Development of Playground at Beer Bagh Doda ],18-Sep-2025 10:00 AM,PWD||CE RandB Pir Chenab||SE RandB Doda-Kishtwar||EE RandB Doda,03-Oct-2025 04:00 PM,https://jktenders.gov.in/nicgep/app?component=%24DirectLink&page=FrontEndLatestActiveCorrigendums&service=direct&session=T&sp=SxApTsFIf%2B5wXZJRfLJgUrQ%3D%3D
233,2025_IFC_288708_1,23,[Raising of Bund on Tullamulal Nalla near the House of Peer Mushtaq Sahab Peer Mohalla Tullamulla],18-Sep-2025 10:00 AM,I and FC||CE - I and FC Kashmir,29-Sep-2025 04:00 PM,https://jktenders.gov.in/nicgep/app?component=%24DirectLink&page=FrontEndLatestActiveCorrigendums&service=direct&session=T&sp=SoC%2BCDhX%2FOQbHkzRX21Eo8A%3D%3D
234,2025_FD_287035_4,23,[Construction of leftover Boundary Pillars at Chinar I Chinar II Numblan Karewan Manloo and ChamderDaji Forests of Shopian Romshi Forest Ranges Forest Division Shopian under CAPEX Budget Year 2025-26],18-Sep-2025 10:00 AM,FOREST DEPARTMENT||Chief Conservator Forest(CCF) Kashmir||CF South Circle||DFO Shopian,30-Sep-2025 02:00 PM,https://jktenders.gov.in/nicgep/app?component=%24DirectLink&page=FrontEndLatestActiveCorrigendums&service=direct&session=T&sp=S9XuQSXywJ%2BZ%2FLTtTGamz4Q%3D%3D
235,2025_PWDJK_288590_1,23,[Temporary Restoration of Gharattal to Goshan   by way of Crated  R/wall washed away due to heavy  rain on 24-08-2025      ],18-Sep-2025 09:00 AM,PWD||CE RandB Jammu||SE RandB North Jammu||EE RandB Akhnoor,29-Sep-2025 06:00 PM,https://jktenders.gov.in/nicgep/app?component=%24DirectLink&page=FrontEndLatestActiveCorrigendums&service=direct&session=T&sp=SM5tCKiU%2F0YfAS4BqqpPaBw%3D%3D
236,2025_PWDJK_288697_1,23,[Blacktopping of Sui Sambal road near tyre repairing shop on ice factory road Udhampur (under Distt. Capex Budget Untied Grants Sector 2025-26)],17-Sep-2025 06:15 PM,PWD||CE RandB Pir Chenab||SE RandB Udhampur Ramban||EE RandB Udhampur,29-Sep-2025 06:00 PM,https://jktenders.gov.in/nicgep/app?component=%24DirectLink&page=FrontEndLatestActiveCorrigendums&service=direct&session=T&sp=SA4Ck%2FoLpR%2BIY24tRKkvcqA%3D%3D
237,2025_FD_288686_1,23,[Construction of Check Dam at co.35B Mansoor of Mohargarh Range],17-Sep-2025 06:00 PM,FOREST DEPARTMENT||Chief Conservator of Forests Jammu||CF East Circle Jammu||Samba Forest Division,29-Sep-2025 02:00 PM,https://jktenders.gov.in/nicgep/app?component=%24DirectLink&page=FrontEndLatestActiveCorrigendums&service=direct&session=T&sp=S3ZF2GEwHGsIkf8OBXAsvkw%3D%3D
238,2025_PWDJK_288682_1,23,"[Re-Organization/Re-Arrangement of Electric wires in and around the Deputy Commissioner Office, Anantnag]",17-Sep-2025 06:00 PM,PWD||Chief Engineer Central Kashmir||Srinagar South Circle,03-Oct-2025 04:00 PM,https://jktenders.gov.in/nicgep/app?component=%24DirectLink&page=FrontEndLatestActiveCorrigendums&service=direct&session=T&sp=S3iSr7hj5IXLUoMFw9oLlkQ%3D%3D
239,2025_HME_288690_1,23,[Cafeteria Tuck shop Nescafe for Doctors   Students  in Associated Hospital  Government Medical College Rajouri at Kheora],17-Sep-2025 05:40 PM,Health and Medical Education||State health Society NHM J and K||District Health Society Rajouri||Govt. District Hospital Rajouri,30-Sep-2025 04:00 PM,https://jktenders.gov.in/nicgep/app?component=%24DirectLink&page=FrontEndLatestActiveCorrigendums&service=direct&session=T&sp=SQ5xdfJmTSCbHjrGs3bdYxA%3D%3D
240,2025_PWDJK_288672_1,23,"[Design, Supply, Installation, Testing and Commissioning of 01 No. 20 Person Bed Cum Passenger, (G plus 2) Lift with allied works at Associated Hospital GMC Baramulla.]",17-Sep-2025 05:00 PM,PWD||Chief Engineer North Kashmir||Executive Engineer Mechanical North,08-Oct-2025 06:00 PM,https://jktenders.gov.in/nicgep/app?component=%24DirectLink&page=FrontEndLatestActiveCorrigendums&service=direct&session=T&sp=SEGD61FG4Rw3j%2FhgQKUB%2BFw%3D%3D
241,2025_PWDJK_288660_1,24,[Maintenance and repair works in Boiler House at Bone and joint Hospital Srinagar],17-Sep-2025 05:00 PM,PWD||CE Mechanical and Hospital Directorate Kashmir||SE Mechanical and Hospital Circle Kashmir||Mechanical and Hospital Division Srinagar,30-Sep-2025 01:00 PM,https://jktenders.gov.in/nicgep/app?component=%24DirectLink&page=FrontEndLatestActiveCorrigendums&service=direct&session=T&sp=SweyLDUqwPX%2BKtsf4c3SN9Q%3D%3D
242,2025_HAUDD_288677_1,24,"[EOI for Appointment of UT Level Consultancy for Integrated Preparation of Sewerage, Drainage and Water Supply Masterplan Report and DPRs for Gap management in Jammu and Srinagar Metropolitan Region]",17-Sep-2025 05:00 PM,HAUDD||Urban Environmental Engineering Dept||S and D Div 1st Srinagar,29-Sep-2025 01:00 PM,https://jktenders.gov.in/nicgep/app?component=%24DirectLink&page=FrontEndLatestActiveCorrigendums&service=direct&session=T&sp=Sgjcp%2BfQFQ5%2B6M%2BuT2UEaNw%3D%3D
243,2025_PHE_288631_1,24,[Dugwell well with R wall at Panchayat Chirdi Ward 9 near Shiv Mandir  Udhampur under 4225 Capital Outlay on welfare of Schedule Caste  Schedule Tribe and other backward classes for the year 2025-26],17-Sep-2025 05:00 PM,PHE||CE PHE Jammu||Hydraulic Circle Udhampur||Division Udhampur,29-Sep-2025 02:00 PM,https://jktenders.gov.in/nicgep/app?component=%24DirectLink&page=FrontEndLatestActiveCorrigendums&service=direct&session=T&sp=SF04zsAqtIhVsVyAn59nZrA%3D%3D
244,2025_PHE_288631_2,24,[Provision of 2 inch water connection in Gaddi Sippy Boys Hostel Udhampur (under 4225 Capital Outlay on welfare of Schedule Caste  Schedule Tribe and other backward classes for the year 2025-26],17-Sep-2025 05:00 PM,PHE||CE PHE Jammu||Hydraulic Circle Udhampur||Division Udhampur,29-Sep-2025 02:00 PM,https://jktenders.gov.in/nicgep/app?component=%24DirectLink&page=FrontEndLatestActiveCorrigendums&service=direct&session=T&sp=SzgM2kCSVylfGjZ3F0gj0Mw%3D%3D
245,2025_PWDJK_288663_1,24,"[Creation of Infrastructure for establishment of the Cluster University, Jammu under the CSS-Rastiriya Uchchatar Shiksha Abhiyan (RUSA) Construction of 3 No. RCC Water Tanks for Fire Fighting Dystem at Govt. College for Women Gandhi Nagar, Jammu]",17-Sep-2025 04:55 PM,PWD||CE RandB Jammu||SE RandB South Jammu||EE RandB Gandhi Nagar,30-Sep-2025 06:00 PM,https://jktenders.gov.in/nicgep/app?component=%24DirectLink&page=FrontEndLatestActiveCorrigendums&service=direct&session=T&sp=S%2B1mKkBNgBsr1jHMc%2B9l0Bg%3D%3D
246,2025_PWDJK_288663_2,24,"[Providing and laying of 60mm thick paver block interlocking tiles near H/o S.S. Sasan at Digiana Camp W.No. 58, Jammu (Under M.H-4059-District Plan)]",17-Sep-2025 04:55 PM,PWD||CE RandB Jammu||SE RandB South Jammu||EE RandB Gandhi Nagar,30-Sep-2025 06:00 PM,https://jktenders.gov.in/nicgep/app?component=%24DirectLink&page=FrontEndLatestActiveCorrigendums&service=direct&session=T&sp=S%2FsjlDzxY6ReRYH848HeB8g%3D%3D
247,2025_RDPR_288554_3,24,[Construction of protection Bund at wanimohallahNHO Irshad  Ahmed],17-Sep-2025 04:30 PM,Rural Development and Panchayati Raj||Directorate of Rural Development  Department JAMMU||Superintending Engineer REW Jammu||XEN REW KISHTWAR,30-Sep-2025 04:30 PM,https://jktenders.gov.in/nicgep/app?component=%24DirectLink&page=FrontEndLatestActiveCorrigendums&service=direct&session=T&sp=S%2BGIsA4uDSBytvbfVqml1fg%3D%3D
248,2025_RDPR_288554_2,24,[Construction of protection Bund near Butpora Nalla],17-Sep-2025 04:30 PM,Rural Development and Panchayati Raj||Directorate of Rural Development  Department JAMMU||Superintending Engineer REW Jammu||XEN REW KISHTWAR,30-Sep-2025 04:30 PM,https://jktenders.gov.in/nicgep/app?component=%24DirectLink&page=FrontEndLatestActiveCorrigendums&service=direct&session=T&sp=SyHO%2BdQd3s7tDlhjvNBzT4g%3D%3D
249,2025_SMVSB_288668_1,24,"[Sale of Scrap Items on as is where is basis lying at Scrap Yard, SMVDSB, Banganga.]",17-Sep-2025 04:20 PM,SHRI MATA VAISHNO DEVI SHRINE BOARD,03-Oct-2025 03:00 PM,https://jktenders.gov.in/nicgep/app?component=%24DirectLink&page=FrontEndLatestActiveCorrigendums&service=direct&session=T&sp=SllKvNb7mvxetWf3pldpwxg%3D%3D
250,2025_DGPJK_288534_2,24,[Repair/ renovation of Quarter No. 07 block-I at PHC Qammerwari Srinagar under account Head Minor Civil n Electrical works in Demand-51 Police],17-Sep-2025 04:00 PM,DGP-JK||Addl.DGP-HQ,29-Sep-2025 04:00 PM,https://jktenders.gov.in/nicgep/app?component=%24DirectLink&page=FrontEndLatestActiveCorrigendums&service=direct&session=T&sp=S%2B7gresJUI4a9SqszOgLrsg%3D%3D
251,2025_DGPJK_288534_1,25,[Repair/ renovation of Quarter No. 01 block-C at PHC Qammerwari Srinagar under account Head Minor Civil n Electrical works in Demand-51 Police ],17-Sep-2025 04:00 PM,DGP-JK||Addl.DGP-HQ,29-Sep-2025 04:00 PM,https://jktenders.gov.in/nicgep/app?component=%24DirectLink&page=FrontEndLatestActiveCorrigendums&service=direct&session=T&sp=SJoK2ZF6BtXs8a%2BQZcLRRZA%3D%3D
252,2025_SPORT_288639_1,25,[Electro-technical works including heating system all weather for toddler swimming pool including construction of change room and washroom and allied works Gindun Raj Bagh.],17-Sep-2025 04:00 PM,J and K State Sports Council||Sports Council Construction Div Kashmir,07-Oct-2025 04:00 PM,https://jktenders.gov.in/nicgep/app?component=%24DirectLink&page=FrontEndLatestActiveCorrigendums&service=direct&session=T&sp=SIt5UHkEWE7Gnv8zOtyiTVA%3D%3D
253,2025_DGPJK_288534_2,25,[Repair/ renovation of Quarter No. 07 block-I at PHC Qammerwari Srinagar under account Head Minor Civil n Electrical works in Demand-51 Police],17-Sep-2025 04:00 PM,DGP-JK||Addl.DGP-HQ,29-Sep-2025 04:00 PM,https://jktenders.gov.in/nicgep/app?component=%24DirectLink&page=FrontEndLatestActiveCorrigendums&service=direct&session=T&sp=S%2B7gresJUI4a9SqszOgLrsg%3D%3D
254,2025_SKUST_288586_1,25,"[Upgradation of Existing Administrative Block Alongwith Raising of Additional Floor (NABARD) at Dars Budgam, SKUAST-K]",17-Sep-2025 04:00 PM,SKUAST||SKUAST KASHMIR,29-Sep-2025 06:55 PM,https://jktenders.gov.in/nicgep/app?component=%24DirectLink&page=FrontEndLatestActiveCorrigendums&service=direct&session=T&sp=SvQeYt7zbe50iaCwNY2Od%2BA%3D%3D
255,2025_PWDJK_288608_1,25,[Construction of Conference Hall at PWD Dak Banglow Nowshera (Electrical Part). (3rd call).],17-Sep-2025 04:00 PM,PWD||CE PWD Jammu||Jammu Kathua Circle||PW R and B Electric Div Jammu,29-Sep-2025 04:00 PM,https://jktenders.gov.in/nicgep/app?component=%24DirectLink&page=FrontEndLatestActiveCorrigendums&service=direct&session=T&sp=Stjvg48l2Z%2FIN0G4IAjJZIw%3D%3D
256,2025_DGPJK_288534_4,25,[Repair/ renovation of Quarter No.03 block-N at PHC Qammerwari Srinagar under account Head Minor Civil n Electrical works in Demand-51 Police ],17-Sep-2025 04:00 PM,DGP-JK||Addl.DGP-HQ,29-Sep-2025 04:00 PM,https://jktenders.gov.in/nicgep/app?component=%24DirectLink&page=FrontEndLatestActiveCorrigendums&service=direct&session=T&sp=SlV0P1%2BxbvAY7lEu7042v6w%3D%3D
257,2025_SPORT_288563_1,25,[Construction of open Air Gym at Nalbandpora Srinagar ],17-Sep-2025 03:00 PM,J and K State Sports Council||Sports Council Construction Div Kashmir,07-Oct-2025 04:00 PM,https://jktenders.gov.in/nicgep/app?component=%24DirectLink&page=FrontEndLatestActiveCorrigendums&service=direct&session=T&sp=SPSSPmvuvk7Fi5xflS7UQmw%3D%3D
258,2025_PWDJK_288584_1,25,[Repair and complete servicing of 02 nos Air Circuit Breakers C and S make capacity 800 ampere each synchronized in AMF panel of DG set 500 KVA Sudhir make installed at Oxygen Plant section of Associated Hospital GMC Kathua],17-Sep-2025 01:30 PM,PWD||CE MED Jammu||Mechanical Circle Jammu||Kathua Division,03-Oct-2025 02:00 PM,https://jktenders.gov.in/nicgep/app?component=%24DirectLink&page=FrontEndLatestActiveCorrigendums&service=direct&session=T&sp=S1i5qxDE84al5AjKzRQrqgw%3D%3D
259,2025_SMVSB_288572_1,25,[e-Tenders are invited from the OEM and their authorized distributors / dealers only for Supply of L3 Switches.],17-Sep-2025 12:30 PM,SHRI MATA VAISHNO DEVI SHRINE BOARD,03-Oct-2025 03:00 PM,https://jktenders.gov.in/nicgep/app?component=%24DirectLink&page=FrontEndLatestActiveCorrigendums&service=direct&session=T&sp=S7gL%2BnYhoLH8sCbqYX65TAQ%3D%3D
260,2025_SMVSB_288566_1,25,[e-Tenders are invited from the OEM and their authorized distributors / dealers only for Supply Desktop Work Stations.],17-Sep-2025 12:20 PM,SHRI MATA VAISHNO DEVI SHRINE BOARD,03-Oct-2025 03:00 PM,https://jktenders.gov.in/nicgep/app?component=%24DirectLink&page=FrontEndLatestActiveCorrigendums&service=direct&session=T&sp=SSTNoulpxRUNIPFkPxZGidg%3D%3D
261,2025_IFC_288555_1,26,[Restoration of Channa Neoshi Khul by way of HDPE Pipes at Spots in District Reasi under District Capex Budget 2025-26.],17-Sep-2025 12:00 PM,I and FC||CE-  I and FC Jammu||HYD Circle Udhampur||IFCD Dharmari,03-Oct-2025 04:00 PM,https://jktenders.gov.in/nicgep/app?component=%24DirectLink&page=FrontEndLatestActiveCorrigendums&service=direct&session=T&sp=SukqQYcVcbhokKN1htpWR5Q%3D%3D
262,,26,[Flight Planning Services and FDTL and Software Services to its Agusta 109E Helicopter],17-Sep-2025 11:30 AM,Civil Aviation||Civil Aviation Department,30-Sep-2025 02:00 PM,https://jktenders.gov.in/nicgep/app?component=%24DirectLink&page=FrontEndLatestActiveCorrigendums&service=direct&session=T&sp=SNBwURKDqstE2Vndi0Z6W9g%3D%3D
263,2025_PWDJK_288487_2,26,[Construction of Link Road from Liver Najar Mohalla to Sallar via Land of Ab  Rashid Mir n CC Drain RD 20 Km BL Road at Liver],17-Sep-2025 10:00 AM,PWD||Chief Engineer South Kashmir||Anantnag Circle||Pahalgam Division,29-Sep-2025 04:00 PM,https://jktenders.gov.in/nicgep/app?component=%24DirectLink&page=FrontEndLatestActiveCorrigendums&service=direct&session=T&sp=SBul4rRNzAvXtteDloj6zHg%3D%3D
264,2025_PWDJK_288443_1,26,[C/O U Shaped Drain behind H/O Mohd. Yousuf Ganie to onwards Kralpora Mattan],17-Sep-2025 10:00 AM,PWD||Chief Engineer South Kashmir||Anantnag Circle||Pahalgam Division,29-Sep-2025 04:00 PM,https://jktenders.gov.in/nicgep/app?component=%24DirectLink&page=FrontEndLatestActiveCorrigendums&service=direct&session=T&sp=SZvz0n3%2F3y4F0rFK9QZIIDw%3D%3D
265,2025_FD_288520_1,26,"[Extraction, Conversion, Carriage and Transportation of Firewood to the tune of 1100 Quintals upto Local Firewood Depot(s) and PC Depot Srinagar from Kachwari, Palmaidan, Gurwaith and Raiyar Block of Raithan Range PP Forest Division Budgam for 2025-26]",17-Sep-2025 09:30 AM,FOREST DEPARTMENT||Chief Conservator Forest(CCF) Kashmir,04-Oct-2025 06:00 PM,https://jktenders.gov.in/nicgep/app?component=%24DirectLink&page=FrontEndLatestActiveCorrigendums&service=direct&session=T&sp=SQjU6j3TyXaPwwQD%2BhJ57yg%3D%3D
266,2025_FD_288520_2,26,"[Extraction, Conversion, Carriage and Transportation of Firewood to the tune of 1700 Quintals upto Local Firewood Depot(s) and PC Depot Srinagar from Zagoo and Khalkhat Blocks of Sukhnagh Range PP Forest Division Budgam for the year 2025-26]",17-Sep-2025 09:30 AM,FOREST DEPARTMENT||Chief Conservator Forest(CCF) Kashmir,04-Oct-2025 06:00 PM,https://jktenders.gov.in/nicgep/app?component=%24DirectLink&page=FrontEndLatestActiveCorrigendums&service=direct&session=T&sp=SZRta%2B2sjpFAKQOXUVuPQew%3D%3D
267,2025_PWDJK_288408_3,26,[Main Road of Shadab Karewa Allied interior links.],16-Sep-2025 06:00 PM,PWD||Chief Engineer South Kashmir||Pulwama-Shopian Circle||Shopian Division,29-Sep-2025 02:00 PM,https://jktenders.gov.in/nicgep/app?component=%24DirectLink&page=FrontEndLatestActiveCorrigendums&service=direct&session=T&sp=SM7Jxl1lBjLMh0idc4QGKdw%3D%3D
268,2025_RDPR_288379_39,26,[CONSTT.  OF  P/PATH RAILWAY ROAD TO JAMALDIN CHANDIAL HOUSE  PYT SANGALDAN-B],16-Sep-2025 06:00 PM,Rural Development and Panchayati Raj||Directorate of Rural Development  Department JAMMU||Superintending Engineer REW Jammu||XEN REW RAMBAN,01-Oct-2025 06:00 PM,https://jktenders.gov.in/nicgep/app?component=%24DirectLink&page=FrontEndLatestActiveCorrigendums&service=direct&session=T&sp=SQKUy9V3sND8vQiH8BKjWBQ%3D%3D
269,2025_PWDJK_288408_1,26,[Lalnard pinjoora road],16-Sep-2025 06:00 PM,PWD||Chief Engineer South Kashmir||Pulwama-Shopian Circle||Shopian Division,29-Sep-2025 02:00 PM,https://jktenders.gov.in/nicgep/app?component=%24DirectLink&page=FrontEndLatestActiveCorrigendums&service=direct&session=T&sp=SnFu%2FQbd99BPICf2QSWclIw%3D%3D
270,2025_PWDJK_288408_2,26,[Approach road Reshnagri bridge.],16-Sep-2025 06:00 PM,PWD||Chief Engineer South Kashmir||Pulwama-Shopian Circle||Shopian Division,29-Sep-2025 02:00 PM,https://jktenders.gov.in/nicgep/app?component=%24DirectLink&page=FrontEndLatestActiveCorrigendums&service=direct&session=T&sp=SFO1fEZyt3DSw7HPbX2H6ag%3D%3D
