Serial Number,Tender ID,Page Number,Title,E-Published Date,Organisation,Closing Date,Link
1,2025_NITW_879412_1,1,[Providing Plinth Protection to all D type quarters blocks at NIT Warangal],29-Sep-2025 09:00 AM,National Institute of Technology Warangal||Purchase and Stores Section - NIT Warangal,22-Oct-2025 03:00 PM,https://eprocure.gov.in/eprocure/app?component=%24DirectLink&page=FrontEndLatestActiveCorrigendums&service=direct&session=T&sp=S1f61zEKj%2FL952bVJlGRDFw%3D%3D
2,2025_CRPF_879275_1,1,"[Anti termite treatment in residential building ,04 nos barracks sos mess gos mess and store block at gc crpf chandauli uttarpradesh]",27-Sep-2025 05:00 PM,"DG,CRPF,MHA||Central Sector,CRPF,MHA||GC Allahabad,CRPF,MHA",04-Oct-2025 10:00 AM,https://eprocure.gov.in/eprocure/app?component=%24DirectLink&page=FrontEndLatestActiveCorrigendums&service=direct&session=T&sp=SQHv%2BbR3a1yCQ%2FPj8n%2F0MiQ%3D%3D
3,2025_NIFT_879361_1,1,[Conducting soft skills training],26-Sep-2025 05:30 PM,National Institute of Fashion Technology,07-Oct-2025 03:00 PM,https://eprocure.gov.in/eprocure/app?component=%24DirectLink&page=FrontEndLatestActiveCorrigendums&service=direct&session=T&sp=SREXsIMH8I0uOLTSXV71B7Q%3D%3D
4,2025_MoRTH_879175_1,1,[Consultancy Services for Preparation of DPR of 285.81 km of National Highways to 2-4 LPS configuration under Mumbai Circle (NH) PWD Maharashtra.],26-Sep-2025 04:00 PM,Ministry of Road Transport and Highways||P6 Delhi - MoRTH||RO Mumbai - MoRTH,27-Oct-2025 05:00 PM,https://eprocure.gov.in/eprocure/app?component=%24DirectLink&page=FrontEndLatestActiveCorrigendums&service=direct&session=T&sp=SjV2xA9EvGuWJZ8qQiP9qTA%3D%3D
5,2025_DOP_879306_1,1,[Electrical repair and maintenance of Kollam Civil station PO under Kollam Division (SR-Kerala)],26-Sep-2025 03:30 PM,"Department of Posts||Karnataka Circle,Dept. of Posts||CPMG,Karnataka Circle,Bangalore,POST||Supdt. Eng.(Elect.) Dn,RMS Bhawan,Bangalore,POST",03-Oct-2025 04:00 PM,https://eprocure.gov.in/eprocure/app?component=%24DirectLink&page=FrontEndLatestActiveCorrigendums&service=direct&session=T&sp=SjabWF4u4kOBYUM5LEJjcIA%3D%3D
6,2025_DOP_879208_2,1,[Renovation of PO building Shankargarh under Prayagraj Division],26-Sep-2025 02:00 PM,"Department of Posts||UP Circle, Dept of Posts||CPMG,UP Circle,POST||DPS (HQ), CPMG UP Circle,Lucknow,POST",13-Oct-2025 03:00 PM,https://eprocure.gov.in/eprocure/app?component=%24DirectLink&page=FrontEndLatestActiveCorrigendums&service=direct&session=T&sp=SwDSUdiTOTA0Tv6ULFDyvxA%3D%3D
7,2025_IISRB_879196_1,1,[Empanelment of Vendors Suppliers for Supply of Books and other documents to Central Library IISERB],26-Sep-2025 11:00 AM,Indian Institute of Science Education and Research Bhopal||Stores and Purchase Section-IISER-Bhopal,27-Oct-2025 03:00 PM,https://eprocure.gov.in/eprocure/app?component=%24DirectLink&page=FrontEndLatestActiveCorrigendums&service=direct&session=T&sp=Sn%2FvUIz7cHoo5gotCkKTbfQ%3D%3D
8,2025_DRDO_878879_1,1,"[Provision of Additional Multi Storied Building for Training Centre of CEPTAM at Metcalfe House, Delhi]",25-Sep-2025 06:45 PM,Defence Research and Development Organisation||Directorate of Civil Works and Estates - DRDO||Chief Construction Engineer (R and D) Delhi - DRDO,09-Oct-2025 11:00 AM,https://eprocure.gov.in/eprocure/app?component=%24DirectLink&page=FrontEndLatestActiveCorrigendums&service=direct&session=T&sp=SKGokvFXjOcepO5dqEnPmGg%3D%3D
9,2025_NRL_879162_1,1,[SUPPLY OF ANALYSERS AND CABINETS (LOT 2)],25-Sep-2025 06:10 PM,Numaligarh Refinery Limited,23-Oct-2025 03:00 PM,https://eprocure.gov.in/eprocure/app?component=%24DirectLink&page=FrontEndLatestActiveCorrigendums&service=direct&session=T&sp=SgV97P9L%2FVo0QrvydmTxQiA%3D%3D
10,2025_NRL_878945_1,1,[SUPPLY OF DELUGE SYSTEM],25-Sep-2025 05:45 PM,Numaligarh Refinery Limited,16-Oct-2025 03:00 PM,https://eprocure.gov.in/eprocure/app?component=%24DirectLink&page=FrontEndLatestActiveCorrigendums&service=direct&session=T&sp=SBQZAGpTw4rMwgtPpph1t2A%3D%3D
11,2025_FACT_879072_1,1,"[Construction of Additional Phosphoric Acid Storage Tanks at Q10 Berth, Willingdon island (Rubber Lining Works)]",25-Sep-2025 05:00 PM,The Fertilisers And Chemicals Travancore Ltd.||Head Office - FACT||Corporate materials - FACT,16-Oct-2025 11:00 AM,https://eprocure.gov.in/eprocure/app?component=%24DirectLink&page=FrontEndLatestActiveCorrigendums&service=direct&session=T&sp=ST%2FBKb%2F3P%2F5aZOigv0e%2BeDw%3D%3D
12,2025_DDA_879096_1,1,[M/o 1675 MS DU s In Situ Rehabilitation of slum dwellers at Jailorwala Bagh  Ashok Vihar.],25-Sep-2025 04:00 PM,Delhi Development Authority||CE-Electrical-DDA||EE(El)/ED-9-Rohini-DDA,07-Oct-2025 03:00 PM,https://eprocure.gov.in/eprocure/app?component=%24DirectLink&page=FrontEndLatestActiveCorrigendums&service=direct&session=T&sp=SqSyH0ykPeFevlJkg%2BdEmuA%3D%3D
13,2025_FACT_879012_1,1,"[Painting of Phosphoric Acid Storage Tanks, Willingdon Island, Kochi.]",25-Sep-2025 03:00 PM,The Fertilisers And Chemicals Travancore Ltd.||Head Office - FACT||Corporate materials - FACT,16-Oct-2025 11:00 AM,https://eprocure.gov.in/eprocure/app?component=%24DirectLink&page=FrontEndLatestActiveCorrigendums&service=direct&session=T&sp=SAK6U%2F4a91%2FWWoBVTe23PBg%3D%3D
14,2025_FACT_878911_1,1,"[Civil and structural works for balance works of new PA tanks at Q10, Willingdon Island, Kochi.]",24-Sep-2025 05:00 PM,The Fertilisers And Chemicals Travancore Ltd.||Head Office - FACT||Corporate materials - FACT,15-Oct-2025 11:00 AM,https://eprocure.gov.in/eprocure/app?component=%24DirectLink&page=FrontEndLatestActiveCorrigendums&service=direct&session=T&sp=Szv2%2BTAMtqAIjpNh24oQQeQ%3D%3D
15,2025_FACT_878899_1,1,"[Supply and Installation of Electrical and Instrumentation works for Construction of Phosphoric Acid Storage Tanks at Q10 berth, Willingdon Island.]",24-Sep-2025 05:00 PM,The Fertilisers And Chemicals Travancore Ltd.||Head Office - FACT||Corporate materials - FACT,15-Oct-2025 11:00 AM,https://eprocure.gov.in/eprocure/app?component=%24DirectLink&page=FrontEndLatestActiveCorrigendums&service=direct&session=T&sp=Sx2Xw%2B2MWVLhjkVSVQ1aKFQ%3D%3D
16,2025_FACT_878872_1,1,"[Balance piping works for construction new phosphoric acid tanks at Q10 berth, WI.]",24-Sep-2025 05:00 PM,The Fertilisers And Chemicals Travancore Ltd.||Head Office - FACT||Corporate materials - FACT,15-Oct-2025 11:00 AM,https://eprocure.gov.in/eprocure/app?component=%24DirectLink&page=FrontEndLatestActiveCorrigendums&service=direct&session=T&sp=S0VHugdjURT8XeyZrG9dk%2Fw%3D%3D
17,2025_ALIMC_878816_1,1,[Renovation and repairing of Ancillary unit 05 for service facilities of Divyangjan purpose at Alimco Kanpur],24-Sep-2025 03:00 PM,Artificial Limbs Manufacturing Corporation of India||Corporate Head Quarters - Kanpur - ALIMCO||PT Department - ALIMCO,30-Sep-2025 03:30 PM,https://eprocure.gov.in/eprocure/app?component=%24DirectLink&page=FrontEndLatestActiveCorrigendums&service=direct&session=T&sp=SjrhWYON63cjnN2pzlMKCrA%3D%3D
18,2025_IISER_878873_1,1,[IISER-K/PurEnq/812/G/DES/25-26],24-Sep-2025 02:00 PM,Indian Institute of Science Education and Research - Kolkata||Administration - IISER - Kolkata,15-Oct-2025 02:00 PM,https://eprocure.gov.in/eprocure/app?component=%24DirectLink&page=FrontEndLatestActiveCorrigendums&service=direct&session=T&sp=SCONc2RAqSLMIZOQo3bpFGw%3D%3D
19,2025_DOP_878792_1,1,[Customised designing and fabrication of the India Post Pavilion at IITF],23-Sep-2025 06:55 PM,"Department of Posts||Delhi Circle, Dept. of Posts||Off. of Chief Postmaster General,Delhi Circle||IT and Financial Services,Chief PMG,Delhi Circle",04-Oct-2025 06:00 PM,https://eprocure.gov.in/eprocure/app?component=%24DirectLink&page=FrontEndLatestActiveCorrigendums&service=direct&session=T&sp=SDgVpIfD26IvUaImmvTvJnA%3D%3D
20,2025_EIL_878548_1,1,[Part B Balance Civil  Structural and Architectural Works at SV and IP Stations Odisha Section],23-Sep-2025 06:55 PM,"Engineers India Limited,MoPNG||Head Office-Delhi,EIL,MoPNG",03-Oct-2025 12:00 PM,https://eprocure.gov.in/eprocure/app?component=%24DirectLink&page=FrontEndLatestActiveCorrigendums&service=direct&session=T&sp=SJh03E4vywlJmnBABitmgsw%3D%3D
21,2025_EIL_877129_1,2,[SG/B957-300-VV-MR-6112/52],23-Sep-2025 06:55 PM,"Engineers India Limited,MoPNG||Head Office-Delhi,EIL,MoPNG",06-Oct-2025 12:00 PM,https://eprocure.gov.in/eprocure/app?component=%24DirectLink&page=FrontEndLatestActiveCorrigendums&service=direct&session=T&sp=SUWHWm2Bw89secqEzv7nrkQ%3D%3D
22,2025_DOP_878799_1,2,[Repair and maintenance of PO building Jaswant under Etawah  Division. ],23-Sep-2025 06:50 PM,"Department of Posts||UP Circle, Dept of Posts||CPMG,UP Circle,POST||DPS (HQ), CPMG UP Circle,Lucknow,POST",08-Oct-2025 03:00 PM,https://eprocure.gov.in/eprocure/app?component=%24DirectLink&page=FrontEndLatestActiveCorrigendums&service=direct&session=T&sp=SruSCaFcm5I8vMctJ%2BbrV2w%3D%3D
23,2025_DIT_878727_1,2,[Supply of Next Generation Firewall],23-Sep-2025 05:00 PM,Department of Electronics and Information Technology(DeitY)||Centre for Development of Advanced Computing -  DeitY||Thiruvananthapuram - C-DAC - DeitY,06-Oct-2025 12:00 PM,https://eprocure.gov.in/eprocure/app?component=%24DirectLink&page=FrontEndLatestActiveCorrigendums&service=direct&session=T&sp=S9pdn%2FYaOVlb8t4QIOwVWmg%3D%3D
24,2025_REIL_878742_1,2,[NIT for Rate Contract for transportation of SPV Module from REIL Kanakpura Jaipur to Hiriyur and Pavagada (Karnataka)],23-Sep-2025 04:20 PM,Rajasthan Electronics and Instruments Limited||Head Quarters-Jaipur-REIL||Material Management-HQ Jaipur-REIL,01-Oct-2025 05:00 PM,https://eprocure.gov.in/eprocure/app?component=%24DirectLink&page=FrontEndLatestActiveCorrigendums&service=direct&session=T&sp=SIQnfkyslQkIwt1jMy7gL6g%3D%3D
25,2025_DDA_878612_1,2,[M/o completed scheme under N/A-II Hort. Zone],23-Sep-2025 09:00 AM,Delhi Development Authority||CE-North Zone-DDA||EE-ND 5-Keshav Puram-DDA,04-Oct-2025 03:00 PM,https://eprocure.gov.in/eprocure/app?component=%24DirectLink&page=FrontEndLatestActiveCorrigendums&service=direct&session=T&sp=SG8bTaEeDV0E8X5d%2BMvS0sw%3D%3D
26,2025_DDA_878611_1,2,[Maintenance of completed works Narela Zone.],23-Sep-2025 09:00 AM,Delhi Development Authority||CE-Electrical-DDA||EE(El)/ED-4-Rohini-DDA,03-Oct-2025 03:00 PM,https://eprocure.gov.in/eprocure/app?component=%24DirectLink&page=FrontEndLatestActiveCorrigendums&service=direct&session=T&sp=St1D%2FESdGXikT%2Bf0zByKepw%3D%3D
27,2025_DRDO_877729_2,2,[Comprehensive Annual Maintenance   Servicing   Repairs to EM installations Transformers and Cranes at various locations at Chandigarh and Ramgarh],22-Sep-2025 06:00 PM,Defence Research and Development Organisation||Directorate of Civil Works and Estates - DRDO||Estate Management Unit(R and D)- Chandigarh - DRDO,06-Oct-2025 11:00 AM,https://eprocure.gov.in/eprocure/app?component=%24DirectLink&page=FrontEndLatestActiveCorrigendums&service=direct&session=T&sp=ScL4EdyRagOxWZjKECEHjtg%3D%3D
28,2025_DRDO_878551_1,2,[Provision of Compound Wall and Related Facilities at Manduru for ADA Bengaluru],22-Sep-2025 06:00 PM,Defence Research and Development Organisation||Directorate of Civil Works and Estates - DRDO||Chief Construction Engineer (R and D) South - DRDO,10-Oct-2025 03:00 PM,https://eprocure.gov.in/eprocure/app?component=%24DirectLink&page=FrontEndLatestActiveCorrigendums&service=direct&session=T&sp=SHe2LPHuIzyouPglEJ58YLg%3D%3D
29,2025_NABA_878545_1,2,[Supply of Red Hat JBoss Enterprise  Application Platform and Extended Life  Support Subscriptions],22-Sep-2025 04:00 PM,National Bank for Agriculture and Rural Development (NABARD),01-Oct-2025 03:00 PM,https://eprocure.gov.in/eprocure/app?component=%24DirectLink&page=FrontEndLatestActiveCorrigendums&service=direct&session=T&sp=SF6sjX055l9qg2XfCMIC0rA%3D%3D
30,2025_IWAI_878544_1,2,[Dry -docking repair works of Ro-Ro Vessel M.V. Adi Shankara during the year 2025-26],22-Sep-2025 04:00 PM,"Inland Waterways Authority of India,MoS||RO Kochi,IWAI,MoS",07-Oct-2025 03:00 PM,https://eprocure.gov.in/eprocure/app?component=%24DirectLink&page=FrontEndLatestActiveCorrigendums&service=direct&session=T&sp=SW9goNM4pDJON8in1m0W1Jw%3D%3D
31,2025_IIT_878550_1,3,"[Providing, Installation, Testing and Commissioning of Variable Speed Drive (VSD) for Cooling Tower Fan Motors of 4 x 450 TR Water Cooled Chiller AC Plant at IIT Delhi]",22-Sep-2025 04:00 PM,Director-Indian Institute of Technology(IIT Delhi)||Dy.Registrar(Stores) Central Store Purchase Section-IIT Delhi,06-Oct-2025 03:00 PM,https://eprocure.gov.in/eprocure/app?component=%24DirectLink&page=FrontEndLatestActiveCorrigendums&service=direct&session=T&sp=SzM9GD379uRmIujW3g%2Fn6Sw%3D%3D
32,2025_JNPT_878555_1,3,"[Manning, Operation, Maintenance and Complete Technical   Management of following Fire Fighting System of JNPA at PUB, HVWSS and BFC for the three years ]",22-Sep-2025 03:30 PM,Jawaharlal Nehru Port Trust||Marine-JNPT||F and S - Fire and Safety - Marine - JNPT,02-Oct-2025 03:30 PM,https://eprocure.gov.in/eprocure/app?component=%24DirectLink&page=FrontEndLatestActiveCorrigendums&service=direct&session=T&sp=S%2FXPP2deDXGrAtdSXvmK2yw%3D%3D
33,2025_IIT_878506_1,3,[Shifting of the existing lift door upward direction in Block-III and IV in Academic area at IIT Delhi.],22-Sep-2025 03:00 PM,Director-Indian Institute of Technology(IIT Delhi)||Dy.Registrar(Stores) Central Store Purchase Section-IIT Delhi,06-Oct-2025 03:00 PM,https://eprocure.gov.in/eprocure/app?component=%24DirectLink&page=FrontEndLatestActiveCorrigendums&service=direct&session=T&sp=SXjcIMp494IUlGjNuOnLmAg%3D%3D
34,2025_IWAI_878210_1,3,[Monthly Longitudinal Thalweg  Survey (MLTS) In Various National Waterways of Maharashtra.],22-Sep-2025 03:00 PM,"Inland Waterways Authority of India,MoS",07-Oct-2025 03:00 PM,https://eprocure.gov.in/eprocure/app?component=%24DirectLink&page=FrontEndLatestActiveCorrigendums&service=direct&session=T&sp=STHPHDRLL37fnVDB0VQqb0g%3D%3D
35,2025_IIT_878496_1,3,"[Day To Day Routine, Preventive and Breakdown Maintenance of AC Units of IIT Delhi ( 2 Years)]",22-Sep-2025 03:00 PM,Director-Indian Institute of Technology(IIT Delhi)||Dy.Registrar(Stores) Central Store Purchase Section-IIT Delhi,06-Oct-2025 03:00 PM,https://eprocure.gov.in/eprocure/app?component=%24DirectLink&page=FrontEndLatestActiveCorrigendums&service=direct&session=T&sp=SjUThVAMlldaj7ErBeJ32pg%3D%3D
36,2025_DOP_878504_1,3,"[Operation and maintenance of various Electromechanical services at Meghdoot Bhawan, New Delhi.]",22-Sep-2025 12:20 PM,"Department of Posts||Delhi Circle, Dept. of Posts",06-Oct-2025 03:00 PM,https://eprocure.gov.in/eprocure/app?component=%24DirectLink&page=FrontEndLatestActiveCorrigendums&service=direct&session=T&sp=SsvoB9A6WUP%2Bkcfv%2FuYoAgA%3D%3D
37,2025_DOP_878501_1,3,[Operation and maintenance of electromechanical services of post office buildings and administrative buildings and Postal Quarters under electrical enquiry Ambala.],22-Sep-2025 12:00 PM,"Department of Posts||Delhi Circle, Dept. of Posts",06-Oct-2025 03:00 PM,https://eprocure.gov.in/eprocure/app?component=%24DirectLink&page=FrontEndLatestActiveCorrigendums&service=direct&session=T&sp=S5Lb69WyUNkzyDCqpdUOgqA%3D%3D
38,2025_DRDO_878461_1,3,[Provision of Compound Wall and Related  Facilities  at Ibbaluru  for ADA  Bengaluru],20-Sep-2025 06:30 PM,Defence Research and Development Organisation||Directorate of Civil Works and Estates - DRDO||Chief Construction Engineer (R and D) South - DRDO,10-Oct-2025 03:00 PM,https://eprocure.gov.in/eprocure/app?component=%24DirectLink&page=FrontEndLatestActiveCorrigendums&service=direct&session=T&sp=SvtrexWyXpZAjxf17dukOpA%3D%3D
39,2025_FCI_878456_1,3,[Annual Repairs and Maintenance contract for electrical and mechanical services at FSD Sabarmati Mehsana Palanpur and Viramgam under DO Ahmedabad 2025 2026],20-Sep-2025 06:00 PM,"Food Corporation of India||Regional Office,Gujrat,FCI,MFPD||Engineering Dn,Gujrat,FCI",04-Oct-2025 05:00 PM,https://eprocure.gov.in/eprocure/app?component=%24DirectLink&page=FrontEndLatestActiveCorrigendums&service=direct&session=T&sp=Ss4dwNbAmy6dJaNrDPiEh3Q%3D%3D
40,2025_IITK_878414_1,3,[Subsoil investigation for 5 nos bore holes at the site for proposed Nurses Hostel Phase I at IIT Kanpur],20-Sep-2025 03:00 PM,Indian Institute of Technology Kanpur||Institute Works Department - IITK||IWD Air-conditioning Division - IITK,04-Oct-2025 12:00 PM,https://eprocure.gov.in/eprocure/app?component=%24DirectLink&page=FrontEndLatestActiveCorrigendums&service=direct&session=T&sp=STO05EC%2BTWxuD8Rq3dV90ow%3D%3D
41,2025_IITK_878414_1,4,[Subsoil investigation for 5 nos bore holes at the site for proposed Nurses Hostel Phase I at IIT Kanpur],20-Sep-2025 03:00 PM,Indian Institute of Technology Kanpur||Institute Works Department - IITK||IWD Air-conditioning Division - IITK,04-Oct-2025 12:00 PM,https://eprocure.gov.in/eprocure/app?component=%24DirectLink&page=FrontEndLatestActiveCorrigendums&service=direct&session=T&sp=STO05EC%2BTWxuD8Rq3dV90ow%3D%3D
42,2025_DDA_878409_1,4,[M/o Various Sports Complex.],20-Sep-2025 01:30 PM,Delhi Development Authority||CE-Electrical-DDA||EE(El) Division-2(Sports)-Vikas Minar-DDA,04-Oct-2025 03:00 PM,https://eprocure.gov.in/eprocure/app?component=%24DirectLink&page=FrontEndLatestActiveCorrigendums&service=direct&session=T&sp=SPTzITgvikQyiI%2BKfFzjhpQ%3D%3D
43,2025_IMSRP_878378_1,4,[Upgradation works of newly proposed ICTC and Speech and Swalloing Unit in AIIMS Raipur],20-Sep-2025 12:00 PM,All India Institute of Medical Sciences-Raipur||Administrative Department - AIIMS Raipur,13-Oct-2025 03:00 PM,https://eprocure.gov.in/eprocure/app?component=%24DirectLink&page=FrontEndLatestActiveCorrigendums&service=direct&session=T&sp=SB%2FkEOgBb8fiQljbTGHOCwA%3D%3D
44,2025_DDA_859449_2,4,[Upgradation/Modernization of existing parks/Green Belts],20-Sep-2025 11:00 AM,Delhi Development Authority||CE-North Zone-DDA||EE-ND 5-Keshav Puram-DDA,02-Oct-2025 03:00 PM,https://eprocure.gov.in/eprocure/app?component=%24DirectLink&page=FrontEndLatestActiveCorrigendums&service=direct&session=T&sp=S7%2FXzSn%2BbPlSRHr%2BdSRRDOw%3D%3D
45,2025_NISER_878372_1,4,[TL8 and Other lab SBS repairing],20-Sep-2025 10:30 AM,National Institute of Science Education and Research - Odisha||Institute Works Department (IWD)||Civil Section,02-Oct-2025 04:00 PM,https://eprocure.gov.in/eprocure/app?component=%24DirectLink&page=FrontEndLatestActiveCorrigendums&service=direct&session=T&sp=SZ7xJHIjamCwcs3rzj1fN0w%3D%3D
46,2025_ITBP_878172_1,4,[Installation of 02 Nos. Biodigester toilet and bathroom block at FMB Ziro for ORS of 31st Bn Yupia],20-Sep-2025 10:00 AM,"DG, Indo-Tibetan Border Police Force||IG, NORTH EASTERN FTR,ITBP",11-Oct-2025 05:00 PM,https://eprocure.gov.in/eprocure/app?component=%24DirectLink&page=FrontEndLatestActiveCorrigendums&service=direct&session=T&sp=SeJYoedllBn%2Fr9wsRuak7qA%3D%3D
47,2025_DIT_878207_1,4,[Request For Quotation (RFQ) for Providing Cloud Services to NDDB],20-Sep-2025 10:00 AM,Department of Electronics and Information Technology(DeitY)||National e-Governance Division MCIT,30-Sep-2025 02:00 PM,https://eprocure.gov.in/eprocure/app?component=%24DirectLink&page=FrontEndLatestActiveCorrigendums&service=direct&session=T&sp=SUTLJXtTvjYiRw655g9841g%3D%3D
48,2025_BandR_878343_1,4,"[EXECUTION OF CIVIL  WORKS CONSISTING OF EARTHWORK, BACKFILLING, PCC, RCC WORKS IN SUB STRUCTURES AND SUPER STRUCTURES, UNDERGROUND PIPING WORKS, ELECTRICAL AND ALLIED WORKS ETC. IN CONNECTION WITH CIVIL AND STRUCTURAL WORKS OF POLYPROPYLENE PROJECT]",20-Sep-2025 09:30 AM,Bridge and Roof Company (India) Limited||Corporate Head Quarters Kolkata Office - B and R,07-Oct-2025 05:30 PM,https://eprocure.gov.in/eprocure/app?component=%24DirectLink&page=FrontEndLatestActiveCorrigendums&service=direct&session=T&sp=SjWg5G8UsqNj%2FGJmUrbtR5A%3D%3D
49,2025_TMC_878217_1,4,[SITC Of 2x40KVA Online UPS],19-Sep-2025 06:00 PM,Tata Memorial Centre||Dr  B  Borooah Cancer Institute  Guwahati,09-Oct-2025 05:00 PM,https://eprocure.gov.in/eprocure/app?component=%24DirectLink&page=FrontEndLatestActiveCorrigendums&service=direct&session=T&sp=ShmtmhLigWSXXhufxZ97Kvw%3D%3D
50,2025_DARE_878308_1,4,[Supply of Twin Screw Plastic Compounding Machine],19-Sep-2025 05:30 PM,"Department of Agricultural Research and Education||Indian Council of Agricultural Research,DoARE,MoA||Central Institute of Fisheries Technology-Kerala",09-Oct-2025 11:30 AM,https://eprocure.gov.in/eprocure/app?component=%24DirectLink&page=FrontEndLatestActiveCorrigendums&service=direct&session=T&sp=Sc0Mj8dJJ8k%2FTmdLfeAniTA%3D%3D
51,2025_NITC_878312_1,5,[Providing and fixing shingle roofing including dismantling of existing sheet roofing of Gazebo adjacent to the main canteen Swadishtam],19-Sep-2025 05:00 PM,National Institute of Technology Calicut||Engineering Unit 1 - NIT Calicut,14-Oct-2025 06:00 PM,https://eprocure.gov.in/eprocure/app?component=%24DirectLink&page=FrontEndLatestActiveCorrigendums&service=direct&session=T&sp=SIISpk2pNfu0I4cCrn5fgPQ%3D%3D
52,2025_NISER_878315_1,5,[Al partition in SCS Bldg],19-Sep-2025 05:00 PM,National Institute of Science Education and Research - Odisha||Institute Works Department (IWD)||Civil Section,02-Oct-2025 04:00 PM,https://eprocure.gov.in/eprocure/app?component=%24DirectLink&page=FrontEndLatestActiveCorrigendums&service=direct&session=T&sp=SFDuPmiNLdlw3iHw%2BzDxjgw%3D%3D
53,2025_NISER_878280_1,5,[Top dressing of football ground with fine river sand],19-Sep-2025 04:30 PM,National Institute of Science Education and Research - Odisha||Institute Works Department (IWD)||Civil Section,02-Oct-2025 04:00 PM,https://eprocure.gov.in/eprocure/app?component=%24DirectLink&page=FrontEndLatestActiveCorrigendums&service=direct&session=T&sp=SYzYMkfZEOmTDxgnJpOtmGQ%3D%3D
54,2025_ARMHA_878249_1,5,[Term Contract for repair maint of E M items sanitary fitting and periodical service of existing accns OB  RB at Bn HQ Khonsa of 44 Assam Rifles],19-Sep-2025 02:50 PM,Assam Rifles - MHA,30-Sep-2025 03:00 PM,https://eprocure.gov.in/eprocure/app?component=%24DirectLink&page=FrontEndLatestActiveCorrigendums&service=direct&session=T&sp=S3Zjes9Fu8FuC18jc9STeoQ%3D%3D
55,2025_BSNL_878241_1,5,[Repair and painting of  outer side of EB/CSC Side and Front Side Compound Wall in TE compound Sector-19 Noida. ],19-Sep-2025 02:30 PM,"Bharat Sanchar Nigam Limited||CGMT,UP(WEST) Telecom Circle, Meerut,BSNL||CE(Civil),UP(WEST) Telecom Circle,Meerut,BSNL",08-Oct-2025 06:00 PM,https://eprocure.gov.in/eprocure/app?component=%24DirectLink&page=FrontEndLatestActiveCorrigendums&service=direct&session=T&sp=SKuYsQuqe64a2aK3CF4JHTw%3D%3D
56,2025_DOP_878235_1,5,[Renovation of Rampachodavaram PO Building under Rajahmundry dn],19-Sep-2025 02:00 PM,Department of Posts||Telangana Circle- Dept of Posts,30-Sep-2025 12:00 PM,https://eprocure.gov.in/eprocure/app?component=%24DirectLink&page=FrontEndLatestActiveCorrigendums&service=direct&session=T&sp=SsKE3tTd8%2B1Mlxbli1Qhb%2BA%3D%3D
57,2025_DOP_878224_1,5,[Renovation to Yanam Post Office Building  under Kakinaea Dn],19-Sep-2025 02:00 PM,Department of Posts||Telangana Circle- Dept of Posts,30-Sep-2025 12:00 PM,https://eprocure.gov.in/eprocure/app?component=%24DirectLink&page=FrontEndLatestActiveCorrigendums&service=direct&session=T&sp=SuZVnGtDMrfuncD%2BzV3FN1A%3D%3D
58,2025_NIFT_878221_1,5,[Empanelment of National Level Agency for Branding strategy preparation and implementation and Brand Management Services],19-Sep-2025 01:30 PM,National Institute of Fashion Technology,09-Oct-2025 03:00 PM,https://eprocure.gov.in/eprocure/app?component=%24DirectLink&page=FrontEndLatestActiveCorrigendums&service=direct&session=T&sp=SBQ3AC6Q7UPcnYF7Aq4FUJQ%3D%3D
59,2025_NHIDC_878160_1,5,[NHIDCL/RO-Agt/STMC/C - S/NH-08/2025-26/775],19-Sep-2025 09:00 AM,National Highways and Infrastructure Development Corporation||Corporate Office-New Delhi - NHIDCL,09-Oct-2025 05:00 PM,https://eprocure.gov.in/eprocure/app?component=%24DirectLink&page=FrontEndLatestActiveCorrigendums&service=direct&session=T&sp=SXeMBUPO41atyCk0IBPyUEQ%3D%3D
60,2025_DDA_878139_1,5,[M/o Various Sports Complex.],18-Sep-2025 06:00 PM,Delhi Development Authority||CE-Electrical-DDA||EE(El) Division-2(Sports)-Vikas Minar-DDA,30-Sep-2025 03:00 PM,https://eprocure.gov.in/eprocure/app?component=%24DirectLink&page=FrontEndLatestActiveCorrigendums&service=direct&session=T&sp=SxwWuJIwoayc8kTRvgZDpbw%3D%3D
61,2025_TMC_871492_2,6,[Item Rate Running Contract (ARC) for Fire System Works for the Year 2025-2026 at ACTREC],18-Sep-2025 06:00 PM,Tata Memorial Centre||ACTREC  Kharghar  Navi Mumbai,06-Oct-2025 03:00 PM,https://eprocure.gov.in/eprocure/app?component=%24DirectLink&page=FrontEndLatestActiveCorrigendums&service=direct&session=T&sp=S3et6wydv3RxJwUEO6rJS%2BQ%3D%3D
62,2025_DDA_878139_1,6,[M/o Various Sports Complex.],18-Sep-2025 06:00 PM,Delhi Development Authority||CE-Electrical-DDA||EE(El) Division-2(Sports)-Vikas Minar-DDA,30-Sep-2025 03:00 PM,https://eprocure.gov.in/eprocure/app?component=%24DirectLink&page=FrontEndLatestActiveCorrigendums&service=direct&session=T&sp=SxwWuJIwoayc8kTRvgZDpbw%3D%3D
63,2025_MBPT_878124_1,6,[CE.T.40/2025 Repairs to Jetty Head Pirpau],18-Sep-2025 05:30 PM,Mumbai Port Trust||Civil Engineering - MBPT,08-Oct-2025 03:00 PM,https://eprocure.gov.in/eprocure/app?component=%24DirectLink&page=FrontEndLatestActiveCorrigendums&service=direct&session=T&sp=S5WghpX%2BXShTjyJqvvUilaA%3D%3D
64,2025_IIT_878101_1,6,[Superconducting Nanowire Single-Photon Detector (SNSPD) System],18-Sep-2025 05:00 PM,Director-Indian Institute of Technology(IIT Delhi)||Dy.Registrar(Stores) Central Store Purchase Section-IIT Delhi,16-Oct-2025 03:00 PM,https://eprocure.gov.in/eprocure/app?component=%24DirectLink&page=FrontEndLatestActiveCorrigendums&service=direct&session=T&sp=SaDvUHLADC1iJjCO19c3%2BCw%3D%3D
65,2025_WBNPI_878099_1,6,[Replacement and Restoration of existing firefighting hydrant line with new pipelines at above the ground level around the Anandi Gopal Joshi and Ramanujan Hostels and  Girls and Boys New Mega Mess at VNIT  Nagpur.],18-Sep-2025 04:45 PM,National Project Implementation Unit - World Bank Tenders||Visvesvaraya National Institute of Technology Nagpur,14-Oct-2025 05:00 PM,https://eprocure.gov.in/eprocure/app?component=%24DirectLink&page=FrontEndLatestActiveCorrigendums&service=direct&session=T&sp=S9ait4zo8BrqTiqIs5nrw1A%3D%3D
66,2025_WBNPI_878027_1,6,"[Various Miscellaneous works in sports ground at VNIT, Nagpur]",18-Sep-2025 03:45 PM,National Project Implementation Unit - World Bank Tenders||Visvesvaraya National Institute of Technology Nagpur,06-Oct-2025 05:00 PM,https://eprocure.gov.in/eprocure/app?component=%24DirectLink&page=FrontEndLatestActiveCorrigendums&service=direct&session=T&sp=STrafgemogDVD6wBr9U5ftQ%3D%3D
67,2025_FCI_878029_1,6,"[SITC of silent DG Set (As per CPCB IV plus Norms) with AMF Panel  including providing earthing, concrete foundation and providing shed with profile sheet at FSD Jharsuguda under FCI DO Sambalpur for the FY 2025-26]",18-Sep-2025 03:00 PM,"Food Corporation of India||Regional Office,Orissa,FCI,MFPD||Information Technology Dn,Orissa,FCI",02-Oct-2025 03:00 PM,https://eprocure.gov.in/eprocure/app?component=%24DirectLink&page=FrontEndLatestActiveCorrigendums&service=direct&session=T&sp=SotON1LoVyuTLWfv3alCNYw%3D%3D
68,2025_IITR_878001_1,6,[Honeycomb Tabletop with Active Support],18-Sep-2025 03:00 PM,Indian Institute of Technology Roorkee||Material Management - IIT Roorkee,08-Oct-2025 03:00 PM,https://eprocure.gov.in/eprocure/app?component=%24DirectLink&page=FrontEndLatestActiveCorrigendums&service=direct&session=T&sp=SKuDzU1G9BeovH%2BguTJrYIw%3D%3D
69,2025_IIT_877985_1,6,"[Providing, Installation, Testing and Commissioning of Automatic Tube Cleaning System for the Condensers of 4 x 450 TR Water Cooled Chiller AC Plant at IIT Delhi]",18-Sep-2025 03:00 PM,Director-Indian Institute of Technology(IIT Delhi)||Dy.Registrar(Stores) Central Store Purchase Section-IIT Delhi,02-Oct-2025 03:00 PM,https://eprocure.gov.in/eprocure/app?component=%24DirectLink&page=FrontEndLatestActiveCorrigendums&service=direct&session=T&sp=SmMHgQelKntEkKJ47ZAz8JQ%3D%3D
70,2025_BSF_878043_1,6,[PROVIDING REPLACEMENT OF DAMAGED SHED NEAR OT IN FRONT NO.209 AT CH KADAMTALA.],18-Sep-2025 02:20 PM,"DG,BSF,MHA||North Benga(Siliguri),BSF,MHA",06-Oct-2025 06:00 PM,https://eprocure.gov.in/eprocure/app?component=%24DirectLink&page=FrontEndLatestActiveCorrigendums&service=direct&session=T&sp=SfU1Rd7jd3miggtzEgfuDLw%3D%3D
71,2025_IIMA_878015_1,7,"[Interior and Furniture Works including Electrical, ELV, ICT, HVAC, Audio-Visual Works, and Acoustic Works for 4th to 7th Floors of Continuum Building at New Campus, IIMA.]",18-Sep-2025 01:00 PM,Indian Institute of Management Ahmedabad,11-Oct-2025 05:00 PM,https://eprocure.gov.in/eprocure/app?component=%24DirectLink&page=FrontEndLatestActiveCorrigendums&service=direct&session=T&sp=SNxN%2B9XLHfNJWrg4OlMjixA%3D%3D
72,2025_DARE_878011_1,7,"[Labour for Manhole cleaning and miscellaneous work on per day basis at CIFT, Kochi]",18-Sep-2025 01:00 PM,"Department of Agricultural Research and Education||Indian Council of Agricultural Research,DoARE,MoA||Central Institute of Fisheries Technology-Kerala",02-Oct-2025 09:00 AM,https://eprocure.gov.in/eprocure/app?component=%24DirectLink&page=FrontEndLatestActiveCorrigendums&service=direct&session=T&sp=S7z30WQjx4UlR6RwpwMY9DA%3D%3D
73,2025_NALCO_877976_1,7,[ENGAGEMENT OF CONSULTANT FOR PREPARATION OF DPR FOR BROWNFIELD EXPANSION OF SMELTER AT ANGUL ],18-Sep-2025 09:00 AM,"National Aluminium Company Limited,NALCO||NALCO-Corporate Office-Bhubaneswar||Tender and Contract-CO-Bhubaneswar-NALCO",28-Oct-2025 04:00 PM,https://eprocure.gov.in/eprocure/app?component=%24DirectLink&page=FrontEndLatestActiveCorrigendums&service=direct&session=T&sp=S40SBhHx3OXqTaVGW%2B1SIQw%3D%3D
74,2025_EIL_868310_3,7,"[JP/B862-101-PA-MR-5170/33 - PUMP - CENT.HOR (SPP) FOR PDH PP PLANT WITH ETHANE AND PROPANE HANDLING FACILITIES PROJECT AT DAHEJ, GUJARAT]",18-Sep-2025 09:00 AM,"Engineers India Limited,MoPNG||Head Office-Delhi,EIL,MoPNG",06-Oct-2025 12:00 PM,https://eprocure.gov.in/eprocure/app?component=%24DirectLink&page=FrontEndLatestActiveCorrigendums&service=direct&session=T&sp=S1cXLpYAKYiDG3o5746PA5w%3D%3D
75,2025_NALCO_877948_1,7,[ENGAGEMENT OF MANAGEMENT CONSULTANT TO REVIEW AND RE FORMULATE OF NALCOS LONG  TERM CORPORATE PLAN],18-Sep-2025 09:00 AM,"National Aluminium Company Limited,NALCO||NALCO-Corporate Office-Bhubaneswar||Tender and Contract-CO-Bhubaneswar-NALCO",27-Oct-2025 04:00 PM,https://eprocure.gov.in/eprocure/app?component=%24DirectLink&page=FrontEndLatestActiveCorrigendums&service=direct&session=T&sp=SVJCToO0Y7RTlSXpLGDPPFw%3D%3D
76,2025_EIL_877969_1,7,"[LT/C113-000-LA-T-8512/1004 - SUPPLY OF KNOW-HOW/LICENSE, BASIC ENGINEERING DESIGN PACKAGE (BEDP), CATALYST, PROPRIETARY ITEMS, IF ANY AND OTHER RELATED SERVICES FOR POLYPROPYLENE UNIT OF BPCL Andra Pradesh Refinery and Petrochemical Complex ]",17-Sep-2025 06:55 PM,"Engineers India Limited,MoPNG||Head Office-Delhi,EIL,MoPNG",28-Oct-2025 12:00 PM,https://eprocure.gov.in/eprocure/app?component=%24DirectLink&page=FrontEndLatestActiveCorrigendums&service=direct&session=T&sp=Sm%2Bww1l4p5cR8%2Fya%2BN4algg%3D%3D
77,2025_GGV_877965_1,7,"[THE SERVICE OF SETTING UP TECHNICAL,  ACADEMIC AND SUPPORT INFRASTRUCTURE FOR  DEVELOPMENT, LAUNCH AND MANAGEMENT OF  ONLINE PROGRAMS at GGV, Bilaspur ]",17-Sep-2025 06:45 PM,Guru Ghasidas Vishwavidyalaya,01-Oct-2025 03:00 PM,https://eprocure.gov.in/eprocure/app?component=%24DirectLink&page=FrontEndLatestActiveCorrigendums&service=direct&session=T&sp=Sx%2FjcKnZmESUBhlwoFeDoJg%3D%3D
78,2025_EIL_877932_1,7,[SG/B933-000-WA-MR-3105/77 - PIPE-3 LPE COATED],17-Sep-2025 06:30 PM,"Engineers India Limited,MoPNG||Head Office-Delhi,EIL,MoPNG",03-Oct-2025 12:00 PM,https://eprocure.gov.in/eprocure/app?component=%24DirectLink&page=FrontEndLatestActiveCorrigendums&service=direct&session=T&sp=SfFlKUCm81TtCXUJIoBjCUw%3D%3D
79,2025_MoRTH_877962_1,7,[Consultancy services for preparation of feasibility study and Detailed Project Report (DPR) for Four Lanning of NH - 341 Bhuj - Khavda - Dharamshala Road (Including Bhuj Bypass starting from Sekhpir Chokdi to Palara) in the state of Gujarat],17-Sep-2025 06:30 PM,Ministry of Road Transport and Highways||P4 Delhi - MoRTH||RO Gandhinagar - MoRTH,01-Nov-2025 06:00 PM,https://eprocure.gov.in/eprocure/app?component=%24DirectLink&page=FrontEndLatestActiveCorrigendums&service=direct&session=T&sp=SRMX58E3DczK3DIZEg%2BVM4g%3D%3D
80,2025_HOCL_877865_1,7,[CONSTRUCTION OF BLOW DOWN PIT AND RELATED WORKS OF COOLING TOWER 1 PSF AND SSF],17-Sep-2025 06:30 PM,Hindustan Organic Chemicals Limited||Civil Department - HOCL,01-Oct-2025 02:00 PM,https://eprocure.gov.in/eprocure/app?component=%24DirectLink&page=FrontEndLatestActiveCorrigendums&service=direct&session=T&sp=S7CppqdyPNOZT2CEdWB6LlA%3D%3D
81,2025_ARMHA_877791_1,8,[AMC for four Nos lifts (Phase-II) at type-II and type-IV SF accn at Dwarka],17-Sep-2025 05:00 PM,Assam Rifles - MHA||Engineer Branch - AR - MHA,30-Sep-2025 10:30 AM,https://eprocure.gov.in/eprocure/app?component=%24DirectLink&page=FrontEndLatestActiveCorrigendums&service=direct&session=T&sp=S8UazzN4ZhkT2L9%2BVAKW2CA%3D%3D
82,2025_IIT_877903_1,8,[Providing and Installation of Conference room Table including misc. civil and electrical works in Academic complex East and West Building at IIT Delhi],17-Sep-2025 05:00 PM,Director-Indian Institute of Technology(IIT Delhi)||Dy.Registrar(Stores) Central Store Purchase Section-IIT Delhi,30-Sep-2025 05:00 PM,https://eprocure.gov.in/eprocure/app?component=%24DirectLink&page=FrontEndLatestActiveCorrigendums&service=direct&session=T&sp=Sq9bxLgPL8Va6ySbG0W1IqQ%3D%3D
83,2025_NMPT_877696_1,8,"[Maintenance Dredging at New Mangalore Port for the years 2026-27, 2027-28 and 2028-29 (03 Years)]",17-Sep-2025 04:00 PM,New Mangalore Port Trust||Civil Engineering Department-HQ - NMPT,15-Oct-2025 03:00 PM,https://eprocure.gov.in/eprocure/app?component=%24DirectLink&page=FrontEndLatestActiveCorrigendums&service=direct&session=T&sp=SwuyA8YwoNgyjj8HdJPlJtg%3D%3D
84,2025_IIT_877877_1,8,"[Providing and laying GI pipeline from Gate No. 3 Road Junction to Directors Lodge, East Campus and HDPE Pipeline (STP line Extension) from Vindhayachal Hostel to Satpura Hostel, west Campus at IIT Delhi.]",17-Sep-2025 04:00 PM,Director-Indian Institute of Technology(IIT Delhi)||Dy.Registrar(Stores) Central Store Purchase Section-IIT Delhi,02-Oct-2025 03:00 PM,https://eprocure.gov.in/eprocure/app?component=%24DirectLink&page=FrontEndLatestActiveCorrigendums&service=direct&session=T&sp=SmIOm9iVxeKq35PkDlG9Nrw%3D%3D
85,2025_DMRC_877863_1,8,[Tender for licensing of all advertisement rights of Phase IV of DMRC network],17-Sep-2025 03:00 PM,Delhi Metro Rail Corporation Limited||GM/Property Business - DMRC,29-Oct-2025 03:00 PM,https://eprocure.gov.in/eprocure/app?component=%24DirectLink&page=FrontEndLatestActiveCorrigendums&service=direct&session=T&sp=Sp3d1E7pr9Vi%2FTHAAfYTXvQ%3D%3D
86,2025_JNPT_877809_1,8,[Execution and Maintenance of Arboriculture Horticulture Works for the Beautification of JNPA Area (Outside Custom Bound Area)],17-Sep-2025 11:30 AM,Jawaharlal Nehru Port Trust||PP and D-JNPT||Township - PP and D - JNPT,07-Oct-2025 03:00 PM,https://eprocure.gov.in/eprocure/app?component=%24DirectLink&page=FrontEndLatestActiveCorrigendums&service=direct&session=T&sp=SUSGaVlqkOJNoDOVbs6X6Qw%3D%3D
87,2025_CRPF_877780_1,8,[GENERAL REPAIR AND MAINTENANCE OF 100 METER BAFFLE FIRING RANGE ],17-Sep-2025 09:00 AM,"DG,CRPF,MHA||South Zone,CRPF,MHA",02-Oct-2025 10:00 AM,https://eprocure.gov.in/eprocure/app?component=%24DirectLink&page=FrontEndLatestActiveCorrigendums&service=direct&session=T&sp=SSKg0V3qE6ejv49gbDmBVWw%3D%3D
88,2025_DRDO_877717_1,8,[Provision of Resurfacing of Roads at DGAero Campus at Bengaluru.],16-Sep-2025 06:00 PM,Defence Research and Development Organisation||Directorate of Civil Works and Estates - DRDO||Chief Construction Engineer (R and D) South - DRDO,01-Oct-2025 03:00 PM,https://eprocure.gov.in/eprocure/app?component=%24DirectLink&page=FrontEndLatestActiveCorrigendums&service=direct&session=T&sp=SNM%2BvCgDGcaYFkhbt8zrQgA%3D%3D
89,2025_DRDO_877734_1,8,[Comperhensive Annual Maintenance of Precision AC PAC 8.5 Ton in Data Centre at TBRL Sector 30 Chandigarh and Ramgarh],16-Sep-2025 05:30 PM,Defence Research and Development Organisation||Directorate of Civil Works and Estates - DRDO||Estate Management Unit(R and D)- Chandigarh - DRDO,06-Oct-2025 12:00 PM,https://eprocure.gov.in/eprocure/app?component=%24DirectLink&page=FrontEndLatestActiveCorrigendums&service=direct&session=T&sp=SBzSoJ6pFpVAxHhxJttjLvg%3D%3D
90,2025_DOP_877713_1,8,"[Operation and maintenance of various Electromechanical services at Dak Bhawan, New Delhi.]",16-Sep-2025 04:20 PM,"Department of Posts||Delhi Circle, Dept. of Posts",06-Oct-2025 03:00 PM,https://eprocure.gov.in/eprocure/app?component=%24DirectLink&page=FrontEndLatestActiveCorrigendums&service=direct&session=T&sp=S0BfpHC8O2OZU1ujKRNmYaw%3D%3D
91,2025_DOP_877704_1,9,"[Operation and maintenance of various Electromechanical services at FPO building, New Delhi.]",16-Sep-2025 04:10 PM,"Department of Posts||Delhi Circle, Dept. of Posts",06-Oct-2025 03:00 PM,https://eprocure.gov.in/eprocure/app?component=%24DirectLink&page=FrontEndLatestActiveCorrigendums&service=direct&session=T&sp=SuStWGFcGFUDBnhl73O0kdg%3D%3D
92,2025_HWB_877600_1,9,[HWPM/PP/WH CLEANING/25/01],16-Sep-2025 04:00 PM,Heavy Water Board||Heavy Water Plant Manuguru,30-Sep-2025 06:00 PM,https://eprocure.gov.in/eprocure/app?component=%24DirectLink&page=FrontEndLatestActiveCorrigendums&service=direct&session=T&sp=SiCsIwLcu2r2Lz01XcEs3Ow%3D%3D
93,2025_NRL_877653_1,9,[Procurement of Complete Reciprocating Dozing Pump (Pump with Drive Motor) for Corrosion Inhibitor application for NRL site],16-Sep-2025 04:00 PM,Numaligarh Refinery Limited,07-Oct-2025 11:00 AM,https://eprocure.gov.in/eprocure/app?component=%24DirectLink&page=FrontEndLatestActiveCorrigendums&service=direct&session=T&sp=S6bePd3tA16sORCjlTOxjpA%3D%3D
94,2025_DMRC_876849_1,9,[Comprehensive Annual Maintenance Contract of 2x3kVA Hi-Rel make UPS installed in DMRC for a period for three years.],16-Sep-2025 04:00 PM,Delhi Metro Rail Corporation Limited||CE/Tender (O and M) - DMRC,30-Sep-2025 02:00 PM,https://eprocure.gov.in/eprocure/app?component=%24DirectLink&page=FrontEndLatestActiveCorrigendums&service=direct&session=T&sp=SqGrNTt%2FdrT29xoUGw4Q3Zw%3D%3D
95,2025_NHIDC_877663_1,9,[Construction of Telecom Headquartes Ladakh],16-Sep-2025 03:25 PM,National Highways and Infrastructure Development Corporation||Corporate Office-New Delhi - NHIDCL,18-Oct-2025 03:00 PM,https://eprocure.gov.in/eprocure/app?component=%24DirectLink&page=FrontEndLatestActiveCorrigendums&service=direct&session=T&sp=SR2wqGnA8Z4iTcn%2FBc%2Bb9Aw%3D%3D
96,2025_PU_877539_1,9,[Supplying and providing anti termite treatment to the Pondicherry University International Convention Centre in Pondicherry University ],16-Sep-2025 03:00 PM,Pondicherry University,02-Oct-2025 03:00 PM,https://eprocure.gov.in/eprocure/app?component=%24DirectLink&page=FrontEndLatestActiveCorrigendums&service=direct&session=T&sp=S0fU3zdCFy6NZ51TGKQW1aQ%3D%3D
97,2025_NHIDC_877648_1,9,[Construction of Traffic Police Headquarter],16-Sep-2025 03:00 PM,National Highways and Infrastructure Development Corporation||Corporate Office-New Delhi - NHIDCL,18-Oct-2025 03:00 PM,https://eprocure.gov.in/eprocure/app?component=%24DirectLink&page=FrontEndLatestActiveCorrigendums&service=direct&session=T&sp=SDE3PlM7gQYn1TpSYFGH6EQ%3D%3D
98,2025_IGCAR_877659_1,9,"[Providing FRP gutter at PPED building in IGCAR, Kalpakkam.]",16-Sep-2025 02:55 PM,Indira Gandhi Centre for Atomic Research||IGCAR,08-Oct-2025 11:30 AM,https://eprocure.gov.in/eprocure/app?component=%24DirectLink&page=FrontEndLatestActiveCorrigendums&service=direct&session=T&sp=S6sLCB8AFsHNmOOigwDdSgw%3D%3D
99,2025_MoS_877615_1,9,[Dry Docking Repair of 300 Ton Reception Barge],16-Sep-2025 01:00 PM,"Ministry of Shipping||Paradip Port Trust||Marine Department,PPT",06-Oct-2025 05:30 PM,https://eprocure.gov.in/eprocure/app?component=%24DirectLink&page=FrontEndLatestActiveCorrigendums&service=direct&session=T&sp=ScRHRhV1QTicK2dKZHEe6nQ%3D%3D
100,2025_IISRT_877597_1,9,[Supply of Earth levelling items ],16-Sep-2025 01:00 PM,Indian Institute of Science Education and Research - Thiruvananthapuram||Purchase and Stores-IISER - Thiruvananthapuram,02-Oct-2025 03:00 PM,https://eprocure.gov.in/eprocure/app?component=%24DirectLink&page=FrontEndLatestActiveCorrigendums&service=direct&session=T&sp=SMk62uPvzl6zV5%2FhIRs048g%3D%3D
101,2025_IMSRP_877279_1,10,[Repair and replacement of damaged drain grating in basement parking of AIIMS Raipur],16-Sep-2025 12:00 PM,All India Institute of Medical Sciences-Raipur||Administrative Department - AIIMS Raipur,08-Oct-2025 03:00 PM,https://eprocure.gov.in/eprocure/app?component=%24DirectLink&page=FrontEndLatestActiveCorrigendums&service=direct&session=T&sp=So05Tclyr6H9BxaIf5IGIJA%3D%3D
102,2025_IMSC_872957_1,10,[Annual maitenance work],16-Sep-2025 09:00 AM,The Institute of Mathematical Sciences,06-Oct-2025 03:00 PM,https://eprocure.gov.in/eprocure/app?component=%24DirectLink&page=FrontEndLatestActiveCorrigendums&service=direct&session=T&sp=SE%2F05OAo%2BICbu6lS9Nq676A%3D%3D
103,2025_CFBD_877555_1,10,[Tender for Selection of Event Management Agency to provide end-to-end services for organizing Centenary Celebration of CCRI 2025],16-Sep-2025 09:00 AM,Coffee Board||Coffee Board Head Office,06-Oct-2025 03:00 PM,https://eprocure.gov.in/eprocure/app?component=%24DirectLink&page=FrontEndLatestActiveCorrigendums&service=direct&session=T&sp=SXGXjnPOCaDIe3tJqdosvCA%3D%3D
104,2025_IITGN_877553_1,10,[Annual Maintenance Contract of VERTIV make UPS systems installed at various buildings at IIT Gandhinagar.],15-Sep-2025 06:30 PM,Indian Institute of Technology Gandhinagar||Building and Works Department - IITGN,02-Oct-2025 03:00 PM,https://eprocure.gov.in/eprocure/app?component=%24DirectLink&page=FrontEndLatestActiveCorrigendums&service=direct&session=T&sp=Sl3JD25maUE%2FrfODKOGum0w%3D%3D
105,2025_MoRTH_877563_1,10,"[Short Term Maintenance to Aramgarh to Shamshabad section of NH 44 from Km 9.400 to 9.900, Km 19.948 to 20.000 in the State of Telangana]",15-Sep-2025 06:25 PM,Ministry of Road Transport and Highways||P7 Delh - MoRTH||RO Hyderabad - MoRTH||NH Division-Hyderabad - MoRTH,13-Oct-2025 03:00 PM,https://eprocure.gov.in/eprocure/app?component=%24DirectLink&page=FrontEndLatestActiveCorrigendums&service=direct&session=T&sp=SPCyoh%2BWLqyLjUSoP1R91EQ%3D%3D
106,2025_MoRTH_877556_1,10,[Short Term Maintenance of Hyderabad to Srisailam section of NH 765 from Km 18.8 to 23.0 in the State of Telangana],15-Sep-2025 06:15 PM,Ministry of Road Transport and Highways||P7 Delh - MoRTH||RO Hyderabad - MoRTH||NH Division-Hyderabad - MoRTH,13-Oct-2025 03:00 PM,https://eprocure.gov.in/eprocure/app?component=%24DirectLink&page=FrontEndLatestActiveCorrigendums&service=direct&session=T&sp=SRgzTdMVm6hTeF1mWVdLFkA%3D%3D
107,2025_NISER_877540_1,10,[Finalization of technical specification for Upgradation of NISER Campus Network and Associated Infrastructure],15-Sep-2025 05:30 PM,National Institute of Science Education and Research - Odisha||Stores and Purchase Section,13-Oct-2025 11:00 AM,https://eprocure.gov.in/eprocure/app?component=%24DirectLink&page=FrontEndLatestActiveCorrigendums&service=direct&session=T&sp=S8FnO43qrzMqEe0Zx8laxZA%3D%3D
108,2025_FACT_877457_1,10,"[Civil and piping works for residual engineering - New Phosphoric acid tanks at Q10 berth, Willingdon Island.]",15-Sep-2025 05:00 PM,The Fertilisers And Chemicals Travancore Ltd.||Head Office - FACT||Corporate materials - FACT,06-Oct-2025 11:00 AM,https://eprocure.gov.in/eprocure/app?component=%24DirectLink&page=FrontEndLatestActiveCorrigendums&service=direct&session=T&sp=SjU6S9HTp8m1ZdEgrbfA5Vg%3D%3D
109,2025_MGIMS_870275_2,10,[Comprehensive Annual Maintenance Contract  CAMC for various types of drinking R.O. units of  College Hospital and Hostel premises at MGIMS KHS  Sevagram],15-Sep-2025 05:00 PM,Mahatma Gandhi Institute of Medical Sciences,14-Oct-2025 05:00 PM,https://eprocure.gov.in/eprocure/app?component=%24DirectLink&page=FrontEndLatestActiveCorrigendums&service=direct&session=T&sp=SK7IGmOALuxAS18tlJiQPlQ%3D%3D
110,2025_IITG_877482_1,10,"[Supply, fitting and fixing of cast iron road gully grating cover grill (150 nos) in IITG campus]",15-Sep-2025 04:15 PM,Indian Institute of Technology Guwahati||Administration - IITG||Engineer Section - IITG,02-Oct-2025 02:00 PM,https://eprocure.gov.in/eprocure/app?component=%24DirectLink&page=FrontEndLatestActiveCorrigendums&service=direct&session=T&sp=ShLS5A%2B2TViUiVAzBsPpzDw%3D%3D
111,2025_IITG_877496_1,11,"[Shifting, installation, erection, testing and commissioning of 750KVA DG-Set along with existing  Exhaust System from ESS#05 to ESS#08 in IIT-Guwahati Campus]",15-Sep-2025 04:00 PM,Indian Institute of Technology Guwahati||Administration - IITG||Engineer Section - IITG,02-Oct-2025 02:30 PM,https://eprocure.gov.in/eprocure/app?component=%24DirectLink&page=FrontEndLatestActiveCorrigendums&service=direct&session=T&sp=SKxRHJVOgTCg6r%2BXa%2B8Cv%2FA%3D%3D
112,2025_ARAI_877472_1,11,[EDL-87-PR-10034896],15-Sep-2025 02:50 PM,Automotive Research Association of India,03-Oct-2025 03:00 PM,https://eprocure.gov.in/eprocure/app?component=%24DirectLink&page=FrontEndLatestActiveCorrigendums&service=direct&session=T&sp=S2uNXsTmhd%2FFjjUtD9smpMQ%3D%3D
113,2025_IITS_877368_1,11,[VRF Type AC AMC Works],15-Sep-2025 02:50 PM,Indian Institute of Information Technology - Sri City Chittoor,04-Oct-2025 04:00 PM,https://eprocure.gov.in/eprocure/app?component=%24DirectLink&page=FrontEndLatestActiveCorrigendums&service=direct&session=T&sp=SEFT4%2F0IToGwDzRB1xr2FWw%3D%3D
114,2025_ALHW_877349_1,11,"[Providing tyres fenders and mooring rings over existing jetty, wearing coat over existing berthing jetty and minor repairs to solid approach area and other miscellaneous work at Malacca jetty Car Nicobar.]",15-Sep-2025 10:00 AM,Andaman Lakshadweep Harbour Works||Executive Engineer (K and GN) -Campbell Bay ALHW,01-Oct-2025 03:00 PM,https://eprocure.gov.in/eprocure/app?component=%24DirectLink&page=FrontEndLatestActiveCorrigendums&service=direct&session=T&sp=SeTSbUWKnXIZciCzO63qTpw%3D%3D
115,2025_ITBP_877371_1,11,[ITBP/SHQ SML/ENGR/ANRM RB Civil /25-26-5994 Dtd 13-09-2025],15-Sep-2025 09:00 AM,"DG, Indo-Tibetan Border Police Force||IG, NORTHERN FTR,ITBP",08-Oct-2025 03:00 PM,https://eprocure.gov.in/eprocure/app?component=%24DirectLink&page=FrontEndLatestActiveCorrigendums&service=direct&session=T&sp=SiPf1CqjWJDe3Zh9%2FlPeKeQ%3D%3D
116,2025_SOI_877255_1,11,[Proposal for providing Services for Geo-database Creation using drone technology under sub scheme on formulation of GIS based master plans for class II towns],15-Sep-2025 09:00 AM,Survey of India||Gujarat Daman and Diu  GeoSpatial Data Centre Gandhinagar-SOI,06-Oct-2025 06:00 PM,https://eprocure.gov.in/eprocure/app?component=%24DirectLink&page=FrontEndLatestActiveCorrigendums&service=direct&session=T&sp=S56g7x%2B7PKCFcG9I2%2BFEWqg%3D%3D
117,2025_ITBP_877340_1,11,[ITBP/SHQ SML/ENGR/ARM RB Civil /25-26-5993 Dtd 13-09-2025],15-Sep-2025 09:00 AM,"DG, Indo-Tibetan Border Police Force||IG, NORTHERN FTR,ITBP",08-Oct-2025 03:00 PM,https://eprocure.gov.in/eprocure/app?component=%24DirectLink&page=FrontEndLatestActiveCorrigendums&service=direct&session=T&sp=Stz6klEQfyS38O8UbYQhcRw%3D%3D
118,2025_NFC_877234_1,11,[ZC/ELECTRICAL/E60244],13-Sep-2025 04:00 PM,Nuclear Fuel Complex||Nuclear Fuel Complex Pazhayakayal,18-Oct-2025 02:30 PM,https://eprocure.gov.in/eprocure/app?component=%24DirectLink&page=FrontEndLatestActiveCorrigendums&service=direct&session=T&sp=S9%2FKgddoh0sStJ0LR882e%2Fw%3D%3D
119,2025_ARMHA_877360_1,11,[Repair/Replacement of B R nature of Works at Bn HQ Longding and COBs of 24 AR],13-Sep-2025 03:50 PM,Assam Rifles - MHA,04-Oct-2025 12:00 PM,https://eprocure.gov.in/eprocure/app?component=%24DirectLink&page=FrontEndLatestActiveCorrigendums&service=direct&session=T&sp=SdWhzMJKKVwOfnmtQIyHEBQ%3D%3D
120,2025_ALHW_877131_1,11,[Renovation of Office building cum Workshop at Chetlat Island],12-Sep-2025 06:55 PM,Andaman Lakshadweep Harbour Works||Executive Engineer (Civil)- Kavarath ALHW,03-Oct-2025 03:00 PM,https://eprocure.gov.in/eprocure/app?component=%24DirectLink&page=FrontEndLatestActiveCorrigendums&service=direct&session=T&sp=SIxLm4tCsQhzWz8zcMFNUQQ%3D%3D
121,2025_IITB_877274_1,12,[Supply and Installation of Cryogenic Temperature Controller at IIT Bhilai],12-Sep-2025 06:45 PM,Indian Institute of Technology Bhilai,06-Oct-2025 03:00 PM,https://eprocure.gov.in/eprocure/app?component=%24DirectLink&page=FrontEndLatestActiveCorrigendums&service=direct&session=T&sp=SaAIUkdQzmqNVJ%2Fjb0jowMg%3D%3D
122,2025_NHPC_868854_2,12,[Lot-3 Main Dam including Coffer Dam and HM works of Dibang Multipurpose Project],12-Sep-2025 06:30 PM,NHPC Limited||Corporate Office-Faridabad-NHPC||Contract-Civil-CO-NHPC,06-Oct-2025 05:30 PM,https://eprocure.gov.in/eprocure/app?component=%24DirectLink&page=FrontEndLatestActiveCorrigendums&service=direct&session=T&sp=SvgXFH8JRxYrvrH7%2F06%2BgFQ%3D%3D
123,2025_MoRTH_877249_1,12,[Upgradation to 2 Lane with Paved Shoulders from Design km 0.000 to km 48.742 and km 61.732 to km 102.284 of Bagasara-Una Section of NH-351K in the State of Gujarat on Hybrid Annuity Mode],12-Sep-2025 06:30 PM,Ministry of Road Transport and Highways||P4 Delhi - MoRTH,30-Oct-2025 11:00 AM,https://eprocure.gov.in/eprocure/app?component=%24DirectLink&page=FrontEndLatestActiveCorrigendums&service=direct&session=T&sp=SwY%2BXRlIEH4HHXEToC1Dnuw%3D%3D
124,2025_DRDO_876099_1,12,[TERM CONTRACT FOR B/R AND E/M WORKS FOR VAROUS FACILITIES AT LEH AND PARTAPUR],12-Sep-2025 06:30 PM,Defence Research and Development Organisation||Directorate of Civil Works and Estates - DRDO||Chief Construction Engineer(R and D)Estates North,06-Oct-2025 03:00 PM,https://eprocure.gov.in/eprocure/app?component=%24DirectLink&page=FrontEndLatestActiveCorrigendums&service=direct&session=T&sp=SqNZS%2FjiuV08XJ%2FRfaVreiA%3D%3D
125,2025_DRDO_877108_1,12,[Provision of Thermal Fogging and Spray of Insecticide at DRDO Residential Complex and Pest Control Services to DRDO Transit Facilities at Development Enclave Delhi Cantt],12-Sep-2025 06:00 PM,Defence Research and Development Organisation||Directorate of Civil Works and Estates - DRDO||Estate Management Unit (R and D) - Delhi - DRDO,04-Oct-2025 06:00 PM,https://eprocure.gov.in/eprocure/app?component=%24DirectLink&page=FrontEndLatestActiveCorrigendums&service=direct&session=T&sp=ShDd2yOObvPchLMCbavQKzQ%3D%3D
126,2025_DIT_877235_1,12,[Rate contract for Custom Clearance and Freight Forwarding],12-Sep-2025 06:00 PM,Department of Electronics and Information Technology(DeitY)||Centre for Development of Advanced Computing -  DeitY||Thiruvananthapuram - C-DAC - DeitY,04-Oct-2025 06:00 PM,https://eprocure.gov.in/eprocure/app?component=%24DirectLink&page=FrontEndLatestActiveCorrigendums&service=direct&session=T&sp=SNX%2BS0AjkfMavWJ70SnKvuA%3D%3D
127,2025_NCAOR_877125_1,12,[Interior Furnishing and Ancillary Works at NCPOR],12-Sep-2025 06:00 PM,National Centre for Antarctic and Ocean Research||Prorucrement Section - NCAOR,03-Oct-2025 05:00 PM,https://eprocure.gov.in/eprocure/app?component=%24DirectLink&page=FrontEndLatestActiveCorrigendums&service=direct&session=T&sp=STZJMrgwb0dksuP4luM469w%3D%3D
128,2025_DRDO_876182_1,12,[DAY TO DAY OPERATION and PREVENTIVE MAINTENANCE FOR VARIOUS EnM INSTALLATIONS AND ARBORICULTURE WORKS INCLUDING TERM CONTRACT FOR SITE NSB-II],12-Sep-2025 06:00 PM,Defence Research and Development Organisation||Directorate of Civil Works and Estates - DRDO||Chief Construction Engineer (R and D) North - DRDO,01-Oct-2025 06:00 PM,https://eprocure.gov.in/eprocure/app?component=%24DirectLink&page=FrontEndLatestActiveCorrigendums&service=direct&session=T&sp=S2Qi%2F8tixOFBqbQEH%2B5xzTw%3D%3D
129,2025_DARE_877250_1,12,"[TENDER FOR TUNA LONG LINER CUM TRAWLER (MULTIPURPOSE, GREEN, DEEP SEA, RESEARCH VESSEL)]",12-Sep-2025 05:30 PM,"Department of Agricultural Research and Education||Indian Council of Agricultural Research,DoARE,MoA||Central Institute of Fisheries Technology-Kerala",11-Oct-2025 05:30 PM,https://eprocure.gov.in/eprocure/app?component=%24DirectLink&page=FrontEndLatestActiveCorrigendums&service=direct&session=T&sp=SvTbJSVT1tzCqQfuAchCSvw%3D%3D
130,2025_BandR_877241_1,12,"[ENGAGEMENT OF ARCH AND DESIGN CONSULTANT FOR SITE SURVEYING, GEOTECHNICAL AND SOIL INVESTIGATION/ EXPLORATION AND DRAWINGS, CARRYING OUT ALL RELATED JOBS  ( Detail Description in Tender Document )]",12-Sep-2025 05:05 PM,Bridge and Roof Company (India) Limited||Corporate Head Quarters Kolkata Office - B and R,06-Oct-2025 02:30 PM,https://eprocure.gov.in/eprocure/app?component=%24DirectLink&page=FrontEndLatestActiveCorrigendums&service=direct&session=T&sp=SdD6HFZWUDy1ZInijLbR%2Bsw%3D%3D
131,2025_IMSR_877197_1,13,[Tender document for procurement of the equipment pH Impedance system for Department of Gastroenterology AIIMS Rishikesh],12-Sep-2025 05:00 PM,All India Institute of Medical Sciences-Rishikesh||Hospital - AIIMS Rishikesh||Hospital Stores - AIIMS Rishikesh,24-Oct-2025 06:00 PM,https://eprocure.gov.in/eprocure/app?component=%24DirectLink&page=FrontEndLatestActiveCorrigendums&service=direct&session=T&sp=SoiN3LDuqrKyNv6HzH3qOaA%3D%3D
132,2025_HWB_877030_1,13,[HWPM/SE/ISO (EMS 14001)/2025],12-Sep-2025 03:00 PM,Heavy Water Board||Heavy Water Plant Manuguru,03-Oct-2025 04:00 PM,https://eprocure.gov.in/eprocure/app?component=%24DirectLink&page=FrontEndLatestActiveCorrigendums&service=direct&session=T&sp=SNxgzMjPM%2F7CESELxRlmCFw%3D%3D
133,2025_HWB_877106_1,13,[HWP(M)/ SAFETY/54-A/2025],12-Sep-2025 03:00 PM,Heavy Water Board||Heavy Water Plant Manuguru,03-Oct-2025 04:00 PM,https://eprocure.gov.in/eprocure/app?component=%24DirectLink&page=FrontEndLatestActiveCorrigendums&service=direct&session=T&sp=SyDvBycurcqbypmyHmenD3Q%3D%3D
134,2025_DMRC_877096_1,13,[DMRC/CMRL/Phase-2/001],12-Sep-2025 02:15 PM,Delhi Metro Rail Corporation Limited||CMRL Phase-2 (O and M) - DMRC,06-Oct-2025 12:00 PM,https://eprocure.gov.in/eprocure/app?component=%24DirectLink&page=FrontEndLatestActiveCorrigendums&service=direct&session=T&sp=Sj7zKoIZtc1IuV2CIC4Q6tQ%3D%3D
135,2025_EIL_868276_3,13,[SG/B933-011-PA-MR-5020/43 - PUMP-CENT.HOR(SPP) BINA PETCHEM AND REFINERY EXPANSION PROJECT (BPREP) OF M/S BHARAT PETROLEUM CORPORATION LIMITED (BPCL)],12-Sep-2025 01:30 PM,"Engineers India Limited,MoPNG||Head Office-Delhi,EIL,MoPNG",03-Oct-2025 12:00 PM,https://eprocure.gov.in/eprocure/app?component=%24DirectLink&page=FrontEndLatestActiveCorrigendums&service=direct&session=T&sp=SdtWWMKSsapmMw2wabDwVBQ%3D%3D
136,2025_IIMB_877124_1,13,[Providing Internal Audit Service at IIMB],12-Sep-2025 12:30 PM,Indian Institute of Management Bangalore,03-Oct-2025 09:00 AM,https://eprocure.gov.in/eprocure/app?component=%24DirectLink&page=FrontEndLatestActiveCorrigendums&service=direct&session=T&sp=Sg%2FfKrFPQFhtzMv1eON%2BuBg%3D%3D
137,2025_NCSM_877111_1,13,[I-13012/5/2025(01) Service by way of operation of canteen for selling of food items at NCSM Hqrs Kolkata],12-Sep-2025 12:00 PM,National Council of Science Museums,06-Oct-2025 03:00 PM,https://eprocure.gov.in/eprocure/app?component=%24DirectLink&page=FrontEndLatestActiveCorrigendums&service=direct&session=T&sp=SNElk1x6kbB9WWDXcAIhoxQ%3D%3D
138,2025_ALHW_877034_1,13,"[Supply, Installation testing and commissioning of Solar Street Light (40 Watts) at Various jetties of Nicobar District.]",12-Sep-2025 10:00 AM,Andaman Lakshadweep Harbour Works||Executive Engineer (K and GN) -Campbell Bay ALHW,01-Oct-2025 03:00 PM,https://eprocure.gov.in/eprocure/app?component=%24DirectLink&page=FrontEndLatestActiveCorrigendums&service=direct&session=T&sp=SyjTaXW0y6WRpnGPrON3xVg%3D%3D
139,2025_ISMD_877079_1,13,[Installation of fountain at Executive Development Centre (EDC) at IIT (ISM) Dhanbad],12-Sep-2025 09:00 AM,Indian Institute of Technology(ISM) Dhanbad||Administration - ISMD||Purchase and Stores - ISMD,06-Oct-2025 03:00 PM,https://eprocure.gov.in/eprocure/app?component=%24DirectLink&page=FrontEndLatestActiveCorrigendums&service=direct&session=T&sp=SGM7kQd7tqQ5wM7brUVzXBw%3D%3D
140,2025_EIL_874275_2,13,"[B862-101-VV-MR-6004/50 - PRESSURE VESSEL - CS (26-50MM), PRESSURE VESSEL - CS (UP TO 25MM) FOR PDH PP PLANT WITH ETHANE AND PROPANE HANDLING FACILITIES PROJECT AT DAHEJ, GUJARAT]",11-Sep-2025 06:30 PM,"Engineers India Limited,MoPNG||Head Office-Delhi,EIL,MoPNG",03-Oct-2025 12:00 PM,https://eprocure.gov.in/eprocure/app?component=%24DirectLink&page=FrontEndLatestActiveCorrigendums&service=direct&session=T&sp=SEBluMdMil4ZmLKO8oQTXhA%3D%3D
141,2025_MoRTH_877066_1,14,[Short Term Maintenance of  Hyderabad Srisailam  road Section of NH 765  from km 188.800 to 191.100  in the state of Telangana],11-Sep-2025 06:20 PM,Ministry of Road Transport and Highways||P7 Delh - MoRTH||RO Hyderabad - MoRTH||NH Division-Hyderabad - MoRTH,08-Oct-2025 03:00 PM,https://eprocure.gov.in/eprocure/app?component=%24DirectLink&page=FrontEndLatestActiveCorrigendums&service=direct&session=T&sp=S72gsr1UfwTO0c8D1GhBQ8A%3D%3D
142,2025_DPS_876560_1,14,[Supply of Furnace oil confirming to IS 1593 (Grade MV-2) on as and when required basis],11-Sep-2025 06:00 PM,Directorate of Purchase and Stores||Madras Regional Purchase Unit Chennai - DPS,14-Oct-2025 02:00 PM,https://eprocure.gov.in/eprocure/app?component=%24DirectLink&page=FrontEndLatestActiveCorrigendums&service=direct&session=T&sp=SlsN7c2qbADOFQVKd31VYcg%3D%3D
143,2025_BandR_877055_1,14,[SELECTION OF JV PARTNER FOR PRE-BID TIE UP FOR SERVICES AND POST-BID CONSTRUCTION WORK THROUGH AN UNINCORPORATED JOINT VENTURE AGREEMENT FOR WIDENING AND STRENGTHENING TO 2-LANE WITH PAVED SHOULDER INCLUDING BYPASS/REALIGNMENT OF NH ON EPC MODE],11-Sep-2025 05:45 PM,Bridge and Roof Company (India) Limited||Corporate Head Quarters Kolkata Office - B and R,06-Oct-2025 04:00 PM,https://eprocure.gov.in/eprocure/app?component=%24DirectLink&page=FrontEndLatestActiveCorrigendums&service=direct&session=T&sp=SXvRJh0UsCD%2BGLhi2KPgi6g%3D%3D
144,2025_BSF_876968_1,14,[1st Dry Dock repair and maintenance of Medium Craft Ganga],11-Sep-2025 05:00 PM,"DG,BSF,MHA||South Bengal(Kolkata),BSF,MHA",13-Oct-2025 12:00 PM,https://eprocure.gov.in/eprocure/app?component=%24DirectLink&page=FrontEndLatestActiveCorrigendums&service=direct&session=T&sp=SCDtNHo%2BeJOUYdvefBkzNJA%3D%3D
145,2025_DDA_877014_1,14,[M/o Yamuna Sports Complex.],11-Sep-2025 05:00 PM,Delhi Development Authority||CE-Electrical-DDA||EE(El) Division-2(Sports)-Vikas Minar-DDA,02-Oct-2025 03:00 PM,https://eprocure.gov.in/eprocure/app?component=%24DirectLink&page=FrontEndLatestActiveCorrigendums&service=direct&session=T&sp=SgOeJWxtXCDYfxrutFQG5bA%3D%3D
146,2025_IMSRP_877032_1,14,[Construction of shed near Trauma Building connecting A1 Block at AIIMS Raipur],11-Sep-2025 05:00 PM,All India Institute of Medical Sciences-Raipur||Administrative Department - AIIMS Raipur,06-Oct-2025 03:00 PM,https://eprocure.gov.in/eprocure/app?component=%24DirectLink&page=FrontEndLatestActiveCorrigendums&service=direct&session=T&sp=S54%2FumsWMjltwY8km3a4xaA%3D%3D
147,2025_IISRT_877015_1,14,[EOI for High-performance computing cluster of 300 TF (Rmax) and 500TB Lustre parallel file system],11-Sep-2025 05:00 PM,Indian Institute of Science Education and Research - Thiruvananthapuram||Purchase and Stores-IISER - Thiruvananthapuram,03-Oct-2025 10:30 AM,https://eprocure.gov.in/eprocure/app?component=%24DirectLink&page=FrontEndLatestActiveCorrigendums&service=direct&session=T&sp=SAW1KHbwvBseUrV8WHh8qxw%3D%3D
148,2025_GGV_877002_1,14,[VARIOUS ELECTRICAL WORK 2025 AT GURU GHASIDAS VISHWAVIDYALAYA  CAMPUS BILASPUR],11-Sep-2025 04:30 PM,Guru Ghasidas Vishwavidyalaya,03-Oct-2025 03:00 PM,https://eprocure.gov.in/eprocure/app?component=%24DirectLink&page=FrontEndLatestActiveCorrigendums&service=direct&session=T&sp=SqYRAfCZfkMLEr1m2yeylRw%3D%3D
149,2025_MoRTH_876998_1,14,[One time improvement of existing road from Km 0.0 to 2.360 Km 26.930 to 30.0 and Km 30.270 to 30.6 of NH 365A (left over bits) of Kodad Khammam Section in the State of Telangana on EPC mode],11-Sep-2025 04:15 PM,Ministry of Road Transport and Highways||P7 Delh - MoRTH||RO Hyderabad - MoRTH||NH Division-Hyderabad - MoRTH,14-Oct-2025 03:00 PM,https://eprocure.gov.in/eprocure/app?component=%24DirectLink&page=FrontEndLatestActiveCorrigendums&service=direct&session=T&sp=SHRGlSqmOflfRBggB98e8LA%3D%3D
150,2025_DRDO_876973_1,14,"[CONSULTANCY SERVICE, SURVEY AND SOIL INVESTIGATION FOR PROVISION OF INFRASTRUCTURE FACILITY FOR PROJECT SEATEC AT NPOL KOCHI]",11-Sep-2025 04:00 PM,Defence Research and Development Organisation||Directorate of Civil Works and Estates - DRDO||Chief Construction Engineer (R and D) South - DRDO,03-Oct-2025 03:00 PM,https://eprocure.gov.in/eprocure/app?component=%24DirectLink&page=FrontEndLatestActiveCorrigendums&service=direct&session=T&sp=SV2EOFAnk2oik8QuP7W3uog%3D%3D
151,2025_DOP_876976_1,15,"[Construction of Sech Bhawan Post Office Building alongwith IQ and one Type-VI quarter for CPMG Residence at DE Block,Salt Lake,Kolkata in West Bengal Circle.]",11-Sep-2025 03:30 PM,"Department of Posts||West Bengal Circle,Dept. of Posts||CPMG,WB Circle,Kolkata,POST||EE(Civil),PCD I,Kolkata,POST",03-Oct-2025 03:00 PM,https://eprocure.gov.in/eprocure/app?component=%24DirectLink&page=FrontEndLatestActiveCorrigendums&service=direct&session=T&sp=S2Yd1naubYop4bUnmN1qTfQ%3D%3D
152,2025_IIT_876940_1,15,[Structural Glazing facade work to prevent rainwater at Front and Rear side opening of SATHI building at Ground Floor Sonipat Campus of IIT Delhi.],11-Sep-2025 03:00 PM,Director-Indian Institute of Technology(IIT Delhi)||Dy.Registrar(Stores) Central Store Purchase Section-IIT Delhi,02-Oct-2025 03:00 PM,https://eprocure.gov.in/eprocure/app?component=%24DirectLink&page=FrontEndLatestActiveCorrigendums&service=direct&session=T&sp=SQ7pTkaV7o3iNMgQiSmrlrQ%3D%3D
153,2025_FACT_876902_1,15,"[Servicing and repairing of high elevation lights, devices and equipments at FACT-CD, Ambalamedu]",11-Sep-2025 03:00 PM,The Fertilisers And Chemicals Travancore Ltd.||Head Office - FACT||Corporate materials - FACT,03-Oct-2025 03:00 PM,https://eprocure.gov.in/eprocure/app?component=%24DirectLink&page=FrontEndLatestActiveCorrigendums&service=direct&session=T&sp=SG2nsJPilwqJt0J8DvA70OQ%3D%3D
154,2025_NRL_876909_1,15,[Structural Erection Piping Fabrication and Erection Equipment Erection Insulation Painting and other Associated Works Part II for NREP Project Assam],11-Sep-2025 03:00 PM,Numaligarh Refinery Limited,03-Oct-2025 03:00 PM,https://eprocure.gov.in/eprocure/app?component=%24DirectLink&page=FrontEndLatestActiveCorrigendums&service=direct&session=T&sp=SnW80gAtJCKPzhKsiZRcxFQ%3D%3D
155,2025_DAE_876947_1,15,[Internet Leased Line Connectivity 1 Gbps with IP Pool],11-Sep-2025 03:00 PM,Department of Atomic Energy||Tata Institute of Fundamental Research-Colaba-Mumbai-Purchase Dept-TIFR-DAE||NCRA(Pune)-TIFR-DAE,17-Oct-2025 03:00 PM,https://eprocure.gov.in/eprocure/app?component=%24DirectLink&page=FrontEndLatestActiveCorrigendums&service=direct&session=T&sp=S9EgaFrTnKVgM9Y8nBXtNyg%3D%3D
156,2025_TMC_876900_1,15,"[Shifting of existing street light poles along with LED Fittings located within TMC, plot, obstructing the construction of compound wall of ICTREC campus in survey No. 1A/1/A, Tambati village, Raigad.]",11-Sep-2025 03:00 PM,Tata Memorial Centre||ACTREC  Kharghar  Navi Mumbai,04-Oct-2025 03:00 PM,https://eprocure.gov.in/eprocure/app?component=%24DirectLink&page=FrontEndLatestActiveCorrigendums&service=direct&session=T&sp=S8z4zkfcujM7Oo2yQAc8aTQ%3D%3D
157,2025_NFC_876933_1,15,"[Providing professional services for supervision of construction activities and assistance for maintenance of Civil and electrical installations at Rawatbhata, Kota, Rajasthan.]",11-Sep-2025 12:30 PM,Nuclear Fuel Complex||Nuclear Fuel Complex Hyderabad||Civil Engineering Division - NFC Hyderabad,06-Oct-2025 02:00 PM,https://eprocure.gov.in/eprocure/app?component=%24DirectLink&page=FrontEndLatestActiveCorrigendums&service=direct&session=T&sp=S6ZOb56Ji4LeMJHbNGXsADQ%3D%3D
158,2025_MoRTH_876888_1,15,[Short Term Maintenance to Rudrampur-Bhadrachalam Section of NH 30 from Km 121.0 to Km 171.6 for the year 2025 26 in the State of Telangana],11-Sep-2025 11:00 AM,Ministry of Road Transport and Highways||P7 Delh - MoRTH||RO Hyderabad - MoRTH||NH Division-Hyderabad - MoRTH,30-Sep-2025 03:00 PM,https://eprocure.gov.in/eprocure/app?component=%24DirectLink&page=FrontEndLatestActiveCorrigendums&service=direct&session=T&sp=SBfeANNWpc4vWXl0%2FZkrmUw%3D%3D
159,2025_NHDCL_876879_1,15,[Creative Agencies for Social Media Channel],11-Sep-2025 09:00 AM,National Handloom Development Corporation Ltd,04-Oct-2025 06:00 PM,https://eprocure.gov.in/eprocure/app?component=%24DirectLink&page=FrontEndLatestActiveCorrigendums&service=direct&session=T&sp=SCrS07wIrqqFvpDboq%2ByAqA%3D%3D
160,2025_NHIDC_876891_1,15,[NHIDCL/RO-Agt/STMC/K - A/2025-26/773	],11-Sep-2025 09:00 AM,National Highways and Infrastructure Development Corporation||Corporate Office-New Delhi - NHIDCL,01-Oct-2025 05:00 PM,https://eprocure.gov.in/eprocure/app?component=%24DirectLink&page=FrontEndLatestActiveCorrigendums&service=direct&session=T&sp=SMtOSv%2BI%2FAa5cUa6P9t6hUA%3D%3D
161,2025_MoRTH_876885_1,16,"[STMC of Hyderabad-Bhupalapatnam Section of NH 163 from Km 159.0 to 165.4, 186.0 to 214.2, 231.0 to 231.420, 232.580 to 236.0, 247.0 to 265.4, 290.5 to 294.6 in Telangana]",10-Sep-2025 06:55 PM,Ministry of Road Transport and Highways||P7 Delh - MoRTH||RO Hyderabad - MoRTH||NH Division-Hyderabad - MoRTH,30-Sep-2025 03:00 PM,https://eprocure.gov.in/eprocure/app?component=%24DirectLink&page=FrontEndLatestActiveCorrigendums&service=direct&session=T&sp=St%2FzFoM6tBK%2FtLGKdGTDirw%3D%3D
162,2025_MoRTH_876878_1,16,[Short Term Maintenance from Km 8.0 to 59.2 Kaleshwaram to Bhupalapally and Km 67.2 to 108.539 Chelpur to Atmakur Sections of NH 353C in the State of Telangana],10-Sep-2025 06:55 PM,Ministry of Road Transport and Highways||P7 Delh - MoRTH||RO Hyderabad - MoRTH||NH Division-Hyderabad - MoRTH,30-Sep-2025 03:00 PM,https://eprocure.gov.in/eprocure/app?component=%24DirectLink&page=FrontEndLatestActiveCorrigendums&service=direct&session=T&sp=Sy2HW%2FA1rxbYOSbgiqeZ2WA%3D%3D
163,2025_BandR_876880_1,16,[CARRYING OUT STRUCTURAL AND ALLIED WORKS IN CONNECTION WITH CIVIL AND STRUCTURAL WORKS OF POLY PROPYLENE PROJECT - KOCHI OF M/S. BHARAT PETROLEUM CORPORATION LIMITED (BPCL)],10-Sep-2025 06:40 PM,Bridge and Roof Company (India) Limited||Corporate Head Quarters Kolkata Office - B and R,07-Oct-2025 04:00 PM,https://eprocure.gov.in/eprocure/app?component=%24DirectLink&page=FrontEndLatestActiveCorrigendums&service=direct&session=T&sp=SBWEf9L1ZtPcml7i%2BfKywYg%3D%3D
164,2025_MRVC_876716_1,16,[MRVC/EL/EMU/UTV/2025/3 ],10-Sep-2025 06:30 PM,Ministry of Railways - World Bank Tenders||Mumbai Railway Vikas Corporation Limited,16-Oct-2025 03:00 PM,https://eprocure.gov.in/eprocure/app?component=%24DirectLink&page=FrontEndLatestActiveCorrigendums&service=direct&session=T&sp=SP%2Fb%2B7dAi7XSNDfDNDcAdmQ%3D%3D
165,2025_NHDCL_876858_1,16,[Agencies for Self Sustaining Package for School Student],10-Sep-2025 06:00 PM,National Handloom Development Corporation Ltd,04-Oct-2025 06:00 PM,https://eprocure.gov.in/eprocure/app?component=%24DirectLink&page=FrontEndLatestActiveCorrigendums&service=direct&session=T&sp=SnHJSYeD%2BGkv4y6gs2U0TxQ%3D%3D
166,2025_DU_876826_1,16,[Provision of manpower for attending day to day repair and maintenance work (civil work) at University of Delhi],10-Sep-2025 06:00 PM,Delhi University||Central Office - DU||Engineering - DU,06-Oct-2025 01:00 PM,https://eprocure.gov.in/eprocure/app?component=%24DirectLink&page=FrontEndLatestActiveCorrigendums&service=direct&session=T&sp=S9BoVzVilRdAQkIVTt8ZxXA%3D%3D
167,2025_GSI_876699_1,16,[Digital Core Logger],10-Sep-2025 06:00 PM,Geological Survey of India||Controller of Stores- APMD-CHQ- GSI-Kolkata||Dy.CS -S and T Support System-CHQ-GSI-Kolkata,03-Nov-2025 06:00 PM,https://eprocure.gov.in/eprocure/app?component=%24DirectLink&page=FrontEndLatestActiveCorrigendums&service=direct&session=T&sp=SN3FvK40hxyx6JMqqmAczfw%3D%3D
168,2025_DMRC_876812_1,16,[Property Development  as Temporary Structure at Dwarka Metro Station (Line-9)   Corridor of Delhi Metro Network ],10-Sep-2025 06:00 PM,Delhi Metro Rail Corporation Limited||CE/Property Development - DMRC,13-Oct-2025 03:00 PM,https://eprocure.gov.in/eprocure/app?component=%24DirectLink&page=FrontEndLatestActiveCorrigendums&service=direct&session=T&sp=SY4y5Gh%2FS6ITInqyDNOkz2A%3D%3D
169,2025_MoRTH_876788_1,16,[Short Term Improvement and Routine Maintenance from km 106/700 to km 126/700 of NH 183 in State of  Kerala for the year 2025-26-under STMC Mode ],10-Sep-2025 06:00 PM,Ministry of Road Transport and Highways||P7 Delh - MoRTH||RO Thiruvananthapuram - MoRTH||NH Kerala PWD-Kochi - MoRTH,03-Oct-2025 05:00 PM,https://eprocure.gov.in/eprocure/app?component=%24DirectLink&page=FrontEndLatestActiveCorrigendums&service=direct&session=T&sp=SNG6bNGUQxG0ohDZdaxpJ7Q%3D%3D
170,2025_IWAI_876820_2,16,[Operation and Maintenance of Navigational Aids in Pandu- Silghat stretch of NW-2 for the period of two year.],10-Sep-2025 06:00 PM,"Inland Waterways Authority of India,MoS||RO Guwahati,IWAI,MoS",07-Oct-2025 03:00 PM,https://eprocure.gov.in/eprocure/app?component=%24DirectLink&page=FrontEndLatestActiveCorrigendums&service=direct&session=T&sp=SNPkfMli5LtkMpDiXERetnw%3D%3D
171,2025_IWAI_876820_1,17,[Operation and Maintenance of Navigational Aids in B. Border- Pandu stretch of NW-2 for the period of two year.],10-Sep-2025 06:00 PM,"Inland Waterways Authority of India,MoS||RO Guwahati,IWAI,MoS",07-Oct-2025 03:00 PM,https://eprocure.gov.in/eprocure/app?component=%24DirectLink&page=FrontEndLatestActiveCorrigendums&service=direct&session=T&sp=SawBvjYriy3ZbGrMdXc5ATw%3D%3D
172,2025_BandR_876850_1,17,"[ENGAGE OF ARCH CUM DESIGN CONSULT FOR SURVEYING,GEOTECHNICAL AND SOIL INVEST, CONCEPTUAL DESIGN,ARCH PLANNING AND DRAW, CARRYING OUT ALL RELATED DESIGN AND DRAWINGS,STRUCTURAL DESIGN,DETAILED ESTIMATE, PREPARATION AND SUBMISSION OF (DPR) (continue..)]",10-Sep-2025 05:50 PM,Bridge and Roof Company (India) Limited||Corporate Head Quarters Kolkata Office - B and R,07-Oct-2025 05:30 PM,https://eprocure.gov.in/eprocure/app?component=%24DirectLink&page=FrontEndLatestActiveCorrigendums&service=direct&session=T&sp=SipC9uC2MgZQ2%2BfXPxaSEbA%3D%3D
173,2025_MGIMS_865497_2,17,[Supply of Anterior Segment Imaging Device with recording system with Laptop and Printer],10-Sep-2025 05:00 PM,Mahatma Gandhi Institute of Medical Sciences,10-Oct-2025 05:00 PM,https://eprocure.gov.in/eprocure/app?component=%24DirectLink&page=FrontEndLatestActiveCorrigendums&service=direct&session=T&sp=SlDBTiiFpCGgMcqjZxXoO6w%3D%3D
174,2025_IITB_876754_1,17,[Supply and Installation of Lock-in amplifier at IIT Bhilai],10-Sep-2025 05:00 PM,Indian Institute of Technology Bhilai,06-Oct-2025 03:00 PM,https://eprocure.gov.in/eprocure/app?component=%24DirectLink&page=FrontEndLatestActiveCorrigendums&service=direct&session=T&sp=SIWtWCm3SziOF4K9ivuvriQ%3D%3D
175,2025_CCRH_876706_1,17,[Procurement of Meity empanelled basic cloud services],10-Sep-2025 05:00 PM,Central Council for Research in Homoeopathy,30-Sep-2025 03:00 PM,https://eprocure.gov.in/eprocure/app?component=%24DirectLink&page=FrontEndLatestActiveCorrigendums&service=direct&session=T&sp=SRtDNBolE1eQMiVjjTTBTxw%3D%3D
176,2025_VECC_876497_1,17,"[Contract for maintenance of different PH installations at Bidhannagar campus of VECC, 1AF, Bidhannagar, Kolkata 64]",10-Sep-2025 04:00 PM,Variable Energy Cyclotron Centre,02-Oct-2025 05:00 PM,https://eprocure.gov.in/eprocure/app?component=%24DirectLink&page=FrontEndLatestActiveCorrigendums&service=direct&session=T&sp=SG5XZlW8gyNmtVBbmAUPFpg%3D%3D
177,2025_SCL_876692_1,17,[8 inch (200mm) Hydrogen Annealed Silicon Product Wafer],10-Sep-2025 03:00 PM,Semi-Conductor Laboratory (SCL),09-Oct-2025 03:00 PM,https://eprocure.gov.in/eprocure/app?component=%24DirectLink&page=FrontEndLatestActiveCorrigendums&service=direct&session=T&sp=SZ1ujgwZPexF8ARy%2FbfibMg%3D%3D
178,2025_MGIMS_867696_2,17,[Supply of Cavitron Ultrasonic Surgical Aspirator (CUSA)],10-Sep-2025 03:00 PM,Mahatma Gandhi Institute of Medical Sciences,10-Oct-2025 03:00 PM,https://eprocure.gov.in/eprocure/app?component=%24DirectLink&page=FrontEndLatestActiveCorrigendums&service=direct&session=T&sp=S%2FE0330ZEiSV6AQrdkskE%2BQ%3D%3D
179,2025_MGIMS_867935_2,17,[Supply of C-Arm with Laser Beam Pointer Against Buyback of Old C-Arm],10-Sep-2025 02:00 PM,Mahatma Gandhi Institute of Medical Sciences,10-Oct-2025 02:00 PM,https://eprocure.gov.in/eprocure/app?component=%24DirectLink&page=FrontEndLatestActiveCorrigendums&service=direct&session=T&sp=Sqej5UWI8loCyGskV4MNR2g%3D%3D
180,2025_DGDE_876632_1,17,"[TENDER FOR PROCUREMENT, INSTALLATION AND COMMISSIONING OF C T SCAN UNIT]",10-Sep-2025 02:00 PM,"Dir. Gen. Defence Estates,HQ||Southern Command,DGDE||Cantt. Board,Kirkee,DGDE,SC",30-Sep-2025 04:00 PM,https://eprocure.gov.in/eprocure/app?component=%24DirectLink&page=FrontEndLatestActiveCorrigendums&service=direct&session=T&sp=Sr4WBEGbdNO0a%2FJjlKs7K3g%3D%3D
181,2025_NHIDC_876646_1,18,[NHIDCL/RO Agt/STMC/Udp to Sab to Mela/NH 08/2025-26/771],10-Sep-2025 02:00 PM,National Highways and Infrastructure Development Corporation||Corporate Office-New Delhi - NHIDCL,01-Oct-2025 05:00 PM,https://eprocure.gov.in/eprocure/app?component=%24DirectLink&page=FrontEndLatestActiveCorrigendums&service=direct&session=T&sp=SK%2Fsm93D5YPyYZ5coFnC57Q%3D%3D
182,2025_TMC_865883_2,18,[ARC Electrical work ],10-Sep-2025 12:30 PM,Tata Memorial Centre||Homi Bhabha Cancer Hospital and R C Mohali Punjab,04-Oct-2025 06:55 PM,https://eprocure.gov.in/eprocure/app?component=%24DirectLink&page=FrontEndLatestActiveCorrigendums&service=direct&session=T&sp=SvnjBMUEAZrL%2FTSDEx5dzlQ%3D%3D
183,2025_TMC_876709_1,18,"[Procurement of Transesophageal Adult Probe (6TC-RS TEE Probe for Wipro GE Vivid IQ R4 Premium USG, Qty-1 No for Anesthesiology Department at HBCH/ MPMMCC Varanasi]",10-Sep-2025 12:30 PM,Tata Memorial Centre||Mahamana Pt M M Malaviya Cancer Centre Varanasi,30-Sep-2025 01:00 PM,https://eprocure.gov.in/eprocure/app?component=%24DirectLink&page=FrontEndLatestActiveCorrigendums&service=direct&session=T&sp=SggpYvQ%2Fv%2B%2FXst%2BKeSsLRYw%3D%3D
184,2025_DCHL_876697_1,18,"[Empanelment of Suppliers for supply of Handlooms, Handloom Accessories/Gadgets]",10-Sep-2025 12:30 PM,Development Commissioner for Handlooms,02-Oct-2025 09:00 AM,https://eprocure.gov.in/eprocure/app?component=%24DirectLink&page=FrontEndLatestActiveCorrigendums&service=direct&session=T&sp=SWGwinmD6NPIF21S%2FZkxySg%3D%3D
185,2025_KoPT_875795_1,18,"[SUPPLY, INSTALLATION AND COMMISSIONING OF CONTINUOUS AMBIENT AIR QUALITY MONITORING STATION (CAAQMS) WITH METEOROLOGICAL SYSTEM, CONTINUOUS NOISE MONITORING SYSTEM (CNMS) AND CONTINUOUS WATER QUALITY MONITORING STATION (CWQMS)]",10-Sep-2025 11:30 AM,Kolkata Port Trust||Haldia Dock Complex - KoPT||Engineering Department - HDC||Sr. Dy. Manager(s) (I and CF) - HDC,09-Oct-2025 03:00 PM,https://eprocure.gov.in/eprocure/app?component=%24DirectLink&page=FrontEndLatestActiveCorrigendums&service=direct&session=T&sp=SXnxHBpeM4ZAawIlPhNYK3w%3D%3D
186,2025_EIL_876553_1,18,[ELECTRICAL AND INSTRUMENTATION WORKS FOR FO AND IRT],09-Sep-2025 06:55 PM,"Engineers India Limited,MoPNG||Head Office-Delhi,EIL,MoPNG",06-Oct-2025 12:00 PM,https://eprocure.gov.in/eprocure/app?component=%24DirectLink&page=FrontEndLatestActiveCorrigendums&service=direct&session=T&sp=SUYVSNXQ6M8z78b%2BrmKkI%2Fw%3D%3D
187,2025_MoRTH_875613_2,18,[Short Term Improvement  and Routine Maintenance   Km15/500 (Pakuthipalam)  to Km  42/725 (Double  cutting)and from KM 56/550 (Vellayamkudi) to Km 61/000 (Vallakadavu )of NH 185 Under STMC Mode. ],09-Sep-2025 06:00 PM,Ministry of Road Transport and Highways||P7 Delh - MoRTH||RO Thiruvananthapuram - MoRTH||NH Kerala PWD-Kochi - MoRTH,03-Oct-2025 05:00 PM,https://eprocure.gov.in/eprocure/app?component=%24DirectLink&page=FrontEndLatestActiveCorrigendums&service=direct&session=T&sp=SDPH%2BUpuJvAVdrAMBtN46AQ%3D%3D
188,2025_NHPC_876053_1,18,"[Construction of Vehicle Parking Shed at 1st and 2nd bench of office cum Residential complex, Sawalkote HE Project, Tanger, Dist-Ramban]",09-Sep-2025 06:00 PM,NHPC Limited||Sawalkote HE Project - NHPC,06-Oct-2025 06:00 PM,https://eprocure.gov.in/eprocure/app?component=%24DirectLink&page=FrontEndLatestActiveCorrigendums&service=direct&session=T&sp=SC%2ByXq6xAT5PehXNuHEhKHg%3D%3D
189,2025_IITKG_876623_1,18,[Mechanized Cleaning of 08 Nos. of bathrooms in the Annex building of Aerospace Engineering Department for 2025-26.],09-Sep-2025 06:00 PM,Indian Institute of Technology Kharagpur,10-Nov-2025 04:00 PM,https://eprocure.gov.in/eprocure/app?component=%24DirectLink&page=FrontEndLatestActiveCorrigendums&service=direct&session=T&sp=SvgY2KUKlTqbGRYnskPub5Q%3D%3D
190,2025_CURAJ_876643_1,18,[NIT for the work Providing and fixing laboratory platform for CIL at CURAJ],09-Sep-2025 06:00 PM,Central University of Rajasthan,30-Sep-2025 02:00 PM,https://eprocure.gov.in/eprocure/app?component=%24DirectLink&page=FrontEndLatestActiveCorrigendums&service=direct&session=T&sp=S7HuE03RgL9GB0aKOvL4jHg%3D%3D
191,2025_TMC_876561_1,19,[AMC for Third-Party HEPA Validation of OTs in RRS and JS for two Years at ACTREC],09-Sep-2025 06:00 PM,Tata Memorial Centre||ACTREC  Kharghar  Navi Mumbai,03-Oct-2025 03:00 PM,https://eprocure.gov.in/eprocure/app?component=%24DirectLink&page=FrontEndLatestActiveCorrigendums&service=direct&session=T&sp=Sl6wbiJ3XuvkQycTjp%2FsO3Q%3D%3D
192,2025_IITKG_876623_1,19,[Mechanized Cleaning of 08 Nos. of bathrooms in the Annex building of Aerospace Engineering Department for 2025-26.],09-Sep-2025 06:00 PM,Indian Institute of Technology Kharagpur,10-Nov-2025 04:00 PM,https://eprocure.gov.in/eprocure/app?component=%24DirectLink&page=FrontEndLatestActiveCorrigendums&service=direct&session=T&sp=SvgY2KUKlTqbGRYnskPub5Q%3D%3D
193,2025_MoRTH_875613_2,19,[Short Term Improvement  and Routine Maintenance   Km15/500 (Pakuthipalam)  to Km  42/725 (Double  cutting)and from KM 56/550 (Vellayamkudi) to Km 61/000 (Vallakadavu )of NH 185 Under STMC Mode. ],09-Sep-2025 06:00 PM,Ministry of Road Transport and Highways||P7 Delh - MoRTH||RO Thiruvananthapuram - MoRTH||NH Kerala PWD-Kochi - MoRTH,03-Oct-2025 05:00 PM,https://eprocure.gov.in/eprocure/app?component=%24DirectLink&page=FrontEndLatestActiveCorrigendums&service=direct&session=T&sp=SDPH%2BUpuJvAVdrAMBtN46AQ%3D%3D
194,2025_DRDO_876064_1,19,[ANNUAL MAINTENANCE CONTRACT FOR GYM EQUIPMENT AT PASHAN AND AMBERNATH  UNDER EMU (RnD) PUNE],09-Sep-2025 06:00 PM,Defence Research and Development Organisation||Directorate of Civil Works and Estates - DRDO||Estate Management Unit(R and D) - Pune - DRDO,01-Oct-2025 02:00 PM,https://eprocure.gov.in/eprocure/app?component=%24DirectLink&page=FrontEndLatestActiveCorrigendums&service=direct&session=T&sp=SwPhWFXY1hCg3TGlfne2wgQ%3D%3D
195,2025_NCSM_876570_1,19,[Online Auction of E-Waste materials for disposal at National Science Centre Delhi],09-Sep-2025 05:30 PM,National Council of Science Museums||National Science Centre-New Delhi - NCSM,03-Oct-2025 02:30 PM,https://eprocure.gov.in/eprocure/app?component=%24DirectLink&page=FrontEndLatestActiveCorrigendums&service=direct&session=T&sp=SzEi9XSMI1%2BBMJQl7dyEn3A%3D%3D
196,2025_DPHAR_866522_2,19,[Annual Maintenance Contract for HPLCs and UPLCs Systems],09-Sep-2025 05:10 PM,Department of Pharmaceuticals||National Institute of Pharmaceutical Education and Research (NIPER) Hyderabad||Stores and Purchase Department - NIPER Hyderabad,02-Oct-2025 05:00 PM,https://eprocure.gov.in/eprocure/app?component=%24DirectLink&page=FrontEndLatestActiveCorrigendums&service=direct&session=T&sp=S%2FsRhxATg0xvbg%2F4fCXHvrA%3D%3D
197,2025_MGIMS_867923_2,19,[Supply of Cranial Endoscopic Set ],09-Sep-2025 05:00 PM,Mahatma Gandhi Institute of Medical Sciences,09-Oct-2025 05:00 PM,https://eprocure.gov.in/eprocure/app?component=%24DirectLink&page=FrontEndLatestActiveCorrigendums&service=direct&session=T&sp=SN7cP%2F3pAMnEy1544Et1eiA%3D%3D
198,2025_MGIMS_867794_2,19,[Supply of Spinal Endoscopic Set With Tubular Dilator],09-Sep-2025 05:00 PM,Mahatma Gandhi Institute of Medical Sciences,09-Oct-2025 05:00 PM,https://eprocure.gov.in/eprocure/app?component=%24DirectLink&page=FrontEndLatestActiveCorrigendums&service=direct&session=T&sp=SFou49NDdgM29x9VIOiZBnA%3D%3D
199,2025_ARAI_876616_1,19,[Procurement of Conducted transient Immunity System],09-Sep-2025 05:00 PM,Automotive Research Association of India,01-Oct-2025 11:00 AM,https://eprocure.gov.in/eprocure/app?component=%24DirectLink&page=FrontEndLatestActiveCorrigendums&service=direct&session=T&sp=S27ItQRSKAnk27BJ6EllU2w%3D%3D
200,2025_BARC_876563_1,19,"[Construction of 6 Watch Towers at various locations at Gadkari hill inside BARC, Trombay, Mumbai]",09-Sep-2025 05:00 PM,Bhabha Atomic Research Centre||Bhabha Atomic Research Centre Mumbai||Civil Engineering Division,13-Oct-2025 03:00 PM,https://eprocure.gov.in/eprocure/app?component=%24DirectLink&page=FrontEndLatestActiveCorrigendums&service=direct&session=T&sp=SVU%2FJUGOwVVljiN%2FmXXT4CQ%3D%3D
201,2025_MGIMS_867815_2,20,[Supply of Endoscopic third Ventriculostomy (ETV) set],09-Sep-2025 05:00 PM,Mahatma Gandhi Institute of Medical Sciences,09-Oct-2025 05:00 PM,https://eprocure.gov.in/eprocure/app?component=%24DirectLink&page=FrontEndLatestActiveCorrigendums&service=direct&session=T&sp=STDNjY9NmKhOvqbj2uUONxg%3D%3D
202,2025_BARC_876563_1,20,"[Construction of 6 Watch Towers at various locations at Gadkari hill inside BARC, Trombay, Mumbai]",09-Sep-2025 05:00 PM,Bhabha Atomic Research Centre||Bhabha Atomic Research Centre Mumbai||Civil Engineering Division,13-Oct-2025 03:00 PM,https://eprocure.gov.in/eprocure/app?component=%24DirectLink&page=FrontEndLatestActiveCorrigendums&service=direct&session=T&sp=SVU%2FJUGOwVVljiN%2FmXXT4CQ%3D%3D
203,2025_RIMS_876291_1,20,[ROOFTOP SOLAR PV SYSTEMS ON RESCO MODE],09-Sep-2025 04:45 PM,Regional Institute of Medical Sciences||Imphal - RIMS,13-Oct-2025 02:00 PM,https://eprocure.gov.in/eprocure/app?component=%24DirectLink&page=FrontEndLatestActiveCorrigendums&service=direct&session=T&sp=S10WIYOoEzI2l3xSiQ%2BSPIg%3D%3D
204,2025_DMRC_876446_1,20,[Roof truss painting at stations of Line-5 (ILOK-5/KNR-5 to MUDK) and PEB structure at MDD and BGD (3 Years).],09-Sep-2025 04:00 PM,Delhi Metro Rail Corporation Limited||CE/Tender (O and M) - DMRC,09-Oct-2025 02:00 PM,https://eprocure.gov.in/eprocure/app?component=%24DirectLink&page=FrontEndLatestActiveCorrigendums&service=direct&session=T&sp=S2xnJFuUEs1riSppbQ37RPQ%3D%3D
205,2025_IITR_876493_1,20,[Block level crop yield simulation],09-Sep-2025 03:00 PM,Indian Institute of Technology Roorkee||Material Management - IIT Roorkee,03-Oct-2025 03:00 PM,https://eprocure.gov.in/eprocure/app?component=%24DirectLink&page=FrontEndLatestActiveCorrigendums&service=direct&session=T&sp=Semctmp5VSGN%2FkMPErDqjEQ%3D%3D
206,2025_DIT_876504_1,20,[SETTING-UP 5G-CAPNET OPERATIONS ROOM INFRASTRUCTURE AND FENCING FOR 5G RAN SITES AT AMLOHRI COAL MINE],09-Sep-2025 02:00 PM,Department of Electronics and Information Technology(DeitY)||Centre for Development of Advanced Computing -  DeitY||Thiruvananthapuram - C-DAC - DeitY,01-Oct-2025 10:00 AM,https://eprocure.gov.in/eprocure/app?component=%24DirectLink&page=FrontEndLatestActiveCorrigendums&service=direct&session=T&sp=SLzn9lDFfEyvtu1xj3M%2FjTA%3D%3D
207,2025_HOCL_876484_1,20,[PIPING WORK IBR (ARC)],09-Sep-2025 12:00 PM,Hindustan Organic Chemicals Limited||Mechanical Department - HOCL,01-Oct-2025 02:00 PM,https://eprocure.gov.in/eprocure/app?component=%24DirectLink&page=FrontEndLatestActiveCorrigendums&service=direct&session=T&sp=S1I6D8cxPniX0W%2BQyk%2FN5eQ%3D%3D
208,2025_MoRTH_876467_1,20,[Construction of four lane Gola Flyover at Km 99.850 of NH 730 Major Junction with state highway 93 on Engineering Procurement and Construction EPC Mode in the state of Uttar Pradesh],09-Sep-2025 09:00 AM,Ministry of Road Transport and Highways||P2 Delhi - MoRTH||RO Lucknow - MoRTH||NH Circle Barelly - MoRTH,22-Oct-2025 11:00 AM,https://eprocure.gov.in/eprocure/app?component=%24DirectLink&page=FrontEndLatestActiveCorrigendums&service=direct&session=T&sp=Stu0N%2FfkK74COa9VFoq3KwQ%3D%3D
209,2025_HWB_876103_1,20,[HWPM/MU/W/BG/2511/R0],08-Sep-2025 06:00 PM,Heavy Water Board||Heavy Water Plant Manuguru,29-Sep-2025 06:00 PM,https://eprocure.gov.in/eprocure/app?component=%24DirectLink&page=FrontEndLatestActiveCorrigendums&service=direct&session=T&sp=Sjptzr5wnrOQfnkR%2Bd2WZSg%3D%3D
210,2025_DGLL_876449_1,20,[Civil Maintenance to the Lighthouse tower and compound wall of Cuddalore  Lighthouse Station.],08-Sep-2025 06:00 PM,Directorate General of Lighthouses and Lightships||Directorate of Lighthouses and Lightships - Chennai - DGLL,07-Oct-2025 03:00 PM,https://eprocure.gov.in/eprocure/app?component=%24DirectLink&page=FrontEndLatestActiveCorrigendums&service=direct&session=T&sp=SjzHFw0pEA3KnqIt1MNhxHA%3D%3D
211,2025_NISER_876450_1,21,[LOCK-IN-AMPLIFIER],08-Sep-2025 06:00 PM,National Institute of Science Education and Research - Odisha||Stores and Purchase Section,06-Oct-2025 11:00 AM,https://eprocure.gov.in/eprocure/app?component=%24DirectLink&page=FrontEndLatestActiveCorrigendums&service=direct&session=T&sp=SIM0jpYjdU894fG3TO%2FPapA%3D%3D
212,2025_HWB_876103_1,21,[HWPM/MU/W/BG/2511/R0],08-Sep-2025 06:00 PM,Heavy Water Board||Heavy Water Plant Manuguru,29-Sep-2025 06:00 PM,https://eprocure.gov.in/eprocure/app?component=%24DirectLink&page=FrontEndLatestActiveCorrigendums&service=direct&session=T&sp=Sjptzr5wnrOQfnkR%2Bd2WZSg%3D%3D
213,2025_NISER_876447_1,21,"[POPG, POPE, Monoolein, Dodecyl-D-Maltopyranoside, Anagrade]",08-Sep-2025 06:00 PM,National Institute of Science Education and Research - Odisha||Stores and Purchase Section,06-Oct-2025 11:00 AM,https://eprocure.gov.in/eprocure/app?component=%24DirectLink&page=FrontEndLatestActiveCorrigendums&service=direct&session=T&sp=Sa5aMBPyBOjxs%2FwQT2MgPlg%3D%3D
214,2025_DMRC_876423_1,21,"[Supply, Installation, Testing and Commissioning of Dry Type Transformers along with Surge Arresters in Airport Line of Delhi Metro Rail Corporation Ltd.]",08-Sep-2025 06:00 PM,Delhi Metro Rail Corporation Limited||CE/Tender (O and M) - DMRC,08-Oct-2025 02:00 PM,https://eprocure.gov.in/eprocure/app?component=%24DirectLink&page=FrontEndLatestActiveCorrigendums&service=direct&session=T&sp=SVXx45HDvb4tX4wULLiR50Q%3D%3D
215,2025_IMSBP_876435_1,21,[Annual Refilling and Hydro testing of Various types of Fire Extinguishers installed at AIIMS Bhopal.],08-Sep-2025 05:30 PM,All India Institute of Medical Sciences-Bhopal,06-Oct-2025 03:00 PM,https://eprocure.gov.in/eprocure/app?component=%24DirectLink&page=FrontEndLatestActiveCorrigendums&service=direct&session=T&sp=SMJBxc%2FCKhvSHhoLJKL%2Bjfg%3D%3D
216,2025_CURAJ_864631_3,21,[Development of Central Court between Administrative and Academic Buildings at CURAJ - Landscaping and other associated works],08-Sep-2025 05:30 PM,Central University of Rajasthan,30-Sep-2025 02:00 PM,https://eprocure.gov.in/eprocure/app?component=%24DirectLink&page=FrontEndLatestActiveCorrigendums&service=direct&session=T&sp=SJN8SVH0qky%2FSQFJgiT7UcA%3D%3D
217,2025_IITGN_876363_1,21,[Supply and Installation of Magnetron Sputtering System],08-Sep-2025 05:00 PM,Indian Institute of Technology Gandhinagar||Materials Management - IITGN,04-Oct-2025 05:00 PM,https://eprocure.gov.in/eprocure/app?component=%24DirectLink&page=FrontEndLatestActiveCorrigendums&service=direct&session=T&sp=SJpoqeLVcR7mN0gPHwA2OVw%3D%3D
218,2025_EIL_876375_1,21,[SS/B895-0IF-CT-MR-6830/40 COLUMN TRAYS-VALVE/SIEVE (EIL ENGINEERED) POLYPROPYLENE PROJECT-KOCHI REFINERY FOR BHARAT PETROLEUM CORPORATION LIMITED (BPCL)],08-Sep-2025 05:00 PM,"Engineers India Limited,MoPNG||Head Office-Delhi,EIL,MoPNG",06-Oct-2025 12:00 PM,https://eprocure.gov.in/eprocure/app?component=%24DirectLink&page=FrontEndLatestActiveCorrigendums&service=direct&session=T&sp=SugyHNa8QkBHd5kS%2BeVLKbA%3D%3D
219,2025_IITJU_876398_1,21,[TENDER FOR BASIC LIFE SUPPORT (BLS) AMBULANCE VEHICLE],08-Sep-2025 05:00 PM,Indian Institute of Technology Jammu||Stores and Purchase Section,04-Oct-2025 05:00 PM,https://eprocure.gov.in/eprocure/app?component=%24DirectLink&page=FrontEndLatestActiveCorrigendums&service=direct&session=T&sp=SBBvaFktP3ZSMX%2FW60QlTig%3D%3D
220,2025_AIMSD_876406_1,21,[Purchase of Digital Anaesthesia Machine with Digital Vaporisers with Integrated Charting System-03 Nos.],08-Sep-2025 04:00 PM,All India Institute of Medical Science-New Delhi||Store JPNATC - AIIMS New Delhi,20-Oct-2025 04:00 PM,https://eprocure.gov.in/eprocure/app?component=%24DirectLink&page=FrontEndLatestActiveCorrigendums&service=direct&session=T&sp=S0JNF5UWdrnp0CARwraDYKQ%3D%3D
221,2025_IIML_876392_1,22,"[NOTICE INVITING E-TENDERS FOR PROVIDING AND REPLACEMENT OF CONVENTIONAL LIGHT TO LED LIGHT FIXTURES AT IIM-LUCKNOW, NOIDA CAMPUS]",08-Sep-2025 03:30 PM,Indian Institute of Management Lucknow||Project Section - IIM Lucknow,03-Oct-2025 05:00 PM,https://eprocure.gov.in/eprocure/app?component=%24DirectLink&page=FrontEndLatestActiveCorrigendums&service=direct&session=T&sp=S7JTfRr16ioGWptWhKHFydg%3D%3D
222,2025_DCSEM_876382_1,22,"[Composting of organic waste with composter drums/ pits at waste processing zone I, (near Tapti building) at Western Zone of Anushaktinagar, Mumbai]",08-Sep-2025 03:00 PM,Directorate of Construction Services and Estate Management||QSB - DCSEM,06-Oct-2025 03:00 PM,https://eprocure.gov.in/eprocure/app?component=%24DirectLink&page=FrontEndLatestActiveCorrigendums&service=direct&session=T&sp=Sud8pNaZ9IIKAdkoSPaauHA%3D%3D
223,2025_MGIMS_867201_2,22,[Supply Neonatal Passive Cooling System for Therapeutic Hypothermia],08-Sep-2025 03:00 PM,Mahatma Gandhi Institute of Medical Sciences,08-Oct-2025 03:00 PM,https://eprocure.gov.in/eprocure/app?component=%24DirectLink&page=FrontEndLatestActiveCorrigendums&service=direct&session=T&sp=SY3VtfDN%2FeMsJEJbJSYBtgg%3D%3D
224,2025_mptgo_876345_1,22,"[Leasing of areas for 10 yrs at Roof Tops of Main Administration Building, Old A.O. Building, Bldg No.256, Headland and Ground based tower near STP, Headland for installation of IBS/BTS mobile masts for Broad Band Services by e-tender/e-auction basis]",08-Sep-2025 03:00 PM,Mormugoa Port Trust||Civil Engineering Department,06-Oct-2025 03:00 PM,https://eprocure.gov.in/eprocure/app?component=%24DirectLink&page=FrontEndLatestActiveCorrigendums&service=direct&session=T&sp=S1r%2BrbJ9VXIsbejuIWEQauQ%3D%3D
225,2025_NRL_876256_1,22,[SUPPLY OF REGENERATION LOOP COALESCER PACKAGE FOR MSB UNIT FOR NREP],08-Sep-2025 12:00 PM,Numaligarh Refinery Limited,06-Oct-2025 03:00 PM,https://eprocure.gov.in/eprocure/app?component=%24DirectLink&page=FrontEndLatestActiveCorrigendums&service=direct&session=T&sp=SrX2NZRXJ787Ia8hXfA6eOg%3D%3D
226,2025_NHPC_876302_1,22,"[Construction of STP (Sewerage Treatment Plant) of capacity 200 KLD at Residential Complex of Tanakpur Power Station, Banbasa]",08-Sep-2025 11:30 AM,NHPC Limited||Tanakpur Power Station-NHPC,06-Oct-2025 11:30 AM,https://eprocure.gov.in/eprocure/app?component=%24DirectLink&page=FrontEndLatestActiveCorrigendums&service=direct&session=T&sp=SMjArLtNeMq7veWxpcqhyjQ%3D%3D
227,2025_NHPC_876298_1,22,[Repair and maintenance work of access road from power channel road to barrage office],08-Sep-2025 11:30 AM,NHPC Limited||Tanakpur Power Station-NHPC,06-Oct-2025 11:30 AM,https://eprocure.gov.in/eprocure/app?component=%24DirectLink&page=FrontEndLatestActiveCorrigendums&service=direct&session=T&sp=S3S2rNH4sAWtgMrzMWbOFrw%3D%3D
228,2025_IISER_876318_1,22,[IISER-K/PurEnq/590/G/DES/25-26],08-Sep-2025 11:00 AM,Indian Institute of Science Education and Research - Kolkata||Administration - IISER - Kolkata,06-Oct-2025 02:00 PM,https://eprocure.gov.in/eprocure/app?component=%24DirectLink&page=FrontEndLatestActiveCorrigendums&service=direct&session=T&sp=SpFVRpqr8BPEg1gkRu6hN4A%3D%3D
229,2025_DAE_876333_1,22,"[civil works for installation of 750 KVA DG at NCBS campus, GKVK, Bangalore]",08-Sep-2025 11:00 AM,Department of Atomic Energy||Tata Institute of Fundamental Research-Colaba-Mumbai-Purchase Dept-TIFR-DAE||NCBS(Bangalore)-TIFR-DAE,03-Oct-2025 03:00 PM,https://eprocure.gov.in/eprocure/app?component=%24DirectLink&page=FrontEndLatestActiveCorrigendums&service=direct&session=T&sp=S26FEr%2F8XV%2BOWbeSpTSQKBg%3D%3D
230,2025_IISER_876321_1,22,[IISER-K/PurEnq/330/G/DPS/25-26],08-Sep-2025 10:00 AM,Indian Institute of Science Education and Research - Kolkata||Administration - IISER - Kolkata,06-Oct-2025 02:00 PM,https://eprocure.gov.in/eprocure/app?component=%24DirectLink&page=FrontEndLatestActiveCorrigendums&service=direct&session=T&sp=SqVBgdqUTbuuYwsB6Ukxqlw%3D%3D
231,2025_TMC_876279_1,23,[Supply of Automated Immunohematology (IH) Analyser on  Reagent Rental Basis],06-Sep-2025 01:00 PM,Tata Memorial Centre||Mahamana Pt M M Malaviya Cancer Centre Varanasi,14-Oct-2025 01:00 PM,https://eprocure.gov.in/eprocure/app?component=%24DirectLink&page=FrontEndLatestActiveCorrigendums&service=direct&session=T&sp=SHWVVAIiUU6Z9QDkwOYX30A%3D%3D
232,2025_EIL_876236_1,23,[JP/C137-000-PK-T-8200/1001 COMPOSITE WORKS FOR CONSTRUCTION OF ONGC OFFSHORE CREW CHANGE FACILITY MUMBAI OF ONGC],06-Sep-2025 01:00 PM,"Engineers India Limited,MoPNG||Head Office-Delhi,EIL,MoPNG",06-Oct-2025 12:00 PM,https://eprocure.gov.in/eprocure/app?component=%24DirectLink&page=FrontEndLatestActiveCorrigendums&service=direct&session=T&sp=SJLoQJ5WRfPmfMwFdfWWDLA%3D%3D
233,2025_JNPT_876248_1,23,[Appointment of Project Management Consultancy for Construction of South Gate Complex at JNPA],06-Sep-2025 10:30 AM,Jawaharlal Nehru Port Trust||PP and D-JNPT||Major Projects and Dredging - PP and D - JNPT,06-Oct-2025 03:00 PM,https://eprocure.gov.in/eprocure/app?component=%24DirectLink&page=FrontEndLatestActiveCorrigendums&service=direct&session=T&sp=StCWDm%2BWxlreW2HbSxR66Rg%3D%3D
234,2025_NRL_876252_1,23,[SUPPLY OF STEAM TRAPS],05-Sep-2025 04:00 PM,Numaligarh Refinery Limited,03-Oct-2025 03:00 PM,https://eprocure.gov.in/eprocure/app?component=%24DirectLink&page=FrontEndLatestActiveCorrigendums&service=direct&session=T&sp=S2ZeSKtqcotpjclea60Eevg%3D%3D
235,2025_JNPT_876255_1,23,[HIRING OF TOURIST VEHICLES  ON DAILY BASIS FOR JNPA],05-Sep-2025 03:00 PM,Jawaharlal Nehru Port Trust||Admininstration-JNPT||G A - General Admin - Admin - JNPT,06-Oct-2025 03:00 PM,https://eprocure.gov.in/eprocure/app?component=%24DirectLink&page=FrontEndLatestActiveCorrigendums&service=direct&session=T&sp=Skxa7dQ1YZut%2FCvLtJm7pTw%3D%3D
236,2025_NHPC_876241_1,23,"[Repair and renovation of Transit camp and misc work at Dam site, Teesta-V Power.]",05-Sep-2025 03:00 PM,NHPC Limited||Teesta-V Power Station-NHPC,03-Oct-2025 05:30 PM,https://eprocure.gov.in/eprocure/app?component=%24DirectLink&page=FrontEndLatestActiveCorrigendums&service=direct&session=T&sp=SFyL9EcP9qze7LwGQOSS1TA%3D%3D
237,2025_PU_876181_1,23,"[Establishing a meeting hall at north wing of Science Block-I by providing false ceiling, vitrified floor tiles and other amenities]",05-Sep-2025 10:00 AM,Pondicherry University,06-Oct-2025 03:00 PM,https://eprocure.gov.in/eprocure/app?component=%24DirectLink&page=FrontEndLatestActiveCorrigendums&service=direct&session=T&sp=SlbFG0wiVVqITsVq0qjk6zQ%3D%3D
238,2025_NRL_876179_1,23,[SUPPLY OF STRAINERS],05-Sep-2025 10:00 AM,Numaligarh Refinery Limited,03-Oct-2025 03:00 PM,https://eprocure.gov.in/eprocure/app?component=%24DirectLink&page=FrontEndLatestActiveCorrigendums&service=direct&session=T&sp=S54XXqI47wB4DaMiekwWxqw%3D%3D
239,2025_AMSBL_876213_1,23,[DGR Sponsored Security Services],05-Sep-2025 09:00 AM,All india Institute of Medical Sciences Bilaspur||Administration unit - AIIMS Bilaspur,06-Oct-2025 03:00 PM,https://eprocure.gov.in/eprocure/app?component=%24DirectLink&page=FrontEndLatestActiveCorrigendums&service=direct&session=T&sp=SOd14Z1FwL2DIMiguLF0POw%3D%3D
240,2025_IIMT_876210_1,23,"[Tender for the Supply, Installation, Testing, and Commissioning of Audio Systems in the Multipurpose Hall of IIM Tiruchirappalli]",04-Sep-2025 06:30 PM,Indian Institute of Management Tiruchirappalli,01-Oct-2025 05:00 PM,https://eprocure.gov.in/eprocure/app?component=%24DirectLink&page=FrontEndLatestActiveCorrigendums&service=direct&session=T&sp=SdQC1CBtPAgY2y3UxMIRf%2Fw%3D%3D
241,2025_IITGN_876192_1,24,[Comprehensive Maintenance of Direct Expansion type Precision Air-Conditioners and Industrial grade Split Air-Conditioners of Vertiv make at IIT Gandhinagar. ],04-Sep-2025 06:00 PM,Indian Institute of Technology Gandhinagar||Building and Works Department - IITGN,02-Oct-2025 03:00 PM,https://eprocure.gov.in/eprocure/app?component=%24DirectLink&page=FrontEndLatestActiveCorrigendums&service=direct&session=T&sp=S%2F9UwW%2FnguO%2BXoMekF4OCCw%3D%3D
242,2025_AIMSD_876156_1,24,[Procurement of Drugs/medicines],04-Sep-2025 06:00 PM,All India Institute of Medical Science-New Delhi||Store DO - AIIMS New Delhi,30-Sep-2025 01:00 PM,https://eprocure.gov.in/eprocure/app?component=%24DirectLink&page=FrontEndLatestActiveCorrigendums&service=direct&session=T&sp=SEZOuIzVvVGQAcCw03z5uEg%3D%3D
243,2025_NISER_876159_1,24,[Small Animal Seterotaxic Setup],04-Sep-2025 05:30 PM,National Institute of Science Education and Research - Odisha||Stores and Purchase Section,01-Oct-2025 11:00 AM,https://eprocure.gov.in/eprocure/app?component=%24DirectLink&page=FrontEndLatestActiveCorrigendums&service=direct&session=T&sp=S4Ex2gQ3vnBSypnEsKHttcA%3D%3D
244,2025_NITT_876016_1,24,[Supply and Installation of 5-AXIS CNC SYSTEM (1 NO)],04-Sep-2025 05:00 PM,National Institute of Technology Tiruchirappalli,02-Oct-2025 05:00 PM,https://eprocure.gov.in/eprocure/app?component=%24DirectLink&page=FrontEndLatestActiveCorrigendums&service=direct&session=T&sp=SmK7SWneB53Jp4Px3c6ZUOQ%3D%3D
245,2025_HNBGU_875995_1,24,"[Expression of Interest (EoI) for Empanelment of Vendors for the Supply of Printed Books to HNB Garhwal University, Srinagar Dist. Garhwal (Uttarakhand)]",04-Sep-2025 05:00 PM,Hemvati Nandan Bahuguna Garhwal University-Srinagar-Garhwal-Uttarakhand||DY. REGISTRAR STORE AND PURCHASE-HNBGU - Srinagar||Assistant Registrar - Store and Purchase - HNBGU,30-Sep-2025 05:00 PM,https://eprocure.gov.in/eprocure/app?component=%24DirectLink&page=FrontEndLatestActiveCorrigendums&service=direct&session=T&sp=SDawao8SsbQ6ANvF%2BwLgW5A%3D%3D
246,2025_NISER_876115_1,24,[Bipotentiostat],04-Sep-2025 04:30 PM,National Institute of Science Education and Research - Odisha||Stores and Purchase Section,02-Oct-2025 11:00 AM,https://eprocure.gov.in/eprocure/app?component=%24DirectLink&page=FrontEndLatestActiveCorrigendums&service=direct&session=T&sp=S2d6HpRhw8V%2BjMrG8cvB2SQ%3D%3D
247,2025_IITK_876047_1,24,[Purchase of Continuous Wave Diode Laser 405nm],04-Sep-2025 04:00 PM,Indian Institute of Technology Kanpur||Central Stores and Purchase Section - IITK,02-Oct-2025 04:00 PM,https://eprocure.gov.in/eprocure/app?component=%24DirectLink&page=FrontEndLatestActiveCorrigendums&service=direct&session=T&sp=SYtx6ya4Wn%2FowhnKfiA%2Fp4g%3D%3D
248,2025_EIL_875981_1,24,[SG/B933-012-JA-MR-6850/1500 - VACUUM EJECTOR SYSTEM],04-Sep-2025 03:00 PM,"Engineers India Limited,MoPNG||Head Office-Delhi,EIL,MoPNG",10-Oct-2025 12:00 PM,https://eprocure.gov.in/eprocure/app?component=%24DirectLink&page=FrontEndLatestActiveCorrigendums&service=direct&session=T&sp=SELHstdiYAPiKwkpVwaYBuA%3D%3D
249,2025_ICAT_875896_1,24,[Annual Rate Contract of Supply of Strain Gauges and accessories on an As and When Required Basis],04-Sep-2025 02:00 PM,International Centre For Automotive Technology||Manesar Sector-3 Haryana,02-Oct-2025 02:00 PM,https://eprocure.gov.in/eprocure/app?component=%24DirectLink&page=FrontEndLatestActiveCorrigendums&service=direct&session=T&sp=SbVx2VMwiTyCcbwau62jJ9A%3D%3D
250,2025_DGS_876010_1,24,[Request for Proposals  for Strategic Support Unit for the Shipbuilding Cell at the Directorate General of Shipping],04-Sep-2025 01:30 PM,Directorate General of Shipping,06-Oct-2025 04:00 PM,https://eprocure.gov.in/eprocure/app?component=%24DirectLink&page=FrontEndLatestActiveCorrigendums&service=direct&session=T&sp=SrpZsMAtHC%2B0wNKEw9erBrw%3D%3D
251,2025_DGS_876018_1,25,"[RFP for Selection of System Integrator for Design, Development, Implementation and Maintenance of Comprehensive Portal for Indian Shipbuilding and Repair Industry]",04-Sep-2025 01:00 PM,Directorate General of Shipping,14-Oct-2025 04:00 PM,https://eprocure.gov.in/eprocure/app?component=%24DirectLink&page=FrontEndLatestActiveCorrigendums&service=direct&session=T&sp=SQkXX%2BuosZVhiS8rl2dgoAA%3D%3D
252,2025_JNPT_875895_1,25,[Construction of Temporary Service Road from Nhava Sheva Police Station to Phunde Road for Newly Allotted Plots in JN Port],04-Sep-2025 11:00 AM,Jawaharlal Nehru Port Trust||PP and D-JNPT||Port area - PP and D - JNPT,02-Oct-2025 03:00 PM,https://eprocure.gov.in/eprocure/app?component=%24DirectLink&page=FrontEndLatestActiveCorrigendums&service=direct&session=T&sp=SqtGh%2BymEUthQ0sCIo9zlgA%3D%3D
253,2025_NMPT_875870_1,25,"[Fabrication, supply, erection and testing of SS 316 (6mm thick) foam tank of 15KLcapacity, replacing the existing MS foam tank]",04-Sep-2025 10:00 AM,New Mangalore Port Trust||Mechanical Engineering Department-HQ- NMPT,06-Oct-2025 04:00 PM,https://eprocure.gov.in/eprocure/app?component=%24DirectLink&page=FrontEndLatestActiveCorrigendums&service=direct&session=T&sp=SUYjvnzckYdnAkjbdZ85a9A%3D%3D
254,2025_PU_875879_1,25,"[Dismantling old deteriorated plaster, re-plaster and special repairs to the Staircase waist slab at department of Green Energy Building]",04-Sep-2025 10:00 AM,Pondicherry University,06-Oct-2025 03:00 PM,https://eprocure.gov.in/eprocure/app?component=%24DirectLink&page=FrontEndLatestActiveCorrigendums&service=direct&session=T&sp=Sd1N3fNr1EHyXVkmiCJ59TQ%3D%3D
255,2025_HWB_875912_1,25,[Calibration of Fixed Gas UVIR Detectors with replacement of Drager Make Gas Sensor part of existing detector],04-Sep-2025 10:00 AM,Heavy Water Board||Heavy Water Plant Tuticorin,02-Oct-2025 03:00 PM,https://eprocure.gov.in/eprocure/app?component=%24DirectLink&page=FrontEndLatestActiveCorrigendums&service=direct&session=T&sp=SbcamG2fY9XGZBscg4wDX7A%3D%3D
256,2025_MoRTH_875950_1,25,[Consultancy Services for Authority Engineer for supervision of Rehabilitation and up-gradation to 2-lane configuration of Kanda to Bageshwar road from Km 103.25 to Km 122.72 Existing Km 110 to Km 130 of NH-309A in the State of Uttarakhand Package-II.],03-Sep-2025 06:55 PM,Ministry of Road Transport and Highways||P1 Delhi - MoRTH||RO Dehradun - MoRTH||NH Uttarakhand PWD-NH-Section-Dehradun - MoRTH,20-Oct-2025 11:00 AM,https://eprocure.gov.in/eprocure/app?component=%24DirectLink&page=FrontEndLatestActiveCorrigendums&service=direct&session=T&sp=SUp1XAhenIm3C2P1mpjXXAg%3D%3D
257,2025_IITGN_875932_1,25,[Procurement of Elemental Analyzer],03-Sep-2025 06:00 PM,Indian Institute of Technology Gandhinagar||Materials Management - IITGN,29-Sep-2025 06:00 PM,https://eprocure.gov.in/eprocure/app?component=%24DirectLink&page=FrontEndLatestActiveCorrigendums&service=direct&session=T&sp=SxgRlfEPEXEUpOvi7txl7%2FQ%3D%3D
258,2025_MBPT_875922_1,25,[CE.T.52/2025 Supplying Motor Lorry JCB in MbPA Estate],03-Sep-2025 05:30 PM,Mumbai Port Trust||Civil Engineering - MBPT,07-Oct-2025 03:00 PM,https://eprocure.gov.in/eprocure/app?component=%24DirectLink&page=FrontEndLatestActiveCorrigendums&service=direct&session=T&sp=SBASoloPBvsvoIxvllZUw5w%3D%3D
259,2025_IMSR_875907_1,25,"[Procurement of Upper and Lower GI Endoscopy with tower and Accessories for Department of General Surgery, AIIMS Rishikesh]",03-Sep-2025 05:30 PM,All India Institute of Medical Sciences-Rishikesh||Hospital - AIIMS Rishikesh||Hospital Stores - AIIMS Rishikesh,03-Oct-2025 05:00 PM,https://eprocure.gov.in/eprocure/app?component=%24DirectLink&page=FrontEndLatestActiveCorrigendums&service=direct&session=T&sp=SNqy4jWQn%2FChdsTiT2mXD%2BA%3D%3D
260,2025_ALHW_875289_1,25,"[Operation and Maintenance of Wharf Cranes at Haddo wharf, Chatham wharf and Junglighat Harbour for the period of one year (2025-26).]",03-Sep-2025 04:30 PM,Andaman Lakshadweep Harbour Works||Executive Engineer (CSWD)- Port Blair ALHW,06-Oct-2025 03:00 PM,https://eprocure.gov.in/eprocure/app?component=%24DirectLink&page=FrontEndLatestActiveCorrigendums&service=direct&session=T&sp=SJquHAU%2BlLR60ott7%2FJtycw%3D%3D
261,2025_TMC_874795_1,26,[TMH/TMH/2025-26/CAP/PR/0011],03-Sep-2025 04:00 PM,Tata Memorial Centre||Tata Memorial Hospital Mumbai,07-Oct-2025 03:00 PM,https://eprocure.gov.in/eprocure/app?component=%24DirectLink&page=FrontEndLatestActiveCorrigendums&service=direct&session=T&sp=SUSL9Qb3wCXbai9fr8Ka5BA%3D%3D
262,2025_IITK_875856_1,26,[Purchase of QCMOS Camera],03-Sep-2025 04:00 PM,Indian Institute of Technology Kanpur||Central Stores and Purchase Section - IITK,01-Oct-2025 04:00 PM,https://eprocure.gov.in/eprocure/app?component=%24DirectLink&page=FrontEndLatestActiveCorrigendums&service=direct&session=T&sp=SxhG3%2Bf8mEFEULblcKMU3hw%3D%3D
263,2025_EIL_875478_1,26,[SG/B957-000-YA-MR-1635/38 - DOMESTIC NOTICE FOR INVITATION FOR BIDS (IFB) FOR  ANALYSER SYSTEMS - GAS CHROMATOGRAPH (PROCESS) FOR BINA PETCHEM AND REFINERY EXPANSION PROJECT (BPREP)  OF M/S BHARAT PETROLEUM CORPORATION LIMITED (BPCL) ],03-Sep-2025 04:00 PM,"Engineers India Limited,MoPNG||Head Office-Delhi,EIL,MoPNG",08-Oct-2025 12:00 PM,https://eprocure.gov.in/eprocure/app?component=%24DirectLink&page=FrontEndLatestActiveCorrigendums&service=direct&session=T&sp=SuxXUyQQ4udpyRR8P0d4rBw%3D%3D
264,2025_TMC_875636_1,26,[TMH/TMH/2025-26/CAP/PR/0012],03-Sep-2025 04:00 PM,Tata Memorial Centre||Tata Memorial Hospital Mumbai,07-Oct-2025 03:00 PM,https://eprocure.gov.in/eprocure/app?component=%24DirectLink&page=FrontEndLatestActiveCorrigendums&service=direct&session=T&sp=ShpkuGllRiDNob%2BAg8YKpgg%3D%3D
265,2025_MGIMS_875558_1,26,[Supply of  Intra Oral 3D Scanner With Trolley and Software],03-Sep-2025 11:30 AM,Mahatma Gandhi Institute of Medical Sciences,09-Oct-2025 11:30 AM,https://eprocure.gov.in/eprocure/app?component=%24DirectLink&page=FrontEndLatestActiveCorrigendums&service=direct&session=T&sp=StV7U7gK9Rfr7YKtUBSbwvg%3D%3D
266,2025_HWB_875665_1,26,[HWPT/CIVIL/COLONY12/2025],03-Sep-2025 10:00 AM,Heavy Water Board||Heavy Water Plant Tuticorin||Mechanical Section - Tuticorin,30-Sep-2025 03:30 PM,https://eprocure.gov.in/eprocure/app?component=%24DirectLink&page=FrontEndLatestActiveCorrigendums&service=direct&session=T&sp=SPFP8VLbc7Tb5hVLOAYUIBg%3D%3D
267,2025_NHPC_875618_1,26,[Upgradation and automation of measuring instruments of Barrage of Uri Power Station],03-Sep-2025 10:00 AM,NHPC Limited||Uri Power Station-NHPC,30-Sep-2025 05:00 PM,https://eprocure.gov.in/eprocure/app?component=%24DirectLink&page=FrontEndLatestActiveCorrigendums&service=direct&session=T&sp=SWhJd6utYEqU28WKdmFOkWw%3D%3D
268,2025_EIL_875462_1,26,[JP/B949-000-PK-T-8202/1003 COMPOSITE WORKS FOR CONSTRUCTION OF FLATS/HOUSES/UNITS AT ROOP NAGAR BANDRA NAVGHAR-MULUND MUMBAI OF ONGC],02-Sep-2025 06:55 PM,"Engineers India Limited,MoPNG||Head Office-Delhi,EIL,MoPNG",06-Oct-2025 12:00 PM,https://eprocure.gov.in/eprocure/app?component=%24DirectLink&page=FrontEndLatestActiveCorrigendums&service=direct&session=T&sp=S53b%2F%2FIpXkLeYfjWIGBck3g%3D%3D
269,2025_MoRTH_875752_1,26,[Consultancy Services for Authority Engineer for supervision of Rehabilitation and up-gradation to 4-lane configuration of Kashipur to Ramnagar road from km 5.735 to km 24.00 of NH-121 km 64.735 to km 83 New NH-309 18.265 km on EPC Mode in state],02-Sep-2025 06:45 PM,Ministry of Road Transport and Highways||P1 Delhi - MoRTH||RO Dehradun - MoRTH||NH Uttarakhand PWD-NH-Section-Dehradun - MoRTH,20-Oct-2025 11:00 AM,https://eprocure.gov.in/eprocure/app?component=%24DirectLink&page=FrontEndLatestActiveCorrigendums&service=direct&session=T&sp=S9AEKGfQ2UxlqqyitEVT2Sg%3D%3D
270,2025_EIL_875707_1,26,[LT/B895-0IF-JS-MR-6860/36 - HIGH PRESSURE SEPARATOR INTERNALS  (Proprietary) Item no. IF -V-203(M)],02-Sep-2025 06:00 PM,"Engineers India Limited,MoPNG||Head Office-Delhi,EIL,MoPNG",30-Sep-2025 12:00 PM,https://eprocure.gov.in/eprocure/app?component=%24DirectLink&page=FrontEndLatestActiveCorrigendums&service=direct&session=T&sp=SuMuUfsDuxD0CG90dNRvbcg%3D%3D
271,2025_IMSRP_875725_1,27,[Supply of Arthroscopy Systems with or without  instruments/Accessories],02-Sep-2025 06:00 PM,All India Institute of Medical Sciences-Raipur||Administrative Department - AIIMS Raipur,18-Oct-2025 06:00 PM,https://eprocure.gov.in/eprocure/app?component=%24DirectLink&page=FrontEndLatestActiveCorrigendums&service=direct&session=T&sp=SZRpKnTEavC%2BHDlIgB71tJw%3D%3D
272,2025_ChPT_875735_1,27,[Appointment of Audit firm for conducting Internal Audit and carrying out Bank Reconciliation work at    Chennai Port Authority from 01.07.2025 for a period of 2 years],02-Sep-2025 06:00 PM,"Chennai Port Trust||Finance Department,ChPT",10-Oct-2025 03:00 PM,https://eprocure.gov.in/eprocure/app?component=%24DirectLink&page=FrontEndLatestActiveCorrigendums&service=direct&session=T&sp=SG27jk5hO%2B9RhxPNq6gmkXg%3D%3D
273,2025_MoRTH_875743_1,27,"[Work of slope protection NH 215, Km 21.440, km 24.690 and Km 28.295 in the state of Arunachal Pradesh ]",02-Sep-2025 06:00 PM,Ministry of Road Transport and Highways||NER and SARDP-NE - MoRTH||RO Itanagar - MoRTH,03-Oct-2025 11:00 AM,https://eprocure.gov.in/eprocure/app?component=%24DirectLink&page=FrontEndLatestActiveCorrigendums&service=direct&session=T&sp=SFHmBc4tMUZD3qwhmbjQsNA%3D%3D
274,2025_TMC_875696_1,27,[Supply of Autoanalyzer for Serology - 2 nos. one for MPMMCC Varanasi and one for HBCHRC Muzaffarpur on Reagent Rental Basis],02-Sep-2025 05:00 PM,Tata Memorial Centre||Mahamana Pt M M Malaviya Cancer Centre Varanasi,03-Oct-2025 01:00 PM,https://eprocure.gov.in/eprocure/app?component=%24DirectLink&page=FrontEndLatestActiveCorrigendums&service=direct&session=T&sp=S5PN7AVER7%2BAfBlEmiP%2Fz1Q%3D%3D
275,2025_MGIMS_868235_2,27,[SITC of 10 KWp ON Grid Roof Top Solar to Dr Sushila Nayar Hospital Utavali],02-Sep-2025 05:00 PM,Mahatma Gandhi Institute of Medical Sciences,01-Oct-2025 05:00 PM,https://eprocure.gov.in/eprocure/app?component=%24DirectLink&page=FrontEndLatestActiveCorrigendums&service=direct&session=T&sp=SLyOBfNHbd6TXfuQ7KvzxPg%3D%3D
276,2025_ChPT_875699_1,27,[E-TENDER FOR APPOINTMENT OF AUDIT FIRM FOR CONDUCTING REVENUE AUDIT FOR VERIFICATION / AUDIT OF REVENUE EARNED AND ROYALTY / REVENUE SHARE PAID BY M/S CCTPL AND M/S CITPL - F.Y. 2023-24  and 2024-25],02-Sep-2025 05:00 PM,"Chennai Port Trust||Finance Department,ChPT",10-Oct-2025 03:00 PM,https://eprocure.gov.in/eprocure/app?component=%24DirectLink&page=FrontEndLatestActiveCorrigendums&service=direct&session=T&sp=SaX1Pmnu902z1e0KecNM2DA%3D%3D
277,2025_MoRTH_875680_1,27,"[Restoration for laying of Sewer pipe line along the road (LHS) from km 0/00 to 0/436, Trenchless road crossing from (RHS to LHS) 0/436 to 0/456 km, along the road (LHS) from 0/725 to 0/812 km, Trenchless road crossing (RHS to LHS) at 0/812 km, along ]",02-Sep-2025 04:00 PM,Ministry of Road Transport and Highways||P7 Delh - MoRTH||RO Chennai - MoRTH||NH Division- Chennai - MoRTH,06-Oct-2025 11:00 AM,https://eprocure.gov.in/eprocure/app?component=%24DirectLink&page=FrontEndLatestActiveCorrigendums&service=direct&session=T&sp=SLtxQiQHydb5inajpL7aJ1Q%3D%3D
278,2025_IIMJ_875713_1,27,[EMPANELMENT OF SERVICE  PROVIDER FOR Providing of Technology and Marketing Service for EMBA and PGDM of IIM Jammu],02-Sep-2025 03:50 PM,Indian Institute of Management Jammu,06-Oct-2025 02:00 PM,https://eprocure.gov.in/eprocure/app?component=%24DirectLink&page=FrontEndLatestActiveCorrigendums&service=direct&session=T&sp=Si6786SUFjsB%2BC7UQQ%2Fj9%2Bw%3D%3D
279,2025_IIMJ_875605_1,27,[Empanelment of Service provider for providing of technology and Marketing service for Executive Education Program of IIM Jammu],02-Sep-2025 03:30 PM,Indian Institute of Management Jammu,06-Oct-2025 02:00 PM,https://eprocure.gov.in/eprocure/app?component=%24DirectLink&page=FrontEndLatestActiveCorrigendums&service=direct&session=T&sp=ShIK9vJvF9ihYqi%2BP3ra5qQ%3D%3D
280,2025_BandR_875666_1,27,"[EXECUTION OF DESIGN,ENGG,EQUIPMENT SELECTION, INSTALLATION,COMMISSIONING AND PERFORMANCE TESTING OF  EQUIPMENT/ SYSTEMS FOR HVAC SYSTEM IN CONNECTION WITH BUILDING WORKS OF POLYPROPYLENE PROJECT-KOCHI OF BPCL]",02-Sep-2025 03:15 PM,Bridge and Roof Company (India) Limited||Corporate Head Quarters Kolkata Office - B and R,07-Oct-2025 05:30 PM,https://eprocure.gov.in/eprocure/app?component=%24DirectLink&page=FrontEndLatestActiveCorrigendums&service=direct&session=T&sp=SjCWSmui%2B1wUQNJHWJVFxQQ%3D%3D
281,2025_KoPT_875670_1,28,[SMPA/KDS/CIV/T/2983/56],02-Sep-2025 03:00 PM,Kolkata Port Trust||Kolkata Dock System - KoPT||Civil - KDS||Sr.Ex.Engr.(DEV) - KDS,09-Oct-2025 03:00 PM,https://eprocure.gov.in/eprocure/app?component=%24DirectLink&page=FrontEndLatestActiveCorrigendums&service=direct&session=T&sp=SSTi2Ejqf%2FaSqHgyq9QNcyQ%3D%3D
282,2025_EIL_875523_1,28,"[JP/B862-000-XT-MR-0200/53 FOR CABLES - HIGH VOLTAGE FOR PDH PP PLANT WITH ETHANE AND PROPANE HANDLING FACILITIES PROJECT  OF PETRONET LNG LIMITED, DAHEJ (GUJARAT)]",02-Sep-2025 02:15 PM,"Engineers India Limited,MoPNG||Head Office-Delhi,EIL,MoPNG",09-Oct-2025 12:00 PM,https://eprocure.gov.in/eprocure/app?component=%24DirectLink&page=FrontEndLatestActiveCorrigendums&service=direct&session=T&sp=SBtEy9qCNvPwBHGKFLhKPoQ%3D%3D
283,2025_NFC_875388_1,28,[NFC/CD/PPSD/CCTV/2025/NIT/1  ],02-Sep-2025 01:30 PM,Nuclear Fuel Complex||Nuclear Fuel Complex Hyderabad,10-Oct-2025 03:00 PM,https://eprocure.gov.in/eprocure/app?component=%24DirectLink&page=FrontEndLatestActiveCorrigendums&service=direct&session=T&sp=S%2Bf47%2BXgikBZEfPIOi43l1A%3D%3D
284,2025_MBPT_875625_1,28,[CE.T.46/2025 Gamadia Resurfacing],02-Sep-2025 12:05 PM,Mumbai Port Trust||Civil Engineering - MBPT,23-Oct-2025 03:00 PM,https://eprocure.gov.in/eprocure/app?component=%24DirectLink&page=FrontEndLatestActiveCorrigendums&service=direct&session=T&sp=SQCLiUhkKJiNtF%2F0BkK0R0A%3D%3D
285,2025_DMRC_874940_1,28,"[SITC of 66kV electrical equipment such as CT, PT, energy meters, etc. and other miscellaneous activities for commissioning of 66kV second incomer of Rapid Metro from Sec-57 HVPNL substation.]",02-Sep-2025 11:00 AM,Delhi Metro Rail Corporation Limited||CE/Tender (O and M) - DMRC,30-Sep-2025 02:00 PM,https://eprocure.gov.in/eprocure/app?component=%24DirectLink&page=FrontEndLatestActiveCorrigendums&service=direct&session=T&sp=SYlpe%2FQIYuGxAZ%2Bc8%2Fc5SHg%3D%3D
286,2025_HWB_875459_1,28,[Biennial maintenance work of lawns and gardens at Heavy Water Plant Kota site from the year 2025 to 2026],02-Sep-2025 10:00 AM,Heavy Water Board||Heavy Water Plant Kota,30-Sep-2025 02:30 PM,https://eprocure.gov.in/eprocure/app?component=%24DirectLink&page=FrontEndLatestActiveCorrigendums&service=direct&session=T&sp=SXSZJWBgd%2BcXOc51fkDIswA%3D%3D
287,2025_VECC_874773_1,28,[Nickel electro plating on soft magnet iron poles of MC-18 Cyclotron magnet],02-Sep-2025 09:00 AM,Variable Energy Cyclotron Centre,02-Oct-2025 05:00 PM,https://eprocure.gov.in/eprocure/app?component=%24DirectLink&page=FrontEndLatestActiveCorrigendums&service=direct&session=T&sp=SaYCoPPHgqyOWWGvjqk8tRg%3D%3D
288,2025_EIL_875522_1,28,"[JP/B862-000-XT-MR-0205/52 - CABLES - EXTRA HIGH VOLTAGE FOR PDH PP PLANT WITH ETHANE AND PROPANE HANDLING FACILITIES PROJECT OF PETRONET LNG LIMITED, DAHEJ (GUJARAT)]",01-Sep-2025 06:00 PM,"Engineers India Limited,MoPNG||Head Office-Delhi,EIL,MoPNG",15-Oct-2025 12:00 PM,https://eprocure.gov.in/eprocure/app?component=%24DirectLink&page=FrontEndLatestActiveCorrigendums&service=direct&session=T&sp=S6rKcQirm7QhxTLmp8caYpA%3D%3D
289,2025_MGIMS_875437_1,28,[Supply of  High End Surgical Operating Microscope in Otolaryngology],01-Sep-2025 06:00 PM,Mahatma Gandhi Institute of Medical Sciences,07-Oct-2025 06:00 PM,https://eprocure.gov.in/eprocure/app?component=%24DirectLink&page=FrontEndLatestActiveCorrigendums&service=direct&session=T&sp=Sp2uG%2FfJPD8VjZsrjyv%2Bl5g%3D%3D
290,2025_MoM_875548_1,28,[Expression of Interest (EOI) from reputed and experienced contractors/agencies for providing support functions related to drilling operations and transport logistics across various exploration project sites in India],01-Sep-2025 06:00 PM,"Ministry of Mines||Mineral Exploration Corporation Limited||Central Head Quarters,MECL||Materials Division,CHQ,MECL",03-Oct-2025 02:30 PM,https://eprocure.gov.in/eprocure/app?component=%24DirectLink&page=FrontEndLatestActiveCorrigendums&service=direct&session=T&sp=SC17pCwd%2BmxDpdzmGa%2Fvg9w%3D%3D
291,2025_DIT_875500_1,29,"[Extension of further floors on the 20PF Data Centre building  at C-DAC Electronic City Campus, Bengaluru]",01-Sep-2025 05:30 PM,Department of Electronics and Information Technology(DeitY)||Centre for Development of Advanced Computing -  DeitY||Benguluru - C-DAC - DeitY,06-Oct-2025 03:00 PM,https://eprocure.gov.in/eprocure/app?component=%24DirectLink&page=FrontEndLatestActiveCorrigendums&service=direct&session=T&sp=SwWODTMi6rt5yDUF4h1QKew%3D%3D
292,2025_NISER_875521_1,29,[Desiccant Dehumidifier Material of Construction],01-Sep-2025 05:00 PM,National Institute of Science Education and Research - Odisha||Stores and Purchase Section,30-Sep-2025 11:00 AM,https://eprocure.gov.in/eprocure/app?component=%24DirectLink&page=FrontEndLatestActiveCorrigendums&service=direct&session=T&sp=SI%2FJEwuEAzxt4ZWxsPKVTIg%3D%3D
293,2025_BARC_875176_1,29,"[Carbon wrapping and Miscellaneous Civil works at APSARA and other buildings at south site, BARC, Trombay, Mumbai.]",01-Sep-2025 05:00 PM,Bhabha Atomic Research Centre||Bhabha Atomic Research Centre Mumbai||Civil Engineering Division,01-Oct-2025 03:00 PM,https://eprocure.gov.in/eprocure/app?component=%24DirectLink&page=FrontEndLatestActiveCorrigendums&service=direct&session=T&sp=S81uR1%2Bm7Z9ozApi0p5ZkEA%3D%3D
294,2025_VMHK_875538_1,29,"[OPERATION and COMPREHENSIVE MAINTENANCE for 3 Years OF MUSEUM GALLERY ON REVOLUTIONARY NATIONAL LEADERS (BIPLOBI BHARAT) AT VICTORIA MEMORIAL HALL, KOLKATA]",01-Sep-2025 05:00 PM,Victoria Memorial Hall. Kolkata,01-Oct-2025 06:00 PM,https://eprocure.gov.in/eprocure/app?component=%24DirectLink&page=FrontEndLatestActiveCorrigendums&service=direct&session=T&sp=S%2F2EKnBEcFBpYKSFD1%2Fhhew%3D%3D
295,2025_ITERI_874599_1,29,"[Supply of Fluroelastomer (FKM) O-ring, Silocon Rubber O-ring and Silicon Rubber Cord]",01-Sep-2025 04:00 PM,ITER-India,30-Sep-2025 01:00 PM,https://eprocure.gov.in/eprocure/app?component=%24DirectLink&page=FrontEndLatestActiveCorrigendums&service=direct&session=T&sp=SnGYQ8JxI3Q3EzbRO26ZpdQ%3D%3D
296,2025_DMRC_875499_1,29,[Property Development as Temporary Structure at Jafrabad Metro Station (Line-7) Corridor of Delhi Metro Network.],01-Sep-2025 04:00 PM,Delhi Metro Rail Corporation Limited||CE/Property Development - DMRC,07-Oct-2025 03:00 PM,https://eprocure.gov.in/eprocure/app?component=%24DirectLink&page=FrontEndLatestActiveCorrigendums&service=direct&session=T&sp=S2XkFLlPBXCSTvoGtvkyeiA%3D%3D
297,2025_DGS_875468_1,29,[Request for Proposal for Selection of Management Support Unit for Seafarers Welfare Fund Society],01-Sep-2025 03:00 PM,Directorate General of Shipping,13-Oct-2025 03:00 PM,https://eprocure.gov.in/eprocure/app?component=%24DirectLink&page=FrontEndLatestActiveCorrigendums&service=direct&session=T&sp=SBnI8SNzso4d0Gbqw%2FE2FGg%3D%3D
298,2025_JNPT_875228_1,29,[Improvement of North Gate Fly Over Wearing coat by Microsurfacing Treatment in JN Port],01-Sep-2025 11:00 AM,Jawaharlal Nehru Port Trust||PP and D-JNPT||Port area - PP and D - JNPT,04-Oct-2025 03:00 PM,https://eprocure.gov.in/eprocure/app?component=%24DirectLink&page=FrontEndLatestActiveCorrigendums&service=direct&session=T&sp=ShL4VKUvvQJeUnjtVozjrlQ%3D%3D
299,2025_CMRL_875334_1,29,[Restroom Renovation Work],01-Sep-2025 11:00 AM,Chennai Metro Rail Limited||Contract Management Department - CMRL,03-Oct-2025 11:00 AM,https://eprocure.gov.in/eprocure/app?component=%24DirectLink&page=FrontEndLatestActiveCorrigendums&service=direct&session=T&sp=SXSQdKe%2FaShDNVSRLtEXsOg%3D%3D
300,2025_CMRL_875291_1,29,[Construction and Development],01-Sep-2025 11:00 AM,Chennai Metro Rail Limited||Contract Management Department - CMRL,03-Oct-2025 11:00 AM,https://eprocure.gov.in/eprocure/app?component=%24DirectLink&page=FrontEndLatestActiveCorrigendums&service=direct&session=T&sp=SrT4EfciWrix8ivBHm8JZSw%3D%3D
301,2025_CMRL_875334_1,30,[Restroom Renovation Work],01-Sep-2025 11:00 AM,Chennai Metro Rail Limited||Contract Management Department - CMRL,03-Oct-2025 11:00 AM,https://eprocure.gov.in/eprocure/app?component=%24DirectLink&page=FrontEndLatestActiveCorrigendums&service=direct&session=T&sp=SXSQdKe%2FaShDNVSRLtEXsOg%3D%3D
302,2025_ITBP_875404_1,30,"[Converting the existing 400 Metre track into Synthetic track surface including preparation of sub base, drain, chain link fencing, water supply lines, recharge well and electrical installations etc at BTC, ITB Police, Bhanu Panchkula Haryana]",30-Aug-2025 05:20 PM,"DG, Indo-Tibetan Border Police Force||IG TRG CUM DIRECTOR ACADEMY,MUSOORIE,ITBP",06-Oct-2025 05:00 PM,https://eprocure.gov.in/eprocure/app?component=%24DirectLink&page=FrontEndLatestActiveCorrigendums&service=direct&session=T&sp=SsfyZKYXhydQc0GYwkudu5Q%3D%3D
303,2025_NALCO_875402_1,30,"[GLOBAL OPEN TENDER FOR PROCUREMENT OF HIGH BULK DENSITY ALUMINIUM FLUORIDE FOR NALCO SMELTER PLANT, ANGUL]",30-Aug-2025 05:00 PM,"National Aluminium Company Limited,NALCO||NALCO-Corporate Office-Bhubaneswar||Materials,CO,Bhubhaneswar,NALCO",03-Oct-2025 01:00 PM,https://eprocure.gov.in/eprocure/app?component=%24DirectLink&page=FrontEndLatestActiveCorrigendums&service=direct&session=T&sp=S1eNpXZsA%2BC%2BMx8l0w4ocmA%3D%3D
304,2025_MoRTH_875323_1,30,[Repair and Rehabilitation of High Level Bridge at Km21/200 of NH-32 (Thoothukudi - Tiruchendur- Kanyakumari road) on (EPC) Basis Contract under Annual Plan 2025-26 in the state of Tamil Nadu],30-Aug-2025 11:00 AM,Ministry of Road Transport and Highways||P7 Delh - MoRTH||RO Chennai - MoRTH||NH Division-Madurai - MoRTH,30-Sep-2025 05:00 PM,https://eprocure.gov.in/eprocure/app?component=%24DirectLink&page=FrontEndLatestActiveCorrigendums&service=direct&session=T&sp=SAq1jb3PQVqnTI5ktz7BPaw%3D%3D
305,2025_RCFL_875325_1,30,[AN-86418 SPARES FOR DRIVE TURBINE OF ARC I AND II],30-Aug-2025 10:30 AM,"Rashtriya Chemicals and Fertilizers Ltd.||IT,RCFLTD,MCF",15-Oct-2025 10:30 AM,https://eprocure.gov.in/eprocure/app?component=%24DirectLink&page=FrontEndLatestActiveCorrigendums&service=direct&session=T&sp=SuyVQNRzg80XJgp6GsCSn6g%3D%3D
306,2025_NRL_875177_2,30,[INSTRUMENTATION WORKS FOR GDS UNIT AND  PROPYLENE RECOVERY SECTION  FOR EPCM1 AT NREP ],30-Aug-2025 10:00 AM,Numaligarh Refinery Limited,06-Oct-2025 03:00 PM,https://eprocure.gov.in/eprocure/app?component=%24DirectLink&page=FrontEndLatestActiveCorrigendums&service=direct&session=T&sp=Sc9GqTgQh7NgETVLgkaA2zA%3D%3D
307,2025_NRL_875177_1,30,[INSTRUMENTATION WORKS FOR GDS UNIT AND  PROPYLENE RECOVERY SECTION  FOR EPCM1 AT NREP ],30-Aug-2025 10:00 AM,Numaligarh Refinery Limited,06-Oct-2025 03:00 PM,https://eprocure.gov.in/eprocure/app?component=%24DirectLink&page=FrontEndLatestActiveCorrigendums&service=direct&session=T&sp=SiusEM%2BuM6GSuAJ0ubAXhtw%3D%3D
308,2025_EIL_875005_1,30,"[JP/B653-000-PK-T-9520/1010 PIPELINE COMPOSITE WORKS FOR  REVAMPING OF SV STATIONS, GAS TERMINAL AND KRIBCHO TERMINAL (PART-B) AT ONGC HAZIRA PLANT]",29-Aug-2025 06:55 PM,"Engineers India Limited,MoPNG||Head Office-Delhi,EIL,MoPNG",10-Oct-2025 12:00 PM,https://eprocure.gov.in/eprocure/app?component=%24DirectLink&page=FrontEndLatestActiveCorrigendums&service=direct&session=T&sp=Sjc3WbpAPpb%2BQ4tN39mWaUw%3D%3D
309,2025_ALHW_875208_1,30,"[Repairing and maintanance of office cum transit accomodation, garage and store building near break water at Kalpeni]",29-Aug-2025 06:50 PM,Andaman Lakshadweep Harbour Works||Executive Engineer (Civil)- Kavarath ALHW,01-Oct-2025 03:00 PM,https://eprocure.gov.in/eprocure/app?component=%24DirectLink&page=FrontEndLatestActiveCorrigendums&service=direct&session=T&sp=S6ndFunJt0M0PCeEzRVpkTg%3D%3D
310,2025_NALCO_875310_1,30,[Procurement of 5700 MT of LBD ALF3 for NALCO Smelter Plant Angul],29-Aug-2025 06:30 PM,"National Aluminium Company Limited,NALCO||NALCO-Corporate Office-Bhubaneswar||Materials,CO,Bhubhaneswar,NALCO",02-Oct-2025 01:00 PM,https://eprocure.gov.in/eprocure/app?component=%24DirectLink&page=FrontEndLatestActiveCorrigendums&service=direct&session=T&sp=SXwkrxWtK%2B%2Fvh8KwoTa5zzQ%3D%3D
311,2025_IIMA_875108_1,31,"[Empanelment of Five Star/Four Star Classified Hotels located in and around Ahmedabad city to provide accommodation to Program Participants, Institute Guests and Staff and Faculties of Indian Institute of Management Ahmedabad.]",29-Aug-2025 06:15 PM,Indian Institute of Management Ahmedabad,30-Sep-2025 03:00 PM,https://eprocure.gov.in/eprocure/app?component=%24DirectLink&page=FrontEndLatestActiveCorrigendums&service=direct&session=T&sp=SEAjZ8FSalqSp3SEUIpB7gA%3D%3D
312,2025_IMSR_875297_1,31,[Tender document for procurement of the equipment Visual Electrophysiological system VEP ERG with EOG for Department of Ophthalmology AIIMS Rishikesh],29-Aug-2025 06:00 PM,All India Institute of Medical Sciences-Rishikesh||Hospital - AIIMS Rishikesh||Hospital Stores - AIIMS Rishikesh,09-Oct-2025 06:00 PM,https://eprocure.gov.in/eprocure/app?component=%24DirectLink&page=FrontEndLatestActiveCorrigendums&service=direct&session=T&sp=SXbZqdTfwL9tW14G9nRilWQ%3D%3D
313,2025_AIIMB_875267_1,31,[Tender for Ultrasonic Bone Scalpel (PAC) for the Department of Burn Plastic Surgery at AIIMS Bathinda],29-Aug-2025 06:00 PM,All India Institute of Medical Sciences Bathinda||Administration - AIIMS Bathinda,06-Oct-2025 12:00 PM,https://eprocure.gov.in/eprocure/app?component=%24DirectLink&page=FrontEndLatestActiveCorrigendums&service=direct&session=T&sp=SUUVsO4dfhRz3IH2D%2BOJchw%3D%3D
314,2025_IITKG_875273_1,31,[Comprehensive and Intelligent Energy Database for Upstream Oil and Gas U.S. Wells],29-Aug-2025 05:30 PM,Indian Institute of Technology Kharagpur||SRIC - IIT Kharagpur,11-Oct-2025 12:00 PM,https://eprocure.gov.in/eprocure/app?component=%24DirectLink&page=FrontEndLatestActiveCorrigendums&service=direct&session=T&sp=SRh7rY9NDDwWyQnDV3hJNtA%3D%3D
315,2025_AIMSD_875225_1,31,[Patient Care Simulator],29-Aug-2025 05:00 PM,All India Institute of Medical Science-New Delhi||Store IRCH - AIIMS New Delhi,30-Oct-2025 05:30 PM,https://eprocure.gov.in/eprocure/app?component=%24DirectLink&page=FrontEndLatestActiveCorrigendums&service=direct&session=T&sp=Sxmdx3uWx2YnEMFn2kzZa5w%3D%3D
316,2025_IITGN_875157_1,31,[Procurement of Optical Profilometer],29-Aug-2025 05:00 PM,Indian Institute of Technology Gandhinagar||Materials Management - IITGN,02-Oct-2025 05:00 PM,https://eprocure.gov.in/eprocure/app?component=%24DirectLink&page=FrontEndLatestActiveCorrigendums&service=direct&session=T&sp=S9Dupz2ubjpSZctB1etprag%3D%3D
317,2025_MoRTH_873996_1,31,"[Construction of HL RCC Bridge (5x26.50M) in Km 19 (Kinjer) of NH 33 (Old NH 110, Km 71) in the district of Arwal in the State of Bihar for the year 2024 25 under NH Divison Gaya on EPC mode.]",29-Aug-2025 05:00 PM,Ministry of Road Transport and Highways||P3 Delhi - MoRTH||RO Patna - MoRTH||NH Division-Gaya - MoRTH,04-Oct-2025 04:00 PM,https://eprocure.gov.in/eprocure/app?component=%24DirectLink&page=FrontEndLatestActiveCorrigendums&service=direct&session=T&sp=SVdm0xR4iU4f795u9k0VKBg%3D%3D
318,2025_IITGN_875173_1,31,[Supply and Installation of Spectroscopic Ellipsometer],29-Aug-2025 05:00 PM,Indian Institute of Technology Gandhinagar||Materials Management - IITGN,02-Oct-2025 05:00 PM,https://eprocure.gov.in/eprocure/app?component=%24DirectLink&page=FrontEndLatestActiveCorrigendums&service=direct&session=T&sp=S2JUtLDrpExiEb2m8IXqUig%3D%3D
319,2025_NITT_875156_1,31,[Supply and installation of FERRITASCOPE WITH DATA ACQUISITION SYSTEM (1 NO)],29-Aug-2025 05:00 PM,National Institute of Technology Tiruchirappalli,01-Oct-2025 05:00 PM,https://eprocure.gov.in/eprocure/app?component=%24DirectLink&page=FrontEndLatestActiveCorrigendums&service=direct&session=T&sp=SvjA9axJrIcQM6EoPdWMpyg%3D%3D
320,2025_RCFL_875247_1,31,[AN 86116 ID FD TURBINE SPARES],29-Aug-2025 04:30 PM,"Rashtriya Chemicals and Fertilizers Ltd.||IT,RCFLTD,MCF",30-Sep-2025 10:30 AM,https://eprocure.gov.in/eprocure/app?component=%24DirectLink&page=FrontEndLatestActiveCorrigendums&service=direct&session=T&sp=SXdJLLU1oRuyHQqqfV6LgSw%3D%3D
321,2025_DMRC_874872_1,32,[Hiring of different type of vehicles for operation and maintenance work of electrical wing in DMRC network for 03 Years.],29-Aug-2025 04:00 PM,Delhi Metro Rail Corporation Limited||CE/Tender (O and M) - DMRC,13-Oct-2025 02:00 PM,https://eprocure.gov.in/eprocure/app?component=%24DirectLink&page=FrontEndLatestActiveCorrigendums&service=direct&session=T&sp=Sy%2BDkIGd9kRsAwl07VrDNJQ%3D%3D
322,2025_AIIMB_875056_1,32,[Re-tender for the rate contract of Probes required for fish],28-Aug-2025 06:00 PM,All India Institute of Medical Sciences Bathinda||Administration - AIIMS Bathinda,06-Oct-2025 12:00 PM,https://eprocure.gov.in/eprocure/app?component=%24DirectLink&page=FrontEndLatestActiveCorrigendums&service=direct&session=T&sp=SNnp5vVMFte%2FuPIRHUdo8Uw%3D%3D
323,2025_AIIMB_875097_1,32,[Re-tender for the Rate contract of Immunofluorescence Products for Fluorescent Microscope],28-Aug-2025 06:00 PM,All India Institute of Medical Sciences Bathinda||Administration - AIIMS Bathinda,06-Oct-2025 12:00 PM,https://eprocure.gov.in/eprocure/app?component=%24DirectLink&page=FrontEndLatestActiveCorrigendums&service=direct&session=T&sp=Soid%2FC4gIWMPRNuzI2R4CyQ%3D%3D
324,2025_NHPC_875088_1,32,"[Renovation and modernization of electrical components i.e. motor, brake assembly, control panels, power cables, cabin equipments and associated electrical components of 50 Ton gantry Crane installed at Power house of Chamera Power Station-1.]",28-Aug-2025 05:10 PM,NHPC Limited||Chamera Power Station-I-NHPC,08-Oct-2025 06:00 PM,https://eprocure.gov.in/eprocure/app?component=%24DirectLink&page=FrontEndLatestActiveCorrigendums&service=direct&session=T&sp=SGM9nRTlkkNlLCzXvsThqzw%3D%3D
325,2025_BARC_875080_1,32,[Laying of Chilled Water Pipeline towards Western side],28-Aug-2025 05:00 PM,Bhabha Atomic Research Centre||Bhabha Atomic Research Centre Visakhapatnam,03-Oct-2025 03:30 PM,https://eprocure.gov.in/eprocure/app?component=%24DirectLink&page=FrontEndLatestActiveCorrigendums&service=direct&session=T&sp=S3UcgyOsdtywshFWQjlTN6A%3D%3D
326,2025_MFL_875078_1,32,[PROCUREMENT OF COOLING WATER PUMP ASSEMBLY AND  COMPLETE PUMP ROTOR ASSEMBLY - 2 ITEMS],28-Aug-2025 04:30 PM,Madras Fertilizers Limited||Materials Management - MFL,13-Oct-2025 04:00 PM,https://eprocure.gov.in/eprocure/app?component=%24DirectLink&page=FrontEndLatestActiveCorrigendums&service=direct&session=T&sp=So8sT0H%2F4BP%2BIXbaLovDkhA%3D%3D
327,2025_IITK_874993_1,32,"[Supply, Installation and Commissioning of Scanning Electron Microscope]",28-Aug-2025 04:00 PM,Indian Institute of Technology Kanpur||Central Stores and Purchase Section - IITK,02-Oct-2025 04:00 PM,https://eprocure.gov.in/eprocure/app?component=%24DirectLink&page=FrontEndLatestActiveCorrigendums&service=direct&session=T&sp=SQSzHIU7ysYAOwbHog8G48A%3D%3D
328,2025_MHRD_875046_1,32,[Selection of a service provider for Digital Scanning and e-Evaluation of Answer Booklets for various examinations of CBSE.],28-Aug-2025 03:00 PM,Central Board of Secondary Education||HQ-Delhi - CBSE,30-Sep-2025 02:00 PM,https://eprocure.gov.in/eprocure/app?component=%24DirectLink&page=FrontEndLatestActiveCorrigendums&service=direct&session=T&sp=S1uHzIUtRni8iFolldKG4pw%3D%3D
329,2025_EIL_874739_1,32,"[JP/B862-000-XB-MR-0010/44  SWITCHBOARD-MV (INDOOR) WITH VCB BREAKERFOR PDH PP PLANT WITH ETHANE AND PROPANE HANDLING FACILITIES PROJECT OF PETRONET LNG LIMITED, DAHEJ (GUJARAT)]",28-Aug-2025 02:00 PM,"Engineers India Limited,MoPNG||Head Office-Delhi,EIL,MoPNG",15-Oct-2025 12:00 PM,https://eprocure.gov.in/eprocure/app?component=%24DirectLink&page=FrontEndLatestActiveCorrigendums&service=direct&session=T&sp=Sk3mZxWzrNstNQyw0FrMF9g%3D%3D
330,2025_MoRTH_874994_1,32,[Consultancy services for AE for Supervision of Construction of missing link from Birhu to Lathiani into 4-lane from km 35.550 to km 42.800 on NH-503A including Cable Stayed Bridge (0.860 km) in Himachal Pradesh on EPC Mode],28-Aug-2025 12:00 PM,Ministry of Road Transport and Highways||P1 Delhi - MoRTH||RO Shimla - MoRTH,13-Oct-2025 05:00 PM,https://eprocure.gov.in/eprocure/app?component=%24DirectLink&page=FrontEndLatestActiveCorrigendums&service=direct&session=T&sp=Se3bVrnJ2jm7vfQEuRj%2BYhw%3D%3D
331,2025_MGIMS_865431_2,33,[Supply of Portable Slit Lamp with Digital Imaging and Recording System],28-Aug-2025 11:00 AM,Mahatma Gandhi Institute of Medical Sciences,14-Oct-2025 11:00 AM,https://eprocure.gov.in/eprocure/app?component=%24DirectLink&page=FrontEndLatestActiveCorrigendums&service=direct&session=T&sp=SMT8Y5J6EhrRo15TgJbtbkA%3D%3D
332,2025_MGIMS_865515_2,33,[Supply of Hand held Non-Contact Tonometer],28-Aug-2025 11:00 AM,Mahatma Gandhi Institute of Medical Sciences,14-Oct-2025 11:00 AM,https://eprocure.gov.in/eprocure/app?component=%24DirectLink&page=FrontEndLatestActiveCorrigendums&service=direct&session=T&sp=S8%2FsZy%2BzrIXfMCjmHGtCQrQ%3D%3D
333,2025_DST_874749_1,33,"[Supply, installation and commissioning of Ion Chromatography System]",28-Aug-2025 09:00 AM,Thermax Limited Pune - DST,02-Oct-2025 09:00 AM,https://eprocure.gov.in/eprocure/app?component=%24DirectLink&page=FrontEndLatestActiveCorrigendums&service=direct&session=T&sp=S0VD8LA5oN3MJl5qUwQ4Exg%3D%3D
334,2025_MoRTH_874975_1,33,[Consultancy Services for Authority Engineer for supervision of Construction of Champawat Bypass 2 lane with paved shoulder km 121.700 to km 129.450 on NH-09 Old NH-125 in the state of Uttarakhand under Chardham works on EPC mode.],27-Aug-2025 06:50 PM,Ministry of Road Transport and Highways||P1 Delhi - MoRTH||RO Dehradun - MoRTH||NH Uttarakhand PWD-NH-Section-Dehradun - MoRTH,13-Oct-2025 11:00 AM,https://eprocure.gov.in/eprocure/app?component=%24DirectLink&page=FrontEndLatestActiveCorrigendums&service=direct&session=T&sp=SsKLyUaEcDLFlsE7wqchydg%3D%3D
335,2025_TMC_874918_1,33,[CMC of  the Intel Based Server and Related Items for Three Years ],27-Aug-2025 06:30 PM,Tata Memorial Centre||Homi Bhabha Cancer Hospital and R C Mohali Punjab,06-Oct-2025 06:30 PM,https://eprocure.gov.in/eprocure/app?component=%24DirectLink&page=FrontEndLatestActiveCorrigendums&service=direct&session=T&sp=SbgopF%2FBH0yU7%2BjMYcvytfw%3D%3D
336,2025_AIMSD_874921_1,33,[Full Endoscopic Lumbar It and ED set],27-Aug-2025 05:00 PM,All India Institute of Medical Science-New Delhi||Store Main Hospital - AIIMS New Delhi,29-Oct-2025 03:30 PM,https://eprocure.gov.in/eprocure/app?component=%24DirectLink&page=FrontEndLatestActiveCorrigendums&service=direct&session=T&sp=S8Byo68BfZ%2FjJ5mDmDc9%2BSg%3D%3D
337,2025_ITBP_872110_2,33,[Registration of firms for various items],27-Aug-2025 05:00 PM,"DG, Indo-Tibetan Border Police Force||Procurement Cell,ITBP",14-Oct-2025 05:00 PM,https://eprocure.gov.in/eprocure/app?component=%24DirectLink&page=FrontEndLatestActiveCorrigendums&service=direct&session=T&sp=SjzDaUHlY8IL4Wdbl4RYMlw%3D%3D
338,2025_IMSR_874893_1,33,[Procurement of Paediatric Cystoscope and Resectoscope for Department of Paediatric Surgery at AIIMS Rishikesh],27-Aug-2025 04:00 PM,All India Institute of Medical Sciences-Rishikesh||Hospital - AIIMS Rishikesh||Hospital Stores - AIIMS Rishikesh,09-Oct-2025 05:00 PM,https://eprocure.gov.in/eprocure/app?component=%24DirectLink&page=FrontEndLatestActiveCorrigendums&service=direct&session=T&sp=SJR%2Bpuoubgk1vv5jg060xow%3D%3D
339,2025_NITC_874891_1,33,[Purchase of PD detector with UHF sensor],27-Aug-2025 03:00 PM,National Institute of Technology Calicut||Project - NIT Calicut,01-Oct-2025 04:00 PM,https://eprocure.gov.in/eprocure/app?component=%24DirectLink&page=FrontEndLatestActiveCorrigendums&service=direct&session=T&sp=SzvsVKQQ96RRliChEbj3zog%3D%3D
340,2025_KoPT_874312_1,33,"[CONSULTANCY SERVICES IN CONNECTION WITH DESIGN, DRG AND DETAILED ENGG, TENDERING FOR CONSTRUCTION OF (A)NEW OFFICE BLDG AT J.TOWER COMPLEX (B)NEW GUEST HOUSE IN PLACE OF BALARI GUEST HOUSE (C)ARCHITECTURAL MODIFICATION OF CONNECTOR (D)J.TOWER BLDG]",27-Aug-2025 09:00 AM,Kolkata Port Trust||Haldia Dock Complex - KoPT||Engineering Department - HDC||Sr. Dy. Manager(s) (I and CF) - HDC,21-Oct-2025 03:00 PM,https://eprocure.gov.in/eprocure/app?component=%24DirectLink&page=FrontEndLatestActiveCorrigendums&service=direct&session=T&sp=SvMCAg9z2BIGqRBYCTyA6rA%3D%3D
341,2025_MRVC_874849_1,34,[MRVC/W/225],27-Aug-2025 09:00 AM,Ministry of Railways - World Bank Tenders||Mumbai Railway Vikas Corporation Limited,06-Oct-2025 03:00 PM,https://eprocure.gov.in/eprocure/app?component=%24DirectLink&page=FrontEndLatestActiveCorrigendums&service=direct&session=T&sp=Sq3VWokCLbPl5TfYsSP5HPA%3D%3D
342,2025_NITC_874825_1,34,[Architectural Engineering Services and Project Management Consultancy for Construction of Multipurpose office building housing 1.6 MVA Transformer at NIT Calicut],26-Aug-2025 06:20 PM,National Institute of Technology Calicut||Engineering Unit 1 - NIT Calicut,30-Sep-2025 06:00 PM,https://eprocure.gov.in/eprocure/app?component=%24DirectLink&page=FrontEndLatestActiveCorrigendums&service=direct&session=T&sp=S4u%2FLpEY%2Fkxz5syR0u7PZcg%3D%3D
343,2025_IWAWB_874827_1,34,[Procurement of 8 Nos. Amphibian Dredgers],26-Aug-2025 06:00 PM,Inland Waterways Authority of India-World Bank Tenders,06-Oct-2025 03:00 PM,https://eprocure.gov.in/eprocure/app?component=%24DirectLink&page=FrontEndLatestActiveCorrigendums&service=direct&session=T&sp=SSs8tfdxkkfpjI6MKzta1vw%3D%3D
344,2025_DRDO_874758_1,34,[PROVISION OF CONSULTANCY SERVICES FOR PREPARATION OF DPR FOR ADVANCE TESTING AND TRACKING RANGE CUM OCEAN SURVEILLANCE CENTRE ATTR CUM OSC THIRUVANANTHAPURAM KERALA],26-Aug-2025 06:00 PM,Defence Research and Development Organisation||Directorate of Civil Works and Estates - DRDO||Chief Construction Engineer (R and D) South - DRDO,06-Oct-2025 03:00 PM,https://eprocure.gov.in/eprocure/app?component=%24DirectLink&page=FrontEndLatestActiveCorrigendums&service=direct&session=T&sp=S1bT2YJsxvvHY4tuM47CjxQ%3D%3D
345,2025_MGIMS_859811_2,34,[Supply of UV-Visible Spectrophotometer],26-Aug-2025 06:00 PM,Mahatma Gandhi Institute of Medical Sciences,10-Oct-2025 06:00 PM,https://eprocure.gov.in/eprocure/app?component=%24DirectLink&page=FrontEndLatestActiveCorrigendums&service=direct&session=T&sp=SqdgspRiyMdLnFo6WfMt1mg%3D%3D
346,2025_NRL_874752_1,34,[SUPPLY OF HIGH PRESSURE CLAMP SEAL RING CONNECTORS],26-Aug-2025 05:30 PM,Numaligarh Refinery Limited,30-Sep-2025 03:00 PM,https://eprocure.gov.in/eprocure/app?component=%24DirectLink&page=FrontEndLatestActiveCorrigendums&service=direct&session=T&sp=SKHbR6oVW6gnlw1mUOMzvCg%3D%3D
347,2025_EIL_873615_1,34,[SG/B957-300-KA-MR-5020/37 - COMPRESSOR-CENTRIFUGAL (SPECIAL PURPOSE PROCESS) FOR BINA PETCHEM AND REFINERY EXPANSION PROJECT (BPREP) OF M/S BHARAT PETROLEUM CORPORATION LIMITED (BPCL) ],26-Aug-2025 05:30 PM,"Engineers India Limited,MoPNG||Head Office-Delhi,EIL,MoPNG",30-Sep-2025 12:00 PM,https://eprocure.gov.in/eprocure/app?component=%24DirectLink&page=FrontEndLatestActiveCorrigendums&service=direct&session=T&sp=SUwklXeXh8Dio0hasaldHqw%3D%3D
348,2025_MGIMS_859790_2,34,[Supply of Dissolution Tester],26-Aug-2025 05:00 PM,Mahatma Gandhi Institute of Medical Sciences,10-Oct-2025 05:00 PM,https://eprocure.gov.in/eprocure/app?component=%24DirectLink&page=FrontEndLatestActiveCorrigendums&service=direct&session=T&sp=S260tSmoXYhi8%2BpAIolfGHw%3D%3D
349,2025_AIMSD_874745_1,34,"[Radiofrequency Cutting, coagulation and vessel Sealing System, standalone or integrated with Bipolar Device, with Hand Instruments for Open/Laproscopic Surgery]",26-Aug-2025 05:00 PM,All India Institute of Medical Science-New Delhi||Store Main Hospital - AIIMS New Delhi,29-Oct-2025 03:30 PM,https://eprocure.gov.in/eprocure/app?component=%24DirectLink&page=FrontEndLatestActiveCorrigendums&service=direct&session=T&sp=Si3Y14lAXBe64AxUpxb%2BPGA%3D%3D
350,2025_AIMSD_874764_1,34,[Intra Operative Neuro Monitoring System (IONM)],26-Aug-2025 05:00 PM,All India Institute of Medical Science-New Delhi||Store Main Hospital - AIIMS New Delhi,29-Oct-2025 03:30 PM,https://eprocure.gov.in/eprocure/app?component=%24DirectLink&page=FrontEndLatestActiveCorrigendums&service=direct&session=T&sp=SuwduLXDo0wOG1VzSYOQ29w%3D%3D
351,2025_MGIMS_859779_2,35,[Supply of High-Performance Liquid Chromatography (HPLC) system],26-Aug-2025 05:00 PM,Mahatma Gandhi Institute of Medical Sciences,10-Oct-2025 05:00 PM,https://eprocure.gov.in/eprocure/app?component=%24DirectLink&page=FrontEndLatestActiveCorrigendums&service=direct&session=T&sp=Spgjpndb5Lky2nIZa7wNBZA%3D%3D
352,2025_AIMSD_874779_1,35,[Ultra Low Height/Double Abduction Operation Table with Radiolucent Top],26-Aug-2025 05:00 PM,All India Institute of Medical Science-New Delhi||Store Main Hospital - AIIMS New Delhi,29-Oct-2025 01:30 PM,https://eprocure.gov.in/eprocure/app?component=%24DirectLink&page=FrontEndLatestActiveCorrigendums&service=direct&session=T&sp=SDTj%2FSVxImzNlypUptyDMLg%3D%3D
353,2025_AIMSD_874764_1,35,[Intra Operative Neuro Monitoring System (IONM)],26-Aug-2025 05:00 PM,All India Institute of Medical Science-New Delhi||Store Main Hospital - AIIMS New Delhi,29-Oct-2025 03:30 PM,https://eprocure.gov.in/eprocure/app?component=%24DirectLink&page=FrontEndLatestActiveCorrigendums&service=direct&session=T&sp=SuwduLXDo0wOG1VzSYOQ29w%3D%3D
354,2025_IMSR_874718_1,35,[Tender document for procurement of the equipment Laparoscopic Hand Instruments Set B for Department of Surgical Gastroenterology AIIMS Rishikesh],26-Aug-2025 03:00 PM,All India Institute of Medical Sciences-Rishikesh||Hospital - AIIMS Rishikesh||Hospital Stores - AIIMS Rishikesh,03-Oct-2025 03:00 PM,https://eprocure.gov.in/eprocure/app?component=%24DirectLink&page=FrontEndLatestActiveCorrigendums&service=direct&session=T&sp=STfaV55JSfaYJVMq745mVCg%3D%3D
355,2025_MoRTH_874620_1,35,"[Performance based Maintenance work for the stretch of NH-09 from km 92.880 (Belkhet) to km 121.550 (Mudiyani), km 128.310 to km 135.075 and 143.75 to 162.768 (Package 3) in the State of Uttarakhand]",26-Aug-2025 02:00 PM,Ministry of Road Transport and Highways||P1 Delhi - MoRTH||RO Dehradun - MoRTH||NH Uttarakhand PWD-Haldwani - MoRTH,30-Sep-2025 02:00 PM,https://eprocure.gov.in/eprocure/app?component=%24DirectLink&page=FrontEndLatestActiveCorrigendums&service=direct&session=T&sp=S4ckNlJtI3CetxxMePrCtkA%3D%3D
356,2025_MBPT_874687_1,35,[CE.T.57/2025 MARINA 	],26-Aug-2025 12:15 PM,Mumbai Port Trust||Civil Engineering - MBPT,15-Oct-2025 03:00 PM,https://eprocure.gov.in/eprocure/app?component=%24DirectLink&page=FrontEndLatestActiveCorrigendums&service=direct&session=T&sp=ShzBeJFtm5uMCI0cmnrTdbQ%3D%3D
357,2025_TMC_874698_1,35,[Supply of Automated Blood Culture System on Reagent Rental basis for contract period of 02 years plus 02 years extendable at MPMMCC Varanasi],26-Aug-2025 12:00 PM,Tata Memorial Centre||Mahamana Pt M M Malaviya Cancer Centre Varanasi,03-Oct-2025 01:00 PM,https://eprocure.gov.in/eprocure/app?component=%24DirectLink&page=FrontEndLatestActiveCorrigendums&service=direct&session=T&sp=S5hEJxDMSjiF9E9M%2Bos2BuA%3D%3D
358,2025_PDIL_874643_1,35,[Supply of CRANE of Capacity 150-160 MT for HURL Gorakhpur (UP) Sindri (Jharkhand) and Barauni (Bihar) Units],25-Aug-2025 06:55 PM,"Projects and Development India Limited, Fert",09-Oct-2025 04:00 PM,https://eprocure.gov.in/eprocure/app?component=%24DirectLink&page=FrontEndLatestActiveCorrigendums&service=direct&session=T&sp=SZmNA3LPcpVMCEKuuONsaUg%3D%3D
359,2025_SSB_874664_1,35,"[Construction SPT Structures at BOP Dengchukla of 69th bn , SSB  Pakyong , Sikkim , under Ftr Hqr Siliguri ]",25-Aug-2025 06:45 PM,"DG Sashastra Seema Bal,MHA||IG FTR HQRS Silliguri,SSB",09-Oct-2025 11:00 AM,https://eprocure.gov.in/eprocure/app?component=%24DirectLink&page=FrontEndLatestActiveCorrigendums&service=direct&session=T&sp=SswAz5efN12J4Wt%2FZrNCyLA%3D%3D
360,2025_SSB_874661_1,35,"[Construction of SP type structure ( Jawan barrack , QG Kote , Kitchen um dinning hall , toilet and bath block  , Visiting  Officer Residence and BOP Commander Q and R ) at  BOP Salami of 69 Bn SSB Pakyong under Siliguri Frontier SSB ]",25-Aug-2025 06:30 PM,"DG Sashastra Seema Bal,MHA||IG FTR HQRS Silliguri,SSB",09-Oct-2025 11:00 AM,https://eprocure.gov.in/eprocure/app?component=%24DirectLink&page=FrontEndLatestActiveCorrigendums&service=direct&session=T&sp=Sf0w08B%2BqMnZWyNEq3czNlA%3D%3D
361,2025_IMSRP_874561_1,36,[Purchase of CRYO Workstation for Pulmonary Medicine],25-Aug-2025 06:00 PM,All India Institute of Medical Sciences-Raipur||Administrative Department - AIIMS Raipur,07-Oct-2025 03:00 PM,https://eprocure.gov.in/eprocure/app?component=%24DirectLink&page=FrontEndLatestActiveCorrigendums&service=direct&session=T&sp=Se8Kbd1l9ov0eXAiTcOx8zw%3D%3D
362,2025_ITERI_873837_1,36,[Chain Clamp Flange Assembly],25-Aug-2025 05:00 PM,ITER-India,07-Oct-2025 01:00 PM,https://eprocure.gov.in/eprocure/app?component=%24DirectLink&page=FrontEndLatestActiveCorrigendums&service=direct&session=T&sp=SqT9m2dLQohozpjo2UMt0Yg%3D%3D
363,2025_NHIDC_874571_1,36,[NHIDCL/RODDN/NH07/INS/25-26],25-Aug-2025 03:00 PM,National Highways and Infrastructure Development Corporation||Corporate Office-New Delhi - NHIDCL,06-Oct-2025 03:00 PM,https://eprocure.gov.in/eprocure/app?component=%24DirectLink&page=FrontEndLatestActiveCorrigendums&service=direct&session=T&sp=S2xOXkUgR8zpcH4aK8fI11Q%3D%3D
364,2025_INST_874533_1,36,[Supply of Solar Simulator ],25-Aug-2025 11:00 AM,Institute of Nano Science and Technolgy - Mohali,30-Sep-2025 02:00 PM,https://eprocure.gov.in/eprocure/app?component=%24DirectLink&page=FrontEndLatestActiveCorrigendums&service=direct&session=T&sp=SZEZ9Z58ue7z3Ylrc%2BQLhHQ%3D%3D
365,2025_DMRC_874393_1,36,[Property Development as Temporary Structure near Dwarka Metro Station (Line-3)Corridor of Delhi Metro Network.],25-Aug-2025 09:00 AM,Delhi Metro Rail Corporation Limited||ED/Contracts - DMRC,09-Oct-2025 03:00 PM,https://eprocure.gov.in/eprocure/app?component=%24DirectLink&page=FrontEndLatestActiveCorrigendums&service=direct&session=T&sp=S7G9iD5Xxin%2FnroancAbkRw%3D%3D
366,2025_ICAT_874513_1,36,[ ICAT-T-PE-C1-Electrical Moter Binding-2025-26-225],25-Aug-2025 09:00 AM,International Centre For Automotive Technology||Manesar Sector-3 Haryana,30-Sep-2025 05:00 PM,https://eprocure.gov.in/eprocure/app?component=%24DirectLink&page=FrontEndLatestActiveCorrigendums&service=direct&session=T&sp=S8%2B9C7Uz1hFhTkC1zOEM2jg%3D%3D
367,2025_HWB_874367_1,36,[Contract for Sweeping of Roads and cleaning of Drains in HWPK Housing Colony during year 2025-27 for one and half year],23-Aug-2025 10:00 AM,Heavy Water Board||Heavy Water Plant Kota,03-Oct-2025 02:30 PM,https://eprocure.gov.in/eprocure/app?component=%24DirectLink&page=FrontEndLatestActiveCorrigendums&service=direct&session=T&sp=SM%2BpC7g9iOJj87ao%2BPsclIw%3D%3D
368,2025_MoRTH_874426_1,36,[Work on Location at Km 27.98 on NH-513 in the state of Arunachal Pradesh],22-Aug-2025 06:15 PM,Ministry of Road Transport and Highways||NER and SARDP-NE - MoRTH||RO Itanagar - MoRTH,03-Oct-2025 11:00 AM,https://eprocure.gov.in/eprocure/app?component=%24DirectLink&page=FrontEndLatestActiveCorrigendums&service=direct&session=T&sp=SC2MR7REB%2FxNdAmh0%2Frtb8A%3D%3D
369,2025_MoRTH_874430_1,36,[Upgradation to Two lane with Paved Shoulder carriageway from km 170.300 to km 277.254 of Dholavira  Mauvana  Vauva  Santalpur Section Package  II of NH754K in the State of Gujarat on EPC Mode],22-Aug-2025 06:10 PM,Ministry of Road Transport and Highways||P4 Delhi - MoRTH,06-Oct-2025 11:00 AM,https://eprocure.gov.in/eprocure/app?component=%24DirectLink&page=FrontEndLatestActiveCorrigendums&service=direct&session=T&sp=SwGveKP2k2qXjcdIlK%2BmntQ%3D%3D
370,2025_AIMSD_874425_1,36,"[Purchase of Full Endoscopic Lumbar Interlaminar Transforaminal and Extraforaminal Decompression (IT and ED) set-01No. for department of Neurosurgery, CNC, AIIMS, New Delhi-29]",22-Aug-2025 06:00 PM,All India Institute of Medical Science-New Delhi||Store JPNATC - AIIMS New Delhi,13-Oct-2025 04:00 PM,https://eprocure.gov.in/eprocure/app?component=%24DirectLink&page=FrontEndLatestActiveCorrigendums&service=direct&session=T&sp=SEX06Ws3JtqxoVekKloCfDA%3D%3D
371,2025_AIMSD_874425_1,37,"[Purchase of Full Endoscopic Lumbar Interlaminar Transforaminal and Extraforaminal Decompression (IT and ED) set-01No. for department of Neurosurgery, CNC, AIIMS, New Delhi-29]",22-Aug-2025 06:00 PM,All India Institute of Medical Science-New Delhi||Store JPNATC - AIIMS New Delhi,13-Oct-2025 04:00 PM,https://eprocure.gov.in/eprocure/app?component=%24DirectLink&page=FrontEndLatestActiveCorrigendums&service=direct&session=T&sp=SEX06Ws3JtqxoVekKloCfDA%3D%3D
372,2025_DPS_874145_1,37,"[Supply, Inspection, safe delivery and warranty of IERMON PCBs without GM tubes as per BOM attached as Annexure-1, Test Procedure attached as Annexure-2 and General Terms and Conditions attached as Annexure-3 ]",22-Aug-2025 04:00 PM,Directorate of Purchase and Stores||Central Purchase Unit Mumbai - DPS||C2 CPU - DPS,08-Oct-2025 02:00 PM,https://eprocure.gov.in/eprocure/app?component=%24DirectLink&page=FrontEndLatestActiveCorrigendums&service=direct&session=T&sp=SOp1SlIvFXlFYHurijJztUA%3D%3D
373,2025_MoRTH_874354_1,37,"[Emergency work for Painting Center Lines, Zebra Crossings, and road furniture etc on NH-141 bet. Km. 5/560 to 14/535 Section K.F.T.Z. Kandla Road and NH-754K Bet 00/00 to 279/00 Section Lakhpat - Gaduli - Khavda - Mauvana - santalpur Road.]",22-Aug-2025 03:00 PM,Ministry of Road Transport and Highways||P4 Delhi - MoRTH||RO Gandhinagar - MoRTH||NH Division-Gandhidham - MoRTH,03-Oct-2025 04:00 PM,https://eprocure.gov.in/eprocure/app?component=%24DirectLink&page=FrontEndLatestActiveCorrigendums&service=direct&session=T&sp=SbQeg5cLJx1ZsC3JDlyW8Ig%3D%3D
374,2025_MoRTH_874359_1,37,[Emergency work for Repairs to Roads and Bridges to  NH-141 bet. Km. 5/560 to 14/535 Section K.F.T.Z. Kandla Road and NH-754K Bet 00/00 to 279/00 Section Lakhpat - Gaduli - Khavda - Mauvana - santalpur Road. ],22-Aug-2025 03:00 PM,Ministry of Road Transport and Highways||P4 Delhi - MoRTH||RO Gandhinagar - MoRTH||NH Division-Gandhidham - MoRTH,03-Oct-2025 04:00 PM,https://eprocure.gov.in/eprocure/app?component=%24DirectLink&page=FrontEndLatestActiveCorrigendums&service=direct&session=T&sp=Sxb3ex1Zm1OI%2BrsaTlZVekA%3D%3D
375,2025_MoRTH_874345_1,37,[Emergency work for Supplying Of Sign Boards/ Road Furniture on NH-141 bet. Km. 5/560 to 14/535 Section K.F.T.Z. Kandla Road and NH-754K Bet 00/00 to 279/00 Section Lakhpat - Gaduli - Khavda - Mauvana - santalpur Road.],22-Aug-2025 02:15 PM,Ministry of Road Transport and Highways||P4 Delhi - MoRTH||RO Gandhinagar - MoRTH||NH Division-Gandhidham - MoRTH,03-Oct-2025 04:00 PM,https://eprocure.gov.in/eprocure/app?component=%24DirectLink&page=FrontEndLatestActiveCorrigendums&service=direct&session=T&sp=S%2BI3S6fSQlzX8YKMvEwfIuQ%3D%3D
376,2025_MoRTH_874332_1,37,[Emergency work for Supplying  Quarry Materials on NH-141 bet. Km. 5/560 to 14/535 Section K.F.T.Z. Kandla Road and NH-754K Bet 00/00 to 279/00 Section Lakhpat - Gaduli - Khavda - Mauvana - santalpur Road.],22-Aug-2025 02:00 PM,Ministry of Road Transport and Highways||P4 Delhi - MoRTH||RO Gandhinagar - MoRTH||NH Division-Gandhidham - MoRTH,03-Oct-2025 04:00 PM,https://eprocure.gov.in/eprocure/app?component=%24DirectLink&page=FrontEndLatestActiveCorrigendums&service=direct&session=T&sp=Snhf%2F8Ay%2FJYpAQH%2BOf39l3Q%3D%3D
377,2025_DRDO_874278_1,37,[Repair  Replacement parts of VCB and Air Washer and other connected Items at FACET TBRL Range Ramgarh],22-Aug-2025 12:00 PM,Defence Research and Development Organisation||Directorate of Civil Works and Estates - DRDO||Estate Management Unit(R and D)- Chandigarh - DRDO,06-Oct-2025 12:00 PM,https://eprocure.gov.in/eprocure/app?component=%24DirectLink&page=FrontEndLatestActiveCorrigendums&service=direct&session=T&sp=SZWvfzCTLFHSkQDu2dKpYvQ%3D%3D
378,2025_DPS_871607_1,37,"[PRE-DIPATCH INSPECTION, TESTING, SUPPLY, INSTALLATION, COMMISSIONING, TRAINING, WARRANTY AND SERVICE OF Customized Neonatal Critical Care Therapeutic System for 300 bedded hospital with the items as per the attached specifications]",22-Aug-2025 09:00 AM,Directorate of Purchase and Stores||Central Purchase Unit Mumbai - DPS||B3 CPU - DPS,06-Oct-2025 09:00 AM,https://eprocure.gov.in/eprocure/app?component=%24DirectLink&page=FrontEndLatestActiveCorrigendums&service=direct&session=T&sp=SjZVANgYhGzFvuiXFYuk71w%3D%3D
379,2025_MoRTH_874217_1,37,[Emergency work for Supplying Mix Materials for Bituminous   patch work on NH-141   bet. Km. 5/560 to 14/535  Section   K.F.T.Z. Kandla  Road and NH-754K Bet 00/00 to 279/00 Section Lakhpat - Gaduli - Khavda - Mauvana - santalpur  Road ],22-Aug-2025 09:00 AM,Ministry of Road Transport and Highways||P4 Delhi - MoRTH||RO Gandhinagar - MoRTH||NH Division-Gandhidham - MoRTH,03-Oct-2025 04:00 PM,https://eprocure.gov.in/eprocure/app?component=%24DirectLink&page=FrontEndLatestActiveCorrigendums&service=direct&session=T&sp=S1qw5HBptYtY%2Fm0DL2P1fIg%3D%3D
380,2025_MoRTH_874118_1,37,[Construction Of New Major Bridge Over Indravati At KM 302.280 Of NH-26 In The State Of Odisha On EPC Mode ],21-Aug-2025 06:55 PM,Ministry of Road Transport and Highways||P5 Delhi / LWE - MoRTH||RO Bhubaneswar - MoRTH||NH Odisha PWD-Kesinga - MoRTH,06-Nov-2025 12:00 PM,https://eprocure.gov.in/eprocure/app?component=%24DirectLink&page=FrontEndLatestActiveCorrigendums&service=direct&session=T&sp=S4x0N2Bea%2FHx2YVKET7edzA%3D%3D
381,2025_REIL_874237_1,38,[NIT for Selection of Charge Point Operator for Location Identification Installation Commissioning and 10 years Operation and Maintenance of EV Charging Stations],21-Aug-2025 06:30 PM,Rajasthan Electronics and Instruments Limited||Head Quarters-Jaipur-REIL||Material Management-HQ Jaipur-REIL,06-Oct-2025 05:00 PM,https://eprocure.gov.in/eprocure/app?component=%24DirectLink&page=FrontEndLatestActiveCorrigendums&service=direct&session=T&sp=SWkAyTaFJJ6vK%2ByFNZ6rcLA%3D%3D
382,2025_IISRP_874051_1,38,[Procurement of Node Based Seismic Data Acquisition System],21-Aug-2025 06:00 PM,Indian Institute of Science Education and Research - Pune,06-Oct-2025 03:00 PM,https://eprocure.gov.in/eprocure/app?component=%24DirectLink&page=FrontEndLatestActiveCorrigendums&service=direct&session=T&sp=SoqmSmuD8hLbVVpc1Yv9dzw%3D%3D
383,2025_BARC_874109_1,38,[Geotechnical Investigations],21-Aug-2025 05:25 PM,Bhabha Atomic Research Centre||Bhabha Atomic Research Centre Visakhapatnam,03-Oct-2025 03:30 PM,https://eprocure.gov.in/eprocure/app?component=%24DirectLink&page=FrontEndLatestActiveCorrigendums&service=direct&session=T&sp=Sf%2F2T8IhLiovrEpnzhSt4dg%3D%3D
384,2025_AIMNP_874125_1,38,"[NIT for Outsourcing of services provider for the work of Cleaning, Sanitation, Housekeeping, Patient Care and Allied Services in OPD and IPD of AIIMS Nagpur]",21-Aug-2025 05:00 PM,All India Institute of Medical Science-Nagpur,30-Sep-2025 03:00 PM,https://eprocure.gov.in/eprocure/app?component=%24DirectLink&page=FrontEndLatestActiveCorrigendums&service=direct&session=T&sp=SR0AXdji6sfUW8psLC7F7QA%3D%3D
385,2025_EIL_873953_1,38,[SG/B933-000-XT-MR-0220/63 - MV POWER AND CONTROL CABLES],21-Aug-2025 05:00 PM,"Engineers India Limited,MoPNG||Head Office-Delhi,EIL,MoPNG",10-Oct-2025 12:00 PM,https://eprocure.gov.in/eprocure/app?component=%24DirectLink&page=FrontEndLatestActiveCorrigendums&service=direct&session=T&sp=Sct2lBPOzvvmjll7GyLzO2w%3D%3D
386,2025_MoRTH_874028_1,38,[Rehabilitation and up-gradation to 2-lane configuration of Udiyari Bend to Kanda road from km 73.66 to  Km 103.25 (Existing Chainage 80 to Km 110) of NH-309A in the State of Uttarakhand (Package-I) under NH(O)],21-Aug-2025 02:00 PM,Ministry of Road Transport and Highways||P1 Delhi - MoRTH||RO Dehradun - MoRTH||NH Uttarakhand PWD-Haldwani - MoRTH,06-Oct-2025 02:00 PM,https://eprocure.gov.in/eprocure/app?component=%24DirectLink&page=FrontEndLatestActiveCorrigendums&service=direct&session=T&sp=SZ5NIM125CrcK7qd36UAesw%3D%3D
387,2025_DMRC_873796_1,38,[Property Development at Kirti Nagar and New Ashok Nagar Metro Station of Line-3 Corridor of Delhi Metro Network],21-Aug-2025 10:00 AM,Delhi Metro Rail Corporation Limited||CE/Property Development - DMRC,06-Oct-2025 03:00 PM,https://eprocure.gov.in/eprocure/app?component=%24DirectLink&page=FrontEndLatestActiveCorrigendums&service=direct&session=T&sp=SZbMkYz2eyNCuxzTiN3slYg%3D%3D
388,2025_NHPC_873921_1,38,[Extension or replacement work of stack height of DG set 400kVa and 380kVa Cummins make DG set],21-Aug-2025 10:00 AM,NHPC Limited||Chamera-II Power Station-NHPC,03-Oct-2025 06:00 PM,https://eprocure.gov.in/eprocure/app?component=%24DirectLink&page=FrontEndLatestActiveCorrigendums&service=direct&session=T&sp=SHDz99K%2FjjhpiHFdRj1Zdzw%3D%3D
389,2025_TMC_873970_1,38,"[Automated Nucleic Acid  extraction system (DNA and RNA Extraction) on Reagent Rental Contract for 3 years and Extendable to 1 years on satisfactory performance , Qty 2 no. for HBCH RC, New Chandigarh Punjab ]",20-Aug-2025 06:30 PM,Tata Memorial Centre||Homi Bhabha Cancer Hospital and R C Mohali Punjab,06-Oct-2025 06:30 PM,https://eprocure.gov.in/eprocure/app?component=%24DirectLink&page=FrontEndLatestActiveCorrigendums&service=direct&session=T&sp=SZGgSlcrKWv5KsWU0IiwMUw%3D%3D
390,2025_AIIMB_873993_1,38,[Tender for Rate Contract of Various Consumables Items for Nuclear Medicine ],20-Aug-2025 06:00 PM,All India Institute of Medical Sciences Bathinda||Administration - AIIMS Bathinda,07-Oct-2025 12:00 PM,https://eprocure.gov.in/eprocure/app?component=%24DirectLink&page=FrontEndLatestActiveCorrigendums&service=direct&session=T&sp=SX6c%2F5WZVs8xM5nTk9tWK%2FA%3D%3D
391,2025_NHPC_871986_1,39,[Repairing of 2 sets (40 numbers) damaged guide Vanes  for Teesta-V Power Station],20-Aug-2025 05:00 PM,NHPC Limited||Teesta-V Power Station-NHPC,30-Sep-2025 05:30 PM,https://eprocure.gov.in/eprocure/app?component=%24DirectLink&page=FrontEndLatestActiveCorrigendums&service=direct&session=T&sp=SNOxBkykeJdqxNP7XpaLgZw%3D%3D
392,2025_NHIDC_874005_1,39,[NHIDCL/Ladakh/NH-301/EPC/ Balanceworks/2025-26	],20-Aug-2025 04:00 PM,National Highways and Infrastructure Development Corporation||Corporate Office-New Delhi - NHIDCL,06-Oct-2025 03:00 PM,https://eprocure.gov.in/eprocure/app?component=%24DirectLink&page=FrontEndLatestActiveCorrigendums&service=direct&session=T&sp=SWD5lPDw2f4Oj3jCWQZso%2FA%3D%3D
393,2025_IITKG_873938_1,39,[Electro Physiology System],20-Aug-2025 02:00 PM,Indian Institute of Technology Kharagpur||SRIC - IIT Kharagpur,03-Oct-2025 12:00 PM,https://eprocure.gov.in/eprocure/app?component=%24DirectLink&page=FrontEndLatestActiveCorrigendums&service=direct&session=T&sp=S5RBRfqm3m%2BjkRlNTQwTcgg%3D%3D
394,2025_NALCO_873829_1,39,[Establishing Pharmacy outlet at different locations of NALCO],20-Aug-2025 01:00 PM,"National Aluminium Company Limited,NALCO||NALCO-Corporate Office-Bhubaneswar||Tender and Contract-CO-Bhubaneswar-NALCO",06-Oct-2025 03:00 PM,https://eprocure.gov.in/eprocure/app?component=%24DirectLink&page=FrontEndLatestActiveCorrigendums&service=direct&session=T&sp=ShUOU%2F1rSErt4BJhSTwLQ2w%3D%3D
395,2025_MoRTH_873916_1,39,[Maintenance for Upgradation of Sakoli Lakhandur Wadsa Armori Gadchiroli Ashti Alepalli Sironcha Road NH 353C Section Gadchiroli to Ashti From Km 113.650 to 115.800Km  Km 123.100 to Km 151.020 and Km 158.020 to Km 161.020 Length 33.070  Km to two lane],20-Aug-2025 11:00 AM,Ministry of Road Transport and Highways||P6 Delhi - MoRTH||RO Mumbai - MoRTH||NH Division-Nagpur - MoRTH,30-Sep-2025 05:55 PM,https://eprocure.gov.in/eprocure/app?component=%24DirectLink&page=FrontEndLatestActiveCorrigendums&service=direct&session=T&sp=S%2FEkASd2KZ1iq%2B2H9mg%2FWOg%3D%3D
396,2025_EIL_872139_1,39,[LT/B440-003-YF-MR-2056/145 - ULTRASONIC FLOWMETERS FOR DCU REVAMP PROJECT OF M/S NUMALIGARH REFINERY LIMITED],19-Aug-2025 06:55 PM,"Engineers India Limited,MoPNG||Head Office-Delhi,EIL,MoPNG",06-Oct-2025 12:00 PM,https://eprocure.gov.in/eprocure/app?component=%24DirectLink&page=FrontEndLatestActiveCorrigendums&service=direct&session=T&sp=SUJ4HJDEtYOe%2FJjBAyM941g%3D%3D
397,2025_MoS_873881_1,39,[Management of Power Distribution System of Paradip Port Authority],19-Aug-2025 06:55 PM,"Ministry of Shipping||Paradip Port Trust||Electrical and Mechanical Department,PPT",08-Oct-2025 06:00 PM,https://eprocure.gov.in/eprocure/app?component=%24DirectLink&page=FrontEndLatestActiveCorrigendums&service=direct&session=T&sp=S10zADEVeGTQn0ixTjOLwNA%3D%3D
398,2025_NHIDC_873845_1,39,[RO-AS/DIP/RandC/D-L-7/25-26/1],19-Aug-2025 06:00 PM,National Highways and Infrastructure Development Corporation||Corporate Office-New Delhi - NHIDCL,04-Oct-2025 05:00 PM,https://eprocure.gov.in/eprocure/app?component=%24DirectLink&page=FrontEndLatestActiveCorrigendums&service=direct&session=T&sp=S3scdGWb9I7LmrqHeNKzlYw%3D%3D
399,2025_EIL_873851_1,39,"[LT/ C113-000-LA-T-8511 /1005 - SUPPLY OF KNOW-HOW/LICENSE, BASIC ENGINEERING DESIGN PACKAGE (BEDP), CATALYST, PROPRIETARY ITEMS AND OTHER RELATED SERVICES FOR ETHYLENE CRACKER AND ASSOCIATED UNITS FOR BPCL Andra Pradesh Refinery and Petrochemical Com]",19-Aug-2025 06:00 PM,"Engineers India Limited,MoPNG||Head Office-Delhi,EIL,MoPNG",13-Oct-2025 12:00 PM,https://eprocure.gov.in/eprocure/app?component=%24DirectLink&page=FrontEndLatestActiveCorrigendums&service=direct&session=T&sp=S1F7lBEqRW05mzKAU9EF58w%3D%3D
400,2025_REIL_873844_1,39,[Rate contract ],19-Aug-2025 05:35 PM,Rajasthan Electronics and Instruments Limited||Head Quarters-Jaipur-REIL||Material Management-HQ Jaipur-REIL,06-Oct-2025 05:00 PM,https://eprocure.gov.in/eprocure/app?component=%24DirectLink&page=FrontEndLatestActiveCorrigendums&service=direct&session=T&sp=SXMLgB09pGgILwFAxvan2LA%3D%3D
401,2025_MoRTH_873770_1,40,[Upgradation and Reconstruction of Sirmaur - Dabhaura Section of NH-135B from Km 36/700 to Km 73/813 to two lane with paved shoulder Configuration in the State of Madhya Pradesh on EPC mode],19-Aug-2025 05:30 PM,Ministry of Road Transport and Highways||P5 Delhi / LWE - MoRTH||RO Bhopal - MoRTH||NH Madhya Pradesh PWD-Reewa - MoRTH,07-Oct-2025 05:30 PM,https://eprocure.gov.in/eprocure/app?component=%24DirectLink&page=FrontEndLatestActiveCorrigendums&service=direct&session=T&sp=ShFfZ8%2FnDV2zqw8N63kT%2FwA%3D%3D
402,2025_MGIMS_847156_3,40,[Annual Rate Contract for Fever Multiplex Real Time PCR Kits],19-Aug-2025 05:00 PM,Mahatma Gandhi Institute of Medical Sciences,03-Oct-2025 05:00 PM,https://eprocure.gov.in/eprocure/app?component=%24DirectLink&page=FrontEndLatestActiveCorrigendums&service=direct&session=T&sp=SrGYtcDbE5KXt7I4KebebvQ%3D%3D
403,2025_MGIMS_873793_1,40,[Supply of Otoacoustic Emission (Transient and   Distortion Product)],19-Aug-2025 05:00 PM,Mahatma Gandhi Institute of Medical Sciences,09-Oct-2025 05:00 PM,https://eprocure.gov.in/eprocure/app?component=%24DirectLink&page=FrontEndLatestActiveCorrigendums&service=direct&session=T&sp=Sz0ZGSvXOK8c1jTsXbw3tzw%3D%3D
404,2025_DCSEM_873756_1,40,"[Composting of organic waste with composter drums/ pits at waste processing zone II (near Brindavan building) of Anushaktinagar, Mumbai]",19-Aug-2025 03:00 PM,Directorate of Construction Services and Estate Management||QSB - DCSEM,06-Oct-2025 03:00 PM,https://eprocure.gov.in/eprocure/app?component=%24DirectLink&page=FrontEndLatestActiveCorrigendums&service=direct&session=T&sp=SmW2YD1M%2BpEoZo6f7T43y7g%3D%3D
405,2025_NRL_873625_2,40,[INSTRUMENTATION WORKS FOR PFCC  AND MS BLOCK FOR EPCM1 AT NREP-GROUP_B],19-Aug-2025 01:00 PM,Numaligarh Refinery Limited,30-Sep-2025 03:00 PM,https://eprocure.gov.in/eprocure/app?component=%24DirectLink&page=FrontEndLatestActiveCorrigendums&service=direct&session=T&sp=SMaBq9zneitTHFQH2SFLbIg%3D%3D
406,2025_NRL_873625_1,40,[INSTRUMENTATION WORKS FOR PFCC  AND MS BLOCK FOR EPCM1 AT NREP],19-Aug-2025 01:00 PM,Numaligarh Refinery Limited,30-Sep-2025 03:00 PM,https://eprocure.gov.in/eprocure/app?component=%24DirectLink&page=FrontEndLatestActiveCorrigendums&service=direct&session=T&sp=SJ4YSiCXYZPt1OTlY3oufjQ%3D%3D
407,2025_MoRTH_873683_1,40,[Design and Execution of Necessary Protective measures in Malshej Ghat Section of Kalyan Nirmal Road NH-61 form Km. 83-100 to 93-200 in the District of Thane in the State of Maharashtra],18-Aug-2025 06:15 PM,Ministry of Road Transport and Highways||P6 Delhi - MoRTH||RO Mumbai - MoRTH||NH Division-Thane - MoRTH,03-Oct-2025 05:00 PM,https://eprocure.gov.in/eprocure/app?component=%24DirectLink&page=FrontEndLatestActiveCorrigendums&service=direct&session=T&sp=SfNbD9cU%2BRPTrQA68wXNGPQ%3D%3D
408,2025_TMC_873598_1,40,"[Execution of Internal Civil and MEP Works on the 1st Floor of Shantilal Shanghvi Paediatric Cancer Center (SSPCC) at ACTREC, Kharghar, Navi Mumbai]",18-Aug-2025 06:00 PM,Tata Memorial Centre||ACTREC  Kharghar  Navi Mumbai,06-Oct-2025 03:00 PM,https://eprocure.gov.in/eprocure/app?component=%24DirectLink&page=FrontEndLatestActiveCorrigendums&service=direct&session=T&sp=SAwnDz4A2AKRFLb0gbfPkuA%3D%3D
409,2025_EIL_867101_1,40,[LT/B440-003-WB-MR-3320/144 - PLUG VALVE FOR DCU Revamp Project of NRL],18-Aug-2025 05:00 PM,"Engineers India Limited,MoPNG||Head Office-Delhi,EIL,MoPNG",06-Oct-2025 12:00 PM,https://eprocure.gov.in/eprocure/app?component=%24DirectLink&page=FrontEndLatestActiveCorrigendums&service=direct&session=T&sp=SeCTS1PSJa%2By5TXm3H7dpJw%3D%3D
410,2025_MGIMS_873644_1,40,[Supply of HD Rigid Video Rhino-Laryngoscope],18-Aug-2025 05:00 PM,Mahatma Gandhi Institute of Medical Sciences,08-Oct-2025 05:00 PM,https://eprocure.gov.in/eprocure/app?component=%24DirectLink&page=FrontEndLatestActiveCorrigendums&service=direct&session=T&sp=SdXTLS83tlpsO2ClS1xcTpQ%3D%3D
411,2025_EIL_867101_1,41,[LT/B440-003-WB-MR-3320/144 - PLUG VALVE FOR DCU Revamp Project of NRL],18-Aug-2025 05:00 PM,"Engineers India Limited,MoPNG||Head Office-Delhi,EIL,MoPNG",06-Oct-2025 12:00 PM,https://eprocure.gov.in/eprocure/app?component=%24DirectLink&page=FrontEndLatestActiveCorrigendums&service=direct&session=T&sp=SeCTS1PSJa%2By5TXm3H7dpJw%3D%3D
412,2025_SCL_871918_1,41,[Repair/Service of Turbo molecular pumps],18-Aug-2025 04:00 PM,Semi-Conductor Laboratory (SCL),30-Sep-2025 11:00 AM,https://eprocure.gov.in/eprocure/app?component=%24DirectLink&page=FrontEndLatestActiveCorrigendums&service=direct&session=T&sp=SeZGIH6QrgDE8oWAiVLFP9w%3D%3D
413,2025_ITPO_873613_1,41,[Project Management Consultancy for Monitoring Coordination and Supervision of the Redevelopment of Exhibition Hall No 7 at Bharat Mandapam  New Delhi and Proof Checking Consultancy of the structural and MEP design for this project],18-Aug-2025 02:30 PM,India Trade Promotion Organisation||Corporate Head Quarters-New Delhi - ITPO||Engineering (CIVIL) - ITPO,30-Sep-2025 12:00 PM,https://eprocure.gov.in/eprocure/app?component=%24DirectLink&page=FrontEndLatestActiveCorrigendums&service=direct&session=T&sp=Sz0ev7J7qmKytw90iqOMaLQ%3D%3D
414,2025_MoRTH_873552_1,41,[Short Term Maintenance Contract ],16-Aug-2025 05:40 PM,Ministry of Road Transport and Highways||P6 Delhi - MoRTH||RO Bangalore - MoRTH||NH Division-Kalburgi - MoRTH,03-Oct-2025 03:00 PM,https://eprocure.gov.in/eprocure/app?component=%24DirectLink&page=FrontEndLatestActiveCorrigendums&service=direct&session=T&sp=SQEZ3H6KMMiCIuba5mBtGdQ%3D%3D
415,2025_MoRTH_873546_1,41,[Short Term Maintenance Contract STMC for NH167N from Km 0 to Km 15 20],16-Aug-2025 04:15 PM,Ministry of Road Transport and Highways||P6 Delhi - MoRTH||RO Bangalore - MoRTH||NH Division-Kalburgi - MoRTH,03-Oct-2025 03:00 PM,https://eprocure.gov.in/eprocure/app?component=%24DirectLink&page=FrontEndLatestActiveCorrigendums&service=direct&session=T&sp=SLbDn4UJw0mJqr6Oj2t2gcA%3D%3D
416,2025_MoRTH_873533_1,41,[Performance Based Maintenance Contract PBMC from Km 0 to 9],16-Aug-2025 03:00 PM,Ministry of Road Transport and Highways||P6 Delhi - MoRTH||RO Bangalore - MoRTH||NH Division-Kalburgi - MoRTH,03-Oct-2025 03:00 PM,https://eprocure.gov.in/eprocure/app?component=%24DirectLink&page=FrontEndLatestActiveCorrigendums&service=direct&session=T&sp=SaYlCR7gONggKlJK9vbs9qQ%3D%3D
417,2025_AIMSD_873496_1,41,[ESR Analyzer 03 Nos],15-Aug-2025 09:00 AM,All India Institute of Medical Science-New Delhi||Store JPNATC - AIIMS New Delhi,03-Oct-2025 03:00 PM,https://eprocure.gov.in/eprocure/app?component=%24DirectLink&page=FrontEndLatestActiveCorrigendums&service=direct&session=T&sp=STCEHPUYLBIO%2BLWARcZyxmg%3D%3D
418,2025_MoRTH_873462_1,41,[Maintenance Rectification Work under risk and cost for Rehabilitation and up gradation of NH 361 F of Section Kharwandi Navgaon rajuri Ch Km 00 00 to Km 36 900 Two lane lane with paved Shoulder configuration],14-Aug-2025 06:55 PM,Ministry of Road Transport and Highways||P6 Delhi - MoRTH||RO Mumbai - MoRTH||NH Division-Aurangabad - MoRTH,14-Oct-2025 05:30 PM,https://eprocure.gov.in/eprocure/app?component=%24DirectLink&page=FrontEndLatestActiveCorrigendums&service=direct&session=T&sp=SadsIihysCnUwomoV8Zr5cg%3D%3D
419,2025_KoPT_873398_1,41,"[Consultant for preparation of Feasibility Study, Detailed Project Report, Bid Process Management and Transaction Advisory for implementation of Export-Oriented Industrial hubs at Transport Depot Hide Road]",14-Aug-2025 06:00 PM,Kolkata Port Trust||Kolkata Dock System - KoPT||Civil - KDS||O/o Chief Engr. / Sr.Ex.Engr.(Contract) - KDS,14-Oct-2025 03:00 PM,https://eprocure.gov.in/eprocure/app?component=%24DirectLink&page=FrontEndLatestActiveCorrigendums&service=direct&session=T&sp=SXM2rZ7UukIZGY9QTIVsEWA%3D%3D
420,2025_KoPT_873375_1,41,"[Operating and Maintaining Guest House of Syama Prasad Mookerjee Port, Kolkata]",14-Aug-2025 04:00 PM,Kolkata Port Trust||Kolkata Dock System - KoPT||Civil - KDS||O/o Chief Engr. / Sr.Ex.Engr.(Contract) - KDS,07-Oct-2025 03:00 PM,https://eprocure.gov.in/eprocure/app?component=%24DirectLink&page=FrontEndLatestActiveCorrigendums&service=direct&session=T&sp=SHvLHcW35bPOT0cGNno4Okw%3D%3D
421,2025_IMSBP_873310_1,42,[SITC of Continuous Renal Replacement Therapy (CRRT Machine)],14-Aug-2025 03:00 PM,All India Institute of Medical Sciences-Bhopal,03-Oct-2025 03:00 PM,https://eprocure.gov.in/eprocure/app?component=%24DirectLink&page=FrontEndLatestActiveCorrigendums&service=direct&session=T&sp=SMsvbuPkhXRXxk4kVr5IHCQ%3D%3D
422,2025_EIL_873279_1,42,[JP/B957-500-MA-T-6010/1022 -TANKAGES WORKS DR/CR/IFR (CS AND AL.) STORAGE TANKS OF BINA PETCHEM AND REFINERY EXPANSION PROJECT(BPREP) OF M/S BHARAT PETROLEUM CORPORATION  LIMITED (BPCL)],14-Aug-2025 02:30 PM,"Engineers India Limited,MoPNG||Head Office-Delhi,EIL,MoPNG",07-Oct-2025 12:00 PM,https://eprocure.gov.in/eprocure/app?component=%24DirectLink&page=FrontEndLatestActiveCorrigendums&service=direct&session=T&sp=SLR3s5pwUdpPWkyeGHi5BeA%3D%3D
423,2025_IMSRP_873202_1,42,[Supply and installation Digital Polymerase Chain Reaction System for Department of Biochemistry at AIIMS Raipur ],13-Aug-2025 06:00 PM,All India Institute of Medical Sciences-Raipur||Administrative Department - AIIMS Raipur,04-Oct-2025 03:00 PM,https://eprocure.gov.in/eprocure/app?component=%24DirectLink&page=FrontEndLatestActiveCorrigendums&service=direct&session=T&sp=SepNa3JaP8s%2FlRt38MzJU%2Bg%3D%3D
424,2025_MGIMS_873249_1,42,[Supply of Semi-Automated Multi-parametric Agarose Gel Electrophoresis System ],13-Aug-2025 06:00 PM,Mahatma Gandhi Institute of Medical Sciences,03-Oct-2025 06:00 PM,https://eprocure.gov.in/eprocure/app?component=%24DirectLink&page=FrontEndLatestActiveCorrigendums&service=direct&session=T&sp=S%2B3KOLo6Lt62u0WE0z0D2%2FQ%3D%3D
425,2025_AIIMS_873186_1,42,[RATE CONTRACT of Endoscopy Accessories for Department of Gastroenterology],13-Aug-2025 05:00 PM,All India Institute of Medical Sciences-Jodhpur,03-Oct-2025 06:00 PM,https://eprocure.gov.in/eprocure/app?component=%24DirectLink&page=FrontEndLatestActiveCorrigendums&service=direct&session=T&sp=Svauvm69uv6cFpsGd9DynVA%3D%3D
426,2025_MoRTH_873152_1,42,[Consultancy Services for preparation of Detailed Project Report for Construction of 4/6 laned High Speed Corridor/Expressway Bhavnagar Bharuch in the state of Gujarat],13-Aug-2025 03:30 PM,Ministry of Road Transport and Highways||Bharatmala Pariyojana and Special Projects (BPSP) Cell - MoRTH,14-Oct-2025 05:00 PM,https://eprocure.gov.in/eprocure/app?component=%24DirectLink&page=FrontEndLatestActiveCorrigendums&service=direct&session=T&sp=StKCSll8m%2BPNs4XbDfkzFKw%3D%3D
427,2025_MoRTH_873135_1,42,[Consultancy Services For Independent Engineer services for Widening to Two Lane with Paved Shoulder of NH 73 New Spur Road Ujire  Dharmasthala  Periyashanthi in the State of Karnataka under on HAM under NH O Annual Plan 2023 24],13-Aug-2025 02:30 PM,Ministry of Road Transport and Highways||P6 Delhi - MoRTH||RO Bangalore - MoRTH,13-Oct-2025 03:00 PM,https://eprocure.gov.in/eprocure/app?component=%24DirectLink&page=FrontEndLatestActiveCorrigendums&service=direct&session=T&sp=SYPV9IhcV2WPXaCIIUlh9Vw%3D%3D
428,2025_EIL_872996_1,42,"[JP/B862-101-PA-MR-5140/516 FOR PUMP ROTARY LOBE TYPE FOR PDH PP PLANT WITH ETHANE AND PROPANE HANDLING FACILITIES PROJECT OF PETRONET LNG LIMITED, DAHEJ (GUJARAT)]",12-Aug-2025 06:55 PM,"Engineers India Limited,MoPNG||Head Office-Delhi,EIL,MoPNG",06-Oct-2025 12:00 PM,https://eprocure.gov.in/eprocure/app?component=%24DirectLink&page=FrontEndLatestActiveCorrigendums&service=direct&session=T&sp=Sr9RoES2srqk9pEbm9tPk0g%3D%3D
429,2025_MoRTH_873051_1,42,[Widening and Strengthening to 2lane with paved shoulder from Km 25.50 to 41.00 of NH 116B including bypass_realignment in Km 32.400 to 33.733 and Km 39.281 to 40.780 on EPC mode. _Job No. 116B/WB/2023-24/534.],12-Aug-2025 06:15 PM,Ministry of Road Transport and Highways||P3 Delhi - MoRTH||RO Kolkata - MoRTH||NH West Bengal PWD-Kolkata Directorate - MoRTH,09-Oct-2025 11:00 AM,https://eprocure.gov.in/eprocure/app?component=%24DirectLink&page=FrontEndLatestActiveCorrigendums&service=direct&session=T&sp=Sl0h%2B81x0Xgzk0blR7CaAIg%3D%3D
430,2025_BandR_873062_1,42,"[DESIGN, SUPPLY AND CONSTRUCTION OF SHORE PROTECTION WORK WITH U TYPE HOT ROLLED STEEL SHEET PILE AND OTHER ANCILLARY WORK IN CONNECTION WITH CONSTRUCTION OF SHORE PROTECTION AGAINST MASSIVE EROSION TO SAVE CENTURY OLD IGWTP OF M/S KMC]",12-Aug-2025 06:00 PM,Bridge and Roof Company (India) Limited||Corporate Head Quarters Kolkata Office - B and R,07-Oct-2025 05:30 PM,https://eprocure.gov.in/eprocure/app?component=%24DirectLink&page=FrontEndLatestActiveCorrigendums&service=direct&session=T&sp=SUvI8AGK48mGQKGyc9dtMOw%3D%3D
431,2025_MoRTH_872956_1,43,[Performance based Maintenance Contracts PBMC Estimate of  upgradation of Chalisgaon Nandgaon Road Section III of NH753J of Jalgaon Bhadagaon Chalisgaon Nandagaon Manmad from Km. 103.00 to 104.300 and 122.250 to Km.147.425  Total length 26.105 Km. Two],12-Aug-2025 02:00 PM,Ministry of Road Transport and Highways||P6 Delhi - MoRTH||RO Mumbai - MoRTH||NH Division-Pune - MoRTH,10-Oct-2025 05:30 PM,https://eprocure.gov.in/eprocure/app?component=%24DirectLink&page=FrontEndLatestActiveCorrigendums&service=direct&session=T&sp=SR0sC65efMs05vP1uaXV0wg%3D%3D
432,2025_AIMSD_872887_1,43,[High End 3D Surgical loupes with camera],12-Aug-2025 10:00 AM,All India Institute of Medical Science-New Delhi||Plastic Surgery - AIIMS New Delhi,10-Oct-2025 05:00 PM,https://eprocure.gov.in/eprocure/app?component=%24DirectLink&page=FrontEndLatestActiveCorrigendums&service=direct&session=T&sp=S%2FCy7PO7EJWUWJYO%2F%2FOkD6w%3D%3D
433,2025_AIMSD_872860_1,43,[High End Surgical Drill System with attachments],12-Aug-2025 09:00 AM,All India Institute of Medical Science-New Delhi||Plastic Surgery - AIIMS New Delhi,10-Oct-2025 05:00 PM,https://eprocure.gov.in/eprocure/app?component=%24DirectLink&page=FrontEndLatestActiveCorrigendums&service=direct&session=T&sp=Swuay3d1BnpLKP3I4hnYdxg%3D%3D
434,2025_AIMSD_872885_1,43,[Ultrasound assisted power liposuction system],12-Aug-2025 09:00 AM,All India Institute of Medical Science-New Delhi||Plastic Surgery - AIIMS New Delhi,10-Oct-2025 05:00 PM,https://eprocure.gov.in/eprocure/app?component=%24DirectLink&page=FrontEndLatestActiveCorrigendums&service=direct&session=T&sp=SFOfbs4LF7DwtvJhrVAopMQ%3D%3D
435,2025_AIMSD_872827_1,43,[Integrated Difficult Airway scope system],11-Aug-2025 05:00 PM,All India Institute of Medical Science-New Delhi||Plastic Surgery - AIIMS New Delhi,10-Oct-2025 05:00 PM,https://eprocure.gov.in/eprocure/app?component=%24DirectLink&page=FrontEndLatestActiveCorrigendums&service=direct&session=T&sp=ShqS%2FYoPocRjLGkxbe5qbnQ%3D%3D
436,2025_AIMSD_872815_1,43,[3D PRinter Hardware and Machine Interface software],11-Aug-2025 05:00 PM,All India Institute of Medical Science-New Delhi||Plastic Surgery - AIIMS New Delhi,06-Nov-2025 05:00 PM,https://eprocure.gov.in/eprocure/app?component=%24DirectLink&page=FrontEndLatestActiveCorrigendums&service=direct&session=T&sp=SNiJiGm1fiJcAAU0YtbofSg%3D%3D
437,2025_KoPT_872814_1,43,"[SELECTION OF AN AGENCY FOR OPERATION, MAINTENANCE AND MANAGEMENT OF FAIRWEATHER CLUB COMPLEX AT 58, KARL MARX SARANI (FORMERLY C.G.R ROAD), KOLKATA - 700043]",11-Aug-2025 04:30 PM,Kolkata Port Trust||Kolkata Dock System - KoPT||Civil - KDS||Sr.Ex.Engr.(DEV) - KDS,14-Oct-2025 03:00 PM,https://eprocure.gov.in/eprocure/app?component=%24DirectLink&page=FrontEndLatestActiveCorrigendums&service=direct&session=T&sp=SXlp7bj5ir6AwiKDtO505Wg%3D%3D
438,2025_DMRC_872741_1,43,[Property Development on 9415.75 sqm (FAR) Above Dhansa Bus Stand Metro Station of Line-9.],11-Aug-2025 12:00 PM,Delhi Metro Rail Corporation Limited||ED/Contracts - DMRC,30-Sep-2025 03:00 PM,https://eprocure.gov.in/eprocure/app?component=%24DirectLink&page=FrontEndLatestActiveCorrigendums&service=direct&session=T&sp=SG1wCTaBBQhHZQIrt2klzsA%3D%3D
439,2025_DPS_872371_1,43,[Supply of Zirconium Washed and Dried Frit],09-Aug-2025 06:30 PM,Directorate of Purchase and Stores||Hyderabad Regional Purchase Unit Hyderabad - DPS,14-Oct-2025 02:30 PM,https://eprocure.gov.in/eprocure/app?component=%24DirectLink&page=FrontEndLatestActiveCorrigendums&service=direct&session=T&sp=SIrA6qJ2NSVcDBZngyDjNTw%3D%3D
440,2025_MoRTH_872636_1,43,[Rehabilitation and up-gradation to 4-lane configuration of Kashipur to Ramnagar road from chainage km 5.735 to km 24.00 of NH-121 (km 64.735 to km 83 New NH-309) (18.265 km) on EPC Mode in state of Uttarakhand under NH(O) Annual Plan 2023-24],09-Aug-2025 02:00 PM,Ministry of Road Transport and Highways||P1 Delhi - MoRTH||RO Dehradun - MoRTH||NH Uttarakhand PWD-Haldwani - MoRTH,14-Oct-2025 02:00 PM,https://eprocure.gov.in/eprocure/app?component=%24DirectLink&page=FrontEndLatestActiveCorrigendums&service=direct&session=T&sp=SM5tCKiU%2F0YfAS4BqqpPaBw%3D%3D
441,2025_IMSRP_872642_1,44,[Supply and installation of Benchtop LCMS/MS System for Biochemistry Department at AIIMS Raipur],08-Aug-2025 06:00 PM,All India Institute of Medical Sciences-Raipur||Administrative Department - AIIMS Raipur,04-Oct-2025 03:00 PM,https://eprocure.gov.in/eprocure/app?component=%24DirectLink&page=FrontEndLatestActiveCorrigendums&service=direct&session=T&sp=SgnPhEZQ6fUfUT%2BEV34Z7qQ%3D%3D
442,2025_AIMSD_872548_1,44,"[Digital Anaesthesia Machine with Digital Vaporisers, with Integrated Charting System]",08-Aug-2025 01:00 PM,All India Institute of Medical Science-New Delhi||Set Facility - AIIMS New Delhi,03-Oct-2025 04:00 PM,https://eprocure.gov.in/eprocure/app?component=%24DirectLink&page=FrontEndLatestActiveCorrigendums&service=direct&session=T&sp=SF76npwgp97Ndv9XZP5eNFg%3D%3D
443,2025_NHPC_872437_1,44,"[Work of  SITC (Supply, Installation, Testing and Commissioning) and 5 years AMC of 4 Nos. of Accelerograph for Dam site of Chamera Power Station-II]",08-Aug-2025 10:00 AM,NHPC Limited||Chamera-II Power Station-NHPC,03-Oct-2025 06:00 PM,https://eprocure.gov.in/eprocure/app?component=%24DirectLink&page=FrontEndLatestActiveCorrigendums&service=direct&session=T&sp=S1xZIv6wSjVop0t9GUCaSsQ%3D%3D
444,2025_MoRTH_872514_1,44,[Consultancy Services for Authoritys Engineer for Supervision of Construction of 2LPS Configuration Gangapur City Bypass on NH23 on EPC mode in the State of Rajasthan],08-Aug-2025 09:00 AM,Ministry of Road Transport and Highways||P4 Delhi - MoRTH||RO Jaipur - MoRTH,30-Sep-2025 11:00 AM,https://eprocure.gov.in/eprocure/app?component=%24DirectLink&page=FrontEndLatestActiveCorrigendums&service=direct&session=T&sp=S%2BGIsA4uDSBytvbfVqml1fg%3D%3D
445,2025_MoRTH_872511_1,44,[Consultancy Services for Authority Engineer for Supervision of Construction of 2LPS Configuration Karauli Bypass on NH23 on EPC mode in the State of Rajasthan],08-Aug-2025 09:00 AM,Ministry of Road Transport and Highways||P4 Delhi - MoRTH||RO Jaipur - MoRTH,30-Sep-2025 11:00 AM,https://eprocure.gov.in/eprocure/app?component=%24DirectLink&page=FrontEndLatestActiveCorrigendums&service=direct&session=T&sp=SNzJ6l%2BpH52039LFDdmUc4Q%3D%3D
446,2025_NMPT_871950_1,44,"[Balance work of Construction of break water, marine structure with allied  civil works, dredging and reclamation for fishing harbour at  Kulai, on EPC basis]",07-Aug-2025 06:30 PM,New Mangalore Port Trust||Civil Engineering Department-HQ - NMPT,14-Oct-2025 03:00 PM,https://eprocure.gov.in/eprocure/app?component=%24DirectLink&page=FrontEndLatestActiveCorrigendums&service=direct&session=T&sp=SdcmyQaN4Hgw36AWugrKMUQ%3D%3D
447,2025_BSF_872434_1,44,[Outsourcing of Job Service to conduct Written Examination through Computer Based Test CBT for filling up vacancy of Non-GD Post in BSF CAPF ],07-Aug-2025 06:00 PM,"DG,BSF,MHA||Prov Dte, Proc Cell(New Delhi),BSF,MHA",15-Oct-2025 06:00 PM,https://eprocure.gov.in/eprocure/app?component=%24DirectLink&page=FrontEndLatestActiveCorrigendums&service=direct&session=T&sp=Syg8tbpPbv8NZBmnLb3722w%3D%3D
448,2025_IMSRP_872446_1,44,[upply of Flow  Cytometer],07-Aug-2025 06:00 PM,All India Institute of Medical Sciences-Raipur||Administrative Department - AIIMS Raipur,07-Oct-2025 03:00 PM,https://eprocure.gov.in/eprocure/app?component=%24DirectLink&page=FrontEndLatestActiveCorrigendums&service=direct&session=T&sp=S3ljERh4fri8ZoRi%2FoL0bVQ%3D%3D
449,2025_IMD_872325_1,44,[Procurement of 10 Nos. of Wind Profiler Systems],07-Aug-2025 05:20 PM,India Meteorological Department - IMD,30-Sep-2025 06:00 PM,https://eprocure.gov.in/eprocure/app?component=%24DirectLink&page=FrontEndLatestActiveCorrigendums&service=direct&session=T&sp=SU8DE0R6eDjtBrVO%2FNdhmeA%3D%3D
450,2025_MoRTH_872430_1,44,[Construction of Minor bridge along with approaches at km 141.380 of NH-216 across Gudavelli in the state of Andhra Pradesh on EPC Mode under NH(O) for the year 2025-26],07-Aug-2025 05:00 PM,Ministry of Road Transport and Highways||P7 Delh - MoRTH||RO Vijayawada - MoRTH||NH Division-Vijayawada - MoRTH,07-Oct-2025 05:00 PM,https://eprocure.gov.in/eprocure/app?component=%24DirectLink&page=FrontEndLatestActiveCorrigendums&service=direct&session=T&sp=SCWaWR%2FLgKRoNZqyi4zmoWw%3D%3D
451,2025_MoRTH_872430_1,45,[Construction of Minor bridge along with approaches at km 141.380 of NH-216 across Gudavelli in the state of Andhra Pradesh on EPC Mode under NH(O) for the year 2025-26],07-Aug-2025 05:00 PM,Ministry of Road Transport and Highways||P7 Delh - MoRTH||RO Vijayawada - MoRTH||NH Division-Vijayawada - MoRTH,07-Oct-2025 05:00 PM,https://eprocure.gov.in/eprocure/app?component=%24DirectLink&page=FrontEndLatestActiveCorrigendums&service=direct&session=T&sp=SCWaWR%2FLgKRoNZqyi4zmoWw%3D%3D
452,2025_MoRTH_872409_1,45,[Work of widening and strengthening from 2l PS to 4 lane with Paved shoulder from km 0/600 to km 8/200 of NH 848B of Valsad district in the state of Gujarat total length 7.60 km on EPC mode],07-Aug-2025 03:00 PM,Ministry of Road Transport and Highways||P4 Delhi - MoRTH||RO Gandhinagar - MoRTH||NH Division-Bharuch - MoRTH,03-Oct-2025 12:00 PM,https://eprocure.gov.in/eprocure/app?component=%24DirectLink&page=FrontEndLatestActiveCorrigendums&service=direct&session=T&sp=SyNzBBaJGAqK5sXsUuM06aQ%3D%3D
453,2025_DCHC_871614_1,45,"[Public Private Partnership in Equip, Operate, Maintain and Transfer (EOMT) of Mall Block of the Crafts Complex, Vasant Kunj, New Delhi]",06-Aug-2025 05:00 PM,Development Commissioner(Handicrafts)||Regional Office-Lucknow(UP) - DCHC,07-Oct-2025 06:00 PM,https://eprocure.gov.in/eprocure/app?component=%24DirectLink&page=FrontEndLatestActiveCorrigendums&service=direct&session=T&sp=SerklEChBfcFi%2B00kH0b32Q%3D%3D
454,2025_MoRTH_872132_1,45,[Consultancy services for Authoritys Engineer for supervision of Construction of Major bridge Ahilya Bridge on bhima River at Km 37.765 along with approaches on Tembhurni Pandharpur Mangalwedha road and construction of balance from Km 36.190 to Km 37.],06-Aug-2025 10:30 AM,Ministry of Road Transport and Highways||P6 Delhi - MoRTH||RO Mumbai - MoRTH||NH Maharashtra PWD-SOLAPUR - MoRTH,01-Oct-2025 05:30 PM,https://eprocure.gov.in/eprocure/app?component=%24DirectLink&page=FrontEndLatestActiveCorrigendums&service=direct&session=T&sp=SRUm5cJM6n4zZpxtup%2FI0vw%3D%3D
455,2025_IMSRP_872010_1,45,[Supply of ICU Ventilator With Integrated Metabolic Monitoring /  Automatic Closed Loop Weaning With PAV (Proportional Assist  Ventilation)],05-Aug-2025 06:00 PM,All India Institute of Medical Sciences-Raipur||Administrative Department - AIIMS Raipur,18-Oct-2025 06:00 PM,https://eprocure.gov.in/eprocure/app?component=%24DirectLink&page=FrontEndLatestActiveCorrigendums&service=direct&session=T&sp=SUkX%2FNjxr2j6zAzyLhbAKwg%3D%3D
456,2025_MoRTH_871990_1,45,[Consultancy Services for DPR Preparation of Rehabilitation and Upgradation to 4-lane configuration from Una to Birhu and Lathiani to Bhota of NH-503A and Construction of Missing Link of NH-03 from Km 250/592 to Mandi Bypass in Himachal Pradesh.],05-Aug-2025 05:00 PM,Ministry of Road Transport and Highways||P1 Delhi - MoRTH||RO Shimla - MoRTH,06-Oct-2025 03:00 PM,https://eprocure.gov.in/eprocure/app?component=%24DirectLink&page=FrontEndLatestActiveCorrigendums&service=direct&session=T&sp=SfNWkNxknpVh5c7oX%2FrCLUw%3D%3D
457,2025_EIL_872053_1,45,"[SG/B933-052-PA-MR-5710/58 - PUMP-ROTARY.SCREW, PUMP-ROTARY GEAR]",05-Aug-2025 05:00 PM,"Engineers India Limited,MoPNG||Head Office-Delhi,EIL,MoPNG",06-Oct-2025 12:00 PM,https://eprocure.gov.in/eprocure/app?component=%24DirectLink&page=FrontEndLatestActiveCorrigendums&service=direct&session=T&sp=SUBpxUdKR7LzC50HYitWPvA%3D%3D
458,2025_MoRTH_871944_1,45,[PMC Servicaes for Construction of 2 Lane bypass of Karnaprayag 4km bypass with tunnels 2.89 km Panduwakhal bypass 10km with tunnels 1.795 km Kainchidham bypass 1.9km with 0.325 km tunnel Bageshwar bypass 2.38 km with 1.1 km tunnels],05-Aug-2025 01:15 PM,Ministry of Road Transport and Highways||P1 Delhi - MoRTH||RO Dehradun - MoRTH||NH Uttarakhand PWD-NH-Section-Dehradun - MoRTH,03-Oct-2025 11:00 AM,https://eprocure.gov.in/eprocure/app?component=%24DirectLink&page=FrontEndLatestActiveCorrigendums&service=direct&session=T&sp=Sc8xy5V%2Fj%2BpIvCZv09vDwUQ%3D%3D
459,2025_IWAI_871860_1,45,"[DESIGN, CONSTRUCTION, SUPPLY, TESTING AND COMMISSIONING OF 10 nos 20 PAX HYBRID ELECTRIC PASSENGER FERRY ]",04-Aug-2025 06:50 PM,"Inland Waterways Authority of India,MoS||HO Noida,IWAI,MoS",16-Oct-2025 06:00 PM,https://eprocure.gov.in/eprocure/app?component=%24DirectLink&page=FrontEndLatestActiveCorrigendums&service=direct&session=T&sp=SffmIkyIZExnABU%2Fw%2BskpiA%3D%3D
460,2025_IMSRP_871887_1,45,[Supply of Flat Panel Mobile C-arm  and Fluoroscopy System],04-Aug-2025 06:00 PM,All India Institute of Medical Sciences-Raipur||Central Store - AIIMS Raipur,30-Sep-2025 03:00 PM,https://eprocure.gov.in/eprocure/app?component=%24DirectLink&page=FrontEndLatestActiveCorrigendums&service=direct&session=T&sp=SKg4r6FJ7cFhUzEA7E6HXzg%3D%3D
461,2025_MoRTH_871757_3,46,[Maintenance of NH 353C from Km 227.00 to 243.00 Total 16.00 Km  Choudamapalli to Gudiguddam section of Sakoli Wadsa Armori Ashti Alapali Sironcha road road Gadchiroli District Risk And Cost Basis],04-Aug-2025 09:00 AM,Ministry of Road Transport and Highways||P6 Delhi - MoRTH||RO Mumbai - MoRTH||NH Division-Nagpur - MoRTH,30-Sep-2025 05:00 PM,https://eprocure.gov.in/eprocure/app?component=%24DirectLink&page=FrontEndLatestActiveCorrigendums&service=direct&session=T&sp=SdnCusDhjvyNQLgol2i860w%3D%3D
462,2025_MoRTH_871757_4,46,[Maintenance of NH 353C from Km 243.00 to 262.00 Total 19.00 Km  Choudamapalli to Gudiguddam section of Sakoli Wadsa Armori Ashti Alapali Sironcha road road Gadchiroli District Risk And Cost Basis],04-Aug-2025 09:00 AM,Ministry of Road Transport and Highways||P6 Delhi - MoRTH||RO Mumbai - MoRTH||NH Division-Nagpur - MoRTH,30-Sep-2025 05:00 PM,https://eprocure.gov.in/eprocure/app?component=%24DirectLink&page=FrontEndLatestActiveCorrigendums&service=direct&session=T&sp=Syzr1P0zZbtWGfumhDCHD2A%3D%3D
463,2025_MoRTH_871757_2,46,[Maintenance of Sakoli Wadsa Armori Gadchiroli Ashti Alapalli Sironcha road NH353C in Km 262.00 to 321.00 Total length 59.00 Km Section Repanpalli Onwards TO Sironcha section in Gadchiroli District in the state of Maharashtra Risk And Cost Basis],04-Aug-2025 09:00 AM,Ministry of Road Transport and Highways||P6 Delhi - MoRTH||RO Mumbai - MoRTH||NH Division-Nagpur - MoRTH,30-Sep-2025 05:00 PM,https://eprocure.gov.in/eprocure/app?component=%24DirectLink&page=FrontEndLatestActiveCorrigendums&service=direct&session=T&sp=SPAgn%2FU6aB3EhTtGZWeFyZw%3D%3D
464,2025_MoRTH_871757_1,46,[Maintenance of Kurkheda town from Km 413.257 to Km 410.775 Two lane in Shankarkpur Gurnuli KM 424.00 TO KM 431.00 section and  Reconstruction of Major Bridge at CH.448.558 Bhuti Nallah and Ch 411.695 Sati river bridge Minor bridge at Ch. 411.477 and ],04-Aug-2025 09:00 AM,Ministry of Road Transport and Highways||P6 Delhi - MoRTH||RO Mumbai - MoRTH||NH Division-Nagpur - MoRTH,30-Sep-2025 05:00 PM,https://eprocure.gov.in/eprocure/app?component=%24DirectLink&page=FrontEndLatestActiveCorrigendums&service=direct&session=T&sp=SX5TFtOlRP5kWE2uqKLp0%2Fg%3D%3D
465,2025_MoRTH_871757_5,46,[Maintenance of Mul Chandrapur National Highway 930 From existing Km 234.025 to Km 273.719 Design  Km 233.414 to Km 273.088 in Chandrapur District Risk And Cost Basis],04-Aug-2025 09:00 AM,Ministry of Road Transport and Highways||P6 Delhi - MoRTH||RO Mumbai - MoRTH||NH Division-Nagpur - MoRTH,30-Sep-2025 05:00 PM,https://eprocure.gov.in/eprocure/app?component=%24DirectLink&page=FrontEndLatestActiveCorrigendums&service=direct&session=T&sp=Spgbmr5YtrvI9HGBG%2FljfAg%3D%3D
466,2025_CMRL_871725_1,46,[Providing Maintenance Services for Signalling and Train Control Systems at Stations Admin Building OCC Viaduct Tunnel Trains Depots and other related premises of CMRLCorridor 1 and Corridor 2.],02-Aug-2025 03:15 PM,Chennai Metro Rail Limited||Signalling and Telecom Department - CMRL,22-Oct-2025 12:00 PM,https://eprocure.gov.in/eprocure/app?component=%24DirectLink&page=FrontEndLatestActiveCorrigendums&service=direct&session=T&sp=SHfpgMYhgqKf15lAo9EkVqQ%3D%3D
467,2025_WBRTH_871632_1,46,[RFP for Improvement and widening to two Laning with Paved Shoulder of National Highway 127B from Km. 0.000 to Km 31.500 in the State of Meghalaya on EPC basis under NE Road Network Connectivity Improvement through JICA ODA Loan Phase-VII],01-Aug-2025 05:45 PM,Ministry Of Road Transport and Highways - World Bank Tenders,29-Oct-2025 11:00 AM,https://eprocure.gov.in/eprocure/app?component=%24DirectLink&page=FrontEndLatestActiveCorrigendums&service=direct&session=T&sp=SZ6PkgFf14hwrmcrliWMz3g%3D%3D
468,2025_NHPC_871264_1,46,"[Lot 3 Package for Hydro-mechanical Works for All Gates and Pressure Shaft Liners for the implementation of the 260 MW Dulhasti Stage II HE Project, in Kishtwar District of UT of J and K, India]",31-Jul-2025 11:30 AM,NHPC Limited||Corporate Office-Faridabad-NHPC||Contract-Civil-CO-NHPC,07-Nov-2025 05:00 PM,https://eprocure.gov.in/eprocure/app?component=%24DirectLink&page=FrontEndLatestActiveCorrigendums&service=direct&session=T&sp=SQslufk1JyRw2f1XTTvafWg%3D%3D
469,2025_MoRTH_871262_1,46,[Balance work under Risk and Cost for Up gradation of Paithan Pategaon Mungi Hatgaon  Bodhegaon  Ladjalgaon  Ghogaspargaon Phulsangvi  Ukhandachakla Dahiwandi  Shirur  to 2 lane with paved Shoulder  4 lane Configuration Package  55 937 Km for proper ],30-Jul-2025 06:55 PM,Ministry of Road Transport and Highways||P6 Delhi - MoRTH||RO Mumbai - MoRTH||NH Division-Aurangabad - MoRTH,14-Oct-2025 05:30 PM,https://eprocure.gov.in/eprocure/app?component=%24DirectLink&page=FrontEndLatestActiveCorrigendums&service=direct&session=T&sp=SOafHfFPri7A589PtHs6VIw%3D%3D
470,2025_EIL_871128_1,46,[SG/B957-000-YE-MR-1500/14 - DOMESTIC NOTICE FOR INVITATION FOR BIDS (IFB) FOR DISTRIBUTED CONTROL SYSTEM FOR BINA PETCHEM AND REFINERY EXPANSION PROJECT (BPREP) OF M/S BHARAT PETROLEUM CORPORATION LIMITED (BPCL) ],30-Jul-2025 04:55 PM,"Engineers India Limited,MoPNG||Head Office-Delhi,EIL,MoPNG",03-Oct-2025 12:00 PM,https://eprocure.gov.in/eprocure/app?component=%24DirectLink&page=FrontEndLatestActiveCorrigendums&service=direct&session=T&sp=SFPg2roxlTBeP3RVXcFQpvw%3D%3D
471,2025_NHPC_869566_1,47,"[Request for Selection of Developers for Setting up Solar Power Plants (4x300 MW) for Jalaun Solar Power Park (1200 MW) in District Jalaun, Uttar Pradesh through Tariff Based Competitive Bidding]",28-Jul-2025 06:00 PM,NHPC Limited||Corporate Office-Faridabad-NHPC||Contract-Civil-CO-NHPC,06-Oct-2025 05:30 PM,https://eprocure.gov.in/eprocure/app?component=%24DirectLink&page=FrontEndLatestActiveCorrigendums&service=direct&session=T&sp=S0sdWL465PMgZmFVe2LchYA%3D%3D
472,2025_CMRL_870816_1,47,"[Detailed Feasibility Study for Development of Cable Propelled Transport Systems-Mamallapuram,Tamil Nadu]",28-Jul-2025 05:45 PM,Chennai Metro Rail Limited||Contract Management Department - CMRL,30-Sep-2025 03:00 PM,https://eprocure.gov.in/eprocure/app?component=%24DirectLink&page=FrontEndLatestActiveCorrigendums&service=direct&session=T&sp=S2yDKZjhj9eNDSKlM2yoV6Q%3D%3D
473,2025_IMD_870692_1,47,[Procurement of HPCS and Data Center for IMD Operational Purposes],28-Jul-2025 10:30 AM,India Meteorological Department - IMD||Cental Purchase Unit  (CPU)- IMD-  New Delhi,12-Oct-2025 11:00 AM,https://eprocure.gov.in/eprocure/app?component=%24DirectLink&page=FrontEndLatestActiveCorrigendums&service=direct&session=T&sp=Se5Ag%2BpZ4yTVrb4qLkgFWOA%3D%3D
474,2025_MoRTH_870710_1,47,[RECONSTRUCTION OF MINOR BRIDGE AT KM 239/500 TO 240/400 NEAR KADAKIYA COMMERCE COLLEGE IN ANKLESHWAR WITH APPROACHED ON NH64 IN THE STATE OF GUJARAT],28-Jul-2025 09:00 AM,Ministry of Road Transport and Highways||P4 Delhi - MoRTH||RO Gandhinagar - MoRTH||NH Division-Bharuch - MoRTH,03-Oct-2025 12:00 PM,https://eprocure.gov.in/eprocure/app?component=%24DirectLink&page=FrontEndLatestActiveCorrigendums&service=direct&session=T&sp=SI6JSdMvUKwt5SGWW0iXBww%3D%3D
475,2025_IMD_870469_1,47,[Procurement of 25 Nos. of X-Band and 20 Nos. of C-Band Polarimetric Doppler Weather Radar Systems],26-Jul-2025 10:00 AM,India Meteorological Department - IMD||Cental Purchase Unit  (CPU)- IMD-  New Delhi,30-Sep-2025 06:00 PM,https://eprocure.gov.in/eprocure/app?component=%24DirectLink&page=FrontEndLatestActiveCorrigendums&service=direct&session=T&sp=S%2FdMcopISYomebewisGLONw%3D%3D
476,2025_PDIL_870377_1,47,"[SUPPLY OF 80MT CRANE AT HURL GORAKHPUR (U.P.), SINDRI (JHARKHAND) AND BARAUNI (BIHAR)]",25-Jul-2025 03:00 PM,"Projects and Development India Limited, Fert",13-Oct-2025 04:00 PM,https://eprocure.gov.in/eprocure/app?component=%24DirectLink&page=FrontEndLatestActiveCorrigendums&service=direct&session=T&sp=SszVlbjheRlggH3do%2BgfwCg%3D%3D
477,2025_NRL_870084_1,47,[BALANCE OF PLANT WORKS FOR LPG MARKETING TERMINAL],25-Jul-2025 02:00 PM,Numaligarh Refinery Limited,30-Sep-2025 04:00 PM,https://eprocure.gov.in/eprocure/app?component=%24DirectLink&page=FrontEndLatestActiveCorrigendums&service=direct&session=T&sp=SJU3qcW7n0VUYLnpW9qzPHQ%3D%3D
478,2025_ESIC_870438_1,47,[ EXPRESSION OF INTEREST (EOI) FOR EMPANELMENT OF HCOs (HOSPITALS/STAND ALONE/DIAGNOSTIC  CENTRES) IN ARARIA DISTRICT OF BIHAR],25-Jul-2025 11:00 AM,Employees State Insurance Corporation||R.O. Bihar,09-Oct-2025 04:00 PM,https://eprocure.gov.in/eprocure/app?component=%24DirectLink&page=FrontEndLatestActiveCorrigendums&service=direct&session=T&sp=SRwGB%2BApSpGeVjR8g99bi2Q%3D%3D
479,2025_AIMSD_870427_1,47,[PROCUREMENT OF DIGITAL PCR],25-Jul-2025 10:00 AM,All India Institute of Medical Science-New Delhi||Store IRCH - AIIMS New Delhi,15-Oct-2025 02:00 PM,https://eprocure.gov.in/eprocure/app?component=%24DirectLink&page=FrontEndLatestActiveCorrigendums&service=direct&session=T&sp=SUlIR01mGUewyrHOQFemrVg%3D%3D
480,2025_NALCO_870405_1,47,[Anode Butt Inspection Station (ABIS)],24-Jul-2025 06:55 PM,"National Aluminium Company Limited,NALCO||NALCO-Corporate Office-Bhubaneswar||Materials,CO,Bhubhaneswar,NALCO",25-Oct-2025 01:00 PM,https://eprocure.gov.in/eprocure/app?component=%24DirectLink&page=FrontEndLatestActiveCorrigendums&service=direct&session=T&sp=Srmy%2BcPzNsT6LsZBs3kssZQ%3D%3D
481,2025_IMSRP_860670_2,48,[Supply of Thromboelastogram  (TEG)/Thromboelastometer (ROTEM )],24-Jul-2025 06:00 PM,All India Institute of Medical Sciences-Raipur||Central Store - AIIMS Raipur,21-Oct-2025 06:00 PM,https://eprocure.gov.in/eprocure/app?component=%24DirectLink&page=FrontEndLatestActiveCorrigendums&service=direct&session=T&sp=SYMg%2BRZ1ggqVrP3RsB1OtuA%3D%3D
482,2025_EIL_868473_1,48,[BALANCE CIVIL AND STRUCTURAL WORKS AT IPPS-02],24-Jul-2025 05:00 PM,"Engineers India Limited,MoPNG||Head Office-Delhi,EIL,MoPNG",30-Sep-2025 12:00 PM,https://eprocure.gov.in/eprocure/app?component=%24DirectLink&page=FrontEndLatestActiveCorrigendums&service=direct&session=T&sp=SSnC20qPtsggf8ICimqvteQ%3D%3D
483,2025_AIMSD_870178_1,48,[High End Surgical Operating Microscope],23-Jul-2025 05:00 PM,All India Institute of Medical Science-New Delhi||Store Main Hospital - AIIMS New Delhi,22-Oct-2025 05:00 PM,https://eprocure.gov.in/eprocure/app?component=%24DirectLink&page=FrontEndLatestActiveCorrigendums&service=direct&session=T&sp=SIl6t6QKp%2FZ5MtynCul933A%3D%3D
484,2025_AIMSD_869925_2,48,[High End Operating Microscope],22-Jul-2025 06:00 PM,All India Institute of Medical Science-New Delhi||Store Main Hospital - AIIMS New Delhi,22-Oct-2025 03:30 PM,https://eprocure.gov.in/eprocure/app?component=%24DirectLink&page=FrontEndLatestActiveCorrigendums&service=direct&session=T&sp=S0sO5EXdK6R3Ea2UGt8zn5g%3D%3D
485,2025_AIMSD_869957_1,48,[Arthroscopy System (with 4K or higher resolution)-],22-Jul-2025 04:00 PM,All India Institute of Medical Science-New Delhi||Store Main Hospital - AIIMS New Delhi,22-Oct-2025 05:00 PM,https://eprocure.gov.in/eprocure/app?component=%24DirectLink&page=FrontEndLatestActiveCorrigendums&service=direct&session=T&sp=S%2BFSxLnWbFevTo%2BGIe5CJ%2FA%3D%3D
486,2025_NHPC_869737_1,48,"[Supply, Installation, Testing and Commissioning of Industrial Exhaust Fan at Tanakpur Power House]",22-Jul-2025 11:30 AM,NHPC Limited||Tanakpur Power Station-NHPC,10-Oct-2025 11:30 AM,https://eprocure.gov.in/eprocure/app?component=%24DirectLink&page=FrontEndLatestActiveCorrigendums&service=direct&session=T&sp=SplsESiTtZrYBeh07F8QrMg%3D%3D
487,2025_DMRC_869898_1,48,"[Design, Manufacturing, Supply and Commissioning of dual gauge(1676/1435mm) Bridge Inspection Unit (BIU) vehicle with inspection crane and basket (including operation and maintenance) for Delhi Metro Rail Corporation.]",22-Jul-2025 11:00 AM,Delhi Metro Rail Corporation Limited||ED/Contracts - DMRC,08-Oct-2025 03:00 PM,https://eprocure.gov.in/eprocure/app?component=%24DirectLink&page=FrontEndLatestActiveCorrigendums&service=direct&session=T&sp=SAYr0%2F9Mg1SmZDbGU2Km20Q%3D%3D
488,2025_MoRTH_869878_1,48,[Work Repair/maintenance work estimate under Risk and Cost of Contractor between km Derol- Bharuch Section and between Km Ankleshwar-Digas Section Km Amod-Nahiyer Section) Sudi Patiya to Samni Section) of NH-64 in the SoG ],22-Jul-2025 09:00 AM,Ministry of Road Transport and Highways||P4 Delhi - MoRTH||RO Gandhinagar - MoRTH||NH Division-Bharuch - MoRTH,03-Oct-2025 12:00 PM,https://eprocure.gov.in/eprocure/app?component=%24DirectLink&page=FrontEndLatestActiveCorrigendums&service=direct&session=T&sp=SMmvzjtnT%2FkIE91MEw2Kc5w%3D%3D
489,2025_BSNL_864393_1,48,[Tender for provisioning and Maintenance of PM WANI Compliant Wi-Fi Hotspots with 1 AP (Access Point) in each 1768 GPs of UPW Circle (without Core) in Phase-I covering Zone-I (978 GPs) and Zone-II (790 GPs) on Revenue Share basis],22-Jul-2025 09:00 AM,"Bharat Sanchar Nigam Limited||CGMT,UP(WEST) Telecom Circle, Meerut,BSNL||GM(CFA),UP(WEST) Telecom Circle,Meerut,BSNL",14-Oct-2025 02:30 PM,https://eprocure.gov.in/eprocure/app?component=%24DirectLink&page=FrontEndLatestActiveCorrigendums&service=direct&session=T&sp=STRIdIwkxdNx2r7FOOp%2Frlw%3D%3D
490,2025_MoRTH_869625_1,48,[Construction of 4 Lane with PS Idar-Badoli bypass section from Design km 81/300 to km 95/500 of NH 168-G in the State of Gujarat (Total length 14.200 km) on EPC mode.],18-Jul-2025 06:10 PM,Ministry of Road Transport and Highways||P4 Delhi - MoRTH,08-Oct-2025 11:00 AM,https://eprocure.gov.in/eprocure/app?component=%24DirectLink&page=FrontEndLatestActiveCorrigendums&service=direct&session=T&sp=SoXpuInHRKUomwdYB8LDM5w%3D%3D
491,2025_MoRTH_869613_1,49,[Widening to 2 Lane with Paved Shoulder of Raipur-Jassakhera section (Km 0.000 to Km 29.770) of NH-458 on EPC mode in the State of Rajasthan],18-Jul-2025 06:00 PM,Ministry of Road Transport and Highways||P4 Delhi - MoRTH,08-Oct-2025 11:00 AM,https://eprocure.gov.in/eprocure/app?component=%24DirectLink&page=FrontEndLatestActiveCorrigendums&service=direct&session=T&sp=ShDAupkkZZ6eHswh2mqIowA%3D%3D
492,2025_PNGRB_869313_1,49,[Hiring of Knowledge Partner for Gap Analysis of PNGRB Technical Regulations],18-Jul-2025 09:00 AM,Petroleum and Natural Gas Regulatory Board||Authorization - PNGRB||CGD - PNGRB,30-Sep-2025 05:00 PM,https://eprocure.gov.in/eprocure/app?component=%24DirectLink&page=FrontEndLatestActiveCorrigendums&service=direct&session=T&sp=Sy2TgS5W%2FOSLMXxKzOMF0DA%3D%3D
493,2025_FACT_869361_1,49,"[New horizontal belt filter and associated facilities in phosphoric acid plant at FACT-CD on LSTK basis, Ambalmedu, Kochi]",17-Jul-2025 05:00 PM,The Fertilisers And Chemicals Travancore Ltd.||Head Office - FACT||Corporate materials - FACT,30-Sep-2025 11:00 AM,https://eprocure.gov.in/eprocure/app?component=%24DirectLink&page=FrontEndLatestActiveCorrigendums&service=direct&session=T&sp=SbhGU%2BWvFT%2BJNcDeTkGnuKQ%3D%3D
494,2025_NSG_869352_1,49,[Procurement of 7.62x51mm Assault Rifle UGRAM alongwith accessories],17-Jul-2025 05:00 PM,"DG,National Security Guard,MHA||Provisioning Branch(Procurement Cell),NSG,MHA",30-Sep-2025 05:00 PM,https://eprocure.gov.in/eprocure/app?component=%24DirectLink&page=FrontEndLatestActiveCorrigendums&service=direct&session=T&sp=S0noyU7Ch2RS0%2F9oOOxG3sA%3D%3D
495,2025_MoRTH_869379_1,49,[Consultancy Services for Preparation of DPR for widening to Four lane with Paved Shoulder from Two lane with Paved Shoulder from Km.74.135 near Honaganahalli to Km.261.483 near Hubballi of NH 52 in the State of Karnataka],17-Jul-2025 03:15 PM,Ministry of Road Transport and Highways||P6 Delhi - MoRTH||RO Bangalore - MoRTH,16-Oct-2025 03:00 PM,https://eprocure.gov.in/eprocure/app?component=%24DirectLink&page=FrontEndLatestActiveCorrigendums&service=direct&session=T&sp=Ss%2FZ5PKUEVk21uYNYSWUQ%2FQ%3D%3D
496,2025_AIMDE_869145_1,49,"[Operation and Comprehensive Annual Maintenance of Fire Fighting System along with all accessories at AIIMS Hospital Campus, Deoghar]",16-Jul-2025 03:00 PM,All India Institute of Medical Sciences- Deoghar||Administration - AIIMS Deoghar,09-Oct-2025 03:00 PM,https://eprocure.gov.in/eprocure/app?component=%24DirectLink&page=FrontEndLatestActiveCorrigendums&service=direct&session=T&sp=S5yFWnDkeIfZqi3uA0asqKQ%3D%3D
497,2024_EIL_831023_5,49,[APPOINTMENT OF LEGAL ADVISOR FOR SETTING-UP OF CBG PLANT AT AMBALA],16-Jul-2025 11:00 AM,"Engineers India Limited,MoPNG||Head Office-Delhi,EIL,MoPNG",07-Oct-2025 12:00 PM,https://eprocure.gov.in/eprocure/app?component=%24DirectLink&page=FrontEndLatestActiveCorrigendums&service=direct&session=T&sp=S2jDrSeoMVN7ku85jmvNC2Q%3D%3D
498,2024_EIL_830963_5,49,[APPOINTMENT OF PROJECT FINANCIAL ADVISOR (PFA) FOR SETTING UP OF CBG PLANT AT AMBALA],16-Jul-2025 11:00 AM,"Engineers India Limited,MoPNG||Head Office-Delhi,EIL,MoPNG",07-Oct-2025 12:00 PM,https://eprocure.gov.in/eprocure/app?component=%24DirectLink&page=FrontEndLatestActiveCorrigendums&service=direct&session=T&sp=Sf8DNHuvgMp5V9TLsj4TzyQ%3D%3D
499,2025_MoRTH_869041_1,49,[Consultancy Services for preparation of Detailed Project Report (DPR) for Capacity augmentation form 2L PS to 4 Lane/6 Lane of Banda Karwi Jasra section form Ch. 37.000 to Ch. 201.555 of NH35 (Old NH76) in the State of Uttar Pradesh.],15-Jul-2025 06:55 PM,Ministry of Road Transport and Highways||P2 Delhi - MoRTH||RO Lucknow - MoRTH,15-Oct-2025 11:00 AM,https://eprocure.gov.in/eprocure/app?component=%24DirectLink&page=FrontEndLatestActiveCorrigendums&service=direct&session=T&sp=SymcXoGjgf56KNBtIvHWLfg%3D%3D
500,2025_DEAF_868385_1,49,[Empanelment Of TRANSACTION ADVISERS FOR PUBLIC PRIVATE PARTNERSHIPS (PPPs) PROJECTS],12-Jul-2025 06:00 PM,"Department of Economic Affairs||Admin,DEA",30-Sep-2025 05:00 PM,https://eprocure.gov.in/eprocure/app?component=%24DirectLink&page=FrontEndLatestActiveCorrigendums&service=direct&session=T&sp=SWoaSlBUq%2FYKEBb2bTqQdjw%3D%3D
501,2025_MoRTH_868687_1,50,[Consultancy Services for Preparation of DPR for widening to Four lane with Paved Shoulder from Two lane with Paved Shoulder from Km.0.00 to Km.118.470 Kalaburagi Wadi Yadgiri Kadechur Section of NH 150 in the State of Karnataka],12-Jul-2025 03:45 PM,Ministry of Road Transport and Highways||P6 Delhi - MoRTH||RO Bangalore - MoRTH,16-Oct-2025 03:00 PM,https://eprocure.gov.in/eprocure/app?component=%24DirectLink&page=FrontEndLatestActiveCorrigendums&service=direct&session=T&sp=SwcWKn8kjA3xVjqV2zklNkg%3D%3D
502,2025_BARC_868505_1,50,[Marine Geotechnical Investigation works at BARC Visakhapatnam],11-Jul-2025 05:00 PM,Bhabha Atomic Research Centre||Bhabha Atomic Research Centre Visakhapatnam,03-Oct-2025 03:30 PM,https://eprocure.gov.in/eprocure/app?component=%24DirectLink&page=FrontEndLatestActiveCorrigendums&service=direct&session=T&sp=S5izJB9clH1F1ujvfodm54g%3D%3D
503,2025_IMSRP_868272_1,50,[Purchase of Laparoscopy Surgery Set with HD Camera for General Surgery],10-Jul-2025 06:00 PM,All India Institute of Medical Sciences-Raipur||Administrative Department - AIIMS Raipur,02-Oct-2025 03:00 PM,https://eprocure.gov.in/eprocure/app?component=%24DirectLink&page=FrontEndLatestActiveCorrigendums&service=direct&session=T&sp=SCdJZgGF0%2B9gVsqBU8drdTA%3D%3D
504,2025_NHPC_866662_1,50,"[Lot-2a Electro-mechanical works (Except GSU, GIS, XLPE and Switchyard Equipment) of 260 MW (2X130MW) Dulhasti Stage-II H.E Project, Kishtwar District of UT of J and K, India]",10-Jul-2025 05:00 PM,NHPC Limited||Corporate Office-Faridabad-NHPC||Contract-E and M-CO-NHPC,28-Nov-2025 06:00 PM,https://eprocure.gov.in/eprocure/app?component=%24DirectLink&page=FrontEndLatestActiveCorrigendums&service=direct&session=T&sp=SlP3Qq8gvYaPqkCaFHYKVXA%3D%3D
505,2025_IMSRP_867039_1,50,[Supply of Flexible Video Bronchoscope],09-Jul-2025 06:00 PM,All India Institute of Medical Sciences-Raipur||Administrative Department - AIIMS Raipur,18-Oct-2025 06:00 PM,https://eprocure.gov.in/eprocure/app?component=%24DirectLink&page=FrontEndLatestActiveCorrigendums&service=direct&session=T&sp=SsWHx2bo3QEIQBPNLdmDSQQ%3D%3D
506,2025_MoRTH_868105_1,50,[Consultancy services of Independent Engineer for Upgradation to Two lane with paved shoulder of Porbandar- Kalavad section of NH-151K],09-Jul-2025 05:00 PM,Ministry of Road Transport and Highways||P4 Delhi - MoRTH||RO Gandhinagar - MoRTH,22-Oct-2025 03:00 PM,https://eprocure.gov.in/eprocure/app?component=%24DirectLink&page=FrontEndLatestActiveCorrigendums&service=direct&session=T&sp=SBLg3ybrbuZMfpV4JQlJaqQ%3D%3D
507,2025_MoRTH_868115_1,50,[Consultancy services of Independent Engineer for Upgradation to Four lane with paved shoulders divided carriageway from Design km 0.000 to km 37.087 of Pardi NH-48],09-Jul-2025 05:00 PM,Ministry of Road Transport and Highways||P4 Delhi - MoRTH||RO Gandhinagar - MoRTH,22-Oct-2025 03:00 PM,https://eprocure.gov.in/eprocure/app?component=%24DirectLink&page=FrontEndLatestActiveCorrigendums&service=direct&session=T&sp=SOTki7MLmO0b%2B5ps0e1TaJQ%3D%3D
508,2025_ESIC_868087_1,50,[EXPRESSION OF INTEREST (EOI) FOR EMPANELMENT OF HCOs (HOSPITALS/STAND ALONE/DIAGNOSTIC CENTRES) IN BARH SUB-DIVISION OF PATNA DISTRICT IN BIHAR STATE],09-Jul-2025 05:00 PM,Employees State Insurance Corporation||R.O. Bihar,09-Oct-2025 04:00 PM,https://eprocure.gov.in/eprocure/app?component=%24DirectLink&page=FrontEndLatestActiveCorrigendums&service=direct&session=T&sp=S5diSPzZ1D3%2FskQccD97ZAA%3D%3D
509,2025_ESIC_868089_1,50,[EXPRESSION OF INTEREST (EOI) FOR EMPANELMENT OF HCOs (HOSPITALS/STAND ALONE/DIAGNOSTIC CENTRES) IN MASAURHI SUB-DIVISION OF PATNA DISTRICT IN BIHAR STATE],09-Jul-2025 05:00 PM,Employees State Insurance Corporation||R.O. Bihar,09-Oct-2025 04:00 PM,https://eprocure.gov.in/eprocure/app?component=%24DirectLink&page=FrontEndLatestActiveCorrigendums&service=direct&session=T&sp=SF3Bp2DB%2FXo8Ds2taGXA9xg%3D%3D
510,2025_ESIC_868092_1,50,[EXPRESSION OF INTEREST (EOI) FOR EMPANELMENT OF HCOs (HOSPITALS/STAND ALONE/DIAGNOSTIC CENTRES) IN PALIGANJ SUB-DIVISION OF PATNA DISTRICT IN BIHAR STATE],09-Jul-2025 05:00 PM,Employees State Insurance Corporation||R.O. Bihar,09-Oct-2025 04:00 PM,https://eprocure.gov.in/eprocure/app?component=%24DirectLink&page=FrontEndLatestActiveCorrigendums&service=direct&session=T&sp=SxTStWD6r5BhMfy650GOJKg%3D%3D
511,2025_MoRTH_868045_1,51,[Consultancy services of Independent Engineer for Upgradation to Four lane with paved shoulder of Kalavad- Jamnagar section (Package-II) of NH-927D from Design km 0.000 (Ex. km 50.925) to Design km 47.572 (Ex. km 3.720) in the State of Gujarat],09-Jul-2025 12:00 PM,Ministry of Road Transport and Highways||P4 Delhi - MoRTH||RO Gandhinagar - MoRTH,22-Oct-2025 03:00 PM,https://eprocure.gov.in/eprocure/app?component=%24DirectLink&page=FrontEndLatestActiveCorrigendums&service=direct&session=T&sp=S3XyWw%2BxxlF8RF1sa%2B2oh8w%3D%3D
512,2025_CMRL_868029_1,51,"[INTEGRATED FACILITY MANAGEMENT SERVICES FOR E and M, POWER SUPPLY, CIVIL and PLUMBING, TELECOM AND SOFT SERVICES FOR METROS HEADQUARTERS BUILDING]",09-Jul-2025 11:00 AM,Chennai Metro Rail Limited||Electrical Department - CMRL,23-Oct-2025 03:00 PM,https://eprocure.gov.in/eprocure/app?component=%24DirectLink&page=FrontEndLatestActiveCorrigendums&service=direct&session=T&sp=SoU%2BQm3Gkz%2B%2FyOTPIuFHehw%3D%3D
513,2025_ESIC_867975_1,51,[EXPRESSION OF INTEREST (EOI) FOR EMPANELMENT OF HCOs (HOSPITALS/STAND ALONE/DIAGNOSTIC CENTRES) IN SHEIKHPURA DISTRICT OF BIHAR],08-Jul-2025 05:00 PM,Employees State Insurance Corporation||R.O. Bihar,09-Oct-2025 04:00 PM,https://eprocure.gov.in/eprocure/app?component=%24DirectLink&page=FrontEndLatestActiveCorrigendums&service=direct&session=T&sp=SOqM%2BV0Y71M8p3hhfyBNqJw%3D%3D
514,2025_ESIC_867989_1,51,[EXPRESSION OF INTEREST (EOI) FOR EMPANELMENT OF HCOs (HOSPITALS/STAND ALONE/DIAGNOSTIC CENTRES) IN SHEOHAR DISTRICT OF BIHAR],08-Jul-2025 05:00 PM,Employees State Insurance Corporation||R.O. Bihar,09-Oct-2025 04:00 PM,https://eprocure.gov.in/eprocure/app?component=%24DirectLink&page=FrontEndLatestActiveCorrigendums&service=direct&session=T&sp=SHuq0g%2Bfn92T4WPnPh5596w%3D%3D
515,2025_ESIC_867962_1,51,[EXPRESSION OF INTEREST (EOI) FOR EMPANELMENT OF HCOs (HOSPITALS/STAND ALONE/DIAGNOSTIC CENTRES) IN SAMASTIPUR DISTRICT OF BIHAR],08-Jul-2025 05:00 PM,Employees State Insurance Corporation||R.O. Bihar,09-Oct-2025 04:00 PM,https://eprocure.gov.in/eprocure/app?component=%24DirectLink&page=FrontEndLatestActiveCorrigendums&service=direct&session=T&sp=SZ3OwTC4cHxNBbkHXj7jPyQ%3D%3D
516,2025_ESIC_867996_1,51,[EXPRESSION OF INTEREST (EOI) FOR EMPANELMENT OF HCOs (HOSPITALS/STAND ALONE/DIAGNOSTIC CENTRES) IN SITAMARHI DISTRICT OF BIHAR],08-Jul-2025 05:00 PM,Employees State Insurance Corporation||R.O. Bihar,09-Oct-2025 04:00 PM,https://eprocure.gov.in/eprocure/app?component=%24DirectLink&page=FrontEndLatestActiveCorrigendums&service=direct&session=T&sp=SOIn0T%2Fb8%2BoEoCsSNC7j5Aw%3D%3D
517,2025_MoRTH_867538_1,51,"[Consultancy services for Authority Engineer for Supervision of Construction of 4 Lane Bypass to Vellore Town starting from Km 47.400 of NH-75 and ending at km 12.650 of NH-38 (Length 20.492 km) in the state of Tamil Nadu through an Engineering, Procu]",07-Jul-2025 06:30 PM,Ministry of Road Transport and Highways||P7 Delh - MoRTH||RO Chennai - MoRTH,11-Nov-2025 03:00 PM,https://eprocure.gov.in/eprocure/app?component=%24DirectLink&page=FrontEndLatestActiveCorrigendums&service=direct&session=T&sp=Sd1A8MPhUtedldEuzDABwvw%3D%3D
518,2025_ESIC_867778_1,51,[EXPRESSION OF INTEREST (EOI) FOR EMPANELMENT OF HCOs (HOSPITALS/STAND ALONE/DIAGNOSTIC CENTRES) IN NAWADA DISTRICT OF BIHAR],07-Jul-2025 05:00 PM,Employees State Insurance Corporation||R.O. Bihar,09-Oct-2025 04:00 PM,https://eprocure.gov.in/eprocure/app?component=%24DirectLink&page=FrontEndLatestActiveCorrigendums&service=direct&session=T&sp=SoYZo1DsDdSN5tu%2BsOWZxtA%3D%3D
519,2025_ESIC_867785_1,51,[EXPRESSION OF INTEREST (EOI) FOR EMPANELMENT OF HCOs (HOSPITALS/STAND ALONE/DIAGNOSTIC CENTRES) IN PURNIA DISTRICT OF BIHAR],07-Jul-2025 05:00 PM,Employees State Insurance Corporation||R.O. Bihar,09-Oct-2025 04:00 PM,https://eprocure.gov.in/eprocure/app?component=%24DirectLink&page=FrontEndLatestActiveCorrigendums&service=direct&session=T&sp=SL098e4UhDHtUjbcmveh4RQ%3D%3D
520,2025_ESIC_867798_1,51,[EXPRESSION OF INTEREST (EOI) FOR EMPANELMENT OF HCOs (HOSPITALS/STAND ALONE/DIAGNOSTIC CENTRES) IN SAARAN (CHHAPRA) DISTRICT OF BIHAR],07-Jul-2025 05:00 PM,Employees State Insurance Corporation||R.O. Bihar,09-Oct-2025 04:00 PM,https://eprocure.gov.in/eprocure/app?component=%24DirectLink&page=FrontEndLatestActiveCorrigendums&service=direct&session=T&sp=S9nJqRP8N31GTEXc%2BLjPuIQ%3D%3D
521,2025_ESIC_867778_1,52,[EXPRESSION OF INTEREST (EOI) FOR EMPANELMENT OF HCOs (HOSPITALS/STAND ALONE/DIAGNOSTIC CENTRES) IN NAWADA DISTRICT OF BIHAR],07-Jul-2025 05:00 PM,Employees State Insurance Corporation||R.O. Bihar,09-Oct-2025 04:00 PM,https://eprocure.gov.in/eprocure/app?component=%24DirectLink&page=FrontEndLatestActiveCorrigendums&service=direct&session=T&sp=SoYZo1DsDdSN5tu%2BsOWZxtA%3D%3D
522,2025_DDA_867668_1,52,[REQUEST FOR PROPOSAL for Engagement of DEA Empaneled Transaction Advisor for providing Transaction Advisory Services for Repurposing of Rajghat Power Plant as a one-stop entertainment destination in Delhi on PPP mode],07-Jul-2025 02:15 PM,Delhi Development Authority||CE-North Zone-DDA||EE-ND 3-Kingsway Camp-BBM Depot-DDA,14-Oct-2025 03:00 PM,https://eprocure.gov.in/eprocure/app?component=%24DirectLink&page=FrontEndLatestActiveCorrigendums&service=direct&session=T&sp=SIJQLryWCi720H%2Bh%2FTYQ1HA%3D%3D
523,2025_MoRTH_867651_1,52,[Construction of VUP for rectification of blackspot ID PB 03 164 of series 2017  19 at km. 287.710 Grain Market Bhikhi on NH 148B in the State of Punjab including utility shifting and excluding GST],07-Jul-2025 09:00 AM,Ministry of Road Transport and Highways||P1 Delhi - MoRTH||RO Chandigarh - MoRTH||NH Punjab PWD-Patiala - MoRTH,09-Oct-2025 11:00 AM,https://eprocure.gov.in/eprocure/app?component=%24DirectLink&page=FrontEndLatestActiveCorrigendums&service=direct&session=T&sp=SgFlXPJi52YM9ZfhjhnhkpA%3D%3D
524,2025_PNGRB_867299_1,52,[Invitation of Bids to develop Petroleum and Petroleum Product (ATF) Pipeline from Devangonthi to Existing Common User Fuel Farm Station and Upcoming Satellite Fuel Farm Station Inside  Kempegowda International Airport],07-Jul-2025 09:00 AM,Petroleum and Natural Gas Regulatory Board||Authorization - PNGRB||CGD - PNGRB,04-Nov-2025 05:30 PM,https://eprocure.gov.in/eprocure/app?component=%24DirectLink&page=FrontEndLatestActiveCorrigendums&service=direct&session=T&sp=SXiID1W6%2FP3E7VVVIrU3Cjg%3D%3D
525,2025_ESIC_867541_1,52,[EXPRESSION OF INTEREST (EOI) FOR EMPANELMENT OF HCOs (HOSPITALS/STAND ALONE/DIAGNOSTIC CENTRES) IN NALANDA DISTRICT OF BIHAR],04-Jul-2025 06:00 PM,Employees State Insurance Corporation||R.O. Bihar,09-Oct-2025 04:00 PM,https://eprocure.gov.in/eprocure/app?component=%24DirectLink&page=FrontEndLatestActiveCorrigendums&service=direct&session=T&sp=SdmZQsXa4f8jl0NNkul1QuA%3D%3D
526,2025_MoRTH_867514_1,52,[Repairs to Existing Road under Risk and Cost to Four lane of Karad Tasgaon (From Km 0/000 to Km 58/830) Section of NH 266 on EPC mode in the State Of Maharashtra. (Regarding Panel replacement)],04-Jul-2025 05:00 PM,Ministry of Road Transport and Highways||P6 Delhi - MoRTH||RO Mumbai - MoRTH||NH Division-Kolhapur - MoRTH,30-Oct-2025 05:30 PM,https://eprocure.gov.in/eprocure/app?component=%24DirectLink&page=FrontEndLatestActiveCorrigendums&service=direct&session=T&sp=SdW0GTbUMAYS0fsicYOnVwg%3D%3D
527,2025_ESIC_867251_1,52,[EXPRESSION OF INTEREST (EOI) FOR EMPANELMENT OF HCOs (HOSPITALS/STAND ALONE/DIAGNOSTIC CENTRES) IN MUZAFFARPUR DISTRICT OF BIHAR REGION],03-Jul-2025 03:00 PM,Employees State Insurance Corporation||R.O. Bihar,09-Oct-2025 04:00 PM,https://eprocure.gov.in/eprocure/app?component=%24DirectLink&page=FrontEndLatestActiveCorrigendums&service=direct&session=T&sp=SqjmNWulNV%2FHz3qyaPkJB8Q%3D%3D
528,2025_ESIC_867222_1,52,[EXPRESSION OF INTEREST (EOI) FOR EMPANELMENT OF HCOs (HOSPITALS/STAND ALONE/DIAGNOSTIC CENTRES) IN MADHEPURA DISTRICT OF BIHAR REGION],03-Jul-2025 03:00 PM,Employees State Insurance Corporation||R.O. Bihar,09-Oct-2025 04:00 PM,https://eprocure.gov.in/eprocure/app?component=%24DirectLink&page=FrontEndLatestActiveCorrigendums&service=direct&session=T&sp=SQ60PS1P1B5hrKaoiLJ6q3Q%3D%3D
529,2025_ESIC_867206_1,52,[EXPRESSION OF INTEREST (EOI) FOR EMPANELMENT OF HCOs (HOSPITALS/STAND ALONE/DIAGNOSTIC CENTRES) IN KISHANGANJ DISTRICT OF BIHAR REGION],03-Jul-2025 03:00 PM,Employees State Insurance Corporation||R.O. Bihar,09-Oct-2025 04:00 PM,https://eprocure.gov.in/eprocure/app?component=%24DirectLink&page=FrontEndLatestActiveCorrigendums&service=direct&session=T&sp=SxujdB1UTr5Td1i387Kv3%2Fg%3D%3D
530,2025_MoRTH_866996_1,52,[Appointment of Safety Consultant for the HAM projects Improvement and up-gradation in 2lane with PS configuration of newly declared  NH-227B Bahuvan Madar Majha to Jagarnathpur(Design Km 160.200 to Km 224.040)84 Kosi Parikrama Marg in the State of UP],03-Jul-2025 02:00 PM,Ministry of Road Transport and Highways||P2 Delhi - MoRTH||RO Lucknow - MoRTH||NH Circle Lucknow - MoRTH,24-Oct-2025 03:00 PM,https://eprocure.gov.in/eprocure/app?component=%24DirectLink&page=FrontEndLatestActiveCorrigendums&service=direct&session=T&sp=SPbas7zPZkrnePkjhlUNTFQ%3D%3D
531,2025_PNGRB_867052_1,53,[Invitation of Bids to develop Petroleum and Petroleum Product  (LPG) Pipeline from Jalandhar to Jammu],03-Jul-2025 09:00 AM,Petroleum and Natural Gas Regulatory Board||Authorization - PNGRB||CGD - PNGRB,31-Oct-2025 05:30 PM,https://eprocure.gov.in/eprocure/app?component=%24DirectLink&page=FrontEndLatestActiveCorrigendums&service=direct&session=T&sp=SBSjBMGEouLA%2BgEog1OQuPw%3D%3D
532,2025_PNGRB_867155_1,53,[Invitation of Bids to develop Petroleum and Petroleum Product  (LPG) Pipeline from CPCL Cauvery Basin Refinery to Madurai],03-Jul-2025 09:00 AM,Petroleum and Natural Gas Regulatory Board||Authorization - PNGRB||CGD - PNGRB,31-Oct-2025 05:30 PM,https://eprocure.gov.in/eprocure/app?component=%24DirectLink&page=FrontEndLatestActiveCorrigendums&service=direct&session=T&sp=Sj9mu6nxE2%2BSk4A6dzdOxCw%3D%3D
533,2025_PNGRB_867127_1,53,[Invitation of Bids to develop Petroleum and Petroleum Product  (LPG) Pipeline from Ennore to Puducherry],03-Jul-2025 09:00 AM,Petroleum and Natural Gas Regulatory Board||Authorization - PNGRB||CGD - PNGRB,31-Oct-2025 05:30 PM,https://eprocure.gov.in/eprocure/app?component=%24DirectLink&page=FrontEndLatestActiveCorrigendums&service=direct&session=T&sp=SNKYEBUQTMz1f9EPXDPWa5w%3D%3D
534,2025_PNGRB_867136_1,53,[Invitation of Bids to develop Petroleum and Petroleum Product  (LPG) Pipeline from Ennore to Gummidipoondi],03-Jul-2025 09:00 AM,Petroleum and Natural Gas Regulatory Board||Authorization - PNGRB||CGD - PNGRB,31-Oct-2025 05:30 PM,https://eprocure.gov.in/eprocure/app?component=%24DirectLink&page=FrontEndLatestActiveCorrigendums&service=direct&session=T&sp=SM1PjJHdKuJvB43Ye8hNelA%3D%3D
535,2025_PNGRB_866979_1,53,[Invitation of Bids to develop Petroleum and Petroleum Product  (LPG) Pipeline from Paradip to Raipur],03-Jul-2025 09:00 AM,Petroleum and Natural Gas Regulatory Board||Authorization - PNGRB||CGD - PNGRB,31-Oct-2025 05:30 PM,https://eprocure.gov.in/eprocure/app?component=%24DirectLink&page=FrontEndLatestActiveCorrigendums&service=direct&session=T&sp=SzEVQNISOgHyo7imRU%2FXydg%3D%3D
536,2025_PNGRB_866941_1,53,[Invitation of Bids to develop Petroleum and Petroleum Product (LPG) Pipeline from Shikrapur to Goa and Hubli],03-Jul-2025 09:00 AM,Petroleum and Natural Gas Regulatory Board||Authorization - PNGRB||CGD - PNGRB,31-Oct-2025 05:30 PM,https://eprocure.gov.in/eprocure/app?component=%24DirectLink&page=FrontEndLatestActiveCorrigendums&service=direct&session=T&sp=STWueCkW93lKiu4meKE3eJA%3D%3D
537,2025_PNGRB_866959_1,53,[Invitation of Bids to develop Petroleum and Petroleum Product  (LPG) Pipeline from Mumbai to Jalgaon with a spur from Nasik to Aurangabad ],03-Jul-2025 09:00 AM,Petroleum and Natural Gas Regulatory Board||Authorization - PNGRB||CGD - PNGRB,31-Oct-2025 05:30 PM,https://eprocure.gov.in/eprocure/app?component=%24DirectLink&page=FrontEndLatestActiveCorrigendums&service=direct&session=T&sp=SEdekjYLKhqxk8FkdIcOvGA%3D%3D
538,2025_PNGRB_866836_1,53,[Invitation of Bids to develop Petroleum and Petroleum Product  (LPG) Pipeline from Cherlapally to Nagpur],03-Jul-2025 09:00 AM,Petroleum and Natural Gas Regulatory Board||Authorization - PNGRB||CGD - PNGRB,31-Oct-2025 05:30 PM,https://eprocure.gov.in/eprocure/app?component=%24DirectLink&page=FrontEndLatestActiveCorrigendums&service=direct&session=T&sp=SvaSpwPcj6l%2BXJRvJeED6IQ%3D%3D
539,2025_PNGRB_867040_1,53,[Invitation of Bids to develop Petroleum and Petroleum Product  (LPG) Pipeline from Gwalior to Sitarganj],03-Jul-2025 09:00 AM,Petroleum and Natural Gas Regulatory Board||Authorization - PNGRB||CGD - PNGRB,31-Oct-2025 05:30 PM,https://eprocure.gov.in/eprocure/app?component=%24DirectLink&page=FrontEndLatestActiveCorrigendums&service=direct&session=T&sp=SWOAZ6xGF0A5a8QjyvybcDQ%3D%3D
540,2025_MoRTH_867095_1,53,[Consultancy Services for preparation of Detailed Project Report (DPR) for Construction of 4 Lane Elevated Corridor from Natesan Nagar ROB (km 38.220 of NH-45A) to Ariyankuppam Bridge (km 40.780 of NH-45A) and Widening of existing Road to 4 Lane road ],02-Jul-2025 04:30 PM,Ministry of Road Transport and Highways||P7 Delh - MoRTH||RO Chennai - MoRTH,07-Oct-2025 03:00 PM,https://eprocure.gov.in/eprocure/app?component=%24DirectLink&page=FrontEndLatestActiveCorrigendums&service=direct&session=T&sp=SCXBHjLcfDTKbLxS6glSE5Q%3D%3D
541,2025_ESIC_867077_1,54,[EXPRESSION OF INTEREST (EOI) FOR EMPANELMENT OF HCOs (HOSPITALS/STAND ALONE/DIAGNOSTIC CENTRES) IN KATIHAR DISTRICT OF BIHAR REGION],02-Jul-2025 03:00 PM,Employees State Insurance Corporation||R.O. Bihar,09-Oct-2025 04:00 PM,https://eprocure.gov.in/eprocure/app?component=%24DirectLink&page=FrontEndLatestActiveCorrigendums&service=direct&session=T&sp=S4NNsAjNULR9M67QFeL%2Fw0g%3D%3D
542,2025_ESIC_867085_1,54,[EXPRESSION OF INTEREST (EOI) FOR EMPANELMENT OF HCOs (HOSPITALS/STAND ALONE/DIAGNOSTIC CENTRES) IN KHAGARIA DISTRICT OF BIHAR REGION],02-Jul-2025 03:00 PM,Employees State Insurance Corporation||R.O. Bihar,09-Oct-2025 04:00 PM,https://eprocure.gov.in/eprocure/app?component=%24DirectLink&page=FrontEndLatestActiveCorrigendums&service=direct&session=T&sp=SYEEqLs9p%2Fk%2Bwralv2eGG9g%3D%3D
543,2025_ESIC_867024_1,54,[EXPRESSION OF INTEREST (EOI) FOR EMPANELMENT OF HCOs (HOSPITALS/STAND ALONE/DIAGNOSTIC CENTRES) IN KAIMUR DISTRICT OF BIHAR REGION],02-Jul-2025 03:00 PM,Employees State Insurance Corporation||R.O. Bihar,09-Oct-2025 04:00 PM,https://eprocure.gov.in/eprocure/app?component=%24DirectLink&page=FrontEndLatestActiveCorrigendums&service=direct&session=T&sp=SoAHcioZnVpY34crVca0vrQ%3D%3D
544,2025_KoPT_866983_1,54,"[Integrated development of Outer Container Terminal and berth No. 1 though 5 NSD at KDS, SMPK on DBFOT basis through PPP mode.]",01-Jul-2025 06:55 PM,Kolkata Port Trust||Kolkata Dock System - KoPT||Civil - KDS||O/o Chief Engr. / Sr.Ex.Engr.(Contract) - KDS,30-Oct-2025 03:00 PM,https://eprocure.gov.in/eprocure/app?component=%24DirectLink&page=FrontEndLatestActiveCorrigendums&service=direct&session=T&sp=SGPW2PXfi0rkd1ayyI6k0vQ%3D%3D
545,2025_IMSRP_848885_2,54,[Motorized Ultra Voilet Light Cryostat for Pathology and Lab Medicine],01-Jul-2025 06:00 PM,All India Institute of Medical Sciences-Raipur||Central Store - AIIMS Raipur,06-Oct-2025 03:00 PM,https://eprocure.gov.in/eprocure/app?component=%24DirectLink&page=FrontEndLatestActiveCorrigendums&service=direct&session=T&sp=SFvqZbnVLZZ%2FdBYUX7VZk1A%3D%3D
546,2025_ESIC_866844_1,54,[EXPRESSION OF INTEREST (EOI) FOR EMPANELMENT OF HCOs (HOSPITALS/STAND ALONE/DIAGNOSTIC CENTRES) IN GAYA DISTRICT OF BIHAR REGION],01-Jul-2025 03:00 PM,Employees State Insurance Corporation||R.O. Bihar,09-Oct-2025 04:00 PM,https://eprocure.gov.in/eprocure/app?component=%24DirectLink&page=FrontEndLatestActiveCorrigendums&service=direct&session=T&sp=SazTjhagwr0p00FfJPG77Ow%3D%3D
547,2025_ESIC_866840_1,54,[EXPRESSION OF INTEREST (EOI) FOR EMPANELMENT OF HCOs (HOSPITALS/STAND ALONE/DIAGNOSTIC CENTRES) IN EAST CHAMPARAN (MOTIHARI) DISTRICT OF BIHAR REGION],01-Jul-2025 03:00 PM,Employees State Insurance Corporation||R.O. Bihar,09-Oct-2025 04:00 PM,https://eprocure.gov.in/eprocure/app?component=%24DirectLink&page=FrontEndLatestActiveCorrigendums&service=direct&session=T&sp=SqnbdEtz5iYCLubMPbgRWuA%3D%3D
548,2025_ESIC_866853_1,54,[EXPRESSION OF INTEREST (EOI) FOR EMPANELMENT OF HCOs (HOSPITALS/STAND ALONE/DIAGNOSTIC CENTRES) IN GOPALGANJ DISTRICT OF BIHAR REGION],01-Jul-2025 03:00 PM,Employees State Insurance Corporation||R.O. Bihar,09-Oct-2025 04:00 PM,https://eprocure.gov.in/eprocure/app?component=%24DirectLink&page=FrontEndLatestActiveCorrigendums&service=direct&session=T&sp=Sh3oabihuSUF54PflOM4FwQ%3D%3D
549,2025_MoRTH_866774_1,54,[CONSTRUCTION OF 2L - PS CONFIGURATION KARAULI BYPASS ON NH-23 UNDER ANNUAL PLAN 2024-25 ON EPC MODE IN THE STATE OF RAJASTHAN (JOB NO. NH-23/RJ/2024-25/865)],01-Jul-2025 09:00 AM,Ministry of Road Transport and Highways||P4 Delhi - MoRTH||RO Jaipur - MoRTH||National Highway Rajasthan PWD-Jaipur - MoRTH,07-Oct-2025 11:00 AM,https://eprocure.gov.in/eprocure/app?component=%24DirectLink&page=FrontEndLatestActiveCorrigendums&service=direct&session=T&sp=SfWfTzGHcKYpwr1uJaEBHGg%3D%3D
550,2025_MoRTH_866621_1,54,[CONSTRUCTION OF 2L PS CONFIGURATION GANGAPUR CITY BYPASS ON NH-23 UNDER ANNUAL PLAN 2024-25 ON EPC MODE IN THE STATE OF RAJASTHAN (JOB NO. NH-23/RJ/2024-25/866)],01-Jul-2025 09:00 AM,Ministry of Road Transport and Highways||P4 Delhi - MoRTH||RO Jaipur - MoRTH||National Highway Rajasthan PWD-Jaipur - MoRTH,07-Oct-2025 11:00 AM,https://eprocure.gov.in/eprocure/app?component=%24DirectLink&page=FrontEndLatestActiveCorrigendums&service=direct&session=T&sp=Smus8RjxY3oVyo%2F5Wv%2FyLnA%3D%3D
551,2025_ESIC_866732_1,55,[EXPRESSION OF INTEREST (EOI) FOR EMPANELMENT OF HCOs (HOSPITALS/STAND ALONE/DIAGNOSTIC CENTRES) IN DARBHANGA DISTRICT OF BIHAR REGION],30-Jun-2025 06:00 PM,Employees State Insurance Corporation||R.O. Bihar,09-Oct-2025 04:00 PM,https://eprocure.gov.in/eprocure/app?component=%24DirectLink&page=FrontEndLatestActiveCorrigendums&service=direct&session=T&sp=S2eZbPkUYCClCa9zFX7nb%2FA%3D%3D
552,2025_ESIC_866717_1,55,[EXPRESSION OF INTEREST (EOI) FOR EMPANELMENT OF HCOs (HOSPITALS/STAND ALONE/DIAGNOSTIC CENTRES) IN BUXAR DISTRICT OF BIHAR REGION],30-Jun-2025 05:00 PM,Employees State Insurance Corporation||R.O. Bihar,09-Oct-2025 04:00 PM,https://eprocure.gov.in/eprocure/app?component=%24DirectLink&page=FrontEndLatestActiveCorrigendums&service=direct&session=T&sp=S74Ch7ulbAlgBLIVD%2BLO%2Byw%3D%3D
553,2025_ESIC_866705_1,55,[EXPRESSION OF INTEREST (EOI) FOR EMPANELMENT OF HCOs (HOSPITALS/STAND ALONE/DIAGNOSTIC CENTRES) IN BHAGALPUR DISTRICT OF BIHAR REGION],30-Jun-2025 05:00 PM,Employees State Insurance Corporation||R.O. Bihar,09-Oct-2025 04:00 PM,https://eprocure.gov.in/eprocure/app?component=%24DirectLink&page=FrontEndLatestActiveCorrigendums&service=direct&session=T&sp=SGeUWkS%2BL1n1plSwpOaMgbg%3D%3D
554,2025_MoRTH_866658_1,55,[	Construction Supervision Cum Design Consultancy Services for Construction of 2 lane Major Bridge including approaches over Brahmaputra between Majuli on North Bank and Jorhat on South Bank(Job No 715/AS/2020-21/213).],30-Jun-2025 02:00 PM,Ministry of Road Transport and Highways||NER and SARDP-NE - MoRTH||RO Guwahati - MoRTH,06-Oct-2025 03:00 PM,https://eprocure.gov.in/eprocure/app?component=%24DirectLink&page=FrontEndLatestActiveCorrigendums&service=direct&session=T&sp=SQVjqlwaQD0pgmsS1FLwz1g%3D%3D
555,2025_ESIC_866469_1,55,[EXPRESSION OF INTEREST (EOI) FOR EMPANELMENT OF HCOs (HOSPITALS/STAND ALONE/DIAGNOSTIC CENTRES) IN BANKA DISTRICT OF BIHAR REGION],27-Jun-2025 04:00 PM,Employees State Insurance Corporation||R.O. Bihar,09-Oct-2025 04:00 PM,https://eprocure.gov.in/eprocure/app?component=%24DirectLink&page=FrontEndLatestActiveCorrigendums&service=direct&session=T&sp=SDB%2BkE2WUrz4FAp45fteWcQ%3D%3D
556,2025_ESIC_866426_1,55,[EXPRESSION OF INTEREST (EOI) FOR EMPANELMENT OF HCOs (HOSPITALS/STAND ALONE/DIAGNOSTIC CENTRES)IN ARWAL DISTRICT OF BIHAR REGION],27-Jun-2025 03:00 PM,Employees State Insurance Corporation||R.O. Bihar,09-Oct-2025 04:00 PM,https://eprocure.gov.in/eprocure/app?component=%24DirectLink&page=FrontEndLatestActiveCorrigendums&service=direct&session=T&sp=SFxN2z%2BEM7OmXfBM4u2rSsQ%3D%3D
557,2025_ESIC_866437_1,55,[EXPRESSION OF INTEREST (EOI) FOR EMPANELMENT OF HCOs (HOSPITALS/STAND ALONE/DIAGNOSTIC CENTRES) IN AURANGABAD DISTRICT OF BIHAR REGION],27-Jun-2025 03:00 PM,Employees State Insurance Corporation||R.O. Bihar,09-Oct-2025 04:00 PM,https://eprocure.gov.in/eprocure/app?component=%24DirectLink&page=FrontEndLatestActiveCorrigendums&service=direct&session=T&sp=SJUWF%2B%2BP8X1aT%2FO%2FGPauDCA%3D%3D
558,2025_MoRTH_866227_1,55,"[Consultancy services for Authoritys Engineer for Supervision of Work of Up-gradation and Construction to 2L with PS of Chanderi-Pichhore road section of NH-346, Design Length-55.150 Chanderi link bypass in the State of Madhya Pradesh]",26-Jun-2025 03:00 PM,Ministry of Road Transport and Highways||P5 Delhi / LWE - MoRTH||RO Bhopal - MoRTH,22-Oct-2025 05:30 PM,https://eprocure.gov.in/eprocure/app?component=%24DirectLink&page=FrontEndLatestActiveCorrigendums&service=direct&session=T&sp=SoaOS265nKeXZzzOnF%2BOXnw%3D%3D
559,2025_MoRTH_866193_1,55,[Consultancy services for Authoritys Engineer for Supervision of Work of Upgradation of Shahgarh Buxwaha Narsinghgarh Damoh section of NH-34 (from Ch 113/00 to Ch 176/500) to 2lane with paved shoulders in the State of Madhya Pradesh on EPC Mode],26-Jun-2025 03:00 PM,Ministry of Road Transport and Highways||P5 Delhi / LWE - MoRTH||RO Bhopal - MoRTH||NH Division-Bhopal - MoRTH,22-Oct-2025 05:30 PM,https://eprocure.gov.in/eprocure/app?component=%24DirectLink&page=FrontEndLatestActiveCorrigendums&service=direct&session=T&sp=SWV%2FF7nO1J12%2Bbwtx4ldR5Q%3D%3D
560,2025_ESIC_866258_1,55,[EXPRESSION OF INTEREST (EOI) FOR EMPANELMENT OF HCOs (HOSPITALS/STAND ALONE/DIAGNOSTIC CENTRES)IN ARRAH (BHOJPUR) DISTRICT OF BIHAR REGION],26-Jun-2025 03:00 PM,Employees State Insurance Corporation||R.O. Bihar,09-Oct-2025 04:00 PM,https://eprocure.gov.in/eprocure/app?component=%24DirectLink&page=FrontEndLatestActiveCorrigendums&service=direct&session=T&sp=SKBI7RkhqOu7HmVS6TBVYVQ%3D%3D
561,2025_DMRC_866242_1,56,"[Design, Manufacture, Supply, Installation, Testing and Commissioning of Telecommunication System (Except Tetra System) Of Line 9 (From Dahisar East To RAI) and 7A (Andheri East to CSMIA) Corridor of Mumbai Metro Including Dongri Depot.]",26-Jun-2025 02:00 PM,Delhi Metro Rail Corporation Limited||ED/Contracts - DMRC,10-Oct-2025 03:00 PM,https://eprocure.gov.in/eprocure/app?component=%24DirectLink&page=FrontEndLatestActiveCorrigendums&service=direct&session=T&sp=SJz1q5q%2F%2Fz3Si%2B8svW9hgrw%3D%3D
562,2025_MoRTH_865540_1,56,[Rehabilitation and upgradation of Shegaon to Maharashtra-MP Border section of NH 161G from km 55-000 to km 118-000 (Length - 63.00 km) to 2LPS configuration in the state of Maharashtra on EPC mode],20-Jun-2025 06:30 PM,Ministry of Road Transport and Highways||P6 Delhi - MoRTH||RO Mumbai - MoRTH,15-Oct-2025 05:00 PM,https://eprocure.gov.in/eprocure/app?component=%24DirectLink&page=FrontEndLatestActiveCorrigendums&service=direct&session=T&sp=S%2Bn3nZk%2BZcPoPBzR6cLFX9A%3D%3D
563,2025_MoRTH_865553_1,56,[Rehabilitation and upgradation of Armori to Gadchiroli section of NH 353C from km 77-900 to 114-800 to Four Lane standards in the state of Maharashtra on HAM Mode (Length -36.900 Km).],20-Jun-2025 06:30 PM,Ministry of Road Transport and Highways||P6 Delhi - MoRTH||RO Mumbai - MoRTH,15-Oct-2025 05:00 PM,https://eprocure.gov.in/eprocure/app?component=%24DirectLink&page=FrontEndLatestActiveCorrigendums&service=direct&session=T&sp=STlb9uYJlR5v%2BsqBioies%2BA%3D%3D
564,2025_MoRTH_865528_1,56,[Rehabilitation and upgradation of Patur-Balapur-Shegaon section of NH-161G from design km 0-000 to km 33-200 and design km 36-600 to km 53-090 (Total Length-49.600 km) to 4LPS configuration in the State of Maharashtra on EPC Mode],20-Jun-2025 06:30 PM,Ministry of Road Transport and Highways||P6 Delhi - MoRTH||RO Mumbai - MoRTH,15-Oct-2025 05:00 PM,https://eprocure.gov.in/eprocure/app?component=%24DirectLink&page=FrontEndLatestActiveCorrigendums&service=direct&session=T&sp=Sw0d4%2Bgn5aHJarRmiOXX2%2FA%3D%3D
565,2025_MoRTH_865564_1,56,[Rehabilitation and Upgradation of Umred-Nagbhir Section from km 48-400 to 96-700 (excluding Bhiwapur city portion from km 68-370 to km 70-770 and RUB) of NH-353D to 4LPS configuration in the State of Maharashtra on HAM mode (total length-45. 834 km).],20-Jun-2025 06:30 PM,Ministry of Road Transport and Highways||P6 Delhi - MoRTH||RO Mumbai - MoRTH,15-Oct-2025 05:00 PM,https://eprocure.gov.in/eprocure/app?component=%24DirectLink&page=FrontEndLatestActiveCorrigendums&service=direct&session=T&sp=SnikP5gyJvKnslhiwA7iVAA%3D%3D
566,2025_MoRTH_865283_1,56,[Construction of New Major Bridge over Purna River near Viraval between km 363/360 to km 364/360 of NH 64 in Navsari district in the state of Gujarat on Engineering Procurement and Construction EPC Mode],19-Jun-2025 04:10 PM,Ministry of Road Transport and Highways||P4 Delhi - MoRTH||RO Gandhinagar - MoRTH||NH Division-Bharuch - MoRTH,03-Oct-2025 12:00 PM,https://eprocure.gov.in/eprocure/app?component=%24DirectLink&page=FrontEndLatestActiveCorrigendums&service=direct&session=T&sp=S5KtxLGjjetzyAzKadFR%2FKQ%3D%3D
567,2025_MoRTH_864978_1,56,"[Up-gradation and Construction to 2L with PS of Chanderi-Pichhore road section of NH-346, from design Km 237.600 to Km 292.750 (Design Length-55.150 Chanderi link bypass) in the State of Madhya Pradesh]",17-Jun-2025 06:30 PM,Ministry of Road Transport and Highways||P5 Delhi / LWE - MoRTH||RO Bhopal - MoRTH,09-Oct-2025 05:30 PM,https://eprocure.gov.in/eprocure/app?component=%24DirectLink&page=FrontEndLatestActiveCorrigendums&service=direct&session=T&sp=SlZ4oym7jC%2FN6YW3yeWSIVg%3D%3D
568,2025_LPAI_864928_1,56,"[DESIGN, SUPPLY, INSTALLATION, TESTING , COMMISSIONING OF 750 KWP SOLAR POWER PLANT ,500 KWP Ground Mounted and 250 Kwp car port, INCLUDING 5 YEARS OPERATION AND  MAINTAINANCE AT ICP DERA BABA NANAK DBN.    ]",17-Jun-2025 06:00 PM,Land Ports Authority of India||Head Quarter-New Delhi - LPAI,30-Sep-2025 03:00 PM,https://eprocure.gov.in/eprocure/app?component=%24DirectLink&page=FrontEndLatestActiveCorrigendums&service=direct&session=T&sp=SCOLeef07f89ObSz60RCpaQ%3D%3D
569,2025_MoRTH_864543_1,56,[Construction of 4 Lane Bypass to Vellore Town starting from Km 47.400 of NH-75 and ending at km 12.650 of NH-38 (Length 20.492 km) in the state of Tamil Nadu.],13-Jun-2025 06:00 PM,Ministry of Road Transport and Highways||P7 Delh - MoRTH||RO Chennai - MoRTH,14-Oct-2025 03:00 PM,https://eprocure.gov.in/eprocure/app?component=%24DirectLink&page=FrontEndLatestActiveCorrigendums&service=direct&session=T&sp=S65qHxK3rlJPYAQPvhNGJcg%3D%3D
570,2025_MoRTH_864115_1,56,[Short term Maintenance Contract work for Ch- 46.220Km to 72.00 km of NH-727H in District Sitapur in the state of Uttar Pradesh],11-Jun-2025 02:00 PM,Ministry of Road Transport and Highways||P2 Delhi - MoRTH||RO Lucknow - MoRTH||NH Circle Lucknow - MoRTH,08-Oct-2025 12:00 PM,https://eprocure.gov.in/eprocure/app?component=%24DirectLink&page=FrontEndLatestActiveCorrigendums&service=direct&session=T&sp=SWhCEzySJL2XTtyEuYM6SLg%3D%3D
571,2025_MoRTH_864051_1,57,[Short term maintenance contract work for Ch-38.853km to 40.00km of NH-330D in district Sitapur in state of Uttar pradesh.],10-Jun-2025 06:00 PM,Ministry of Road Transport and Highways||P2 Delhi - MoRTH||RO Lucknow - MoRTH||NH DIVISION PWD SITAPUR,08-Oct-2025 12:00 PM,https://eprocure.gov.in/eprocure/app?component=%24DirectLink&page=FrontEndLatestActiveCorrigendums&service=direct&session=T&sp=SuaNxy19wJbTWlpVM6I%2BoTA%3D%3D
572,2025_MoRTH_863777_1,57,[Upgradation of Shahgarh Buxwaha Narsinghgarh Damoh section of NH-34 (from Ch 113/00 to Ch 176/500) to 2-LPS in the State of Madhya Pradesh on EPC Mode],10-Jun-2025 05:30 PM,Ministry of Road Transport and Highways||P5 Delhi / LWE - MoRTH||RO Bhopal - MoRTH||NH Division-Bhopal - MoRTH,15-Oct-2025 05:30 PM,https://eprocure.gov.in/eprocure/app?component=%24DirectLink&page=FrontEndLatestActiveCorrigendums&service=direct&session=T&sp=SBtv4EhQh10txt09T%2B0IgHQ%3D%3D
573,2025_NHPC_861342_1,57,[Lot-III Electro-mechanical works package of 240 MW (2X120MW) Uri-I Stage-II H.E Project],07-Jun-2025 05:00 PM,NHPC Limited||Corporate Office-Faridabad-NHPC||Contract-E and M-CO-NHPC,17-Nov-2025 06:00 PM,https://eprocure.gov.in/eprocure/app?component=%24DirectLink&page=FrontEndLatestActiveCorrigendums&service=direct&session=T&sp=Sm9Kj1F7UoO8VYteE50F75A%3D%3D
574,2025_MoRTH_863597_1,57,[Consultancy services for Authoritys Engineer for Supervision of Construction of road from Taliha to Tato section of Frontier Highway NH 913 km 0.00 to 60.25  60.25km],07-Jun-2025 11:00 AM,Ministry of Road Transport and Highways||NER and SARDP-NE - MoRTH||RO Itanagar - MoRTH,30-Sep-2025 05:00 PM,https://eprocure.gov.in/eprocure/app?component=%24DirectLink&page=FrontEndLatestActiveCorrigendums&service=direct&session=T&sp=SCMT3qT%2FQe7lLzr6gzJF5%2BA%3D%3D
575,2025_MoRTH_863584_1,57,[Consultancy services for Authoritys Engineer for Supervision of Construction of road from Huri Taliha section of Frontier Highway NH 913 km 160.750 to km 209.9 49.15 km],07-Jun-2025 11:00 AM,Ministry of Road Transport and Highways||NER and SARDP-NE - MoRTH||RO Itanagar - MoRTH,30-Sep-2025 04:00 PM,https://eprocure.gov.in/eprocure/app?component=%24DirectLink&page=FrontEndLatestActiveCorrigendums&service=direct&session=T&sp=SVy%2BjMoj0uYQUQqPPgOlJFQ%3D%3D
576,2025_MoRTH_863623_1,57,[Consultancy services for Authoritys Engineer for Supervision of Construction of road from Taliha to Tato section of Frontier Highway NH-913 km 87.13 to 121.541  34.411km],07-Jun-2025 11:00 AM,Ministry of Road Transport and Highways||NER and SARDP-NE - MoRTH||RO Itanagar - MoRTH,01-Oct-2025 01:00 PM,https://eprocure.gov.in/eprocure/app?component=%24DirectLink&page=FrontEndLatestActiveCorrigendums&service=direct&session=T&sp=SEb7HOdRWG8u%2B7VgKRHNOYQ%3D%3D
577,2025_MoRTH_863634_1,57,[Consultancy services for Authoritys Engineer for Supervision of Construction of road from Huri Taliha section of Frontier Highway NH 913 from km 113.25 to 160.75  47.500 km],07-Jun-2025 11:00 AM,Ministry of Road Transport and Highways||NER and SARDP-NE - MoRTH||RO Itanagar - MoRTH,01-Oct-2025 03:00 PM,https://eprocure.gov.in/eprocure/app?component=%24DirectLink&page=FrontEndLatestActiveCorrigendums&service=direct&session=T&sp=SXJvRbMt30QvdkOui3Bv2Ig%3D%3D
578,2025_MoRTH_863580_1,57,[Consultancy services for Authoritys Engineer for Supervision of Construction of road from Huri Taliha section of Frontier Highway NH 913 from  km 55.725 to 113.25  57.525 km],07-Jun-2025 11:00 AM,Ministry of Road Transport and Highways||NER and SARDP-NE - MoRTH||RO Itanagar - MoRTH,30-Sep-2025 03:00 PM,https://eprocure.gov.in/eprocure/app?component=%24DirectLink&page=FrontEndLatestActiveCorrigendums&service=direct&session=T&sp=SAY48cDq3h6ew2tH1aozkxQ%3D%3D
579,2025_MoRTH_863630_1,57,[Consultancy services for Authoritys Engineer for Supervision of Construction of road from Bile Migging section of Frontier Highway NH 913 km 0.00 from Migging end to 17.812  17.812 km km 17.812 to 55.377 Migging end  37.565 km km 0.000 at Bile end to],07-Jun-2025 11:00 AM,Ministry of Road Transport and Highways||NER and SARDP-NE - MoRTH||RO Itanagar - MoRTH,01-Oct-2025 02:00 PM,https://eprocure.gov.in/eprocure/app?component=%24DirectLink&page=FrontEndLatestActiveCorrigendums&service=direct&session=T&sp=S%2BvVurUwY5HyAeWa2YO0BrA%3D%3D
580,2025_MoRTH_863648_1,57,[Consultancy services for Authoritys Engineer for Supervision of Construction of road from Kharsang Miao Vijaynagar section of Frontier Highway NH 913   km 81.400 to 156.095 74.695km],07-Jun-2025 11:00 AM,Ministry of Road Transport and Highways||NER and SARDP-NE - MoRTH||RO Itanagar - MoRTH,01-Oct-2025 05:00 PM,https://eprocure.gov.in/eprocure/app?component=%24DirectLink&page=FrontEndLatestActiveCorrigendums&service=direct&session=T&sp=Ssig4Hzb5eOF3jLzMD7slfw%3D%3D
581,2025_MoRTH_863559_1,58,[Consultancy services for Authoritys Engineer for Supervision of Construction of road from Lada Sarli section of Frontier Highway NH 913 koloriang to Sarli km 168.0 to 183.40  15.40 km  and Sarli to Huri  km 0.00 to 78.38  78.38km],07-Jun-2025 11:00 AM,Ministry of Road Transport and Highways||NER and SARDP-NE - MoRTH||RO Itanagar - MoRTH,30-Sep-2025 01:00 PM,https://eprocure.gov.in/eprocure/app?component=%24DirectLink&page=FrontEndLatestActiveCorrigendums&service=direct&session=T&sp=SMff8JhjoSbSkN3jDKlgoyw%3D%3D
582,2025_MoRTH_863573_1,58,[Consultancy services for Authoritys Engineer for Supervision of Construction of road from Huri Taliha section of Frontier Highway NH 913 Huri Parsi Palo km 0.00 to 55.725 55.725 km],07-Jun-2025 11:00 AM,Ministry of Road Transport and Highways||NER and SARDP-NE - MoRTH||RO Itanagar - MoRTH,30-Sep-2025 02:00 PM,https://eprocure.gov.in/eprocure/app?component=%24DirectLink&page=FrontEndLatestActiveCorrigendums&service=direct&session=T&sp=S3C5J9DUHkifKP5p6UQpWPw%3D%3D
583,2025_MoRTH_863584_1,58,[Consultancy services for Authoritys Engineer for Supervision of Construction of road from Huri Taliha section of Frontier Highway NH 913 km 160.750 to km 209.9 49.15 km],07-Jun-2025 11:00 AM,Ministry of Road Transport and Highways||NER and SARDP-NE - MoRTH||RO Itanagar - MoRTH,30-Sep-2025 04:00 PM,https://eprocure.gov.in/eprocure/app?component=%24DirectLink&page=FrontEndLatestActiveCorrigendums&service=direct&session=T&sp=SVy%2BjMoj0uYQUQqPPgOlJFQ%3D%3D
584,2025_RCFL_863581_1,58,"[DESIGN, SUPPLY AND INSTALLATION OF HRSCC (HIGH RATE SOLID CONTACT CLARIFIER) IN RCF WTP]",06-Jun-2025 05:00 PM,"Rashtriya Chemicals and Fertilizers Ltd.||IT,RCFLTD,MCF",11-Oct-2025 02:30 PM,https://eprocure.gov.in/eprocure/app?component=%24DirectLink&page=FrontEndLatestActiveCorrigendums&service=direct&session=T&sp=SZN7fACKzhDKWVgqX5cb7IQ%3D%3D
585,2025_NMPT_863208_1,58,"[e-tender cum e-auction for allotment of 12,000 sqm (approx) of land on long term lease (30 y) within New Mangalore Port limits near the Desalination Plant for Development, Operation and Management of Hospitality and Tourism infrastructure in Tannirbh]",06-Jun-2025 10:30 AM,New Mangalore Port Trust||Civil Engineering Department-HQ - NMPT,08-Oct-2025 03:00 PM,https://eprocure.gov.in/eprocure/app?component=%24DirectLink&page=FrontEndLatestActiveCorrigendums&service=direct&session=T&sp=SKeYwJzu4W1BMfMcSAWbmrg%3D%3D
586,2025_MoRTH_862532_1,58,[abilitation Upgradation and Widening of Akola to Mahan section from km 35.265 to km 64.574 (Length 29.309 km) including construction of 4 lane with paved shoulder configuration of Barshi Takli Bypass (Length  3.160 km)  on NH161A the State of Maharas],30-May-2025 05:00 PM,Ministry of Road Transport and Highways||P6 Delhi - MoRTH||RO Mumbai - MoRTH||NH Division-Akola - MoRTH,30-Oct-2025 05:30 PM,https://eprocure.gov.in/eprocure/app?component=%24DirectLink&page=FrontEndLatestActiveCorrigendums&service=direct&session=T&sp=SmqLUhA4MtFv72JvvoUn8sg%3D%3D
587,2025_NALCO_862057_1,58,[DEFLUORIDATION WATER TREATMENT PLANT],28-May-2025 05:30 PM,"National Aluminium Company Limited,NALCO||NALCO-Smelter Division-Angul||Materials-SD-Angul-NALCO",15-Oct-2025 11:00 AM,https://eprocure.gov.in/eprocure/app?component=%24DirectLink&page=FrontEndLatestActiveCorrigendums&service=direct&session=T&sp=SeXIihvL%2BsJxOfchvWbhzxw%3D%3D
588,2025_MoRTH_861680_1,58,[Consultancy Services for Detailed Project Report (DPR) for construction of 4/6-lane Ring Road / Bypass (180 Km) to decongest NH-66 in the State of Goa.],26-May-2025 06:00 PM,Ministry of Road Transport and Highways||P6 Delhi - MoRTH||RO Mumbai - MoRTH,13-Oct-2025 05:00 PM,https://eprocure.gov.in/eprocure/app?component=%24DirectLink&page=FrontEndLatestActiveCorrigendums&service=direct&session=T&sp=SLzDGlmN%2B6To6IQVUM%2F0vQQ%3D%3D
589,2025_IMSRP_861693_1,58,[supply and installation of Fully Automated Chemiluminescence Immunoassay Analyzer],26-May-2025 06:00 PM,All India Institute of Medical Sciences-Raipur||Central Store - AIIMS Raipur,08-Oct-2025 03:00 PM,https://eprocure.gov.in/eprocure/app?component=%24DirectLink&page=FrontEndLatestActiveCorrigendums&service=direct&session=T&sp=S79%2BIKbSjjlLyVL3jT12tYA%3D%3D
590,2025_CMRL_861610_1,58,[Selection of Project Management Company (PMC) for Project Management Consultancy Services (PMCS) and Detailed Design Consultant (DDC) for Chennai Metro Rail Phase 1 Network Capacity Enhancement Project],26-May-2025 01:00 PM,Chennai Metro Rail Limited||Rolling Stock Department - CMRL,22-Oct-2025 03:00 PM,https://eprocure.gov.in/eprocure/app?component=%24DirectLink&page=FrontEndLatestActiveCorrigendums&service=direct&session=T&sp=SRyXRJsjbrpH7igpIsMGbvg%3D%3D
591,2025_AIMSD_860774_1,59,[Ultra Low Height/double Abduction Operating Table with Radiolucent Top],21-May-2025 04:00 PM,All India Institute of Medical Science-New Delhi||Store Main Hospital - AIIMS New Delhi,10-Oct-2025 05:00 PM,https://eprocure.gov.in/eprocure/app?component=%24DirectLink&page=FrontEndLatestActiveCorrigendums&service=direct&session=T&sp=S5qEqQt6%2F%2BHi2YBY3SGNbBA%3D%3D
592,2025_DMRC_860818_1,59,"[DC of Twin Tunnel by Shield TBM, Cut and Cover tb, Underground ramp and four underground and Balance work of NK Station with Entry/Exits including Retrieval/LS, AF, WS..SI and DW..of Inderlok-Indraprastha corridor of Delhi MRTS Project of Phase-IV.]",20-May-2025 03:00 PM,Delhi Metro Rail Corporation Limited||DMRC - JICA Tenders,21-Oct-2025 03:00 PM,https://eprocure.gov.in/eprocure/app?component=%24DirectLink&page=FrontEndLatestActiveCorrigendums&service=direct&session=T&sp=SC%2FF3Vz5CNKRP3zxKaHaY8A%3D%3D
593,2025_MoRTH_860129_1,59,[Construction of ROB with approaches in lieu of Railway crossing LC 20 on NH 161H at km 24.913 in the state of Maharashtra on EPC mode],15-May-2025 09:00 AM,Ministry of Road Transport and Highways||P6 Delhi - MoRTH||RO Mumbai - MoRTH||NH Division-Akola - MoRTH,30-Oct-2025 05:30 PM,https://eprocure.gov.in/eprocure/app?component=%24DirectLink&page=FrontEndLatestActiveCorrigendums&service=direct&session=T&sp=SAOuNDWCECOy81oHGG7VLbQ%3D%3D
594,2025_MoRTH_859720_1,59,[Rehabilitation and Upgradation of Maharashtra MP Border to Tumsar section of NH 543K from km.51.000 to 69.000 to two lane with paved shoulder configuration in the State of Maharashtra on EPC mode total length 18.00 km],10-May-2025 05:45 PM,Ministry of Road Transport and Highways||P6 Delhi - MoRTH||RO Mumbai - MoRTH||NH Maharashtra PWD-Nagpur - MoRTH,10-Oct-2025 05:00 PM,https://eprocure.gov.in/eprocure/app?component=%24DirectLink&page=FrontEndLatestActiveCorrigendums&service=direct&session=T&sp=SHmrmI7WwJnU2oOENkEyZZw%3D%3D
595,2025_AIMDE_858692_1,59,[RATE CONTRACT FOR SUPPLY OF SURGICAL ITEMS AT AIIMS DEOGHAR],08-May-2025 04:00 PM,All India Institute of Medical Sciences- Deoghar||Administration - AIIMS Deoghar,06-Oct-2025 03:00 PM,https://eprocure.gov.in/eprocure/app?component=%24DirectLink&page=FrontEndLatestActiveCorrigendums&service=direct&session=T&sp=SS1Nmko5NaKlvFdukEvnvVg%3D%3D
596,2025_EIL_855621_2,59,[Guaranteed Parmeters for AKG/C068-000-EP-T-9501/1001],08-May-2025 10:10 AM,"Engineers India Limited,MoPNG||Head Office-Delhi,EIL,MoPNG",15-Oct-2025 12:00 PM,https://eprocure.gov.in/eprocure/app?component=%24DirectLink&page=FrontEndLatestActiveCorrigendums&service=direct&session=T&sp=SHj52ZCRPC8UQTDksmcxWUg%3D%3D
597,2025_EIL_855578_2,59,[EPCC PACKAGE FOR SDA AND IHCD FOR LMBU PROJECT],08-May-2025 10:00 AM,"Engineers India Limited,MoPNG||Head Office-Delhi,EIL,MoPNG",15-Oct-2025 12:00 PM,https://eprocure.gov.in/eprocure/app?component=%24DirectLink&page=FrontEndLatestActiveCorrigendums&service=direct&session=T&sp=SE3xW7AMHNq2V%2FnFswPrGGQ%3D%3D
598,2025_JIPMP_859022_1,59,[Supply of Advanced High Energy Linear Accelerator System 01 Unit],06-May-2025 06:00 PM,Jawaharlal Institute of Postgraduate Medical Education and Research JIPMER- Puducherry Central Autonomous Body under MOH and FW- GOI)||Purchase Section (Puducherry),23-Oct-2025 12:00 PM,https://eprocure.gov.in/eprocure/app?component=%24DirectLink&page=FrontEndLatestActiveCorrigendums&service=direct&session=T&sp=Svpi%2Fc340x%2B9TRtjWFUgfOQ%3D%3D
599,2025_AIMSD_859025_1,59,"[Purchase of Cavitational/Cavitron Ultrasonic Surgical Aspiration (CUSA)-02 Nos. for department of Orthopedics and Neuro-Surgery at JPNATC, AIIMS, New Delhi-110029]",06-May-2025 04:00 PM,All India Institute of Medical Science-New Delhi||Store IRCH - AIIMS New Delhi,11-Oct-2025 12:00 PM,https://eprocure.gov.in/eprocure/app?component=%24DirectLink&page=FrontEndLatestActiveCorrigendums&service=direct&session=T&sp=Stl1xtIeKGWbSjrq1iVjZxA%3D%3D
600,2025_AIMSD_858991_1,59,"[Purchase of Digital Flat Panel Detector based Mobile C-Arm Fluoroscopy System-02Nos. (One for Neurosurgery and one for Orthopedics), JPNATC, AIIMS, New Delhi-110029 ]",05-May-2025 06:00 PM,All India Institute of Medical Science-New Delhi||Store IRCH - AIIMS New Delhi,08-Oct-2025 05:00 PM,https://eprocure.gov.in/eprocure/app?component=%24DirectLink&page=FrontEndLatestActiveCorrigendums&service=direct&session=T&sp=Scc08SUXktOvar86GMzobmQ%3D%3D
601,2025_NHA_858538_1,60,[Selection of agencies for providing fraud Analytics Services ],01-May-2025 04:00 PM,National Health Authority,08-Oct-2025 05:00 PM,https://eprocure.gov.in/eprocure/app?component=%24DirectLink&page=FrontEndLatestActiveCorrigendums&service=direct&session=T&sp=SlwNwmlE1iUUZ6xzP73PbVw%3D%3D
602,2025_MoRTH_857846_1,60,[Consultancy services for Authoritys Engineer for Supervision of Work of Rehabilitation and Upgradation of Sendhwa to Khetiya (MP/MH Border) Section from km 0/000 to km 55/600 of NH-752(G) to 2L with PS in the State of Madhya Pradesh on EPC mode],29-Apr-2025 05:00 PM,Ministry of Road Transport and Highways||P5 Delhi / LWE - MoRTH||RO Bhopal - MoRTH,22-Oct-2025 05:30 PM,https://eprocure.gov.in/eprocure/app?component=%24DirectLink&page=FrontEndLatestActiveCorrigendums&service=direct&session=T&sp=SnYAr92MKiP8HmpbN6fob%2Bw%3D%3D
603,2025_MoRTH_858260_1,60,[Rehabilitation and Up-Gradation of Wardha Salod Hirapur - Pulgaon Section of NH 347A from Km 134.283 to Km 159.075 Design Chainage Km 0.000 to Km 24.792 to Two Laning with paved shoulder in the state of Maharashtra on EPC mode],29-Apr-2025 03:30 PM,Ministry of Road Transport and Highways||P6 Delhi - MoRTH||RO Mumbai - MoRTH||NH Maharashtra PWD-Nagpur - MoRTH,10-Oct-2025 05:00 PM,https://eprocure.gov.in/eprocure/app?component=%24DirectLink&page=FrontEndLatestActiveCorrigendums&service=direct&session=T&sp=S4AQEfW0njfEH%2BjSvgb0Tkg%3D%3D
604,2025_MoRTH_857774_1,60,[Independent Engineer services for Upgradation of Existing Road to 2L with PS for the Stretch of Tikamgarh Badagon Ghuwara Shahgarh from km 75/000 to km 155/700 (NH 539) in the State of Madhya Pradesh on Hybrid Annuity Mode],28-Apr-2025 05:30 PM,Ministry of Road Transport and Highways||P5 Delhi / LWE - MoRTH||RO Bhopal - MoRTH||NH Division-Bhopal - MoRTH,22-Oct-2025 05:30 PM,https://eprocure.gov.in/eprocure/app?component=%24DirectLink&page=FrontEndLatestActiveCorrigendums&service=direct&session=T&sp=S5v%2FSZMbN5V1calYNjOD5pg%3D%3D
605,2025_MoRTH_857688_1,60,[Consultancy services for Authoritys Engineer for Supervision of Work of Upgradation of Existing Intermediate Lane Flexible Pavement to 2L with PS from Km 0.00 to Km 75.00 on Orchha Tikamgarh Shahgarh NH 539 in the State of Madhya Pradesh on EPC Mode],28-Apr-2025 11:45 AM,Ministry of Road Transport and Highways||P5 Delhi / LWE - MoRTH||RO Bhopal - MoRTH||NH Division-Bhopal - MoRTH,22-Oct-2025 05:30 PM,https://eprocure.gov.in/eprocure/app?component=%24DirectLink&page=FrontEndLatestActiveCorrigendums&service=direct&session=T&sp=SfBkTIrSvj6FUKcq%2BcKa1%2Fw%3D%3D
606,2025_WBAMC_857433_1,60,"[Survey, Development, Implementation, and Maintenance of GIS enabled MIS System for Ahmedabad City]",23-Apr-2025 10:00 AM,Government of Gujarat||Ahemdabad Municipal Corporation - World Bank Tenders||City Engineer (Water Resource Management),14-Oct-2025 03:30 PM,https://eprocure.gov.in/eprocure/app?component=%24DirectLink&page=FrontEndLatestActiveCorrigendums&service=direct&session=T&sp=ST5lxFF1CbHzNFqOy%2FwDUCQ%3D%3D
607,2025_PNGRB_857314_1,60,[Invitation of Bids to develop Visakhapatnam to Visahapatnam International Airport (Bhogapuram) Petroleum and Petroleum Products (ATF) Pipeline],22-Apr-2025 09:00 AM,Petroleum and Natural Gas Regulatory Board||Authorization - PNGRB||CGD - PNGRB,22-Oct-2025 05:30 PM,https://eprocure.gov.in/eprocure/app?component=%24DirectLink&page=FrontEndLatestActiveCorrigendums&service=direct&session=T&sp=SvJ%2BpkXNyqYe005KYRev2Mg%3D%3D
608,2025_MoRTH_856607_1,60,[Construction/Upgradation of Existing Road to Two Lane with Paved Shoulder for the Stretch of Tikamgarh Badagon Ghuwara Shahgarh from Km 75/000 to Km 155/700 (NH-539) in the State of Madhya Pradesh on Hybrid Annuity Mode],21-Apr-2025 06:30 PM,Ministry of Road Transport and Highways||P5 Delhi / LWE - MoRTH||RO Bhopal - MoRTH||NH Division-Bhopal - MoRTH,15-Oct-2025 05:30 PM,https://eprocure.gov.in/eprocure/app?component=%24DirectLink&page=FrontEndLatestActiveCorrigendums&service=direct&session=T&sp=Sym2vXQ%2BsIqIC13i%2Fj04jyg%3D%3D
609,2025_CMMDB_856842_1,60,"[SUPPLY, INSTALLATION, TESTING, COMMISSIONING AND TRAINING OF ELECTRICAL, PLUMBING AND FIRE PROTECTION WORKS FOR 19 UNDERGROUND STATIONS FROM MADHAVARAM MILK COLONY STATION TO ROYAPETTAH GOVT HOSPITAL]",16-Apr-2025 06:30 PM,Chennai Metro Rail Limited - MDB Tenders,13-Oct-2025 01:00 PM,https://eprocure.gov.in/eprocure/app?component=%24DirectLink&page=FrontEndLatestActiveCorrigendums&service=direct&session=T&sp=Sl8R9M%2Bs5RRfdjuuzK%2BuhYA%3D%3D
610,2025_DCSEM_856708_1,60,"[Engineering, Procurement and Construction of Civil Infrastructure and Vacuum infrastructure for establishing LIGO India Observatory at Aundha, Hingoli District, Maharashtra-431705, India, on EPC Mode-I basis]",16-Apr-2025 11:30 AM,Directorate of Construction Services and Estate Management||QSA - DCSEM,06-Oct-2025 05:00 PM,https://eprocure.gov.in/eprocure/app?component=%24DirectLink&page=FrontEndLatestActiveCorrigendums&service=direct&session=T&sp=S50XgHiHdK1W2yGgXM4eukg%3D%3D
611,2025_CMRL_856249_1,61,[Design Manufacture Supply Installation Testing Commissioning Training and Maintenance of Station Level Equipment of  AFC System for CMRL Phase II - Corridor 3  and Corridor 5  Including Replacement and Retrofitting of Phase I Station Level Equipment.],09-Apr-2025 06:30 PM,Chennai Metro Rail Limited||Signalling and Telecom Department - CMRL,15-Oct-2025 01:00 PM,https://eprocure.gov.in/eprocure/app?component=%24DirectLink&page=FrontEndLatestActiveCorrigendums&service=direct&session=T&sp=S7D0UAkbxFCncyo3zV02AWQ%3D%3D
612,2025_UoH_856220_1,61,[Maintenance of Buildings Providing and fixing of fly proof windows and Ventilators in the Men and Ladies Hostels in the University of Hyderabad Campus],09-Apr-2025 05:00 PM,University of Hyderabad||University Works Department,13-Oct-2025 03:00 PM,https://eprocure.gov.in/eprocure/app?component=%24DirectLink&page=FrontEndLatestActiveCorrigendums&service=direct&session=T&sp=SqnKw6PrUVYF0Y3w3Nl%2BQbQ%3D%3D
613,2025_MoRTH_853139_1,61,[Construction of ROB in LIEU of L C No 99 at Km 247 1 2 of bow string 1x62 RCC Girder 2x15M and limited height subway of 1x5x3 M between Selu Satuna Stations on Manmad Mudkhed section in the State of Maharashtra on EPC Mode],28-Mar-2025 06:00 PM,Ministry of Road Transport and Highways||P6 Delhi - MoRTH||RO Mumbai - MoRTH||NH Maharashtra PWD-Nagpur - MoRTH,29-Oct-2025 05:30 PM,https://eprocure.gov.in/eprocure/app?component=%24DirectLink&page=FrontEndLatestActiveCorrigendums&service=direct&session=T&sp=SQWPICmhWJRifKYq%2FHDdXfw%3D%3D
614,2025_MoRTH_854623_1,61,[Rehabilitation and Upgradation of Sendhwa to Khetiya (MP/MH Border) Section from km 0/000 to km 55/600 of NH-752(G) to two lane with paved shoulders in the State of Madhya Pradesh on EPC Mode.],26-Mar-2025 06:00 PM,Ministry of Road Transport and Highways||P5 Delhi / LWE - MoRTH||RO Bhopal - MoRTH,20-Oct-2025 05:30 PM,https://eprocure.gov.in/eprocure/app?component=%24DirectLink&page=FrontEndLatestActiveCorrigendums&service=direct&session=T&sp=SsMZVL4XnLT%2B2Ffzc8JavNw%3D%3D
615,2025_MoRTH_854576_1,61,[Upgradation of Existing Intermediate Lane Flexible Pavement to 2 Lane with Paved Shoulders Flexible Pavement from Km 0.000 (Orchha) To Km 75.000 (Length 75.000 Km) on Orchha Tikamgarh Shahgarh NH-539 in the State of Madhya Pradesh on EPC Mode],26-Mar-2025 05:30 PM,Ministry of Road Transport and Highways||P5 Delhi / LWE - MoRTH||RO Bhopal - MoRTH||NH Division-Bhopal - MoRTH,15-Oct-2025 05:30 PM,https://eprocure.gov.in/eprocure/app?component=%24DirectLink&page=FrontEndLatestActiveCorrigendums&service=direct&session=T&sp=S%2FljipIt%2F7LiZjC%2BbbHu7cQ%3D%3D
616,2025_PGIME_853386_1,61,[Polymerase Chain Reaction Machine (Multi-Block/Gradient/Droplet Digital/Real Time)],22-Mar-2025 01:15 PM,Postgraduate Institute of Medical and Education and Research Chandigarh||Procurement Branch  - PGIMER Chandigarh,04-Oct-2025 12:00 PM,https://eprocure.gov.in/eprocure/app?component=%24DirectLink&page=FrontEndLatestActiveCorrigendums&service=direct&session=T&sp=SZW2j9KcLyOm%2FnCMujUxuXQ%3D%3D
617,2025_MoRTH_853278_1,61,[Rehabilitation Upgradation to Four Lane road with Paved Shoulders length in Buldhana City from KM.52.450 to KM. 54.470 (Total length 2.02 KM) and Reconstruction of MNB at Ch 80.170 Ch 89.610 Ch 93.310 Ch 96.750 of Buldhana Khamgaon section (Ch 52.450],17-Mar-2025 09:00 AM,Ministry of Road Transport and Highways||P6 Delhi - MoRTH||RO Mumbai - MoRTH||NH Division-Akola - MoRTH,14-Oct-2025 05:30 PM,https://eprocure.gov.in/eprocure/app?component=%24DirectLink&page=FrontEndLatestActiveCorrigendums&service=direct&session=T&sp=S3Ny2i5QxJRezAIyJmlqrkQ%3D%3D
618,2025_EIL_853232_1,61,[Expression of Interest (EOI) for Enlistment of Architects for Infrastructure Projects],13-Mar-2025 05:00 PM,"Engineers India Limited,MoPNG||Head Office-Delhi,EIL,MoPNG",08-Dec-2025 12:00 PM,https://eprocure.gov.in/eprocure/app?component=%24DirectLink&page=FrontEndLatestActiveCorrigendums&service=direct&session=T&sp=Ssfyl%2BSCd8vHyRxPCu4cAMw%3D%3D
619,2025_MoRTH_853175_1,61,[Upgradation to two lane with paved shoulder from design ch km 118.813 to 148.810 and km 155.0 to 165.082 Bagasara to Thangalol section of NH351 in the state of Gujarat Package IV on EPC mode],13-Mar-2025 02:00 PM,Ministry of Road Transport and Highways||P4 Delhi - MoRTH||RO Gandhinagar - MoRTH||NH Division-Rajkot - MoRTH,06-Oct-2025 12:00 PM,https://eprocure.gov.in/eprocure/app?component=%24DirectLink&page=FrontEndLatestActiveCorrigendums&service=direct&session=T&sp=SicWB9O4jxfNZnqPRUdqJbw%3D%3D
620,2025_RCFL_852131_1,61,[EPC CONTRACT FOR REVAMP OF AMMONIA PLANT LINE-I AND LINE-II OF RCF THAL FOR REDUCTION IN ENERGY],08-Mar-2025 09:00 AM,"Rashtriya Chemicals and Fertilizers Ltd.||IT,RCFLTD,MCF",31-Oct-2025 12:00 PM,https://eprocure.gov.in/eprocure/app?component=%24DirectLink&page=FrontEndLatestActiveCorrigendums&service=direct&session=T&sp=Sej2Gv8JyX5u5hFzu35parw%3D%3D
621,2025_RCFL_852128_1,62,[EPC CONTRACT FOR REVAMP OF AMMONIA PLANT LINE-I AND LINE-II OF RCF THAL FOR REDUCTION IN ENERGY],08-Mar-2025 09:00 AM,"Rashtriya Chemicals and Fertilizers Ltd.||IT,RCFLTD,MCF",31-Oct-2025 12:00 PM,https://eprocure.gov.in/eprocure/app?component=%24DirectLink&page=FrontEndLatestActiveCorrigendums&service=direct&session=T&sp=S%2F2HUSC4KLLN%2Fq4uu90xsEA%3D%3D
622,2025_MoRTH_850891_1,62,[Consultancy services of Independent Engineer for Upgradation to two lane with paved shoulder configuration from Km. 0/000 to 62/822 (Limbdi-Dhrangadhra section) of NH-51 in the State of Gujarat (Total Length- 62.822Km) on HAM Mode],25-Feb-2025 06:00 PM,Ministry of Road Transport and Highways||P4 Delhi - MoRTH||RO Gandhinagar - MoRTH,07-Oct-2025 03:00 PM,https://eprocure.gov.in/eprocure/app?component=%24DirectLink&page=FrontEndLatestActiveCorrigendums&service=direct&session=T&sp=S5KlcDdbQENxkrqGLxlQ5uw%3D%3D
623,2025_BandR_850180_1,62,"[ MECHANICAL, NON IBR PIPING, PAINTING AND OTHER WORKS FOR 5TH STREAM ALUMINA PLANT AT DAMANJODI, ODISHA AND RELATED FACILITIES AT VISHAKHAPATNAM PORT]",20-Feb-2025 03:15 PM,Bridge and Roof Company (India) Limited||Corporate Head Quarters Kolkata Office - B and R,21-Oct-2025 04:00 PM,https://eprocure.gov.in/eprocure/app?component=%24DirectLink&page=FrontEndLatestActiveCorrigendums&service=direct&session=T&sp=SW3U4hnt4wMuWoxfJzXrAFQ%3D%3D
624,2025_MoRTH_847336_1,62,[Rehabilitation and Up-gradation from Design Ch km 35.300 to km 65.740 (Length-30.440Km) of NH-166G (Gaganbawada to Kale) to 2LPS in the state of Maharashtra on EPC mode.],03-Feb-2025 05:00 PM,Ministry of Road Transport and Highways||P6 Delhi - MoRTH||RO Mumbai - MoRTH,08-Oct-2025 05:00 PM,https://eprocure.gov.in/eprocure/app?component=%24DirectLink&page=FrontEndLatestActiveCorrigendums&service=direct&session=T&sp=SE9yMPWpOMZxlbCKUT7cJAg%3D%3D
625,2025_MoRTH_847245_1,62,[Construction of proposed R.O.B. and its approaches in replacement of existing level crossing No.21X at Km Ch.107/500 of NH 64 District Anand in the state of Gujarat],01-Feb-2025 06:30 PM,Ministry of Road Transport and Highways||P4 Delhi - MoRTH||RO Gandhinagar - MoRTH||NH Division-Varodara - MoRTH,03-Nov-2025 11:00 AM,https://eprocure.gov.in/eprocure/app?component=%24DirectLink&page=FrontEndLatestActiveCorrigendums&service=direct&session=T&sp=SFhLTaOJRIm7D6jArFvGXrw%3D%3D
626,2025_MoRTH_847097_1,62,[Upgradation to two lane with paved shoulder configuration from Km0.000 to Km 62.822 (Limbdi - Dharangadhra) of NH-51 in the State of Gujarat on Hybrid Annuity Mode (HAM) (Total Length- 62.822 Km).],31-Jan-2025 05:00 PM,Ministry of Road Transport and Highways||P4 Delhi - MoRTH,10-Oct-2025 03:00 PM,https://eprocure.gov.in/eprocure/app?component=%24DirectLink&page=FrontEndLatestActiveCorrigendums&service=direct&session=T&sp=SdMvNerNlIaBEhzXXzCgLpw%3D%3D
627,2025_MoRTH_846024_1,62,[Consultancy services for Authoritys Engineer for Supervision of Work of Upgradation and reconstruction of Mandla - Nainpur Section of NH 543 from Km 190/400 to Km 236/500 to 2L with PS configuration in the State of Madhya Pradesh on EPC mode],30-Jan-2025 01:00 PM,Ministry of Road Transport and Highways||P5 Delhi / LWE - MoRTH||RO Bhopal - MoRTH,22-Oct-2025 05:30 PM,https://eprocure.gov.in/eprocure/app?component=%24DirectLink&page=FrontEndLatestActiveCorrigendums&service=direct&session=T&sp=SMteJHUQimvqYsA6ndLoC1g%3D%3D
628,2025_MoRTH_844435_1,62,[Upgradation and reconstruction of Mandla - Nainpur Section of NH 543 from Km 190/400 to Km 236/500 to two lane with paved shoulder configuration in the State of Madhya Pradesh on EPC mode],14-Jan-2025 06:30 PM,Ministry of Road Transport and Highways||P5 Delhi / LWE - MoRTH||RO Bhopal - MoRTH,13-Oct-2025 05:30 PM,https://eprocure.gov.in/eprocure/app?component=%24DirectLink&page=FrontEndLatestActiveCorrigendums&service=direct&session=T&sp=SLDgLdmQfWz7i714a3Gy9eQ%3D%3D
629,2024_MoRTH_839864_1,62,[Maintenance of Rehabilitation and Upgradation of existing Highway to 2 lane 4 lane with paved shoulder configuration from Dhangarpimpri to Jalna and Ambad chowk to Mantha Chowk Km 30 390 to Km 50 264 and 0 000 to 5 243 two lane with paved shoulder],16-Dec-2024 04:00 PM,Ministry of Road Transport and Highways||P6 Delhi - MoRTH||RO Mumbai - MoRTH||NH Maharashtra PWD-Nagpur - MoRTH,29-Oct-2025 05:30 PM,https://eprocure.gov.in/eprocure/app?component=%24DirectLink&page=FrontEndLatestActiveCorrigendums&service=direct&session=T&sp=SPBZwlst%2B3TrEdY5TkZ68pg%3D%3D
630,2024_MoRTH_839167_1,62,[Maintenance of Rehabilitation and upgradation of existing carriageway to 2 lane 4 lane with paved shoulder configuration from Wadigodri to Dhangripimpri Km 0 000 to Km 30 390 Section of NH753H on EPC Mode in the state of Maharashtra Package1 Risk and],11-Dec-2024 04:00 PM,Ministry of Road Transport and Highways||P6 Delhi - MoRTH||RO Mumbai - MoRTH||NH Maharashtra PWD-Nagpur - MoRTH,29-Oct-2025 05:30 PM,https://eprocure.gov.in/eprocure/app?component=%24DirectLink&page=FrontEndLatestActiveCorrigendums&service=direct&session=T&sp=SY3BDco2VkxlVH%2Fo0QsUzhA%3D%3D
631,2024_MoRTH_839025_1,63,[Rehabilitation and Upgradation of NH 753B from Nandurbar to Taloda (Km. 49.050 to Km. 78.270) to 4 LPS in the States of Maharashtra/Gujarat on EPC mode.],10-Dec-2024 06:15 PM,Ministry of Road Transport and Highways||P6 Delhi - MoRTH||RO Mumbai - MoRTH,08-Oct-2025 05:00 PM,https://eprocure.gov.in/eprocure/app?component=%24DirectLink&page=FrontEndLatestActiveCorrigendums&service=direct&session=T&sp=SBz5%2BP1l4Q4xIFfwj5QsAvQ%3D%3D
632,2024_MoRTH_833034_1,63,[Widening and strengthening of Daringbadi ghat portion from km 231.000 to 256.000 (Design chainage from km 229.500 to 256.468) of NH-59 under NH(O) in Hybrid Annuity Mode Plan 2023-24 in the State of Odisha (Design length 26.968 Kms).],29-Oct-2024 04:15 PM,Ministry of Road Transport and Highways||P5 Delhi / LWE - MoRTH,11-Oct-2025 03:00 PM,https://eprocure.gov.in/eprocure/app?component=%24DirectLink&page=FrontEndLatestActiveCorrigendums&service=direct&session=T&sp=SG%2FWnfJ%2BaKgZC9mtZcApqdQ%3D%3D
633,2024_MoRTH_832345_1,63,[Construction of Bypass Road to Rayagada Town and JK Pur Town on NH-326 in the State of Odisha. ],24-Oct-2024 06:55 PM,Ministry of Road Transport and Highways||P5 Delhi / LWE - MoRTH||RO Bhubaneswar - MoRTH||NH Odisha PWD-Kesinga - MoRTH,15-Nov-2025 12:00 PM,https://eprocure.gov.in/eprocure/app?component=%24DirectLink&page=FrontEndLatestActiveCorrigendums&service=direct&session=T&sp=SA4cTI8nNT7IcJ4cIfcW0GA%3D%3D
634,2024_MoRTH_832354_1,63,"[Reconstruction of 3 nos. of damaged bridges of NH-326 at Toyaput Nallah at Ch. Km 261/060, Khudipadar Nallah at Ch. 268/780 km and Debagarh river at Ch. 270/260 km on NH-326 in the State of Odisha. (Bid Ref No. 11 CE NH of 2024-25)]",24-Oct-2024 06:55 PM,Ministry of Road Transport and Highways||P5 Delhi / LWE - MoRTH||RO Bhubaneswar - MoRTH||NH Odisha PWD-Kesinga - MoRTH,15-Nov-2025 12:00 PM,https://eprocure.gov.in/eprocure/app?component=%24DirectLink&page=FrontEndLatestActiveCorrigendums&service=direct&session=T&sp=SsSPGkk0orcINI5WptKovJw%3D%3D
635,2024_MoRTH_831331_1,63,[Construction of Flyover at chainage Km 165.020 (Pastikudi) on NH-26 including approaches in the state of Odisha on EPC Mode.],17-Oct-2024 06:55 PM,Ministry of Road Transport and Highways||P5 Delhi / LWE - MoRTH||RO Bhubaneswar - MoRTH||NH Odisha PWD-Kesinga - MoRTH,15-Nov-2025 12:00 PM,https://eprocure.gov.in/eprocure/app?component=%24DirectLink&page=FrontEndLatestActiveCorrigendums&service=direct&session=T&sp=S7VMUH25O6IVdUynQrLWV6A%3D%3D
636,2024_MoRTH_830862_1,63,"[Supply Installation Commissioning Maintenance of Sensors Data Acquisition Data Transmission Analysis Management Reporting for the same for BHMS for New Cable Stayed Zuari Bridge, Old Zuari Bridge on NH-66 and Borim Bridge on NH-566 in State of Goa]",16-Oct-2024 11:30 AM,Ministry of Road Transport and Highways||P6 Delhi - MoRTH||RO Mumbai - MoRTH||PWD / CE(NH)-Goa - MoRTH,13-Oct-2025 03:00 PM,https://eprocure.gov.in/eprocure/app?component=%24DirectLink&page=FrontEndLatestActiveCorrigendums&service=direct&session=T&sp=SSa4qf1QPtduwG520zL73JA%3D%3D
637,2024_MoRTH_830570_1,63,"[Consrtuction of Boxculvert at Ch.84/200 on Deori to Korchi Road  Section from Km 80/025 to 124/965 on Balaghat- Gondia-Amgaon-Deori-Korchi Road NH 543 tahsil  Deori ,District  Gondia in the State of Maharashtra]",14-Oct-2024 04:30 PM,Ministry of Road Transport and Highways||P6 Delhi - MoRTH||RO Mumbai - MoRTH||NH Maharashtra PWD-Nagpur - MoRTH,03-Oct-2025 05:00 PM,https://eprocure.gov.in/eprocure/app?component=%24DirectLink&page=FrontEndLatestActiveCorrigendums&service=direct&session=T&sp=Shos%2BznR4n%2FxGIIvvtpmzEw%3D%3D
638,2024_MoRTH_830674_1,63,[Construction of 4 lane concrete White topping Nagbhid city portion  ],14-Oct-2024 04:15 PM,Ministry of Road Transport and Highways||P6 Delhi - MoRTH||RO Mumbai - MoRTH||NH Maharashtra PWD-Nagpur - MoRTH,03-Oct-2025 05:00 PM,https://eprocure.gov.in/eprocure/app?component=%24DirectLink&page=FrontEndLatestActiveCorrigendums&service=direct&session=T&sp=SU0KwhISR8o5dONbS4ejFoA%3D%3D
639,2024_MoRTH_830637_1,63,[Short Term Maintenance Contract (STMC) for Maintenance of NH247 in Kamptee to Gumthala section in Km 19/200 to 25/900 and Km 27/600 to 32/000 of Dahegaon - Kuhi Road (Total Length  11.100 Km)  in Nagpur District in the state of Maharashtra],14-Oct-2024 03:00 PM,Ministry of Road Transport and Highways||P6 Delhi - MoRTH||RO Mumbai - MoRTH||NH Maharashtra PWD-Nagpur - MoRTH,03-Oct-2025 05:00 PM,https://eprocure.gov.in/eprocure/app?component=%24DirectLink&page=FrontEndLatestActiveCorrigendums&service=direct&session=T&sp=S%2Fzk3HjcDqPzJvBKoK99Yhg%3D%3D
640,2024_MoRTH_830634_1,63,[Short Term Maintenance Contract (STMC) for maintenance of NH 753 in Amdi to Saoner section in Km 226/140 to 226/280  Km 231/600 to 232/540  Km 256/245 to 256/800 and Km 264/800 to 265/724. (Total Length 2.560 Km) in Nagpur District in the state of Ma],14-Oct-2024 02:30 PM,Ministry of Road Transport and Highways||P6 Delhi - MoRTH||RO Mumbai - MoRTH||NH Maharashtra PWD-Nagpur - MoRTH,03-Oct-2025 05:00 PM,https://eprocure.gov.in/eprocure/app?component=%24DirectLink&page=FrontEndLatestActiveCorrigendums&service=direct&session=T&sp=S00NVNVJOjvH3JbkHHlQOsA%3D%3D
641,2024_MoRTH_830547_1,64,[Upgradation of BSNL Office to Railway Crossing in Bhandara  City from Chainage Km 168/180 to Km 168/920 (Length  0.740 Km) of NH-247 to Two Lane with Paved Shoulder Configuration of Bhandara-Khat-Ghotitok road in the state of MaharashtrA ON EPC MODE],12-Oct-2024 05:15 PM,Ministry of Road Transport and Highways||P6 Delhi - MoRTH||RO Mumbai - MoRTH||NH Maharashtra PWD-Nagpur - MoRTH,03-Oct-2025 05:00 PM,https://eprocure.gov.in/eprocure/app?component=%24DirectLink&page=FrontEndLatestActiveCorrigendums&service=direct&session=T&sp=S0eKNUITfzZJ208cf1eO2UA%3D%3D
642,2024_MoRTH_830545_1,64,[Balance work of Up-Gradation of Tirora Gondia section of NH 753 to Two Lane with Paved Shoulders / 4 Lane in Km. 87/000 to 92/152 and Km. 98/100 to 105/405 Total Length 12/457 Km in Gondia District in the state of Maharashtra on EPC Mode],12-Oct-2024 04:45 PM,Ministry of Road Transport and Highways||P6 Delhi - MoRTH||RO Mumbai - MoRTH||NH Maharashtra PWD-Nagpur - MoRTH,03-Oct-2025 05:00 PM,https://eprocure.gov.in/eprocure/app?component=%24DirectLink&page=FrontEndLatestActiveCorrigendums&service=direct&session=T&sp=SWyrAizqJ3uvGvmH2LeTg4Q%3D%3D
643,2024_MoRTH_829943_1,64,[Construction of Bypass Road to Phulbani town from km. 29.800 (Design ch. 0.0) to km. 39.000 (Design ch. 7.250 ) of NH-157 in the state of Odisha on EPC Mode],09-Oct-2024 06:55 PM,Ministry of Road Transport and Highways||P5 Delhi / LWE - MoRTH||RO Bhubaneswar - MoRTH||NH Odisha PWD-Kesinga - MoRTH,15-Nov-2025 12:00 PM,https://eprocure.gov.in/eprocure/app?component=%24DirectLink&page=FrontEndLatestActiveCorrigendums&service=direct&session=T&sp=SODzwOSv8CESFiY99CEkRtw%3D%3D
644,2024_MoRTH_829881_1,64,"[Widening, Reconstruction and Up-gradation to 2PLS configuration for the work of Bhimashankar-Taleghar- Wada- Rajgurunagar the State of Maharashtra on HAM.]",08-Oct-2024 06:55 PM,Ministry of Road Transport and Highways||P6 Delhi - MoRTH||RO Mumbai - MoRTH,30-Oct-2025 05:00 PM,https://eprocure.gov.in/eprocure/app?component=%24DirectLink&page=FrontEndLatestActiveCorrigendums&service=direct&session=T&sp=SwFQDN7K6JC6FhNRUTAl6VQ%3D%3D
645,2024_MoRTH_829893_1,64,[ Reconstruction and Up-gradation to 2LPS for the work of Junnar - Ghodegaon - Taleghar Road (NH-61 Spur) from km 13-880 to km 69-820 (Design length - 55.940 Km) in the state of Maharashtra on HAM.],08-Oct-2024 06:55 PM,Ministry of Road Transport and Highways||P6 Delhi - MoRTH||RO Mumbai - MoRTH,30-Oct-2025 05:00 PM,https://eprocure.gov.in/eprocure/app?component=%24DirectLink&page=FrontEndLatestActiveCorrigendums&service=direct&session=T&sp=Sxa1kkev5U2drXosb8n5z0g%3D%3D
646,2024_MoRTH_814994_1,64,[RFP FOR Construction of 4 lane Jaunpur Bypass from km 80.220 to km 107.780 of NH 135A Pkg I (Jaunpur Akbarpur Section) in the State of Uttar Pradesh on HAM Mode.],04-Jul-2024 06:55 PM,Ministry of Road Transport and Highways||P2 Delhi - MoRTH||RO Lucknow - MoRTH,16-Oct-2025 11:00 AM,https://eprocure.gov.in/eprocure/app?component=%24DirectLink&page=FrontEndLatestActiveCorrigendums&service=direct&session=T&sp=SEHgeC7NptY2hc7k1ilaMbQ%3D%3D
647,2024_MoRTH_813722_1,64,[Widening Re Construction to Four Lane from Km 0.000 to Km 15.870 Near Miriyan Telangana Karnataka Border  Chincholi Section of NH 167N in Kalaburagi District in the State of Karnataka on HAM under Annual Plan 2023 24 ],26-Jun-2024 06:00 PM,Ministry of Road Transport and Highways||P6 Delhi - MoRTH||RO Bangalore - MoRTH,13-Oct-2025 03:00 PM,https://eprocure.gov.in/eprocure/app?component=%24DirectLink&page=FrontEndLatestActiveCorrigendums&service=direct&session=T&sp=SvJqY9Q2lmynYdeAO%2BGlWeA%3D%3D
648,2024_MoRTH_813655_1,64,[Widening to Four Lane with Paved Shoulders from NH Chainage Km. 105.780 SH Chainage  Km. 537.500 to Km. 128.080 SH Chainange 559.800 Yedegowdanahalli to Arjunahalli section of NH-373 in the State of Karnataka on HAM under NHO Annual Plan 2023 24],26-Jun-2024 03:00 PM,Ministry of Road Transport and Highways||P6 Delhi - MoRTH||RO Bangalore - MoRTH,06-Oct-2025 03:00 PM,https://eprocure.gov.in/eprocure/app?component=%24DirectLink&page=FrontEndLatestActiveCorrigendums&service=direct&session=T&sp=SDnmz35KIE27KHB%2BEtmthvg%3D%3D
649,2024_MoRTH_811973_1,64,[Construction of Bypass to the Holenarasipura Town from Km 87.280 near Chikknahalli to Km 97.580 Near Hullahalli on NH 373 in the State of Karnataka on EPC mode ],14-Jun-2024 06:00 PM,Ministry of Road Transport and Highways||P6 Delhi - MoRTH||RO Bangalore - MoRTH,10-Oct-2025 03:00 PM,https://eprocure.gov.in/eprocure/app?component=%24DirectLink&page=FrontEndLatestActiveCorrigendums&service=direct&session=T&sp=ShLGPxsEk5IJc2YoIsCvnNg%3D%3D
650,2024_NMFCG_807660_1,64,[Appointment of Issuing Bank for a Letter of Credit],16-May-2024 05:15 PM,National Mission for Clean Ganga,30-Sep-2025 03:00 PM,https://eprocure.gov.in/eprocure/app?component=%24DirectLink&page=FrontEndLatestActiveCorrigendums&service=direct&session=T&sp=SFJ8LzUDy1JpdZ8e%2FV8gkow%3D%3D
651,2023_MoRTH_775194_1,65,[Rehabilitation and Upgradation of Nehru Nagar to Kothagudem Section to Two Lane Four Lane with Paved Shoulders from Km 178.500 to Km 230.580 of NH 930P in the State of Telangana on EPC Basis],07-Oct-2023 03:00 PM,Ministry of Road Transport and Highways||P7 Delh - MoRTH||RO Hyderabad - MoRTH,03-Nov-2025 03:00 PM,https://eprocure.gov.in/eprocure/app?component=%24DirectLink&page=FrontEndLatestActiveCorrigendums&service=direct&session=T&sp=SVq%2FzQCeRvN2QhCfMjoT6Dw%3D%3D
652,2023_MoRTH_775185_1,65,[Rehabilitation and Upgradation to 2 4 lane with paved shoulders from Km 79.300 to Km 87.360 and Km 88.437 to Km 93.819 of NH 167K Bridge Approaches of Iconic Bridge across river Krishna in the State of Telangana and Andhra Pradesh on EPC Basis.],07-Oct-2023 03:00 PM,Ministry of Road Transport and Highways||P7 Delh - MoRTH||RO Hyderabad - MoRTH,03-Nov-2025 03:00 PM,https://eprocure.gov.in/eprocure/app?component=%24DirectLink&page=FrontEndLatestActiveCorrigendums&service=direct&session=T&sp=SHiRN%2BrSN%2FYjeZrodLZxQUw%3D%3D
653,2023_MoRTH_775191_1,65,[Construction of Iconic Hybrid Cable Stayed and Suspension Bridge Across Krishna River on NH 167K Design Chainage km 87.360 to km 88.437 in the States of Telangana and Andhra Pradesh on EPC Basis],07-Oct-2023 03:00 PM,Ministry of Road Transport and Highways||P7 Delh - MoRTH||RO Hyderabad - MoRTH,03-Nov-2025 03:00 PM,https://eprocure.gov.in/eprocure/app?component=%24DirectLink&page=FrontEndLatestActiveCorrigendums&service=direct&session=T&sp=SPigj2E35ukOdPPy4Og0nfw%3D%3D
654,2023_MoRTH_771865_1,65,[Construction of Four Lane with paved shoulder of Bhagalpur Kharhara Village (Dhaka More) from Km 0.000 to KM 36.600 (Total length 36.600 Km) of NH-133E in the State of Bihar on EPC mode],15-Sep-2023 05:00 PM,Ministry of Road Transport and Highways,08-Oct-2025 04:00 PM,https://eprocure.gov.in/eprocure/app?component=%24DirectLink&page=FrontEndLatestActiveCorrigendums&service=direct&session=T&sp=SCLUXcCdH%2BzQDSdMcwPsWcA%3D%3D
655,2023_MoRTH_750739_1,65,[RFP for the work of Widening and Strengthening from Km 0.000 to Km 38.853 of NH-330D (Sitapur to Kurain Section) to two lane with paved shoulder configuration under EPC mode in the State of Uttar Pradesh. ],26-Apr-2023 06:55 PM,Ministry of Road Transport and Highways||P2 Delhi - MoRTH||RO Lucknow - MoRTH,29-Oct-2025 11:00 AM,https://eprocure.gov.in/eprocure/app?component=%24DirectLink&page=FrontEndLatestActiveCorrigendums&service=direct&session=T&sp=Sq%2BjwQfZqGKs3Ilkhmdm7Vw%3D%3D
